Workbook

Sheet 數值累積總表(月)
B1: 項目 | D1: 1月 | E1: 2月 | F1: 3月 | G1: 4月 | H1: 5月 | I1: 6月 | J1: 7月 | K1: 8月 | L1: 9月 | M1: 10月 | N1: 11月 | O1: 12月 | P1: 合計/平均
B2: （１）收支狀況 | C2: 業績金額(千元) | D2: 146299.94 | E2: 116569.43 | F2: 148838 | P2: =SUM(D2:O2) -> 411707.36
C3: 訂單數量 | D3: 4768701 | E3: 3787002 | F3: 5045753 | P3: =SUM(D3:O3) -> 13601456
C4: 材料費(千元) | D4: 93253 | E4: 74777 | F4: 93614 | P4: =SUM(D4:O4) -> 261644
C5: 材料費率(%) | D5: 0.655 | E5: 0.653 | F5: 0.648 | G5: =IFERROR(G4/G2, "") | H5: =IFERROR(H4/H2, "") | I5: =IFERROR(I4/I2, "") | J5: =IFERROR(J4/J2, "") | K5: =IFERROR(K4/K2, "") | L5: =IFERROR(L4/L2, "") | M5: =IFERROR(M4/M2, "") | N5: =IFERROR(N4/N2, "") | O5: =IFERROR(O4/O2, "") | P5: =AVERAGEIF(D5:O5, ">0") -> 0.652
C6: 勞務成本(千元) | D6: 22378 | E6: 22860 | F6: 22710 | P6: =SUM(D6:O6) -> 67948
C7: 勞務費率(%) | D7: 0.157 | E7: 0.2 | F7: 0.157 | G7: =IFERROR(G6/G2, "") | H7: =IFERROR(H6/H2, "") | I7: =IFERROR(I6/I2, "") | J7: =IFERROR(J6/J2, "") | K7: =IFERROR(K6/K2, "") | L7: =IFERROR(L6/L2, "") | M7: =IFERROR(M6/M2, "") | N7: =IFERROR(N6/N2, "") | O7: =IFERROR(O6/O2, "") | P7: =AVERAGEIF(D7:O7, ">0") -> 0.17133333
B9: （２）ＫＰＩ達成進度 | C9: 人時性KPI | D9: 497.6 | E9: 497.6 | F9: 497.6 | P9: =AVERAGEIF(D9:O9, ">0") -> 497.6
C10: 人時性(個/月均) | D10: 458.38414 | E10: 476.04172 | F10: 409.81563 | P10: =AVERAGEIF(D10:O10, ">0") -> 448.0805
C11: 人時達成率(%/月均) | D11: =IFERROR(D10/D9, "") -> 0.92118999 | E11: =IFERROR(E10/E9, "") -> 0.95667547 | F11: =IFERROR(F10/F9, "") -> 0.82358447 | G11: =IFERROR(G10/G9, "") | H11: =IFERROR(H10/H9, "") | I11: =IFERROR(I10/I9, "") | J11: =IFERROR(J10/J9, "") | K11: =IFERROR(K10/K9, "") | ... O11: =IFERROR(O10/O9, "") | P11: =AVERAGEIF(D11:O11, ">0") -> 0.90048331
C12: 半成品-報廢(%) | D12: 0.0024135432 | E12: 0.0023657636 | F12: 0.0020222248 | P12: =AVERAGEIF(D12:O12, ">0") -> 0.0022671772
C13: 半成品-超用(%) | D13: 0.0055994433 | E13: 0.0052393001 | F13: 0.0048799138 | P13: =AVERAGEIF(D13:O13, ">0") -> 0.0052395524
C14: 固定產線-導入率(%) | D14: 0.9 | E14: 0.9 | F14: 0.9 | P14: =AVERAGEIF(D14:O14, ">0") -> 0.9
C15: 教育訓練-實施率(%) | D15: 0.057692308 | E15: 0.13873626 | F15: 0.21960298 | P15: 0.2196
B17: （３）業績構成比 | C17: 18℃-飯糰(061,063) | D17: 0.36139567 | E17: 0.34737657 | F17: 0.36414345 | P17: =AVERAGEIF(D17:O17, ">0") -> 0.35763856
C18: 18℃-壽司手卷(071,072,075,076) | D18: 0.069633574 | E18: 0.077793665 | F18: 0.084480826 | P18: =AVERAGEIF(D18:O18, ">0") -> 0.077302689
C19: 4℃-飯糰(065) | D19: 0.022453222 | E19: 0.02167645 | F19: 0.02436516 | P19: =AVERAGEIF(D19:O19, ">0") -> 0.022831611
C20: 4℃-壽司手卷(077) | D20: 0.008585039 | E20: 0.0099523222 | F20: 0.014684918 | P20: =AVERAGEIF(D20:O20, ">0") -> 0.011074093
C21: 主食(091,092,093,094,095) | D21: 0.16215294 | E21: 0.18214708 | F21: 0.20289324 | P21: =AVERAGEIF(D21:O21, ">0") -> 0.18239775
C22: 便當(083) | D22: 0.27057088 | E22: 0.27529226 | F22: 0.29293399 | P22: =AVERAGEIF(D22:O22, ">0") -> 0.27959904
C23: 熱食義麵(122,123,124,126) | D23: 0.029234371 | E23: 0.0089796819 | F23: 0 | P23: =AVERAGEIF(D23:O23, ">0") -> 0.019107026
C24: 季節調理麵(111,112) | D24: 0.040564166 | E24: 0.040109499 | F24: 0.0016541185 | P24: =AVERAGEIF(D24:O24, ">0") -> 0.027442594
C25: 微波小吃(153,154,155) | D25: 0.035410133 | E25: 0.036672477 | F25: 0.01484429 | P25: =AVERAGEIF(D25:O25, ">0") -> 0.028975633
B27: （４）訂單數量構成比 | C27: 18℃-飯糰(061,063) | D27: 0.58577126 | E27: 0.57025346 | F27: 0.57640852 | P27: =AVERAGEIF(D27:O27, ">0") -> 0.57747775
C28: 18℃-壽司手卷(071,072,075,076) | D28: 0.081693946 | E28: 0.091615478 | F28: 0.10179987 | P28: =AVERAGEIF(D28:O28, ">0") -> 0.091703098
C29: 4℃-飯糰(065) | D29: 0.024966128 | E29: 0.023825971 | F29: 0.026809081 | P29: =AVERAGEIF(D29:O29, ">0") -> 0.025200393
C30: 4℃-壽司手卷(077) | D30: 0.0097963785 | E30: 0.011706622 | F30: 0.016401516 | P30: =AVERAGEIF(D30:O30, ">0") -> 0.012634839
C31: 主食(091,092,093,094,095) | D31: 0.089953008 | E31: 0.10114835 | F31: 0.11343936 | P31: =AVERAGEIF(D31:O31, ">0") -> 0.10151357
C32: 便當(083) | D32: 0.13708178 | E32: 0.14060779 | F32: 0.14223546 | P32: =AVERAGEIF(D32:O32, ">0") -> 0.13997501
C33: 熱食義麵(122,123,124,126) | D33: 0.015652481 | E33: 0.0048238686 | F33: 0 | P33: =AVERAGEIF(D33:O33, ">0") -> 0.010238175
C34: 季節調理麵(111,112) | D34: 0.022004735 | E34: 0.020902022 | F34: 0.00067918505 | P34: =AVERAGEIF(D34:O34, ">0") -> 0.014528647
C35: 微波小吃(153,154,155) | D35: 0.033080287 | E35: 0.035116432 | F35: 0.02222701 | P35: =AVERAGEIF(D35:O35, ">0") -> 0.030141243
B37: （５）品群別人時生產性 | C37: 18℃-飯糰(061,063) | D37: 768.96509 | E37: 774.12086 | F37: 757.59042 | P37: =AVERAGEIF(D37:O37, ">0") -> 766.89213
C38: 18℃-壽司手卷(071,072,075,076) | D38: 280.52358 | E38: 304.46478 | F38: 311.70582 | P38: =AVERAGEIF(D38:O38, ">0") -> 298.89806
C39: 4℃-飯糰(065) | D39: 258.56167 | E39: 203.24374 | F39: 331.13667 | P39: =AVERAGEIF(D39:O39, ">0") -> 264.31403
C40: 4℃-壽司手卷(077) | D40: 486.07171 | E40: 490.19814 | F40: 493.97618 | P40: =AVERAGEIF(D40:O40, ">0") -> 490.08201
C41: 主食(091,092,093,094,095) | D41: 82.669482 | E41: 81.452412 | F41: 79.949999 | P41: =AVERAGEIF(D41:O41, ">0") -> 81.357298
C42: 便當(083) | D42: 78.306367 | E42: 77.971323 | F42: 77.906797 | P42: =AVERAGEIF(D42:O42, ">0") -> 78.061495
C43: 熱食義麵(122,123,124,126) | D43: 76.250133 | E43: 72.949976 | F43: 0 | P43: =AVERAGEIF(D43:O43, ">0") -> 74.600054
C44: 季節調理麵(111,112) | D44: 110.8083 | E44: 97.157501 | F44: 84.601424 | P44: =AVERAGEIF(D44:O44, ">0") -> 97.52241
C45: 微波小吃(153,154,155) | D45: 76.123665 | E45: 77.592138 | F45: 83.044479 | P45: =AVERAGEIF(D45:O45, ">0") -> 78.920094

Sheet 生產管理報表(月)
A1: 大溪廠生產管理報表
A3: 月別 | B3: 4 | C3: 工廠 | D3: 大溪廠
A4: （１）收支狀況 | E4: ※單位：千元 | G4: （２）ＫＰＩ達成進度
A5: 項目 | B5: 當月 | C5: 前月 | D5: 差異 | E5: 累計 | G5: 項目 | H5: KPI | I5: 當月 | J5: 前月 | K5: 累計 | L5: ※補充
A6: 業績金額 | B6: ='（１）收支狀況'!#REF!/1000 -> #REF! | C6: ='數值累積總表(月)'!F2 -> 148838 | D6: =B6-C6 -> #REF! | E6: ='數值累積總表(月)'!P2 -> 411707.36 | G6: 人時性(個/月均) | H6: 497.6 | I6: ='（２）ＫＰＩ達成進度'!#REF! -> #REF! | J6: ='數值累積總表(月)'!F10 -> 409.81563 | K6: ='數值累積總表(月)'!P10 -> 448.0805 | L6: 個／MH
A7: 訂單數量 | B7: ='（１）收支狀況'!#REF! -> #REF! | C7: ='數值累積總表(月)'!F3 -> 5045753 | D7: =B7-C7 -> #REF! | E7: ='數值累積總表(月)'!P3 -> 13601456 | G7: 人時達成率(%/月均) | H7: 0.8 | I7: ='[1]（２）ＫＰＩ達成進度'!K10 -> 0.82360963 | J7: ='數值累積總表(月)'!F11 -> 0.82358447 | K7: ='數值累積總表(月)'!P11 -> 0.90048331 | L7: 達成率
A8: 材料費 | B8: 93614 | C8: ='數值累積總表(月)'!F4 -> 93614 | D8: =B8-C8 -> 0 | E8: ='數值累積總表(月)'!P4 -> 261644 | G8: 半成品-報廢(%) | H8: 0.0025 | I8: ='（２）ＫＰＩ達成進度'!#REF! -> #REF! | J8: ='數值累積總表(月)'!F12 -> 0.0020222248 | K8: ='數值累積總表(月)'!P12 -> 0.0022671772 | L8: 報廢率
A9: 材料費率 | B9: 0.648 | C9: ='數值累積總表(月)'!F5 -> 0.648 | D9: =B9-C9 -> 0 | E9: ='數值累積總表(月)'!P5 -> 0.652 | G9: 半成品-超用(%) | H9: 0.004 | I9: ='（２）ＫＰＩ達成進度'!#REF! -> #REF! | J9: ='數值累積總表(月)'!F13 -> 0.0048799138 | K9: ='數值累積總表(月)'!P13 -> 0.0052395524 | L9: 超用率
A10: 勞務成本 | B10: 22710 | C10: ='數值累積總表(月)'!F6 -> 22710 | D10: =B10-C10 -> 0 | E10: ='[1]數值累積總表(月)'!P6 -> 67948 | G10: 固定產線-導入率(%) | H10: 0.8 | I10: ='（２）ＫＰＩ達成進度'!#REF! -> #REF! | J10: ='數值累積總表(月)'!F14 -> 0.9 | K10: ='數值累積總表(月)'!P14 -> 0.9 | L10: 導入率
A11: 勞務費率 | B11: 0.157 | C11: ='數值累積總表(月)'!F7 -> 0.157 | D11: =B11-C11 -> 0 | E11: ='數值累積總表(月)'!P7 -> 0.17133333 | G11: 教育訓練-實施率(%) | H11: 1 | I11: ='（２）ＫＰＩ達成進度'!#REF! -> #REF! | J11: ='數值累積總表(月)'!F15 -> 0.21960298 | K11: ='數值累積總表(月)'!P15 -> 0.2196 | L11: 實施率
A13: （３）業績構成比 | E13: ※單位：千元 | G13: （４）訂單數量構成比 | K13: ※單位：個
B14: 當月 | C14: 比例 | D14: 前月 | E14: 差異 | H14: 當月 | I14: 比例 | J14: 前月 | K14: 差異
A15: 18℃-飯糰(061,063) | B15: =SUM('（３）業績構成比'!M7:M9)/1000 -> 6378.1459 | C15: =IFERROR(B15/$B$6,"") | D15: ='數值累積總表(月)'!F17 -> 0.36414345 | E15: =IFERROR(C15-D15,"") | G15: 18℃-飯糰(061,063) | H15: =SUM('（４）訂單數量構成比'!M7:M9) -> 321465 | I15: =IFERROR(H15/$B$7,"") | J15: ='數值累積總表(月)'!F27 -> 0.57640852 | K15: =IFERROR(I15-J15,"")
A16: 18℃-壽司手卷(071,072,075,076) | B16: =SUM('（３）業績構成比'!S7:S9)/1000 -> 761.65179 | C16: =IFERROR(B16/$B$6,"") | D16: ='數值累積總表(月)'!F18 -> 0.084480826 | E16: =IFERROR(C16-D16,"") | G16: 18℃-壽司手卷(071,072,075,076) | H16: =SUM('（４）訂單數量構成比'!S7:S9) -> 28968 | I16: =IFERROR(H16/$B$7,"") | J16: ='數值累積總表(月)'!F28 -> 0.10179987 | K16: =IFERROR(I16-J16,"")
A17: 4℃-飯糰(065) | B17: =SUM('（３）業績構成比'!U7:U9)/1000 -> 287.38825 | C17: =IFERROR(B17/$B$6,"") | D17: ='數值累積總表(月)'!F19 -> 0.02436516 | E17: =IFERROR(C17-D17,"") | G17: 4℃-飯糰(065) | H17: =SUM('（４）訂單數量構成比'!U7:U9) -> 10265 | I17: =IFERROR(H17/$B$7,"") | J17: ='數值累積總表(月)'!F29 -> 0.026809081 | K17: =IFERROR(I17-J17,"")
A18: 4℃-壽司手卷(077) | B18: =SUM('（３）業績構成比'!W7:W9)/1000 -> 372.33153 | C18: =IFERROR(B18/$B$6,"") | D18: ='數值累積總表(月)'!F20 -> 0.014684918 | E18: =IFERROR(C18-D18,"") | G18: 4℃-壽司手卷(077) | H18: =SUM('（４）訂單數量構成比'!W7:W9) -> 14490 | I18: =IFERROR(H18/$B$7,"") | J18: ='數值累積總表(月)'!F30 -> 0.016401516 | K18: =IFERROR(I18-J18,"")
A19: 主食(091,092,093,094,095) | B19: =SUM('（３）業績構成比'!AC7:AC9)/1000 -> 2169.0539 | C19: =IFERROR(B19/$B$6,"") | D19: ='數值累積總表(月)'!F21 -> 0.20289324 | E19: =IFERROR(C19-D19,"") | G19: 主食(091,092,093,094,095) | H19: =SUM('（４）訂單數量構成比'!AC7:AC9) -> 43187 | I19: =IFERROR(H19/$B$7,"") | J19: ='數值累積總表(月)'!F31 -> 0.11343936 | K19: =IFERROR(I19-J19,"")
A20: 便當(083) | B20: =SUM('（３）業績構成比'!AE7:AE9)/1000 -> 4154.9154 | C20: =IFERROR(B20/$B$6,"") | D20: ='數值累積總表(月)'!F22 -> 0.29293399 | E20: =IFERROR(C20-D20,"") | G20: 便當(083) | H20: =SUM('（４）訂單數量構成比'!AE7:AE9) -> 66980 | I20: =IFERROR(H20/$B$7,"") | J20: ='數值累積總表(月)'!F32 -> 0.14223546 | K20: =IFERROR(I20-J20,"")
A21: 熱食義麵(122,123,124,126) | B21: =SUM('（３）業績構成比'!AG7:AG9)/1000 -> 0 | C21: =IFERROR(B21/$B$6,"") | D21: ='數值累積總表(月)'!F23 -> 0 | E21: =IFERROR(C21-D21,"") | G21: 熱食義麵(122,123,124,126) | H21: =SUM('（４）訂單數量構成比'!AG7:AG9) -> 0 | I21: =IFERROR(H21/$B$7,"") | J21: ='數值累積總表(月)'!F33 -> 0 | K21: =IFERROR(I21-J21,"")
A22: 季節調理麵(111,112) | B22: =SUM('（３）業績構成比'!AI7:AI9)/1000 -> 2140.6655 | C22: =IFERROR(B22/$B$6,"") | D22: ='數值累積總表(月)'!F24 -> 0.0016541185 | E22: =IFERROR(C22-D22,"") | G22: 季節調理麵(111,112) | H22: =SUM('（４）訂單數量構成比'!AI7:AI9) -> 59298 | I22: =IFERROR(H22/$B$7,"") | J22: ='數值累積總表(月)'!F34 -> 0.00067918505 | K22: =IFERROR(I22-J22,"")
A23: 微波小吃(153,154,155) | B23: =SUM('（３）業績構成比'!AK7:AK9)/1000 -> 204.1314 | C23: =IFERROR(B23/$B$6,"") | D23: ='數值累積總表(月)'!F25 -> 0.01484429 | E23: =IFERROR(C23-D23,"") | G23: 微波小吃(153,154,155) | H23: =SUM('（４）訂單數量構成比'!AK7:AK9) -> 10362 | I23: =IFERROR(H23/$B$7,"") | J23: ='數值累積總表(月)'!F35 -> 0.02222701 | K23: =IFERROR(I23-J23,"")
C24: =SUM(C15:C23) -> 0 | D24: =SUM(D15:D23) -> 1 | I24: =SUM(I15:I23) -> 0 | J24: =SUM(J15:J23) -> 1
A26: （５）品群別人時生產性
A27: 品群 | B27: 當月 | C27: 前月 | D27: 差異 | E27: 累計
A28: 18℃-飯A15:A23糰(061,063) | B28: ='（５-1）品群別人時生產性(18℃-飯糰)'!C1 -> 754.59166 | C28: ='數值累積總表(月)'!F37 -> 757.59042 | D28: =B28-C28 -> -2.998764 | E28: ='數值累積總表(月)'!P37 -> 766.89213
A29: 18℃-壽司手卷(071,072,075,076) | B29: ='（５-2）品群別人時生產性(18℃-壽司手卷)'!C1 -> 323.81927 | C29: ='數值累積總表(月)'!F38 -> 311.70582 | D29: =B29-C29 -> 12.113446 | E29: ='數值累積總表(月)'!P38 -> 298.89806
A30: 4℃-飯糰(065) | B30: ='（５-3）品群別人時生產性(4℃-飯糰)'!C1 -> 346.03759 | C30: ='數值累積總表(月)'!F39 -> 331.13667 | D30: =B30-C30 -> 14.900923 | E30: ='數值累積總表(月)'!P39 -> 264.31403
A31: 4℃-壽司手卷(077) | B31: ='（５-4）品群別人時生產性(4℃-壽司手卷)'!C1 -> 353.15448 | C31: ='數值累積總表(月)'!F40 -> 493.97618 | D31: =B31-C31 -> -140.82171 | E31: ='數值累積總表(月)'!P40 -> 490.08201
A32: 主食(091,092,093,094,095) | B32: ='（５-5）品群別人時生產性(微波主食) '!C1 -> 85.277751 | C32: ='數值累積總表(月)'!F41 -> 79.949999 | D32: =B32-C32 -> 5.3277522 | E32: ='數值累積總表(月)'!P41 -> 81.357298
A33: 便當(083) | B33: ='（５-6）品群別人時生產性(便當)'!C1 -> 78.576002 | C33: ='數值累積總表(月)'!F42 -> 77.906797 | D33: =B33-C33 -> 0.66920481 | E33: ='數值累積總表(月)'!P42 -> 78.061495
A34: 熱食義麵(122,123,124,126) | B34: ='（５-7）品群別人時生產性(熱食義麵) '!C1 -> 0 | C34: ='數值累積總表(月)'!F43 -> 0 | D34: =B34-C34 -> 0 | E34: ='數值累積總表(月)'!P43 -> 74.600054
A35: 季節調理麵(111,112) | B35: ='（５-8）品群別人時生產性(季節調理麵) '!C1 -> 163.41538 | C35: ='數值累積總表(月)'!F44 -> 84.601424 | D35: =B35-C35 -> 78.813957 | E35: ='數值累積總表(月)'!P44 -> 97.52241
A36: 微波小吃(153,154,155) | B36: ='（５-9）品群別人時生產性(微波小吃)'!C1 -> 83.085237 | C36: ='數值累積總表(月)'!F45 -> 83.044479 | D36: =B36-C36 -> 0.040758728 | E36: ='數值累積總表(月)'!P45 -> 78.920094

Sheet 生產管理報表(週) 
A1: 大溪廠生產管理報表
A3: 月別 | B3: 5 | C3: 週別 | D3: W2 | E3: 工廠 | F3: 大溪廠
A4: （１）收支狀況 | E4: ※單位：千元 | G4: （２）ＫＰＩ達成進度
A5: 項目 | B5: 當週 | C5: 前週 | D5: 差異 | E5: 累計 | G5: 項目 | H5: KPI | I5: 當週 | J5: 前週 | K5: 累計 | L5: ※補充
A6: 業績金額 | B6: ='（１）收支狀況'!G12/1000 -> 38419.573 | C6: 37624.281 | D6: =B6-C6 -> 795.2914 | E6: ='（１）收支狀況'!H8:H8/1000 -> 59575.57 | G6: 人時性(個/月均) | H6: 442.4 | I6: ='（２）ＫＰＩ達成進度'!G12 -> 410.70345 | J6: 409.72046 | K6: ='（２）ＫＰＩ達成進度'!H8 -> 411.48779 | L6: 個／MH
A7: 訂單數量 | B7: ='（１）收支狀況'!J12 -> 1283685 | C7: 1262288 | D7: =B7-C7 -> 21397 | E7: ='（１）收支狀況'!K8:K8 -> 1990958 | G7: 人時達成率(%/月均) | H7: 0.8 | I7: ='（２）ＫＰＩ達成進度'!J12 -> 0.92835318 | J7: 0.92613124 | K7: ='（２）ＫＰＩ達成進度'!K8 -> 0.9301261 | L7: 達成率
A8: 材料費 | B8: ='（１）收支狀況'!M12/1000 -> 25686.053 | C8: 25299.965 | D8: =B8-C8 -> 386.08845 | E8: ='（１）收支狀況'!N8:N8/1000 -> 39856.822 | G8: 半成品-報廢(%) | H8: 0.0025 | I8: ='（２）ＫＰＩ達成進度'!M12 -> 0.0020046816 | J8: 0.0020023819 | K8: ='（２）ＫＰＩ達成進度'!N8 -> 0.0020045261 | L8: 報廢率
A9: 材料費率 | B9: ='（１）收支狀況'!P12 -> 0.66856686 | C9: 0.67243715 | D9: =B9-C9 -> -0.0038702939 | E9: ='（１）收支狀況'!Q8 -> 0.66901285 | G9: 半成品-超用(%) | H9: 0.004 | I9: ='（２）ＫＰＩ達成進度'!P12 -> 0.0061073691 | J9: 0.0053888197 | K9: ='（２）ＫＰＩ達成進度'!Q8 -> 0.0061668044 | L9: 超用率
A10: 勞務成本 | B10: ='（１）收支狀況'!S12/1000 -> 5512.6754 | C10: 5540.8399 | D10: =B10-C10 -> -28.164474 | E10: ='（１）收支狀況'!T8/1000 -> 8636.2906 | G10: 固定產線-導入率(%) | H10: 0.8 | I10: ='（２）ＫＰＩ達成進度'!S12 -> 0.9 | J10: 0.9 | K10: ='（２）ＫＰＩ達成進度'!T8 -> 0.9 | L10: 導入率
A11: 勞務費率 | B11: ='（１）收支狀況'!V12 -> 0.14348612 | C11: 0.14726766 | D11: =B11-C11 -> -0.0037815407 | E11: ='（１）收支狀況'!W8 -> 0.14496363 | G11: 教育訓練-實施率(%) | H11: 1 | I11: =19/52*100% -> 0.36538462 | J11: 0.34615385 | K11: ='（２）ＫＰＩ達成進度'!W8 -> 0.35839161 | L11: 實施率
A13: （３）業績構成比 | E13: ※單位：千元 | G13: （４）訂單數量構成比 | K13: ※單位：個
B14: 當週 | C14: 比例 | D14: 前週 | E14: 差異 | H14: 當週 | I14: 比例 | J14: 前週 | K14: 差異
A15: 18℃-飯糰(061,063) | B15: =SUM('（３）業績構成比'!M14:M20)/1000 -> 14747.475 | C15: =IFERROR(B15/$B$6,"") -> 0.38385318 | D15: 0.3882246 | E15: =IFERROR(C15-D15,"") -> -0.0043714178 | G15: 18℃-飯糰(061,063) | H15: =SUM('（４）訂單數量構成比'!M14:M20) -> 754370 | I15: =IFERROR(H15/$B$7,"") -> 0.58765975 | J15: 0.58526739 | K15: =IFERROR(I15-J15,"") -> 0.0023923577
A16: 18℃-壽司手卷(071,072,075,076) | B16: =SUM('（３）業績構成比'!S14:S20)/1000 -> 1887.4768 | C16: =IFERROR(B16/$B$6,"") -> 0.049128002 | D16: 0.045390189 | E16: =IFERROR(C16-D16,"") -> 0.0037378126 | G16: 18℃-壽司手卷(071,072,075,076) | H16: =SUM('（４）訂單數量構成比'!S14:S20) -> 71264 | I16: =IFERROR(H16/$B$7,"") -> 0.055515177 | J16: 0.051363873 | K16: =IFERROR(I16-J16,"") -> 0.0041513044
A17: 4℃-飯糰(065) | B17: =SUM('（３）業績構成比'!U14:U20)/1000 -> 665.12295 | C17: =IFERROR(B17/$B$6,"") -> 0.017312086 | D17: 0.017530048 | E17: =IFERROR(C17-D17,"") -> -0.00021796146 | G17: 4℃-飯糰(065) | H17: =SUM('（４）訂單數量構成比'!U14:U20) -> 23670 | I17: =IFERROR(H17/$B$7,"") -> 0.018439103 | J17: 0.018630455 | K17: =IFERROR(I17-J17,"") -> -0.00019135212
A18: 4℃-壽司手卷(077) | B18: =SUM('（３）業績構成比'!W14:W20)/1000 -> 318.23523 | C18: =IFERROR(B18/$B$6,"") -> 0.0082831538 | D18: 0.015801359 | E18: =IFERROR(C18-D18,"") -> -0.0075182051 | G18: 4℃-壽司手卷(077) | H18: =SUM('（４）訂單數量構成比'!W14:W20) -> 13593 | I18: =IFERROR(H18/$B$7,"") -> 0.010589046 | J18: 0.019002003 | K18: =IFERROR(I18-J18,"") -> -0.0084129563
A19: 主食(091,092,093,094,095) | B19: =SUM('（３）業績構成比'!AC14:AC20)/1000 -> 5644.4875 | C19: =IFERROR(B19/$B$6,"") -> 0.14691698 | D19: 0.1452857 | E19: =IFERROR(C19-D19,"") -> 0.0016312724 | G19: 主食(091,092,093,094,095) | H19: =SUM('（４）訂單數量構成比'!AC14:AC20) -> 108812 | I19: =IFERROR(H19/$B$7,"") -> 0.084765344 | J19: 0.085932846 | K19: =IFERROR(I19-J19,"") -> -0.0011675022
A20: 便當(083) | B20: =SUM('（３）業績構成比'!AE14:AE20)/1000 -> 10384.797 | C20: =IFERROR(B20/$B$6,"") -> 0.27029964 | D20: 0.2590831 | E20: =IFERROR(C20-D20,"") -> 0.011216541 | G20: 便當(083) | H20: =SUM('（４）訂單數量構成比'!AE14:AE20) -> 167336 | I20: =IFERROR(H20/$B$7,"") -> 0.13035597 | J20: 0.12460706 | K20: =IFERROR(I20-J20,"") -> 0.0057489047
A21: 熱食義麵(122,123,124,126) | B21: =SUM('（３）業績構成比'!AG14:AG20)/1000 -> 0 | C21: =IFERROR(B21/$B$6,"") -> 0 | D21: 0 | E21: =IFERROR(C21-D21,"") -> 0 | G21: 熱食義麵(122,123,124,126) | H21: =SUM('（４）訂單數量構成比'!AG14:AG20) -> 0 | I21: =IFERROR(H21/$B$7,"") -> 0 | J21: 0 | K21: =IFERROR(I21-J21,"") -> 0
A22: 季節調理麵(111,112) | B22: =SUM('（３）業績構成比'!AI14:AI20)/1000 -> 4268.1508 | C22: =IFERROR(B22/$B$6,"") -> 0.11109314 | D22: 0.11630871 | E22: =IFERROR(C22-D22,"") -> -0.0052155783 | G22: 季節調理麵(111,112) | H22: =SUM('（４）訂單數量構成比'!AI14:AI20) -> 119065 | I22: =IFERROR(H22/$B$7,"") -> 0.092752505 | J22: 0.096470853 | K22: =IFERROR(I22-J22,"") -> -0.0037183474
A23: 微波小吃(153,154,155) | B23: =SUM('（３）業績構成比'!AK14:AK20)/1000 -> 503.8275 | C23: =IFERROR(B23/$B$6,"") -> 0.013113824 | D23: 0.012376287 | E23: =IFERROR(C23-D23,"") -> 0.00073753672 | G23: 微波小吃(153,154,155) | H23: =SUM('（４）訂單數量構成比'!AK14:AK20) -> 25575 | I23: =IFERROR(H23/$B$7,"") -> 0.019923112 | J23: 0.018725521 | K23: =IFERROR(I23-J23,"") -> 0.0011975913
C24: =SUM(C15:C23) -> 1 | D24: =SUM(D15:D23) -> 1 | I24: =SUM(I15:I23) -> 1 | J24: =SUM(J15:J23) -> 1
A26: （５）品群別人時生產性
A27: 品群 | B27: 當週 | C27: 前週 | D27: 差異 | E27: 累計
A28: 18℃-飯糰(061,063) | B28: ='（５-1）品群別人時生產性(18℃-飯糰)'!L47 -> 754.59199 | C28: 754.59133 | D28: =B28-C28 -> 0.00065879724 | E28: ='（５-1）品群別人時生產性(18℃-飯糰)'!C1 -> 754.59166
A29: 18℃-壽司手卷(071,072,075,076) | B29: ='（５-2）品群別人時生產性(18℃-壽司手卷)'!L27 -> 328.28594 | C29: 319.35259 | D29: =B29-C29 -> 8.9333431 | E29: ='（５-2）品群別人時生產性(18℃-壽司手卷)'!C1 -> 323.81927
A30: 4℃-飯糰(065) | B30: ='（５-3）品群別人時生產性(4℃-飯糰)'!L27 -> 361.14748 | C30: 330.92771 | D30: =B30-C30 -> 30.219772 | E30: ='（５-3）品群別人時生產性(4℃-飯糰)'!C1 -> 346.03759
A31: 4℃-壽司手卷(077) | B31: ='（５-4）品群別人時生產性(4℃-壽司手卷)'!L27 -> 375.84262 | C31: 330.46633 | D31: =B31-C31 -> 45.376292 | E31: ='（５-4）品群別人時生產性(4℃-壽司手卷)'!C1 -> 353.15448
A32: 主食(091,092,093,094,095) | B32: ='（５-5）品群別人時生產性(微波主食) '!L27 -> 85.681574 | C32: 84.873929 | D32: =B32-C32 -> 0.80764537 | E32: ='（５-5）品群別人時生產性(微波主食) '!C1 -> 85.277751
A33: 便當(083) | B33: ='（５-6）品群別人時生產性(便當)'!L27 -> 78.595015 | C33: 78.556988 | D33: =B33-C33 -> 0.038026524 | E33: ='（５-6）品群別人時生產性(便當)'!C1 -> 78.576002
A34: 熱食義麵(122,123,124,126) | B34: ='（５-7）品群別人時生產性(熱食義麵) '!L27 -> 0 | C34: 0 | D34: =B34-C34 -> 0 | E34: ='（５-7）品群別人時生產性(熱食義麵) '!C1 -> 0
A35: 季節調理麵(111,112) | B35: ='（５-8）品群別人時生產性(季節調理麵) '!L27 -> 163.7605 | C35: 163.07027 | D35: =B35-C35 -> 0.69022972 | E35: ='（５-8）品群別人時生產性(季節調理麵) '!C1 -> 163.41538
A36: 微波小吃(153,154,155) | B36: ='（５-9）品群別人時生產性(微波小吃)'!L27 -> 83.069668 | C36: 83.100806 | D36: =B36-C36 -> -0.031137924 | E36: ='（５-9）品群別人時生產性(微波小吃)'!C1 -> 83.085237

Sheet （１）收支狀況
B2: （１）收支狀況
B3: 資料繳交日 | C3: 月份 | D3: 日期 | F3: 營業額(元) | I3: 訂單數量(個) | L3: 材料費(元) | O3: 材料費率（材料費／營業額） | R3: 勞務成本（全廠人事成本） | U3: 勞務費率（勞務成本／營業額）
F4: 日 | G4: 週累積 | H4: 月累積 | I4: 日 | J4: 週累積 | K4: 月累積 | L4: 日 | M4: 週累積 | N4: 月累積 | O4: 日 | P4: 週累積 | Q4: 月累積 | R4: 日 | S4: 週累積 | T4: 月累積 | U4: 日 | V4: 週累積 | W4: 月累積
B5: 46148 | D5: 46140 | E5: 二 | F5: 6434818.3 | G5: =SUM(F5:F11) -> 37624281 | I5: 214895 | J5: =SUM(I5:I11) -> 1262288 | L5: 4415081.4 | M5: =SUM(L5:L11) -> 25299965 | O5: =L5/F5 -> 0.68612371 | P5: =M5/G5 -> 0.67243715 | R5: 888285.35 | S5: =SUM(R5:R11) -> 5540839.9 | U5: =R5/F5 -> 0.13804358 | V5: =S5/G5 -> 0.14726766
D6: =D5+1 -> 46141 | E6: 三 | F6: 5586966.6 | I6: 189446 | L6: 3741194.1 | O6: =L6/F6 -> 0.66962887 | R6: 808748.23 | U6: =R6/F6 -> 0.14475623
D7: =D6+1 -> 46142 | E7: 四 | F7: 4446498.9 | I7: 150674 | L7: 2972920 | O7: =L7/F7 -> 0.66859794 | R7: 720191.12 | U7: =R7/F7 -> 0.16196813
C8: 五 | D8: =D7+1 -> 46143 | E8: 五 | F8: 4128529.6 | H8: =SUM(F8:F38) -> 59575570 | I8: 140738 | K8: =SUM(I8:I38) -> 1990958 | L8: 2836938.3 | N8: =SUM(L8:L38) -> 39856822 | O8: =L8/F8 -> 0.68715464 | Q8: =N8/H8 -> 0.66901285 | R8: 715052.78 | T8: =SUM(R8:R38) -> 8636290.6 | U8: =R8/F8 -> 0.17319793 | W8: =T8/H8 -> 0.14496363
D9: =D8+1 -> 46144 | E9: 六 | F9: 4422738.3 | I9: 150228 | L9: 2943355.2 | O9: =L9/F9 -> 0.66550515 | R9: 720724.18 | U9: =R9/F9 -> 0.16295881
D10: =D9+1 -> 46145 | E10: 日 | F10: 6472238.9 | I10: 212432 | L10: 4332663.5 | O10: =L10/F10 -> 0.66942268 | R10: 865468.5 | U10: =R10/F10 -> 0.13372011
D11: =D10+1 -> 46146 | E11: 一 | F11: 6132490.7 | I11: 203875 | L11: 4057812.2 | O11: =L11/F11 -> 0.66169072 | R11: 822369.74 | U11: =R11/F11 -> 0.13410045
B12: =B5+7 -> 46155 | D12: =D11+1 -> 46147 | E12: 二 | F12: 5984383.9 | G12: =SUM(F12:F18) -> 38419573 | I12: 198337 | J12: =SUM(I12:I18) -> 1283685 | L12: 4026441.6 | M12: =SUM(L12:L18) -> 25686053 | O12: =L12/F12 -> 0.67282474 | P12: =M12/G12 -> 0.66856686 | R12: 817348.36 | S12: =SUM(R12:R18) -> 5512675.4 | U12: =R12/F12 -> 0.1365802 | V12: =S12/G12 -> 0.14348612
D13: =D12+1 -> 46148 | E13: 三 | F13: 5601506.9 | I13: 188660 | L13: 3714549.8 | O13: =L13/F13 -> 0.66313402 | R13: 791562.49 | U13: =R13/F13 -> 0.14131242
D14: =D13+1 -> 46149 | E14: 四 | F14: 5146313.4 | I14: 175320 | L14: 3443997.8 | O14: =L14/F14 -> 0.66921649 | R14: 743044.16 | U14: =R14/F14 -> 0.14438378
D15: =D14+1 -> 46150 | E15: 五 | F15: 4462931.7 | I15: 151315 | L15: 3016113.7 | O15: =L15/F15 -> 0.67581443 | R15: 721133.71 | U15: =R15/F15 -> 0.16158296
D16: =D15+1 -> 46151 | E16: 六 | F16: 4779377.8 | I16: 161184 | L16: 3162469.9 | O16: =L16/F16 -> 0.66169072 | R16: 747478.39 | U16: =R16/F16 -> 0.15639659
D17: =D16+1 -> 46152 | E17: 日 | F17: 6245830.3 | I17: 206176 | L17: 4152125 | O17: =L17/F17 -> 0.66478351 | R17: 848777.17 | U17: =R17/F17 -> 0.13589501
D18: =D17+1 -> 46153 | E18: 一 | F18: 6199228.5 | I18: 202693 | L18: 4170355.2 | O18: =L18/F18 -> 0.67272165 | R18: 843331.15 | U18: =R18/F18 -> 0.13603808
B19: =B12+7 -> 46162 | D19: =D18+1 -> 46154 | E19: 二 | G19: =SUM(F19:F25) -> 0 | J19: =SUM(I19:I25) -> 0 | M19: =SUM(L19:L25) -> 0 | O19: =L19/F19 -> #DIV/0! | P19: =M19/G19 -> #DIV/0! | S19: =SUM(R19:R25) -> 0 | U19: =R19/F19 -> #DIV/0! | V19: =S19/G19 -> #DIV/0!
D20: =D19+1 -> 46155 | E20: 三 | O20: =L20/F20 -> #DIV/0! | U20: =R20/F20 -> #DIV/0!
D21: =D20+1 -> 46156 | E21: 四 | O21: =L21/F21 -> #DIV/0! | U21: =R21/F21 -> #DIV/0!
D22: =D21+1 -> 46157 | E22: 五 | O22: =L22/F22 -> #DIV/0! | U22: =R22/F22 -> #DIV/0!
D23: =D22+1 -> 46158 | E23: 六 | O23: =L23/F23 -> #DIV/0! | U23: =R23/F23 -> #DIV/0!
D24: =D23+1 -> 46159 | E24: 日 | O24: =L24/F24 -> #DIV/0! | U24: =R24/F24 -> #DIV/0!
D25: =D24+1 -> 46160 | E25: 一 | O25: =L25/F25 -> #DIV/0! | U25: =R25/F25 -> #DIV/0!
B26: =B19+7 -> 46169 | D26: =D25+1 -> 46161 | E26: 二 | G26: =SUM(F26:F32) -> 0 | J26: =SUM(I26:I32) -> 0 | M26: =SUM(L26:L32) -> 0 | O26: =L26/F26 -> #DIV/0! | P26: =M26/G26 -> #DIV/0! | S26: =SUM(R26:R32) -> 0 | U26: =R26/F26 -> #DIV/0! | V26: =S26/G26 -> #DIV/0!
D27: =D26+1 -> 46162 | E27: 三 | O27: =L27/F27 -> #DIV/0! | U27: =R27/F27 -> #DIV/0!
D28: =D27+1 -> 46163 | E28: 四 | O28: =L28/F28 -> #DIV/0! | U28: =R28/F28 -> #DIV/0!
D29: =D28+1 -> 46164 | E29: 五 | O29: =L29/F29 -> #DIV/0! | U29: =R29/F29 -> #DIV/0!
D30: =D29+1 -> 46165 | E30: 六 | O30: =L30/F30 -> #DIV/0! | U30: =R30/F30 -> #DIV/0!
D31: =D30+1 -> 46166 | E31: 日 | O31: =L31/F31 -> #DIV/0! | U31: =R31/F31 -> #DIV/0!
D32: =D31+1 -> 46167 | E32: 一 | O32: =L32/F32 -> #DIV/0! | U32: =R32/F32 -> #DIV/0!
B33: =B26+7 -> 46176 | D33: =D32+1 -> 46168 | E33: 二 | G33: =SUM(F33:F39) -> 0 | J33: =SUM(I33:I39) -> 0 | M33: =SUM(L33:L39) -> 0 | O33: =L33/F33 -> #DIV/0! | P33: =M33/G33 -> #DIV/0! | S33: =SUM(R33:R39) -> 0 | U33: =R33/F33 -> #DIV/0! | V33: =S33/G33 -> #DIV/0!
D34: =D33+1 -> 46169 | E34: 三 | O34: =L34/F34 -> #DIV/0! | U34: =R34/F34 -> #DIV/0!
D35: =D34+1 -> 46170 | E35: 四 | O35: =L35/F35 -> #DIV/0! | U35: =R35/F35 -> #DIV/0!
D36: =D35+1 -> 46171 | E36: 五 | O36: =L36/F36 -> #DIV/0! | U36: =R36/F36 -> #DIV/0!
D37: =D36+1 -> 46172 | E37: 六 | O37: =L37/F37 -> #DIV/0! | U37: =R37/F37 -> #DIV/0!
D38: =D37+1 -> 46173 | E38: 日 | O38: =L38/F38 -> #DIV/0! | U38: =R38/F38 -> #DIV/0!
C39: 六 | D39: =D38+1 -> 46174 | E39: 一 | O39: =L39/F39 -> #DIV/0! | U39: =R39/F39 -> #DIV/0!
B40: =B33+7 -> 46183 | D40: =D39+1 -> 46175 | E40: 二 | G40: =SUM(F40:F46) -> 0 | J40: =SUM(I40:I46) -> 0 | M40: =SUM(L40:L46) -> 0 | O40: =L40/F40 -> #DIV/0! | P40: =M40/G40 -> #DIV/0! | S40: =SUM(R40:R46) -> 0 | U40: =R40/F40 -> #DIV/0! | V40: =S40/G40 -> #DIV/0!
D41: =D40+1 -> 46176 | E41: 三 | O41: =L41/F41 -> #DIV/0! | U41: =R41/F41 -> #DIV/0!
D42: =D41+1 -> 46177 | E42: 四 | O42: =L42/F42 -> #DIV/0! | U42: =R42/F42 -> #DIV/0!
D43: =D42+1 -> 46178 | E43: 五 | O43: =L43/F43 -> #DIV/0! | U43: =R43/F43 -> #DIV/0!
D44: =D43+1 -> 46179 | E44: 六 | O44: =L44/F44 -> #DIV/0! | U44: =R44/F44 -> #DIV/0!
D45: =D44+1 -> 46180 | E45: 日 | O45: =L45/F45 -> #DIV/0! | U45: =R45/F45 -> #DIV/0!
D46: =D45+1 -> 46181 | E46: 一 | O46: =L46/F46 -> #DIV/0! | U46: =R46/F46 -> #DIV/0!
B47: =B40+7 -> 46190 | D47: =D46+1 -> 46182 | E47: 二 | G47: =SUM(F47:F53) -> 0 | J47: =SUM(I47:I53) -> 0 | M47: =SUM(L47:L53) -> 0 | O47: =L47/F47 -> #DIV/0! | P47: =M47/G47 -> #DIV/0! | S47: =SUM(R47:R53) -> 0 | U47: =R47/F47 -> #DIV/0! | V47: =S47/G47 -> #DIV/0!
D48: =D47+1 -> 46183 | E48: 三 | O48: =L48/F48 -> #DIV/0! | U48: =R48/F48 -> #DIV/0!
D49: =D48+1 -> 46184 | E49: 四 | O49: =L49/F49 -> #DIV/0! | U49: =R49/F49 -> #DIV/0!
D50: =D49+1 -> 46185 | E50: 五 | O50: =L50/F50 -> #DIV/0! | U50: =R50/F50 -> #DIV/0!
D51: =D50+1 -> 46186 | E51: 六 | O51: =L51/F51 -> #DIV/0! | U51: =R51/F51 -> #DIV/0!
D52: =D51+1 -> 46187 | E52: 日 | O52: =L52/F52 -> #DIV/0! | U52: =R52/F52 -> #DIV/0!
D53: =D52+1 -> 46188 | E53: 一 | O53: =L53/F53 -> #DIV/0! | U53: =R53/F53 -> #DIV/0!
B54: =B47+7 -> 46197 | D54: =D53+1 -> 46189 | E54: 二 | G54: =SUM(F54:F60) -> 0 | J54: =SUM(I54:I60) -> 0 | M54: =SUM(L54:L60) -> 0 | O54: =L54/F54 -> #DIV/0! | P54: =M54/G54 -> #DIV/0! | S54: =SUM(R54:R60) -> 0 | U54: =R54/F54 -> #DIV/0! | V54: =S54/G54 -> #DIV/0!
D55: =D54+1 -> 46190 | E55: 三 | O55: =L55/F55 -> #DIV/0! | U55: =R55/F55 -> #DIV/0!
D56: =D55+1 -> 46191 | E56: 四 | O56: =L56/F56 -> #DIV/0! | U56: =R56/F56 -> #DIV/0!
D57: =D56+1 -> 46192 | E57: 五 | O57: =L57/F57 -> #DIV/0! | U57: =R57/F57 -> #DIV/0!
D58: =D57+1 -> 46193 | E58: 六 | O58: =L58/F58 -> #DIV/0! | U58: =R58/F58 -> #DIV/0!
D59: =D58+1 -> 46194 | E59: 日 | O59: =L59/F59 -> #DIV/0! | U59: =R59/F59 -> #DIV/0!
D60: =D59+1 -> 46195 | E60: 一 | O60: =L60/F60 -> #DIV/0! | U60: =R60/F60 -> #DIV/0!
B61: =B54+7 -> 46204 | D61: =D60+1 -> 46196 | E61: 二 | G61: =SUM(F61:F67) -> 0 | J61: =SUM(I61:I67) -> 0 | M61: =SUM(L61:L67) -> 0 | O61: =L61/F61 -> #DIV/0! | P61: =M61/G61 -> #DIV/0! | S61: =SUM(R61:R67) -> 0 | U61: =R61/F61 -> #DIV/0! | V61: =S61/G61 -> #DIV/0!
D62: =D61+1 -> 46197 | E62: 三 | O62: =L62/F62 -> #DIV/0! | U62: =R62/F62 -> #DIV/0!
D63: =D62+1 -> 46198 | E63: 四 | O63: =L63/F63 -> #DIV/0! | U63: =R63/F63 -> #DIV/0!
D64: =D63+1 -> 46199 | E64: 五 | O64: =L64/F64 -> #DIV/0! | U64: =R64/F64 -> #DIV/0!
D65: =D64+1 -> 46200 | E65: 六 | O65: =L65/F65 -> #DIV/0! | U65: =R65/F65 -> #DIV/0!
D66: =D65+1 -> 46201 | E66: 日 | O66: =L66/F66 -> #DIV/0! | U66: =R66/F66 -> #DIV/0!
D67: =D66+1 -> 46202 | E67: 一 | O67: =L67/F67 -> #DIV/0! | U67: =R67/F67 -> #DIV/0!

Sheet （２）ＫＰＩ達成進度
B1: 人時生產性基準值 | C1: 442.4
B2: （２）ＫＰＩ達成進度
B3: 資料繳交日 | C3: 月份 | D3: 日期 | F3: 人時生產性(個/人) | I3: 人時生產性達成率(%) | L3: 半成品報廢(%) | O3: 半成品超用(%) | R3: 固定產線-導入率(固定產線數/總產線數) | U3: 教育訓練-實施率(進度/計畫)
F4: 日 | G4: 週平均 | H4: 月平均 | I4: 日 | J4: 週平均 | K4: 月平均 | L4: 日 | M4: 週平均 | N4: 月平均 | O4: 日 | P4: 週平均 | Q4: 月平均 | R4: 日 | S4: 週平均 | T4: 月平均 | U4: 日 | V4: 週平均 | W4: 月平均
B5: 46148 | D5: 46140 | E5: 二 | F5: 399.7543 | G5: =AVERAGE(F5:F11) -> 409.72046 | I5: =F5/$C$1 -> 0.90360376 | J5: =AVERAGE(I5:I11) -> 0.92613124 | L5: 0.0019999699 | M5: =AVERAGE(L5:L11) -> 0.0020023819 | O5: 0.0042745687 | P5: =AVERAGE(O5:O11) -> 0.0053888197 | R5: 0.9 | S5: =AVERAGE(R5:R11) -> 0.9 | U5: =18/52*100% -> 0.34615385 | V5: =AVERAGE(U5:U11) -> 0.34615385
D6: =D5+1 -> 46141 | E6: 三 | F6: 399.78289 | I6: =F6/$C$1 -> 0.90366837 | L6: 0.0020001055 | O6: 0.0041835264 | R6: 0.9 | U6: =18/52*100% -> 0.34615385
D7: =D6+1 -> 46142 | E7: 四 | F7: 417.06453 | I7: =F7/$C$1 -> 0.94273176 | L7: 0.001999582 | O7: 0.0041803774 | R7: 0.9 | U7: =18/52*100% -> 0.34615385
C8: 五 | D8: =D7+1 -> 46143 | E8: 五 | F8: 421.58555 | H8: =AVERAGEIF(F8:F38,"<>0") -> 411.48779 | I8: =F8/$C$1 -> 0.95295107 | K8: =AVERAGEIF(I8:I38,"<>0") -> 0.9301261 | L8: 0.0019983887 | N8: =AVERAGEIF(L8:L38,"<>0") -> 0.0020045261 | O8: 0.0064823776 | Q8: =AVERAGEIF(O8:O38,"<>0") -> 0.0061668044 | R8: 0.9 | T8: =AVERAGEIF(R8:R38,"<>0") -> 0.9 | U8: =18/52*100% -> 0.34615385 | W8: =AVERAGEIF(U8:U38,"<>0") -> 0.35839161
D9: =D8+1 -> 46144 | E9: 六 | F9: 423.28012 | I9: =F9/$C$1 -> 0.95678145 | L9: 0.00200407 | O9: 0.0063600143 | R9: 0.9 | U9: =18/52*100% -> 0.34615385
D10: =D9+1 -> 46145 | E10: 日 | F10: 403.2986 | I10: =F10/$C$1 -> 0.91161527 | L10: 0.002008357 | O10: 0.0061243973 | R10: 0.9 | U10: =18/52*100% -> 0.34615385
D11: =D10+1 -> 46146 | E11: 一 | F11: 403.27725 | I11: =F11/$C$1 -> 0.91156702 | L11: 0.0020062 | O11: 0.0061164763 | R11: 0.9 | U11: =18/52*100% -> 0.34615385
B12: =B5+7 -> 46155 | D12: =D11+1 -> 46147 | E12: 二 | F12: 403.07321 | G12: =AVERAGE(F12:F18) -> 410.70345 | I12: =F12/$C$1 -> 0.91110581 | J12: =AVERAGE(I12:I18) -> 0.92835318 | L12: 0.0020043146 | M12: =AVERAGE(L12:L18) -> 0.0020046816 | O12: 0.0060261623 | P12: =AVERAGE(O12:O18) -> 0.0061073691 | R12: 0.9 | S12: =AVERAGE(R12:R18) -> 0.9 | U12: =19/52*100% -> 0.36538462 | V12: =AVERAGE(U12:U18) -> 0.36538462
D13: =D12+1 -> 46148 | E13: 三 | F13: 403.85733 | I13: =F13/$C$1 -> 0.91287823 | L13: 0.0020041882 | O13: 0.0060278412 | R13: 0.9 | U13: =19/52*100% -> 0.36538462
D14: =D13+1 -> 46149 | E14: 四 | F14: 403.86519 | I14: =F14/$C$1 -> 0.91289599 | L14: 0.0020039731 | O14: 0.0062019901 | R14: 0.9 | U14: =19/52*100% -> 0.36538462
D15: =D14+1 -> 46150 | E15: 五 | F15: 405.06555 | I15: =F15/$C$1 -> 0.91560928 | L15: 0.0020003209 | O15: 0.0060802079 | R15: 0.9 | U15: =19/52*100% -> 0.36538462
D16: =D15+1 -> 46151 | E16: 六 | F16: 425.49494 | I16: =F16/$C$1 -> 0.96178784 | L16: 0.0019998526 | O16: 0.0061100532 | R16: 0.9 | U16: =19/52*100% -> 0.36538462
D17: =D16+1 -> 46152 | E17: 日 | F17: 426.57471 | I17: =F17/$C$1 -> 0.96422854 | L17: 0.0020079386 | O17: 0.0061516535 | R17: 0.9 | U17: =19/52*100% -> 0.36538462
D18: =D17+1 -> 46153 | E18: 一 | F18: 406.99321 | I18: =F18/$C$1 -> 0.91996656 | L18: 0.0020121832 | O18: 0.0061536753 | R18: 0.9 | U18: =19/52*100% -> 0.36538462
B19: =B12+7 -> 46162 | D19: =D18+1 -> 46154 | E19: 二 | G19: =AVERAGE(F19:F25) -> #DIV/0! | I19: =F19/$C$1 -> 0 | J19: =AVERAGE(I19:I25) -> 0 | M19: =AVERAGE(L19:L25) -> #DIV/0! | P19: =AVERAGE(O19:O25) -> #DIV/0! | S19: =AVERAGE(R19:R25) -> #DIV/0! | V19: =AVERAGE(U19:U25) -> #DIV/0!
D20: =D19+1 -> 46155 | E20: 三 | I20: =F20/$C$1 -> 0
D21: =D20+1 -> 46156 | E21: 四 | I21: =F21/$C$1 -> 0
D22: =D21+1 -> 46157 | E22: 五 | I22: =F22/$C$1 -> 0
D23: =D22+1 -> 46158 | E23: 六 | I23: =F23/$C$1 -> 0
D24: =D23+1 -> 46159 | E24: 日 | I24: =F24/$C$1 -> 0
D25: =D24+1 -> 46160 | E25: 一 | I25: =F25/$C$1 -> 0
B26: =B19+7 -> 46169 | D26: =D25+1 -> 46161 | E26: 二 | G26: =AVERAGE(F26:F32) -> #DIV/0! | I26: =F26/$C$1 -> 0 | J26: =AVERAGE(I26:I32) -> 0 | M26: =AVERAGE(L26:L32) -> #DIV/0! | P26: =AVERAGE(O26:O32) -> #DIV/0! | S26: =AVERAGE(R26:R32) -> #DIV/0! | V26: =AVERAGE(U26:U32) -> #DIV/0!
D27: =D26+1 -> 46162 | E27: 三 | I27: =F27/$C$1 -> 0
D28: =D27+1 -> 46163 | E28: 四 | I28: =F28/$C$1 -> 0
D29: =D28+1 -> 46164 | E29: 五 | I29: =F29/$C$1 -> 0
D30: =D29+1 -> 46165 | E30: 六 | I30: =F30/$C$1 -> 0
D31: =D30+1 -> 46166 | E31: 日 | I31: =F31/$C$1 -> 0
D32: =D31+1 -> 46167 | E32: 一 | I32: =F32/$C$1 -> 0
B33: =B26+7 -> 46176 | D33: =D32+1 -> 46168 | E33: 二 | G33: =AVERAGE(F33:F39) -> #DIV/0! | I33: =F33/$C$1 -> 0 | J33: =AVERAGE(I33:I39) -> 0 | M33: =AVERAGE(L33:L39) -> #DIV/0! | P33: =AVERAGE(O33:O39) -> #DIV/0! | S33: =AVERAGE(R33:R39) -> #DIV/0! | V33: =AVERAGE(U33:U39) -> #DIV/0!
D34: =D33+1 -> 46169 | E34: 三 | I34: =F34/$C$1 -> 0
D35: =D34+1 -> 46170 | E35: 四 | I35: =F35/$C$1 -> 0
D36: =D35+1 -> 46171 | E36: 五 | I36: =F36/$C$1 -> 0
D37: =D36+1 -> 46172 | E37: 六 | I37: =F37/$C$1 -> 0
D38: =D37+1 -> 46173 | E38: 日 | I38: =F38/$C$1 -> 0
D39: =D38+1 -> 46174 | E39: 一 | I39: =F39/$C$1 -> 0
B40: =B33+7 -> 46183 | D40: =D39+1 -> 46175 | E40: 二 | G40: =AVERAGE(F40:F46) -> #DIV/0! | I40: =F40/$C$1 -> 0 | J40: =AVERAGE(I40:I46) -> 0 | M40: =AVERAGE(L40:L46) -> #DIV/0! | P40: =AVERAGE(O40:O46) -> #DIV/0! | S40: =AVERAGE(R40:R46) -> #DIV/0! | V40: =AVERAGE(U40:U46) -> #DIV/0!
D41: =D40+1 -> 46176 | E41: 三 | I41: =F41/$C$1 -> 0
D42: =D41+1 -> 46177 | E42: 四 | I42: =F42/$C$1 -> 0
D43: =D42+1 -> 46178 | E43: 五 | I43: =F43/$C$1 -> 0
D44: =D43+1 -> 46179 | E44: 六 | I44: =F44/$C$1 -> 0
D45: =D44+1 -> 46180 | E45: 日 | I45: =F45/$C$1 -> 0
D46: =D45+1 -> 46181 | E46: 一 | I46: =F46/$C$1 -> 0
B47: =B40+7 -> 46190 | D47: =D46+1 -> 46182 | E47: 二 | G47: =AVERAGE(F47:F53) -> #DIV/0! | I47: =F47/$C$1 -> 0 | J47: =AVERAGE(I47:I53) -> 0 | M47: =AVERAGE(L47:L53) -> #DIV/0! | P47: =AVERAGE(O47:O53) -> #DIV/0! | S47: =AVERAGE(R47:R53) -> #DIV/0! | V47: =AVERAGE(U47:U53) -> #DIV/0!
D48: =D47+1 -> 46183 | E48: 三 | I48: =F48/$C$1 -> 0
D49: =D48+1 -> 46184 | E49: 四 | I49: =F49/$C$1 -> 0
D50: =D49+1 -> 46185 | E50: 五 | I50: =F50/$C$1 -> 0
D51: =D50+1 -> 46186 | E51: 六 | I51: =F51/$C$1 -> 0
D52: =D51+1 -> 46187 | E52: 日 | I52: =F52/$C$1 -> 0
D53: =D52+1 -> 46188 | E53: 一 | I53: =F53/$C$1 -> 0
B54: =B47+7 -> 46197 | D54: =D53+1 -> 46189 | E54: 二 | G54: =AVERAGE(F54:F60) -> #DIV/0! | I54: =F54/$C$1 -> 0 | J54: =AVERAGE(I54:I60) -> 0 | M54: =AVERAGE(L54:L60) -> #DIV/0! | P54: =AVERAGE(O54:O60) -> #DIV/0! | S54: =AVERAGE(R54:R60) -> #DIV/0! | V54: =AVERAGE(U54:U60) -> #DIV/0!
D55: =D54+1 -> 46190 | E55: 三 | I55: =F55/$C$1 -> 0
D56: =D55+1 -> 46191 | E56: 四 | I56: =F56/$C$1 -> 0
D57: =D56+1 -> 46192 | E57: 五 | I57: =F57/$C$1 -> 0
D58: =D57+1 -> 46193 | E58: 六 | I58: =F58/$C$1 -> 0
D59: =D58+1 -> 46194 | E59: 日 | I59: =F59/$C$1 -> 0
D60: =D59+1 -> 46195 | E60: 一 | I60: =F60/$C$1 -> 0
B61: =B54+7 -> 46204 | D61: =D60+1 -> 46196 | E61: 二 | G61: =AVERAGE(F61:F67) -> #DIV/0! | I61: =F61/$C$1 -> 0 | J61: =AVERAGE(I61:I67) -> 0 | M61: =AVERAGE(L61:L67) -> #DIV/0! | P61: =AVERAGE(O61:O67) -> #DIV/0! | S61: =AVERAGE(R61:R67) -> #DIV/0! | V61: =AVERAGE(U61:U67) -> #DIV/0!
D62: =D61+1 -> 46197 | E62: 三 | I62: =F62/$C$1 -> 0
D63: =D62+1 -> 46198 | E63: 四 | I63: =F63/$C$1 -> 0
D64: =D63+1 -> 46199 | E64: 五 | I64: =F64/$C$1 -> 0
D65: =D64+1 -> 46200 | E65: 六 | I65: =F65/$C$1 -> 0
D66: =D65+1 -> 46201 | E66: 日 | I66: =F66/$C$1 -> 0
D67: =D66+1 -> 46202 | E67: 一 | I67: =F67/$C$1 -> 0

Sheet （３）業績構成比
B2: （3）業績構成比
B3: 資料繳交日 | C3: 月份 | D3: 日期 | F3: 營業額 | I3: 品類業績
I4: 18℃-飯糰 | O4: 18℃-壽司手卷 | U4: 4℃-飯糰 | W4: 4℃-壽司手卷 | Y4: 主食 | AE4: 便當 | AG4: 熱食義麵 | AI4: 季節調理麵 | AK4: 微波小吃
F5: 日 | G5: 週累積 | H5: 月累積 | I5: 一配 | K5: 二配 | M5: 合計 | O5: 一配 | Q5: 二配 | S5: 合計 | U5: 一配 | W5: 一配 | Y5: 一配 | AA5: 二配 | AC5: 合計 | AE5: 一配 | AG5: 一配 | AI5: 一配 | AK5: 一配
I6: 業績(元) | J6: 比例(%) | K6: 業績(元) | L6: 比例(%) | M6: 業績(元) | N6: 比例(%) | O6: 業績(元) | P6: 比例(%) | Q6: 業績(元) | R6: 比例(%) | S6: 業績(元) | T6: 比例(%) | U6: 業績(元) | V6: 比例(%) | W6: 業績(元) | X6: 比例(%) | Y6: 業績(元) | Z6: 比例(%) | AA6: 業績(元) | AB6: 比例(%) | AC6: 業績(元) | AD6: 比例(%) | AE6: 業績(元) | AF6: 比例(%) | AG6: 業績(元) | AH6: 比例(%) | AI6: 業績(元) | AJ6: 比例(%) | AK6: 業績(元) | AL6: 比例(%)
B7: =D8+7 -> 46148 | D7: 46140 | E7: 二 | F7: =SUM(M7,S7,U7,W7,AC7,AE7,AG7,AI7,AK7) -> 6434818.3 | G7: =SUM(F7:F13) -> 37624281 | I7: 1196648 | J7: =I7/$F7 -> 0.18596453 | K7: 1283344.1 | L7: =K7/$F7 -> 0.19943751 | M7: =I7+K7 -> 2479992.1 | N7: =M7/$F7 -> 0.38540204 | O7: 293690.21 | P7: =O7/$F7 -> 0.045640793 | Q7: 0 | R7: =Q7/$F7 -> 0 | S7: =O7+Q7 -> 293690.21 | T7: =S7/$F7 -> 0.045640793 | U7: 106373.61 | V7: =U7/$F7 -> 0.016530942 | W7: 124844.22 | X7: =W7/$F7 -> 0.019401359 | Y7: 224979.51 | Z7: =Y7/$F7 -> 0.034962838 | AA7: 654753.21 | AB7: =AA7/$F7 -> 0.10175162 | AC7: =Y7+AA7 -> 879732.72 | AD7: =AC7/$F7 -> 0.13671446 | AE7: 1635891.8 | AF7: =AE7/F7 -> 0.25422501 | AG7: 0 | AH7: =AG7/$F7 -> 0 | AI7: 840773.25 | AJ7: =AI7/$F7 -> 0.13065998 | AK7: 73520.4 | AL7: =AK7/$F7 -> 0.011425404
D8: 46141 | E8: 三 | F8: =SUM(M8,S8,U8,W8,AC8,AE8,AG8,AI8,AK8) -> 5586966.6 | I8: 1152282.1 | J8: =I8/$F8 -> 0.20624468 | K8: 1052758.5 | L8: =K8/$F8 -> 0.18843114 | M8: =I8+K8 -> 2205040.6 | N8: =M8/F8 -> 0.39467583 | O8: 273819.69 | P8: =O8/$F8 -> 0.04901044 | Q8: 0 | R8: =Q8/$F8 -> 0 | S8: =O8+Q8 -> 273819.69 | T8: =S8/F8 -> 0.04901044 | U8: 96518.21 | V8: =U8/F8 -> 0.017275602 | W8: 143424.39 | X8: =W8/$F8 -> 0.025671245 | Y8: 174567.75 | Z8: =Y8/$F8 -> 0.031245533 | AA8: 510976.59 | AB8: =AA8/$F8 -> 0.091458681 | AC8: =Y8+AA8 -> 685544.34 | AD8: =AC8/$F8 -> 0.12270421 | AE8: 1433507.4 | AF8: =AE8/F8 -> 0.25658062 | AG8: 0 | AH8: =AG8/$F8 -> 0 | AI8: 685934.02 | AJ8: =AI8/$F8 -> 0.12277396 | AK8: 63177.9 | AL8: =AK8/$F8 -> 0.011308086
D9: 46142 | E9: 四 | F9: =SUM(M9,S9,U9,W9,AC9,AE9,AG9,AI9,AK9) -> 4446498.9 | I9: 762684.46 | J9: =I9/$F9 -> 0.17152472 | K9: 930428.7 | L9: =K9/$F9 -> 0.20924973 | M9: =I9+K9 -> 1693113.2 | N9: =M9/$F9 -> 0.38077445 | O9: 194141.89 | P9: =O9/$F9 -> 0.043661743 | Q9: 0 | R9: =Q9/$F9 -> 0 | S9: =O9+Q9 -> 194141.89 | T9: =S9/$F9 -> 0.043661743 | U9: 84496.43 | V9: =U9/$F9 -> 0.019002913 | W9: 104062.92 | X9: =W9/$F9 -> 0.023403339 | Y9: 149475.41 | Z9: =Y9/$F9 -> 0.033616428 | AA9: 454301.42 | AB9: =AA9/$F9 -> 0.10217059 | AC9: =Y9+AA9 -> 603776.83 | AD9: =AC9/$F9 -> 0.13578702 | AE9: 1085516.3 | AF9: =AE9/F9 -> 0.24412831 | AG9: 0 | AH9: =AG9/$F9 -> 0 | AI9: 613958.28 | AJ9: =AI9/$F9 -> 0.13807679 | AK9: 67433.1 | AL9: =AK9/$F9 -> 0.015165437
C10: 五 | D10: 46143 | E10: 五 | F10: =SUM(M10,S10,U10,W10,AC10,AE10,AG10,AI10,AK10) -> 4128529.6 | H10: =SUM(F10:F20) -> 59575570 | I10: 735223.63 | J10: =I10/$F10 -> 0.17808365 | K10: 904301.05 | L10: =K10/$F10 -> 0.21903708 | M10: =I10+K10 -> 1639524.7 | N10: =M10/F10 -> 0.39712073 | O10: 189738.31 | P10: =O10/$F10 -> 0.045957842 | Q10: 0 | R10: =Q10/$F10 -> 0 | S10: =O10+Q10 -> 189738.31 | T10: =S10/F10 -> 0.045957842 | U10: 74886.61 | V10: =U10/F10 -> 0.018138809 | W10: 51528.84 | X10: =W10/$F10 -> 0.01248116 | Y10: 153506.08 | Z10: =Y10/$F10 -> 0.03718178 | AA10: 528791.28 | AB10: =AA10/$F10 -> 0.12808223 | AC10: =Y10+AA10 -> 682297.36 | AD10: =AC10/$F10 -> 0.16526401 | AE10: 951820.67 | AF10: =AE10/F10 -> 0.23054714 | AG10: 0 | AH10: =AG10/$F10 -> 0 | AI10: 473191.21 | AJ10: =AI10/$F10 -> 0.11461495 | AK10: 65541.9 | AL10: =AK10/$F10 -> 0.015875362
D11: 46144 | E11: 六 | F11: =SUM(M11,S11,U11,W11,AC11,AE11,AG11,AI11,AK11) -> 4422738.3 | I11: 696928.85 | J11: =I11/$F11 -> 0.15757859 | K11: 1077661 | L11: =K11/$F11 -> 0.24366374 | M11: =I11+K11 -> 1774589.8 | N11: =M11/$F11 -> 0.40124233 | O11: 185451.79 | P11: =O11/$F11 -> 0.041931441 | Q11: 0 | R11: =Q11/$F11 -> 0 | S11: =O11+Q11 -> 185451.79 | T11: =S11/$F11 -> 0.041931441 | U11: 77677.25 | V11: =U11/$F11 -> 0.017563158 | W11: 43769.16 | X11: =W11/$F11 -> 0.0098963938 | Y11: 182174.93 | Z11: =Y11/$F11 -> 0.041190529 | AA11: 591196.37 | AB11: =AA11/$F11 -> 0.13367202 | AC11: =Y11+AA11 -> 773371.3 | AD11: =AC11/$F11 -> 0.17486255 | AE11: 1049970.1 | AF11: =AE11/F11 -> 0.23740271 | AG11: 0 | AH11: =AG11/$F11 -> 0 | AI11: 455262.94 | AJ11: =AI11/$F11 -> 0.10293689 | AK11: 62646 | AL11: =AK11/$F11 -> 0.014164528
D12: 46145 | E12: 日 | F12: =SUM(M12,S12,U12,W12,AC12,AE12,AG12,AI12,AK12) -> 6472238.9 | I12: 1156742.1 | J12: =I12/$F12 -> 0.17872364 | K12: 1287660.1 | L12: =K12/$F12 -> 0.19895127 | M12: =I12+K12 -> 2444402.2 | N12: =M12/F12 -> 0.37767491 | O12: 295800.71 | P12: =O12/$F12 -> 0.045702997 | Q12: 0 | R12: =Q12/$F12 -> 0 | S12: =O12+Q12 -> 295800.71 | T12: =S12/F12 -> 0.045702997 | U12: 113189.96 | V12: =U12/F12 -> 0.017488533 | W12: 63000.24 | X12: =W12/$F12 -> 0.0097339176 | Y12: 232813.77 | Z12: =Y12/$F12 -> 0.035971134 | AA12: 696145.05 | AB12: =AA12/$F12 -> 0.10755862 | AC12: =Y12+AA12 -> 928958.82 | AD12: =AC12/$F12 -> 0.14352975 | AE12: 1880462.7 | AF12: =AE12/F12 -> 0.29054285 | AG12: 0 | AH12: =AG12/$F12 -> 0 | AI12: 683482.69 | AJ12: =AI12/$F12 -> 0.1056022 | AK12: 62941.5 | AL12: =AK12/$F12 -> 0.009724842
D13: 46146 | E13: 一 | F13: =SUM(M13,S13,U13,W13,AC13,AE13,AG13,AI13,AK13) -> 6132490.7 | I13: 1117910.6 | J13: =I13/$F13 -> 0.18229309 | K13: 1252098.1 | L13: =K13/$F13 -> 0.20417448 | M13: =I13+K13 -> 2370008.7 | N13: =M13/$F13 -> 0.38646756 | O13: 275130.65 | P13: =O13/$F13 -> 0.044864422 | Q13: 0 | R13: =Q13/$F13 -> 0 | S13: =O13+Q13 -> 275130.65 | T13: =S13/$F13 -> 0.044864422 | U13: 106413.37 | V13: =U13/$F13 -> 0.01735239 | W13: 63885 | X13: =W13/$F13 -> 0.010417464 | Y13: 228328.94 | Z13: =Y13/$F13 -> 0.03723266 | AA13: 684259.9 | AB13: =AA13/$F13 -> 0.11157944 | AC13: =Y13+AA13 -> 912588.84 | AD13: =AC13/$F13 -> 0.1488121 | AE13: 1710646.6 | AF13: =AE13/F13 -> 0.2789481 | AG13: 0 | AH13: =AG13/$F13 -> 0 | AI13: 623429.36 | AJ13: =AI13/$F13 -> 0.10166006 | AK13: 70388.1 | AL13: =AK13/$F13 -> 0.011477898
B14: =D15+7 -> 46155 | D14: 46147 | E14: 二 | F14: =SUM(M14,S14,U14,W14,AC14,AE14,AG14,AI14,AK14) -> 5984383.9 | G14: =SUM(F14:F20) -> 38419573 | I14: 1056722.8 | J14: =I14/$F14 -> 0.17658004 | K14: 1211356.8 | L14: =K14/$F14 -> 0.20241962 | M14: =I14+K14 -> 2268079.5 | N14: =M14/$F14 -> 0.37899967 | O14: 289161.94 | P14: =O14/$F14 -> 0.048319416 | Q14: 0 | R14: =Q14/$F14 -> 0 | S14: =O14+Q14 -> 289161.94 | T14: =S14/$F14 -> 0.048319416 | U14: 96983.86 | V14: =U14/$F14 -> 0.016206156 | W14: 51599.28 | X14: =W14/$F14 -> 0.0086223211 | Y14: 223730.57 | Z14: =Y14/$F14 -> 0.037385731 | AA14: 660245.14 | AB14: =AA14/$F14 -> 0.110328 | AC14: =Y14+AA14 -> 883975.71 | AD14: =AC14/$F14 -> 0.14771374 | AE14: 1692750.4 | AF14: =AE14/F14 -> 0.28286126 | AG14: 0 | AH14: =AG14/$F14 -> 0 | AI14: 630913.25 | AJ14: =AI14/$F14 -> 0.1054266 | AK14: 70920 | AL14: =AK14/$F14 -> 0.011850844
D15: 46148 | E15: 三 | F15: =SUM(M15,S15,U15,W15,AC15,AE15,AG15,AI15,AK15) -> 5601506.9 | I15: 1042367.5 | J15: =I15/$F15 -> 0.18608698 | K15: 1158816.9 | L15: =K15/$F15 -> 0.20687592 | M15: =I15+K15 -> 2201184.4 | N15: =M15/F15 -> 0.3929629 | O15: 283443.26 | P15: =O15/$F15 -> 0.050601252 | Q15: 0 | R15: =Q15/$F15 -> 0 | S15: =O15+Q15 -> 283443.26 | T15: =S15/F15 -> 0.050601252 | U15: 94909.73 | V15: =U15/F15 -> 0.016943607 | W15: 58081.08 | X15: =W15/$F15 -> 0.010368831 | Y15: 195118.49 | Z15: =Y15/$F15 -> 0.034833214 | AA15: 608668.34 | AB15: =AA15/$F15 -> 0.10866154 | AC15: =Y15+AA15 -> 803786.83 | AD15: =AC15/$F15 -> 0.14349475 | AE15: 1525813.4 | AF15: =AE15/F15 -> 0.27239339 | AG15: 0 | AH15: =AG15/$F15 -> 0 | AI15: 556867.15 | AJ15: =AI15/$F15 -> 0.099413812 | AK15: 77421 | AL15: =AK15/$F15 -> 0.013821459
D16: 46149 | E16: 四 | F16: =SUM(M16,S16,U16,W16,AC16,AE16,AG16,AI16,AK16) -> 5146313.4 | I16: 1025270.3 | J16: =I16/$F16 -> 0.19922422 | K16: 1038831.9 | L16: =K16/$F16 -> 0.20185943 | M16: =I16+K16 -> 2064102.2 | N16: =M16/$F16 -> 0.40108365 | O16: 290629.81 | P16: =O16/$F16 -> 0.056473399 | Q16: 0 | R16: =Q16/$F16 -> 0 | S16: =O16+Q16 -> 290629.81 | T16: =S16/$F16 -> 0.056473399 | U16: 90950.97 | V16: =U16/$F16 -> 0.017673034 | W16: 54794.67 | X16: =W16/$F16 -> 0.010647364 | Y16: 184729.58 | Z16: =Y16/$F16 -> 0.035895517 | AA16: 503106.35 | AB16: =AA16/$F16 -> 0.097760535 | AC16: =Y16+AA16 -> 687835.93 | AD16: =AC16/$F16 -> 0.13365605 | AE16: 1344665.1 | AF16: =AE16/F16 -> 0.26128706 | AG16: 0 | AH16: =AG16/$F16 -> 0 | AI16: 540819.06 | AJ16: =AI16/$F16 -> 0.10508864 | AK16: 72515.7 | AL16: =AK16/$F16 -> 0.014090805
D17: 46150 | E17: 五 | F17: =SUM(M17,S17,U17,W17,AC17,AE17,AG17,AI17,AK17) -> 4462931.7 | I17: 777175.74 | J17: =I17/$F17 -> 0.17414018 | K17: 961676.78 | L17: =K17/$F17 -> 0.21548095 | M17: =I17+K17 -> 1738852.5 | N17: =M17/F17 -> 0.38962113 | O17: 226043.27 | P17: =O17/$F17 -> 0.050649054 | Q17: 0 | R17: =Q17/$F17 -> 0 | S17: =O17+Q17 -> 226043.27 | T17: =S17/F17 -> 0.050649054 | U17: 79333.32 | V17: =U17/F17 -> 0.017776055 | W17: 34375.92 | X17: =W17/$F17 -> 0.0077025422 | Y17: 173545.89 | Z17: =Y17/$F17 -> 0.038886073 | AA17: 503735.33 | AB17: =AA17/$F17 -> 0.11287095 | AC17: =Y17+AA17 -> 677281.22 | AD17: =AC17/$F17 -> 0.15175702 | AE17: 1077397.9 | AF17: =AE17/F17 -> 0.24141036 | AG17: 0 | AH17: =AG17/$F17 -> 0 | AI17: 559614.05 | AJ17: =AI17/$F17 -> 0.12539158 | AK17: 70033.5 | AL17: =AK17/$F17 -> 0.015692263
D18: 46151 | E18: 六 | F18: =SUM(M18,S18,U18,W18,AC18,AE18,AG18,AI18,AK18) -> 4779377.8 | I18: 749797.69 | J18: =I18/$F18 -> 0.15688186 | K18: 1107396.2 | L18: =K18/$F18 -> 0.23170301 | M18: =I18+K18 -> 1857193.9 | N18: =M18/$F18 -> 0.38858487 | O18: 219797.09 | P18: =O18/$F18 -> 0.045988642 | Q18: 0 | R18: =Q18/$F18 -> 0 | S18: =O18+Q18 -> 219797.09 | T18: =S18/$F18 -> 0.045988642 | U18: 85618.32 | V18: =U18/$F18 -> 0.017914114 | W18: 35587.35 | X18: =W18/$F18 -> 0.0074460216 | Y18: 199660.09 | Z18: =Y18/$F18 -> 0.041775332 | AA18: 505230.49 | AB18: =AA18/$F18 -> 0.10571052 | AC18: =Y18+AA18 -> 704890.58 | AD18: =AC18/$F18 -> 0.14748585 | AE18: 1227699.5 | AF18: =AE18/F18 -> 0.25687434 | AG18: 0 | AH18: =AG18/$F18 -> 0 | AI18: 581926.2 | AJ18: =AI18/$F18 -> 0.12175773 | AK18: 66664.8 | AL18: =AK18/$F18 -> 0.013948427
D19: 46152 | E19: 日 | F19: =SUM(M19,S19,U19,W19,AC19,AE19,AG19,AI19,AK19) -> 6245830.3 | I19: 1083630 | J19: =I19/$F19 -> 0.17349655 | K19: 1255020.9 | L19: =K19/$F19 -> 0.20093739 | M19: =I19+K19 -> 2338650.9 | N19: =M19/F19 -> 0.37443394 | O19: 295487.26 | P19: =O19/$F19 -> 0.047309524 | Q19: 0 | R19: =Q19/$F19 -> 0 | S19: =O19+Q19 -> 295487.26 | T19: =S19/F19 -> 0.047309524 | U19: 112838.37 | V19: =U19/F19 -> 0.018066192 | W19: 39317.61 | X19: =W19/$F19 -> 0.0062950173 | Y19: 228612.79 | Z19: =Y19/$F19 -> 0.036602466 | AA19: 562910.98 | AB19: =AA19/$F19 -> 0.090125884 | AC19: =Y19+AA19 -> 791523.77 | AD19: =AC19/$F19 -> 0.12672835 | AE19: 1848588.9 | AF19: =AE19/F19 -> 0.29597168 | AG19: 0 | AH19: =AG19/$F19 -> 0 | AI19: 752049.55 | AJ19: =AI19/$F19 -> 0.12040826 | AK19: 67374 | AL19: =AK19/$F19 -> 0.010787037
D20: 46153 | E20: 一 | F20: =SUM(M20,S20,U20,W20,AC20,AE20,AG20,AI20,AK20) -> 6199228.5 | I20: 1050325.2 | J20: =I20/$F20 -> 0.16942837 | K20: 1229086.5 | L20: =K20/$F20 -> 0.19826443 | M20: =I20+K20 -> 2279411.7 | N20: =M20/$F20 -> 0.3676928 | O20: 282914.21 | P20: =O20/$F20 -> 0.045637003 | Q20: 0 | R20: =Q20/$F20 -> 0 | S20: =O20+Q20 -> 282914.21 | T20: =S20/$F20 -> 0.045637003 | U20: 104488.38 | V20: =U20/$F20 -> 0.016855062 | W20: 44479.32 | X20: =W20/$F20 -> 0.0071749767 | Y20: 233551.78 | Z20: =Y20/$F20 -> 0.03767433 | AA20: 861641.65 | AB20: =AA20/$F20 -> 0.13899175 | AC20: =Y20+AA20 -> 1095193.4 | AD20: =AC20/$F20 -> 0.17666608 | AE20: 1667881.5 | AF20: =AE20/F20 -> 0.26904662 | AG20: 0 | AH20: =AG20/$F20 -> 0 | AI20: 645961.52 | AJ20: =AI20/$F20 -> 0.10420031 | AK20: 78898.5 | AL20: =AK20/$F20 -> 0.012727148

Sheet （４）訂單數量構成比
B2: （4）訂單數量構成比
B3: 資料繳交日 | C3: 月份 | D3: 日期 | F3: 訂單量 | I3: 品類訂單量
I4: 18℃-飯糰 | O4: 18℃-壽司手卷 | U4: 4℃-飯糰 | W4: 4℃-壽司手卷 | Y4: 主食 | AE4: 便當 | AG4: 熱食義麵 | AI4: 季節調理麵 | AK4: 微波小吃
F5: 日 | G5: 週累積 | H5: 月累積 | I5: 一配 | K5: 二配 | M5: 合計 | O5: 一配 | Q5: 二配 | S5: 合計 | U5: 一配 | W5: 一配 | Y5: 一配 | AA5: 二配 | AC5: 合計 | AE5: 一配 | AG5: 一配 | AI5: 一配 | AK5: 一配
I6: 訂單數 | J6: 比例(%) | K6: 訂單數 | L6: 比例(%) | M6: 訂單數 | N6: 比例(%) | O6: 訂單數 | P6: 比例(%) | Q6: 訂單數 | R6: 比例(%) | S6: 訂單數 | T6: 比例(%) | U6: 訂單數 | V6: 比例(%) | W6: 訂單數 | X6: 比例(%) | Y6: 訂單數 | Z6: 比例(%) | AA6: 訂單數 | AB6: 比例(%) | AC6: 訂單數 | AD6: 比例(%) | AE6: 訂單數 | AF6: 比例(%) | AG6: 訂單數 | AH6: 比例(%) | AI6: 訂單數 | AJ6: 比例(%) | AK6: 訂單數 | AL6: 比例(%)
B7: =#REF!+7 -> #REF! | D7: 46140 | E7: 二 | F7: =SUM(M7,S7,U7,W7,AC7,AE7,AG7,AI7,AK7) -> 214895 | G7: =SUM(F7:F13) -> 1262288 | I7: 56898 | J7: =I7/$F7 -> 0.26477117 | K7: 67514 | L7: =K7/$F7 -> 0.31417204 | M7: =I7+K7 -> 124412 | N7: =M7/$F7 -> 0.5789432 | O7: 11239 | P7: =O7/$F7 -> 0.05229996 | Q7: 0 | R7: =Q7/$F7 -> 0 | S7: =O7+Q7 -> 11239 | T7: =S7/$F7 -> 0.05229996 | U7: 3808 | V7: =U7/$F7 -> 0.017720282 | W7: 4795 | X7: =W7/$F7 -> 0.022313223 | Y7: 3963 | Z7: =Y7/$F7 -> 0.018441564 | AA7: 13498 | AB7: =AA7/$F7 -> 0.062812071 | AC7: =Y7+AA7 -> 17461 | AD7: =AC7/$F7 -> 0.081253635 | AE7: 26331 | AF7: =AE7/$F7 -> 0.12252961 | AG7: 0 | AH7: =AG7/$F7 -> 0 | AI7: 23117 | AJ7: =AI7/$F7 -> 0.10757347 | AK7: 3732 | AL7: =AK7/$F7 -> 0.017366621
D8: 46141 | E8: 三 | F8: =SUM(M8,S8,U8,W8,AC8,AE8,AG8,AI8,AK8) -> 189446 | I8: 54628 | J8: =I8/$F8 -> 0.28835658 | K8: 56301 | L8: =K8/$F8 -> 0.29718759 | M8: =I8+K8 -> 110929 | N8: =M8/$F8 -> 0.58554417 | O8: 10410 | P8: =O8/$F8 -> 0.054949695 | Q8: 0 | R8: =Q8/$F8 -> 0 | S8: =O8+Q8 -> 10410 | T8: =S8/$F8 -> 0.054949695 | U8: 3448 | V8: =U8/$F8 -> 0.018200437 | W8: 5590 | X8: =W8/$F8 -> 0.029507089 | Y8: 3075 | Z8: =Y8/$F8 -> 0.016231538 | AA8: 10603 | AB8: =AA8/$F8 -> 0.055968455 | AC8: =Y8+AA8 -> 13678 | AD8: =AC8/$F8 -> 0.072199994 | AE8: 23123 | AF8: =AE8/$F8 -> 0.12205589 | AG8: 0 | AH8: =AG8/$F8 -> 0 | AI8: 19061 | AJ8: =AI8/$F8 -> 0.10061442 | AK8: 3207 | AL8: =AK8/$F8 -> 0.016928307
D9: 46142 | E9: 四 | F9: =SUM(M9,S9,U9,W9,AC9,AE9,AG9,AI9,AK9) -> 150674 | I9: 36437 | J9: =I9/$F9 -> 0.24182673 | K9: 49687 | L9: =K9/$F9 -> 0.32976492 | M9: =I9+K9 -> 86124 | N9: =M9/$F9 -> 0.57159165 | O9: 7319 | P9: =O9/$F9 -> 0.048575069 | Q9: 0 | R9: =Q9/$F9 -> 0 | S9: =O9+Q9 -> 7319 | T9: =S9/$F9 -> 0.048575069 | U9: 3009 | V9: =U9/$F9 -> 0.019970267 | W9: 4105 | X9: =W9/$F9 -> 0.027244249 | Y9: 2633 | Z9: =Y9/$F9 -> 0.017474813 | AA9: 9415 | AB9: =AA9/$F9 -> 0.062485897 | AC9: =Y9+AA9 -> 12048 | AD9: =AC9/$F9 -> 0.07996071 | AE9: 17526 | AF9: =AE9/$F9 -> 0.11631735 | AG9: 0 | AH9: =AG9/$F9 -> 0 | AI9: 17120 | AJ9: =AI9/$F9 -> 0.11362279 | AK9: 3423 | AL9: =AK9/$F9 -> 0.022717921
C10: 五 | D10: 46143 | E10: 五 | F10: =SUM(M10,S10,U10,W10,AC10,AE10,AG10,AI10,AK10) -> 140738 | H10: =SUM(F10:F20) -> 1990958 | I10: 35108 | J10: =I10/$F10 -> 0.24945644 | K10: 47984 | L10: =K10/$F10 -> 0.34094559 | M10: =I10+K10 -> 83092 | N10: =M10/$F10 -> 0.59040202 | O10: 7180 | P10: =O10/$F10 -> 0.051016783 | Q10: 0 | R10: =Q10/$F10 -> 0 | S10: =O10+Q10 -> 7180 | T10: =S10/$F10 -> 0.051016783 | U10: 2658 | V10: =U10/$F10 -> 0.018886157 | W10: 2200 | X10: =W10/$F10 -> 0.015631883 | Y10: 2704 | Z10: =Y10/$F10 -> 0.019213006 | AA10: 10892 | AB10: =AA10/$F10 -> 0.077392033 | AC10: =Y10+AA10 -> 13596 | AD10: =AC10/$F10 -> 0.096605039 | AE10: 15422 | AF10: =AE10/$F10 -> 0.1095795 | AG10: 0 | AH10: =AG10/$F10 -> 0 | AI10: 13263 | AJ10: =AI10/$F10 -> 0.09423894 | AK10: 3327 | AL10: =AK10/$F10 -> 0.023639671
D11: 46144 | E11: 六 | F11: =SUM(M11,S11,U11,W11,AC11,AE11,AG11,AI11,AK11) -> 150228 | I11: 33372 | J11: =I11/$F11 -> 0.22214234 | K11: 56972 | L11: =K11/$F11 -> 0.37923689 | M11: =I11+K11 -> 90344 | N11: =M11/$F11 -> 0.60137924 | O11: 6959 | P11: =O11/$F11 -> 0.046322922 | Q11: 0 | R11: =Q11/$F11 -> 0 | S11: =O11+Q11 -> 6959 | T11: =S11/$F11 -> 0.046322922 | U11: 2800 | V11: =U11/$F11 -> 0.018638336 | W11: 1872 | X11: =W11/$F11 -> 0.012461059 | Y11: 3209 | Z11: =Y11/$F11 -> 0.021360865 | AA11: 12056 | AB11: =AA11/$F11 -> 0.080251351 | AC11: =Y11+AA11 -> 15265 | AD11: =AC11/$F11 -> 0.10161222 | AE11: 17040 | AF11: =AE11/$F11 -> 0.11342759 | AG11: 0 | AH11: =AG11/$F11 -> 0 | AI11: 12768 | AJ11: =AI11/$F11 -> 0.084990814 | AK11: 3180 | AL11: =AK11/$F11 -> 0.021167825
D12: 46145 | E12: 日 | F12: =SUM(M12,S12,U12,W12,AC12,AE12,AG12,AI12,AK12) -> 212432 | I12: 55360 | J12: =I12/$F12 -> 0.26060104 | K12: 68288 | L12: =K12/$F12 -> 0.32145816 | M12: =I12+K12 -> 123648 | N12: =M12/$F12 -> 0.5820592 | O12: 11280 | P12: =O12/$F12 -> 0.053099345 | Q12: 0 | R12: =Q12/$F12 -> 0 | S12: =O12+Q12 -> 11280 | T12: =S12/$F12 -> 0.053099345 | U12: 3993 | V12: =U12/$F12 -> 0.018796603 | W12: 2692 | X12: =W12/$F12 -> 0.01267229 | Y12: 4101 | Z12: =Y12/$F12 -> 0.019305001 | AA12: 14261 | AB12: =AA12/$F12 -> 0.06713207 | AC12: =Y12+AA12 -> 18362 | AD12: =AC12/$F12 -> 0.086437072 | AE12: 30259 | AF12: =AE12/$F12 -> 0.14244088 | AG12: 0 | AH12: =AG12/$F12 -> 0 | AI12: 19003 | AJ12: =AI12/$F12 -> 0.089454508 | AK12: 3195 | AL12: =AK12/$F12 -> 0.015040107
D13: 46146 | E13: 一 | F13: =SUM(M13,S13,U13,W13,AC13,AE13,AG13,AI13,AK13) -> 203875 | I13: 53553 | J13: =I13/$F13 -> 0.26267566 | K13: 66674 | L13: =K13/$F13 -> 0.32703372 | M13: =I13+K13 -> 120227 | N13: =M13/$F13 -> 0.58970938 | O13: 10449 | P13: =O13/$F13 -> 0.051251993 | Q13: 0 | R13: =Q13/$F13 -> 0 | S13: =O13+Q13 -> 10449 | T13: =S13/$F13 -> 0.051251993 | U13: 3801 | V13: =U13/$F13 -> 0.018643777 | W13: 2732 | X13: =W13/$F13 -> 0.013400368 | Y13: 4022 | Z13: =Y13/$F13 -> 0.019727774 | AA13: 14040 | AB13: =AA13/$F13 -> 0.068865727 | AC13: =Y13+AA13 -> 18062 | AD13: =AC13/$F13 -> 0.088593501 | AE13: 27589 | AF13: =AE13/$F13 -> 0.13532311 | AG13: 0 | AH13: =AG13/$F13 -> 0 | AI13: 17442 | AJ13: =AI13/$F13 -> 0.085552422 | AK13: 3573 | AL13: =AK13/$F13 -> 0.017525445
B14: =D15+7 -> 46155 | D14: 46147 | E14: 二 | F14: =SUM(M14,S14,U14,W14,AC14,AE14,AG14,AI14,AK14) -> 198337 | G14: =SUM(F14:F20) -> 1283685 | I14: 51170 | J14: =I14/$F14 -> 0.25799523 | K14: 64604 | L14: =K14/$F14 -> 0.32572843 | M14: =I14+K14 -> 115774 | N14: =M14/$F14 -> 0.58372366 | O14: 10926 | P14: =O14/$F14 -> 0.055088057 | Q14: 0 | R14: =Q14/$F14 -> 0 | S14: =O14+Q14 -> 10926 | T14: =S14/$F14 -> 0.055088057 | U14: 3463 | V14: =U14/$F14 -> 0.017460181 | W14: 2204 | X14: =W14/$F14 -> 0.0111124 | Y14: 3941 | Z14: =Y14/$F14 -> 0.019870221 | AA14: 13524 | AB14: =AA14/$F14 -> 0.068186975 | AC14: =Y14+AA14 -> 17465 | AD14: =AC14/$F14 -> 0.088057196 | AE14: 27258 | AF14: =AE14/$F14 -> 0.13743275 | AG14: 0 | AH14: =AG14/$F14 -> 0 | AI14: 17647 | AJ14: =AI14/$F14 -> 0.088974826 | AK14: 3600 | AL14: =AK14/$F14 -> 0.018150925
D15: =D14+1 -> 46148 | E15: 三 | F15: =SUM(M15,S15,U15,W15,AC15,AE15,AG15,AI15,AK15) -> 188660 | I15: 50301 | J15: =I15/$F15 -> 0.2666225 | K15: 61649 | L15: =K15/$F15 -> 0.32677303 | M15: =I15+K15 -> 111950 | N15: =M15/$F15 -> 0.59339553 | O15: 10750 | P15: =O15/$F15 -> 0.056980812 | Q15: 0 | R15: =Q15/$F15 -> 0 | S15: =O15+Q15 -> 10750 | T15: =S15/$F15 -> 0.056980812 | U15: 3404 | V15: =U15/$F15 -> 0.01804304 | W15: 2480 | X15: =W15/$F15 -> 0.013145341 | Y15: 3437 | Z15: =Y15/$F15 -> 0.018217958 | AA15: 12509 | AB15: =AA15/$F15 -> 0.066304463 | AC15: =Y15+AA15 -> 15946 | AD15: =AC15/$F15 -> 0.084522421 | AE15: 24611 | AF15: =AE15/$F15 -> 0.13045161 | AG15: 0 | AH15: =AG15/$F15 -> 0 | AI15: 15589 | AJ15: =AI15/$F15 -> 0.082630128 | AK15: 3930 | AL15: =AK15/$F15 -> 0.020831125
D16: =D15+1 -> 46149 | E16: 四 | F16: =SUM(M16,S16,U16,W16,AC16,AE16,AG16,AI16,AK16) -> 175320 | I16: 49517 | J16: =I16/$F16 -> 0.28243783 | K16: 55273 | L16: =K16/$F16 -> 0.31526922 | M16: =I16+K16 -> 104790 | N16: =M16/$F16 -> 0.59770705 | O16: 10999 | P16: =O16/$F16 -> 0.06273671 | Q16: 0 | R16: =Q16/$F16 -> 0 | S16: =O16+Q16 -> 10999 | T16: =S16/$F16 -> 0.06273671 | U16: 3266 | V16: =U16/$F16 -> 0.018628793 | W16: 2341 | X16: =W16/$F16 -> 0.013352726 | Y16: 3254 | Z16: =Y16/$F16 -> 0.018560347 | AA16: 10334 | AB16: =AA16/$F16 -> 0.058943646 | AC16: =Y16+AA16 -> 13588 | AD16: =AC16/$F16 -> 0.077503993 | AE16: 21569 | AF16: =AE16/$F16 -> 0.12302647 | AG16: 0 | AH16: =AG16/$F16 -> 0 | AI16: 15086 | AJ16: =AI16/$F16 -> 0.086048369 | AK16: 3681 | AL16: =AK16/$F16 -> 0.020995893
D17: =D16+1 -> 46150 | E17: 五 | F17: =SUM(M17,S17,U17,W17,AC17,AE17,AG17,AI17,AK17) -> 151315 | I17: 37424 | J17: =I17/$F17 -> 0.24732512 | K17: 51364 | L17: =K17/$F17 -> 0.33945081 | M17: =I17+K17 -> 88788 | N17: =M17/$F17 -> 0.58677593 | O17: 8469 | P17: =O17/$F17 -> 0.055969335 | Q17: 0 | R17: =Q17/$F17 -> 0 | S17: =O17+Q17 -> 8469 | T17: =S17/$F17 -> 0.055969335 | U17: 2801 | V17: =U17/$F17 -> 0.018511053 | W17: 1468 | X17: =W17/$F17 -> 0.0097016158 | Y17: 3057 | Z17: =Y17/$F17 -> 0.020202888 | AA17: 10274 | AB17: =AA17/$F17 -> 0.067898093 | AC17: =Y17+AA17 -> 13331 | AD17: =AC17/$F17 -> 0.088100981 | AE17: 17380 | AF17: =AE17/$F17 -> 0.11485973 | AG17: 0 | AH17: =AG17/$F17 -> 0 | AI17: 15523 | AJ17: =AI17/$F17 -> 0.10258732 | AK17: 3555 | AL17: =AK17/$F17 -> 0.023494036
D18: =D17+1 -> 46151 | E18: 六 | F18: =SUM(M18,S18,U18,W18,AC18,AE18,AG18,AI18,AK18) -> 161184 | I18: 36162 | J18: =I18/$F18 -> 0.22435229 | K18: 59339 | L18: =K18/$F18 -> 0.36814448 | M18: =I18+K18 -> 95501 | N18: =M18/$F18 -> 0.59249677 | O18: 8234 | P18: =O18/$F18 -> 0.051084475 | Q18: 0 | R18: =Q18/$F18 -> 0 | S18: =O18+Q18 -> 8234 | T18: =S18/$F18 -> 0.051084475 | U18: 3051 | V18: =U18/$F18 -> 0.018928678 | W18: 1521 | X18: =W18/$F18 -> 0.0094364205 | Y18: 3517 | Z18: =Y18/$F18 -> 0.021819784 | AA18: 9935 | AB18: =AA18/$F18 -> 0.061637632 | AC18: =Y18+AA18 -> 13452 | AD18: =AC18/$F18 -> 0.083457415 | AE18: 19828 | AF18: =AE18/$F18 -> 0.12301469 | AG18: 0 | AH18: =AG18/$F18 -> 0 | AI18: 16213 | AJ18: =AI18/$F18 -> 0.10058691 | AK18: 3384 | AL18: =AK18/$F18 -> 0.02099464
D19: =D18+1 -> 46152 | E19: 日 | F19: =SUM(M19,S19,U19,W19,AC19,AE19,AG19,AI19,AK19) -> 206176 | I19: 52910 | J19: =I19/$F19 -> 0.25662541 | K19: 67329 | L19: =K19/$F19 -> 0.3265608 | M19: =I19+K19 -> 120239 | N19: =M19/$F19 -> 0.58318621 | O19: 11202 | P19: =O19/$F19 -> 0.054332221 | Q19: 0 | R19: =Q19/$F19 -> 0 | S19: =O19+Q19 -> 11202 | T19: =S19/$F19 -> 0.054332221 | U19: 3981 | V19: =U19/$F19 -> 0.019308746 | W19: 1679 | X19: =W19/$F19 -> 0.0081435279 | Y19: 4027 | Z19: =Y19/$F19 -> 0.019531856 | AA19: 10888 | AB19: =AA19/$F19 -> 0.05280925 | AC19: =Y19+AA19 -> 14915 | AD19: =AC19/$F19 -> 0.072341107 | AE19: 29764 | AF19: =AE19/$F19 -> 0.1443621 | AG19: 0 | AH19: =AG19/$F19 -> 0 | AI19: 20976 | AJ19: =AI19/$F19 -> 0.10173832 | AK19: 3420 | AL19: =AK19/$F19 -> 0.01658777
D20: =D19+1 -> 46153 | E20: 一 | F20: =SUM(M20,S20,U20,W20,AC20,AE20,AG20,AI20,AK20) -> 202693 | I20: 51286 | J20: =I20/$F20 -> 0.25302304 | K20: 66042 | L20: =K20/$F20 -> 0.3258228 | M20: =I20+K20 -> 117328 | N20: =M20/$F20 -> 0.57884584 | O20: 10684 | P20: =O20/$F20 -> 0.052710256 | Q20: 0 | R20: =Q20/$F20 -> 0 | S20: =O20+Q20 -> 10684 | T20: =S20/$F20 -> 0.052710256 | U20: 3704 | V20: =U20/$F20 -> 0.018273941 | W20: 1900 | X20: =W20/$F20 -> 0.009373782 | Y20: 4114 | Z20: =Y20/$F20 -> 0.020296705 | AA20: 16001 | AB20: =AA20/$F20 -> 0.078942045 | AC20: =Y20+AA20 -> 20115 | AD20: =AC20/$F20 -> 0.09923875 | AE20: 26926 | AF20: =AE20/$F20 -> 0.13284129 | AG20: 0 | AH20: =AG20/$F20 -> 0 | AI20: 18031 | AJ20: =AI20/$F20 -> 0.088957191 | AK20: 4005 | AL20: =AK20/$F20 -> 0.019758946

Sheet （５-1）品群別人時生產性(18℃-飯糰)
B1: 5月平均人時性 | C1: =AVERAGE(L7,L47) -> 754.59166
B2: 產線配置圖－每週更新(0428-0504) | N2: 資料繳交 | O2: 日期 | P2: 46140 | U2: 46141 | Z2: 46142 | AE2: 46143 | AJ2: 46144 | AO2: 46145 | AT2: 46146
P3: 46140 | U3: 46141 | Z3: 46142 | AE3: 46143 | AJ3: 46144 | AO3: 46145 | AT3: 46146
B4: 品群 | C4: 商品名稱 | E4: 計畫 | H4: 平均人時性 | I4: 實績 (週平均) | L4: 平均人時性 | M4: 排名 | O4: 日報 | P4: 實際 | T4: 平均人時性 | U4: 實際 | Y4: 平均人時性 | Z4: 實際 | AD4: 平均人時性 | AE4: 實際 | AI4: 平均人時性 | AJ4: 實際 | AN4: 平均人時性 | AO4: 實際 | AS4: 平均人時性 | AT4: 實際 | AX4: 平均人時性
E5: 產線配置圖 | I5: 產線配置圖 | P5: 生產實績 | U5: 生產實績 | Z5: 生產實績 | AE5: 生產實績 | AJ5: 生產實績 | AO5: 生產實績 | AT5: 生產實績
E6: 人數 | F6: 產能／時 | G6: 人時性 | I6: 人數 | J6: 產能／時 | K6: 人時性 | P6: 人數 | Q6: 產能／時 | R6: 人時性 | S6: 排名 | U6: 人數 | V6: 產能／時 | W6: 人時性 | X6: 排名 | Z6: 人數 | AA6: 產能／時 | AB6: 人時性 | AC6: 排名 | AE6: 人數 | AF6: 產能／時 | AG6: 人時性 | AH6: 排名 | AJ6: 人數 | AK6: 產能／時 | AL6: 人時性 | AM6: 排名 | AO6: 人數 | AP6: 產能／時 | AQ6: 人時性 | AR6: 排名 | AT6: 人數 | AU6: 產能／時 | AV6: 人時性 | AW6: 排名
B7: 18℃-飯糰 | C7: 1 | D7: 一配鹽蔥燒肉飯糰 | E7: 4 | F7: 3600 | G7: =F7/E7 -> 900 | H7: =AVERAGE(G7:G41) -> 848.69464 | I7: =AVERAGE(P7,U7,Z7,AE7,AJ7,AO7,AT7) -> 4 | J7: =AVERAGE(Q7,V7,AA7,AF7,AK7,AP7,AU7) -> 3183.5771 | K7: =AVERAGE(R7,W7,AB7,AG7,AL7,AQ7,AV7) -> 795.89426 | L7: =IFERROR(AVERAGE(K7:K41),"-") -> 754.59133 | M7: =RANK(K7, K$7:$K$41) -> 17 | P7: 4 | Q7: 3179.3643 | R7: =IFERROR(Q7/P7,"") -> 794.84108 | S7: =RANK(R7, R$7:R$41) -> 17 | T7: =AVERAGE(R7:R41) -> 754.59534 | U7: 4 | V7: 3179.0043 | W7: =IFERROR(V7/U7,"") -> 794.75108 | X7: =RANK(W7, W$7:W$41) -> 17 | Y7: =AVERAGE(W7:W41) -> 754.62263 | Z7: 4 | AA7: 3184.6142 | AB7: =IFERROR(AA7/Z7,"") -> 796.15354 | AC7: =RANK(AB7, AB$7:AB$41) -> 16 | AD7: =AVERAGE(AB7:AB41) -> 754.7045 | AE7: 4 | AF7: 3184.6142 | AG7: =IFERROR(AF7/AE7,"") -> 796.15354 | AH7: =RANK(AG7, AG$7:AG$41) -> 16 | AI7: =AVERAGE(AG7:AG41) -> 754.61017 | AJ7: 4 | AK7: 3186.0542 | AL7: =IFERROR(AK7/AJ7,"") -> 796.51354 | AM7: =RANK(AL7, AL$7:AL$41) -> 15 | AN7: =AVERAGE(AL7:AL41) -> 754.60773 | AO7: 4 | AP7: 3186.4142 | AQ7: =IFERROR(AP7/AO7,"") -> 796.60354 | AR7: =RANK(AQ7, AQ$7:AQ$41) -> 15 | AS7: =AVERAGE(AQ7:AQ41) -> 754.5317 | AT7: 4 | AU7: 3184.9742 | AV7: =IFERROR(AU7/AT7,"") -> 796.24354 | AW7: =RANK(AV7, AV$7:AV$41) -> 16 | AX7: =AVERAGE(AV7:AV41) -> 754.46724
C8: 2 | D8: 一配鮪魚飯糰 | E8: 3 | F8: 3600 | G8: =F8/E8 -> 1200 | I8: =AVERAGE(P8,U8,Z8,AE8,AJ8,AO8,AT8) -> 3 | J8: =AVERAGE(Q8,V8,AA8,AF8,AK8,AP8,AU8) -> 3181.5653 | K8: =AVERAGE(R8,W8,AB8,AG8,AL8,AQ8,AV8) -> 1060.5218 | M8: =RANK(K8, K$7:$K$41) -> 6 | P8: 3 | Q8: 3182.6453 | R8: =IFERROR(Q8/P8,"") -> 1060.8818 | S8: =RANK(R8, R$7:R$41) -> 5 | U8: 3 | V8: 3181.9253 | W8: =IFERROR(V8/U8,"") -> 1060.6418 | X8: =RANK(W8, W$7:W$41) -> 6 | Z8: 3 | AA8: 3181.5653 | AB8: =IFERROR(AA8/Z8,"") -> 1060.5218 | AC8: =RANK(AB8, AB$7:AB$41) -> 6 | AE8: 3 | AF8: 3181.5653 | AG8: =IFERROR(AF8/AE8,"") -> 1060.5218 | AH8: =RANK(AG8, AG$7:AG$41) -> 6 | AJ8: 3 | AK8: 3181.5653 | AL8: =IFERROR(AK8/AJ8,"") -> 1060.5218 | AM8: =RANK(AL8, AL$7:AL$41) -> 6 | AO8: 3 | AP8: 3181.5653 | AQ8: =IFERROR(AP8/AO8,"") -> 1060.5218 | AR8: =RANK(AQ8, AQ$7:AQ$41) -> 6 | AT8: 3 | AU8: 3180.1253 | AV8: =IFERROR(AU8/AT8,"") -> 1060.0418 | AW8: =RANK(AV8, AV$7:AV$41) -> 6
C9: 3 | D9: 一配雞肉飯飯糰 | E9: 5 | F9: 3600 | G9: =F9/E9 -> 720 | I9: =AVERAGE(P9,U9,Z9,AE9,AJ9,AO9,AT9) -> 5 | J9: =AVERAGE(Q9,V9,AA9,AF9,AK9,AP9,AU9) -> 3185.2615 | K9: =AVERAGE(R9,W9,AB9,AG9,AL9,AQ9,AV9) -> 637.05231 | M9: =RANK(K9, K$7:$K$41) -> 24 | P9: 5 | Q9: 3183.6158 | R9: =IFERROR(Q9/P9,"") -> 636.72317 | S9: =RANK(R9, R$7:R$41) -> 24 | U9: 5 | V9: 3184.6958 | W9: =IFERROR(V9/U9,"") -> 636.93917 | X9: =RANK(W9, W$7:W$41) -> 24 | Z9: 5 | AA9: 3184.6958 | AB9: =IFERROR(AA9/Z9,"") -> 636.93917 | AC9: =RANK(AB9, AB$7:AB$41) -> 24 | AE9: 5 | AF9: 3186.1358 | AG9: =IFERROR(AF9/AE9,"") -> 637.22717 | AH9: =RANK(AG9, AG$7:AG$41) -> 24 | AJ9: 5 | AK9: 3185.0558 | AL9: =IFERROR(AK9/AJ9,"") -> 637.01117 | AM9: =RANK(AL9, AL$7:AL$41) -> 24 | AO9: 5 | AP9: 3185.7758 | AQ9: =IFERROR(AP9/AO9,"") -> 637.15517 | AR9: =RANK(AQ9, AQ$7:AQ$41) -> 24 | AT9: 5 | AU9: 3186.8558 | AV9: =IFERROR(AU9/AT9,"") -> 637.37117 | AW9: =RANK(AV9, AV$7:AV$41) -> 22
C10: 4 | D10: 一配壹號醬炙烤牛飯糰 | E10: 5 | F10: 3300 | G10: =F10/E10 -> 660 | I10: =AVERAGE(P10,U10,Z10,AE10,AJ10,AO10,AT10) -> 5 | J10: =AVERAGE(Q10,V10,AA10,AF10,AK10,AP10,AU10) -> 2952.0175 | K10: =AVERAGE(R10,W10,AB10,AG10,AL10,AQ10,AV10) -> 590.40349 | M10: =RANK(K10, K$7:$K$41) -> 27 | P10: 5 | Q10: 2951.6875 | R10: =IFERROR(Q10/P10,"") -> 590.33749 | S10: =RANK(R10, R$7:R$41) -> 27 | U10: 5 | V10: 2952.6775 | W10: =IFERROR(V10/U10,"") -> 590.53549 | X10: =RANK(W10, W$7:W$41) -> 27 | Z10: 5 | AA10: 2951.3575 | AB10: =IFERROR(AA10/Z10,"") -> 590.27149 | AC10: =RANK(AB10, AB$7:AB$41) -> 27 | AE10: 5 | AF10: 2952.0175 | AG10: =IFERROR(AF10/AE10,"") -> 590.40349 | AH10: =RANK(AG10, AG$7:AG$41) -> 27 | AJ10: 5 | AK10: 2952.6775 | AL10: =IFERROR(AK10/AJ10,"") -> 590.53549 | AM10: =RANK(AL10, AL$7:AL$41) -> 27 | AO10: 5 | AP10: 2952.3475 | AQ10: =IFERROR(AP10/AO10,"") -> 590.46949 | AR10: =RANK(AQ10, AQ$7:AQ$41) -> 27 | AT10: 5 | AU10: 2951.3575 | AV10: =IFERROR(AU10/AT10,"") -> 590.27149 | AW10: =RANK(AV10, AV$7:AV$41) -> 27
C11: 5 | D11: 一配明太子龍蝦風味沙拉飯糰 | E11: 3 | F11: 3600 | G11: =F11/E11 -> 1200 | I11: =AVERAGE(P11,U11,Z11,AE11,AJ11,AO11,AT11) -> 3 | J11: =AVERAGE(Q11,V11,AA11,AF11,AK11,AP11,AU11) -> 3183.204 | K11: =AVERAGE(R11,W11,AB11,AG11,AL11,AQ11,AV11) -> 1061.068 | M11: =RANK(K11, K$7:$K$41) -> 5 | P11: 3 | Q11: 3183.7183 | R11: =IFERROR(Q11/P11,"") -> 1061.2394 | S11: =RANK(R11, R$7:R$41) -> 4 | U11: 3 | V11: 3182.9983 | W11: =IFERROR(V11/U11,"") -> 1060.9994 | X11: =RANK(W11, W$7:W$41) -> 5 | Z11: 3 | AA11: 3184.4383 | AB11: =IFERROR(AA11/Z11,"") -> 1061.4794 | AC11: =RANK(AB11, AB$7:AB$41) -> 4 | AE11: 3 | AF11: 3183.3583 | AG11: =IFERROR(AF11/AE11,"") -> 1061.1194 | AH11: =RANK(AG11, AG$7:AG$41) -> 4 | AJ11: 3 | AK11: 3182.2783 | AL11: =IFERROR(AK11/AJ11,"") -> 1060.7594 | AM11: =RANK(AL11, AL$7:AL$41) -> 5 | AO11: 3 | AP11: 3182.2783 | AQ11: =IFERROR(AP11/AO11,"") -> 1060.7594 | AR11: =RANK(AQ11, AQ$7:AQ$41) -> 5 | AT11: 3 | AU11: 3183.3583 | AV11: =IFERROR(AU11/AT11,"") -> 1061.1194 | AW11: =RANK(AV11, AV$7:AV$41) -> 4
C12: 6 | D12: 一配贅沢鮭魚肚飯糰 | E12: 4 | F12: 3600 | G12: =F12/E12 -> 900 | I12: =AVERAGE(P12,U12,Z12,AE12,AJ12,AO12,AT12) -> 4 | J12: =AVERAGE(Q12,V12,AA12,AF12,AK12,AP12,AU12) -> 3184.1486 | K12: =AVERAGE(R12,W12,AB12,AG12,AL12,AQ12,AV12) -> 796.03714 | M12: =RANK(K12, K$7:$K$41) -> 16 | P12: 4 | Q12: 3186 | R12: =IFERROR(Q12/P12,"") -> 796.5 | S12: =RANK(R12, R$7:R$41) -> 16 | U12: 4 | V12: 3184.56 | W12: =IFERROR(V12/U12,"") -> 796.14 | X12: =RANK(W12, W$7:W$41) -> 16 | Z12: 4 | AA12: 3183.48 | AB12: =IFERROR(AA12/Z12,"") -> 795.87 | AC12: =RANK(AB12, AB$7:AB$41) -> 17 | AE12: 4 | AF12: 3184.2 | AG12: =IFERROR(AF12/AE12,"") -> 796.05 | AH12: =RANK(AG12, AG$7:AG$41) -> 17 | AJ12: 4 | AK12: 3183.48 | AL12: =IFERROR(AK12/AJ12,"") -> 795.87 | AM12: =RANK(AL12, AL$7:AL$41) -> 17 | AO12: 4 | AP12: 3182.76 | AQ12: =IFERROR(AP12/AO12,"") -> 795.69 | AR12: =RANK(AQ12, AQ$7:AQ$41) -> 17 | AT12: 4 | AU12: 3184.56 | AV12: =IFERROR(AU12/AT12,"") -> 796.14 | AW12: =RANK(AV12, AV$7:AV$41) -> 17
C13: 7 | D13: 一配蔬食鮪魚飯糰 | E13: 3 | F13: 3600 | G13: =F13/E13 -> 1200 | I13: =AVERAGE(P13,U13,Z13,AE13,AJ13,AO13,AT13) -> 3 | J13: =AVERAGE(Q13,V13,AA13,AF13,AK13,AP13,AU13) -> 3183.4373 | K13: =AVERAGE(R13,W13,AB13,AG13,AL13,AQ13,AV13) -> 1061.1458 | M13: =RANK(K13, K$7:$K$41) -> 4 | P13: 3 | Q13: 3181.5859 | R13: =IFERROR(Q13/P13,"") -> 1060.5286 | S13: =RANK(R13, R$7:R$41) -> 6 | U13: 3 | V13: 3183.3859 | W13: =IFERROR(V13/U13,"") -> 1061.1286 | X13: =RANK(W13, W$7:W$41) -> 4 | Z13: 3 | AA13: 3182.6659 | AB13: =IFERROR(AA13/Z13,"") -> 1060.8886 | AC13: =RANK(AB13, AB$7:AB$41) -> 5 | AE13: 3 | AF13: 3182.3059 | AG13: =IFERROR(AF13/AE13,"") -> 1060.7686 | AH13: =RANK(AG13, AG$7:AG$41) -> 5 | AJ13: 3 | AK13: 3183.7459 | AL13: =IFERROR(AK13/AJ13,"") -> 1061.2486 | AM13: =RANK(AL13, AL$7:AL$41) -> 4 | AO13: 3 | AP13: 3184.8259 | AQ13: =IFERROR(AP13/AO13,"") -> 1061.6086 | AR13: =RANK(AQ13, AQ$7:AQ$41) -> 2 | AT13: 3 | AU13: 3185.5459 | AV13: =IFERROR(AU13/AT13,"") -> 1061.8486 | AW13: =RANK(AV13, AV$7:AV$41) -> 2
C14: 8 | D14: 一配熟成紅鮭飯糰 | E14: 5 | F14: 3600 | G14: =F14/E14 -> 720 | I14: =AVERAGE(P14,U14,Z14,AE14,AJ14,AO14,AT14) -> 5 | J14: =AVERAGE(Q14,V14,AA14,AF14,AK14,AP14,AU14) -> 3186.4963 | K14: =AVERAGE(R14,W14,AB14,AG14,AL14,AQ14,AV14) -> 637.29926 | M14: =RANK(K14, K$7:$K$41) -> 23 | P14: 5 | Q14: 3187.422 | R14: =IFERROR(Q14/P14,"") -> 637.4844 | S14: =RANK(R14, R$7:R$41) -> 21 | U14: 5 | V14: 3185.982 | W14: =IFERROR(V14/U14,"") -> 637.1964 | X14: =RANK(W14, W$7:W$41) -> 23 | Z14: 5 | AA14: 3187.782 | AB14: =IFERROR(AA14/Z14,"") -> 637.5564 | AC14: =RANK(AB14, AB$7:AB$41) -> 22 | AE14: 5 | AF14: 3186.702 | AG14: =IFERROR(AF14/AE14,"") -> 637.3404 | AH14: =RANK(AG14, AG$7:AG$41) -> 22 | AJ14: 5 | AK14: 3185.982 | AL14: =IFERROR(AK14/AJ14,"") -> 637.1964 | AM14: =RANK(AL14, AL$7:AL$41) -> 23 | AO14: 5 | AP14: 3185.982 | AQ14: =IFERROR(AP14/AO14,"") -> 637.1964 | AR14: =RANK(AQ14, AQ$7:AQ$41) -> 23 | AT14: 5 | AU14: 3185.622 | AV14: =IFERROR(AU14/AT14,"") -> 637.1244 | AW14: =RANK(AV14, AV$7:AV$41) -> 23
C15: 9 | D15: 一配北海道秋鮭親子飯糰 | E15: 5 | F15: 3600 | G15: =F15/E15 -> 720 | I15: =AVERAGE(P15,U15,Z15,AE15,AJ15,AO15,AT15) -> 5 | J15: =AVERAGE(Q15,V15,AA15,AF15,AK15,AP15,AU15) -> 3187.0718 | K15: =AVERAGE(R15,W15,AB15,AG15,AL15,AQ15,AV15) -> 637.41437 | M15: =RANK(K15, K$7:$K$41) -> 22 | P15: 5 | Q15: 3187.7918 | R15: =IFERROR(Q15/P15,"") -> 637.55837 | S15: =RANK(R15, R$7:R$41) -> 20 | U15: 5 | V15: 3188.5118 | W15: =IFERROR(V15/U15,"") -> 637.70237 | X15: =RANK(W15, W$7:W$41) -> 20 | Z15: 5 | AA15: 3187.4318 | AB15: =IFERROR(AA15/Z15,"") -> 637.48637 | AC15: =RANK(AB15, AB$7:AB$41) -> 23 | AE15: 5 | AF15: 3187.7918 | AG15: =IFERROR(AF15/AE15,"") -> 637.55837 | AH15: =RANK(AG15, AG$7:AG$41) -> 21 | AJ15: 5 | AK15: 3187.0718 | AL15: =IFERROR(AK15/AJ15,"") -> 637.41437 | AM15: =RANK(AL15, AL$7:AL$41) -> 22 | AO15: 5 | AP15: 3185.9918 | AQ15: =IFERROR(AP15/AO15,"") -> 637.19837 | AR15: =RANK(AQ15, AQ$7:AQ$41) -> 22 | AT15: 5 | AU15: 3184.9118 | AV15: =IFERROR(AU15/AT15,"") -> 636.98237 | AW15: =RANK(AV15, AV$7:AV$41) -> 24
C16: 10 | D16: 一配經典肉鬆飯糰 | E16: 3 | F16: 3000 | G16: =F16/E16 -> 1000 | I16: =AVERAGE(P16,U16,Z16,AE16,AJ16,AO16,AT16) -> 3 | J16: =AVERAGE(Q16,V16,AA16,AF16,AK16,AP16,AU16) -> 2706.1844 | K16: =AVERAGE(R16,W16,AB16,AG16,AL16,AQ16,AV16) -> 902.06147 | M16: =RANK(K16, K$7:$K$41) -> 12 | P16: 3 | Q16: 2705.4987 | R16: =IFERROR(Q16/P16,"") -> 901.8329 | S16: =RANK(R16, R$7:R$41) -> 12 | U16: 3 | V16: 2704.8987 | W16: =IFERROR(V16/U16,"") -> 901.6329 | X16: =RANK(W16, W$7:W$41) -> 13 | Z16: 3 | AA16: 2706.0987 | AB16: =IFERROR(AA16/Z16,"") -> 902.0329 | AC16: =RANK(AB16, AB$7:AB$41) -> 12 | AE16: 3 | AF16: 2706.6987 | AG16: =IFERROR(AF16/AE16,"") -> 902.2329 | AH16: =RANK(AG16, AG$7:AG$41) -> 11 | AJ16: 3 | AK16: 2707.2987 | AL16: =IFERROR(AK16/AJ16,"") -> 902.4329 | AM16: =RANK(AL16, AL$7:AL$41) -> 11 | AO16: 3 | AP16: 2706.9987 | AQ16: =IFERROR(AP16/AO16,"") -> 902.3329 | AR16: =RANK(AQ16, AQ$7:AQ$41) -> 11 | AT16: 3 | AU16: 2705.7987 | AV16: =IFERROR(AU16/AT16,"") -> 901.9329 | AW16: =RANK(AV16, AV$7:AV$41) -> 12
C17: 11 | D17: 一配兩粒飯糰(鮪魚.焦糖鮭魚) | E17: 12 | F17: 3600 | G17: =F17/E17 -> 300 | I17: =AVERAGE(P17,U17,Z17,AE17,AJ17,AO17,AT17) -> 12 | J17: =AVERAGE(Q17,V17,AA17,AF17,AK17,AP17,AU17) -> 3124.1633 | K17: =AVERAGE(R17,W17,AB17,AG17,AL17,AQ17,AV17) -> 260.34694 | M17: =RANK(K17, K$7:$K$41) -> 32 | P17: 12 | Q17: 3123.1347 | R17: =IFERROR(Q17/P17,"") -> 260.26123 | S17: =RANK(R17, R$7:R$41) -> 32 | U17: 12 | V17: 3122.0547 | W17: =IFERROR(V17/U17,"") -> 260.17123 | X17: =RANK(W17, W$7:W$41) -> 32 | Z17: 12 | AA17: 3123.4947 | AB17: =IFERROR(AA17/Z17,"") -> 260.29123 | AC17: =RANK(AB17, AB$7:AB$41) -> 32 | AE17: 12 | AF17: 3123.8547 | AG17: =IFERROR(AF17/AE17,"") -> 260.32123 | AH17: =RANK(AG17, AG$7:AG$41) -> 32 | AJ17: 12 | AK17: 3124.9347 | AL17: =IFERROR(AK17/AJ17,"") -> 260.41123 | AM17: =RANK(AL17, AL$7:AL$41) -> 32 | AO17: 12 | AP17: 3125.6547 | AQ17: =IFERROR(AP17/AO17,"") -> 260.47123 | AR17: =RANK(AQ17, AQ$7:AQ$41) -> 31 | AT17: 12 | AU17: 3126.0147 | AV17: =IFERROR(AU17/AT17,"") -> 260.50123 | AW17: =RANK(AV17, AV$7:AV$41) -> 31
C18: 12 | D18: 一配鮭魚奶油醬油飯糰 | E18: 3 | F18: 3300 | G18: =F18/E18 -> 1100 | I18: =AVERAGE(P18,U18,Z18,AE18,AJ18,AO18,AT18) -> 3 | J18: =AVERAGE(Q18,V18,AA18,AF18,AK18,AP18,AU18) -> 2980.7698 | K18: =AVERAGE(R18,W18,AB18,AG18,AL18,AQ18,AV18) -> 993.58994 | M18: =RANK(K18, K$7:$K$41) -> 9 | P18: 3 | Q18: 2980.7227 | R18: =IFERROR(Q18/P18,"") -> 993.57422 | S18: =RANK(R18, R$7:R$41) -> 9 | U18: 3 | V18: 2979.7327 | W18: =IFERROR(V18/U18,"") -> 993.24422 | X18: =RANK(W18, W$7:W$41) -> 9 | Z18: 3 | AA18: 2981.0527 | AB18: =IFERROR(AA18/Z18,"") -> 993.68422 | AC18: =RANK(AB18, AB$7:AB$41) -> 9 | AE18: 3 | AF18: 2980.7227 | AG18: =IFERROR(AF18/AE18,"") -> 993.57422 | AH18: =RANK(AG18, AG$7:AG$41) -> 9 | AJ18: 3 | AK18: 2981.0527 | AL18: =IFERROR(AK18/AJ18,"") -> 993.68422 | AM18: =RANK(AL18, AL$7:AL$41) -> 9 | AO18: 3 | AP18: 2981.3827 | AQ18: =IFERROR(AP18/AO18,"") -> 993.79422 | AR18: =RANK(AQ18, AQ$7:AQ$41) -> 9 | AT18: 3 | AU18: 2980.7227 | AV18: =IFERROR(AU18/AT18,"") -> 993.57422 | AW18: =RANK(AV18, AV$7:AV$41) -> 9
C19: 13 | D19: 一配鹽蔥生鮭飯糰 | E19: 5 | F19: 3600 | G19: =F19/E19 -> 720 | I19: =AVERAGE(P19,U19,Z19,AE19,AJ19,AO19,AT19) -> 5 | J19: =AVERAGE(Q19,V19,AA19,AF19,AK19,AP19,AU19) -> 3187.6903 | K19: =AVERAGE(R19,W19,AB19,AG19,AL19,AQ19,AV19) -> 637.53807 | M19: =RANK(K19, K$7:$K$41) -> 21 | P19: 5 | Q19: 3187.1761 | R19: =IFERROR(Q19/P19,"") -> 637.43521 | S19: =RANK(R19, R$7:R$41) -> 23 | U19: 5 | V19: 3187.1761 | W19: =IFERROR(V19/U19,"") -> 637.43521 | X19: =RANK(W19, W$7:W$41) -> 22 | Z19: 5 | AA19: 3187.8961 | AB19: =IFERROR(AA19/Z19,"") -> 637.57921 | AC19: =RANK(AB19, AB$7:AB$41) -> 21 | AE19: 5 | AF19: 3186.4561 | AG19: =IFERROR(AF19/AE19,"") -> 637.29121 | AH19: =RANK(AG19, AG$7:AG$41) -> 23 | AJ19: 5 | AK19: 3187.8961 | AL19: =IFERROR(AK19/AJ19,"") -> 637.57921 | AM19: =RANK(AL19, AL$7:AL$41) -> 21 | AO19: 5 | AP19: 3189.3361 | AQ19: =IFERROR(AP19/AO19,"") -> 637.86721 | AR19: =RANK(AQ19, AQ$7:AQ$41) -> 20 | AT19: 5 | AU19: 3187.8961 | AV19: =IFERROR(AU19/AT19,"") -> 637.57921 | AW19: =RANK(AV19, AV$7:AV$41) -> 21
... C39: 33 | D39: 二配兩粒飯糰(鮪魚.焦糖鮭魚) | E39: 12 | F39: 3600 | G39: =F39/E39 -> 300 | I39: =AVERAGE(P39,U39,Z39,AE39,AJ39,AO39,AT39) -> 12 | J39: =AVERAGE(Q39,V39,AA39,AF39,AK39,AP39,AU39) -> 3126.0727 | K39: =AVERAGE(R39,W39,AB39,AG39,AL39,AQ39,AV39) -> 260.50606 | M39: =RANK(K39, K$7:$K$41) -> 31 | P39: 12 | Q39: 3126.4138 | R39: =IFERROR(Q39/P39,"") -> 260.53448 | S39: =RANK(R39, R$7:R$41) -> 31 | U39: 12 | V39: 3126.4138 | W39: =IFERROR(V39/U39,"") -> 260.53448 | X39: =RANK(W39, W$7:W$41) -> 31 | Z39: 12 | AA39: 3125.3338 | AB39: =IFERROR(AA39/Z39,"") -> 260.44448 | AC39: =RANK(AB39, AB$7:AB$41) -> 31 | AE39: 12 | AF39: 3126.4138 | AG39: =IFERROR(AF39/AE39,"") -> 260.53448 | AH39: =RANK(AG39, AG$7:AG$41) -> 31 | AJ39: 12 | AK39: 3126.5779 | AL39: =IFERROR(AK39/AJ39,"") -> 260.54816 | AM39: =RANK(AL39, AL$7:AL$41) -> 31 | AO39: 12 | AP39: 3125.4979 | AQ39: =IFERROR(AP39/AO39,"") -> 260.45816 | AR39: =RANK(AQ39, AQ$7:AQ$41) -> 32 | AT39: 12 | AU39: 3125.8579 | AV39: =IFERROR(AU39/AT39,"") -> 260.48816 | AW39: =RANK(AV39, AV$7:AV$41) -> 32
C40: 34
C41: 35
B42: 產線配置圖－每週更新(0505-0511) | N42: 資料繳交 | O42: 日期 | P42: 46147 | U42: 46148 | Z42: 46149 | AE42: 46150 | AJ42: 46151 | AO42: 46152 | AT42: 46153
P43: 46147 | U43: 46148 | Z43: 46149 | AE43: 46150 | AJ43: 46151 | AO43: 46152 | AT43: 46153
B44: 品群 | C44: 商品名稱 | E44: 計畫 | H44: 平均人時性 | I44: 實績 (週平均) | L44: 平均人時性 | M44: 排名 | O44: 日報 | P44: 實際 | T44: 平均人時性 | U44: 實際 | Y44: 平均人時性 | Z44: 實際 | AD44: 平均人時性 | AE44: 實際 | AI44: 平均人時性 | AJ44: 實際 | AN44: 平均人時性 | AO44: 實際 | AS44: 平均人時性 | AT44: 實際 | AX44: 平均人時性
E45: 產線配置圖 | I45: 產線配置圖 | P45: 生產實績 | U45: 生產實績 | Z45: 生產實績 | AE45: 生產實績 | AJ45: 生產實績 | AO45: 生產實績 | AT45: 生產實績
E46: 人數 | F46: 產能／時 | G46: 人時性 | I46: 人數 | J46: 產能／時 | K46: 人時性 | P46: 人數 | Q46: 產能／時 | R46: 人時性 | S46: 排名 | U46: 人數 | V46: 產能／時 | W46: 人時性 | X46: 排名 | Z46: 人數 | AA46: 產能／時 | AB46: 人時性 | AC46: 排名 | AE46: 人數 | AF46: 產能／時 | AG46: 人時性 | AH46: 排名 | AJ46: 人數 | AK46: 產能／時 | AL46: 人時性 | AM46: 排名 | AO46: 人數 | AP46: 產能／時 | AQ46: 人時性 | AR46: 排名 | AT46: 人數 | AU46: 產能／時 | AV46: 人時性 | AW46: 排名
B47: 18℃-飯糰 | C47: 1 | D47: 一配鹽蔥燒肉飯糰 | E47: 4 | F47: 3600 | G47: =F47/E47 -> 900 | H47: =AVERAGE(G47:G81) -> 848.69464 | I47: =AVERAGE(P47,U47,Z47,AE47,AJ47,AO47,AT47) -> 4 | J47: =AVERAGE(Q47,V47,AA47,AF47,AK47,AP47,AU47) -> 3185.3856 | K47: =AVERAGE(R47,W47,AB47,AG47,AL47,AQ47,AV47) -> 796.3464 | L47: =IFERROR(AVERAGE(K47:K81),"-") -> 754.59199 | M47: =RANK(K47, K$47:$K$82) -> 15 | P47: 4 | Q47: 3185.3342 | R47: =IFERROR(Q47/P47,"") -> 796.33354 | S47: =RANK(R47, R$47:R$82) -> 16 | T47: =AVERAGE(R47:R81) -> 754.48647 | U47: 4 | V47: 3186.4142 | W47: =IFERROR(V47/U47,"") -> 796.60354 | X47: =RANK(W47, W$47:W$82) -> 16 | Y47: =AVERAGE(W47:W81) -> 754.53664 | Z47: 4 | AA47: 3186.0542 | AB47: =IFERROR(AA47/Z47,"") -> 796.51354 | AC47: =RANK(AB47, AB$47:AB$82) -> 16 | AD47: =AVERAGE(AB47:AB81) -> 754.60169 | AE47: 4 | AF47: 3186.0542 | AG47: =IFERROR(AF47/AE47,"") -> 796.51354 | AH47: =RANK(AG47, AG$47:AG$82) -> 15 | AI47: =AVERAGE(AG47:AG81) -> 754.6674 | AJ47: 4 | AK47: 3185.6942 | AL47: =IFERROR(AK47/AJ47,"") -> 796.42354 | AM47: =RANK(AL47, AL$47:AL$82) -> 15 | AN47: =AVERAGE(AL47:AL81) -> 754.58073 | AO47: 4 | AP47: 3184.2542 | AQ47: =IFERROR(AP47/AO47,"") -> 796.06354 | AR47: =RANK(AQ47, AQ$47:AQ$82) -> 15 | AS47: =AVERAGE(AQ47:AQ81) -> 754.53762 | AT47: 4 | AU47: 3183.8942 | AV47: =IFERROR(AU47/AT47,"") -> 795.97354 | AW47: =RANK(AV47, AV$47:AV$82) -> 15 | AX47: =AVERAGE(AV47:AV81) -> 754.73337
C48: 2 | D48: 一配鮪魚飯糰 | E48: 3 | F48: 3600 | G48: =F48/E48 -> 1200 | I48: =AVERAGE(P48,U48,Z48,AE48,AJ48,AO48,AT48) -> 3 | J48: =AVERAGE(Q48,V48,AA48,AF48,AK48,AP48,AU48) -> 3181.7196 | K48: =AVERAGE(R48,W48,AB48,AG48,AL48,AQ48,AV48) -> 1060.5732 | M48: =RANK(K48, K$47:$K$82) -> 5 | P48: 3 | Q48: 3181.2053 | R48: =IFERROR(Q48/P48,"") -> 1060.4018 | S48: =RANK(R48, R$47:R$82) -> 5 | U48: 3 | V48: 3182.2853 | W48: =IFERROR(V48/U48,"") -> 1060.7618 | X48: =RANK(W48, W$47:W$82) -> 5 | Z48: 3 | AA48: 3182.2853 | AB48: =IFERROR(AA48/Z48,"") -> 1060.7618 | AC48: =RANK(AB48, AB$47:AB$82) -> 4 | AE48: 3 | AF48: 3181.9253 | AG48: =IFERROR(AF48/AE48,"") -> 1060.6418 | AH48: =RANK(AG48, AG$47:AG$82) -> 5 | AJ48: 3 | AK48: 3180.1253 | AL48: =IFERROR(AK48/AJ48,"") -> 1060.0418 | AM48: =RANK(AL48, AL$47:AL$82) -> 6 | AO48: 3 | AP48: 3181.5653 | AQ48: =IFERROR(AP48/AO48,"") -> 1060.5218 | AR48: =RANK(AQ48, AQ$47:AQ$82) -> 7 | AT48: 3 | AU48: 3182.6453 | AV48: =IFERROR(AU48/AT48,"") -> 1060.8818 | AW48: =RANK(AV48, AV$47:AV$82) -> 5
C49: 3 | D49: 一配雞肉飯飯糰 | E49: 5 | F49: 3600 | G49: =F49/E49 -> 720 | I49: =AVERAGE(P49,U49,Z49,AE49,AJ49,AO49,AT49) -> 5 | J49: =AVERAGE(Q49,V49,AA49,AF49,AK49,AP49,AU49) -> 3187.3187 | K49: =AVERAGE(R49,W49,AB49,AG49,AL49,AQ49,AV49) -> 637.46374 | M49: =RANK(K49, K$47:$K$82) -> 20 | P49: 5 | Q49: 3187.2158 | R49: =IFERROR(Q49/P49,"") -> 637.44317 | S49: =RANK(R49, R$47:R$82) -> 22 | U49: 5 | V49: 3186.8558 | W49: =IFERROR(V49/U49,"") -> 637.37117 | X49: =RANK(W49, W$47:W$82) -> 23 | Z49: 5 | AA49: 3186.1358 | AB49: =IFERROR(AA49/Z49,"") -> 637.22717 | AC49: =RANK(AB49, AB$47:AB$82) -> 23 | AE49: 5 | AF49: 3187.5758 | AG49: =IFERROR(AF49/AE49,"") -> 637.51517 | AH49: =RANK(AG49, AG$47:AG$82) -> 20 | AJ49: 5 | AK49: 3189.0158 | AL49: =IFERROR(AK49/AJ49,"") -> 637.80317 | AM49: =RANK(AL49, AL$47:AL$82) -> 19 | AO49: 5 | AP49: 3187.2158 | AQ49: =IFERROR(AP49/AO49,"") -> 637.44317 | AR49: =RANK(AQ49, AQ$47:AQ$82) -> 20 | AT49: 5 | AU49: 3187.2158 | AV49: =IFERROR(AU49/AT49,"") -> 637.44317 | AW49: =RANK(AV49, AV$47:AV$82) -> 20
C50: 4 | D50: 一配壹號醬炙烤牛飯糰 | E50: 5 | F50: 3300 | G50: =F50/E50 -> 660 | I50: =AVERAGE(P50,U50,Z50,AE50,AJ50,AO50,AT50) -> 5 | J50: =AVERAGE(Q50,V50,AA50,AF50,AK50,AP50,AU50) -> 2960.0338 | K50: =AVERAGE(R50,W50,AB50,AG50,AL50,AQ50,AV50) -> 592.00676 | M50: =RANK(K50, K$47:$K$82) -> 27 | P50: 5 | Q50: 2949.5703 | R50: =IFERROR(Q50/P50,"") -> 589.91405 | S50: =RANK(R50, R$47:R$82) -> 27 | U50: 5 | V50: 2956.4267 | W50: =IFERROR(V50/U50,"") -> 591.28534 | X50: =RANK(W50, W$47:W$82) -> 27 | Z50: 5 | AA50: 2957.7467 | AB50: =IFERROR(AA50/Z50,"") -> 591.54934 | AC50: =RANK(AB50, AB$47:AB$82) -> 27 | AE50: 5 | AF50: 2964.5394 | AG50: =IFERROR(AF50/AE50,"") -> 592.90787 | AH50: =RANK(AG50, AG$47:AG$82) -> 27 | AJ50: 5 | AK50: 2963.7645 | AL50: =IFERROR(AK50/AJ50,"") -> 592.7529 | AM50: =RANK(AL50, AL$47:AL$82) -> 28 | AO50: 5 | AP50: 2963.7645 | AQ50: =IFERROR(AP50/AO50,"") -> 592.7529 | AR50: =RANK(AQ50, AQ$47:AQ$82) -> 27 | AT50: 5 | AU50: 2964.4245 | AV50: =IFERROR(AU50/AT50,"") -> 592.8849 | AW50: =RANK(AV50, AV$47:AV$82) -> 27
C51: 5 | D51: 一配明太子龍蝦風味沙拉飯糰 | E51: 3 | F51: 3600 | G51: =F51/E51 -> 1200 | I51: =AVERAGE(P51,U51,Z51,AE51,AJ51,AO51,AT51) -> 3 | J51: =AVERAGE(Q51,V51,AA51,AF51,AK51,AP51,AU51) -> 3182.2269 | K51: =AVERAGE(R51,W51,AB51,AG51,AL51,AQ51,AV51) -> 1060.7423 | M51: =RANK(K51, K$47:$K$82) -> 4 | P51: 3 | Q51: 3183.7183 | R51: =IFERROR(Q51/P51,"") -> 1061.2394 | S51: =RANK(R51, R$47:R$82) -> 4 | U51: 3 | V51: 3182.9983 | W51: =IFERROR(V51/U51,"") -> 1060.9994 | X51: =RANK(W51, W$47:W$82) -> 4 | Z51: 3 | AA51: 3181.9183 | AB51: =IFERROR(AA51/Z51,"") -> 1060.6394 | AC51: =RANK(AB51, AB$47:AB$82) -> 5 | AE51: 3 | AF51: 3180.8383 | AG51: =IFERROR(AF51/AE51,"") -> 1060.2794 | AH51: =RANK(AG51, AG$47:AG$82) -> 6 | AJ51: 3 | AK51: 3181.1983 | AL51: =IFERROR(AK51/AJ51,"") -> 1060.3994 | AM51: =RANK(AL51, AL$47:AL$82) -> 4 | AO51: 3 | AP51: 3182.2783 | AQ51: =IFERROR(AP51/AO51,"") -> 1060.7594 | AR51: =RANK(AQ51, AQ$47:AQ$82) -> 5 | AT51: 3 | AU51: 3182.6383 | AV51: =IFERROR(AU51/AT51,"") -> 1060.8794 | AW51: =RANK(AV51, AV$47:AV$82) -> 6
C52: 6 | D52: 一配贅沢鮭魚肚飯糰 | E52: 4 | F52: 3600 | G52: =F52/E52 -> 900 | I52: =AVERAGE(P52,U52,Z52,AE52,AJ52,AO52,AT52) -> 4 | J52: =AVERAGE(Q52,V52,AA52,AF52,AK52,AP52,AU52) -> 3181.9886 | K52: =AVERAGE(R52,W52,AB52,AG52,AL52,AQ52,AV52) -> 795.49714 | M52: =RANK(K52, K$47:$K$82) -> 17 | P52: 4 | Q52: 3184.92 | R52: =IFERROR(Q52/P52,"") -> 796.23 | S52: =RANK(R52, R$47:R$82) -> 17 | U52: 4 | V52: 3183.48 | W52: =IFERROR(V52/U52,"") -> 795.87 | X52: =RANK(W52, W$47:W$82) -> 17 | Z52: 4 | AA52: 3182.76 | AB52: =IFERROR(AA52/Z52,"") -> 795.69 | AC52: =RANK(AB52, AB$47:AB$82) -> 17 | AE52: 4 | AF52: 3181.32 | AG52: =IFERROR(AF52/AE52,"") -> 795.33 | AH52: =RANK(AG52, AG$47:AG$82) -> 17 | AJ52: 4 | AK52: 3179.52 | AL52: =IFERROR(AK52/AJ52,"") -> 794.88 | AM52: =RANK(AL52, AL$47:AL$82) -> 17 | AO52: 4 | AP52: 3180.96 | AQ52: =IFERROR(AP52/AO52,"") -> 795.24 | AR52: =RANK(AQ52, AQ$47:AQ$82) -> 17 | AT52: 4 | AU52: 3180.96 | AV52: =IFERROR(AU52/AT52,"") -> 795.24 | AW52: =RANK(AV52, AV$47:AV$82) -> 17
C53: 7 | D53: 一配蔬食鮪魚飯糰 | E53: 3 | F53: 3600 | G53: =F53/E53 -> 1200 | I53: =AVERAGE(P53,U53,Z53,AE53,AJ53,AO53,AT53) -> 3 | J53: =AVERAGE(Q53,V53,AA53,AF53,AK53,AP53,AU53) -> 3185.0316 | K53: =AVERAGE(R53,W53,AB53,AG53,AL53,AQ53,AV53) -> 1061.6772 | M53: =RANK(K53, K$47:$K$82) -> 2 | P53: 3 | Q53: 3185.1859 | R53: =IFERROR(Q53/P53,"") -> 1061.7286 | S53: =RANK(R53, R$47:R$82) -> 2 | U53: 3 | V53: 3184.8259 | W53: =IFERROR(V53/U53,"") -> 1061.6086 | X53: =RANK(W53, W$47:W$82) -> 3 | Z53: 3 | AA53: 3185.1859 | AB53: =IFERROR(AA53/Z53,"") -> 1061.7286 | AC53: =RANK(AB53, AB$47:AB$82) -> 2 | AE53: 3 | AF53: 3185.1859 | AG53: =IFERROR(AF53/AE53,"") -> 1061.7286 | AH53: =RANK(AG53, AG$47:AG$82) -> 2 | AJ53: 3 | AK53: 3185.9059 | AL53: =IFERROR(AK53/AJ53,"") -> 1061.9686 | AM53: =RANK(AL53, AL$47:AL$82) -> 2 | AO53: 3 | AP53: 3184.4659 | AQ53: =IFERROR(AP53/AO53,"") -> 1061.4886 | AR53: =RANK(AQ53, AQ$47:AQ$82) -> 3 | AT53: 3 | AU53: 3184.4659 | AV53: =IFERROR(AU53/AT53,"") -> 1061.4886 | AW53: =RANK(AV53, AV$47:AV$82) -> 3
C54: 8 | D54: 一配熟成紅鮭飯糰 | E54: 5 | F54: 3600 | G54: =F54/E54 -> 720 | I54: =AVERAGE(P54,U54,Z54,AE54,AJ54,AO54,AT54) -> 5 | J54: =AVERAGE(Q54,V54,AA54,AF54,AK54,AP54,AU54) -> 3185.6734 | K54: =AVERAGE(R54,W54,AB54,AG54,AL54,AQ54,AV54) -> 637.13469 | M54: =RANK(K54, K$47:$K$82) -> 24 | P54: 5 | Q54: 3187.062 | R54: =IFERROR(Q54/P54,"") -> 637.4124 | S54: =RANK(R54, R$47:R$82) -> 23 | U54: 5 | V54: 3185.262 | W54: =IFERROR(V54/U54,"") -> 637.0524 | X54: =RANK(W54, W$47:W$82) -> 25 | Z54: 5 | AA54: 3185.622 | AB54: =IFERROR(AA54/Z54,"") -> 637.1244 | AC54: =RANK(AB54, AB$47:AB$82) -> 25 | AE54: 5 | AF54: 3184.902 | AG54: =IFERROR(AF54/AE54,"") -> 636.9804 | AH54: =RANK(AG54, AG$47:AG$82) -> 25 | AJ54: 5 | AK54: 3185.982 | AL54: =IFERROR(AK54/AJ54,"") -> 637.1964 | AM54: =RANK(AL54, AL$47:AL$82) -> 22 | AO54: 5 | AP54: 3184.902 | AQ54: =IFERROR(AP54/AO54,"") -> 636.9804 | AR54: =RANK(AQ54, AQ$47:AQ$82) -> 24 | AT54: 5 | AU54: 3185.982 | AV54: =IFERROR(AU54/AT54,"") -> 637.1964 | AW54: =RANK(AV54, AV$47:AV$82) -> 23
C55: 9 | D55: 一配北海道秋鮭親子飯糰 | E55: 5 | F55: 3600 | G55: =F55/E55 -> 720 | I55: =AVERAGE(P55,U55,Z55,AE55,AJ55,AO55,AT55) -> 5 | J55: =AVERAGE(Q55,V55,AA55,AF55,AK55,AP55,AU55) -> 3187.0204 | K55: =AVERAGE(R55,W55,AB55,AG55,AL55,AQ55,AV55) -> 637.40408 | M55: =RANK(K55, K$47:$K$82) -> 21 | P55: 5 | Q55: 3186.7118 | R55: =IFERROR(Q55/P55,"") -> 637.34237 | S55: =RANK(R55, R$47:R$82) -> 24 | U55: 5 | V55: 3188.5118 | W55: =IFERROR(V55/U55,"") -> 637.70237 | X55: =RANK(W55, W$47:W$82) -> 20 | Z55: 5 | AA55: 3187.0718 | AB55: =IFERROR(AA55/Z55,"") -> 637.41437 | AC55: =RANK(AB55, AB$47:AB$82) -> 20 | AE55: 5 | AF55: 3187.0718 | AG55: =IFERROR(AF55/AE55,"") -> 637.41437 | AH55: =RANK(AG55, AG$47:AG$82) -> 21 | AJ55: 5 | AK55: 3186.7118 | AL55: =IFERROR(AK55/AJ55,"") -> 637.34237 | AM55: =RANK(AL55, AL$47:AL$82) -> 21 | AO55: 5 | AP55: 3186.7118 | AQ55: =IFERROR(AP55/AO55,"") -> 637.34237 | AR55: =RANK(AQ55, AQ$47:AQ$82) -> 21 | AT55: 5 | AU55: 3186.3518 | AV55: =IFERROR(AU55/AT55,"") -> 637.27037 | AW55: =RANK(AV55, AV$47:AV$82) -> 21
C56: 10 | D56: 一配經典肉鬆飯糰 | E56: 3 | F56: 3000 | G56: =F56/E56 -> 1000 | I56: =AVERAGE(P56,U56,Z56,AE56,AJ56,AO56,AT56) -> 3 | J56: =AVERAGE(Q56,V56,AA56,AF56,AK56,AP56,AU56) -> 2705.5248 | K56: =AVERAGE(R56,W56,AB56,AG56,AL56,AQ56,AV56) -> 901.84159 | M56: =RANK(K56, K$47:$K$82) -> 13 | P56: 3 | Q56: 2705.1987 | R56: =IFERROR(Q56/P56,"") -> 901.7329 | S56: =RANK(R56, R$47:R$82) -> 13 | U56: 3 | V56: 2706.0987 | W56: =IFERROR(V56/U56,"") -> 902.0329 | X56: =RANK(W56, W$47:W$82) -> 11 | Z56: 3 | AA56: 2706.3987 | AB56: =IFERROR(AA56/Z56,"") -> 902.1329 | AC56: =RANK(AB56, AB$47:AB$82) -> 12 | AE56: 3 | AF56: 2705.7987 | AG56: =IFERROR(AF56/AE56,"") -> 901.9329 | AH56: =RANK(AG56, AG$47:AG$82) -> 12 | AJ56: 3 | AK56: 2705.1987 | AL56: =IFERROR(AK56/AJ56,"") -> 901.7329 | AM56: =RANK(AL56, AL$47:AL$82) -> 12 | AO56: 3 | AP56: 2705.3921 | AQ56: =IFERROR(AP56/AO56,"") -> 901.79736 | AR56: =RANK(AQ56, AQ$47:AQ$82) -> 12 | AT56: 3 | AU56: 2704.5878 | AV56: =IFERROR(AU56/AT56,"") -> 901.52925 | AW56: =RANK(AV56, AV$47:AV$82) -> 13
C57: 11 | D57: 一配兩粒飯糰(鮪魚.焦糖鮭魚) | E57: 12 | F57: 3600 | G57: =F57/E57 -> 300 | I57: =AVERAGE(P57,U57,Z57,AE57,AJ57,AO57,AT57) -> 12 | J57: =AVERAGE(Q57,V57,AA57,AF57,AK57,AP57,AU57) -> 3119.7434 | K57: =AVERAGE(R57,W57,AB57,AG57,AL57,AQ57,AV57) -> 259.97862 | M57: =RANK(K57, K$47:$K$82) -> 32 | P57: 12 | Q57: 3122.0501 | R57: =IFERROR(Q57/P57,"") -> 260.17084 | S57: =RANK(R57, R$47:R$82) -> 32 | U57: 12 | V57: 3120.9701 | W57: =IFERROR(V57/U57,"") -> 260.08084 | X57: =RANK(W57, W$47:W$82) -> 32 | Z57: 12 | AA57: 3120.9701 | AB57: =IFERROR(AA57/Z57,"") -> 260.08084 | AC57: =RANK(AB57, AB$47:AB$82) -> 32 | AE57: 12 | AF57: 3119.5301 | AG57: =IFERROR(AF57/AE57,"") -> 259.96084 | AH57: =RANK(AG57, AG$47:AG$82) -> 32 | AJ57: 12 | AK57: 3120.1967 | AL57: =IFERROR(AK57/AJ57,"") -> 260.01639 | AM57: =RANK(AL57, AL$47:AL$82) -> 32 | AO57: 12 | AP57: 3117.6035 | AQ57: =IFERROR(AP57/AO57,"") -> 259.80029 | AR57: =RANK(AQ57, AQ$47:AQ$82) -> 32 | AT57: 12 | AU57: 3116.8835 | AV57: =IFERROR(AU57/AT57,"") -> 259.74029 | AW57: =RANK(AV57, AV$47:AV$82) -> 32
C58: 12 | D58: 一配鮭魚奶油醬油飯糰 | E58: 3 | F58: 3300 | G58: =F58/E58 -> 1100 | I58: =AVERAGE(P58,U58,Z58,AE58,AJ58,AO58,AT58) -> 3 | J58: =AVERAGE(Q58,V58,AA58,AF58,AK58,AP58,AU58) -> 2979.6528 | K58: =AVERAGE(R58,W58,AB58,AG58,AL58,AQ58,AV58) -> 993.21761 | M58: =RANK(K58, K$47:$K$82) -> 10 | P58: 3 | Q58: 2980.2185 | R58: =IFERROR(Q58/P58,"") -> 993.40618 | S58: =RANK(R58, R$47:R$82) -> 9 | U58: 3 | V58: 2978.8985 | W58: =IFERROR(V58/U58,"") -> 992.96618 | X58: =RANK(W58, W$47:W$82) -> 10 | Z58: 3 | AA58: 2978.5685 | AB58: =IFERROR(AA58/Z58,"") -> 992.85618 | AC58: =RANK(AB58, AB$47:AB$82) -> 10 | AE58: 3 | AF58: 2979.2285 | AG58: =IFERROR(AF58/AE58,"") -> 993.07618 | AH58: =RANK(AG58, AG$47:AG$82) -> 10 | AJ58: 3 | AK58: 2979.8885 | AL58: =IFERROR(AK58/AJ58,"") -> 993.29618 | AM58: =RANK(AL58, AL$47:AL$82) -> 10 | AO58: 3 | AP58: 2979.8885 | AQ58: =IFERROR(AP58/AO58,"") -> 993.29618 | AR58: =RANK(AQ58, AQ$47:AQ$82) -> 9 | AT58: 3 | AU58: 2980.8785 | AV58: =IFERROR(AU58/AT58,"") -> 993.62618 | AW58: =RANK(AV58, AV$47:AV$82) -> 9
C59: 13 | D59: 一配鹽蔥生鮭飯糰 | E59: 5 | F59: 3600 | G59: =F59/E59 -> 720 | I59: =AVERAGE(P59,U59,Z59,AE59,AJ59,AO59,AT59) -> 5 | J59: =AVERAGE(Q59,V59,AA59,AF59,AK59,AP59,AU59) -> 3185.5818 | K59: =AVERAGE(R59,W59,AB59,AG59,AL59,AQ59,AV59) -> 637.11635 | M59: =RANK(K59, K$47:$K$82) -> 25 | P59: 5 | Q59: 3187.8961 | R59: =IFERROR(Q59/P59,"") -> 637.57921 | S59: =RANK(R59, R$47:R$82) -> 20 | U59: 5 | V59: 3187.8961 | W59: =IFERROR(V59/U59,"") -> 637.57921 | X59: =RANK(W59, W$47:W$82) -> 21 | Z59: 5 | AA59: 3186.4561 | AB59: =IFERROR(AA59/Z59,"") -> 637.29121 | AC59: =RANK(AB59, AB$47:AB$82) -> 22 | AE59: 5 | AF59: 3185.7361 | AG59: =IFERROR(AF59/AE59,"") -> 637.14721 | AH59: =RANK(AG59, AG$47:AG$82) -> 22 | AJ59: 5 | AK59: 3184.6561 | AL59: =IFERROR(AK59/AJ59,"") -> 636.93121 | AM59: =RANK(AL59, AL$47:AL$82) -> 25 | AO59: 5 | AP59: 3183.5761 | AQ59: =IFERROR(AP59/AO59,"") -> 636.71521 | AR59: =RANK(AQ59, AQ$47:AQ$82) -> 25 | AT59: 5 | AU59: 3182.8561 | AV59: =IFERROR(AU59/AT59,"") -> 636.57121 | AW59: =RANK(AV59, AV$47:AV$82) -> 25
... C79: 33 | D79: 二配兩粒飯糰(鮪魚.焦糖鮭魚) | E79: 12 | F79: 3600 | G79: =F79/E79 -> 300 | I79: =AVERAGE(P79,U79,Z79,AE79,AJ79,AO79,AT79) -> 12 | J79: =AVERAGE(Q79,V79,AA79,AF79,AK79,AP79,AU79) -> 3121.3922 | K79: =AVERAGE(R79,W79,AB79,AG79,AL79,AQ79,AV79) -> 260.11602 | M79: =RANK(K79, K$47:$K$82) -> 31 | P79: 12 | Q79: 3122.6421 | R79: =IFERROR(Q79/P79,"") -> 260.22018 | S79: =RANK(R79, R$47:R$82) -> 31 | U79: 12 | V79: 3122.6421 | W79: =IFERROR(V79/U79,"") -> 260.22018 | X79: =RANK(W79, W$47:W$82) -> 31 | Z79: 12 | AA79: 3122.116 | AB79: =IFERROR(AA79/Z79,"") -> 260.17633 | AC79: =RANK(AB79, AB$47:AB$82) -> 31 | AE79: 12 | AF79: 3122.6334 | AG79: =IFERROR(AF79/AE79,"") -> 260.21945 | AH79: =RANK(AG79, AG$47:AG$82) -> 31 | AJ79: 12 | AK79: 3121.691 | AL79: =IFERROR(AK79/AJ79,"") -> 260.14091 | AM79: =RANK(AL79, AL$47:AL$82) -> 31 | AO79: 12 | AP79: 3119.2046 | AQ79: =IFERROR(AP79/AO79,"") -> 259.93372 | AR79: =RANK(AQ79, AQ$47:AQ$82) -> 31 | AT79: 12 | AU79: 3118.8162 | AV79: =IFERROR(AU79/AT79,"") -> 259.90135 | AW79: =RANK(AV79, AV$47:AV$82) -> 31
C80: 34
C81: 35

Sheet （５-2）品群別人時生產性(18℃-壽司手卷)
B1: 5月平均人時性 | C1: =AVERAGE(L7,L27) -> 323.81927
B2: 產線配置圖－每週更新(0428-0504) | N2: 資料繳交 | O2: 日期 | P2: 46140 | U2: 46141 | Z2: 46142 | AE2: 46143 | AJ2: 46144 | AO2: 46145 | AT2: 46146
P3: 46140 | U3: 46141 | Z3: 46142 | AE3: 46143 | AJ3: 46144 | AO3: 46145 | AT3: 46146
B4: 品群 | C4: 商品名稱 | E4: 計畫 | H4: 平均人時性 | I4: 實績 (週平均) | L4: 平均人時性 | M4: 排名 | O4: 日報 | P4: 實際 | T4: 平均人時性 | U4: 實際 | Y4: 平均人時性 | Z4: 實際 | AD4: 平均人時性 | AE4: 實際 | AI4: 平均人時性 | AJ4: 實際 | AN4: 平均人時性 | AO4: 實際 | AS4: 平均人時性 | AT4: 實際 | AX4: 平均人時性
E5: 產線配置圖 | I5: 產線配置圖 | P5: 生產實績 | U5: 生產實績 | Z5: 生產實績 | AE5: 生產實績 | AJ5: 生產實績 | AO5: 生產實績 | AT5: 生產實績
E6: 人數 | F6: 產能／時 | G6: 人時性 | I6: 人數 | J6: 產能／時 | K6: 人時性 | P6: 人數 | Q6: 產能／時 | R6: 人時性 | S6: 排名 | U6: 人數 | V6: 產能／時 | W6: 人時性 | X6: 排名 | Z6: 人數 | AA6: 產能／時 | AB6: 人時性 | AC6: 排名 | AE6: 人數 | AF6: 產能／時 | AG6: 人時性 | AH6: 排名 | AJ6: 人數 | AK6: 產能／時 | AL6: 人時性 | AM6: 排名 | AO6: 人數 | AP6: 產能／時 | AQ6: 人時性 | AR6: 排名 | AT6: 人數 | AU6: 產能／時 | AV6: 人時性 | AW6: 排名
B7: 18℃-壽司手卷 | C7: 1 | D7: 一配長野稻荷壽司 | E7: 11 | F7: 3600 | G7: =F7/E7 -> 327.27273 | H7: =AVERAGE(G7:G21) -> 358.78788 | I7: =AVERAGE(P7,U7,Z7,AE7,AJ7,AO7,AT7) -> 11 | J7: =AVERAGE(Q7,V7,AA7,AF7,AK7,AP7,AU7) -> 3182.9215 | K7: =AVERAGE(R7,W7,AB7,AG7,AL7,AQ7,AV7) -> 289.3565 | L7: =IFERROR(AVERAGE(K7:K21),"-") -> 319.35259 | M7: =RANK(K7, K$7:$K$21) -> 3 | P7: 11 | Q7: 3182.7157 | R7: =IFERROR(Q7/P7,"") -> 289.3378 | S7: =RANK(R7, R$7:R$21) -> 3 | T7: =AVERAGE(R7:R21) -> 319.09548 | U7: 11 | V7: 3181.6357 | W7: =IFERROR(V7/U7,"") -> 289.23961 | X7: =RANK(W7, W$7:W$21) -> 3 | Y7: =AVERAGE(W7:W21) -> 319.08184 | Z7: 11 | AA7: 3181.9957 | AB7: =IFERROR(AA7/Z7,"") -> 289.27234 | AC7: =RANK(AB7, AB$7:AB$21) -> 3 | AD7: =AVERAGE(AB7:AB21) -> 319.46271 | AE7: 11 | AF7: 3183.0757 | AG7: =IFERROR(AF7/AE7,"") -> 289.37052 | AH7: =RANK(AG7, AG$7:AG$21) -> 3 | AI7: =AVERAGE(AG7:AG21) -> 319.49927 | AJ7: 11 | AK7: 3183.0757 | AL7: =IFERROR(AK7/AJ7,"") -> 289.37052 | AM7: =RANK(AL7, AL$7:AL$21) -> 3 | AN7: =AVERAGE(AL7:AL21) -> 319.39994 | AO7: 11 | AP7: 3183.7957 | AQ7: =IFERROR(AP7/AO7,"") -> 289.43598 | AR7: =RANK(AQ7, AQ$7:AQ$21) -> 3 | AS7: =AVERAGE(AQ7:AQ21) -> 319.48785 | AT7: 11 | AU7: 3184.1557 | AV7: =IFERROR(AU7/AT7,"") -> 289.4687 | AW7: =RANK(AV7, AV$7:AV$21) -> 3 | AX7: =AVERAGE(AV7:AV21) -> 319.44107
C8: 2 | D8: 一配經典鮪魚沙拉細卷 | E8: 6 | F8: 2600 | G8: =F8/E8 -> 433.33333 | I8: =AVERAGE(P8,U8,Z8,AE8,AJ8,AO8,AT8) -> 6 | J8: =AVERAGE(Q8,V8,AA8,AF8,AK8,AP8,AU8) -> 2343.4885 | K8: =AVERAGE(R8,W8,AB8,AG8,AL8,AQ8,AV8) -> 390.58142 | M8: =RANK(K8, K$7:$K$21) -> 2 | P8: 6 | Q8: 2339.0928 | R8: =IFERROR(Q8/P8,"") -> 389.8488 | S8: =RANK(R8, R$7:R$21) -> 2 | U8: 6 | V8: 2339.8728 | W8: =IFERROR(V8/U8,"") -> 389.9788 | X8: =RANK(W8, W$7:W$21) -> 1 | Z8: 6 | AA8: 2344.1247 | AB8: =IFERROR(AA8/Z8,"") -> 390.68745 | AC8: =RANK(AB8, AB$7:AB$21) -> 2 | AE8: 6 | AF8: 2345.8523 | AG8: =IFERROR(AF8/AE8,"") -> 390.97539 | AH8: =RANK(AG8, AG$7:AG$21) -> 1 | AJ8: 6 | AK8: 2344.8123 | AL8: =IFERROR(AK8/AJ8,"") -> 390.80205 | AM8: =RANK(AL8, AL$7:AL$21) -> 1 | AO8: 6 | AP8: 2345.5923 | AQ8: =IFERROR(AP8/AO8,"") -> 390.93205 | AR8: =RANK(AQ8, AQ$7:AQ$21) -> 1 | AT8: 6 | AU8: 2345.0723 | AV8: =IFERROR(AU8/AT8,"") -> 390.84539 | AW8: =RANK(AV8, AV$7:AV$21) -> 1
C9: 3 | D9: 一配雙鬆細卷 | E9: 6 | F9: 2600 | G9: =F9/E9 -> 433.33333 | I9: =AVERAGE(P9,U9,Z9,AE9,AJ9,AO9,AT9) -> 6 | J9: =AVERAGE(Q9,V9,AA9,AF9,AK9,AP9,AU9) -> 2343.5017 | K9: =AVERAGE(R9,W9,AB9,AG9,AL9,AQ9,AV9) -> 390.58362 | M9: =RANK(K9, K$7:$K$21) -> 1 | P9: 6 | Q9: 2339.949 | R9: =IFERROR(Q9/P9,"") -> 389.9915 | S9: =RANK(R9, R$7:R$21) -> 1 | U9: 6 | V9: 2339.169 | W9: =IFERROR(V9/U9,"") -> 389.8615 | X9: =RANK(W9, W$7:W$21) -> 2 | Z9: 6 | AA9: 2346.3268 | AB9: =IFERROR(AA9/Z9,"") -> 391.05447 | AC9: =RANK(AB9, AB$7:AB$21) -> 1 | AE9: 6 | AF9: 2345.2868 | AG9: =IFERROR(AF9/AE9,"") -> 390.88114 | AH9: =RANK(AG9, AG$7:AG$21) -> 2 | AJ9: 6 | AK9: 2344.2468 | AL9: =IFERROR(AK9/AJ9,"") -> 390.70781 | AM9: =RANK(AL9, AL$7:AL$21) -> 2 | AO9: 6 | AP9: 2345.2868 | AQ9: =IFERROR(AP9/AO9,"") -> 390.88114 | AR9: =RANK(AQ9, AQ$7:AQ$21) -> 2 | AT9: 6 | AU9: 2344.2468 | AV9: =IFERROR(AU9/AT9,"") -> 390.70781 | AW9: =RANK(AV9, AV$7:AV$21) -> 2
C10: 4 | D10: 一配經典人氣雙手卷 | E10: 12 | F10: 3600 | G10: =F10/E10 -> 300 | I10: =AVERAGE(P10,U10,Z10,AE10,AJ10,AO10,AT10) -> 12 | J10: =AVERAGE(Q10,V10,AA10,AF10,AK10,AP10,AU10) -> 3158.0217 | K10: =AVERAGE(R10,W10,AB10,AG10,AL10,AQ10,AV10) -> 263.16848 | M10: =RANK(K10, K$7:$K$21) -> 4 | P10: 12 | Q10: 3156.9417 | R10: =IFERROR(Q10/P10,"") -> 263.07848 | S10: =RANK(R10, R$7:R$21) -> 5 | U10: 12 | V10: 3158.3817 | W10: =IFERROR(V10/U10,"") -> 263.19848 | X10: =RANK(W10, W$7:W$21) -> 4 | Z10: 12 | AA10: 3158.0217 | AB10: =IFERROR(AA10/Z10,"") -> 263.16848 | AC10: =RANK(AB10, AB$7:AB$21) -> 4 | AE10: 12 | AF10: 3158.7417 | AG10: =IFERROR(AF10/AE10,"") -> 263.22848 | AH10: =RANK(AG10, AG$7:AG$21) -> 4 | AJ10: 12 | AK10: 3157.6617 | AL10: =IFERROR(AK10/AJ10,"") -> 263.13848 | AM10: =RANK(AL10, AL$7:AL$21) -> 4 | AO10: 12 | AP10: 3158.3817 | AQ10: =IFERROR(AP10/AO10,"") -> 263.19848 | AR10: =RANK(AQ10, AQ$7:AQ$21) -> 4 | AT10: 12 | AU10: 3158.0217 | AV10: =IFERROR(AU10/AT10,"") -> 263.16848 | AW10: =RANK(AV10, AV$7:AV$21) -> 4
C11: 5 | D11: 一配鮭鮪海饌雙手卷 | E11: 12 | F11: 3600 | G11: =F11/E11 -> 300 | I11: =AVERAGE(P11,U11,Z11,AE11,AJ11,AO11,AT11) -> 12 | J11: =AVERAGE(Q11,V11,AA11,AF11,AK11,AP11,AU11) -> 3156.8755 | K11: =AVERAGE(R11,W11,AB11,AG11,AL11,AQ11,AV11) -> 263.07296 | M11: =RANK(K11, K$7:$K$21) -> 5 | P11: 12 | Q11: 3158.6498 | R11: =IFERROR(Q11/P11,"") -> 263.22082 | S11: =RANK(R11, R$7:R$21) -> 4 | U11: 12 | V11: 3157.5698 | W11: =IFERROR(V11/U11,"") -> 263.13082 | X11: =RANK(W11, W$7:W$21) -> 5 | Z11: 12 | AA11: 3157.5698 | AB11: =IFERROR(AA11/Z11,"") -> 263.13082 | AC11: =RANK(AB11, AB$7:AB$21) -> 5 | AE11: 12 | AF11: 3156.4898 | AG11: =IFERROR(AF11/AE11,"") -> 263.04082 | AH11: =RANK(AG11, AG$7:AG$21) -> 5 | AJ11: 12 | AK11: 3155.7698 | AL11: =IFERROR(AK11/AJ11,"") -> 262.98082 | AM11: =RANK(AL11, AL$7:AL$21) -> 5 | AO11: 12 | AP11: 3155.8993 | AQ11: =IFERROR(AP11/AO11,"") -> 262.99161 | AR11: =RANK(AQ11, AQ$7:AQ$21) -> 5 | AT11: 12 | AU11: 3156.18 | AV11: =IFERROR(AU11/AT11,"") -> 263.015 | AW11: =RANK(AV11, AV$7:AV$21) -> 5
C12: 6
C13: 7
C14: 8
C15: 9
C16: 10
C17: 11
C18: 12
C19: 13
C20: 14
C21: 15
B22: 產線配置圖－每週更新(0505-0511) | N22: 資料繳交 | O22: 日期 | P22: 46147 | U22: 46148 | Z22: 46149 | AE22: 46150 | AJ22: 46151 | AO22: 46152 | AT22: 46153
P23: 46147 | U23: 46148 | Z23: 46149 | AE23: 46150 | AJ23: 46151 | AO23: 46152 | AT23: 46153
B24: 品群 | C24: 商品名稱 | E24: 計畫 | H24: 平均人時性 | I24: 實績 (週平均) | L24: 平均人時性 | M24: 排名 | O24: 日報 | P24: 實際 | T24: 平均人時性 | U24: 實際 | Y24: 平均人時性 | Z24: 實際 | AD24: 平均人時性 | AE24: 實際 | AI24: 平均人時性 | AJ24: 實際 | AN24: 平均人時性 | AO24: 實際 | AS24: 平均人時性 | AT24: 實際 | AX24: 平均人時性
E25: 產線配置圖 | I25: 產線配置圖 | P25: 生產實績 | U25: 生產實績 | Z25: 生產實績 | AE25: 生產實績 | AJ25: 生產實績 | AO25: 生產實績 | AT25: 生產實績
E26: 人數 | F26: 產能／時 | G26: 人時性 | I26: 人數 | J26: 產能／時 | K26: 人時性 | P26: 人數 | Q26: 產能／時 | R26: 人時性 | S26: 排名 | U26: 人數 | V26: 產能／時 | W26: 人時性 | X26: 排名 | Z26: 人數 | AA26: 產能／時 | AB26: 人時性 | AC26: 排名 | AE26: 人數 | AF26: 產能／時 | AG26: 人時性 | AH26: 排名 | AJ26: 人數 | AK26: 產能／時 | AL26: 人時性 | AM26: 排名 | AO26: 人數 | AP26: 產能／時 | AQ26: 人時性 | AR26: 排名 | AT26: 人數 | AU26: 產能／時 | AV26: 人時性 | AW26: 排名
B27: 18℃-壽司手卷 | C27: 1 | D27: 一配長野稻荷壽司 | E27: 11 | F27: 3600 | G27: =F27/E27 -> 327.27273 | H27: =AVERAGE(G27:G41) -> 358.78788 | I27: =AVERAGE(P27,U27,Z27,AE27,AJ27,AO27,AT27) -> 10.428571 | J27: =AVERAGE(Q27,V27,AA27,AF27,AK27,AP27,AU27) -> 3185.5443 | K27: =AVERAGE(R27,W27,AB27,AG27,AL27,AQ27,AV27) -> 306.1491 | L27: =IFERROR(AVERAGE(K27:K41),"-") -> 328.28594 | M27: =RANK(K27, K$27:$K$41) -> 3 | P27: 11 | Q27: 3183.7957 | R27: =IFERROR(Q27/P27,"") -> 289.43598 | S27: =RANK(R27, R$27:R$41) -> 3 | T27: =AVERAGE(R27:R41) -> 319.48213 | U27: 11 | V27: 3184.1557 | W27: =IFERROR(V27/U27,"") -> 289.4687 | X27: =RANK(W27, W$27:W$41) -> 3 | Y27: =AVERAGE(W27:W41) -> 319.5021 | Z27: 11 | AA27: 3184.1557 | AB27: =IFERROR(AA27/Z27,"") -> 289.4687 | AC27: =RANK(AB27, AB$27:AB$41) -> 3 | AD27: =AVERAGE(AB27:AB41) -> 319.46677 | AE27: 10 | AF27: 3185.2357 | AG27: =IFERROR(AF27/AE27,"") -> 318.52357 | AH27: =RANK(AG27, AG$27:AG$41) -> 3 | AI27: =AVERAGE(AG27:AG41) -> 334.80391 | AJ27: 10 | AK27: 3185.9557 | AL27: =IFERROR(AK27/AJ27,"") -> 318.59557 | AM27: =RANK(AL27, AL$27:AL$41) -> 3 | AN27: =AVERAGE(AL27:AL41) -> 334.88315 | AO27: 10 | AP27: 3187.7557 | AQ27: =IFERROR(AP27/AO27,"") -> 318.77557 | AR27: =RANK(AQ27, AQ$27:AQ$41) -> 3 | AS27: =AVERAGE(AQ27:AQ41) -> 334.92428 | AT27: 10 | AU27: 3187.7557 | AV27: =IFERROR(AU27/AT27,"") -> 318.77557 | AW27: =RANK(AV27, AV$27:AV$41) -> 3 | AX27: =AVERAGE(AV27:AV41) -> 334.93921
C28: 2 | D28: 一配經典鮪魚沙拉細卷 | E28: 6 | F28: 2600 | G28: =F28/E28 -> 433.33333 | I28: =AVERAGE(P28,U28,Z28,AE28,AJ28,AO28,AT28) -> 6 | J28: =AVERAGE(Q28,V28,AA28,AF28,AK28,AP28,AU28) -> 2345.2773 | K28: =AVERAGE(R28,W28,AB28,AG28,AL28,AQ28,AV28) -> 390.87955 | M28: =RANK(K28, K$27:$K$41) -> 1 | P28: 6 | Q28: 2344.8123 | R28: =IFERROR(Q28/P28,"") -> 390.80205 | S28: =RANK(R28, R$27:R$41) -> 2 | U28: 6 | V28: 2345.5549 | W28: =IFERROR(V28/U28,"") -> 390.92582 | X28: =RANK(W28, W$27:W$41) -> 1 | Z28: 6 | AA28: 2345.0349 | AB28: =IFERROR(AA28/Z28,"") -> 390.83915 | AC28: =RANK(AB28, AB$27:AB$41) -> 2 | AE28: 6 | AF28: 2344.5149 | AG28: =IFERROR(AF28/AE28,"") -> 390.75248 | AH28: =RANK(AG28, AG$27:AG$41) -> 2 | AJ28: 6 | AK28: 2346.4547 | AL28: =IFERROR(AK28/AJ28,"") -> 391.07579 | AM28: =RANK(AL28, AL$27:AL$41) -> 1 | AO28: 6 | AP28: 2345.9347 | AQ28: =IFERROR(AP28/AO28,"") -> 390.98912 | AR28: =RANK(AQ28, AQ$27:AQ$41) -> 1 | AT28: 6 | AU28: 2344.6347 | AV28: =IFERROR(AU28/AT28,"") -> 390.77245 | AW28: =RANK(AV28, AV$27:AV$41) -> 2
C29: 3 | D29: 一配雙鬆細卷 | E29: 6 | F29: 2600 | G29: =F29/E29 -> 433.33333 | I29: =AVERAGE(P29,U29,Z29,AE29,AJ29,AO29,AT29) -> 6 | J29: =AVERAGE(Q29,V29,AA29,AF29,AK29,AP29,AU29) -> 2345.1681 | K29: =AVERAGE(R29,W29,AB29,AG29,AL29,AQ29,AV29) -> 390.86135 | M29: =RANK(K29, K$27:$K$41) -> 2 | P29: 6 | Q29: 2345.935 | R29: =IFERROR(Q29/P29,"") -> 390.98916 | S29: =RANK(R29, R$27:R$41) -> 1 | U29: 6 | V29: 2345.415 | W29: =IFERROR(V29/U29,"") -> 390.90249 | X29: =RANK(W29, W$27:W$41) -> 2 | Z29: 6 | AA29: 2345.415 | AB29: =IFERROR(AA29/Z29,"") -> 390.90249 | AC29: =RANK(AB29, AB$27:AB$41) -> 1 | AE29: 6 | AF29: 2345.155 | AG29: =IFERROR(AF29/AE29,"") -> 390.85916 | AH29: =RANK(AG29, AG$27:AG$41) -> 1 | AJ29: 6 | AK29: 2344.375 | AL29: =IFERROR(AK29/AJ29,"") -> 390.72916 | AM29: =RANK(AL29, AL$27:AL$41) -> 2 | AO29: 6 | AP29: 2344.0669 | AQ29: =IFERROR(AP29/AO29,"") -> 390.67782 | AR29: =RANK(AQ29, AQ$27:AQ$41) -> 2 | AT29: 6 | AU29: 2345.8149 | AV29: =IFERROR(AU29/AT29,"") -> 390.96915 | AW29: =RANK(AV29, AV$27:AV$41) -> 1
C30: 4 | D30: 一配經典人氣雙手卷 | E30: 12 | F30: 3600 | G30: =F30/E30 -> 300 | I30: =AVERAGE(P30,U30,Z30,AE30,AJ30,AO30,AT30) -> 11.428571 | J30: =AVERAGE(Q30,V30,AA30,AF30,AK30,AP30,AU30) -> 3157.6103 | K30: =AVERAGE(R30,W30,AB30,AG30,AL30,AQ30,AV30) -> 276.801 | M30: =RANK(K30, K$27:$K$41) -> 4 | P30: 12 | Q30: 3158.7417 | R30: =IFERROR(Q30/P30,"") -> 263.22848 | S30: =RANK(R30, R$27:R$41) -> 4 | U30: 12 | V30: 3158.3817 | W30: =IFERROR(V30/U30,"") -> 263.19848 | X30: =RANK(W30, W$27:W$41) -> 4 | Z30: 12 | AA30: 3158.0217 | AB30: =IFERROR(AA30/Z30,"") -> 263.16848 | AC30: =RANK(AB30, AB$27:AB$41) -> 4 | AE30: 11 | AF30: 3156.5817 | AG30: =IFERROR(AF30/AE30,"") -> 286.96198 | AH30: =RANK(AG30, AG$27:AG$41) -> 4 | AJ30: 11 | AK30: 3156.5817 | AL30: =IFERROR(AK30/AJ30,"") -> 286.96198 | AM30: =RANK(AL30, AL$27:AL$41) -> 5 | AO30: 11 | AP30: 3157.6617 | AQ30: =IFERROR(AP30/AO30,"") -> 287.06016 | AR30: =RANK(AQ30, AQ$27:AQ$41) -> 5 | AT30: 11 | AU30: 3157.3017 | AV30: =IFERROR(AU30/AT30,"") -> 287.02743 | AW30: =RANK(AV30, AV$27:AV$41) -> 5
C31: 5 | D31: 一配鮭鮪海饌雙手卷 | E31: 12 | F31: 3600 | G31: =F31/E31 -> 300 | I31: =AVERAGE(P31,U31,Z31,AE31,AJ31,AO31,AT31) -> 11.428571 | J31: =AVERAGE(Q31,V31,AA31,AF31,AK31,AP31,AU31) -> 3156.8292 | K31: =AVERAGE(R31,W31,AB31,AG31,AL31,AQ31,AV31) -> 276.7387 | M31: =RANK(K31, K$27:$K$41) -> 5 | P31: 12 | Q31: 3155.46 | R31: =IFERROR(Q31/P31,"") -> 262.955 | S31: =RANK(R31, R$27:R$41) -> 5 | U31: 12 | V31: 3156.18 | W31: =IFERROR(V31/U31,"") -> 263.015 | X31: =RANK(W31, W$27:W$41) -> 5 | Z31: 12 | AA31: 3155.4604 | AB31: =IFERROR(AA31/Z31,"") -> 262.95503 | AC31: =RANK(AB31, AB$27:AB$41) -> 5 | AE31: 11 | AF31: 3156.1461 | AG31: =IFERROR(AF31/AE31,"") -> 286.92237 | AH31: =RANK(AG31, AG$27:AG$41) -> 5 | AJ31: 11 | AK31: 3157.5861 | AL31: =IFERROR(AK31/AJ31,"") -> 287.05328 | AM31: =RANK(AL31, AL$27:AL$41) -> 4 | AO31: 11 | AP31: 3158.3061 | AQ31: =IFERROR(AP31/AO31,"") -> 287.11873 | AR31: =RANK(AQ31, AQ$27:AQ$41) -> 4 | AT31: 11 | AU31: 3158.6661 | AV31: =IFERROR(AU31/AT31,"") -> 287.15146 | AW31: =RANK(AV31, AV$27:AV$41) -> 4
C32: 6
C33: 7
C34: 8
C35: 9
C36: 10
C37: 11
C38: 12
C39: 13
C40: 14
C41: 15

Sheet （５-3）品群別人時生產性(4℃-飯糰)
B1: 5月平均人時性 | C1: =AVERAGE(L7,L27) -> 346.03759
B2: 產線配置圖－每週更新(0428-0504) | N2: 資料繳交 | O2: 日期 | P2: 46140 | U2: 46141 | Z2: 46142 | AE2: 46143 | AJ2: 46144 | AO2: 46145 | AT2: 46146
P3: 46140 | U3: 46141 | Z3: 46142 | AE3: 46143 | AJ3: 46144 | AO3: 46145 | AT3: 46146
B4: 品群 | C4: 商品名稱 | E4: 計畫 | H4: 平均人時性 | I4: 實績 (週平均) | L4: 平均人時性 | M4: 排名 | O4: 日報 | P4: 實際 | T4: 平均人時性 | U4: 實際 | Y4: 平均人時性 | Z4: 實際 | AD4: 平均人時性 | AE4: 實際 | AI4: 平均人時性 | AJ4: 實際 | AN4: 平均人時性 | AO4: 實際 | AS4: 平均人時性 | AT4: 實際 | AX4: 平均人時性
E5: 產線配置圖 | I5: 產線配置圖 | P5: 生產實績 | U5: 生產實績 | Z5: 生產實績 | AE5: 生產實績 | AJ5: 生產實績 | AO5: 生產實績 | AT5: 生產實績
E6: 人數 | F6: 產能／時 | G6: 人時性 | I6: 人數 | J6: 產能／時 | K6: 人時性 | P6: 人數 | Q6: 產能／時 | R6: 人時性 | S6: 排名 | U6: 人數 | V6: 產能／時 | W6: 人時性 | X6: 排名 | Z6: 人數 | AA6: 產能／時 | AB6: 人時性 | AC6: 排名 | AE6: 人數 | AF6: 產能／時 | AG6: 人時性 | AH6: 排名 | AJ6: 人數 | AK6: 產能／時 | AL6: 人時性 | AM6: 排名 | AO6: 人數 | AP6: 產能／時 | AQ6: 人時性 | AR6: 排名 | AT6: 人數 | AU6: 產能／時 | AV6: 人時性 | AW6: 排名
B7: 4℃-飯糰 | C7: 1 | D7: 麻油雞飯糰 | E7: 21 | F7: 2790 | G7: =F7/E7 -> 132.85714 | H7: =AVERAGE(G7:G21) -> 366.42857 | I7: =AVERAGE(P7,U7,Z7,AE7,AJ7,AO7,AT7) -> 21.714286 | J7: =AVERAGE(Q7,V7,AA7,AF7,AK7,AP7,AU7) -> 2585.9313 | K7: =AVERAGE(R7,W7,AB7,AG7,AL7,AQ7,AV7) -> 119.07862 | L7: =IFERROR(AVERAGE(K7:K21),"-") -> 330.92771 | M7: =RANK(K7, K$7:$K$21) -> 2 | P7: 22 | Q7: 2626.6346 | R7: =IFERROR(Q7/P7,"") -> 119.39248 | S7: =RANK(R7, R$7:R$21) -> 2 | T7: =AVERAGE(R7:R21) -> 331.29464 | U7: 22 | V7: 2626.6346 | W7: =IFERROR(V7/U7,"") -> 119.39248 | X7: =RANK(W7, W$7:W$21) -> 2 | Y7: =AVERAGE(W7:W21) -> 331.17464 | Z7: 22 | AA7: 2626.6346 | AB7: =IFERROR(AA7/Z7,"") -> 119.39248 | AC7: =RANK(AB7, AB$7:AB$21) -> 2 | AD7: =AVERAGE(AB7:AB21) -> 331.02464 | AE7: 22 | AF7: 2626.6346 | AG7: =IFERROR(AF7/AE7,"") -> 119.39248 | AH7: =RANK(AG7, AG$7:AG$21) -> 2 | AI7: =AVERAGE(AG7:AG21) -> 331.02464 | AJ7: 22 | AK7: 2626.6346 | AL7: =IFERROR(AK7/AJ7,"") -> 119.39248 | AM7: =RANK(AL7, AL$7:AL$21) -> 2 | AN7: =AVERAGE(AL7:AL21) -> 331.14464 | AO7: 21 | AP7: 2484.1731 | AQ7: =IFERROR(AP7/AO7,"") -> 118.29396 | AR7: =RANK(AQ7, AQ$7:AQ$21) -> 2 | AS7: =AVERAGE(AQ7:AQ21) -> 330.47538 | AT7: 21 | AU7: 2484.1731 | AV7: =IFERROR(AU7/AT7,"") -> 118.29396 | AW7: =RANK(AV7, AV$7:AV$21) -> 2 | AX7: =AVERAGE(AV7:AV21) -> 330.35538
C8: 2 | D8: 蟹味可樂餅風炸飯糰 | E8: 6 | F8: 3600 | G8: =F8/E8 -> 600 | I8: =AVERAGE(P8,U8,Z8,AE8,AJ8,AO8,AT8) -> 6 | J8: =AVERAGE(Q8,V8,AA8,AF8,AK8,AP8,AU8) -> 3256.6608 | K8: =AVERAGE(R8,W8,AB8,AG8,AL8,AQ8,AV8) -> 542.7768 | M8: =RANK(K8, K$7:$K$21) -> 1 | P8: 6 | Q8: 3259.1808 | R8: =IFERROR(Q8/P8,"") -> 543.1968 | S8: =RANK(R8, R$7:R$21) -> 1 | U8: 6 | V8: 3257.7408 | W8: =IFERROR(V8/U8,"") -> 542.9568 | X8: =RANK(W8, W$7:W$21) -> 1 | Z8: 6 | AA8: 3255.9408 | AB8: =IFERROR(AA8/Z8,"") -> 542.6568 | AC8: =RANK(AB8, AB$7:AB$21) -> 1 | AE8: 6 | AF8: 3255.9408 | AG8: =IFERROR(AF8/AE8,"") -> 542.6568 | AH8: =RANK(AG8, AG$7:AG$21) -> 1 | AJ8: 6 | AK8: 3257.3808 | AL8: =IFERROR(AK8/AJ8,"") -> 542.8968 | AM8: =RANK(AL8, AL$7:AL$21) -> 1 | AO8: 6 | AP8: 3255.9408 | AQ8: =IFERROR(AP8/AO8,"") -> 542.6568 | AR8: =RANK(AQ8, AQ$7:AQ$21) -> 1 | AT8: 6 | AU8: 3254.5008 | AV8: =IFERROR(AU8/AT8,"") -> 542.4168 | AW8: =RANK(AV8, AV$7:AV$21) -> 1
C9: 3
C10: 4
C11: 5
C12: 6
C13: 7
C14: 8
C15: 9
C16: 10
C17: 11
C18: 12
C19: 13
C20: 14
C21: 15
B22: 產線配置圖－每週更新(0505-0511) | N22: 資料繳交 | O22: 日期 | P22: 46147 | U22: 46148 | Z22: 46149 | AE22: 46150 | AJ22: 46151 | AO22: 46152 | AT22: 46153
P23: 46147 | U23: 46148 | Z23: 46149 | AE23: 46150 | AJ23: 46151 | AO23: 46152 | AT23: 46153
B24: 品群 | C24: 商品名稱 | E24: 計畫 | H24: 平均人時性 | I24: 實績 (週平均) | L24: 平均人時性 | M24: 排名 | O24: 日報 | P24: 實際 | T24: 平均人時性 | U24: 實際 | Y24: 平均人時性 | Z24: 實際 | AD24: 平均人時性 | AE24: 實際 | AI24: 平均人時性 | AJ24: 實際 | AN24: 平均人時性 | AO24: 實際 | AS24: 平均人時性 | AT24: 實際 | AX24: 平均人時性
E25: 產線配置圖 | I25: 產線配置圖 | P25: 生產實績 | U25: 生產實績 | Z25: 生產實績 | AE25: 生產實績 | AJ25: 生產實績 | AO25: 生產實績 | AT25: 生產實績
E26: 人數 | F26: 產能／時 | G26: 人時性 | I26: 人數 | J26: 產能／時 | K26: 人時性 | P26: 人數 | Q26: 產能／時 | R26: 人時性 | S26: 排名 | U26: 人數 | V26: 產能／時 | W26: 人時性 | X26: 排名 | Z26: 人數 | AA26: 產能／時 | AB26: 人時性 | AC26: 排名 | AE26: 人數 | AF26: 產能／時 | AG26: 人時性 | AH26: 排名 | AJ26: 人數 | AK26: 產能／時 | AL26: 人時性 | AM26: 排名 | AO26: 人數 | AP26: 產能／時 | AQ26: 人時性 | AR26: 排名 | AT26: 人數 | AU26: 產能／時 | AV26: 人時性 | AW26: 排名
B27: 4℃-飯糰 | C27: 1 | D27: 麻油雞飯糰 | E27: 21 | F27: 2790 | G27: =F27/E27 -> 132.85714 | H27: =AVERAGE(G27:G41) -> 366.42857 | I27: =AVERAGE(P27,U27,Z27,AE27,AJ27,AO27,AT27) -> 21 | J27: =AVERAGE(Q27,V27,AA27,AF27,AK27,AP27,AU27) -> 2484.1731 | K27: =AVERAGE(R27,W27,AB27,AG27,AL27,AQ27,AV27) -> 118.29396 | L27: =IFERROR(AVERAGE(K27:K41),"-") -> 361.14748 | M27: =RANK(K27, K$27:$K$41) -> 2 | P27: 21 | Q27: 2484.1731 | R27: =IFERROR(Q27/P27,"") -> 118.29396 | S27: =RANK(R27, R$27:R$41) -> 2 | T27: =AVERAGE(R27:R41) -> 330.32538 | U27: 21 | V27: 2484.1731 | W27: =IFERROR(V27/U27,"") -> 118.29396 | X27: =RANK(W27, W$27:W$41) -> 2 | Y27: =AVERAGE(W27:W41) -> 330.20538 | Z27: 21 | AA27: 2484.1731 | AB27: =IFERROR(AA27/Z27,"") -> 118.29396 | AC27: =RANK(AB27, AB$27:AB$41) -> 2 | AD27: =AVERAGE(AB27:AB41) -> 330.08538 | AE27: 21 | AF27: 2484.1731 | AG27: =IFERROR(AF27/AE27,"") -> 118.29396 | AH27: =RANK(AG27, AG$27:AG$41) -> 2 | AI27: =AVERAGE(AG27:AG41) -> 384.45306 | AJ27: 21 | AK27: 2484.1731 | AL27: =IFERROR(AK27/AJ27,"") -> 118.29396 | AM27: =RANK(AL27, AL$27:AL$41) -> 2 | AN27: =AVERAGE(AL27:AL41) -> 384.38106 | AO27: 21 | AP27: 2484.1731 | AQ27: =IFERROR(AP27/AO27,"") -> 118.29396 | AR27: =RANK(AQ27, AQ$27:AQ$41) -> 2 | AS27: =AVERAGE(AQ27:AQ41) -> 384.34506 | AT27: 21 | AU27: 2484.1731 | AV27: =IFERROR(AU27/AT27,"") -> 118.29396 | AW27: =RANK(AV27, AV$27:AV$41) -> 2 | AX27: =AVERAGE(AV27:AV41) -> 384.23706
C28: 2 | D28: 蟹味可樂餅風炸飯糰 | E28: 6 | F28: 3600 | G28: =F28/E28 -> 600 | I28: =AVERAGE(P28,U28,Z28,AE28,AJ28,AO28,AT28) -> 5.4285714 | J28: =AVERAGE(Q28,V28,AA28,AF28,AK28,AP28,AU28) -> 3252.3408 | K28: =AVERAGE(R28,W28,AB28,AG28,AL28,AQ28,AV28) -> 604.001 | M28: =RANK(K28, K$27:$K$41) -> 1 | P28: 6 | Q28: 3254.1408 | R28: =IFERROR(Q28/P28,"") -> 542.3568 | S28: =RANK(R28, R$27:R$41) -> 1 | U28: 6 | V28: 3252.7008 | W28: =IFERROR(V28/U28,"") -> 542.1168 | X28: =RANK(W28, W$27:W$41) -> 1 | Z28: 6 | AA28: 3251.2608 | AB28: =IFERROR(AA28/Z28,"") -> 541.8768 | AC28: =RANK(AB28, AB$27:AB$41) -> 1 | AE28: 5 | AF28: 3253.0608 | AG28: =IFERROR(AF28/AE28,"") -> 650.61216 | AH28: =RANK(AG28, AG$27:AG$41) -> 1 | AJ28: 5 | AK28: 3252.3408 | AL28: =IFERROR(AK28/AJ28,"") -> 650.46816 | AM28: =RANK(AL28, AL$27:AL$41) -> 1 | AO28: 5 | AP28: 3251.9808 | AQ28: =IFERROR(AP28/AO28,"") -> 650.39616 | AR28: =RANK(AQ28, AQ$27:AQ$41) -> 1 | AT28: 5 | AU28: 3250.9008 | AV28: =IFERROR(AU28/AT28,"") -> 650.18016 | AW28: =RANK(AV28, AV$27:AV$41) -> 1
C29: 3
C30: 4
C31: 5
C32: 6
C33: 7
C34: 8
C35: 9
C36: 10
C37: 11
C38: 12
C39: 13
C40: 14
C41: 15

Sheet （５-4）品群別人時生產性(4℃-壽司手卷)
B1: 5月平均人時性 | C1: =AVERAGE(L7,L27) -> 353.15448
B2: 產線配置圖－每週更新(0428-0504) | N2: 資料繳交 | O2: 日期 | P2: 46140 | U2: 46141 | Z2: 46142 | AE2: 46143 | AJ2: 46144 | AO2: 46145 | AT2: 46146
P3: 46140 | U3: 46141 | Z3: 46142 | AE3: 46143 | AJ3: 46144 | AO3: 46145 | AT3: 46146
B4: 品群 | C4: 商品名稱 | E4: 計畫 | H4: 平均人時性 | I4: 實績 (週平均) | L4: 平均人時性 | M4: 排名 | O4: 日報 | P4: 實際 | T4: 平均人時性 | U4: 實際 | Y4: 平均人時性 | Z4: 實際 | AD4: 平均人時性 | AE4: 實際 | AI4: 平均人時性 | AJ4: 實際 | AN4: 平均人時性 | AO4: 實際 | AS4: 平均人時性 | AT4: 實際 | AX4: 平均人時性
E5: 產線配置圖 | I5: 產線配置圖 | P5: 生產實績 | U5: 生產實績 | Z5: 生產實績 | AE5: 生產實績 | AJ5: 生產實績 | AO5: 生產實績 | AT5: 生產實績
E6: 人數 | F6: 產能／時 | G6: 人時性 | I6: 人數 | J6: 產能／時 | K6: 人時性 | P6: 人數 | Q6: 產能／時 | R6: 人時性 | S6: 排名 | U6: 人數 | V6: 產能／時 | W6: 人時性 | X6: 排名 | Z6: 人數 | AA6: 產能／時 | AB6: 人時性 | AC6: 排名 | AE6: 人數 | AF6: 產能／時 | AG6: 人時性 | AH6: 排名 | AJ6: 人數 | AK6: 產能／時 | AL6: 人時性 | AM6: 排名 | AO6: 人數 | AP6: 產能／時 | AQ6: 人時性 | AR6: 排名 | AT6: 人數 | AU6: 產能／時 | AV6: 人時性 | AW6: 排名
B7: 4℃-壽司手卷 | C7: 1 | D7: 元氣三重稻荷組 | E7: 11 | F7: 3000 | G7: =F7/E7 -> 272.72727 | H7: =AVERAGE(G7:G21) -> 368.68687 | I7: =AVERAGE(P7,U7,Z7,AE7,AJ7,AO7,AT7) -> 11 | J7: =AVERAGE(Q7,V7,AA7,AF7,AK7,AP7,AU7) -> 2652.118 | K7: =AVERAGE(R7,W7,AB7,AG7,AL7,AQ7,AV7) -> 241.10164 | L7: =IFERROR(AVERAGE(K7:K21),"-") -> 330.46633 | M7: =RANK(K7, K$7:$K$21) -> 3 | P7: 11 | Q7: 2651.518 | R7: =IFERROR(Q7/P7,"") -> 241.04709 | S7: =RANK(R7, R$7:R$21) -> 3 | T7: =AVERAGE(R7:R21) -> 330.30738 | U7: 11 | V7: 2651.818 | W7: =IFERROR(V7/U7,"") -> 241.07436 | X7: =RANK(W7, W$7:W$21) -> 3 | Y7: =AVERAGE(W7:W21) -> 330.35813 | Z7: 11 | AA7: 2653.018 | AB7: =IFERROR(AA7/Z7,"") -> 241.18346 | AC7: =RANK(AB7, AB$7:AB$21) -> 3 | AD7: =AVERAGE(AB7:AB21) -> 330.43454 | AI7: =AVERAGE(AG7:AG21) -> 375.08092 | AN7: =AVERAGE(AL7:AL21) -> 375.03926 | AS7: =AVERAGE(AQ7:AQ21) -> 375.18509 | AX7: =AVERAGE(AV7:AV21) -> 375.73783
C8: 2 | D8: 山葵生鮪魚泥脆卷 | E8: 6 | F8: 2500 | G8: =F8/E8 -> 416.66667 | I8: =AVERAGE(P8,U8,Z8,AE8,AJ8,AO8,AT8) -> 6 | J8: =AVERAGE(Q8,V8,AA8,AF8,AK8,AP8,AU8) -> 2250.7227 | K8: =AVERAGE(R8,W8,AB8,AG8,AL8,AQ8,AV8) -> 375.12045 | M8: =RANK(K8, K$7:$K$21) -> 2 | P8: 6 | Q8: 2249.181 | R8: =IFERROR(Q8/P8,"") -> 374.8635 | S8: =RANK(R8, R$7:R$21) -> 2 | U8: 6 | V8: 2249.181 | W8: =IFERROR(V8/U8,"") -> 374.8635 | X8: =RANK(W8, W$7:W$21) -> 2 | Z8: 6 | AA8: 2250.1519 | AB8: =IFERROR(AA8/Z8,"") -> 375.02531 | AC8: =RANK(AB8, AB$7:AB$21) -> 2 | AE8: 6 | AF8: 2250.4019 | AG8: =IFERROR(AF8/AE8,"") -> 375.06698 | AH8: =RANK(AG8, AG$7:AG$21) -> 2 | AJ8: 6 | AK8: 2249.9019 | AL8: =IFERROR(AK8/AJ8,"") -> 374.98365 | AM8: =RANK(AL8, AL$7:AL$21) -> 2 | AO8: 6 | AP8: 2251.1519 | AQ8: =IFERROR(AP8/AO8,"") -> 375.19198 | AR8: =RANK(AQ8, AQ$7:AQ$21) -> 1 | AT8: 6 | AU8: 2255.0894 | AV8: =IFERROR(AU8/AT8,"") -> 375.84823 | AW8: =RANK(AV8, AV$7:AV$21) -> 1
C9: 3 | D9: 醬油生鮭脆卷 | E9: 6 | F9: 2500 | G9: =F9/E9 -> 416.66667 | I9: =AVERAGE(P9,U9,Z9,AE9,AJ9,AO9,AT9) -> 6 | J9: =AVERAGE(Q9,V9,AA9,AF9,AK9,AP9,AU9) -> 2251.0614 | K9: =AVERAGE(R9,W9,AB9,AG9,AL9,AQ9,AV9) -> 375.1769 | M9: =RANK(K9, K$7:$K$21) -> 1 | P9: 6 | Q9: 2250.0692 | R9: =IFERROR(Q9/P9,"") -> 375.01153 | S9: =RANK(R9, R$7:R$21) -> 1 | U9: 6 | V9: 2250.8192 | W9: =IFERROR(V9/U9,"") -> 375.13653 | X9: =RANK(W9, W$7:W$21) -> 1 | Z9: 6 | AA9: 2250.5692 | AB9: =IFERROR(AA9/Z9,"") -> 375.09487 | AC9: =RANK(AB9, AB$7:AB$21) -> 1 | AE9: 6 | AF9: 2250.5692 | AG9: =IFERROR(AF9/AE9,"") -> 375.09487 | AH9: =RANK(AG9, AG$7:AG$21) -> 1 | AJ9: 6 | AK9: 2250.5692 | AL9: =IFERROR(AK9/AJ9,"") -> 375.09487 | AM9: =RANK(AL9, AL$7:AL$21) -> 1 | AO9: 6 | AP9: 2251.0692 | AQ9: =IFERROR(AP9/AO9,"") -> 375.1782 | AR9: =RANK(AQ9, AQ$7:AQ$21) -> 2 | AT9: 6 | AU9: 2253.7646 | AV9: =IFERROR(AU9/AT9,"") -> 375.62744 | AW9: =RANK(AV9, AV$7:AV$21) -> 2
C10: 4
C11: 5
C12: 6
C13: 7
C14: 8
C15: 9
C16: 10
C17: 11
C18: 12
C19: 13
C20: 14
C21: 15
B22: 產線配置圖－每週更新(0505-0511) | N22: 資料繳交 | O22: 日期 | P22: 46147 | U22: 46148 | Z22: 46149 | AE22: 46150 | AJ22: 46151 | AO22: 46152 | AT22: 46153
P23: 46147 | U23: 46148 | Z23: 46149 | AE23: 46150 | AJ23: 46151 | AO23: 46152 | AT23: 46153
B24: 品群 | C24: 商品名稱 | E24: 計畫 | H24: 平均人時性 | I24: 實績 (週平均) | L24: 平均人時性 | M24: 排名 | O24: 日報 | P24: 實際 | T24: 平均人時性 | U24: 實際 | Y24: 平均人時性 | Z24: 實際 | AD24: 平均人時性 | AE24: 實際 | AI24: 平均人時性 | AJ24: 實際 | AN24: 平均人時性 | AO24: 實際 | AS24: 平均人時性 | AT24: 實際 | AX24: 平均人時性
E25: 產線配置圖 | I25: 產線配置圖 | P25: 生產實績 | U25: 生產實績 | Z25: 生產實績 | AE25: 生產實績 | AJ25: 生產實績 | AO25: 生產實績 | AT25: 生產實績
E26: 人數 | F26: 產能／時 | G26: 人時性 | I26: 人數 | J26: 產能／時 | K26: 人時性 | P26: 人數 | Q26: 產能／時 | R26: 人時性 | S26: 排名 | U26: 人數 | V26: 產能／時 | W26: 人時性 | X26: 排名 | Z26: 人數 | AA26: 產能／時 | AB26: 人時性 | AC26: 排名 | AE26: 人數 | AF26: 產能／時 | AG26: 人時性 | AH26: 排名 | AJ26: 人數 | AK26: 產能／時 | AL26: 人時性 | AM26: 排名 | AO26: 人數 | AP26: 產能／時 | AQ26: 人時性 | AR26: 排名 | AT26: 人數 | AU26: 產能／時 | AV26: 人時性 | AW26: 排名
B27: 4℃-壽司手卷 | C27: 1 | D27: 山葵生鮪魚泥脆卷 | E27: 6 | F27: 2500 | G27: =F27/E27 -> 416.66667 | H27: =AVERAGE(G27:G41) -> 416.66667 | I27: =AVERAGE(P27,U27,Z27,AE27,AJ27,AO27,AT27) -> 6 | J27: =AVERAGE(Q27,V27,AA27,AF27,AK27,AP27,AU27) -> 2255.3751 | K27: =AVERAGE(R27,W27,AB27,AG27,AL27,AQ27,AV27) -> 375.89585 | L27: =IFERROR(AVERAGE(K27:K41),"-") -> 375.84262 | M27: =RANK(K27, K$27:$K$41) -> 1 | P27: 6 | Q27: 2255.8394 | R27: =IFERROR(Q27/P27,"") -> 375.97323 | S27: =RANK(R27, R$27:R$41) -> 1 | T27: =AVERAGE(R27:R41) -> 375.80033 | U27: 6 | V27: 2255.0894 | W27: =IFERROR(V27/U27,"") -> 375.84823 | X27: =RANK(W27, W$27:W$41) -> 1 | Y27: =AVERAGE(W27:W41) -> 375.80033 | Z27: 6 | AA27: 2255.0894 | AB27: =IFERROR(AA27/Z27,"") -> 375.84823 | AC27: =RANK(AB27, AB$27:AB$41) -> 1 | AD27: =AVERAGE(AB27:AB41) -> 375.7795 | AE27: 6 | AF27: 2255.3394 | AG27: =IFERROR(AF27/AE27,"") -> 375.8899 | AH27: =RANK(AG27, AG$27:AG$41) -> 1 | AI27: =AVERAGE(AG27:AG41) -> 375.75867 | AJ27: 6 | AK27: 2256.0894 | AL27: =IFERROR(AK27/AJ27,"") -> 376.0149 | AM27: =RANK(AL27, AL$27:AL$41) -> 1 | AN27: =AVERAGE(AL27:AL41) -> 375.96151 | AO27: 6 | AP27: 2254.8394 | AQ27: =IFERROR(AP27/AO27,"") -> 375.80656 | AR27: =RANK(AQ27, AQ$27:AQ$41) -> 2 | AS27: =AVERAGE(AQ27:AQ41) -> 375.83651 | AT27: 6 | AU27: 2255.3394 | AV27: =IFERROR(AU27/AT27,"") -> 375.8899 | AW27: =RANK(AV27, AV$27:AV$41) -> 2 | AX27: =AVERAGE(AV27:AV41) -> 375.96151
C28: 2 | D28: 醬油生鮭脆卷 | E28: 6 | F28: 2500 | G28: =F28/E28 -> 416.66667 | I28: =AVERAGE(P28,U28,Z28,AE28,AJ28,AO28,AT28) -> 6 | J28: =AVERAGE(Q28,V28,AA28,AF28,AK28,AP28,AU28) -> 2254.7364 | K28: =AVERAGE(R28,W28,AB28,AG28,AL28,AQ28,AV28) -> 375.78939 | M28: =RANK(K28, K$27:$K$41) -> 2 | P28: 6 | Q28: 2253.7646 | R28: =IFERROR(Q28/P28,"") -> 375.62744 | S28: =RANK(R28, R$27:R$41) -> 2 | U28: 6 | V28: 2254.5146 | W28: =IFERROR(V28/U28,"") -> 375.75244 | X28: =RANK(W28, W$27:W$41) -> 2 | Z28: 6 | AA28: 2254.2646 | AB28: =IFERROR(AA28/Z28,"") -> 375.71077 | AC28: =RANK(AB28, AB$27:AB$41) -> 2 | AE28: 6 | AF28: 2253.7646 | AG28: =IFERROR(AF28/AE28,"") -> 375.62744 | AH28: =RANK(AG28, AG$27:AG$41) -> 2 | AJ28: 6 | AK28: 2255.4487 | AL28: =IFERROR(AK28/AJ28,"") -> 375.90811 | AM28: =RANK(AL28, AL$27:AL$41) -> 2 | AO28: 6 | AP28: 2255.1987 | AQ28: =IFERROR(AP28/AO28,"") -> 375.86645 | AR28: =RANK(AQ28, AQ$27:AQ$41) -> 1 | AT28: 6 | AU28: 2256.1987 | AV28: =IFERROR(AU28/AT28,"") -> 376.03311 | AW28: =RANK(AV28, AV$27:AV$41) -> 1
C29: 3
C30: 4
C31: 5
C32: 6
C33: 7
C34: 8
C35: 9
C36: 10
C37: 11
C38: 12
C39: 13
C40: 14
C41: 15

Sheet （５-5）品群別人時生產性(微波主食) 
B1: 5月平均人時性 | C1: =AVERAGE(L7,L27) -> 85.277751
B2: 產線配置圖－每週更新(0428-0504) | N2: 資料繳交 | O2: 日期 | P2: 46140 | U2: 46141 | Z2: 46142 | AE2: 46143 | AJ2: 46144 | AO2: 46145 | AT2: 46146
P3: 46140 | U3: 46141 | Z3: 46142 | AE3: 46143 | AJ3: 46144 | AO3: 46145 | AT3: 46146
B4: 品群 | C4: 商品名稱 | E4: 計畫 | H4: 平均人時性 | I4: 實績 (週平均) | L4: 平均人時性 | M4: 排名 | O4: 日報 | P4: 實際 | T4: 平均人時性 | U4: 實際 | Y4: 平均人時性 | Z4: 實際 | AD4: 平均人時性 | AE4: 實際 | AI4: 平均人時性 | AJ4: 實際 | AN4: 平均人時性 | AO4: 實際 | AS4: 平均人時性 | AT4: 實際 | AX4: 平均人時性
E5: 產線配置圖 | I5: 產線配置圖 | P5: 生產實績 | U5: 生產實績 | Z5: 生產實績 | AE5: 生產實績 | AJ5: 生產實績 | AO5: 生產實績 | AT5: 生產實績
E6: 人數 | F6: 產能／時 | G6: 人時性 | I6: 人數 | J6: 產能／時 | K6: 人時性 | P6: 人數 | Q6: 產能／時 | R6: 人時性 | S6: 排名 | U6: 人數 | V6: 產能／時 | W6: 人時性 | X6: 排名 | Z6: 人數 | AA6: 產能／時 | AB6: 人時性 | AC6: 排名 | AE6: 人數 | AF6: 產能／時 | AG6: 人時性 | AH6: 排名 | AJ6: 人數 | AK6: 產能／時 | AL6: 人時性 | AM6: 排名 | AO6: 人數 | AP6: 產能／時 | AQ6: 人時性 | AR6: 排名 | AT6: 人數 | AU6: 產能／時 | AV6: 人時性 | AW6: 排名
B7: 微波主食 | C7: 1 | D7: 糖燻野郎三十天熟成牛飯 | E7: 24 | F7: 2000 | G7: =F7/E7 -> 83.333333 | H7: =AVERAGE(G7:G21) -> 95.022543 | I7: =AVERAGE(P7,U7,Z7,AE7,AJ7,AO7,AT7) -> 24 | J7: =AVERAGE(Q7,V7,AA7,AF7,AK7,AP7,AU7) -> 1785.6014 | K7: =AVERAGE(R7,W7,AB7,AG7,AL7,AQ7,AV7) -> 74.400058 | L7: =IFERROR(AVERAGE(K7:K21),"-") -> 84.873929 | M7: =RANK(K7, K$7:$K$21) -> 8 | P7: 24 | Q7: 1780.1585 | R7: =IFERROR(Q7/P7,"") -> 74.173271 | S7: =RANK(R7, R$7:R$21) -> 8 | T7: =AVERAGE(R7:R21) -> 84.271087 | U7: 24 | V7: 1780.3585 | W7: =IFERROR(V7/U7,"") -> 74.181605 | X7: =RANK(W7, W$7:W$21) -> 8 | Y7: =AVERAGE(W7:W21) -> 84.273128 | Z7: 24 | AA7: 1788.2186 | AB7: =IFERROR(AA7/Z7,"") -> 74.509106 | AC7: =RANK(AB7, AB$7:AB$21) -> 8 | AD7: =AVERAGE(AB7:AB21) -> 85.65576 | AE7: 24 | AF7: 1788.0186 | AG7: =IFERROR(AF7/AE7,"") -> 74.500773 | AH7: =RANK(AG7, AG$7:AG$21) -> 8 | AI7: =AVERAGE(AG7:AG21) -> 85.632019 | AJ7: 24 | AK7: 1787.6186 | AL7: =IFERROR(AK7/AJ7,"") -> 74.484106 | AM7: =RANK(AL7, AL$7:AL$21) -> 8 | AN7: =AVERAGE(AL7:AL21) -> 85.663303 | AO7: 24 | AP7: 1787.0186 | AQ7: =IFERROR(AP7/AO7,"") -> 74.459106 | AR7: =RANK(AQ7, AQ$7:AQ$21) -> 8 | AS7: =AVERAGE(AQ7:AQ21) -> 84.306631 | AT7: 24 | AU7: 1787.8186 | AV7: =IFERROR(AU7/AT7,"") -> 74.49244 | AW7: =RANK(AV7, AV$7:AV$21) -> 8 | AX7: =AVERAGE(AV7:AV21) -> 84.315575
C8: 2 | D8: 二配里肌豬排可可咖哩歐姆蛋飯 | E8: 23 | F8: 2000 | G8: =F8/E8 -> 86.956522 | I8: =AVERAGE(P8,U8,Z8,AE8,AJ8,AO8,AT8) -> 22.714286 | J8: =AVERAGE(Q8,V8,AA8,AF8,AK8,AP8,AU8) -> 1800.0874 | K8: =AVERAGE(R8,W8,AB8,AG8,AL8,AQ8,AV8) -> 79.27409 | M8: =RANK(K8, K$7:$K$21) -> 4 | P8: 23 | Q8: 1791.675 | R8: =IFERROR(Q8/P8,"") -> 77.898914 | S8: =RANK(R8, R$7:R$21) -> 4 | U8: 23 | V8: 1792.075 | W8: =IFERROR(V8/U8,"") -> 77.916306 | X8: =RANK(W8, W$7:W$21) -> 4 | Z8: 22 | AA8: 1789.3636 | AB8: =IFERROR(AA8/Z8,"") -> 81.334709 | AC8: =RANK(AB8, AB$7:AB$21) -> 4 | AE8: 22 | AF8: 1786 | AG8: =IFERROR(AF8/AE8,"") -> 81.181818 | AH8: =RANK(AG8, AG$7:AG$21) -> 4 | AJ8: 23 | AK8: 1869.4983 | AL8: =IFERROR(AK8/AJ8,"") -> 81.282535 | AM8: =RANK(AL8, AL$7:AL$21) -> 4 | AO8: 23 | AP8: 1786 | AQ8: =IFERROR(AP8/AO8,"") -> 77.652174 | AR8: =RANK(AQ8, AQ$7:AQ$21) -> 4 | AT8: 23 | AU8: 1786 | AV8: =IFERROR(AU8/AT8,"") -> 77.652174 | AW8: =RANK(AV8, AV$7:AV$21) -> 4
C9: 3 | D9: 二配黃金雞排蘑菇白醬歐姆蛋飯 | E9: 23 | F9: 2000 | G9: =F9/E9 -> 86.956522 | I9: =AVERAGE(P9,U9,Z9,AE9,AJ9,AO9,AT9) -> 22.714286 | J9: =AVERAGE(Q9,V9,AA9,AF9,AK9,AP9,AU9) -> 1798.5902 | K9: =AVERAGE(R9,W9,AB9,AG9,AL9,AQ9,AV9) -> 79.208446 | M9: =RANK(K9, K$7:$K$21) -> 5 | P9: 23 | Q9: 1787.8213 | R9: =IFERROR(Q9/P9,"") -> 77.731361 | S9: =RANK(R9, R$7:R$21) -> 5 | U9: 23 | V9: 1787.8213 | W9: =IFERROR(V9/U9,"") -> 77.731361 | X9: =RANK(W9, W$7:W$21) -> 5 | Z9: 22 | AA9: 1787.4213 | AB9: =IFERROR(AA9/Z9,"") -> 81.246423 | AC9: =RANK(AB9, AB$7:AB$21) -> 5 | AE9: 22 | AF9: 1786 | AG9: =IFERROR(AF9/AE9,"") -> 81.181818 | AH9: =RANK(AG9, AG$7:AG$21) -> 4 | AJ9: 23 | AK9: 1869.0677 | AL9: =IFERROR(AK9/AJ9,"") -> 81.263814 | AM9: =RANK(AL9, AL$7:AL$21) -> 5 | AO9: 23 | AP9: 1786 | AQ9: =IFERROR(AP9/AO9,"") -> 77.652174 | AR9: =RANK(AQ9, AQ$7:AQ$21) -> 4 | AT9: 23 | AU9: 1786 | AV9: =IFERROR(AU9/AT9,"") -> 77.652174 | AW9: =RANK(AV9, AV$7:AV$21) -> 4
C10: 4 | D10: 二配哞哞培根奶香海陸焗飯 | E10: 23 | F10: 2000 | G10: =F10/E10 -> 86.956522 | I10: =AVERAGE(P10,U10,Z10,AE10,AJ10,AO10,AT10) -> 22.714286 | J10: =AVERAGE(Q10,V10,AA10,AF10,AK10,AP10,AU10) -> 1797.4878 | K10: =AVERAGE(R10,W10,AB10,AG10,AL10,AQ10,AV10) -> 79.160184 | M10: =RANK(K10, K$7:$K$21) -> 6 | P10: 23 | Q10: 1785.0552 | R10: =IFERROR(Q10/P10,"") -> 77.611098 | S10: =RANK(R10, R$7:R$21) -> 6 | U10: 23 | V10: 1785.4552 | W10: =IFERROR(V10/U10,"") -> 77.628489 | X10: =RANK(W10, W$7:W$21) -> 6 | Z10: 22 | AA10: 1786.2552 | AB10: =IFERROR(AA10/Z10,"") -> 81.19342 | AC10: =RANK(AB10, AB$7:AB$21) -> 6 | AE10: 22 | AF10: 1786 | AG10: =IFERROR(AF10/AE10,"") -> 81.181818 | AH10: =RANK(AG10, AG$7:AG$21) -> 4 | AJ10: 23 | AK10: 1867.6487 | AL10: =IFERROR(AK10/AJ10,"") -> 81.202116 | AM10: =RANK(AL10, AL$7:AL$21) -> 6 | AO10: 23 | AP10: 1786 | AQ10: =IFERROR(AP10/AO10,"") -> 77.652174 | AR10: =RANK(AQ10, AQ$7:AQ$21) -> 6 | AT10: 23 | AU10: 1786 | AV10: =IFERROR(AU10/AT10,"") -> 77.652174 | AW10: =RANK(AV10, AV$7:AV$21) -> 6
C11: 5 | D11: 二配失控起司薯餅焗飯 | E11: 19 | F11: 2000 | G11: =F11/E11 -> 105.26316 | I11: =AVERAGE(P11,U11,Z11,AE11,AJ11,AO11,AT11) -> 20 | J11: =AVERAGE(Q11,V11,AA11,AF11,AK11,AP11,AU11) -> 1786 | K11: =AVERAGE(R11,W11,AB11,AG11,AL11,AQ11,AV11) -> 89.3 | M11: =RANK(K11, K$7:$K$21) -> 3 | P11: 20 | Q11: 1786 | R11: =IFERROR(Q11/P11,"") -> 89.3 | S11: =RANK(R11, R$7:R$21) -> 3 | U11: 20 | V11: 1786 | W11: =IFERROR(V11/U11,"") -> 89.3 | X11: =RANK(W11, W$7:W$21) -> 2 | Z11: 20 | AA11: 1786 | AB11: =IFERROR(AA11/Z11,"") -> 89.3 | AC11: =RANK(AB11, AB$7:AB$21) -> 3 | AE11: 20 | AF11: 1786 | AG11: =IFERROR(AF11/AE11,"") -> 89.3 | AH11: =RANK(AG11, AG$7:AG$21) -> 3 | AJ11: 20 | AK11: 1786 | AL11: =IFERROR(AK11/AJ11,"") -> 89.3 | AM11: =RANK(AL11, AL$7:AL$21) -> 3 | AO11: 20 | AP11: 1786 | AQ11: =IFERROR(AP11/AO11,"") -> 89.3 | AR11: =RANK(AQ11, AQ$7:AQ$21) -> 3 | AT11: 20 | AU11: 1786 | AV11: =IFERROR(AU11/AT11,"") -> 89.3 | AW11: =RANK(AV11, AV$7:AV$21) -> 3
C12: 6 | D12: 二配鐵板豆腐燴蛋蓋飯 | E12: 21 | F12: 1800 | G12: =F12/E12 -> 85.714286 | I12: =AVERAGE(P12,U12,Z12,AE12,AJ12,AO12,AT12) -> 21 | J12: =AVERAGE(Q12,V12,AA12,AF12,AK12,AP12,AU12) -> 1605.7343 | K12: =AVERAGE(R12,W12,AB12,AG12,AL12,AQ12,AV12) -> 76.463538 | M12: =RANK(K12, K$7:$K$21) -> 7 | P12: 21 | Q12: 1605.5724 | R12: =IFERROR(Q12/P12,"") -> 76.455827 | S12: =RANK(R12, R$7:R$21) -> 7 | U12: 21 | V12: 1604.8524 | W12: =IFERROR(V12/U12,"") -> 76.421541 | X12: =RANK(W12, W$7:W$21) -> 7 | Z12: 21 | AA12: 1606.3751 | AB12: =IFERROR(AA12/Z12,"") -> 76.494051 | AC12: =RANK(AB12, AB$7:AB$21) -> 7 | AE12: 21 | AF12: 1606.3751 | AG12: =IFERROR(AF12/AE12,"") -> 76.494051 | AH12: =RANK(AG12, AG$7:AG$21) -> 7 | AJ12: 21 | AK12: 1606.1951 | AL12: =IFERROR(AK12/AJ12,"") -> 76.485479 | AM12: =RANK(AL12, AL$7:AL$21) -> 7 | AO12: 21 | AP12: 1605.1151 | AQ12: =IFERROR(AP12/AO12,"") -> 76.434051 | AR12: =RANK(AQ12, AQ$7:AQ$21) -> 7 | AT12: 21 | AU12: 1605.6551 | AV12: =IFERROR(AU12/AT12,"") -> 76.459765 | AW12: =RANK(AV12, AV$7:AV$21) -> 7
C13: 7 | D13: 二配濃起司燻腸紅醬焗烤飯 | E13: 20 | F13: 2000 | G13: =F13/E13 -> 100 | I13: =AVERAGE(P13,U13,Z13,AE13,AJ13,AO13,AT13) -> 20 | J13: =AVERAGE(Q13,V13,AA13,AF13,AK13,AP13,AU13) -> 1788.4209 | K13: =AVERAGE(R13,W13,AB13,AG13,AL13,AQ13,AV13) -> 89.421044 | M13: =RANK(K13, K$7:$K$21) -> 2 | P13: 20 | Q13: 1786.261 | R13: =IFERROR(Q13/P13,"") -> 89.31305 | S13: =RANK(R13, R$7:R$21) -> 2 | U13: 20 | V13: 1785.661 | W13: =IFERROR(V13/U13,"") -> 89.28305 | X13: =RANK(W13, W$7:W$21) -> 3 | Z13: 20 | AA13: 1788.8048 | AB13: =IFERROR(AA13/Z13,"") -> 89.440242 | AC13: =RANK(AB13, AB$7:AB$21) -> 2 | AE13: 20 | AF13: 1789.0048 | AG13: =IFERROR(AF13/AE13,"") -> 89.450242 | AH13: =RANK(AG13, AG$7:AG$21) -> 2 | AJ13: 20 | AK13: 1789.2048 | AL13: =IFERROR(AK13/AJ13,"") -> 89.460242 | AM13: =RANK(AL13, AL$7:AL$21) -> 2 | AO13: 20 | AP13: 1790.0048 | AQ13: =IFERROR(AP13/AO13,"") -> 89.500242 | AR13: =RANK(AQ13, AQ$7:AQ$21) -> 2 | AT13: 20 | AU13: 1790.0048 | AV13: =IFERROR(AU13/AT13,"") -> 89.500242 | AW13: =RANK(AV13, AV$7:AV$21) -> 2
C14: 8 | D14: 二配打拋風味豆腐飯 | E14: 16 | F14: 2000 | G14: =F14/E14 -> 125 | I14: =AVERAGE(P14,U14,Z14,AE14,AJ14,AO14,AT14) -> 16 | J14: =AVERAGE(Q14,V14,AA14,AF14,AK14,AP14,AU14) -> 1788.2251 | K14: =AVERAGE(R14,W14,AB14,AG14,AL14,AQ14,AV14) -> 111.76407 | M14: =RANK(K14, K$7:$K$21) -> 1 | P14: 16 | Q14: 1786.9628 | R14: =IFERROR(Q14/P14,"") -> 111.68517 | S14: =RANK(R14, R$7:R$21) -> 1 | U14: 16 | V14: 1787.5628 | W14: =IFERROR(V14/U14,"") -> 111.72267 | X14: =RANK(W14, W$7:W$21) -> 1 | Z14: 16 | AA14: 1787.65 | AB14: =IFERROR(AA14/Z14,"") -> 111.72813 | AC14: =RANK(AB14, AB$7:AB$21) -> 1 | AE14: 16 | AF14: 1788.25 | AG14: =IFERROR(AF14/AE14,"") -> 111.76563 | AH14: =RANK(AG14, AG$7:AG$21) -> 1 | AJ14: 16 | AK14: 1789.25 | AL14: =IFERROR(AK14/AJ14,"") -> 111.82813 | AM14: =RANK(AL14, AL$7:AL$21) -> 1 | AO14: 16 | AP14: 1788.85 | AQ14: =IFERROR(AP14/AO14,"") -> 111.80313 | AR14: =RANK(AQ14, AQ$7:AQ$21) -> 1 | AT14: 16 | AU14: 1789.05 | AV14: =IFERROR(AU14/AT14,"") -> 111.81563 | AW14: =RANK(AV14, AV$7:AV$21) -> 1
C15: 9
C16: 10
C17: 11
C18: 12
C19: 13
C20: 14
C21: 15
B22: 產線配置圖－每週更新(0505-0511) | N22: 資料繳交 | O22: 日期 | P22: 46147 | U22: 46148 | Z22: 46149 | AE22: 46150 | AJ22: 46151 | AO22: 46152 | AT22: 46153
P23: 46147 | U23: 46148 | Z23: 46149 | AE23: 46150 | AJ23: 46151 | AO23: 46152 | AT23: 46153
B24: 品群 | C24: 商品名稱 | E24: 計畫 | H24: 平均人時性 | I24: 實績 (週平均) | L24: 平均人時性 | M24: 排名 | O24: 日報 | P24: 實際 | T24: 平均人時性 | U24: 實際 | Y24: 平均人時性 | Z24: 實際 | AD24: 平均人時性 | AE24: 實際 | AI24: 平均人時性 | AJ24: 實際 | AN24: 平均人時性 | AO24: 實際 | AS24: 平均人時性 | AT24: 實際 | AX24: 平均人時性
E25: 產線配置圖 | I25: 產線配置圖 | P25: 生產實績 | U25: 生產實績 | Z25: 生產實績 | AE25: 生產實績 | AJ25: 生產實績 | AO25: 生產實績 | AT25: 生產實績
E26: 人數 | F26: 產能／時 | G26: 人時性 | I26: 人數 | J26: 產能／時 | K26: 人時性 | P26: 人數 | Q26: 產能／時 | R26: 人時性 | S26: 排名 | U26: 人數 | V26: 產能／時 | W26: 人時性 | X26: 排名 | Z26: 人數 | AA26: 產能／時 | AB26: 人時性 | AC26: 排名 | AE26: 人數 | AF26: 產能／時 | AG26: 人時性 | AH26: 排名 | AJ26: 人數 | AK26: 產能／時 | AL26: 人時性 | AM26: 排名 | AO26: 人數 | AP26: 產能／時 | AQ26: 人時性 | AR26: 排名 | AT26: 人數 | AU26: 產能／時 | AV26: 人時性 | AW26: 排名
B27: 微波主食 | C27: 1 | D27: 糖燻野郎三十天熟成牛飯 | E27: 24 | F27: 2000 | G27: =F27/E27 -> 83.333333 | H27: =AVERAGE(G27:G41) -> 96.810161 | I27: =AVERAGE(P27,U27,Z27,AE27,AJ27,AO27,AT27) -> 24 | J27: =AVERAGE(Q27,V27,AA27,AF27,AK27,AP27,AU27) -> 1788.1308 | K27: =AVERAGE(R27,W27,AB27,AG27,AL27,AQ27,AV27) -> 74.50545 | L27: =IFERROR(AVERAGE(K27:K41),"-") -> 85.681574 | M27: =RANK(K27, K$27:$K$41) -> 9 | P27: 24 | Q27: 1788.6186 | R27: =IFERROR(Q27/P27,"") -> 74.525773 | S27: =RANK(R27, R$27:R$41) -> 8 | T27: =AVERAGE(R27:R41) -> 84.327705 | U27: 24 | V27: 1788.0186 | W27: =IFERROR(V27/U27,"") -> 74.500773 | X27: =RANK(W27, W$27:W$41) -> 8 | Y27: =AVERAGE(W27:W41) -> 84.333229 | Z27: 24 | AA27: 1787.6186 | AB27: =IFERROR(AA27/Z27,"") -> 74.484106 | AC27: =RANK(AB27, AB$27:AB$41) -> 8 | AD27: =AVERAGE(AB27:AB41) -> 84.331695 | AE27: 24 | AF27: 1789.065 | AG27: =IFERROR(AF27/AE27,"") -> 74.544374 | AH27: =RANK(AG27, AG$27:AG$41) -> 8 | AI27: =AVERAGE(AG27:AG41) -> 84.328095 | AJ27: 24 | AK27: 1788.065 | AL27: =IFERROR(AK27/AJ27,"") -> 74.502707 | AM27: =RANK(AL27, AL$27:AL$41) -> 8 | AN27: =AVERAGE(AL27:AL41) -> 86.375288 | AO27: 24 | AP27: 1787.465 | AQ27: =IFERROR(AP27/AO27,"") -> 74.477707 | AR27: =RANK(AQ27, AQ$27:AQ$41) -> 7 | AS27: =AVERAGE(AQ27:AQ41) -> 81.716356 | AT27: 24 | AU27: 1788.065 | AV27: =IFERROR(AU27/AT27,"") -> 74.502707 | AW27: =RANK(AV27, AV$27:AV$41) -> 8 | AX27: =AVERAGE(AV27:AV41) -> 82.89603
C28: 2 | D28: 二配里肌豬排可可咖哩歐姆蛋飯 | E28: 23 | F28: 2000 | G28: =F28/E28 -> 86.956522 | I28: =AVERAGE(P28,U28,Z28,AE28,AJ28,AO28,AT28) -> 23 | J28: =AVERAGE(Q28,V28,AA28,AF28,AK28,AP28,AU28) -> 1786.8286 | K28: =AVERAGE(R28,W28,AB28,AG28,AL28,AQ28,AV28) -> 77.688199 | M28: =RANK(K28, K$27:$K$41) -> 6 | P28: 23 | Q28: 1786 | R28: =IFERROR(Q28/P28,"") -> 77.652174 | S28: =RANK(R28, R$27:R$41) -> 6 | U28: 23 | V28: 1787 | W28: =IFERROR(V28/U28,"") -> 77.695652 | X28: =RANK(W28, W$27:W$41) -> 5 | Z28: 23 | AA28: 1786.6 | AB28: =IFERROR(AA28/Z28,"") -> 77.678261 | AC28: =RANK(AB28, AB$27:AB$41) -> 5 | AE28: 23 | AF28: 1786.8 | AG28: =IFERROR(AF28/AE28,"") -> 77.686957 | AH28: =RANK(AG28, AG$27:AG$41) -> 5 | AJ28: 23 | AK28: 1786.8 | AL28: =IFERROR(AK28/AJ28,"") -> 77.686957 | AM28: =RANK(AL28, AL$27:AL$41) -> 4 | AO28: 23 | AP28: 1787.6 | AQ28: =IFERROR(AP28/AO28,"") -> 77.721739 | AR28: =RANK(AQ28, AQ$27:AQ$41) -> 3 | AT28: 23 | AU28: 1787 | AV28: =IFERROR(AU28/AT28,"") -> 77.695652 | AW28: =RANK(AV28, AV$27:AV$41) -> 5
C29: 3 | D29: 二配黃金雞排蘑菇白醬歐姆蛋飯 | E29: 23 | F29: 2000 | G29: =F29/E29 -> 86.956522 | I29: =AVERAGE(P29,U29,Z29,AE29,AJ29,AO29,AT29) -> 23 | J29: =AVERAGE(Q29,V29,AA29,AF29,AK29,AP29,AU29) -> 1784.9143 | K29: =AVERAGE(R29,W29,AB29,AG29,AL29,AQ29,AV29) -> 77.604969 | M29: =RANK(K29, K$27:$K$41) -> 7 | P29: 23 | Q29: 1786.2 | R29: =IFERROR(Q29/P29,"") -> 77.66087 | S29: =RANK(R29, R$27:R$41) -> 5 | U29: 23 | V29: 1785.4 | W29: =IFERROR(V29/U29,"") -> 77.626087 | X29: =RANK(W29, W$27:W$41) -> 6 | Z29: 23 | AA29: 1785.4 | AB29: =IFERROR(AA29/Z29,"") -> 77.626087 | AC29: =RANK(AB29, AB$27:AB$41) -> 6 | AE29: 23 | AF29: 1784.6 | AG29: =IFERROR(AF29/AE29,"") -> 77.591304 | AH29: =RANK(AG29, AG$27:AG$41) -> 6 | AJ29: 23 | AK29: 1784.2 | AL29: =IFERROR(AK29/AJ29,"") -> 77.573913 | AM29: =RANK(AL29, AL$27:AL$41) -> 6 | AO29: 23 | AP29: 1784 | AQ29: =IFERROR(AP29/AO29,"") -> 77.565217 | AR29: =RANK(AQ29, AQ$27:AQ$41) -> 5 | AT29: 23 | AU29: 1784.6 | AV29: =IFERROR(AU29/AT29,"") -> 77.591304 | AW29: =RANK(AV29, AV$27:AV$41) -> 6
C30: 4 | D30: 二配哞哞培根奶香海陸焗飯 | E30: 23 | F30: 2000 | G30: =F30/E30 -> 86.956522 | I30: =AVERAGE(P30,U30,Z30,AE30,AJ30,AO30,AT30) -> 23 | J30: =AVERAGE(Q30,V30,AA30,AF30,AK30,AP30,AU30) -> 1787.1429 | K30: =AVERAGE(R30,W30,AB30,AG30,AL30,AQ30,AV30) -> 77.701863 | M30: =RANK(K30, K$27:$K$41) -> 5 | P30: 23 | Q30: 1786.6 | R30: =IFERROR(Q30/P30,"") -> 77.678261 | S30: =RANK(R30, R$27:R$41) -> 4 | U30: 23 | V30: 1787.4 | W30: =IFERROR(V30/U30,"") -> 77.713043 | X30: =RANK(W30, W$27:W$41) -> 4 | Z30: 23 | AA30: 1787.4 | AB30: =IFERROR(AA30/Z30,"") -> 77.713043 | AC30: =RANK(AB30, AB$27:AB$41) -> 4 | AE30: 23 | AF30: 1787.2 | AG30: =IFERROR(AF30/AE30,"") -> 77.704348 | AH30: =RANK(AG30, AG$27:AG$41) -> 4 | AJ30: 23 | AK30: 1786.2 | AL30: =IFERROR(AK30/AJ30,"") -> 77.66087 | AM30: =RANK(AL30, AL$27:AL$41) -> 5 | AO30: 23 | AP30: 1787.2 | AQ30: =IFERROR(AP30/AO30,"") -> 77.704348 | AR30: =RANK(AQ30, AQ$27:AQ$41) -> 4 | AT30: 23 | AU30: 1788 | AV30: =IFERROR(AU30/AT30,"") -> 77.73913 | AW30: =RANK(AV30, AV$27:AV$41) -> 4
C31: 5 | D31: 二配失控起司薯餅焗飯 | E31: 19 | F31: 2000 | G31: =F31/E31 -> 105.26316 | I31: =AVERAGE(P31,U31,Z31,AE31,AJ31,AO31,AT31) -> 19.571429 | J31: =AVERAGE(Q31,V31,AA31,AF31,AK31,AP31,AU31) -> 1786 | K31: =AVERAGE(R31,W31,AB31,AG31,AL31,AQ31,AV31) -> 91.314286 | M31: =RANK(K31, K$27:$K$41) -> 3 | P31: 20 | Q31: 1786 | R31: =IFERROR(Q31/P31,"") -> 89.3 | S31: =RANK(R31, R$27:R$41) -> 3 | U31: 20 | V31: 1786 | W31: =IFERROR(V31/U31,"") -> 89.3 | X31: =RANK(W31, W$27:W$41) -> 3 | Z31: 20 | AA31: 1786 | AB31: =IFERROR(AA31/Z31,"") -> 89.3 | AC31: =RANK(AB31, AB$27:AB$41) -> 3 | AE31: 20 | AF31: 1786 | AG31: =IFERROR(AF31/AE31,"") -> 89.3 | AH31: =RANK(AG31, AG$27:AG$41) -> 3 | AJ31: 19 | AK31: 1786 | AL31: =IFERROR(AK31/AJ31,"") -> 94 | AM31: =RANK(AL31, AL$27:AL$41) -> 2 | AO31: 19 | AP31: 1786 | AQ31: =IFERROR(AP31/AO31,"") -> 94 | AR31: =RANK(AQ31, AQ$27:AQ$41) -> 2 | AT31: 19 | AU31: 1786 | AV31: =IFERROR(AU31/AT31,"") -> 94 | AW31: =RANK(AV31, AV$27:AV$41) -> 2
C32: 6 | D32: 二配鐵板豆腐燴蛋蓋飯 | E32: 21 | F32: 1800 | G32: =F32/E32 -> 85.714286 | I32: =AVERAGE(P32,U32,Z32,AE32,AJ32,AO32,AT32) -> 21 | J32: =AVERAGE(Q32,V32,AA32,AF32,AK32,AP32,AU32) -> 1606.5036 | K32: =AVERAGE(R32,W32,AB32,AG32,AL32,AQ32,AV32) -> 76.500173 | M32: =RANK(K32, K$27:$K$41) -> 8 | P32: 21 | Q32: 1605.4751 | R32: =IFERROR(Q32/P32,"") -> 76.451194 | S32: =RANK(R32, R$27:R$41) -> 7 | U32: 21 | V32: 1606.0151 | W32: =IFERROR(V32/U32,"") -> 76.476908 | X32: =RANK(W32, W$27:W$41) -> 7 | Z32: 21 | AA32: 1606.7351 | AB32: =IFERROR(AA32/Z32,"") -> 76.511194 | AC32: =RANK(AB32, AB$27:AB$41) -> 7 | AE32: 21 | AF32: 1606.0151 | AG32: =IFERROR(AF32/AE32,"") -> 76.476908 | AH32: =RANK(AG32, AG$27:AG$41) -> 7 | AJ32: 21 | AK32: 1606.7351 | AL32: =IFERROR(AK32/AJ32,"") -> 76.511194 | AM32: =RANK(AL32, AL$27:AL$41) -> 7 | AO32: 21 | AP32: 1607.4551 | AQ32: =IFERROR(AP32/AO32,"") -> 76.545479 | AR32: =RANK(AQ32, AQ$27:AQ$41) -> 6 | AT32: 21 | AU32: 1607.0951 | AV32: =IFERROR(AU32/AT32,"") -> 76.528336 | AW32: =RANK(AV32, AV$27:AV$41) -> 7
C33: 7 | D33: 二配濃起司燻腸紅醬焗烤飯 | E33: 20 | F33: 2000 | G33: =F33/E33 -> 100 | I33: =AVERAGE(P33,U33,Z33,AE33,AJ33,AO33,AT33) -> 19.571429 | J33: =AVERAGE(Q33,V33,AA33,AF33,AK33,AP33,AU33) -> 1788.6599 | K33: =AVERAGE(R33,W33,AB33,AG33,AL33,AQ33,AV33) -> 91.447281 | M33: =RANK(K33, K$27:$K$41) -> 2 | P33: 20 | Q33: 1790.0048 | R33: =IFERROR(Q33/P33,"") -> 89.500242 | S33: =RANK(R33, R$27:R$41) -> 2 | U33: 20 | V33: 1791.0048 | W33: =IFERROR(V33/U33,"") -> 89.550242 | X33: =RANK(W33, W$27:W$41) -> 2 | Z33: 20 | AA33: 1791.0048 | AB33: =IFERROR(AA33/Z33,"") -> 89.550242 | AC33: =RANK(AB33, AB$27:AB$41) -> 2 | AE33: 20 | AF33: 1790.6048 | AG33: =IFERROR(AF33/AE33,"") -> 89.530242 | AH33: =RANK(AG33, AG$27:AG$41) -> 2 | AJ33: 19 | AK33: 1786 | AL33: =IFERROR(AK33/AJ33,"") -> 94 | AM33: =RANK(AL33, AL$27:AL$41) -> 3 | AO33: 19 | AP33: 1786 | AQ33: =IFERROR(AP33/AO33,"") -> 94 | AR33: =RANK(AQ33, AQ$27:AQ$41) -> 1 | AT33: 19 | AU33: 1786 | AV33: =IFERROR(AU33/AT33,"") -> 94 | AW33: =RANK(AV33, AV$27:AV$41) -> 1
C34: 8 | D34: 二配打拋風味豆腐飯 | E34: 16 | F34: 2000 | G34: =F34/E34 -> 125 | I34: =AVERAGE(P34,U34,Z34,AE34,AJ34,AO34,AT34) -> 15.8 | J34: =AVERAGE(Q34,V34,AA34,AF34,AK34,AP34,AU34) -> 1788.36 | K34: =AVERAGE(R34,W34,AB34,AG34,AL34,AQ34,AV34) -> 113.26084 | M34: =RANK(K34, K$27:$K$41) -> 1 | P34: 16 | Q34: 1789.65 | R34: =IFERROR(Q34/P34,"") -> 111.85313 | S34: =RANK(R34, R$27:R$41) -> 1 | U34: 16 | V34: 1788.85 | W34: =IFERROR(V34/U34,"") -> 111.80313 | X34: =RANK(W34, W$27:W$41) -> 1 | Z34: 16 | AA34: 1788.65 | AB34: =IFERROR(AA34/Z34,"") -> 111.79063 | AC34: =RANK(AB34, AB$27:AB$41) -> 1 | AE34: 16 | AF34: 1788.65 | AG34: =IFERROR(AF34/AE34,"") -> 111.79063 | AH34: =RANK(AG34, AG$27:AG$41) -> 1 | AJ34: 15 | AK34: 1786 | AL34: =IFERROR(AK34/AJ34,"") -> 119.06667 | AM34: =RANK(AL34, AL$27:AL$41) -> 1
C35: 9 | D35: 二配香烤魚排青醬燉飯 | E35: 18 | F35: 2000 | G35: =F35/E35 -> 111.11111 | I35: =AVERAGE(P35,U35,Z35,AE35,AJ35,AO35,AT35) -> 18 | J35: =AVERAGE(Q35,V35,AA35,AF35,AK35,AP35,AU35) -> 1640 | K35: =AVERAGE(R35,W35,AB35,AG35,AL35,AQ35,AV35) -> 91.111111 | M35: =RANK(K35, K$27:$K$41) -> 4 | AT35: 18 | AU35: 1640 | AV35: =IFERROR(AU35/AT35,"") -> 91.111111 | AW35: =RANK(AV35, AV$27:AV$41) -> 3
C36: 10
C37: 11
C38: 12
C39: 13
C40: 14
C41: 15

Sheet （５-6）品群別人時生產性(便當)
B1: 5月平均人時性 | C1: =AVERAGE(L7,L27) -> 78.576002
B2: 產線配置圖－每週更新(0428-0504) | N2: 資料繳交 | O2: 日期 | P2: 46140 | U2: 46141 | Z2: 46142 | AE2: 46143 | AJ2: 46144 | AO2: 46145 | AT2: 46146
P3: 46140 | U3: 46141 | Z3: 46142 | AE3: 46143 | AJ3: 46144 | AO3: 46145 | AT3: 46146
B4: 品群 | C4: 商品名稱 | E4: 計畫 | H4: 平均人時性 | I4: 實績 (週平均) | L4: 平均人時性 | M4: 排名 | O4: 日報 | P4: 實際 | T4: 平均人時性 | U4: 實際 | Y4: 平均人時性 | Z4: 實際 | AD4: 平均人時性 | AE4: 實際 | AI4: 平均人時性 | AJ4: 實際 | AN4: 平均人時性 | AO4: 實際 | AS4: 平均人時性 | AT4: 實際 | AX4: 平均人時性
E5: 產線配置圖 | I5: 產線配置圖 | P5: 生產實績 | U5: 生產實績 | Z5: 生產實績 | AE5: 生產實績 | AJ5: 生產實績 | AO5: 生產實績 | AT5: 生產實績
E6: 人數 | F6: 產能／時 | G6: 人時性 | I6: 人數 | J6: 產能／時 | K6: 人時性 | P6: 人數 | Q6: 產能／時 | R6: 人時性 | S6: 排名 | U6: 人數 | V6: 產能／時 | W6: 人時性 | X6: 排名 | Z6: 人數 | AA6: 產能／時 | AB6: 人時性 | AC6: 排名 | AE6: 人數 | AF6: 產能／時 | AG6: 人時性 | AH6: 排名 | AJ6: 人數 | AK6: 產能／時 | AL6: 人時性 | AM6: 排名 | AO6: 人數 | AP6: 產能／時 | AQ6: 人時性 | AR6: 排名 | AT6: 人數 | AU6: 產能／時 | AV6: 人時性 | AW6: 排名
B7: 便當 | C7: 1 | D7: 經典滷肉飯 | E7: 21 | F7: 2000 | G7: =F7/E7 -> 95.238095 | H7: =AVERAGE(G7:G21) -> 87.845166 | I7: =AVERAGE(P7,U7,Z7,AE7,AJ7,AO7,AT7) -> 21 | J7: =AVERAGE(Q7,V7,AA7,AF7,AK7,AP7,AU7) -> 1787.0571 | K7: =AVERAGE(R7,W7,AB7,AG7,AL7,AQ7,AV7) -> 85.097959 | L7: =IFERROR(AVERAGE(K7:K21),"-") -> 78.556988 | M7: =RANK(K7, K$7:$K$21) -> 2 | P7: 21 | Q7: 1786.4 | R7: =IFERROR(Q7/P7,"") -> 85.066667 | S7: =RANK(R7, R$7:R$21) -> 2 | T7: =AVERAGE(R7:R21) -> 78.547128 | U7: 21 | V7: 1786.8 | W7: =IFERROR(V7/U7,"") -> 85.085714 | X7: =RANK(W7, W$7:W$21) -> 2 | Y7: =AVERAGE(W7:W21) -> 78.539549 | Z7: 21 | AA7: 1787.8 | AB7: =IFERROR(AA7/Z7,"") -> 85.133333 | AC7: =RANK(AB7, AB$7:AB$21) -> 2 | AD7: =AVERAGE(AB7:AB21) -> 78.555327 | AE7: 21 | AF7: 1787.6 | AG7: =IFERROR(AF7/AE7,"") -> 85.12381 | AH7: =RANK(AG7, AG$7:AG$21) -> 2 | AI7: =AVERAGE(AG7:AG21) -> 78.554652 | AJ7: 21 | AK7: 1787 | AL7: =IFERROR(AK7/AJ7,"") -> 85.095238 | AM7: =RANK(AL7, AL$7:AL$21) -> 2 | AN7: =AVERAGE(AL7:AL21) -> 78.567961 | AO7: 21 | AP7: 1786.8 | AQ7: =IFERROR(AP7/AO7,"") -> 85.085714 | AR7: =RANK(AQ7, AQ$7:AQ$21) -> 2 | AS7: =AVERAGE(AQ7:AQ21) -> 78.562299 | AT7: 21 | AU7: 1787 | AV7: =IFERROR(AU7/AT7,"") -> 85.095238 | AW7: =RANK(AV7, AV$7:AV$21) -> 2 | AX7: =AVERAGE(AV7:AV21) -> 78.572002
C8: 2 | D8: 健身G肉餐盒 | E8: 24 | F8: 2000 | G8: =F8/E8 -> 83.333333 | I8: =AVERAGE(P8,U8,Z8,AE8,AJ8,AO8,AT8) -> 24 | J8: =AVERAGE(Q8,V8,AA8,AF8,AK8,AP8,AU8) -> 1790.9141 | K8: =AVERAGE(R8,W8,AB8,AG8,AL8,AQ8,AV8) -> 74.621419 | M8: =RANK(K8, K$7:$K$21) -> 7 | P8: 24 | Q8: 1790.1998 | R8: =IFERROR(Q8/P8,"") -> 74.591657 | S8: =RANK(R8, R$7:R$21) -> 7 | U8: 24 | V8: 1789.9998 | W8: =IFERROR(V8/U8,"") -> 74.583324 | X8: =RANK(W8, W$7:W$21) -> 7 | Z8: 24 | AA8: 1790.1998 | AB8: =IFERROR(AA8/Z8,"") -> 74.591657 | AC8: =RANK(AB8, AB$7:AB$21) -> 7 | AE8: 24 | AF8: 1790.7998 | AG8: =IFERROR(AF8/AE8,"") -> 74.616657 | AH8: =RANK(AG8, AG$7:AG$21) -> 7 | AJ8: 24 | AK8: 1791.7998 | AL8: =IFERROR(AK8/AJ8,"") -> 74.658324 | AM8: =RANK(AL8, AL$7:AL$21) -> 7 | AO8: 24 | AP8: 1791.3998 | AQ8: =IFERROR(AP8/AO8,"") -> 74.641657 | AR8: =RANK(AQ8, AQ$7:AQ$21) -> 7 | AT8: 24 | AU8: 1791.9998 | AV8: =IFERROR(AU8/AT8,"") -> 74.666657 | AW8: =RANK(AV8, AV$7:AV$21) -> 7
C9: 3 | D9: 烤蛋白餐盒 | E9: 23 | F9: 2000 | G9: =F9/E9 -> 86.956522 | I9: =AVERAGE(P9,U9,Z9,AE9,AJ9,AO9,AT9) -> 23 | J9: =AVERAGE(Q9,V9,AA9,AF9,AK9,AP9,AU9) -> 1787.1671 | K9: =AVERAGE(R9,W9,AB9,AG9,AL9,AQ9,AV9) -> 77.702916 | M9: =RANK(K9, K$7:$K$21) -> 6 | P9: 23 | Q9: 1786.1771 | R9: =IFERROR(Q9/P9,"") -> 77.659872 | S9: =RANK(R9, R$7:R$21) -> 6 | U9: 23 | V9: 1785.7771 | W9: =IFERROR(V9/U9,"") -> 77.642481 | X9: =RANK(W9, W$7:W$21) -> 6 | Z9: 23 | AA9: 1787.0031 | AB9: =IFERROR(AA9/Z9,"") -> 77.695786 | AC9: =RANK(AB9, AB$7:AB$21) -> 6 | AE9: 23 | AF9: 1787.2031 | AG9: =IFERROR(AF9/AE9,"") -> 77.704482 | AH9: =RANK(AG9, AG$7:AG$21) -> 6 | AJ9: 23 | AK9: 1787.2031 | AL9: =IFERROR(AK9/AJ9,"") -> 77.704482 | AM9: =RANK(AL9, AL$7:AL$21) -> 6 | AO9: 23 | AP9: 1788.0031 | AQ9: =IFERROR(AP9/AO9,"") -> 77.739264 | AR9: =RANK(AQ9, AQ$7:AQ$21) -> 6 | AT9: 23 | AU9: 1788.8031 | AV9: =IFERROR(AU9/AT9,"") -> 77.774047 | AW9: =RANK(AV9, AV$7:AV$21) -> 5
C10: 4 | D10: 嫩烤香料雞胸排蔬滿盒 | E10: 23 | F10: 2000 | G10: =F10/E10 -> 86.956522 | I10: =AVERAGE(P10,U10,Z10,AE10,AJ10,AO10,AT10) -> 23 | J10: =AVERAGE(Q10,V10,AA10,AF10,AK10,AP10,AU10) -> 1789.2356 | K10: =AVERAGE(R10,W10,AB10,AG10,AL10,AQ10,AV10) -> 77.792852 | M10: =RANK(K10, K$7:$K$21) -> 5 | P10: 23 | Q10: 1789.8642 | R10: =IFERROR(Q10/P10,"") -> 77.820181 | S10: =RANK(R10, R$7:R$21) -> 5 | U10: 23 | V10: 1789.8642 | W10: =IFERROR(V10/U10,"") -> 77.820181 | X10: =RANK(W10, W$7:W$21) -> 5 | Z10: 23 | AA10: 1789.2642 | AB10: =IFERROR(AA10/Z10,"") -> 77.794094 | AC10: =RANK(AB10, AB$7:AB$21) -> 5 | AE10: 23 | AF10: 1789.0642 | AG10: =IFERROR(AF10/AE10,"") -> 77.785399 | AH10: =RANK(AG10, AG$7:AG$21) -> 5 | AJ10: 23 | AK10: 1789.2642 | AL10: =IFERROR(AK10/AJ10,"") -> 77.794094 | AM10: =RANK(AL10, AL$7:AL$21) -> 5 | AO10: 23 | AP10: 1788.8642 | AQ10: =IFERROR(AP10/AO10,"") -> 77.776703 | AR10: =RANK(AQ10, AQ$7:AQ$21) -> 5 | AT10: 23 | AU10: 1788.4642 | AV10: =IFERROR(AU10/AT10,"") -> 77.759312 | AW10: =RANK(AV10, AV$7:AV$21) -> 6
C11: 5 | D11: 海陸雙拼肉肉餐盒 | E11: 23 | F11: 2000 | G11: =F11/E11 -> 86.956522 | I11: =AVERAGE(P11,U11,Z11,AE11,AJ11,AO11,AT11) -> 23 | J11: =AVERAGE(Q11,V11,AA11,AF11,AK11,AP11,AU11) -> 1790.5066 | K11: =AVERAGE(R11,W11,AB11,AG11,AL11,AQ11,AV11) -> 77.848114 | M11: =RANK(K11, K$7:$K$21) -> 4 | P11: 23 | Q11: 1791.2495 | R11: =IFERROR(Q11/P11,"") -> 77.880412 | S11: =RANK(R11, R$7:R$21) -> 4 | U11: 23 | V11: 1790.4495 | W11: =IFERROR(V11/U11,"") -> 77.845629 | X11: =RANK(W11, W$7:W$21) -> 4 | Z11: 23 | AA11: 1790.4495 | AB11: =IFERROR(AA11/Z11,"") -> 77.845629 | AC11: =RANK(AB11, AB$7:AB$21) -> 4 | AE11: 23 | AF11: 1789.8495 | AG11: =IFERROR(AF11/AE11,"") -> 77.819542 | AH11: =RANK(AG11, AG$7:AG$21) -> 4 | AJ11: 23 | AK11: 1790.4495 | AL11: =IFERROR(AK11/AJ11,"") -> 77.845629 | AM11: =RANK(AL11, AL$7:AL$21) -> 4 | AO11: 23 | AP11: 1790.2495 | AQ11: =IFERROR(AP11/AO11,"") -> 77.836933 | AR11: =RANK(AQ11, AQ$7:AQ$21) -> 4 | AT11: 23 | AU11: 1790.8495 | AV11: =IFERROR(AU11/AT11,"") -> 77.86302 | AW11: =RANK(AV11, AV$7:AV$21) -> 4
C12: 6 | D12: 蔬活腿排補力餐盒 | E12: 22 | F12: 2000 | G12: =F12/E12 -> 90.909091 | I12: =AVERAGE(P12,U12,Z12,AE12,AJ12,AO12,AT12) -> 22 | J12: =AVERAGE(Q12,V12,AA12,AF12,AK12,AP12,AU12) -> 1786.8898 | K12: =AVERAGE(R12,W12,AB12,AG12,AL12,AQ12,AV12) -> 81.222264 | M12: =RANK(K12, K$7:$K$21) -> 3 | P12: 22 | Q12: 1787.6327 | R12: =IFERROR(Q12/P12,"") -> 81.256031 | S12: =RANK(R12, R$7:R$21) -> 3 | U12: 22 | V12: 1786.8327 | W12: =IFERROR(V12/U12,"") -> 81.219667 | X12: =RANK(W12, W$7:W$21) -> 3 | Z12: 22 | AA12: 1787.0327 | AB12: =IFERROR(AA12/Z12,"") -> 81.228758 | AC12: =RANK(AB12, AB$7:AB$21) -> 3 | AE12: 22 | AF12: 1786.2327 | AG12: =IFERROR(AF12/AE12,"") -> 81.192394 | AH12: =RANK(AG12, AG$7:AG$21) -> 3 | AJ12: 22 | AK12: 1786.6327 | AL12: =IFERROR(AK12/AJ12,"") -> 81.210576 | AM12: =RANK(AL12, AL$7:AL$21) -> 3 | AO12: 22 | AP12: 1786.6327 | AQ12: =IFERROR(AP12/AO12,"") -> 81.210576 | AR12: =RANK(AQ12, AQ$7:AQ$21) -> 3 | AT12: 22 | AU12: 1787.2327 | AV12: =IFERROR(AU12/AT12,"") -> 81.237849 | AW12: =RANK(AV12, AV$7:AV$21) -> 3
C13: 7 | D13: 香腸腿排雙拼便當 | E13: 20 | F13: 2000 | G13: =F13/E13 -> 100 | I13: =AVERAGE(P13,U13,Z13,AE13,AJ13,AO13,AT13) -> 20 | J13: =AVERAGE(Q13,V13,AA13,AF13,AK13,AP13,AU13) -> 1787.4351 | K13: =AVERAGE(R13,W13,AB13,AG13,AL13,AQ13,AV13) -> 89.371756 | M13: =RANK(K13, K$7:$K$21) -> 1 | P13: 20 | Q13: 1786.8066 | R13: =IFERROR(Q13/P13,"") -> 89.340328 | S13: =RANK(R13, R$7:R$21) -> 1 | U13: 20 | V13: 1786.8066 | W13: =IFERROR(V13/U13,"") -> 89.340328 | X13: =RANK(W13, W$7:W$21) -> 1 | Z13: 20 | AA13: 1787.0066 | AB13: =IFERROR(AA13/Z13,"") -> 89.350328 | AC13: =RANK(AB13, AB$7:AB$21) -> 1 | AE13: 20 | AF13: 1787.6066 | AG13: =IFERROR(AF13/AE13,"") -> 89.380328 | AH13: =RANK(AG13, AG$7:AG$21) -> 1 | AJ13: 20 | AK13: 1788.2066 | AL13: =IFERROR(AK13/AJ13,"") -> 89.410328 | AM13: =RANK(AL13, AL$7:AL$21) -> 1 | AO13: 20 | AP13: 1787.8066 | AQ13: =IFERROR(AP13/AO13,"") -> 89.390328 | AR13: =RANK(AQ13, AQ$7:AQ$21) -> 1 | AT13: 20 | AU13: 1787.8066 | AV13: =IFERROR(AU13/AT13,"") -> 89.390328 | AW13: =RANK(AV13, AV$7:AV$21) -> 1
C14: 8 | D14: 美式雞丁餐盒 | E14: 24 | F14: 2000 | G14: =F14/E14 -> 83.333333 | I14: =AVERAGE(P14,U14,Z14,AE14,AJ14,AO14,AT14) -> 24 | J14: =AVERAGE(Q14,V14,AA14,AF14,AK14,AP14,AU14) -> 1787.7308 | K14: =AVERAGE(R14,W14,AB14,AG14,AL14,AQ14,AV14) -> 74.488783 | M14: =RANK(K14, K$7:$K$21) -> 8 | P14: 24 | Q14: 1786.2165 | R14: =IFERROR(Q14/P14,"") -> 74.425687 | S14: =RANK(R14, R$7:R$21) -> 8 | U14: 24 | V14: 1786.8165 | W14: =IFERROR(V14/U14,"") -> 74.450687 | X14: =RANK(W14, W$7:W$21) -> 8 | Z14: 24 | AA14: 1787.2165 | AB14: =IFERROR(AA14/Z14,"") -> 74.467354 | AC14: =RANK(AB14, AB$7:AB$21) -> 8 | AE14: 24 | AF14: 1788.2165 | AG14: =IFERROR(AF14/AE14,"") -> 74.509021 | AH14: =RANK(AG14, AG$7:AG$21) -> 8 | AJ14: 24 | AK14: 1788.4165 | AL14: =IFERROR(AK14/AJ14,"") -> 74.517354 | AM14: =RANK(AL14, AL$7:AL$21) -> 8 | AO14: 24 | AP14: 1789.0165 | AQ14: =IFERROR(AP14/AO14,"") -> 74.542354 | AR14: =RANK(AQ14, AQ$7:AQ$21) -> 8 | AT14: 24 | AU14: 1788.2165 | AV14: =IFERROR(AU14/AT14,"") -> 74.509021 | AW14: =RANK(AV14, AV$7:AV$21) -> 8
C15: 9 | D15: 香檸奶油魚排蔬滿盒 | E15: 26 | F15: 2000 | G15: =F15/E15 -> 76.923077 | I15: =AVERAGE(P15,U15,Z15,AE15,AJ15,AO15,AT15) -> 26 | J15: =AVERAGE(Q15,V15,AA15,AF15,AK15,AP15,AU15) -> 1790.5376 | K15: =AVERAGE(R15,W15,AB15,AG15,AL15,AQ15,AV15) -> 68.866832 | M15: =RANK(K15, K$7:$K$21) -> 9 | P15: 26 | Q15: 1790.9662 | R15: =IFERROR(Q15/P15,"") -> 68.883315 | S15: =RANK(R15, R$7:R$21) -> 9 | U15: 26 | V15: 1790.5662 | W15: =IFERROR(V15/U15,"") -> 68.867931 | X15: =RANK(W15, W$7:W$21) -> 9 | Z15: 26 | AA15: 1791.1662 | AB15: =IFERROR(AA15/Z15,"") -> 68.891008 | AC15: =RANK(AB15, AB$7:AB$21) -> 9 | AE15: 26 | AF15: 1790.3662 | AG15: =IFERROR(AF15/AE15,"") -> 68.860239 | AH15: =RANK(AG15, AG$7:AG$21) -> 9 | AJ15: 26 | AK15: 1790.7662 | AL15: =IFERROR(AK15/AJ15,"") -> 68.875623 | AM15: =RANK(AL15, AL$7:AL$21) -> 9 | AO15: 26 | AP15: 1789.7662 | AQ15: =IFERROR(AP15/AO15,"") -> 68.837162 | AR15: =RANK(AQ15, AQ$7:AQ$21) -> 9 | AT15: 26 | AU15: 1790.1662 | AV15: =IFERROR(AU15/AT15,"") -> 68.852546 | AW15: =RANK(AV15, AV$7:AV$21) -> 9
C16: 10
C17: 11
C18: 12
C19: 13
C20: 14
C21: 15
B22: 產線配置圖－每週更新(0505-0511) | N22: 資料繳交 | O22: 日期 | P22: 46147 | U22: 46148 | Z22: 46149 | AE22: 46150 | AJ22: 46151 | AO22: 46152 | AT22: 46153
P23: 46147 | U23: 46148 | Z23: 46149 | AE23: 46150 | AJ23: 46151 | AO23: 46152 | AT23: 46153
B24: 品群 | C24: 商品名稱 | E24: 計畫 | H24: 平均人時性 | I24: 實績 (週平均) | L24: 平均人時性 | M24: 排名 | O24: 日報 | P24: 實際 | T24: 平均人時性 | U24: 實際 | Y24: 平均人時性 | Z24: 實際 | AD24: 平均人時性 | AE24: 實際 | AI24: 平均人時性 | AJ24: 實際 | AN24: 平均人時性 | AO24: 實際 | AS24: 平均人時性 | AT24: 實際 | AX24: 平均人時性
E25: 產線配置圖 | I25: 產線配置圖 | P25: 生產實績 | U25: 生產實績 | Z25: 生產實績 | AE25: 生產實績 | AJ25: 生產實績 | AO25: 生產實績 | AT25: 生產實績
E26: 人數 | F26: 產能／時 | G26: 人時性 | I26: 人數 | J26: 產能／時 | K26: 人時性 | P26: 人數 | Q26: 產能／時 | R26: 人時性 | S26: 排名 | U26: 人數 | V26: 產能／時 | W26: 人時性 | X26: 排名 | Z26: 人數 | AA26: 產能／時 | AB26: 人時性 | AC26: 排名 | AE26: 人數 | AF26: 產能／時 | AG26: 人時性 | AH26: 排名 | AJ26: 人數 | AK26: 產能／時 | AL26: 人時性 | AM26: 排名 | AO26: 人數 | AP26: 產能／時 | AQ26: 人時性 | AR26: 排名 | AT26: 人數 | AU26: 產能／時 | AV26: 人時性 | AW26: 排名
B27: 便當 | C27: 1 | D27: 經典滷肉飯 | E27: 21 | F27: 2000 | G27: =F27/E27 -> 95.238095 | H27: =AVERAGE(G27:G41) -> 87.845166 | I27: =AVERAGE(P27,U27,Z27,AE27,AJ27,AO27,AT27) -> 21 | J27: =AVERAGE(Q27,V27,AA27,AF27,AK27,AP27,AU27) -> 1787.8877 | K27: =AVERAGE(R27,W27,AB27,AG27,AL27,AQ27,AV27) -> 85.137511 | L27: =IFERROR(AVERAGE(K27:K41),"-") -> 78.595015 | M27: =RANK(K27, K$27:$K$41) -> 2 | P27: 21 | Q27: 1786.2 | R27: =IFERROR(Q27/P27,"") -> 85.057143 | S27: =RANK(R27, R$27:R$41) -> 2 | T27: =AVERAGE(R27:R41) -> 78.573229 | U27: 21 | V27: 1787 | W27: =IFERROR(V27/U27,"") -> 85.095238 | X27: =RANK(W27, W$27:W$41) -> 2 | Y27: =AVERAGE(W27:W41) -> 78.584224 | Z27: 21 | AA27: 1786.8 | AB27: =IFERROR(AA27/Z27,"") -> 85.085714 | AC27: =RANK(AB27, AB$27:AB$41) -> 2 | AD27: =AVERAGE(AB27:AB41) -> 78.585733 | AE27: 21 | AF27: 1788.5535 | AG27: =IFERROR(AF27/AE27,"") -> 85.169215 | AH27: =RANK(AG27, AG$27:AG$41) -> 2 | AI27: =AVERAGE(AG27:AG41) -> 78.607561 | AJ27: 21 | AK27: 1789.1535 | AL27: =IFERROR(AK27/AJ27,"") -> 85.197787 | AM27: =RANK(AL27, AL$27:AL$41) -> 2 | AN27: =AVERAGE(AL27:AL41) -> 78.609539 | AO27: 21 | AP27: 1788.3535 | AQ27: =IFERROR(AP27/AO27,"") -> 85.159691 | AR27: =RANK(AQ27, AQ$27:AQ$41) -> 2 | AS27: =AVERAGE(AQ27:AQ41) -> 78.597411 | AT27: 21 | AU27: 1789.1535 | AV27: =IFERROR(AU27/AT27,"") -> 85.197787 | AW27: =RANK(AV27, AV$27:AV$41) -> 2 | AX27: =AVERAGE(AV27:AV41) -> 78.607406
C28: 2 | D28: 健身G肉餐盒 | E28: 24 | F28: 2000 | G28: =F28/E28 -> 83.333333 | I28: =AVERAGE(P28,U28,Z28,AE28,AJ28,AO28,AT28) -> 24 | J28: =AVERAGE(Q28,V28,AA28,AF28,AK28,AP28,AU28) -> 1792.5712 | K28: =AVERAGE(R28,W28,AB28,AG28,AL28,AQ28,AV28) -> 74.690466 | M28: =RANK(K28, K$27:$K$41) -> 7 | P28: 24 | Q28: 1792.7998 | R28: =IFERROR(Q28/P28,"") -> 74.69999 | S28: =RANK(R28, R$27:R$41) -> 7 | U28: 24 | V28: 1792.7998 | W28: =IFERROR(V28/U28,"") -> 74.69999 | X28: =RANK(W28, W$27:W$41) -> 7 | Z28: 24 | AA28: 1791.9998 | AB28: =IFERROR(AA28/Z28,"") -> 74.666657 | AC28: =RANK(AB28, AB$27:AB$41) -> 7 | AE28: 24 | AF28: 1792.3998 | AG28: =IFERROR(AF28/AE28,"") -> 74.683324 | AH28: =RANK(AG28, AG$27:AG$41) -> 7 | AJ28: 24 | AK28: 1793.1998 | AL28: =IFERROR(AK28/AJ28,"") -> 74.716657 | AM28: =RANK(AL28, AL$27:AL$41) -> 7 | AO28: 24 | AP28: 1792.5998 | AQ28: =IFERROR(AP28/AO28,"") -> 74.691657 | AR28: =RANK(AQ28, AQ$27:AQ$41) -> 7 | AT28: 24 | AU28: 1792.1998 | AV28: =IFERROR(AU28/AT28,"") -> 74.67499 | AW28: =RANK(AV28, AV$27:AV$41) -> 7
C29: 3 | D29: 烤蛋白餐盒 | E29: 23 | F29: 2000 | G29: =F29/E29 -> 86.956522 | I29: =AVERAGE(P29,U29,Z29,AE29,AJ29,AO29,AT29) -> 23 | J29: =AVERAGE(Q29,V29,AA29,AF29,AK29,AP29,AU29) -> 1788.5025 | K29: =AVERAGE(R29,W29,AB29,AG29,AL29,AQ29,AV29) -> 77.760977 | M29: =RANK(K29, K$27:$K$41) -> 5 | P29: 23 | Q29: 1788.8031 | R29: =IFERROR(Q29/P29,"") -> 77.774047 | S29: =RANK(R29, R$27:R$41) -> 5 | U29: 23 | V29: 1788.4031 | W29: =IFERROR(V29/U29,"") -> 77.756656 | X29: =RANK(W29, W$27:W$41) -> 5 | Z29: 23 | AA29: 1788.0031 | AB29: =IFERROR(AA29/Z29,"") -> 77.739264 | AC29: =RANK(AB29, AB$27:AB$41) -> 5 | AE29: 23 | AF29: 1788.527 | AG29: =IFERROR(AF29/AE29,"") -> 77.762044 | AH29: =RANK(AG29, AG$27:AG$41) -> 6 | AJ29: 23 | AK29: 1788.327 | AL29: =IFERROR(AK29/AJ29,"") -> 77.753348 | AM29: =RANK(AL29, AL$27:AL$41) -> 6 | AO29: 23 | AP29: 1788.327 | AQ29: =IFERROR(AP29/AO29,"") -> 77.753348 | AR29: =RANK(AQ29, AQ$27:AQ$41) -> 6 | AT29: 23 | AU29: 1789.127 | AV29: =IFERROR(AU29/AT29,"") -> 77.788131 | AW29: =RANK(AV29, AV$27:AV$41) -> 5
C30: 4 | D30: 嫩烤香料雞胸排蔬滿盒 | E30: 23 | F30: 2000 | G30: =F30/E30 -> 86.956522 | I30: =AVERAGE(P30,U30,Z30,AE30,AJ30,AO30,AT30) -> 23 | J30: =AVERAGE(Q30,V30,AA30,AF30,AK30,AP30,AU30) -> 1788.43 | K30: =AVERAGE(R30,W30,AB30,AG30,AL30,AQ30,AV30) -> 77.757827 | M30: =RANK(K30, K$27:$K$41) -> 6 | P30: 23 | Q30: 1787.4642 | R30: =IFERROR(Q30/P30,"") -> 77.715834 | S30: =RANK(R30, R$27:R$41) -> 6 | U30: 23 | V30: 1788.0642 | W30: =IFERROR(V30/U30,"") -> 77.74192 | X30: =RANK(W30, W$27:W$41) -> 6 | Z30: 23 | AA30: 1787.8642 | AB30: =IFERROR(AA30/Z30,"") -> 77.733225 | AC30: =RANK(AB30, AB$27:AB$41) -> 6 | AE30: 23 | AF30: 1789.0544 | AG30: =IFERROR(AF30/AE30,"") -> 77.784974 | AH30: =RANK(AG30, AG$27:AG$41) -> 5 | AJ30: 23 | AK30: 1789.0544 | AL30: =IFERROR(AK30/AJ30,"") -> 77.784974 | AM30: =RANK(AL30, AL$27:AL$41) -> 5 | AO30: 23 | AP30: 1788.6544 | AQ30: =IFERROR(AP30/AO30,"") -> 77.767583 | AR30: =RANK(AQ30, AQ$27:AQ$41) -> 5 | AT30: 23 | AU30: 1788.8544 | AV30: =IFERROR(AU30/AT30,"") -> 77.776278 | AW30: =RANK(AV30, AV$27:AV$41) -> 6
C31: 5 | D31: 海陸雙拼肉肉餐盒 | E31: 23 | F31: 2000 | G31: =F31/E31 -> 86.956522 | I31: =AVERAGE(P31,U31,Z31,AE31,AJ31,AO31,AT31) -> 23 | J31: =AVERAGE(Q31,V31,AA31,AF31,AK31,AP31,AU31) -> 1792.0209 | K31: =AVERAGE(R31,W31,AB31,AG31,AL31,AQ31,AV31) -> 77.913952 | M31: =RANK(K31, K$27:$K$41) -> 4 | P31: 23 | Q31: 1791.4495 | R31: =IFERROR(Q31/P31,"") -> 77.889107 | S31: =RANK(R31, R$27:R$41) -> 4 | U31: 23 | V31: 1791.4495 | W31: =IFERROR(V31/U31,"") -> 77.889107 | X31: =RANK(W31, W$27:W$41) -> 4 | Z31: 23 | AA31: 1791.2495 | AB31: =IFERROR(AA31/Z31,"") -> 77.880412 | AC31: =RANK(AB31, AB$27:AB$41) -> 4 | AE31: 23 | AF31: 1791.4495 | AG31: =IFERROR(AF31/AE31,"") -> 77.889107 | AH31: =RANK(AG31, AG$27:AG$41) -> 4 | AJ31: 23 | AK31: 1792.0495 | AL31: =IFERROR(AK31/AJ31,"") -> 77.915194 | AM31: =RANK(AL31, AL$27:AL$41) -> 4 | AO31: 23 | AP31: 1792.8495 | AQ31: =IFERROR(AP31/AO31,"") -> 77.949977 | AR31: =RANK(AQ31, AQ$27:AQ$41) -> 4 | AT31: 23 | AU31: 1793.6495 | AV31: =IFERROR(AU31/AT31,"") -> 77.984759 | AW31: =RANK(AV31, AV$27:AV$41) -> 4
C32: 6 | D32: 蔬活腿排補力餐盒 | E32: 22 | F32: 2000 | G32: =F32/E32 -> 90.909091 | I32: =AVERAGE(P32,U32,Z32,AE32,AJ32,AO32,AT32) -> 22 | J32: =AVERAGE(Q32,V32,AA32,AF32,AK32,AP32,AU32) -> 1787.547 | K32: =AVERAGE(R32,W32,AB32,AG32,AL32,AQ32,AV32) -> 81.252135 | M32: =RANK(K32, K$27:$K$41) -> 3 | P32: 22 | Q32: 1787.4327 | R32: =IFERROR(Q32/P32,"") -> 81.24694 | S32: =RANK(R32, R$27:R$41) -> 3 | U32: 22 | V32: 1787.6327 | W32: =IFERROR(V32/U32,"") -> 81.256031 | X32: =RANK(W32, W$27:W$41) -> 3 | Z32: 22 | AA32: 1788.6327 | AB32: =IFERROR(AA32/Z32,"") -> 81.301485 | AC32: =RANK(AB32, AB$27:AB$41) -> 3 | AE32: 22 | AF32: 1788.0327 | AG32: =IFERROR(AF32/AE32,"") -> 81.274213 | AH32: =RANK(AG32, AG$27:AG$41) -> 3 | AJ32: 22 | AK32: 1787.2327 | AL32: =IFERROR(AK32/AJ32,"") -> 81.237849 | AM32: =RANK(AL32, AL$27:AL$41) -> 3 | AO32: 22 | AP32: 1787.0327 | AQ32: =IFERROR(AP32/AO32,"") -> 81.228758 | AR32: =RANK(AQ32, AQ$27:AQ$41) -> 3 | AT32: 22 | AU32: 1786.8327 | AV32: =IFERROR(AU32/AT32,"") -> 81.219667 | AW32: =RANK(AV32, AV$27:AV$41) -> 3
C33: 7 | D33: 香腸腿排雙拼便當 | E33: 20 | F33: 2000 | G33: =F33/E33 -> 100 | I33: =AVERAGE(P33,U33,Z33,AE33,AJ33,AO33,AT33) -> 20 | J33: =AVERAGE(Q33,V33,AA33,AF33,AK33,AP33,AU33) -> 1786.8524 | K33: =AVERAGE(R33,W33,AB33,AG33,AL33,AQ33,AV33) -> 89.342618 | M33: =RANK(K33, K$27:$K$41) -> 1 | P33: 20 | Q33: 1787.0066 | R33: =IFERROR(Q33/P33,"") -> 89.350328 | S33: =RANK(R33, R$27:R$41) -> 1 | U33: 20 | V33: 1787.4066 | W33: =IFERROR(V33/U33,"") -> 89.370328 | X33: =RANK(W33, W$27:W$41) -> 1 | Z33: 20 | AA33: 1787.2066 | AB33: =IFERROR(AA33/Z33,"") -> 89.360328 | AC33: =RANK(AB33, AB$27:AB$41) -> 1 | AE33: 20 | AF33: 1787.1867 | AG33: =IFERROR(AF33/AE33,"") -> 89.359336 | AH33: =RANK(AG33, AG$27:AG$41) -> 1 | AJ33: 20 | AK33: 1786.7867 | AL33: =IFERROR(AK33/AJ33,"") -> 89.339336 | AM33: =RANK(AL33, AL$27:AL$41) -> 1 | AO33: 20 | AP33: 1786.1867 | AQ33: =IFERROR(AP33/AO33,"") -> 89.309336 | AR33: =RANK(AQ33, AQ$27:AQ$41) -> 1 | AT33: 20 | AU33: 1786.1867 | AV33: =IFERROR(AU33/AT33,"") -> 89.309336 | AW33: =RANK(AV33, AV$27:AV$41) -> 1
C34: 8 | D34: 美式雞丁餐盒 | E34: 24 | F34: 2000 | G34: =F34/E34 -> 83.333333 | I34: =AVERAGE(P34,U34,Z34,AE34,AJ34,AO34,AT34) -> 24 | J34: =AVERAGE(Q34,V34,AA34,AF34,AK34,AP34,AU34) -> 1790.2118 | K34: =AVERAGE(R34,W34,AB34,AG34,AL34,AQ34,AV34) -> 74.592157 | M34: =RANK(K34, K$27:$K$41) -> 8 | P34: 24 | Q34: 1789.0165 | R34: =IFERROR(Q34/P34,"") -> 74.542354 | S34: =RANK(R34, R$27:R$41) -> 8 | U34: 24 | V34: 1789.0165 | W34: =IFERROR(V34/U34,"") -> 74.542354 | X34: =RANK(W34, W$27:W$41) -> 8 | Z34: 24 | AA34: 1789.6165 | AB34: =IFERROR(AA34/Z34,"") -> 74.567354 | AC34: =RANK(AB34, AB$27:AB$41) -> 8 | AE34: 24 | AF34: 1790.6082 | AG34: =IFERROR(AF34/AE34,"") -> 74.608676 | AH34: =RANK(AG34, AG$27:AG$41) -> 8 | AJ34: 24 | AK34: 1791.4082 | AL34: =IFERROR(AK34/AJ34,"") -> 74.64201 | AM34: =RANK(AL34, AL$27:AL$41) -> 8 | AO34: 24 | AP34: 1791.0082 | AQ34: =IFERROR(AP34/AO34,"") -> 74.625343 | AR34: =RANK(AQ34, AQ$27:AQ$41) -> 8 | AT34: 24 | AU34: 1790.8082 | AV34: =IFERROR(AU34/AT34,"") -> 74.61701 | AW34: =RANK(AV34, AV$27:AV$41) -> 8
C35: 9 | D35: 香檸奶油魚排蔬滿盒 | E35: 26 | F35: 2000 | G35: =F35/E35 -> 76.923077 | I35: =AVERAGE(P35,U35,Z35,AE35,AJ35,AO35,AT35) -> 26 | J35: =AVERAGE(Q35,V35,AA35,AF35,AK35,AP35,AU35) -> 1791.5948 | K35: =AVERAGE(R35,W35,AB35,AG35,AL35,AQ35,AV35) -> 68.907491 | M35: =RANK(K35, K$27:$K$41) -> 9 | P35: 26 | Q35: 1790.9662 | R35: =IFERROR(Q35/P35,"") -> 68.883315 | S35: =RANK(R35, R$27:R$41) -> 9 | U35: 26 | V35: 1791.5662 | W35: =IFERROR(V35/U35,"") -> 68.906392 | X35: =RANK(W35, W$27:W$41) -> 9 | Z35: 26 | AA35: 1792.3662 | AB35: =IFERROR(AA35/Z35,"") -> 68.937162 | AC35: =RANK(AB35, AB$27:AB$41) -> 9 | AE35: 26 | AF35: 1792.3662 | AG35: =IFERROR(AF35/AE35,"") -> 68.937162 | AH35: =RANK(AG35, AG$27:AG$41) -> 9 | AJ35: 26 | AK35: 1791.3662 | AL35: =IFERROR(AK35/AJ35,"") -> 68.8987 | AM35: =RANK(AL35, AL$27:AL$41) -> 9 | AO35: 26 | AP35: 1791.1662 | AQ35: =IFERROR(AP35/AO35,"") -> 68.891008 | AR35: =RANK(AQ35, AQ$27:AQ$41) -> 9 | AT35: 26 | AU35: 1791.3662 | AV35: =IFERROR(AU35/AT35,"") -> 68.8987 | AW35: =RANK(AV35, AV$27:AV$41) -> 9
C36: 10
C37: 11
C38: 12
C39: 13
C40: 14
C41: 15

Sheet （５-7）品群別人時生產性(熱食義麵) 
B1: 5月平均人時性
B2: 產線配置圖－每週更新(0428-0504) | N2: 資料繳交 | O2: 日期 | P2: ='[2]（５-1）品群別人時生產性(18℃-飯糰)'!P82:T82 -> 0 | U2: =P2+1 -> 1 | Z2: =U2+1 -> 2 | AE2: =Z2+1 -> 3 | AJ2: =AE2+1 -> 4 | AO2: =AJ2+1 -> 5 | AT2: =AO2+1 -> 6
P3: =P2 -> 0 | U3: =U2 -> 1 | Z3: =Z2 -> 2 | AE3: =AE2 -> 3 | AJ3: =AJ2 -> 4 | AO3: =AO2 -> 5 | AT3: =AT2 -> 6
B4: 品群 | C4: 商品名稱 | E4: 計畫 | H4: 平均人時性 | I4: 實績 (週平均) | L4: 平均人時性 | M4: 排名 | O4: 日報 | P4: 實際 | T4: 平均人時性 | U4: 實際 | Y4: 平均人時性 | Z4: 實際 | AD4: 平均人時性 | AE4: 實際 | AI4: 平均人時性 | AJ4: 實際 | AN4: 平均人時性 | AO4: 實際 | AS4: 平均人時性 | AT4: 實際 | AX4: 平均人時性
E5: 產線配置圖 | I5: 產線配置圖 | P5: 生產實績 | U5: 生產實績 | Z5: 生產實績 | AE5: 生產實績 | AJ5: 生產實績 | AO5: 生產實績 | AT5: 生產實績
E6: 人數 | F6: 產能／時 | G6: 人時性 | I6: 人數 | J6: 產能／時 | K6: 人時性 | P6: 人數 | Q6: 產能／時 | R6: 人時性 | S6: 排名 | U6: 人數 | V6: 產能／時 | W6: 人時性 | X6: 排名 | Z6: 人數 | AA6: 產能／時 | AB6: 人時性 | AC6: 排名 | AE6: 人數 | AF6: 產能／時 | AG6: 人時性 | AH6: 排名 | AJ6: 人數 | AK6: 產能／時 | AL6: 人時性 | AM6: 排名 | AO6: 人數 | AP6: 產能／時 | AQ6: 人時性 | AR6: 排名 | AT6: 人數 | AU6: 產能／時 | AV6: 人時性 | AW6: 排名
B7: 熱食義麵 | C7: 1
C8: 2
C9: 3
C10: 4
C11: 5
C12: 6
C13: 7
C14: 8
C15: 9
C16: 10
C17: 11
C18: 12
C19: 13
... C21: 15
B22: 產線配置圖－每週更新(0505-0511) | N22: 資料繳交 | O22: 日期 | P22: ='[3]（５-1）品群別人時生產性(18℃-飯糰)'!P22:T22 -> 5 | U22: =P22+1 -> 6 | Z22: =U22+1 -> 7 | AE22: =Z22+1 -> 8 | AJ22: =AE22+1 -> 9 | AO22: =AJ22+1 -> 10 | AT22: =AO22+1 -> 11
P23: =P22 -> 5 | U23: =U22 -> 6 | Z23: =Z22 -> 7 | AE23: =AE22 -> 8 | AJ23: =AJ22 -> 9 | AO23: =AO22 -> 10 | AT23: =AT22 -> 11
B24: 品群 | C24: 商品名稱 | E24: 計畫 | H24: 平均人時性 | I24: 實績 (週平均) | L24: 平均人時性 | M24: 排名 | O24: 日報 | P24: 實際 | T24: 平均人時性 | U24: 實際 | Y24: 平均人時性 | Z24: 實際 | AD24: 平均人時性 | AE24: 實際 | AI24: 平均人時性 | AJ24: 實際 | AN24: 平均人時性 | AO24: 實際 | AS24: 平均人時性 | AT24: 實際 | AX24: 平均人時性
E25: 產線配置圖 | I25: 產線配置圖 | P25: 生產實績 | U25: 生產實績 | Z25: 生產實績 | AE25: 生產實績 | AJ25: 生產實績 | AO25: 生產實績 | AT25: 生產實績
E26: 人數 | F26: 產能／時 | G26: 人時性 | I26: 人數 | J26: 產能／時 | K26: 人時性 | P26: 人數 | Q26: 產能／時 | R26: 人時性 | S26: 排名 | U26: 人數 | V26: 產能／時 | W26: 人時性 | X26: 排名 | Z26: 人數 | AA26: 產能／時 | AB26: 人時性 | AC26: 排名 | AE26: 人數 | AF26: 產能／時 | AG26: 人時性 | AH26: 排名 | AJ26: 人數 | AK26: 產能／時 | AL26: 人時性 | AM26: 排名 | AO26: 人數 | AP26: 產能／時 | AQ26: 人時性 | AR26: 排名 | AT26: 人數 | AU26: 產能／時 | AV26: 人時性 | AW26: 排名
B27: 熱食義麵 | C27: 1
C28: 2
C29: 3
C30: 4
C31: 5
C32: 6
C33: 7
C34: 8
C35: 9
C36: 10
C37: 11
C38: 12
C39: 13
... C41: 15

Sheet （５-8）品群別人時生產性(季節調理麵) 
B1: 5月平均人時性 | C1: =AVERAGE(L7,L27) -> 163.41538
B2: 產線配置圖－每週更新(0428-0504) | N2: 資料繳交 | O2: 日期 | P2: 46140 | U2: 46141 | Z2: 46142 | AE2: 46143 | AJ2: 46144 | AO2: 46145 | AT2: 46146
P3: 46140 | U3: 46141 | Z3: 46142 | AE3: 46143 | AJ3: 46144 | AO3: 46145 | AT3: 46146
B4: 品群 | C4: 商品名稱 | E4: 計畫 | H4: 平均人時性 | I4: 實績 (週平均) | L4: 平均人時性 | M4: 排名 | O4: 日報 | P4: 實際 | T4: 平均人時性 | U4: 實際 | Y4: 平均人時性 | Z4: 實際 | AD4: 平均人時性 | AE4: 實際 | AI4: 平均人時性 | AJ4: 實際 | AN4: 平均人時性 | AO4: 實際 | AS4: 平均人時性 | AT4: 實際 | AX4: 平均人時性
E5: 產線配置圖 | I5: 產線配置圖 | P5: 生產實績 | U5: 生產實績 | Z5: 生產實績 | AE5: 生產實績 | AJ5: 生產實績 | AO5: 生產實績 | AT5: 生產實績
E6: 人數 | F6: 產能／時 | G6: 人時性 | I6: 人數 | J6: 產能／時 | K6: 人時性 | P6: 人數 | Q6: 產能／時 | R6: 人時性 | S6: 排名 | U6: 人數 | V6: 產能／時 | W6: 人時性 | X6: 排名 | Z6: 人數 | AA6: 產能／時 | AB6: 人時性 | AC6: 排名 | AE6: 人數 | AF6: 產能／時 | AG6: 人時性 | AH6: 排名 | AJ6: 人數 | AK6: 產能／時 | AL6: 人時性 | AM6: 排名 | AO6: 人數 | AP6: 產能／時 | AQ6: 人時性 | AR6: 排名 | AT6: 人數 | AU6: 產能／時 | AV6: 人時性 | AW6: 排名
B7: 季節調理麵 | C7: 1 | D7: 大滿足香辣涼麵 | E7: 20 | F7: 3600 | G7: =F7/E7 -> 180 | H7: =AVERAGE(G7:G21) -> 183.96992 | I7: =AVERAGE(P7,U7,Z7,AE7,AJ7,AO7,AT7) -> 20 | J7: =AVERAGE(Q7,V7,AA7,AF7,AK7,AP7,AU7) -> 3257.0218 | K7: =AVERAGE(R7,W7,AB7,AG7,AL7,AQ7,AV7) -> 162.85109 | L7: =IFERROR(AVERAGE(K7:K21),"-") -> 163.07027 | M7: =RANK(K7, K$7:$K$21) -> 4 | P7: 20 | Q7: 3257.7316 | R7: =IFERROR(Q7/P7,"") -> 162.88658 | S7: =RANK(R7, R$7:R$21) -> 3 | T7: =AVERAGE(R7:R21) -> 161.47368 | U7: 20 | V7: 3255.9316 | W7: =IFERROR(V7/U7,"") -> 162.79658 | X7: =RANK(W7, W$7:W$21) -> 3 | Y7: =AVERAGE(W7:W21) -> 162.14278 | Z7: 20 | AA7: 3257.05 | AB7: =IFERROR(AA7/Z7,"") -> 162.8525 | AC7: =RANK(AB7, AB$7:AB$21) -> 3 | AD7: =AVERAGE(AB7:AB21) -> 162.88977 | AE7: 20 | AF7: 3256.69 | AG7: =IFERROR(AF7/AE7,"") -> 162.8345 | AH7: =RANK(AG7, AG$7:AG$21) -> 4 | AI7: =AVERAGE(AG7:AG21) -> 163.72155 | AJ7: 20 | AK7: 3257.77 | AL7: =IFERROR(AK7/AJ7,"") -> 162.8885 | AM7: =RANK(AL7, AL$7:AL$21) -> 4 | AN7: =AVERAGE(AL7:AL21) -> 163.76538 | AO7: 20 | AP7: 3256.33 | AQ7: =IFERROR(AP7/AO7,"") -> 162.8165 | AR7: =RANK(AQ7, AQ$7:AQ$21) -> 4 | AS7: =AVERAGE(AQ7:AQ21) -> 163.75259 | AT7: 20 | AU7: 3257.6495 | AV7: =IFERROR(AU7/AT7,"") -> 162.88247 | AW7: =RANK(AV7, AV$7:AV$21) -> 4 | AX7: =AVERAGE(AV7:AV21) -> 163.74611
C8: 2 | D8: 大滿足麻醬涼麵 | E8: 21 | F8: 3600 | G8: =F8/E8 -> 171.42857 | I8: =AVERAGE(P8,U8,Z8,AE8,AJ8,AO8,AT8) -> 21 | J8: =AVERAGE(Q8,V8,AA8,AF8,AK8,AP8,AU8) -> 3258.2142 | K8: =AVERAGE(R8,W8,AB8,AG8,AL8,AQ8,AV8) -> 155.15306 | M8: =RANK(K8, K$7:$K$21) -> 5 | P8: 21 | Q8: 3259.4999 | R8: =IFERROR(Q8/P8,"") -> 155.21428 | S8: =RANK(R8, R$7:R$21) -> 5 | U8: 21 | V8: 3259.1399 | W8: =IFERROR(V8/U8,"") -> 155.19714 | X8: =RANK(W8, W$7:W$21) -> 5 | Z8: 21 | AA8: 3258.564 | AB8: =IFERROR(AA8/Z8,"") -> 155.16971 | AC8: =RANK(AB8, AB$7:AB$21) -> 5 | AE8: 21 | AF8: 3257.124 | AG8: =IFERROR(AF8/AE8,"") -> 155.10114 | AH8: =RANK(AG8, AG$7:AG$21) -> 5 | AJ8: 21 | AK8: 3258.204 | AL8: =IFERROR(AK8/AJ8,"") -> 155.15257 | AM8: =RANK(AL8, AL$7:AL$21) -> 5 | AO8: 21 | AP8: 3257.124 | AQ8: =IFERROR(AP8/AO8,"") -> 155.10114 | AR8: =RANK(AQ8, AQ$7:AQ$21) -> 5 | AT8: 21 | AU8: 3257.844 | AV8: =IFERROR(AU8/AT8,"") -> 155.13543 | AW8: =RANK(AV8, AV$7:AV$21) -> 5
C9: 3 | D9: 台式麻醬涼麵 | E9: 19 | F9: 3600 | G9: =F9/E9 -> 189.47368 | I9: =AVERAGE(P9,U9,Z9,AE9,AJ9,AO9,AT9) -> 19 | J9: =AVERAGE(Q9,V9,AA9,AF9,AK9,AP9,AU9) -> 3170.9268 | K9: =AVERAGE(R9,W9,AB9,AG9,AL9,AQ9,AV9) -> 166.89088 | M9: =RANK(K9, K$7:$K$21) -> 2 | P9: 19 | Q9: 3171.6561 | R9: =IFERROR(Q9/P9,"") -> 166.92927 | S9: =RANK(R9, R$7:R$21) -> 2 | U9: 19 | V9: 3170.5761 | W9: =IFERROR(V9/U9,"") -> 166.87243 | X9: =RANK(W9, W$7:W$21) -> 2 | Z9: 19 | AA9: 3170.7442 | AB9: =IFERROR(AA9/Z9,"") -> 166.88127 | AC9: =RANK(AB9, AB$7:AB$21) -> 2 | AE9: 19 | AF9: 3170.0677 | AG9: =IFERROR(AF9/AE9,"") -> 166.84567 | AH9: =RANK(AG9, AG$7:AG$21) -> 3 | AJ9: 19 | AK9: 3171.5077 | AL9: =IFERROR(AK9/AJ9,"") -> 166.92146 | AM9: =RANK(AL9, AL$7:AL$21) -> 2 | AO9: 19 | AP9: 3171.5077 | AQ9: =IFERROR(AP9/AO9,"") -> 166.92146 | AR9: =RANK(AQ9, AQ$7:AQ$21) -> 3 | AT9: 19 | AU9: 3170.4277 | AV9: =IFERROR(AU9/AT9,"") -> 166.86462 | AW9: =RANK(AV9, AV$7:AV$21) -> 3
C10: 4 | D10: 鰹魚烏龍冷麵 | E10: 19 | F10: 3600 | G10: =F10/E10 -> 189.47368 | I10: =AVERAGE(P10,U10,Z10,AE10,AJ10,AO10,AT10) -> 19 | J10: =AVERAGE(Q10,V10,AA10,AF10,AK10,AP10,AU10) -> 3106.4853 | K10: =AVERAGE(R10,W10,AB10,AG10,AL10,AQ10,AV10) -> 163.49923 | M10: =RANK(K10, K$7:$K$21) -> 3 | P10: 19 | Q10: 2952 | R10: =IFERROR(Q10/P10,"") -> 155.36842 | S10: =RANK(R10, R$7:R$21) -> 4 | U10: 19 | V10: 3018.6806 | W10: =IFERROR(V10/U10,"") -> 158.87792 | X10: =RANK(W10, W$7:W$21) -> 4 | Z10: 19 | AA10: 3089.6543 | AB10: =IFERROR(AA10/Z10,"") -> 162.61339 | AC10: =RANK(AB10, AB$7:AB$21) -> 4 | AE10: 19 | AF10: 3170.6356 | AG10: =IFERROR(AF10/AE10,"") -> 166.87556 | AH10: =RANK(AG10, AG$7:AG$21) -> 2 | AJ10: 19 | AK10: 3170.6356 | AL10: =IFERROR(AK10/AJ10,"") -> 166.87556 | AM10: =RANK(AL10, AL$7:AL$21) -> 3 | AO10: 19 | AP10: 3172.0756 | AQ10: =IFERROR(AP10/AO10,"") -> 166.95135 | AR10: =RANK(AQ10, AQ$7:AQ$21) -> 2 | AT10: 19 | AU10: 3171.7156 | AV10: =IFERROR(AU10/AT10,"") -> 166.9324 | AW10: =RANK(AV10, AV$7:AV$21) -> 1
C11: 5 | D11: 和風涓絲冷麵 | E11: 19 | F11: 3600 | G11: =F11/E11 -> 189.47368 | I11: =AVERAGE(P11,U11,Z11,AE11,AJ11,AO11,AT11) -> 19 | J11: =AVERAGE(Q11,V11,AA11,AF11,AK11,AP11,AU11) -> 3172.1843 | K11: =AVERAGE(R11,W11,AB11,AG11,AL11,AQ11,AV11) -> 166.95707 | M11: =RANK(K11, K$7:$K$21) -> 1 | P11: 19 | Q11: 3172.4271 | R11: =IFERROR(Q11/P11,"") -> 166.96985 | S11: =RANK(R11, R$7:R$21) -> 1 | U11: 19 | V11: 3172.4271 | W11: =IFERROR(V11/U11,"") -> 166.96985 | X11: =RANK(W11, W$7:W$21) -> 1 | Z11: 19 | AA11: 3171.7071 | AB11: =IFERROR(AA11/Z11,"") -> 166.93195 | AC11: =RANK(AB11, AB$7:AB$21) -> 1 | AE11: 19 | AF11: 3172.0671 | AG11: =IFERROR(AF11/AE11,"") -> 166.9509 | AH11: =RANK(AG11, AG$7:AG$21) -> 1 | AJ11: 19 | AK11: 3172.7871 | AL11: =IFERROR(AK11/AJ11,"") -> 166.9888 | AM11: =RANK(AL11, AL$7:AL$21) -> 1 | AO11: 19 | AP11: 3172.4773 | AQ11: =IFERROR(AP11/AO11,"") -> 166.97249 | AR11: =RANK(AQ11, AQ$7:AQ$21) -> 1 | AT11: 19 | AU11: 3171.3973 | AV11: =IFERROR(AU11/AT11,"") -> 166.91565 | AW11: =RANK(AV11, AV$7:AV$21) -> 2
C12: 6
C13: 7
C14: 8
C15: 9
C16: 10
C17: 11
C18: 12
C19: 13
C20: 14
C21: 15
B22: 產線配置圖－每週更新(0505-0511) | N22: 資料繳交 | O22: 日期 | P22: 46147 | U22: 46148 | Z22: 46149 | AE22: 46150 | AJ22: 46151 | AO22: 46152 | AT22: 46153
P23: 46147 | U23: 46148 | Z23: 46149 | AE23: 46150 | AJ23: 46151 | AO23: 46152 | AT23: 46153
B24: 品群 | C24: 商品名稱 | E24: 計畫 | H24: 平均人時性 | I24: 實績 (週平均) | L24: 平均人時性 | M24: 排名 | O24: 日報 | P24: 實際 | T24: 平均人時性 | U24: 實際 | Y24: 平均人時性 | Z24: 實際 | AD24: 平均人時性 | AE24: 實際 | AI24: 平均人時性 | AJ24: 實際 | AN24: 平均人時性 | AO24: 實際 | AS24: 平均人時性 | AT24: 實際 | AX24: 平均人時性
E25: 產線配置圖 | I25: 產線配置圖 | P25: 生產實績 | U25: 生產實績 | Z25: 生產實績 | AE25: 生產實績 | AJ25: 生產實績 | AO25: 生產實績 | AT25: 生產實績
E26: 人數 | F26: 產能／時 | G26: 人時性 | I26: 人數 | J26: 產能／時 | K26: 人時性 | P26: 人數 | Q26: 產能／時 | R26: 人時性 | S26: 排名 | U26: 人數 | V26: 產能／時 | W26: 人時性 | X26: 排名 | Z26: 人數 | AA26: 產能／時 | AB26: 人時性 | AC26: 排名 | AE26: 人數 | AF26: 產能／時 | AG26: 人時性 | AH26: 排名 | AJ26: 人數 | AK26: 產能／時 | AL26: 人時性 | AM26: 排名 | AO26: 人數 | AP26: 產能／時 | AQ26: 人時性 | AR26: 排名 | AT26: 人數 | AU26: 產能／時 | AV26: 人時性 | AW26: 排名
B27: 季節調理麵 | C27: 1 | D27: 大滿足香辣涼麵 | E27: 20 | F27: 3600 | G27: =F27/E27 -> 180 | H27: =AVERAGE(G27:G41) -> 183.96992 | I27: =AVERAGE(P27,U27,Z27,AE27,AJ27,AO27,AT27) -> 20 | J27: =AVERAGE(Q27,V27,AA27,AF27,AK27,AP27,AU27) -> 3256.0552 | K27: =AVERAGE(R27,W27,AB27,AG27,AL27,AQ27,AV27) -> 162.80276 | L27: =IFERROR(AVERAGE(K27:K41),"-") -> 163.7605 | M27: =RANK(K27, K$27:$K$41) -> 4 | P27: 20 | Q27: 3258.0095 | R27: =IFERROR(Q27/P27,"") -> 162.90047 | S27: =RANK(R27, R$27:R$41) -> 4 | T27: =AVERAGE(R27:R41) -> 163.7659 | U27: 20 | V27: 3257.6495 | W27: =IFERROR(V27/U27,"") -> 162.88247 | X27: =RANK(W27, W$27:W$41) -> 4 | Y27: =AVERAGE(W27:W41) -> 163.77132 | Z27: 20 | AA27: 3256.5695 | AB27: =IFERROR(AA27/Z27,"") -> 162.82847 | AC27: =RANK(AB27, AB$27:AB$41) -> 4 | AD27: =AVERAGE(AB27:AB41) -> 163.7342 | AE27: 20 | AF27: 3256.9295 | AG27: =IFERROR(AF27/AE27,"") -> 162.84647 | AH27: =RANK(AG27, AG$27:AG$41) -> 4 | AI27: =AVERAGE(AG27:AG41) -> 163.75281 | AJ27: 20 | AK27: 3255.1295 | AL27: =IFERROR(AK27/AJ27,"") -> 162.75647 | AM27: =RANK(AL27, AL$27:AL$41) -> 4 | AN27: =AVERAGE(AL27:AL41) -> 163.72532 | AO27: 20 | AP27: 3254.4095 | AQ27: =IFERROR(AP27/AO27,"") -> 162.72047 | AR27: =RANK(AQ27, AQ$27:AQ$41) -> 4 | AS27: =AVERAGE(AQ27:AQ41) -> 163.77665 | AT27: 20 | AU27: 3253.6895 | AV27: =IFERROR(AU27/AT27,"") -> 162.68447 | AW27: =RANK(AV27, AV$27:AV$41) -> 4 | AX27: =AVERAGE(AV27:AV41) -> 163.79726
C28: 2 | D28: 大滿足麻醬涼麵 | E28: 21 | F28: 3600 | G28: =F28/E28 -> 171.42857 | I28: =AVERAGE(P28,U28,Z28,AE28,AJ28,AO28,AT28) -> 21 | J28: =AVERAGE(Q28,V28,AA28,AF28,AK28,AP28,AU28) -> 3256.6404 | K28: =AVERAGE(R28,W28,AB28,AG28,AL28,AQ28,AV28) -> 155.07811 | M28: =RANK(K28, K$27:$K$41) -> 5 | P28: 21 | Q28: 3258.564 | R28: =IFERROR(Q28/P28,"") -> 155.16971 | S28: =RANK(R28, R$27:R$41) -> 5 | U28: 21 | V28: 3257.124 | W28: =IFERROR(V28/U28,"") -> 155.10114 | X28: =RANK(W28, W$27:W$41) -> 5 | Z28: 21 | AA28: 3257.484 | AB28: =IFERROR(AA28/Z28,"") -> 155.11828 | AC28: =RANK(AB28, AB$27:AB$41) -> 5 | AE28: 21 | AF28: 3257.4681 | AG28: =IFERROR(AF28/AE28,"") -> 155.11753 | AH28: =RANK(AG28, AG$27:AG$41) -> 5 | AJ28: 21 | AK28: 3256.0281 | AL28: =IFERROR(AK28/AJ28,"") -> 155.04896 | AM28: =RANK(AL28, AL$27:AL$41) -> 5 | AO28: 21 | AP28: 3255.4473 | AQ28: =IFERROR(AP28/AO28,"") -> 155.0213 | AR28: =RANK(AQ28, AQ$27:AQ$41) -> 5 | AT28: 21 | AU28: 3254.3673 | AV28: =IFERROR(AU28/AT28,"") -> 154.96987 | AW28: =RANK(AV28, AV$27:AV$41) -> 5
C29: 3 | D29: 台式麻醬涼麵 | E29: 19 | F29: 3600 | G29: =F29/E29 -> 189.47368 | I29: =AVERAGE(P29,U29,Z29,AE29,AJ29,AO29,AT29) -> 19 | J29: =AVERAGE(Q29,V29,AA29,AF29,AK29,AP29,AU29) -> 3172.1024 | K29: =AVERAGE(R29,W29,AB29,AG29,AL29,AQ29,AV29) -> 166.95276 | M29: =RANK(K29, K$27:$K$41) -> 3 | P29: 19 | Q29: 3170.9755 | R29: =IFERROR(Q29/P29,"") -> 166.89345 | S29: =RANK(R29, R$27:R$41) -> 3 | U29: 19 | V29: 3172.0555 | W29: =IFERROR(V29/U29,"") -> 166.95029 | X29: =RANK(W29, W$27:W$41) -> 2 | Z29: 19 | AA29: 3171.3891 | AB29: =IFERROR(AA29/Z29,"") -> 166.91522 | AC29: =RANK(AB29, AB$27:AB$41) -> 1 | AE29: 19 | AF29: 3170.6691 | AG29: =IFERROR(AF29/AE29,"") -> 166.87732 | AH29: =RANK(AG29, AG$27:AG$41) -> 3 | AJ29: 19 | AK29: 3170.232 | AL29: =IFERROR(AK29/AJ29,"") -> 166.85432 | AM29: =RANK(AL29, AL$27:AL$41) -> 3 | AO29: 19 | AP29: 3173.7977 | AQ29: =IFERROR(AP29/AO29,"") -> 167.04198 | AR29: =RANK(AQ29, AQ$27:AQ$41) -> 2 | AT29: 19 | AU29: 3175.5977 | AV29: =IFERROR(AU29/AT29,"") -> 167.13672 | AW29: =RANK(AV29, AV$27:AV$41) -> 2
C30: 4 | D30: 鰹魚烏龍冷麵 | E30: 19 | F30: 3600 | G30: =F30/E30 -> 189.47368 | I30: =AVERAGE(P30,U30,Z30,AE30,AJ30,AO30,AT30) -> 19 | J30: =AVERAGE(Q30,V30,AA30,AF30,AK30,AP30,AU30) -> 3172.5988 | K30: =AVERAGE(R30,W30,AB30,AG30,AL30,AQ30,AV30) -> 166.97888 | M30: =RANK(K30, K$27:$K$41) -> 2 | P30: 19 | Q30: 3170.9956 | R30: =IFERROR(Q30/P30,"") -> 166.89451 | S30: =RANK(R30, R$27:R$41) -> 2 | U30: 19 | V30: 3171.3556 | W30: =IFERROR(V30/U30,"") -> 166.91345 | X30: =RANK(W30, W$27:W$41) -> 3 | Z30: 19 | AA30: 3170.9956 | AB30: =IFERROR(AA30/Z30,"") -> 166.89451 | AC30: =RANK(AB30, AB$27:AB$41) -> 3 | AE30: 19 | AF30: 3171.7156 | AG30: =IFERROR(AF30/AE30,"") -> 166.9324 | AH30: =RANK(AG30, AG$27:AG$41) -> 2 | AJ30: 19 | AK30: 3173.1556 | AL30: =IFERROR(AK30/AJ30,"") -> 167.00819 | AM30: =RANK(AL30, AL$27:AL$41) -> 1 | AO30: 19 | AP30: 3174.2356 | AQ30: =IFERROR(AP30/AO30,"") -> 167.06503 | AR30: =RANK(AQ30, AQ$27:AQ$41) -> 1 | AT30: 19 | AU30: 3175.7377 | AV30: =IFERROR(AU30/AT30,"") -> 167.14409 | AW30: =RANK(AV30, AV$27:AV$41) -> 1
C31: 5 | D31: 和風涓絲冷麵 | E31: 19 | F31: 3600 | G31: =F31/E31 -> 189.47368 | I31: =AVERAGE(P31,U31,Z31,AE31,AJ31,AO31,AT31) -> 19 | J31: =AVERAGE(Q31,V31,AA31,AF31,AK31,AP31,AU31) -> 3172.8093 | K31: =AVERAGE(R31,W31,AB31,AG31,AL31,AQ31,AV31) -> 166.98997 | M31: =RANK(K31, K$27:$K$41) -> 1 | P31: 19 | Q31: 3172.456 | R31: =IFERROR(Q31/P31,"") -> 166.97137 | S31: =RANK(R31, R$27:R$41) -> 1 | U31: 19 | V31: 3173.176 | W31: =IFERROR(V31/U31,"") -> 167.00926 | X31: =RANK(W31, W$27:W$41) -> 1 | Z31: 19 | AA31: 3171.376 | AB31: =IFERROR(AA31/Z31,"") -> 166.91453 | AC31: =RANK(AB31, AB$27:AB$41) -> 2 | AE31: 19 | AF31: 3172.816 | AG31: =IFERROR(AF31/AE31,"") -> 166.99032 | AH31: =RANK(AG31, AG$27:AG$41) -> 1 | AJ31: 19 | AK31: 3172.2148 | AL31: =IFERROR(AK31/AJ31,"") -> 166.95868 | AM31: =RANK(AL31, AL$27:AL$41) -> 2 | AO31: 19 | AP31: 3173.6548 | AQ31: =IFERROR(AP31/AO31,"") -> 167.03447 | AR31: =RANK(AQ31, AQ$27:AQ$41) -> 3 | AT31: 19 | AU31: 3173.9717 | AV31: =IFERROR(AU31/AT31,"") -> 167.05114 | AW31: =RANK(AV31, AV$27:AV$41) -> 3
C32: 6
C33: 7
C34: 8
C35: 9
C36: 10
C37: 11
C38: 12
C39: 13
C40: 14
C41: 15

Sheet （５-9）品群別人時生產性(微波小吃)
B1: 5月平均人時性 | C1: =AVERAGE(L7,L27) -> 83.085237
B2: 產線配置圖－每週更新(0428-0504) | N2: 資料繳交 | O2: 日期 | P2: 46140 | U2: 46141 | Z2: 46142 | AE2: 46143 | AJ2: 46144 | AO2: 46145 | AT2: 46146
P3: 46140 | U3: 46141 | Z3: 46142 | AE3: 46143 | AJ3: 46144 | AO3: 46145 | AT3: 46146
B4: 品群 | C4: 商品名稱 | E4: 計畫 | H4: 平均人時性 | I4: 實績 (週平均) | L4: 平均人時性 | M4: 排名 | O4: 日報 | P4: 實際 | T4: 平均人時性 | U4: 實際 | Y4: 平均人時性 | Z4: 實際 | AD4: 平均人時性 | AE4: 實際 | AI4: 平均人時性 | AJ4: 實際 | AN4: 平均人時性 | AO4: 實際 | AS4: 平均人時性 | AT4: 實際 | AX4: 平均人時性
E5: 產線配置圖 | I5: 產線配置圖 | P5: 生產實績 | U5: 生產實績 | Z5: 生產實績 | AE5: 生產實績 | AJ5: 生產實績 | AO5: 生產實績 | AT5: 生產實績
E6: 人數 | F6: 產能／時 | G6: 人時性 | I6: 人數 | J6: 產能／時 | K6: 人時性 | P6: 人數 | Q6: 產能／時 | R6: 人時性 | S6: 排名 | U6: 人數 | V6: 產能／時 | W6: 人時性 | X6: 排名 | Z6: 人數 | AA6: 產能／時 | AB6: 人時性 | AC6: 排名 | AE6: 人數 | AF6: 產能／時 | AG6: 人時性 | AH6: 排名 | AJ6: 人數 | AK6: 產能／時 | AL6: 人時性 | AM6: 排名 | AO6: 人數 | AP6: 產能／時 | AQ6: 人時性 | AR6: 排名 | AT6: 人數 | AU6: 產能／時 | AV6: 人時性 | AW6: 排名
B7: 微波小吃 | C7: 1 | D7: 日式茶碗蒸 | E7: 13 | F7: 1200 | G7: =F7/E7 -> 92.307692 | H7: =AVERAGE(G7:G21) -> 92.307692 | I7: =AVERAGE(P7,U7,Z7,AE7,AJ7,AO7,AT7) -> 13 | J7: =AVERAGE(Q7,V7,AA7,AF7,AK7,AP7,AU7) -> 1080.3105 | K7: =AVERAGE(R7,W7,AB7,AG7,AL7,AQ7,AV7) -> 83.100806 | L7: =IFERROR(AVERAGE(K7:K21),"-") -> 83.100806 | M7: =RANK(K7, K$7:$K$21) -> 1 | P7: 13 | Q7: 1080.3619 | R7: =IFERROR(Q7/P7,"") -> 83.104762 | S7: =RANK(R7, R$7:R$21) -> 1 | T7: =AVERAGE(R7:R21) -> 83.104762 | U7: 13 | V7: 1080.2419 | W7: =IFERROR(V7/U7,"") -> 83.095532 | X7: =RANK(W7, W$7:W$21) -> 1 | Y7: =AVERAGE(W7:W21) -> 83.095532 | Z7: 13 | AA7: 1080.3619 | AB7: =IFERROR(AA7/Z7,"") -> 83.104762 | AC7: =RANK(AB7, AB$7:AB$21) -> 1 | AD7: =AVERAGE(AB7:AB21) -> 83.104762 | AE7: 13 | AF7: 1080.3619 | AG7: =IFERROR(AF7/AE7,"") -> 83.104762 | AH7: =RANK(AG7, AG$7:AG$21) -> 1 | AI7: =AVERAGE(AG7:AG21) -> 83.104762 | AJ7: 13 | AK7: 1080.4819 | AL7: =IFERROR(AK7/AJ7,"") -> 83.113993 | AM7: =RANK(AL7, AL$7:AL$21) -> 1 | AN7: =AVERAGE(AL7:AL21) -> 83.113993 | AO7: 13 | AP7: 1080.3619 | AQ7: =IFERROR(AP7/AO7,"") -> 83.104762 | AR7: =RANK(AQ7, AQ$7:AQ$21) -> 1 | AS7: =AVERAGE(AQ7:AQ21) -> 83.104762 | AT7: 13 | AU7: 1080.0019 | AV7: =IFERROR(AU7/AT7,"") -> 83.07707 | AW7: =RANK(AV7, AV$7:AV$21) -> 1 | AX7: =AVERAGE(AV7:AV21) -> 83.07707
C8: 2
C9: 3
C10: 4
C11: 5
C12: 6
C13: 7
C14: 8
C15: 9
C16: 10
C17: 11
C18: 12
C19: 13
... C21: 15
B22: 產線配置圖－每週更新(0505-0511) | N22: 資料繳交 | O22: 日期 | P22: 46147 | U22: 46148 | Z22: 46149 | AE22: 46150 | AJ22: 46151 | AO22: 46152 | AT22: 46153
P23: 46147 | U23: 46148 | Z23: 46149 | AE23: 46150 | AJ23: 46151 | AO23: 46152 | AT23: 46153
B24: 品群 | C24: 商品名稱 | E24: 計畫 | H24: 平均人時性 | I24: 實績 (週平均) | L24: 平均人時性 | M24: 排名 | O24: 日報 | P24: 實際 | T24: 平均人時性 | U24: 實際 | Y24: 平均人時性 | Z24: 實際 | AD24: 平均人時性 | AE24: 實際 | AI24: 平均人時性 | AJ24: 實際 | AN24: 平均人時性 | AO24: 實際 | AS24: 平均人時性 | AT24: 實際 | AX24: 平均人時性
E25: 產線配置圖 | I25: 產線配置圖 | P25: 生產實績 | U25: 生產實績 | Z25: 生產實績 | AE25: 生產實績 | AJ25: 生產實績 | AO25: 生產實績 | AT25: 生產實績
E26: 人數 | F26: 產能／時 | G26: 人時性 | I26: 人數 | J26: 產能／時 | K26: 人時性 | P26: 人數 | Q26: 產能／時 | R26: 人時性 | S26: 排名 | U26: 人數 | V26: 產能／時 | W26: 人時性 | X26: 排名 | Z26: 人數 | AA26: 產能／時 | AB26: 人時性 | AC26: 排名 | AE26: 人數 | AF26: 產能／時 | AG26: 人時性 | AH26: 排名 | AJ26: 人數 | AK26: 產能／時 | AL26: 人時性 | AM26: 排名 | AO26: 人數 | AP26: 產能／時 | AQ26: 人時性 | AR26: 排名 | AT26: 人數 | AU26: 產能／時 | AV26: 人時性 | AW26: 排名
B27: 微波小吃 | C27: 1 | D27: 日式茶碗蒸 | E27: 13 | F27: 1200 | G27: =F27/E27 -> 92.307692 | H27: =AVERAGE(G27:G41) -> 92.307692 | I27: =AVERAGE(P27,U27,Z27,AE27,AJ27,AO27,AT27) -> 13 | J27: =AVERAGE(Q27,V27,AA27,AF27,AK27,AP27,AU27) -> 1079.9057 | K27: =AVERAGE(R27,W27,AB27,AG27,AL27,AQ27,AV27) -> 83.069668 | L27: =IFERROR(AVERAGE(K27:K41),"-") -> 83.069668 | M27: =RANK(K27, K$27:$K$41) -> 1 | P27: 13 | Q27: 1080.3619 | R27: =IFERROR(Q27/P27,"") -> 83.104762 | S27: =RANK(R27, R$27:R$41) -> 1 | T27: =AVERAGE(R27:R41) -> 83.104762 | U27: 13 | V27: 1079.8819 | W27: =IFERROR(V27/U27,"") -> 83.067839 | X27: =RANK(W27, W$27:W$41) -> 1 | Y27: =AVERAGE(W27:W41) -> 83.067839 | Z27: 13 | AA27: 1079.6419 | AB27: =IFERROR(AA27/Z27,"") -> 83.049378 | AC27: =RANK(AB27, AB$27:AB$41) -> 1 | AD27: =AVERAGE(AB27:AB41) -> 83.049378 | AE27: 13 | AF27: 1079.6535 | AG27: =IFERROR(AF27/AE27,"") -> 83.050271 | AH27: =RANK(AG27, AG$27:AG$41) -> 1 | AI27: =AVERAGE(AG27:AG41) -> 83.050271 | AJ27: 13 | AK27: 1080.1335 | AL27: =IFERROR(AK27/AJ27,"") -> 83.087194 | AM27: =RANK(AL27, AL$27:AL$41) -> 1 | AN27: =AVERAGE(AL27:AL41) -> 83.087194 | AO27: 13 | AP27: 1080.0135 | AQ27: =IFERROR(AP27/AO27,"") -> 83.077963 | AR27: =RANK(AQ27, AQ$27:AQ$41) -> 1 | AS27: =AVERAGE(AQ27:AQ41) -> 83.077963 | AT27: 13 | AU27: 1079.6535 | AV27: =IFERROR(AU27/AT27,"") -> 83.050271 | AW27: =RANK(AV27, AV$27:AV$41) -> 1 | AX27: =AVERAGE(AV27:AV41) -> 83.050271
C28: 2
C29: 3
C30: 4
C31: 5
C32: 6
C33: 7
C34: 8
C35: 9
C36: 10
C37: 11
C38: 12
C39: 13
... C41: 15

Sheet 生產管理報表 6-1
A1: 生產管理報表
A3: （６）人時生產性前幾名品項(0428-0504)
A5: 品群 | B5: 1 | C5: 2 | D5: 3 | E5: 4 | F5: 5 | G5: 6 | H5: 7 | I5: 8 | J5: 9
B6: 18℃-飯糰 | C6: 18℃-壽司手卷 | D6: 4℃-飯糰 | E6: 4℃-壽司手卷 | F6: 微波主食 | G6: 便當 | H6: 熱食義麵 | I6: 季節調理麵 | J6: 微波小吃
A7: 品群 | C7: 排名 | D7: 商品名 | G7: 人數 | H7: 產能 | I7: 人時生產性 | J7: 前週比 | K7: 主要原因&對策
A8: 1 | B8: 18℃-飯糰 | C8: 1 | D8: 二配三杯醬爆菇菇飯糰 | G8: 3 | H8: 3197.8219 | I8: 1065.9406 | J8: 4.5467731 | K8: 人數配置相同與人時生產性維持穩定
C9: 2 | D9: 二配鮪魚飯糰 | G9: 3 | H9: 3185.6388 | I9: 1061.8796 | J9: 1.443764 | K9: 人數配置相同與人時生產性維持穩定
C10: 3 | D10: 一配山葵章魚飯糰 | G10: 3 | H10: 3185.0187 | I10: 1061.6729 | K10: 人數配置相同與人時生產性維持穩定
C11: 4 | D11: 一配蔬食鮪魚飯糰 | G11: 3 | H11: 3183.4373 | I11: 1061.1458 | K11: 人數配置相同與人時生產性維持穩定
C12: 5 | D12: 一配明太子龍蝦風味沙拉飯糰 | G12: 3 | H12: 3183.204 | I12: 1061.068 | J12: 1.7374658 | K12: 人數配置相同與人時生產性維持穩定
C13: ▼1 | D13: 二配溏心蛋五目飯糰 | G13: 13 | H13: 3262.7768 | I13: 250.98283 | J13: 0.23403542 | K13: 人數配置相同與人時生產性維持穩定
C14: ▼2 | D14: 一配兩粒飯糰(鮪魚.焦糖鮭魚) | G14: 12 | H14: 3124.1633 | I14: 260.34694 | J14: -0.038571429 | K14: 人數配置相同與人時生產性維持穩定
C15: ▼3 | D15: 二配兩粒飯糰(鮪魚.焦糖鮭魚) | G15: 12 | H15: 3126.0727 | I15: 260.50606 | J15: 0.071335827 | K15: 人數配置相同與人時生產性維持穩定
C16: ▼4 | D16: 二配鮮蝦旬彩炊飯飯糰 | G16: 12 | H16: 3262.7937 | I16: 271.89947 | J16: 0.39891083 | K16: 人數配置相同與人時生產性維持穩定
C17: ▼5 | D17: 二配大飯糰乾燒風味鮮蝦 | G17: 5 | H17: 2688.3236 | I17: 537.66472 | J17: 0.66471721 | K17: 人數配置相同與人時生產性維持穩定
A18: 品群 | C18: 排名 | D18: 商品名 | G18: 人數 | H18: 產能 | I18: 人時生產性 | J18: 前週比 | K18: 主要原因&對策
A19: 2 | B19: 18℃-壽司手卷 | C19: 1 | D19: 一配雙鬆細卷 | G19: 6 | H19: 2343.5017 | I19: 390.58362 | J19: 0.62739594 | K19: 人數配置相同與人時生產性維持穩定
C20: 2 | D20: 一配經典鮪魚沙拉細卷 | G20: 6 | H20: 2343.4885 | I20: 390.58142 | J20: 0.52296699 | K20: 人數配置相同與人時生產性維持穩定
C21: 3 | D21: 一配長野稻荷壽司 | G21: 11 | H21: 3182.9215 | I21: 289.3565 | J21: 0.080616443 | K21: 人數配置相同與人時生產性維持穩定
C22: 4 | D22: 一配經典人氣雙手卷 | G22: 12 | H22: 3158.0217 | I22: 263.16848 | J22: 0.2930293 | K22: 人數配置相同與人時生產性維持穩定
C23: 5 | D23: 一配鮭鮪海饌雙手卷 | G23: 12 | H23: 3156.8755 | I23: 263.07296 | J23: 0.11021884 | K23: 人數配置相同與人時生產性維持穩定
C24: ▼1
C25: ▼2
C26: ▼3
C27: ▼4
C28: ▼5
A29: （６）人時生產性前幾名品項(0505-0511)
A31: 品群 | B31: 1 | C31: 2 | D31: 3 | E31: 4 | F31: 5 | G31: 6 | H31: 7 | I31: 8 | J31: 9
B32: 18℃-飯糰 | C32: 18℃-壽司手卷 | D32: 4℃-飯糰 | E32: 4℃-壽司手卷 | F32: 微波主食 | G32: 便當 | H32: 熱食義麵 | I32: 季節調理麵 | J32: 微波小吃
A33: 品群 | C33: 排名 | D33: 商品名 | G33: 人數 | H33: 產能 | I33: 人時生產性 | J33: 前週比 | K33: 主要原因&對策
A34: 1 | B34: 18℃-飯糰 | C34: 1 | D34: 二配三杯醬爆菇菇飯糰 | G34: 3 | H34: 3195.1267 | I34: 1065.0422 | J34: =I34-I8 -> -0.89841477
C35: 2 | D35: 一配蔬食鮪魚飯糰 | G35: 3 | H35: 3185.0316 | I35: 1061.6772 | J35: =I35-I11 -> 0.53142857
C36: 3 | D36: 二配鮪魚飯糰 | G36: 3 | H36: 3184.0959 | I36: 1061.3653 | J36: =I36-I9 -> -0.51428571
C37: 4 | D37: 一配明太子龍蝦風味沙拉飯糰 | G37: 3 | H37: 3182.2269 | I37: 1060.7423
C38: 5 | D38: 一配鮪魚飯糰 | G38: 3 | H38: 3181.7196 | I38: 1060.5732 | J38: =I38-I12 -> -0.49479389
C39: ▼1 | D39: 二配溏心蛋五目飯糰 | G39: 13 | H39: 3265.2302 | I39: 251.17156 | J39: =I39-I13 -> 0.18872942
C40: ▼2 | D40: 一配兩粒飯糰(鮪魚.焦糖鮭魚) | G40: 12 | H40: 3119.7434 | I40: 259.97862 | J40: =I40-I14 -> -0.36832281
C41: ▼3 | D41: 二配兩粒飯糰(鮪魚.焦糖鮭魚) | G41: 12 | H41: 3121.3922 | I41: 260.11602 | J41: =I41-I15 -> -0.39004071
C42: ▼4 | D42: 二配鮮蝦旬彩炊飯飯糰 | G42: 12 | H42: 3265.37 | I42: 272.11417 | J42: =I42-I16 -> 0.21469531
C43: ▼5 | D43: 二配大飯糰乾燒風味鮮蝦 | G43: 5 | H43: 2689.2965 | I43: 537.85931 | J43: =I43-I17 -> 0.19458987
A44: 品群 | C44: 排名 | D44: 商品名 | G44: 人數 | H44: 產能 | I44: 人時生產性 | J44: 前週比 | K44: 主要原因&對策
A45: 2 | B45: 18℃-壽司手卷 | C45: 1 | D45: 一配經典鮪魚沙拉細卷 | G45: 6 | H45: 2345.2773 | I45: 390.87955 | J45: =I45-I20 -> 0.29813309
C46: 2 | D46: 一配雙鬆細卷 | G46: 6 | H46: 2345.1681 | I46: 390.86135 | J46: =I46-I19 -> 0.27772411
C47: 3 | D47: 一配長野稻荷壽司 | G47: 10.428571 | H47: 3185.5443 | I47: 306.1491 | J47: =I47-I21 -> 16.792601
C48: 4 | D48: 一配經典人氣雙手卷 | G48: 11.428571 | H48: 3157.6103 | I48: 276.801 | J48: =I48-I23 -> 13.728039
C49: 5 | D49: 一配鮭鮪海饌雙手卷 | G49: 11.428571 | H49: 3156.8292 | I49: 276.7387 | J49: =I49-I22 -> 13.570218
C50: ▼1
C51: ▼2
C52: ▼3
C53: ▼4
C54: ▼5

Sheet 生產管理報表 6-2
A1: 生產管理報表
A3: （６）人時生產性前幾名品項(0428-0504)
A5: 品群 | B5: 1 | C5: 2 | D5: 3 | E5: 4 | F5: 5 | G5: 6 | H5: 7 | I5: 8 | J5: 9
B6: 18℃-飯糰 | C6: 18℃-壽司手卷 | D6: 4℃-飯糰 | E6: 4℃-壽司手卷 | F6: 微波主食 | G6: 便當 | H6: 熱食義麵 | I6: 季節調理麵 | J6: 微波小吃
A7: 品群 | C7: 排名 | D7: 商品名 | G7: 人數 | H7: 產能 | I7: 人時生產性 | J7: 前週比 | K7: 主要原因&對策
A8: 3 | B8: 4℃-飯糰 | C8: 1 | D8: 蟹味可樂餅風炸飯糰 | G8: 6 | H8: 3256.6608 | I8: 542.7768 | J8: -0.21986146 | K8: 人數配置相同與人時生產性維持穩定
C9: 2 | D9: 麻油雞飯糰 | G9: 21.714286 | H9: 2585.9313 | I9: 119.07862 | J9: 0.78466177 | K9: 配置人數依照生產線別不同有所差異.人時生產性穩定符合期待
C10: 3
C11: 4
C12: 5
C13: ▼1
C14: ▼2
C15: ▼3
C16: ▼4
C17: ▼5
A18: 品群 | C18: 排名 | D18: 商品名 | G18: 人數 | H18: 產能 | I18: 人時生產性 | J18: 前週比 | K18: 主要原因&對策
A19: 4 | B19: 4℃-壽司手卷 | C19: 1 | D19: 醬油生鮭脆卷 | G19: 6 | H19: 2251.0614 | I19: 375.1769 | J19: 0.19317161 | K19: 人數配置相同與人時生產性維持穩定
C20: 2 | D20: 山葵生鮪魚泥脆卷 | G20: 6 | H20: 2250.7227 | I20: 375.12045 | J20: 0.13672331 | K20: 人數配置相同與人時生產性維持穩定
C21: 3 | D21: 元氣三重稻荷組 | G21: 11 | H21: 2652.118 | I21: 241.10164 | J21: 0.054545455 | K21: 人數配置相同與人時生產性維持穩定
C22: 4
C23: 5
C24: ▼1
C25: ▼2
C26: ▼3
C27: ▼4
C28: ▼5
A29: （６）人時生產性前幾名品項(0505-0511)
A31: 品群 | B31: 1 | C31: 2 | D31: 3 | E31: 4 | F31: 5 | G31: 6 | H31: 7 | I31: 8 | J31: 9
B32: 18℃-飯糰 | C32: 18℃-壽司手卷 | D32: 4℃-飯糰 | E32: 4℃-壽司手卷 | F32: 微波主食 | G32: 便當 | H32: 熱食義麵 | I32: 季節調理麵 | J32: 微波小吃
A33: 品群 | C33: 排名 | D33: 商品名 | G33: 人數 | H33: 產能 | I33: 人時生產性 | J33: 前週比 | K33: 主要原因&對策
A34: 3 | B34: 4℃-飯糰 | C34: 1 | D34: 蟹味可樂餅風炸飯糰 | G34: 5.4285714 | H34: 3252.3408 | I34: 604.001 | J34: =I34-I8 -> 61.224206
C35: 2 | D35: 麻油雞飯糰 | G35: 21 | H35: 2484.1731 | I35: 118.29396 | J35: =I35-I9 -> -0.78466177
C36: 3
C37: 4
C38: 5
C39: ▼1
C40: ▼2
C41: ▼3
C42: ▼4
C43: ▼5
A44: 品群 | C44: 排名 | D44: 商品名 | G44: 人數 | H44: 產能 | I44: 人時生產性 | J44: 前週比 | K44: 主要原因&對策
A45: 4 | B45: 4℃-壽司手卷 | C45: 1 | D45: 山葵生鮪魚泥脆卷 | G45: 6 | H45: 2255.3751 | I45: 375.89585 | J45: =I45-I20 -> 0.77539726
C46: 2 | D46: 醬油生鮭脆卷 | G46: 6 | H46: 2254.7364 | I46: 375.78939 | J46: =I46-I19 -> 0.61249529
C47: 3
C48: 4
C49: 5
C50: ▼1
C51: ▼2
C52: ▼3
C53: ▼4
C54: ▼5

Sheet 生產管理報表 6-3
A1: 生產管理報表
A3: （６）人時生產性前幾名品項(0428-0504)
A5: 品群 | B5: 1 | C5: 2 | D5: 3 | E5: 4 | F5: 5 | G5: 6 | H5: 7 | I5: 8 | J5: 9
B6: 18℃-飯糰 | C6: 18℃-壽司手卷 | D6: 4℃-飯糰 | E6: 4℃-壽司手卷 | F6: 微波主食 | G6: 便當 | H6: 熱食義麵 | I6: 季節調理麵 | J6: 微波小吃
A7: 品群 | C7: 排名 | D7: 商品名 | G7: 人數 | H7: 產能 | I7: 人時生產性 | J7: 前週比 | K7: 主要原因&對策
A8: 5 | B8: 微波主食 | C8: 1 | D8: 二配打拋風味豆腐飯 | G8: 16 | H8: 1788.2251 | I8: 111.76407 | J8: 2.7331623 | K8: 新品一週,達成率上升.
C9: 2 | D9: 二配濃起司燻腸紅醬焗烤飯 | G9: 20 | H9: 1788.4209 | I9: 89.421044 | J9: 0.1550449 | K9: 人數配置相同與人時生產性維持穩定
C10: 3 | D10: 二配失控起司薯餅焗飯 | G10: 20 | H10: 1786 | I10: 89.3 | J10: 0 | K10: 人數配置相同與人時生產性維持穩定
C11: 4 | D11: 二配里肌豬排可可咖哩歐姆蛋飯 | G11: 22.714286 | H11: 1800.0874 | I11: 79.27409 | J11: 1.3863558 | K11: 人數配置相同與人時生產性維持穩定
C12: 5 | D12: 二配黃金雞排蘑菇白醬歐姆蛋飯 | G12: 22.714286 | H12: 1798.5902 | I12: 79.208446 | J12: 1.4435452 | K12: 人數配置相同與人時生產性維持穩定
C13: ▼1 | D13: 糖燻野郎三十天熟成牛飯 | G13: 24 | H13: 1785.6014 | I13: 74.400058 | J13: 0.1660726 | K13: 人數配置相同與人時生產性維持穩定
C14: ▼2 | D14: 二配鐵板豆腐燴蛋蓋飯 | G14: 21 | H14: 1605.7343 | I14: 76.463538 | J14: -0.043717682 | K14: 人數配置相同與人時生產性維持穩定
C15: ▼3 | D15: 二配哞哞培根奶香海陸焗飯 | G15: 22.714286 | H15: 1797.4878 | I15: 79.160184 | J15: 1.4621299 | K15: 人數配置相同與人時生產性維持穩定
C16: ▼4
C17: ▼5
A18: 品群 | C18: 排名 | D18: 商品名 | G18: 人數 | H18: 產能 | I18: 人時生產性 | J18: 前週比 | K18: 主要原因&對策
A19: 6 | B19: 便當 | C19: 1 | D19: 香腸腿排雙拼便當 | G19: 20 | H19: 1787.4351 | I19: 89.371756 | J19: 0.076802003 | K19: 人數配置相同與人時生產性維持穩定
C20: 2 | D20: 經典滷肉飯 | G20: 21 | H20: 1787.0571 | I20: 85.097959 | J20: 0.028571429 | K20: 人數配置相同與人時生產性維持穩定
C21: 3 | D21: 蔬活腿排補力餐盒 | G21: 22 | H21: 1786.8898 | I21: 81.222264 | J21: -0.054545455 | K21: 人數配置相同與人時生產性維持穩定
C22: 4 | D22: 海陸雙拼肉肉餐盒 | G22: 23 | H22: 1790.5066 | I22: 77.848114 | J22: -0.042236025 | K22: 人數配置相同與人時生產性維持穩定
C23: 5 | D23: 嫩烤香料雞胸排蔬滿盒 | G23: 23 | H23: 1789.2356 | I23: 77.792852 | J23: -0.038509317 | K23: 人數配置相同與人時生產性維持穩定
C24: ▼1 | D24: 香檸奶油魚排蔬滿盒 | G24: 26 | H24: 1790.5376 | I24: 68.866832 | J24: -0.014285714 | K24: 人數配置相同與人時生產性維持穩定
C25: ▼2 | D25: 美式雞丁餐盒 | G25: 24 | H25: 1787.7308 | I25: 74.488783 | J25: 0.061904762 | K25: 人數配置相同與人時生產性維持穩定
C26: ▼3 | D26: 健身G肉餐盒 | G26: 24 | H26: 1790.9141 | I26: 74.621419 | J26: -0.005952381 | K26: 人數配置相同與人時生產性維持穩定
C27: ▼4 | D27: 烤蛋白餐盒 | G27: 23 | H27: 1787.1671 | I27: 77.702916 | J27: 0.024410433 | K27: 人數配置相同與人時生產性維持穩定
C28: ▼5
A29: （６）人時生產性前幾名品項(0505-0511)
A31: 品群 | B31: 1 | C31: 2 | D31: 3 | E31: 4 | F31: 5 | G31: 6 | H31: 7 | I31: 8 | J31: 9
B32: 18℃-飯糰 | C32: 18℃-壽司手卷 | D32: 4℃-飯糰 | E32: 4℃-壽司手卷 | F32: 微波主食 | G32: 便當 | H32: 熱食義麵 | I32: 季節調理麵 | J32: 微波小吃
A33: 品群 | C33: 排名 | D33: 商品名 | G33: 人數 | H33: 產能 | I33: 人時生產性 | J33: 前週比 | K33: 主要原因&對策
A34: 5 | B34: 微波主食 | C34: 1 | D34: 二配打拋風味豆腐飯 | G34: 15.8 | H34: 1788.36 | I34: 113.26084 | J34: =I34-I8 -> 1.4967662
C35: 2 | D35: 二配濃起司燻腸紅醬焗烤飯 | G35: 19.571429 | H35: 1788.6599 | I35: 91.447281 | J35: =I35-I9 -> 2.0262368
C36: 3 | D36: 二配失控起司薯餅焗飯 | G36: 19.571429 | H36: 1786 | I36: 91.314286 | J36: =I36-I10 -> 2.0142857
C37: 4 | D37: 二配香烤魚排青醬燉飯 | G37: 18 | H37: 1640 | I37: 91.111111
C38: 5 | D38: 二配哞哞培根奶香海陸焗飯 | G38: 23 | H38: 1787.1429 | I38: 77.701863 | J38: =I38-I15 -> -1.4583208
C39: ▼1 | D39: 糖燻野郎三十天熟成牛飯 | G39: 24 | H39: 1788.1308 | I39: 74.50545 | J39: =I39-I13 -> 0.10539123
C40: ▼2 | D40: 二配鐵板豆腐燴蛋蓋飯 | G40: 21 | H40: 1606.5036 | I40: 76.500173 | J40: =I40-I14 -> 0.036635376
C41: ▼3 | D41: 二配黃金雞排蘑菇白醬歐姆蛋飯 | G41: 23 | H41: 1784.9143 | I41: 77.604969 | J41: =I41-I12 -> -1.6034773
C42: ▼4 | D42: 二配里肌豬排可可咖哩歐姆蛋飯 | G42: 23 | H42: 1786.8286 | I42: 77.688199 | J42: =I42-I11 -> -1.5858912
C43: ▼5
A44: 品群 | C44: 排名 | D44: 商品名 | G44: 人數 | H44: 產能 | I44: 人時生產性 | J44: 前週比 | K44: 主要原因&對策
A45: 6 | B45: 便當 | C45: 1 | D45: 香腸腿排雙拼便當 | G45: 20 | H45: 1786.8524 | I45: 89.342618 | J45: =I45-I19 -> -0.029138242
C46: 2 | D46: 經典滷肉飯 | G46: 21 | H46: 1787.8877 | I46: 85.137511 | J46: =I46-I20 -> 0.039551523
C47: 3 | D47: 蔬活腿排補力餐盒 | G47: 22 | H47: 1787.547 | I47: 81.252135 | J47: =I47-I21 -> 0.02987013
C48: 4 | D48: 海陸雙拼肉肉餐盒 | G48: 23 | H48: 1792.0209 | I48: 77.913952 | J48: =I48-I22 -> 0.065838509
C49: 5 | D49: 烤蛋白餐盒 | G49: 23 | H49: 1788.5025 | I49: 77.760977 | J49: =I49-I22 -> -0.087136699
C50: ▼1 | D50: 香檸奶油魚排蔬滿盒 | G50: 26 | H50: 1791.5948 | I50: 68.907491 | J50: =I50-I24 -> 0.040659341
C51: ▼2 | D51: 美式雞丁餐盒 | G51: 24 | H51: 1790.2118 | I51: 74.592157 | J51: =I51-I25 -> 0.10337467
C52: ▼3 | D52: 健身G肉餐盒 | G52: 24 | H52: 1792.5712 | I52: 74.690466 | J52: =I52-I26 -> 0.069047619
C53: ▼4 | D53: 嫩烤香料雞胸排蔬滿盒 | G53: 23 | H53: 1788.43 | I53: 77.757827 | J53: =I53-I23 -> -0.035025237
C54: ▼5

Sheet 生產管理報表 6-4
A1: 生產管理報表
A3: （６）人時生產性前幾名品項(0428-0504)
A5: 品群 | B5: 1 | C5: 2 | D5: 3 | E5: 4 | F5: 5 | G5: 6 | H5: 7 | I5: 8 | J5: 9
B6: 18℃-飯糰 | C6: 18℃-壽司手卷 | D6: 4℃-飯糰 | E6: 4℃-壽司手卷 | F6: 主食 | G6: 便當 | H6: 熱食義麵 | I6: 季節調理麵 | J6: 微波小吃
A7: 品群 | C7: 排名 | D7: 商品名 | G7: 人數 | H7: 產能 | I7: 人時生產性 | J7: 前週比 | K7: 主要原因&對策
A8: 7 | B8: 熱食義麵 | C8: 1
C9: 2
C10: 3
C11: 4
C12: 5
C13: ▼1
C14: ▼2
C15: ▼3
C16: ▼4
C17: ▼5
A18: 品群 | C18: 排名 | D18: 商品名 | G18: 人數 | H18: 產能 | I18: 人時生產性 | J18: 前週比 | K18: 主要原因&對策
A19: 8 | B19: 季節調理麵 | C19: 1 | D19: 和風涓絲冷麵 | G19: 19 | H19: 3172.1843 | I19: 166.95707 | J19: 0.09732605 | K19: 人數配置相同與人時生產性維持穩定
C20: 2 | D20: 台式麻醬涼麵 | G20: 19 | H20: 3170.9268 | I20: 166.89088 | J20: 3.457562 | K20: 新品一週,達成率上升.
C21: 3 | D21: 鰹魚烏龍冷麵 | G21: 19 | H21: 3106.4853 | I21: 163.49923 | K21: 新品,達成率提升中
C22: 4 | D22: 大滿足香辣涼麵 | G22: 20 | H22: 3257.0218 | I22: 162.85109 | J22: -0.0020588799 | K22: 人數配置相同與人時生產性維持穩定
C23: 5 | D23: 大滿足麻醬涼麵 | G23: 21 | H23: 3258.2142 | I23: 155.15306 | J23: -0.017060674 | K23: 人數配置相同與人時生產性維持穩定
C24: ▼1
C25: ▼2
C26: ▼3
C27: ▼4
C28: ▼5
A29: （６）人時生產性前幾名品項(0505-0511)
A31: 品群 | B31: 1 | C31: 2 | D31: 3 | E31: 4 | F31: 5 | G31: 6 | H31: 7 | I31: 8 | J31: 9
B32: 18℃-飯糰 | C32: 18℃-壽司手卷 | D32: 4℃-飯糰 | E32: 4℃-壽司手卷 | F32: 主食 | G32: 便當 | H32: 熱食義麵 | I32: 季節調理麵 | J32: 微波小吃
A33: 品群 | C33: 排名 | D33: 商品名 | G33: 人數 | H33: 產能 | I33: 人時生產性 | J33: 前週比 | K33: 主要原因&對策
A34: 7 | B34: 熱食義麵 | C34: 1
C35: 2
C36: 3
C37: 4
C38: 5
C39: ▼1
C40: ▼2
C41: ▼3
C42: ▼4
C43: ▼5
A44: 品群 | C44: 排名 | D44: 商品名 | G44: 人數 | H44: 產能 | I44: 人時生產性 | J44: 前週比 | K44: 主要原因&對策
A45: 8 | B45: 季節調理麵 | C45: 1 | D45: 和風涓絲冷麵 | G45: 19 | H45: 3172.8093 | I45: 166.98997 | J45: =I45-I19 -> 0.032895374
C46: 2 | D46: 鰹魚烏龍冷麵 | G46: 19 | H46: 3172.5988 | I46: 166.97888 | J46: =I46-I21 -> 3.4796547
C47: 3 | D47: 台式麻醬涼麵 | G47: 19 | H47: 3172.1024 | I47: 166.95276 | J47: =I47-I20 -> 0.061874797
C48: 4 | D48: 大滿足香辣涼麵 | G48: 20 | H48: 3256.0552 | I48: 162.80276 | J48: =I48-I22 -> -0.048332233
C49: 5 | D49: 大滿足麻醬涼麵 | G49: 21 | H49: 3256.6404 | I49: 155.07811 | J49: =I49-I23 -> -0.074944027
C50: ▼1
C51: ▼2
C52: ▼3
C53: ▼4
C54: ▼5

Sheet 生產管理報表 6-5
A1: 生產管理報表
A3: （６）人時生產性前幾名品項(0428-0504)
A5: 品群 | B5: 1 | C5: 2 | D5: 3 | E5: 4 | F5: 5 | G5: 6 | H5: 7 | I5: 8 | J5: 9
B6: 18℃-飯糰 | C6: 18℃-壽司手卷 | D6: 4℃-飯糰 | E6: 4℃-壽司手卷 | F6: 主食 | G6: 便當 | H6: 熱食義麵 | I6: 季節調理麵 | J6: 微波小吃
A7: 品群 | C7: 排名 | D7: 商品名 | G7: 人數 | H7: 產能 | I7: 人時生產性 | J7: 前週比 | K7: 主要原因&對策
A8: =J5 -> 9 | B8: =J6 -> 微波小吃 | C8: 1 | D8: 日式茶碗蒸 | G8: 13 | H8: 1080.3105 | I8: 83.100806 | J8: -0.0052747253 | K8: 人數配置相同與人時生產性維持穩定
C9: 2
C10: 3
C11: 4
C12: 5
C13: ▼1
C14: ▼2
C15: ▼3
C16: ▼4
C17: ▼5
A18: 品群 | C18: 排名 | D18: 商品名 | G18: 人數 | H18: 產能 | I18: 人時生產性 | J18: 前週比 | K18: 主要原因&對策
C19: 1
C20: 2
C21: 3
C22: 4
C23: 5
C24: ▼1
C25: ▼2
C26: ▼3
C27: ▼4
C28: ▼5
A29: （６）人時生產性前幾名品項(0505-0511)
A31: 品群 | B31: 1 | C31: 2 | D31: 3 | E31: 4 | F31: 5 | G31: 6 | H31: 7 | I31: 8 | J31: 9
B32: 18℃-飯糰 | C32: 18℃-壽司手卷 | D32: 4℃-飯糰 | E32: 4℃-壽司手卷 | F32: 主食 | G32: 便當 | H32: 熱食義麵 | I32: 季節調理麵 | J32: 微波小吃
A33: 品群 | C33: 排名 | D33: 商品名 | G33: 人數 | H33: 產能 | I33: 人時生產性 | J33: 前週比 | K33: 主要原因&對策
A34: =J31 -> 9 | B34: =J32 -> 微波小吃 | C34: 1 | D34: 日式茶碗蒸 | G34: 13 | H34: 1079.9057 | I34: 83.069668 | J34: =I34-I8 -> -0.031137924
C35: 2
C36: 3
C37: 4
C38: 5
C39: ▼1
C40: ▼2
C41: ▼3
C42: ▼4
C43: ▼5
A44: 品群 | C44: 排名 | D44: 商品名 | G44: 人數 | H44: 產能 | I44: 人時生產性 | J44: 前週比 | K44: 主要原因&對策
C45: 1
C46: 2
C47: 3
C48: 4
C49: 5
C50: ▼1
C51: ▼2
C52: ▼3
C53: ▼4
C54: ▼5

Sheet 生產管理報表 7-1(月)
A1: 生產管理報表
A3: （７）原因別分析
A5: 業績金額(千元) | B5: ='生產管理報表(月)'!B6 -> #REF!
A6: 項目 | B6: 合計 | E6: 項目 | F6: 1 | H6: 2 | J6: 3 | L6: 4
F7: 展開量高於需求量 | H7: 調理多產 | J7: 製程不穩 | L7: 取樣不穩
B8: 金額 | C8: 比例 | F8: 金額 | G8: 比例 | H8: 金額 | I8: 比例 | J8: 金額 | K8: 比例 | L8: 金額 | M8: 比例
A9: 報廢 | B9: =日別報廢率總表!AI3 -> 0 | C9: =B9/($B$5*1000) -> #REF! | E9: 報廢 | F9: ='報廢20大－原因別分析'!#REF! -> #REF! | G9: ='報廢20大－原因別分析'!#REF! -> #REF! | H9: ='報廢20大－原因別分析'!#REF! -> #REF! | I9: ='報廢20大－原因別分析'!#REF! -> #REF! | J9: ='報廢20大－原因別分析'!#REF! -> #REF! | K9: ='報廢20大－原因別分析'!#REF! -> #REF! | L9: ='報廢20大－原因別分析'!#REF! -> #REF! | M9: ='報廢20大－原因別分析'!#REF! -> #REF!
A10: 超用 | B10: =日別報廢率總表!AL3 -> 0 | C10: =B10/($B$5*1000) -> #REF! | E10: 超用 | F10: ='超用20大－原因別分析'!AB47 -> 0 | G10: ='超用20大－原因別分析'!AB48 -> 0 | H10: ='超用20大－原因別分析'!AC47 -> 0 | I10: ='超用20大－原因別分析'!AC48 -> 0 | J10: ='超用20大－原因別分析'!AD47 -> 0 | K10: ='超用20大－原因別分析'!AD48 -> 0 | L10: ='超用20大－原因別分析'!AE47 -> 0 | M10: ='超用20大－原因別分析'!AE48 -> 0
E11: 項目 | F11: 5 | H11: 6 | J11: 7 | L11: 8
F12: 原物料規格 | H12: 研發設定 | J12: 其他原因
F13: 金額 | G13: 比例 | H13: 金額 | I13: 比例 | J13: 金額 | K13: 比例
E14: 報廢 | F14: ='報廢20大－原因別分析'!#REF! -> #REF! | G14: ='報廢20大－原因別分析'!#REF! -> #REF! | H14: ='報廢20大－原因別分析'!#REF! -> #REF! | I14: ='報廢20大－原因別分析'!#REF! -> #REF! | J14: ='報廢20大－原因別分析'!#REF! -> #REF! | K14: ='報廢20大－原因別分析'!#REF! -> #REF!
E15: 超用 | F15: ='超用20大－原因別分析'!AF47 -> 0 | G15: ='超用20大－原因別分析'!AF48 -> 0 | H15: ='超用20大－原因別分析'!AG47 -> 0 | I15: ='超用20大－原因別分析'!AG48 -> 0 | J15: ='超用20大－原因別分析'!AH47 -> 0 | K15: ='超用20大－原因別分析'!AH48 -> 0

Sheet 生產管理報表 8-1(月報廢)
A1: 生產管理報表
A3: （８）報廢原因別前幾名品項
A5: 類型 | B5: 1 | D5: 2 | F5: 3 | H5: 4 | J5: 5 | L5: 6 | N5: 7 | P5: 8
B6: 展開量高於需求量 | D6: 調理多產 | F6: 製程不穩 | H6: 取樣不穩 | J6: 原物料規格 | L6: 研發設定 | N6: 其他原因 | P6: 步留因素
A8: 類型 | C8: 排名 | D8: 商品名 | G8: 半成品名 | J8: 單價 | K8: 報廢率 | L8: 數量 | M8: 金額 | N8: 前週比 | O8: 主要原因&對策
A9: 1 | B9: 展開量高於需求量 | C9: 1 | D9: 烤黑胡椒洋蔥絲 | G9: 烤黑胡椒洋蔥絲 | J9: 141.67 | K9: 0.013688887 | L9: 33.89 | M9: =L9*J9 -> 4801.1963 | O9: 原因:生產餘料產生報廢。對策:增加線上抽秤頻率，調理展開量下修，並已採用多次補單方式執行，報廢量逐步下修，目前控制再2%以下。
C10: 2 | D10: 薑炒筍尾 | G10: 薑炒筍尾 | J10: 183.65 | K10: 0.020791182 | L10: 18.66 | M10: =L10*J10 -> 3426.909 | O10: 原因:原物料規格長短差異影響用量，生產餘料報廢。對策:生產改採「多次補單」方式備料，依實際產出需求分批補料，避免一次性備料過多造成餘料報廢。
C11: 3 | D11: 川味秋木耳 | G11: 川味秋木耳 | J11: 253.92 | K11: 0.018096655 | L11: 17.95 | M11: =L11*J11 -> 4557.864 | O11: 生產餘料產生報廢,目前報廢量控制再2%以下與超用量比例少,持續下修產出量。
C12: 4 | D12: 炒油蔥醬 | G12: 炒油蔥醬 | J12: 152.75 | K12: 0.0061684306 | L12: 6.65 | M12: =L12*J12 -> 1015.7875 | O12: 原因:生產餘料產生報廢。對策:增加線上抽秤頻率，提升用量穩定，調理展開量下修，並已採用多次補單方式執行，報廢量逐步下修。
C13: 5 | D13: 洋蔥壹號醬 | G13: 洋蔥壹號醬 | J13: 153.19 | K13: 0.026060061 | L13: 22.86 | M13: =L13*J13 -> 3501.9234 | O13: 原因:單份用量少抓量不穩定，生產餘料產生報廢。對策:加強線上人員抓量教育訓練，提升小份量操作穩定度，下修調理展開量並改採多次補單備料。
J14: 前幾名合計比例 | K14: =M14/'生產管理報表 7-1(月)'!$B$9 -> #DIV/0! | L14: 前幾名合計金額 | M14: =SUM(M9:M13) -> 17303.68
A16: 類型 | C16: 排名 | D16: 商品名 | G16: 半成品名 | J16: 單價 | K16: 報廢率 | L16: 數量 | M16: 金額 | N16: 前週比 | O16: 主要原因&對策
A17: 2 | B17: 調理多產 | C17: 1 | M17: =L17*J17 -> 0
C18: 2 | M18: =L18*J18 -> 0
C19: 3 | M19: =L19*J19 -> 0
C20: 4 | M20: =L20*J20 -> 0
C21: 5 | M21: =L21*J21 -> 0
J22: 前幾名合計比例 | K22: =M22/'生產管理報表 7-1(月)'!$B$9 -> #DIV/0! | L22: 前幾名合計金額 | M22: =SUM(M17:M21) -> 0
A24: 類型 | C24: 排名 | D24: 商品名 | G24: 半成品名 | J24: 單價 | K24: 報廢率 | L24: 數量 | M24: 金額 | N24: 前週比 | O24: 主要原因&對策
A25: 3 | B25: 製程不穩 | C25: 1 | D25: 共用類 | G25: 烤12切家常豆腐 | J25: 1.17 | K25: 0.0039663546 | L25: 5251 | M25: =L25*J25 -> 6143.67 | O25: 主要原因:烤盤產生炭渣，豆腐沾黏焦化物。對策:定期更換烤盤，制定烤盤更換時程
C26: 2 | D26: 共用類 | G26: 60切-烤豆腐蛋白丁 | J26: 2.45 | K26: 0.0044416679 | L26: 2696 | M26: =L26*J26 -> 6605.2 | O26: 因烤箱製程蛋片厚薄規格存在差異，準備室於分切時進行篩選剔除，確保產品外觀及賣相穩定，造成剃除報廢。
C27: 3 | D27: 香檸奶油魚排蔬滿盒 | G27: 烤巴沙魚排 | J27: 16.1 | K27: 0.005767118 | L27: 349 | M27: =L27*J27 -> 5618.9 | O27: 因4/10、4/11特定器具（大刮板）進貨交期銜接未完全到位，後段作業改以小刮板替代使用，導致破損量增加。對策:後續補足器具恢復標準器具配置，並納入安全庫存與領用管控機制以降低作業報廢影響。
C28: 4 | D28: 共用類 | G28: 整顆切片水煮蛋 | J28: 1.16 | K28: 0.0098041444 | L28: 3775 | M28: =L28*J28 -> 4379 | O28: 主因:因分切時造成破損。對策:確認蒸箱後，差壓冷卻製程的溫度銜接，破損數量已下修。
C29: 5 | D29: 美式雞丁餐盒 | G29: 清炒高麗菜(115年) | J29: 122.07 | K29: 0.012769218 | L29: 9 | M29: =L29*J29 -> 1098.63 | O29: 主因:因葉梗差異容易取樣不穩導致超用。對策:調理展開量下修，並已採用多次補單方式執行，報廢率持續下修控制在2%內。
J30: 前幾名合計比例 | K30: =M30/'生產管理報表 7-1(月)'!$B$9 -> #DIV/0! | L30: 前幾名合計金額 | M30: =SUM(M25:M29) -> 23845.4

Sheet 生產管理報表 8-2(月報廢)
A1: 生產管理報表
A3: （８）報廢原因別前幾名品項
A5: 類型 | B5: 1 | D5: 2 | F5: 3 | H5: 4 | J5: 5 | L5: 6 | N5: 7 | P5: 8
B6: 展開量高於需求量 | D6: 調理多產 | F6: 製程不穩 | H6: 取樣不穩 | J6: 原物料規格 | L6: 研發設定 | N6: 其他原因 | P6: 步留因素
A8: 類型 | C8: 排名 | D8: 商品名 | G8: 半成品名 | J8: 單價 | K8: 報廢率 | L8: 數量 | M8: 金額 | N8: 前週比 | O8: 主要原因&對策
A9: 4 | B9: 取樣不穩 | C9: 1 | D9: 糖燻野郎三十天熟成牛飯 | G9: 烤黑胡椒洋蔥絲 | J9: 141.67 | K9: 0.013688887 | L9: 33.89 | M9: =L9*J9 -> 4801.1963 | O9: 原因:生產餘料產生報廢。對策:增加線上抽秤頻率，調理展開量下修，並已採用多次補單方式執行，報廢量逐步下修，目前控制再2%以下。
C10: 2 | D10: 經典滷肉飯 | G10: 薑炒筍尾 | J10: 183.65 | K10: 0.020791182 | L10: 18.66 | M10: =L10*J10 -> 3426.909 | O10: 原因:原物料規格長短差異影響用量，生產餘料報廢。對策:生產改採「多次補單」方式備料，依實際產出需求分批補料，避免一次性備料過多造成餘料報廢。
C11: 3 | D11: 經典滷肉飯 | G11: 川味秋木耳 | J11: 253.92 | K11: 0.018096655 | L11: 17.95 | M11: =L11*J11 -> 4557.864 | O11: 生產餘料產生報廢,目前報廢量控制再2%以下與超用量比例少,持續下修產出量。
C12: 4 | D12: 雞肉飯飯糰 | G12: 炒油蔥醬 | J12: 152.75 | K12: 0.0061684306 | L12: 6.65 | M12: =L12*J12 -> 1015.7875 | O12: 原因:生產餘料產生報廢。對策:增加線上抽秤頻率，提升用量穩定，調理展開量下修，並已採用多次補單方式執行，報廢量逐步下修。
C13: 5 | D13: 壹號醬炙烤牛飯糰 | G13: 洋蔥壹號醬 | J13: 153.19 | K13: 0.026060061 | L13: 22.86 | M13: =L13*J13 -> 3501.9234 | O13: 原因:單份用量少抓量不穩定，生產餘料產生報廢。對策:加強線上人員抓量教育訓練，提升小份量操作穩定度，下修調理展開量並改採多次補單備料。
J14: 前幾名合計比例 | K14: =M14/'生產管理報表 7-1(月)'!$B$9 -> #DIV/0! | L14: 前幾名合計金額 | M14: =SUM(M9:M13) -> 17303.68
A16: 類型 | C16: 排名 | D16: 商品名 | G16: 半成品名 | J16: 單價 | K16: 報廢率 | L16: 數量 | M16: 金額 | N16: 前週比 | O16: 主要原因&對策
A17: 5 | B17: 原物料規格 | C17: 1 | D17: 香檸奶油魚排蔬滿盒 | G17: 熟化帶皮黃肉地瓜滾刀7-13g | J17: 130 | K17: 0.033469999 | L17: 8.49 | M17: =L17*J17 -> 1103.7 | O17: 高風險半成品拆袋即用,拆包後無法延用給下配次產生報廢。
C18: 2 | M18: =L18*J18 -> 0
C19: 3 | M19: =L19*J19 -> 0
C20: 4 | M20: =L20*J20 -> 0
C21: 5 | M21: =L21*J21 -> 0
J22: 前幾名合計比例 | K22: =M22/'生產管理報表 7-1(月)'!$B$9 -> #DIV/0! | L22: 前幾名合計金額 | M22: =SUM(M17:M21) -> 1103.7
A24: 類型 | C24: 排名 | D24: 商品名 | G24: 半成品名 | J24: 單價 | K24: 報廢率 | L24: 數量 | M24: 金額 | N24: 前週比 | O24: 主要原因&對策
A25: 6 | B25: 研發設定 | C25: 1 | D25: 一配贅沢鮭魚肚飯糰 | G25: 烤銀鮭魚肚 | J25: 15.45 | K25: 0.0036909222 | L25: 494 | M25: =L25*J25 -> 7632.3 | O25: 主要原因:規格大小不穩定導致斷裂破損產生報廢，偏小比例增加導致報廢增加。對策:持續組裝前準備室先進行整理入籃，減少沾黏狀況，因調理斷裂組合可拼合使用，使用率提高。
C26: 2 | M26: 0
C27: 3 | M27: 0
C28: 4 | M28: 0
C29: 5 | M29: 0
J30: 前幾名合計比例 | K30: =M30/'生產管理報表 7-1(月)'!$B$9 -> #DIV/0! | L30: 前幾名合計金額 | M30: =SUM(M25:M29) -> 7632.3
A32: 類型 | C32: 排名 | D32: 商品名 | G32: 半成品名 | J32: 單價 | K32: 報廢率 | L32: 數量 | M32: 金額 | N32: 前週比 | O32: 主要原因&對策
A33: 7 | B33: 其他原因 | C33: 1 | M33: =L33*J33 -> 0
C34: 2 | M34: =L34*J34 -> 0
C35: 3 | M35: =L35*J35 -> 0
C36: 4 | M36: 0
C37: 5 | M37: 0
J38: 前幾名合計比例 | K38: =M38/'生產管理報表 7-1(月)'!$B$9 -> #DIV/0! | L38: 前幾名合計金額 | M38: =SUM(M33:M37) -> 0

Sheet 生產管理報表 8-3(月超用)
A1: 生產管理報表
A3: （８）超用原因別前幾名品項
A5: 類型 | B5: 1 | D5: 2 | F5: 3 | H5: 4 | J5: 5 | L5: 6 | N5: 7 | P5: 8
B6: 展開量高於需求量 | D6: 調理多產 | F6: 製程不穩 | H6: 取樣不穩 | J6: 原物料規格 | L6: 研發設定 | N6: 其他原因 | P6: 步留因素
A8: 類型 | C8: 排名 | D8: 商品名 | G8: 半成品名 | J8: 單價 | K8: 報廢率 | L8: 數量 | M8: 金額 | N8: 前週比 | O8: 主要原因&對策
A9: 1 | B9: 展開量高於需求量 | C9: 1 | M9: =L9*J9 -> 0
C10: 2 | M10: =L10*J10 -> 0
C11: 3 | M11: =L11*J11 -> 0
C12: 4 | M12: =L12*J12 -> 0
C13: 5 | M13: =L13*J13 -> 0
J14: 前幾名合計比例 | K14: =M14/'生產管理報表 7-1(月)'!$B$10 -> #DIV/0! | L14: 前幾名合計金額 | M14: =SUM(M9:M13) -> 0
A16: 類型 | C16: 排名 | D16: 商品名 | G16: 半成品名 | J16: 單價 | K16: 報廢率 | L16: 數量 | M16: 金額 | N16: 前週比 | O16: 主要原因&對策
A17: 2 | B17: 調理多產 | C17: 1 | M17: =L17*J17 -> 0
C18: 2 | M18: =L18*J18 -> 0
C19: 3 | M19: =L19*J19 -> 0
C20: 4 | M20: =L20*J20 -> 0
C21: 5 | M21: =L21*J21 -> 0
J22: 前幾名合計比例 | K22: =M22/'生產管理報表 7-1(月)'!$B$10 -> #DIV/0! | L22: 前幾名合計金額 | M22: =SUM(M17:M21) -> 0
A24: 類型 | C24: 排名 | D24: 商品名 | G24: 半成品名 | J24: 單價 | K24: 報廢率 | L24: 數量 | M24: 金額 | N24: 前週比 | O24: 主要原因&對策
