Workbook

Sheet 數值累積總表(月)
B1: 項目 | D1: 1月 | E1: 2月 | F1: 3月 | G1: 4月 | H1: 5月 | I1: 6月 | J1: 7月 | K1: 8月 | L1: 9月 | M1: 10月 | N1: 11月 | O1: 12月 | P1: 合計/平均
B2: （１）收支狀況 | C2: 業績金額(千元) | D2: 146299.94 | E2: 116569.43 | F2: 148838 | P2: =SUM(D2:O2) -> 411707.36
C3: 訂單數量 | D3: 4768701 | E3: 3787002 | F3: 5045753 | P3: =SUM(D3:O3) -> 13601456
C4: 材料費(千元) | D4: 93253 | E4: 74777 | F4: 93614 | P4: =SUM(D4:O4) -> 261644
C5: 材料費率(%) | D5: 0.655 | E5: 0.653 | F5: 0.648 | G5: =IFERROR(G4/G2, "") | H5: =IFERROR(H4/H2, "") | I5: =IFERROR(I4/I2, "") | J5: =IFERROR(J4/J2, "") | K5: =IFERROR(K4/K2, "") | L5: =IFERROR(L4/L2, "") | M5: =IFERROR(M4/M2, "") | N5: =IFERROR(N4/N2, "") | O5: =IFERROR(O4/O2, "") | P5: =AVERAGEIF(D5:O5, ">0") -> 0.652
C6: 勞務成本(千元) | D6: 22378 | E6: 22860 | F6: 22710 | P6: =SUM(D6:O6) -> 67948
C7: 勞務費率(%) | D7: 0.157 | E7: 0.2 | F7: 0.157 | G7: =IFERROR(G6/G2, "") | H7: =IFERROR(H6/H2, "") | I7: =IFERROR(I6/I2, "") | J7: =IFERROR(J6/J2, "") | K7: =IFERROR(K6/K2, "") | L7: =IFERROR(L6/L2, "") | M7: =IFERROR(M6/M2, "") | N7: =IFERROR(N6/N2, "") | O7: =IFERROR(O6/O2, "") | P7: =AVERAGEIF(D7:O7, ">0") -> 0.17133333
B9: （２）ＫＰＩ達成進度 | C9: 人時性KPI | D9: 497.6 | E9: 497.6 | F9: 497.6 | P9: =AVERAGEIF(D9:O9, ">0") -> 497.6
C10: 人時性(個/月均) | D10: 458.38414 | E10: 476.04172 | F10: 409.81563 | P10: =AVERAGEIF(D10:O10, ">0") -> 448.0805
C11: 人時達成率(%/月均) | D11: =IFERROR(D10/D9, "") -> 0.92118999 | E11: =IFERROR(E10/E9, "") -> 0.95667547 | F11: =IFERROR(F10/F9, "") -> 0.82358447 | G11: =IFERROR(G10/G9, "") | H11: =IFERROR(H10/H9, "") | I11: =IFERROR(I10/I9, "") | J11: =IFERROR(J10/J9, "") | K11: =IFERROR(K10/K9, "") | ... O11: =IFERROR(O10/O9, "") | P11: =AVERAGEIF(D11:O11, ">0") -> 0.90048331
C12: 半成品-報廢(%) | D12: 0.0024135432 | E12: 0.0023657636 | F12: 0.0020222248 | P12: =AVERAGEIF(D12:O12, ">0") -> 0.0022671772
C13: 半成品-超用(%) | D13: 0.0055994433 | E13: 0.0052393001 | F13: 0.0048799138 | P13: =AVERAGEIF(D13:O13, ">0") -> 0.0052395524
C14: 固定產線-導入率(%) | D14: 0.9 | E14: 0.9 | F14: 0.9 | P14: =AVERAGEIF(D14:O14, ">0") -> 0.9
C15: 教育訓練-實施率(%) | D15: 0.057692308 | E15: 0.13873626 | F15: 0.21960298 | P15: 0.2196
B17: （３）業績構成比 | C17: 18℃-飯糰(061,063) | D17: 0.36139567 | E17: 0.34737657 | F17: 0.36414345 | P17: =AVERAGEIF(D17:O17, ">0") -> 0.35763856
C18: 18℃-壽司手卷(071,072,075,076) | D18: 0.069633574 | E18: 0.077793665 | F18: 0.084480826 | P18: =AVERAGEIF(D18:O18, ">0") -> 0.077302689
C19: 4℃-飯糰(065) | D19: 0.022453222 | E19: 0.02167645 | F19: 0.02436516 | P19: =AVERAGEIF(D19:O19, ">0") -> 0.022831611
C20: 4℃-壽司手卷(077) | D20: 0.008585039 | E20: 0.0099523222 | F20: 0.014684918 | P20: =AVERAGEIF(D20:O20, ">0") -> 0.011074093
C21: 主食(091,092,093,094,095) | D21: 0.16215294 | E21: 0.18214708 | F21: 0.20289324 | P21: =AVERAGEIF(D21:O21, ">0") -> 0.18239775
C22: 便當(083) | D22: 0.27057088 | E22: 0.27529226 | F22: 0.29293399 | P22: =AVERAGEIF(D22:O22, ">0") -> 0.27959904
C23: 熱食義麵(122,123,124,126) | D23: 0.029234371 | E23: 0.0089796819 | F23: 0 | P23: =AVERAGEIF(D23:O23, ">0") -> 0.019107026
C24: 季節調理麵(111,112) | D24: 0.040564166 | E24: 0.040109499 | F24: 0.0016541185 | P24: =AVERAGEIF(D24:O24, ">0") -> 0.027442594
C25: 微波小吃(153,154,155) | D25: 0.035410133 | E25: 0.036672477 | F25: 0.01484429 | P25: =AVERAGEIF(D25:O25, ">0") -> 0.028975633
B27: （４）訂單數量構成比 | C27: 18℃-飯糰(061,063) | D27: 0.58577126 | E27: 0.57025346 | F27: 0.57640852 | P27: =AVERAGEIF(D27:O27, ">0") -> 0.57747775
C28: 18℃-壽司手卷(071,072,075,076) | D28: 0.081693946 | E28: 0.091615478 | F28: 0.10179987 | P28: =AVERAGEIF(D28:O28, ">0") -> 0.091703098
C29: 4℃-飯糰(065) | D29: 0.024966128 | E29: 0.023825971 | F29: 0.026809081 | P29: =AVERAGEIF(D29:O29, ">0") -> 0.025200393
C30: 4℃-壽司手卷(077) | D30: 0.0097963785 | E30: 0.011706622 | F30: 0.016401516 | P30: =AVERAGEIF(D30:O30, ">0") -> 0.012634839
C31: 主食(091,092,093,094,095) | D31: 0.089953008 | E31: 0.10114835 | F31: 0.11343936 | P31: =AVERAGEIF(D31:O31, ">0") -> 0.10151357
C32: 便當(083) | D32: 0.13708178 | E32: 0.14060779 | F32: 0.14223546 | P32: =AVERAGEIF(D32:O32, ">0") -> 0.13997501
C33: 熱食義麵(122,123,124,126) | D33: 0.015652481 | E33: 0.0048238686 | F33: 0 | P33: =AVERAGEIF(D33:O33, ">0") -> 0.010238175
C34: 季節調理麵(111,112) | D34: 0.022004735 | E34: 0.020902022 | F34: 0.00067918505 | P34: =AVERAGEIF(D34:O34, ">0") -> 0.014528647
C35: 微波小吃(153,154,155) | D35: 0.033080287 | E35: 0.035116432 | F35: 0.02222701 | P35: =AVERAGEIF(D35:O35, ">0") -> 0.030141243
B37: （５）品群別人時生產性 | C37: 18℃-飯糰(061,063) | D37: 768.96509 | E37: 774.12086 | F37: 757.59042 | P37: =AVERAGEIF(D37:O37, ">0") -> 766.89213
C38: 18℃-壽司手卷(071,072,075,076) | D38: 280.52358 | E38: 304.46478 | F38: 311.70582 | P38: =AVERAGEIF(D38:O38, ">0") -> 298.89806
C39: 4℃-飯糰(065) | D39: 258.56167 | E39: 203.24374 | F39: 331.13667 | P39: =AVERAGEIF(D39:O39, ">0") -> 264.31403
C40: 4℃-壽司手卷(077) | D40: 486.07171 | E40: 490.19814 | F40: 493.97618 | P40: =AVERAGEIF(D40:O40, ">0") -> 490.08201
C41: 主食(091,092,093,094,095) | D41: 82.669482 | E41: 81.452412 | F41: 79.949999 | P41: =AVERAGEIF(D41:O41, ">0") -> 81.357298
C42: 便當(083) | D42: 78.306367 | E42: 77.971323 | F42: 77.906797 | P42: =AVERAGEIF(D42:O42, ">0") -> 78.061495
C43: 熱食義麵(122,123,124,126) | D43: 76.250133 | E43: 72.949976 | F43: 0 | P43: =AVERAGEIF(D43:O43, ">0") -> 74.600054
C44: 季節調理麵(111,112) | D44: 110.8083 | E44: 97.157501 | F44: 84.601424 | P44: =AVERAGEIF(D44:O44, ">0") -> 97.52241
C45: 微波小吃(153,154,155) | D45: 76.123665 | E45: 77.592138 | F45: 83.044479 | P45: =AVERAGEIF(D45:O45, ">0") -> 78.920094

Sheet 生產管理報表(月)
A1: 大溪廠生產管理報表
A3: 月別 | B3: 3 | C3: 工廠 | D3: 大溪廠
A4: （１）收支狀況 | E4: ※單位：千元 | G4: （２）ＫＰＩ達成進度
A5: 項目 | B5: 當月 | C5: 前月 | D5: 差異 | E5: 累計 | G5: 項目 | H5: KPI | I5: 當月 | J5: 前月 | K5: 累計 | L5: ※補充
A6: 業績金額 | B6: ='（１）收支狀況'!H10/1000 -> 148838 | C6: ='數值累積總表(月)'!E2 -> 116569.43 | D6: =B6-C6 -> 32268.568 | E6: ='數值累積總表(月)'!P2 -> 411707.36 | G6: 人時性(個/月均) | H6: 497.6 | I6: ='（２）ＫＰＩ達成進度'!H10 -> 409.82815 | J6: ='數值累積總表(月)'!E10 -> 476.04172 | K6: ='數值累積總表(月)'!P10 -> 448.0805 | L6: 個／MH
A7: 訂單數量 | B7: ='（１）收支狀況'!K10 -> 5045753 | C7: ='數值累積總表(月)'!E3 -> 3787002 | D7: =B7-C7 -> 1258751 | E7: ='數值累積總表(月)'!P3 -> 13601456 | G7: 人時達成率(%/月均) | H7: 0.8 | I7: ='（２）ＫＰＩ達成進度'!K10 -> 0.82360963 | J7: ='數值累積總表(月)'!E11 -> 0.95667547 | K7: ='數值累積總表(月)'!P11 -> 0.90048331 | L7: 達成率
A8: 材料費 | B8: 93614 | C8: ='數值累積總表(月)'!E4 -> 74777 | D8: =B8-C8 -> 18837 | E8: ='數值累積總表(月)'!P4 -> 261644 | G8: 半成品-報廢(%) | H8: 0.0025 | I8: ='（２）ＫＰＩ達成進度'!N10 -> 0.0020218797 | J8: ='數值累積總表(月)'!E12 -> 0.0023657636 | K8: ='數值累積總表(月)'!P12 -> 0.0022671772 | L8: 報廢率
A9: 材料費率 | B9: 0.648 | C9: ='數值累積總表(月)'!E5 -> 0.653 | D9: =B9-C9 -> -0.005 | E9: ='數值累積總表(月)'!P5 -> 0.652 | G9: 半成品-超用(%) | H9: 0.004 | I9: ='（２）ＫＰＩ達成進度'!Q10 -> 0.0048669349 | J9: ='數值累積總表(月)'!E13 -> 0.0052393001 | K9: ='數值累積總表(月)'!P13 -> 0.0052395524 | L9: 超用率
A10: 勞務成本 | B10: 22710 | C10: ='數值累積總表(月)'!E6 -> 22860 | D10: =B10-C10 -> -150 | E10: ='數值累積總表(月)'!P6 -> 67948 | G10: 固定產線-導入率(%) | H10: 0.8 | I10: ='（２）ＫＰＩ達成進度'!T10 -> 0.9 | J10: ='數值累積總表(月)'!E14 -> 0.9 | K10: ='數值累積總表(月)'!P14 -> 0.9 | L10: 導入率
A11: 勞務費率 | B11: 0.157 | C11: ='數值累積總表(月)'!E7 -> 0.2 | D11: =B11-C11 -> -0.043 | E11: ='數值累積總表(月)'!P7 -> 0.17133333 | G11: 教育訓練-實施率(%) | H11: 1 | I11: ='（２）ＫＰＩ達成進度'!W10 -> 0.21960298 | J11: ='數值累積總表(月)'!E15 -> 0.13873626 | K11: ='數值累積總表(月)'!P15 -> 0.2196 | L11: 實施率
A13: （３）業績構成比 | E13: ※單位：千元 | G13: （４）訂單數量構成比 | K13: ※單位：個
B14: 當月 | C14: 比例 | D14: 前月 | E14: 差異 | H14: 當月 | I14: 比例 | J14: 前月 | K14: 差異
A15: 18℃-飯糰(061,063) | B15: =SUM('（３）業績構成比'!M12:M42)/1000 -> 54198.383 | C15: =IFERROR(B15/$B$6,"") -> 0.36414345 | D15: ='數值累積總表(月)'!E17 -> 0.34737657 | E15: =IFERROR(C15-D15,"") -> 0.016766884 | G15: 18℃-飯糰(061,063) | H15: =SUM('（４）訂單數量構成比'!M12:M42) -> 2908415 | I15: =IFERROR(H15/$B$7,"") -> 0.57640852 | J15: ='數值累積總表(月)'!E27 -> 0.57025346 | K15: =IFERROR(I15-J15,"") -> 0.0061550545
A16: 18℃-壽司手卷(071,072,075,076) | B16: =SUM('（３）業績構成比'!S12:S42)/1000 -> 12573.957 | C16: =IFERROR(B16/$B$6,"") -> 0.084480826 | D16: ='數值累積總表(月)'!E18 -> 0.077793665 | E16: =IFERROR(C16-D16,"") -> 0.0066871614 | G16: 18℃-壽司手卷(071,072,075,076) | H16: =SUM('（４）訂單數量構成比'!S12:S42) -> 513657 | I16: =IFERROR(H16/$B$7,"") -> 0.10179987 | J16: ='數值累積總表(月)'!E28 -> 0.091615478 | K16: =IFERROR(I16-J16,"") -> 0.010184392
A17: 4℃-飯糰(065) | B17: =SUM('（３）業績構成比'!U12:U42)/1000 -> 3626.4617 | C17: =IFERROR(B17/$B$6,"") -> 0.02436516 | D17: ='數值累積總表(月)'!E19 -> 0.02167645 | E17: =IFERROR(C17-D17,"") -> 0.0026887106 | G17: 4℃-飯糰(065) | H17: =SUM('（４）訂單數量構成比'!U12:U42) -> 135272 | I17: =IFERROR(H17/$B$7,"") -> 0.026809081 | J17: ='數值累積總表(月)'!E29 -> 0.023825971 | K17: =IFERROR(I17-J17,"") -> 0.0029831098
A18: 4℃-壽司手卷(077) | B18: =SUM('（３）業績構成比'!W12:W42)/1000 -> 2185.6738 | C18: =IFERROR(B18/$B$6,"") -> 0.014684918 | D18: ='數值累積總表(月)'!E20 -> 0.0099523222 | E18: =IFERROR(C18-D18,"") -> 0.0047325959 | G18: 4℃-壽司手卷(077) | H18: =SUM('（４）訂單數量構成比'!W12:W42) -> 82758 | I18: =IFERROR(H18/$B$7,"") -> 0.016401516 | J18: ='數值累積總表(月)'!E30 -> 0.011706622 | K18: =IFERROR(I18-J18,"") -> 0.0046948945
A19: 主食(091,092,093,094,095) | B19: =SUM('（３）業績構成比'!AC12:AC42)/1000 -> 30198.224 | C19: =IFERROR(B19/$B$6,"") -> 0.20289324 | D19: ='數值累積總表(月)'!E21 -> 0.18214708 | E19: =IFERROR(C19-D19,"") -> 0.020746161 | G19: 主食(091,092,093,094,095) | H19: =SUM('（４）訂單數量構成比'!AC12:AC42) -> 572387 | I19: =IFERROR(H19/$B$7,"") -> 0.11343936 | J19: ='數值累積總表(月)'!E31 -> 0.10114835 | K19: =IFERROR(I19-J19,"") -> 0.012291013
A20: 便當(083) | B20: =SUM('（３）業績構成比'!AE12:AE42)/1000 -> 43599.709 | C20: =IFERROR(B20/$B$6,"") -> 0.29293399 | D20: ='數值累積總表(月)'!E22 -> 0.27529226 | E20: =IFERROR(C20-D20,"") -> 0.017641737 | G20: 便當(083) | H20: =SUM('（４）訂單數量構成比'!AE12:AE42) -> 717685 | I20: =IFERROR(H20/$B$7,"") -> 0.14223546 | J20: ='數值累積總表(月)'!E32 -> 0.14060779 | K20: =IFERROR(I20-J20,"") -> 0.0016276654
A21: 熱食義麵(122,123,124,126) | B21: =SUM('（３）業績構成比'!AG12:AG42)/1000 -> 0 | C21: =IFERROR(B21/$B$6,"") -> 0 | D21: ='數值累積總表(月)'!E23 -> 0.0089796819 | E21: =IFERROR(C21-D21,"") -> -0.0089796819 | G21: 熱食義麵(122,123,124,126) | H21: =SUM('（４）訂單數量構成比'!AG12:AG42) -> 0 | I21: =IFERROR(H21/$B$7,"") -> 0 | J21: ='數值累積總表(月)'!E33 -> 0.0048238686 | K21: =IFERROR(I21-J21,"") -> -0.0048238686
A22: 季節調理麵(111,112) | B22: =SUM('（３）業績構成比'!AI12:AI42)/1000 -> 246.19568 | C22: =IFERROR(B22/$B$6,"") -> 0.0016541185 | D22: ='數值累積總表(月)'!E24 -> 0.040109499 | E22: =IFERROR(C22-D22,"") -> -0.03845538 | G22: 季節調理麵(111,112) | H22: =SUM('（４）訂單數量構成比'!AI12:AI42) -> 3427 | I22: =IFERROR(H22/$B$7,"") -> 0.00067918505 | J22: ='數值累積總表(月)'!E34 -> 0.020902022 | K22: =IFERROR(I22-J22,"") -> -0.020222837
A23: 微波小吃(153,154,155) | B23: =SUM('（３）業績構成比'!AK12:AK42)/1000 -> 2209.3944 | C23: =IFERROR(B23/$B$6,"") -> 0.01484429 | D23: ='數值累積總表(月)'!E25 -> 0.036672477 | E23: =IFERROR(C23-D23,"") -> -0.021828188 | G23: 微波小吃(153,154,155) | H23: =SUM('（４）訂單數量構成比'!AK12:AK42) -> 112152 | I23: =IFERROR(H23/$B$7,"") -> 0.02222701 | J23: ='數值累積總表(月)'!E35 -> 0.035116432 | K23: =IFERROR(I23-J23,"") -> -0.012889423
C24: =SUM(C15:C23) -> 1 | D24: =SUM(D15:D23) -> 1 | I24: =SUM(I15:I23) -> 1 | J24: =SUM(J15:J23) -> 1
A26: （５）品群別人時生產性
A27: 品群 | B27: 當月 | C27: 前月 | D27: 差異 | E27: 累計
A28: 18℃-飯A15:A23糰(061,063) | B28: ='（５-1）品群別人時生產性(18℃-飯糰)'!C1 -> 757.59042 | C28: ='數值累積總表(月)'!E37 -> 774.12086 | D28: =B28-C28 -> -16.53044 | E28: ='數值累積總表(月)'!P37 -> 766.89213
A29: 18℃-壽司手卷(071,072,075,076) | B29: ='（５-2）品群別人時生產性(18℃-壽司手卷)'!C1 -> 311.70582 | C29: ='數值累積總表(月)'!E38 -> 304.46478 | D29: =B29-C29 -> 7.2410358 | E29: ='數值累積總表(月)'!P38 -> 298.89806
A30: 4℃-飯糰(065) | B30: ='（５-3）品群別人時生產性(4℃-飯糰)'!C1 -> 331.13667 | C30: ='數值累積總表(月)'!E39 -> 203.24374 | D30: =B30-C30 -> 127.89293 | E30: ='數值累積總表(月)'!P39 -> 264.31403
A31: 4℃-壽司手卷(077) | B31: ='（５-4）品群別人時生產性(4℃-壽司手卷)'!C1 -> 493.97618 | C31: ='數值累積總表(月)'!E40 -> 490.19814 | D31: =B31-C31 -> 3.7780393 | E31: ='數值累積總表(月)'!P40 -> 490.08201
A32: 主食(091,092,093,094,095) | B32: ='（５-5）品群別人時生產性(微波主食) '!C1 -> 79.949999 | C32: ='數值累積總表(月)'!E41 -> 81.452412 | D32: =B32-C32 -> -1.5024123 | E32: ='數值累積總表(月)'!P41 -> 81.357298
A33: 便當(083) | B33: ='（５-6）品群別人時生產性(便當)'!C1 -> 77.906797 | C33: ='數值累積總表(月)'!E42 -> 77.971323 | D33: =B33-C33 -> -0.064525766 | E33: ='數值累積總表(月)'!P42 -> 78.061495
A34: 熱食義麵(122,123,124,126) | B34: ='（５-7）品群別人時生產性(熱食義麵) '!C1 -> 0 | C34: ='數值累積總表(月)'!E43 -> 72.949976 | D34: =B34-C34 -> -72.949976 | E34: ='數值累積總表(月)'!P43 -> 74.600054
A35: 季節調理麵(111,112) | B35: ='（５-8）品群別人時生產性(季節調理麵) '!C1 -> 84.601424 | C35: ='數值累積總表(月)'!E44 -> 97.157501 | D35: =B35-C35 -> -12.556077 | E35: ='數值累積總表(月)'!P44 -> 97.52241
A36: 微波小吃(153,154,155) | B36: ='（５-9）品群別人時生產性(微波小吃)'!C1 -> 83.044479 | C36: ='數值累積總表(月)'!E45 -> 77.592138 | D36: =B36-C36 -> 5.4523404 | E36: ='數值累積總表(月)'!P45 -> 78.920094

Sheet 生產管理報表(週) 
A1: 大溪廠生產管理報表
A3: 月別 | B3: 4 | C3: 週別 | D3: W1 | E3: 工廠 | F3: 大溪廠
A4: （１）收支狀況 | E4: ※單位：千元 | G4: （２）ＫＰＩ達成進度
A5: 項目 | B5: 當週 | C5: 前週 | D5: 差異 | E5: 累計 | G5: 項目 | H5: KPI | I5: 當週 | J5: 前週 | K5: 累計 | L5: ※補充
A6: 業績金額 | B6: ='（１）收支狀況'!G40/1000 -> 30121.755 | C6: 32252.127 | D6: =B6-C6 -> -2130.3721 | E6: ='（１）收支狀況'!H10:H10/1000 -> 148838 | G6: 人時性(個/月均) | I6: ='（２）ＫＰＩ達成進度'!G40 -> 410.90558 | J6: 416.99684 | K6: ='（２）ＫＰＩ達成進度'!H10 -> 409.82815 | L6: 個／MH
A7: 訂單數量 | B7: ='（１）收支狀況'!J40 -> 995977 | C7: 1105590 | D7: =B7-C7 -> -109613 | E7: ='（１）收支狀況'!K10:K10 -> 5045753 | G7: 人時達成率(%/月均) | H7: 0.8 | I7: ='（２）ＫＰＩ達成進度'!J40 -> 0.82577488 | J7: 0.83801616 | K7: ='（２）ＫＰＩ達成進度'!K10 -> 0.82360963 | L7: 達成率
A8: 材料費 | B8: ='（１）收支狀況'!M40/1000 -> 20020.074 | C8: 21273.508 | D8: =B8-C8 -> -1253.4345 | E8: ='（１）收支狀況'!N10:N10/1000 -> 98384.727 | G8: 半成品-報廢(%) | H8: 0.0025 | I8: ='（２）ＫＰＩ達成進度'!M40 -> 0.002010833 | J8: 0.0020062482 | K8: ='（２）ＫＰＩ達成進度'!N10 -> 0.0020218797 | L8: 報廢率
A9: 材料費率 | B9: ='（１）收支狀況'!P40 -> 0.66463837 | C9: 0.65960017 | D9: =B9-C9 -> 0.0050381958 | E9: ='（１）收支狀況'!Q10 -> 0.66101888 | G9: 半成品-超用(%) | H9: 0.004 | I9: ='（２）ＫＰＩ達成進度'!P40 -> 0.0044376523 | J9: 0.0045274475 | K9: ='（２）ＫＰＩ達成進度'!Q10 -> 0.0048669349 | L9: 超用率
A10: 勞務成本 | B10: ='（１）收支狀況'!S40/1000 -> 5296.9028 | C10: 5198.276 | D10: =B10-C10 -> 98.626784 | E10: ='（１）收支狀況'!T10/1000 -> 23834.465 | G10: 固定產線-導入率(%) | H10: 0.8 | I10: ='（２）ＫＰＩ達成進度'!S40 -> 0.9 | J10: 0.9 | K10: ='（２）ＫＰＩ達成進度'!T10 -> 0.9 | L10: 導入率
A11: 勞務費率 | B11: ='（１）收支狀況'!V40 -> 0.17584974 | C11: 0.16117622 | D11: =B11-C11 -> 0.014673518 | E11: ='（１）收支狀況'!W10 -> 0.16013697 | G11: 教育訓練-實施率(%) | H11: 1 | I11: =14/52*100% -> 0.26923077 | J11: 0.25 | K11: ='（２）ＫＰＩ達成進度'!W10 -> 0.21960298 | L11: 實施率
A13: （３）業績構成比 | E13: ※單位：千元 | G13: （４）訂單數量構成比 | K13: ※單位：個
B14: 當週 | C14: 比例 | D14: 前週 | E14: 差異 | H14: 當週 | I14: 比例 | J14: 前週 | K14: 差異
A15: 18℃-飯糰(061,063) | B15: =SUM('（３）業績構成比'!M42:M48)/1000 -> 10717.808 | C15: =IFERROR(B15/$B$6,"") -> 0.3558162 | D15: 0.3697172 | E15: =IFERROR(C15-D15,"") -> -0.013900994 | G15: 18℃-飯糰(061,063) | H15: =SUM('（４）訂單數量構成比'!M42:M48) -> 577172 | I15: =IFERROR(H15/$B$7,"") -> 0.57950334 | J15: 0.58327228 | K15: =IFERROR(I15-J15,"") -> -0.003768938
A16: 18℃-壽司手卷(071,072,075,076) | B16: =SUM('（３）業績構成比'!S42:S48)/1000 -> 2325.489 | C16: =IFERROR(B16/$B$6,"") -> 0.077202971 | D16: 0.088579641 | E16: =IFERROR(C16-D16,"") -> -0.011376669 | G16: 18℃-壽司手卷(071,072,075,076) | H16: =SUM('（４）訂單數量構成比'!S42:S48) -> 92852 | I16: =IFERROR(H16/$B$7,"") -> 0.093227052 | J16: 0.10566485 | K16: =IFERROR(I16-J16,"") -> -0.012437796
A17: 4℃-飯糰(065) | B17: =SUM('（３）業績構成比'!U42:U48)/1000 -> 712.35164 | C17: =IFERROR(B17/$B$6,"") -> 0.023649075 | D17: 0.024091208 | E17: =IFERROR(C17-D17,"") -> -0.0004421333 | G17: 4℃-飯糰(065) | H17: =SUM('（４）訂單數量構成比'!U42:U48) -> 25977 | I17: =IFERROR(H17/$B$7,"") -> 0.026081928 | J17: 0.025749148 | K17: =IFERROR(I17-J17,"") -> 0.00033278008
A18: 4℃-壽司手卷(077) | B18: =SUM('（３）業績構成比'!W42:W48)/1000 -> 370.31261 | C18: =IFERROR(B18/$B$6,"") -> 0.012293859 | D18: 0.012003448 | E18: =IFERROR(C18-D18,"") -> 0.00029041139 | G18: 4℃-壽司手卷(077) | H18: =SUM('（４）訂單數量構成比'!W42:W48) -> 14005 | I18: =IFERROR(H18/$B$7,"") -> 0.01406157 | J18: 0.013238181 | K18: =IFERROR(I18-J18,"") -> 0.00082338918
A19: 主食(091,092,093,094,095) | B19: =SUM('（３）業績構成比'!AC42:AC48)/1000 -> 5428.5814 | C19: =IFERROR(B19/$B$6,"") -> 0.18022129 | D19: 0.18867097 | E19: =IFERROR(C19-D19,"") -> -0.0084496807 | G19: 主食(091,092,093,094,095) | H19: =SUM('（４）訂單數量構成比'!AC42:AC48) -> 102309 | I19: =IFERROR(H19/$B$7,"") -> 0.10272225 | J19: 0.10414258 | K19: =IFERROR(I19-J19,"") -> -0.0014203329
A20: 便當(083) | B20: =SUM('（３）業績構成比'!AE42:AE48)/1000 -> 10120.77 | C20: =IFERROR(B20/$B$6,"") -> 0.33599538 | D20: 0.3014113 | E20: =IFERROR(C20-D20,"") -> 0.034584079 | G20: 便當(083) | H20: =SUM('（４）訂單數量構成比'!AE42:AE48) -> 161000 | I20: =IFERROR(H20/$B$7,"") -> 0.16165032 | J20: 0.14494161 | K20: =IFERROR(I20-J20,"") -> 0.016708704
A21: 熱食義麵(122,123,124,126) | B21: =SUM('（３）業績構成比'!AG42:AG48)/1000 -> 0 | C21: =IFERROR(B21/$B$6,"") -> 0 | D21: 0 | E21: =IFERROR(C21-D21,"") -> 0 | G21: 熱食義麵(122,123,124,126) | H21: =SUM('（４）訂單數量構成比'!AG42:AG48) -> 0 | I21: =IFERROR(H21/$B$7,"") -> 0 | J21: 0 | K21: =IFERROR(I21-J21,"") -> 0
A22: 季節調理麵(111,112) | B22: =SUM('（３）業績構成比'!AI42:AI48)/1000 -> 0 | C22: =IFERROR(B22/$B$6,"") -> 0 | D22: 0 | E22: =IFERROR(C22-D22,"") -> 0 | G22: 季節調理麵(111,112) | H22: =SUM('（４）訂單數量構成比'!AI42:AI48) -> 0 | I22: =IFERROR(H22/$B$7,"") -> 0 | J22: 0 | K22: =IFERROR(I22-J22,"") -> 0
A23: 微波小吃(153,154,155) | B23: =SUM('（３）業績構成比'!AK42:AK48)/1000 -> 446.4414 | C23: =IFERROR(B23/$B$6,"") -> 0.014821228 | D23: 0.015526241 | E23: =IFERROR(C23-D23,"") -> -0.00070501299 | G23: 微波小吃(153,154,155) | H23: =SUM('（４）訂單數量構成比'!AK42:AK48) -> 22662 | I23: =IFERROR(H23/$B$7,"") -> 0.022753537 | J23: 0.022991344 | K23: =IFERROR(I23-J23,"") -> -0.00023780651
C24: =SUM(C15:C23) -> 1 | D24: =SUM(D15:D23) -> 1 | I24: =SUM(I15:I23) -> 1 | J24: =SUM(J15:J23) -> 1
A26: （５）品群別人時生產性
A27: 品群 | B27: 當週 | C27: 前週 | D27: 差異 | E27: 累計
A28: 18℃-飯糰(061,063) | B28: ='（５-1）品群別人時生產性(18℃-飯糰)'!L197 -> 738.89977 | C28: 746.14935 | D28: =B28-C28 -> -7.249577 | E28: ='（５-1）品群別人時生產性(18℃-飯糰)'!C1 -> 757.59042
A29: 18℃-壽司手卷(071,072,075,076) | B29: ='（５-2）品群別人時生產性(18℃-壽司手卷)'!L107 -> 316.081 | C29: 316.0034 | D29: =B29-C29 -> 0.077604884 | E29: ='（５-2）品群別人時生產性(18℃-壽司手卷)'!C1 -> 311.70582
A30: 4℃-飯糰(065) | B30: ='（５-3）品群別人時生產性(4℃-飯糰)'!L107 -> 331.18525 | C30: 331.5815 | D30: =B30-C30 -> -0.39624772 | E30: ='（５-3）品群別人時生產性(4℃-飯糰)'!C1 -> 331.13667
A31: 4℃-壽司手卷(077) | B31: ='（５-4）品群別人時生產性(4℃-壽司手卷)'!L107 -> 493.97915 | C31: 493.9075 | D31: =B31-C31 -> 0.071650932 | E31: ='（５-4）品群別人時生產性(4℃-壽司手卷)'!C1 -> 493.97618
A32: 主食(091,092,093,094,095) | B32: ='（５-5）品群別人時生產性(微波主食) '!L107 -> 80.926906 | C32: 80.897159 | D32: =B32-C32 -> 0.029746958 | E32: ='（５-5）品群別人時生產性(微波主食) '!C1 -> 79.949999
A33: 便當(083) | B33: ='（５-6）品群別人時生產性(便當)'!L107 -> 77.801136 | C33: 78.90158 | D33: =B33-C33 -> -1.1004433 | E33: ='（５-6）品群別人時生產性(便當)'!C1 -> 77.906797
A34: 熱食義麵(122,123,124,126) | B34: 0 | C34: 0 | D34: =B34-C34 -> 0 | E34: ='（５-7）品群別人時生產性(熱食義麵) '!C1 -> 0
A35: 季節調理麵(111,112) | B35: 0 | C35: 0 | D35: =B35-C35 -> 0 | E35: ='（５-8）品群別人時生產性(季節調理麵) '!C1 -> 84.601424
A36: 微波小吃(153,154,155) | B36: ='（５-9）品群別人時生產性(微波小吃)'!L107 -> 83.04829 | C36: 83.046578 | D36: =B36-C36 -> 0.0017124993 | E36: ='（５-9）品群別人時生產性(微波小吃)'!C1 -> 83.044479

Sheet （１）收支狀況
B2: （１）收支狀況
B3: 資料繳交日 | C3: 月份 | D3: 日期 | F3: 營業額(元) | I3: 訂單數量(個) | L3: 材料費(元) | O3: 材料費率（材料費／營業額） | R3: 勞務成本（全廠人事成本） | U3: 勞務費率（勞務成本／營業額）
F4: 日 | G4: 週累積 | H4: 月累積 | I4: 日 | J4: 週累積 | K4: 月累積 | L4: 日 | M4: 週累積 | N4: 月累積 | O4: 日 | P4: 週累積 | Q4: 月累積 | R4: 日 | S4: 週累積 | T4: 月累積 | U4: 日 | V4: 週累積 | W4: 月累積
B5: =D6+7 -> 46085 | D5: 46077 | E5: 二 | F5: 5238957.1 | G5: =SUM(F5:F11) -> 32338420 | I5: 175154 | J5: =SUM(I5:I11) -> 1076054 | L5: 3399597.1 | M5: =SUM(L5:L11) -> 21241351 | O5: =L5/F5 -> 0.64890722 | P5: =M5/G5 -> 0.65684565 | R5: 840082.55 | S5: =SUM(R5:R11) -> 5488297.8 | U5: =R5/F5 -> 0.16035301 | V5: =S5/G5 -> 0.16971447
D6: =D5+1 -> 46078 | E6: 三 | F6: 4692647.5 | I6: 156618 | L6: 3098792.2 | O6: =L6/F6 -> 0.66035052 | R6: 789675.12 | U6: =R6/F6 -> 0.16827923
D7: =D6+1 -> 46079 | E7: 四 | F7: 3909306.8 | I7: 129387 | L7: 2647205.3 | O7: =L7/F7 -> 0.67715464 | R7: 725122.7 | U7: =R7/F7 -> 0.18548626
D8: =D7+1 -> 46080 | E8: 五 | F8: 3610052.1 | I8: 120519 | L8: 2369385.1 | O8: =L8/F8 -> 0.6563299 | R8: 750061.99 | U8: =R8/F8 -> 0.20777041
D9: =D8+1 -> 46081 | E9: 六 | F9: 3915929.6 | I9: 131697 | L9: 2568526.9 | O9: =L9/F9 -> 0.65591753 | R9: 774937.55 | U9: =R9/F9 -> 0.19789364
C10: 三 | D10: =D9+1 -> 46082 | E10: 日 | F10: 5447490.3 | H10: =SUM(F10:F40) -> 1.48838e+08 | I10: 179915 | K10: =SUM(I10:I40) -> 5045753 | L10: 3643303.9 | N10: =SUM(L10:L40) -> 98384727 | O10: =L10/F10 -> 0.66880412 | Q10: =N10/H10 -> 0.66101888 | R10: 804587.51 | T10: =SUM(R10:R40) -> 23834465 | U10: =R10/F10 -> 0.14769875 | W10: =T10/H10 -> 0.16013697
D11: =D10+1 -> 46083 | E11: 一 | F11: 5524036.8 | I11: 182764 | L11: 3514540.3 | O11: =L11/F11 -> 0.6362268 | R11: 803830.36 | U11: =R11/F11 -> 0.14551503
B12: =B5+7 -> 46092 | D12: =D11+1 -> 46084 | E12: 二 | F12: 5503117.1 | G12: =SUM(F12:F18) -> 33854096 | I12: 182389 | J12: =SUM(I12:I18) -> 1137743 | L12: 3633986.2 | M12: =SUM(L12:L18) -> 22517866 | O12: =L12/F12 -> 0.66035052 | P12: =M12/G12 -> 0.66514452 | R12: 830265.73 | S12: =SUM(R12:R18) -> 5405163.9 | U12: =R12/F12 -> 0.1508719 | V12: =S12/G12 -> 0.15966056
D13: =D12+1 -> 46085 | E13: 三 | F13: 5072703.1 | I13: 171444 | L13: 3462721.3 | O13: =L13/F13 -> 0.68261856 | R13: 794675.29 | U13: =R13/F13 -> 0.15665717
D14: =D13+1 -> 46086 | E14: 四 | F14: 4496570 | I14: 153251 | L14: 3011033.1 | O14: =L14/F14 -> 0.66962887 | R14: 724960.16 | U14: =R14/F14 -> 0.16122515
D15: =D14+1 -> 46087 | E15: 五 | F15: 3821772.9 | I15: 131075 | L15: 2509131.8 | O15: =L15/F15 -> 0.65653608 | R15: 685553.83 | U15: =R15/F15 -> 0.1793811
D16: =D15+1 -> 46088 | E16: 六 | F16: 4127790.8 | I16: 139687 | L16: 3057288.7 | O16: =L16/F16 -> 0.74065979 | R16: 750910.44 | U16: =R16/F16 -> 0.18191582
D17: =D16+1 -> 46089 | E17: 日 | F17: 5624946 | I17: 184408 | L17: 3467402.3 | O17: =L17/F17 -> 0.61643299 | R17: 835817.77 | U17: =R17/F17 -> 0.14859125
D18: =D17+1 -> 46090 | E18: 一 | F18: 5207196.3 | I18: 175489 | L18: 3376303.1 | O18: =L18/F18 -> 0.64839175 | R18: 782980.74 | U18: =R18/F18 -> 0.15036513
B19: =B12+7 -> 46099 | D19: =D18+1 -> 46091 | E19: 二 | F19: 5094346.5 | G19: =SUM(F19:F25) -> 32874070 | I19: 171919 | J19: =SUM(I19:I25) -> 1114939 | L19: 3469092.4 | M19: =SUM(L19:L25) -> 21771219 | O19: =L19/F19 -> 0.68096907 | P19: =M19/G19 -> 0.66226115 | R19: 815273.37 | S19: =SUM(R19:R25) -> 5363313.2 | U19: =R19/F19 -> 0.16003493 | V19: =S19/G19 -> 0.16314722
D20: =D19+1 -> 46092 | E20: 三 | F20: 4787261.3 | I20: 163607 | L20: 3043809.9 | O20: =L20/F20 -> 0.63581443 | R20: 784041.2 | U20: =R20/F20 -> 0.16377656
D21: =D20+1 -> 46093 | E21: 四 | F21: 4340566.7 | I21: 150153 | L21: 2939234.9 | O21: =L21/F21 -> 0.67715464 | R21: 743956.58 | U21: =R21/F21 -> 0.17139619
D22: =D21+1 -> 46094 | E22: 五 | F22: 3843289.1 | I22: 130207 | L22: 2539106.6 | O22: =L22/F22 -> 0.66065979 | R22: 712778.8 | U22: =R22/F22 -> 0.18546062
D23: =D22+1 -> 46095 | E23: 六 | F23: 4118703.8 | I23: 139203 | L23: 2754181.5 | O23: =L23/F23 -> 0.66870103 | R23: 704575.66 | U23: =R23/F23 -> 0.17106733
D24: =D23+1 -> 46096 | E24: 日 | F24: 5467294.6 | I24: 181125 | L24: 3588348.9 | O24: =L24/F24 -> 0.6563299 | R24: 827032.39 | U24: =R24/F24 -> 0.15126904
D25: =D24+1 -> 46097 | E25: 一 | F25: 5222607.7 | I25: 178725 | L25: 3437445 | O25: =L25/F25 -> 0.65818557 | R25: 775655.23 | U25: =R25/F25 -> 0.14851876
B26: =B19+7 -> 46106 | D26: =D25+1 -> 46098 | E26: 二 | F26: 5386755.9 | G26: =SUM(F26:F32) -> 33319857 | I26: 183844 | J26: =SUM(I26:I32) -> 1145620 | L26: 3448301.2 | M26: =SUM(L26:L32) -> 21956430 | O26: =L26/F26 -> 0.64014433 | P26: =M26/G26 -> 0.65895933 | R26: 835414.33 | S26: =SUM(R26:R32) -> 5396122.2 | U26: =R26/F26 -> 0.15508673 | V26: =S26/G26 -> 0.16194914
D27: =D26+1 -> 46099 | E27: 三 | F27: 4992178.2 | I27: 172254 | L27: 3347023.9 | O27: =L27/F27 -> 0.67045361 | R27: 798270.96 | U27: =R27/F27 -> 0.15990434
D28: =D27+1 -> 46100 | E28: 四 | F28: 4465947.2 | I28: 157187 | L28: 2975794.1 | O28: =L28/F28 -> 0.6663299 | R28: 739644.11 | U28: =R28/F28 -> 0.16561864
D29: =D28+1 -> 46101 | E29: 五 | F29: 3808013.8 | I29: 133801 | L29: 2437678.5 | O29: =L29/F29 -> 0.64014433 | R29: 691617.07 | U29: =R29/F29 -> 0.18162147
D30: =D29+1 -> 46102 | E30: 六 | F30: 4071503.5 | I30: 141397 | L30: 2767950.8 | O30: =L30/F30 -> 0.67983505 | R30: 737899.23 | U30: =R30/F30 -> 0.18123507
D31: =D30+1 -> 46103 | E31: 日 | F31: 5501397.2 | I31: 183666 | L31: 3580105.1 | O31: =L31/F31 -> 0.65076289 | R31: 823068.39 | U31: =R31/F31 -> 0.14961079
D32: =D31+1 -> 46104 | E32: 一 | F32: 5094060.9 | I32: 173471 | L32: 3399576.7 | O32: =L32/F32 -> 0.66736082 | R32: 770208.09 | U32: =R32/F32 -> 0.15119727
B33: =B26+7 -> 46113 | D33: =D32+1 -> 46105 | E33: 二 | F33: 4902681.6 | G33: =SUM(F33:F39) -> 32252127 | I33: 168684 | J33: =SUM(I33:I39) -> 1105590 | L33: 3217776.5 | M33: =SUM(L33:L39) -> 21273508 | O33: =L33/F33 -> 0.6563299 | P33: =M33/G33 -> 0.65960017 | R33: 769537.38 | S33: =SUM(R33:R39) -> 5198276 | U33: =R33/F33 -> 0.15696254 | V33: =S33/G33 -> 0.16117622
D34: =D33+1 -> 46106 | E34: 三 | F34: 4675847.4 | I34: 162126 | L34: 3087698.2 | O34: =L34/F34 -> 0.66035052 | R34: 754913.82 | U34: =R34/F34 -> 0.16144963
D35: =D34+1 -> 46107 | E35: 四 | F35: 4316808.3 | I35: 150942 | L35: 2899115 | O35: =L35/F35 -> 0.67158763 | R35: 720741.67 | U35: =R35/F35 -> 0.16696171
D36: =D35+1 -> 46108 | E36: 五 | F36: 3793881.8 | I36: 130555 | L36: 2432152 | O36: =L36/F36 -> 0.64107216 | R36: 711990.07 | U36: =R36/F36 -> 0.18766796
D37: =D36+1 -> 46109 | E37: 六 | F37: 4079657.9 | I37: 139511 | L37: 2742371.2 | O37: =L37/F37 -> 0.67220619 | R37: 710266.78 | U37: =R37/F37 -> 0.1740996
D38: =D37+1 -> 46110 | E38: 日 | F38: 5382127.6 | I38: 178715 | L38: 3557419.9 | O38: =L38/F38 -> 0.66096907 | R38: 820657.25 | U38: =R38/F38 -> 0.15247822
D39: =D38+1 -> 46111 | E39: 一 | F39: 5101122.3 | I39: 175057 | L39: 3336975.4 | O39: =L39/F39 -> 0.65416495 | R39: 710169.01 | U39: =R39/F39 -> 0.13921819
B40: =B33+7 -> 46120 | D40: =D39+1 -> 46112 | E40: 二 | F40: 5566322 | G40: =SUM(F40:F46) -> 30121755 | I40: 179182 | J40: =SUM(I40:I46) -> 995977 | L40: 3707859.1 | M40: =SUM(L40:L46) -> 20020074 | O40: =L40/F40 -> 0.66612371 | P40: =M40/G40 -> 0.66463837 | R40: 863172.14 | S40: =SUM(R40:R46) -> 5296902.8 | U40: =R40/F40 -> 0.15507046 | V40: =S40/G40 -> 0.17584974
D41: =D40+1 -> 46113 | E41: 三 | F41: 4658389.7 | I41: 156110 | L41: 3067045.4 | O41: =L41/F41 -> 0.65839175 | R41: 766317.89 | U41: =R41/F41 -> 0.16450274
D42: =D41+1 -> 46114 | E42: 四 | F42: 3718970.8 | I42: 125387 | L42: 2504899.4 | O42: =L42/F42 -> 0.67354639 | R42: 713559.72 | U42: =R42/F42 -> 0.19187021
D43: =D42+1 -> 46115 | E43: 五 | F43: 3549995.8 | I43: 119195 | L43: 2351927.1 | O43: =L43/F43 -> 0.66251546 | R43: 705005.24 | U43: =R43/F43 -> 0.19859326
D44: =D43+1 -> 46116 | E44: 六 | F44: 3467991.9 | I44: 114970 | L44: 2303676.2 | O44: =L44/F44 -> 0.66426804 | R44: 709401.68 | U44: =R44/F44 -> 0.2045569
D45: =D44+1 -> 46117 | E45: 日 | F45: 3900098.7 | I45: 129122 | L45: 2586288.2 | O45: =L45/F45 -> 0.66313402 | R45: 736893.51 | U45: =R45/F45 -> 0.18894227
D46: =D45+1 -> 46118 | E46: 一 | F46: 5259985.6 | I46: 172011 | L46: 3498378.5 | O46: =L46/F46 -> 0.66509278 | R46: 802552.6 | U46: =R46/F46 -> 0.15257696

Sheet （２）ＫＰＩ達成進度
B1: 人時生產性基準值 | C1: 497.6
B2: （２）ＫＰＩ達成進度
B3: 資料繳交日 | C3: 月份 | D3: 日期 | F3: 人時生產性(個/人) | I3: 人時生產性達成率(%) | L3: 半成品報廢(%) | O3: 半成品超用(%) | R3: 固定產線-導入率(固定產線數/總產線數) | U3: 教育訓練-實施率(進度/計畫)
F4: 日 | G4: 週平均 | H4: 月平均 | I4: 日 | J4: 週平均 | K4: 月平均 | L4: 日 | M4: 週平均 | N4: 月平均 | O4: 日 | P4: 週平均 | Q4: 月平均 | R4: 日 | S4: 週平均 | T4: 月平均 | U4: 日 | V4: 週平均 | W4: 月平均
B5: =D6+7 -> 46085 | D5: 46077 | E5: 二 | F5: 464.32904 | G5: =AVERAGE(F5:F11) -> 468.73197 | I5: =F5/$C$1 -> 0.93313713 | J5: =AVERAGE(I5:I11) -> 0.94198547 | L5: 0.0023089761 | M5: =AVERAGE(L5:L11) -> 0.0022409997 | O5: 0.0050852114 | P5: =AVERAGE(O5:O11) -> 0.0050772955 | R5: 0.9 | S5: =AVERAGE(R5:R11) -> 0.9 | U5: =9/52*100% -> 0.17307692 | V5: =AVERAGE(U5:U11) -> 0.17307692
D6: =D5+1 -> 46078 | E6: 三 | F6: 465.03721 | I6: =F6/$C$1 -> 0.93456032 | L6: 0.0023055099 | O6: 0.0050598022 | R6: 0.9 | U6: =9/52*100% -> 0.17307692
D7: =D6+1 -> 46079 | E7: 四 | F7: 463.62331 | I7: =F7/$C$1 -> 0.93171887 | L7: 0.0022997824 | O7: 0.0050498788 | R7: 0.9 | U7: =9/52*100% -> 0.17307692
D8: =D7+1 -> 46080 | E8: 五 | F8: 486.84866 | I8: =F8/$C$1 -> 0.97839362 | L8: 0.002298035 | O8: 0.0050264345 | R8: 0.9 | U8: =9/52*100% -> 0.17307692
D9: =D8+1 -> 46081 | E9: 六 | F9: 489.05639 | I9: =F9/$C$1 -> 0.98283036 | L9: 0.0023042698 | O9: 0.0050678558 | R9: 0.9 | U9: =9/52*100% -> 0.17307692
C10: 三 | D10: =D9+1 -> 46082 | E10: 日 | F10: 467.10925 | H10: =AVERAGEIF(F10:F40,"<>0") -> 409.82815 | I10: =F10/$C$1 -> 0.93872437 | K10: =AVERAGEIF(I10:I40,"<>0") -> 0.82360963 | L10: 0.0020801358 | N10: =AVERAGEIF(L10:L40,"<>0") -> 0.0020218797 | O10: 0.0051182745 | Q10: =AVERAGEIF(O10:O40,"<>0") -> 0.0048669349 | R10: 0.9 | T10: =AVERAGEIF(R10:R40,"<>0") -> 0.9 | U10: =9/52*100% -> 0.17307692 | W10: =AVERAGEIF(U10:U40,"<>0") -> 0.21960298
D11: =D10+1 -> 46083 | E11: 一 | F11: 445.11993 | I11: =F11/$C$1 -> 0.89453362 | L11: 0.002090289 | O11: 0.0051336112 | R11: 0.9 | U11: =9/52*100% -> 0.17307692
B12: =B5+7 -> 46092 | D12: =D11+1 -> 46084 | E12: 二 | F12: 401.96086 | G12: =AVERAGE(F12:F18) -> 413.80533 | I12: =F12/$C$1 -> 0.80779915 | J12: =AVERAGE(I12:I18) -> 0.83160235 | L12: 0.0020397948 | M12: =AVERAGE(L12:L18) -> 0.0020348075 | O12: 0.0050565527 | P12: =AVERAGE(O12:O18) -> 0.0050385612 | R12: 0.9 | S12: =AVERAGE(R12:R18) -> 0.9 | U12: =10/52*100% -> 0.19230769 | V12: =AVERAGE(U12:U18) -> 0.19230769
D13: =D12+1 -> 46085 | E13: 三 | F13: 422.79757 | I13: =F13/$C$1 -> 0.84967357 | L13: 0.0020279247 | O13: 0.0050497071 | R13: 0.9 | U13: =10/52*100% -> 0.19230769
D14: =D13+1 -> 46086 | E14: 四 | F14: 422.7799 | I14: =F14/$C$1 -> 0.84963807 | L14: 0.00204997 | O14: 0.0050196275 | R14: 0.9 | U14: =10/52*100% -> 0.19230769
D15: =D14+1 -> 46087 | E15: 五 | F15: 423.29065 | I15: =F15/$C$1 -> 0.8506645 | L15: 0.0020297876 | O15: 0.0050801225 | R15: 0.9 | U15: =10/52*100% -> 0.19230769
D16: =D15+1 -> 46088 | E16: 六 | F16: 424.20122 | I16: =F16/$C$1 -> 0.85249442 | L16: 0.0020559928 | O16: 0.00500156 | R16: 0.9 | U16: =10/52*100% -> 0.19230769
D17: =D16+1 -> 46089 | E17: 日 | F17: 404.7422 | I17: =F17/$C$1 -> 0.81338867 | L17: 0.0020164628 | O17: 0.00503752 | R17: 0.9 | U17: =10/52*100% -> 0.19230769
D18: =D17+1 -> 46090 | E18: 一 | F18: 396.8649 | I18: =F18/$C$1 -> 0.79755808 | L18: 0.0020237198 | O18: 0.0050248385 | R18: 0.9 | U18: =10/52*100% -> 0.19230769
B19: =B12+7 -> 46099 | D19: =D18+1 -> 46091 | E19: 二 | F19: 392.51459 | G19: =AVERAGE(F19:F25) -> 392.43176 | I19: =F19/$C$1 -> 0.78881549 | J19: =AVERAGE(I19:I25) -> 0.78864904 | L19: 0.002017708 | M19: =AVERAGE(L19:L25) -> 0.0020197511 | O19: 0.0050322367 | P19: =AVERAGE(O19:O25) -> 0.0050087597 | R19: 0.9 | S19: =AVERAGE(R19:R25) -> 0.9 | U19: =11/52*100% -> 0.21153846 | V19: =AVERAGE(U19:U25) -> 0.21153846
D20: =D19+1 -> 46092 | E20: 三 | F20: 391.54418 | I20: =F20/$C$1 -> 0.78686532 | L20: 0.0020163199 | O20: 0.0050263544 | R20: 0.9 | U20: =11/52*100% -> 0.21153846
D21: =D20+1 -> 46093 | E21: 四 | F21: 391.47562 | I21: =F21/$C$1 -> 0.78672754 | L21: 0.0020283347 | O21: 0.0050357554 | R21: 0.9 | U21: =11/52*100% -> 0.21153846
D22: =D21+1 -> 46094 | E22: 五 | F22: 395.13761 | I22: =F22/$C$1 -> 0.79408683 | L22: 0.0020163307 | O22: 0.0053638098 | R22: 0.9 | U22: =11/52*100% -> 0.21153846
D23: =D22+1 -> 46095 | E23: 六 | F23: 391.54924 | I23: =F23/$C$1 -> 0.78687547 | L23: 0.0020344156 | O23: 0.005378284 | R23: 0.9 | U23: =11/52*100% -> 0.21153846
D24: =D23+1 -> 46096 | E24: 日 | F24: 392.71578 | I24: =F24/$C$1 -> 0.78921981 | L24: 0.0020156149 | O24: 0.0046699916 | R24: 0.9 | U24: =11/52*100% -> 0.21153846
D25: =D24+1 -> 46097 | E25: 一 | F25: 392.08533 | I25: =F25/$C$1 -> 0.78795283 | L25: 0.0020095336 | O25: 0.0045548858 | R25: 0.9 | U25: =11/52*100% -> 0.21153846
B26: =B19+7 -> 46106 | D26: =D25+1 -> 46098 | E26: 二 | F26: 400.20531 | G26: =AVERAGE(F26:F32) -> 402.80033 | I26: =F26/$C$1 -> 0.80427112 | J26: =AVERAGE(I26:I32) -> 0.80948619 | L26: 0.0020115592 | M26: =AVERAGE(L26:L32) -> 0.0020100958 | O26: 0.005010306 | P26: =AVERAGE(O26:O32) -> 0.0048745927 | R26: 0.9 | S26: =AVERAGE(R26:R32) -> 0.9 | U26: =12/52*100% -> 0.23076923 | V26: =AVERAGE(U26:U32) -> 0.23076923
D27: =D26+1 -> 46099 | E27: 三 | F27: 400.32306 | I27: =F27/$C$1 -> 0.80450776 | L27: 0.0020084188 | O27: 0.0050035344 | R27: 0.9 | U27: =12/52*100% -> 0.23076923
D28: =D27+1 -> 46100 | E28: 四 | F28: 399.38335 | I28: =F28/$C$1 -> 0.80261928 | L28: 0.0020024371 | O28: 0.0048816167 | R28: 0.9 | U28: =12/52*100% -> 0.23076923
D29: =D28+1 -> 46101 | E29: 五 | F29: 401.404 | I29: =F29/$C$1 -> 0.80668005 | L29: 0.0020056843 | O29: 0.0048724363 | R29: 0.9 | U29: =12/52*100% -> 0.23076923
D30: =D29+1 -> 46102 | E30: 六 | F30: 400.81668 | I30: =F30/$C$1 -> 0.80549977 | L30: 0.0020097473 | O30: 0.0048515454 | R30: 0.9 | U30: =12/52*100% -> 0.23076923
D31: =D30+1 -> 46103 | E31: 日 | F31: 400.96779 | I31: =F31/$C$1 -> 0.80580343 | L31: 0.0020223339 | O31: 0.0047545108 | R31: 0.9 | U31: =12/52*100% -> 0.23076923
D32: =D31+1 -> 46104 | E32: 一 | F32: 416.5021 | I32: =F32/$C$1 -> 0.83702191 | L32: 0.0020104901 | O32: 0.004748199 | R32: 0.9 | U32: =12/52*100% -> 0.23076923
B33: =B26+7 -> 46113 | D33: =D32+1 -> 46105 | E33: 二 | F33: 416.77438 | G33: =AVERAGE(F33:F39) -> 416.99684 | I33: =F33/$C$1 -> 0.83756909 | J33: =AVERAGE(I33:I39) -> 0.83801616 | L33: 0.0020062219 | M33: =AVERAGE(L33:L39) -> 0.0020062482 | O33: 0.0046821906 | P33: =AVERAGE(O33:O39) -> 0.0045274475 | R33: 0.9 | S33: =AVERAGE(R33:R39) -> 0.9 | U33: =13/52*100% -> 0.25 | V33: =AVERAGE(U33:U39) -> 0.25
D34: =D33+1 -> 46106 | E34: 三 | F34: 416.76589 | I34: =F34/$C$1 -> 0.83755203 | L34: 0.0020039151 | O34: 0.004658294 | R34: 0.9 | U34: =13/52*100% -> 0.25
D35: =D34+1 -> 46107 | E35: 四 | F35: 417.50917 | I35: =F35/$C$1 -> 0.83904575 | L35: 0.0020063307 | O35: 0.0044976332 | R35: 0.9 | U35: =13/52*100% -> 0.25
D36: =D35+1 -> 46108 | E36: 五 | F36: 417.53161 | I36: =F36/$C$1 -> 0.83909085 | L36: 0.0020097254 | O36: 0.004541902 | R36: 0.9 | U36: =13/52*100% -> 0.25
D37: =D36+1 -> 46109 | E37: 六 | F37: 416.84179 | I37: =F37/$C$1 -> 0.83770457 | L37: 0.0020101293 | O37: 0.0044162258 | R37: 0.9 | U37: =13/52*100% -> 0.25
D38: =D37+1 -> 46110 | E38: 日 | F38: 416.92232 | I38: =F38/$C$1 -> 0.8378664 | L38: 0.002005875 | O38: 0.0044501829 | R38: 0.9 | U38: =13/52*100% -> 0.25
D39: =D38+1 -> 46111 | E39: 一 | F39: 416.63274 | I39: =F39/$C$1 -> 0.83728444 | L39: 0.0020015402 | O39: 0.0044457038 | R39: 0.9 | U39: =13/52*100% -> 0.25
B40: =B33+7 -> 46120 | D40: =D39+1 -> 46112 | E40: 二 | F40: 410.20375 | G40: =AVERAGE(F40:F46) -> 410.90558 | I40: =F40/$C$1 -> 0.82436445 | J40: =AVERAGE(I40:I46) -> 0.82577488 | L40: 0.0020115287 | M40: =AVERAGE(L40:L46) -> 0.002010833 | O40: 0.0044775692 | P40: =AVERAGE(O40:O46) -> 0.0044376523 | R40: 0.9 | S40: =AVERAGE(R40:R46) -> 0.9 | U40: =14/52*100% -> 0.26923077 | V40: =AVERAGE(U40:U46) -> 0.26923077
D41: =D40+1 -> 46113 | E41: 三 | F41: 412.3539 | I41: =F41/$C$1 -> 0.82868549 | L41: 0.0020102006 | O41: 0.0044516756 | R41: 0.9 | U41: =14/52*100% -> 0.26923077
D42: =D41+1 -> 46114 | E42: 四 | F42: 413.12637 | I42: =F42/$C$1 -> 0.83023787 | L42: 0.0020157613 | O42: 0.0044335572 | R42: 0.9 | U42: =14/52*100% -> 0.26923077
D43: =D42+1 -> 46115 | E43: 五 | F43: 413.20841 | I43: =F43/$C$1 -> 0.83040276 | L43: 0.0020102222 | O43: 0.0044111784 | R43: 0.9 | U43: =14/52*100% -> 0.26923077
D44: =D43+1 -> 46116 | E44: 六 | F44: 410.99928 | I44: =F44/$C$1 -> 0.82596319 | L44: 0.002005793 | O44: 0.0044036967 | R44: 0.9 | U44: =14/52*100% -> 0.26923077
D45: =D44+1 -> 46117 | E45: 日 | F45: 410.97079 | I45: =F45/$C$1 -> 0.82590593 | L45: 0.0020082164 | O45: 0.0044119437 | R45: 0.9 | U45: =14/52*100% -> 0.26923077
D46: =D45+1 -> 46118 | E46: 一 | F46: 405.47656 | I46: =F46/$C$1 -> 0.81486447 | L46: 0.002014109 | O46: 0.0044739455 | R46: 0.9 | U46: =14/52*100% -> 0.26923077

Sheet （３）業績構成比
B2: （3）業績構成比
B3: 資料繳交日 | C3: 月份 | D3: 日期 | F3: 營業額 | I3: 品類業績
I4: 18℃-飯糰 | O4: 18℃-壽司手卷 | U4: 4℃-飯糰 | W4: 4℃-壽司手卷 | Y4: 主食 | AE4: 便當 | AG4: 熱食義麵 | AI4: 季節調理麵 | AK4: 微波小吃
F5: 日 | G5: 週累積 | H5: 月累積 | I5: 一配 | K5: 二配 | M5: 合計 | O5: 一配 | Q5: 二配 | S5: 合計 | U5: 一配 | W5: 一配 | Y5: 一配 | AA5: 二配 | AC5: 合計 | AE5: 一配 | AG5: 一配 | AI5: 一配 | AK5: 一配
I6: 業績(元) | J6: 比例(%) | K6: 業績(元) | L6: 比例(%) | M6: 業績(元) | N6: 比例(%) | O6: 業績(元) | P6: 比例(%) | Q6: 業績(元) | R6: 比例(%) | S6: 業績(元) | T6: 比例(%) | U6: 業績(元) | V6: 比例(%) | W6: 業績(元) | X6: 比例(%) | Y6: 業績(元) | Z6: 比例(%) | AA6: 業績(元) | AB6: 比例(%) | AC6: 業績(元) | AD6: 比例(%) | AE6: 業績(元) | AF6: 比例(%) | AG6: 業績(元) | AH6: 比例(%) | AI6: 業績(元) | AJ6: 比例(%) | AK6: 業績(元) | AL6: 比例(%)
B7: =D8+7 -> 46085 | D7: 46077 | E7: 二 | F7: =SUM(M7,S7,U7,W7,AC7,AE7,AG7,AI7,AK7) -> 5238957.1 | G7: =SUM(F7:F13) -> 32338420 | I7: 815562.13 | J7: =I7/$F7 -> 0.15567261 | K7: 962970.78 | L7: =K7/$F7 -> 0.18380963 | M7: =I7+K7 -> 1778532.9 | N7: =M7/$F7 -> 0.33948224 | O7: 220466.87 | P7: =O7/$F7 -> 0.042082206 | Q7: 178349.54 | R7: =Q7/$F7 -> 0.034042947 | S7: =O7+Q7 -> 398816.41 | T7: =S7/$F7 -> 0.076125153 | U7: 185358.41 | V7: =U7/$F7 -> 0.035380784 | W7: 233726.34 | X7: =W7/$F7 -> 0.044613143 | Y7: 262050.32 | Z7: =Y7/$F7 -> 0.050019558 | AA7: 622985.41 | AB7: =AA7/$F7 -> 0.11891401 | AC7: =Y7+AA7 -> 885035.73 | AD7: =AC7/$F7 -> 0.16893357 | AE7: 1459250.8 | AF7: =AE7/F7 -> 0.27853842 | AG7: 0 | AH7: =AG7/$F7 -> 0 | AI7: 147496.78 | AJ7: =AI7/$F7 -> 0.028153844 | AK7: 150739.66 | AL7: =AK7/$F7 -> 0.028772837
D8: 46078 | E8: 三 | F8: =SUM(M8,S8,U8,W8,AC8,AE8,AG8,AI8,AK8) -> 4692647.5 | I8: 799279.1 | J8: =I8/$F8 -> 0.17032583 | K8: 843869.38 | L8: =K8/$F8 -> 0.17982799 | M8: =I8+K8 -> 1643148.5 | N8: =M8/F8 -> 0.35015383 | O8: 220683.48 | P8: =O8/$F8 -> 0.0470275 | Q8: 169504.31 | R8: =Q8/$F8 -> 0.036121254 | S8: =O8+Q8 -> 390187.79 | T8: =S8/F8 -> 0.083148753 | U8: 148052.14 | V8: =U8/F8 -> 0.031549811 | W8: 127954.87 | X8: =W8/$F8 -> 0.027267096 | Y8: 246268.26 | Z8: =Y8/$F8 -> 0.052479599 | AA8: 471199.58 | AB8: =AA8/$F8 -> 0.10041231 | AC8: =Y8+AA8 -> 717467.84 | AD8: =AC8/$F8 -> 0.15289191 | AE8: 1390723.7 | AF8: =AE8/F8 -> 0.29636227 | AG8: 0 | AH8: =AG8/$F8 -> 0 | AI8: 133540.96 | AJ8: =AI8/$F8 -> 0.028457488 | AK8: 141571.74 | AL8: =AK8/$F8 -> 0.030168842
D9: 46079 | E9: 四 | F9: =SUM(M9,S9,U9,W9,AC9,AE9,AG9,AI9,AK9) -> 3909306.8 | I9: 569381.54 | J9: =I9/$F9 -> 0.1456477 | K9: 745558.51 | L9: =K9/$F9 -> 0.19071374 | M9: =I9+K9 -> 1314940.1 | N9: =M9/$F9 -> 0.33636143 | O9: 181316.11 | P9: =O9/$F9 -> 0.046380629 | Q9: 144695.62 | R9: =Q9/$F9 -> 0.037013114 | S9: =O9+Q9 -> 326011.73 | T9: =S9/$F9 -> 0.083393743 | U9: 126261.09 | V9: =U9/$F9 -> 0.032297565 | W9: 117881.98 | X9: =W9/$F9 -> 0.03015419 | Y9: 228101.86 | Z9: =Y9/$F9 -> 0.058348416 | AA9: 422415.5 | AB9: =AA9/$F9 -> 0.10805381 | AC9: =Y9+AA9 -> 650517.36 | AD9: =AC9/$F9 -> 0.16640223 | AE9: 1113115.7 | AF9: =AE9/F9 -> 0.28473481 | AG9: 0 | AH9: =AG9/$F9 -> 0 | AI9: 126738.1 | AJ9: =AI9/$F9 -> 0.032419584 | AK9: 133840.79 | AL9: =AK9/$F9 -> 0.034236451
D10: 46080 | E10: 五 | F10: =SUM(M10,S10,U10,W10,AC10,AE10,AG10,AI10,AK10) -> 3610052.1 | I10: 545361.13 | J10: =I10/$F10 -> 0.15106739 | K10: 729491.75 | L10: =K10/$F10 -> 0.20207236 | M10: =I10+K10 -> 1274852.9 | N10: =M10/F10 -> 0.35313975 | O10: 174530.93 | P10: =O10/$F10 -> 0.048345821 | Q10: 138334.66 | R10: =Q10/$F10 -> 0.038319298 | S10: =O10+Q10 -> 312865.59 | T10: =S10/F10 -> 0.086665119 | U10: 105159.82 | V10: =U10/F10 -> 0.029129724 | W10: 54549.87 | X10: =W10/$F10 -> 0.015110549 | Y10: 204485.54 | Z10: =Y10/$F10 -> 0.056643377 | AA10: 465150.64 | AB10: =AA10/$F10 -> 0.12884873 | AC10: =Y10+AA10 -> 669636.18 | AD10: =AC10/$F10 -> 0.18549211 | AE10: 952067.01 | AF10: =AE10/F10 -> 0.26372667 | AG10: 0 | AH10: =AG10/$F10 -> 0 | AI10: 118704.2 | AJ10: =AI10/$F10 -> 0.032881576 | AK10: 122216.51 | AL10: =AK10/$F10 -> 0.033854501
D11: 46081 | E11: 六 | F11: =SUM(M11,S11,U11,W11,AC11,AE11,AG11,AI11,AK11) -> 3915929.6 | I11: 533505.22 | J11: =I11/$F11 -> 0.13623974 | K11: 882554.59 | L11: =K11/$F11 -> 0.2253755 | M11: =I11+K11 -> 1416059.8 | N11: =M11/$F11 -> 0.36161524 | O11: 166313.67 | P11: =O11/$F11 -> 0.042471057 | Q11: 136605.65 | R11: =Q11/$F11 -> 0.034884603 | S11: =O11+Q11 -> 302919.32 | T11: =S11/$F11 -> 0.07735566 | U11: 117254.27 | V11: =U11/$F11 -> 0.029942895 | W11: 65953.22 | X11: =W11/$F11 -> 0.016842289 | Y11: 222027.47 | Z11: =Y11/$F11 -> 0.056698534 | AA11: 550814.38 | AB11: =AA11/$F11 -> 0.14065993 | AC11: =Y11+AA11 -> 772841.85 | AD11: =AC11/$F11 -> 0.19735846 | AE11: 1029063.2 | AF11: =AE11/F11 -> 0.262789 | AG11: 0 | AH11: =AG11/$F11 -> 0 | AI11: 70403.2 | AJ11: =AI11/$F11 -> 0.017978668 | AK11: 141434.74 | AL11: =AK11/$F11 -> 0.036117794
C12: 三 | D12: 46082 | E12: 日 | F12: =SUM(M12,S12,U12,W12,AC12,AE12,AG12,AI12,AK12) -> 5447490.3 | H12: =SUM(F12:F42) -> 1.48838e+08 | I12: 880068.55 | J12: =I12/$F12 -> 0.16155486 | K12: 1018931.3 | L12: =K12/$F12 -> 0.18704601 | M12: =I12+K12 -> 1898999.9 | N12: =M12/F12 -> 0.34860087 | O12: 229722.55 | P12: =O12/$F12 -> 0.042170346 | Q12: 170790.6 | R12: =Q12/$F12 -> 0.031352163 | S12: =O12+Q12 -> 400513.15 | T12: =S12/F12 -> 0.073522509 | U12: 173999.36 | V12: =U12/F12 -> 0.031941197 | W12: 148402.32 | X12: =W12/$F12 -> 0.027242329 | Y12: 296339.4 | Z12: =Y12/$F12 -> 0.054399253 | AA12: 622748.12 | AB12: =AA12/$F12 -> 0.11431835 | AC12: =Y12+AA12 -> 919087.52 | AD12: =AC12/$F12 -> 0.16871761 | AE12: 1756824.7 | AF12: =AE12/F12 -> 0.32250167 | AG12: 0 | AH12: =AG12/$F12 -> 0 | AI12: 81107.36 | AJ12: =AI12/$F12 -> 0.014888941 | AK12: 68556 | AL12: =AK12/$F12 -> 0.012584878
D13: 46083 | E13: 一 | F13: =SUM(M13,S13,U13,W13,AC13,AE13,AG13,AI13,AK13) -> 5524036.8 | I13: 846957.8 | J13: =I13/$F13 -> 0.15332226 | K13: 1097915.2 | L13: =K13/$F13 -> 0.19875234 | M13: =I13+K13 -> 1944873 | N13: =M13/$F13 -> 0.3520746 | O13: 211406.03 | P13: =O13/$F13 -> 0.038270207 | Q13: 168666.66 | R13: =Q13/$F13 -> 0.030533225 | S13: =O13+Q13 -> 380072.69 | T13: =S13/$F13 -> 0.068803432 | U13: 130781.56 | V13: =U13/$F13 -> 0.023674998 | W13: 113746.98 | X13: =W13/$F13 -> 0.020591279 | Y13: 253080.66 | Z13: =Y13/$F13 -> 0.045814442 | AA13: 1069349 | AB13: =AA13/$F13 -> 0.19358108 | AC13: =Y13+AA13 -> 1322429.7 | AD13: =AC13/$F13 -> 0.23939552 | AE13: 1465668.8 | AF13: =AE13/F13 -> 0.26532568 | AG13: 0 | AH13: =AG13/$F13 -> 0 | AI13: 92529.92 | AJ13: =AI13/$F13 -> 0.016750417 | AK13: 73934.1 | AL13: =AK13/$F13 -> 0.013384071
B14: =D15+7 -> 46092 | D14: 46084 | E14: 二 | F14: =SUM(M14,S14,U14,W14,AC14,AE14,AG14,AI14,AK14) -> 5503117.1 | G14: =SUM(F14:F20) -> 33854096 | I14: 830881.12 | J14: =I14/$F14 -> 0.15098373 | K14: 1064970 | L14: =K14/$F14 -> 0.19352123 | M14: =I14+K14 -> 1895851.1 | N14: =M14/$F14 -> 0.34450496 | O14: 287774.4 | P14: =O14/$F14 -> 0.052292982 | Q14: 169433.19 | R14: =Q14/$F14 -> 0.030788585 | S14: =O14+Q14 -> 457207.59 | T14: =S14/$F14 -> 0.083081567 | U14: 122084.54 | V14: =U14/$F14 -> 0.022184616 | W14: 86700.45 | X14: =W14/$F14 -> 0.015754789 | Y14: 202214.74 | Z14: =Y14/$F14 -> 0.036745491 | AA14: 974142.5 | AB14: =AA14/$F14 -> 0.1770165 | AC14: =Y14+AA14 -> 1176357.2 | AD14: =AC14/$F14 -> 0.21376199 | AE14: 1623033.4 | AF14: =AE14/F14 -> 0.29492984 | AG14: 0 | AH14: =AG14/$F14 -> 0 | AI14: 72558.4 | AJ14: =AI14/$F14 -> 0.013184964 | AK14: 69324.3 | AL14: =AK14/$F14 -> 0.012597279
D15: 46085 | E15: 三 | F15: =SUM(M15,S15,U15,W15,AC15,AE15,AG15,AI15,AK15) -> 5072703.1 | I15: 815697.95 | J15: =I15/$F15 -> 0.16080144 | K15: 1020941.8 | L15: =K15/$F15 -> 0.2012619 | M15: =I15+K15 -> 1836639.8 | N15: =M15/F15 -> 0.36206333 | O15: 271042.24 | P15: =O15/$F15 -> 0.053431521 | Q15: 176841.24 | R15: =Q15/$F15 -> 0.034861343 | S15: =O15+Q15 -> 447883.48 | T15: =S15/F15 -> 0.088292863 | U15: 113916.98 | V15: =U15/F15 -> 0.022456859 | W15: 80208.43 | X15: =W15/$F15 -> 0.015811773 | Y15: 188760.25 | Z15: =Y15/$F15 -> 0.037210979 | AA15: 879092.45 | AB15: =AA15/$F15 -> 0.17329862 | AC15: =Y15+AA15 -> 1067852.7 | AD15: =AC15/$F15 -> 0.2105096 | AE15: 1451322 | AF15: =AE15/F15 -> 0.28610427 | AG15: 0 | AH15: =AG15/$F15 -> 0 | AI15: 0 | AJ15: =AI15/$F15 -> 0 | AK15: 74879.7 | AL15: =AK15/$F15 -> 0.014761302
D16: 46086 | E16: 四 | F16: =SUM(M16,S16,U16,W16,AC16,AE16,AG16,AI16,AK16) -> 4496570 | I16: 759369.68 | J16: =I16/$F16 -> 0.16887754 | K16: 904680.65 | L16: =K16/$F16 -> 0.2011935 | M16: =I16+K16 -> 1664050.3 | N16: =M16/$F16 -> 0.37007104 | O16: 250314.85 | P16: =O16/$F16 -> 0.055667954 | Q16: 157714.79 | R16: =Q16/$F16 -> 0.035074466 | S16: =O16+Q16 -> 408029.64 | T16: =S16/$F16 -> 0.09074242 | U16: 98671.55 | V16: =U16/$F16 -> 0.021943737 | W16: 81953.75 | X16: =W16/$F16 -> 0.018225837 | Y16: 185070.2 | Z16: =Y16/$F16 -> 0.041158083 | AA16: 699113.47 | AB16: =AA16/$F16 -> 0.15547706 | AC16: =Y16+AA16 -> 884183.67 | AD16: =AC16/$F16 -> 0.19663514 | AE16: 1289233.8 | AF16: =AE16/F16 -> 0.28671495 | AG16: 0 | AH16: =AG16/$F16 -> 0 | AI16: 0 | AJ16: =AI16/$F16 -> 0 | AK16: 70447.2 | AL16: =AK16/$F16 -> 0.015666875
D17: 46087 | E17: 五 | F17: =SUM(M17,S17,U17,W17,AC17,AE17,AG17,AI17,AK17) -> 3821772.9 | I17: 565614.91 | J17: =I17/$F17 -> 0.14799804 | K17: 832303.86 | L17: =K17/$F17 -> 0.21777952 | M17: =I17+K17 -> 1397918.8 | N17: =M17/F17 -> 0.36577756 | O17: 196738.65 | P17: =O17/$F17 -> 0.051478373 | Q17: 127782.41 | R17: =Q17/$F17 -> 0.033435375 | S17: =O17+Q17 -> 324521.06 | T17: =S17/F17 -> 0.084913748 | U17: 108285.89 | V17: =U17/F17 -> 0.028333942 | W17: 79685.59 | X17: =W17/$F17 -> 0.020850425 | Y17: 196026.81 | Z17: =Y17/$F17 -> 0.051292114 | AA17: 672018.14 | AB17: =AA17/$F17 -> 0.17583937 | AC17: =Y17+AA17 -> 868044.95 | AD17: =AC17/$F17 -> 0.22713148 | AE17: 974997.04 | AF17: =AE17/F17 -> 0.25511643 | AG17: 0 | AH17: =AG17/$F17 -> 0 | AI17: 0 | AJ17: =AI17/$F17 -> 0 | AK17: 68319.6 | AL17: =AK17/$F17 -> 0.017876415
D18: 46088 | E18: 六 | F18: =SUM(M18,S18,U18,W18,AC18,AE18,AG18,AI18,AK18) -> 4127790.8 | I18: 535411.8 | J18: =I18/$F18 -> 0.12970904 | K18: 954382.02 | L18: =K18/$F18 -> 0.23120891 | M18: =I18+K18 -> 1489793.8 | N18: =M18/$F18 -> 0.36091795 | O18: 191833.54 | P18: =O18/$F18 -> 0.046473658 | Q18: 123847.85 | R18: =Q18/$F18 -> 0.030003422 | S18: =O18+Q18 -> 315681.39 | T18: =S18/$F18 -> 0.07647708 | U18: 101929.25 | V18: =U18/$F18 -> 0.024693415 | W18: 65524.79 | X18: =W18/$F18 -> 0.015874058 | Y18: 216407.24 | Z18: =Y18/$F18 -> 0.052426891 | AA18: 773297.13 | AB18: =AA18/$F18 -> 0.18733922 | AC18: =Y18+AA18 -> 989704.37 | AD18: =AC18/$F18 -> 0.23976611 | AE18: 1094887.3 | AF18: =AE18/F18 -> 0.26524777 | AG18: 0 | AH18: =AG18/$F18 -> 0 | AI18: 0 | AJ18: =AI18/$F18 -> 0 | AK18: 70269.9 | AL18: =AK18/$F18 -> 0.01702361
D19: 46089 | E19: 日 | F19: =SUM(M19,S19,U19,W19,AC19,AE19,AG19,AI19,AK19) -> 5624946 | I19: 852217.39 | J19: =I19/$F19 -> 0.15150677 | K19: 1075261.6 | L19: =K19/$F19 -> 0.19115946 | M19: =I19+K19 -> 1927479 | N19: =M19/F19 -> 0.34266623 | O19: 281846.31 | P19: =O19/$F19 -> 0.050106492 | Q19: 159148.46 | R19: =Q19/$F19 -> 0.028293331 | S19: =O19+Q19 -> 440994.77 | T19: =S19/F19 -> 0.078399823 | U19: 129839.87 | V19: =U19/F19 -> 0.023082865 | W19: 81957.96 | X19: =W19/$F19 -> 0.014570444 | Y19: 246041.18 | Z19: =Y19/$F19 -> 0.043741074 | AA19: 937191.64 | AB19: =AA19/$F19 -> 0.16661345 | AC19: =Y19+AA19 -> 1183232.8 | AD19: =AC19/$F19 -> 0.21035452 | AE19: 1792767.3 | AF19: =AE19/F19 -> 0.31871725 | AG19: 0 | AH19: =AG19/$F19 -> 0 | AI19: 0 | AJ19: =AI19/$F19 -> 0 | AK19: 68674.2 | AL19: =AK19/$F19 -> 0.012208864
D20: 46090 | E20: 一 | F20: =SUM(M20,S20,U20,W20,AC20,AE20,AG20,AI20,AK20) -> 5207196.3 | I20: 822660.51 | J20: =I20/$F20 -> 0.15798531 | K20: 1054563.2 | L20: =K20/$F20 -> 0.20252035 | M20: =I20+K20 -> 1877223.7 | N20: =M20/$F20 -> 0.36050565 | O20: 254532.38 | P20: =O20/$F20 -> 0.048880888 | Q20: 160772.09 | R20: =Q20/$F20 -> 0.030874982 | S20: =O20+Q20 -> 415304.47 | T20: =S20/$F20 -> 0.07975587 | U20: 135905.56 | V20: =U20/$F20 -> 0.026099565 | W20: 87841.76 | X20: =W20/$F20 -> 0.016869301 | Y20: 235368.42 | Z20: =Y20/$F20 -> 0.045200605 | AA20: 909672.18 | AB20: =AA20/$F20 -> 0.1746952 | AC20: =Y20+AA20 -> 1145040.6 | AD20: =AC20/$F20 -> 0.2198958 | AE20: 1470114 | AF20: =AE20/F20 -> 0.28232352 | AG20: 0 | AH20: =AG20/$F20 -> 0 | AI20: 0 | AJ20: =AI20/$F20 -> 0 | AK20: 75766.2 | AL20: =AK20/$F20 -> 0.014550287
B21: =D22+7 -> 46099 | D21: 46091 | E21: 二 | F21: =SUM(M21,S21,U21,W21,AC21,AE21,AG21,AI21,AK21) -> 5094346.5 | G21: =SUM(F21:F27) -> 32874070 | I21: 807843.41 | J21: =I21/$F21 -> 0.15857645 | K21: 1030178.4 | L21: =K21/$F21 -> 0.20221993 | M21: =I21+K21 -> 1838021.8 | N21: =M21/$F21 -> 0.36079639 | O21: 271243.9 | P21: =O21/$F21 -> 0.053244101 | Q21: 159494 | R21: =Q21/$F21 -> 0.031308039 | S21: =O21+Q21 -> 430737.9 | T21: =S21/$F21 -> 0.08455214 | U21: 116434.24 | V21: =U21/$F21 -> 0.022855579 | W21: 78826.87 | X21: =W21/$F21 -> 0.015473402 | Y21: 226512.3 | Z21: =Y21/$F21 -> 0.044463465 | AA21: 899228.06 | AB21: =AA21/$F21 -> 0.1765149 | AC21: =Y21+AA21 -> 1125740.4 | AD21: =AC21/$F21 -> 0.22097836 | AE21: 1431892.3 | AF21: =AE21/F21 -> 0.28107478 | AG21: 0 | AH21: =AG21/$F21 -> 0 | AI21: 0 | AJ21: =AI21/$F21 -> 0 | AK21: 72693 | AL21: =AK21/$F21 -> 0.014269347
D22: 46092 | E22: 三 | F22: =SUM(M22,S22,U22,W22,AC22,AE22,AG22,AI22,AK22) -> 4787261.3 | I22: 781949.41 | J22: =I22/$F22 -> 0.16333961 | K22: 977079.32 | L22: =K22/$F22 -> 0.20409985 | M22: =I22+K22 -> 1759028.7 | N22: =M22/F22 -> 0.36743946 | O22: 258881.73 | P22: =O22/$F22 -> 0.054077209 | Q22: 156677.39 | R22: =Q22/$F22 -> 0.032727979 | S22: =O22+Q22 -> 415559.12 | T22: =S22/F22 -> 0.086805188 | U22: 121306.9 | V22: =U22/F22 -> 0.025339519 | W22: 88332.53 | X22: =W22/$F22 -> 0.018451579 | Y22: 207380.81 | Z22: =Y22/$F22 -> 0.0433193 | AA22: 818354.55 | AB22: =AA22/$F22 -> 0.1709442 | AC22: =Y22+AA22 -> 1025735.4 | AD22: =AC22/$F22 -> 0.2142635 | AE22: 1299818.6 | AF22: =AE22/F22 -> 0.27151611 | AG22: 0 | AH22: =AG22/$F22 -> 0 | AI22: 0 | AJ22: =AI22/$F22 -> 0 | AK22: 77480.1 | AL22: =AK22/$F22 -> 0.01618464
D23: 46093 | E23: 四 | F23: =SUM(M23,S23,U23,W23,AC23,AE23,AG23,AI23,AK23) -> 4340566.7 | I23: 753783.91 | J23: =I23/$F23 -> 0.17366025 | K23: 877314.46 | L23: =K23/$F23 -> 0.2021198 | M23: =I23+K23 -> 1631098.4 | N23: =M23/$F23 -> 0.37578005 | O23: 251565.22 | P23: =O23/$F23 -> 0.057956769 | Q23: 150375.46 | R23: =Q23/$F23 -> 0.0346442 | S23: =O23+Q23 -> 401940.68 | T23: =S23/$F23 -> 0.092600969 | U23: 117010.15 | V23: =U23/$F23 -> 0.026957344 | W23: 71085.01 | X23: =W23/$F23 -> 0.016376896 | Y23: 194494.02 | Z23: =Y23/$F23 -> 0.04480844 | AA23: 634941.25 | AB23: =AA23/$F23 -> 0.14628073 | AC23: =Y23+AA23 -> 829435.27 | AD23: =AC23/$F23 -> 0.19108917 | AE23: 1213049 | AF23: =AE23/F23 -> 0.27946789 | AG23: 0 | AH23: =AG23/$F23 -> 0 | AI23: 0 | AJ23: =AI23/$F23 -> 0 | AK23: 76948.2 | AL23: =AK23/$F23 -> 0.017727685
D24: 46094 | E24: 五 | F24: =SUM(M24,S24,U24,W24,AC24,AE24,AG24,AI24,AK24) -> 3843289.1 | I24: 573975.47 | J24: =I24/$F24 -> 0.14934486 | K24: 816225.13 | L24: =K24/$F24 -> 0.21237672 | M24: =I24+K24 -> 1390200.6 | N24: =M24/F24 -> 0.36172157 | O24: 185737.19 | P24: =O24/$F24 -> 0.048327665 | Q24: 118476.73 | R24: =Q24/$F24 -> 0.03082691 | S24: =O24+Q24 -> 304213.92 | T24: =S24/F24 -> 0.079154575 | U24: 102084.05 | V24: =U24/F24 -> 0.026561637 | W24: 54659.41 | X24: =W24/$F24 -> 0.014222039 | Y24: 191428.44 | Z24: =Y24/$F24 -> 0.049808493 | AA24: 703211.52 | AB24: =AA24/$F24 -> 0.18297128 | AC24: =Y24+AA24 -> 894639.96 | AD24: =AC24/$F24 -> 0.23277977 | AE24: 1028344.2 | AF24: =AE24/F24 -> 0.26756879 | AG24: 0 | AH24: =AG24/$F24 -> 0 | AI24: 0 | AJ24: =AI24/$F24 -> 0 | AK24: 69147 | AL24: =AK24/$F24 -> 0.017991621
D25: 46095 | E25: 六 | F25: =SUM(M25,S25,U25,W25,AC25,AE25,AG25,AI25,AK25) -> 4118703.8 | I25: 551491.26 | J25: =I25/$F25 -> 0.13389923 | K25: 949671.47 | L25: =K25/$F25 -> 0.23057533 | M25: =I25+K25 -> 1501162.7 | N25: =M25/$F25 -> 0.36447455 | O25: 173302.42 | P25: =O25/$F25 -> 0.042076932 | Q25: 115724.43 | R25: =Q25/$F25 -> 0.028097294 | S25: =O25+Q25 -> 289026.85 | T25: =S25/$F25 -> 0.070174226 | U25: 101894.11 | V25: =U25/$F25 -> 0.024739363 | W25: 57240.58 | X25: =W25/$F25 -> 0.013897717 | Y25: 212490.11 | Z25: =Y25/$F25 -> 0.051591501 | AA25: 780383.38 | AB25: =AA25/$F25 -> 0.18947305 | AC25: =Y25+AA25 -> 992873.49 | AD25: =AC25/$F25 -> 0.24106455 | AE25: 1109132 | AF25: =AE25/F25 -> 0.26929153 | AG25: 0 | AH25: =AG25/$F25 -> 0 | AI25: 0 | AJ25: =AI25/$F25 -> 0 | AK25: 67374 | AL25: =AK25/$F25 -> 0.016358059
D26: 46096 | E26: 日 | F26: =SUM(M26,S26,U26,W26,AC26,AE26,AG26,AI26,AK26) -> 5467294.6 | I26: 843803.95 | J26: =I26/$F26 -> 0.15433665 | K26: 1075482.2 | L26: =K26/$F26 -> 0.19671196 | M26: =I26+K26 -> 1919286.2 | N26: =M26/F26 -> 0.35104861 | O26: 262713.42 | P26: =O26/$F26 -> 0.048051813 | Q26: 152639.3 | R26: =Q26/$F26 -> 0.027918616 | S26: =O26+Q26 -> 415352.72 | T26: =S26/F26 -> 0.075970429 | U26: 137935.52 | V26: =U26/F26 -> 0.025229209 | W26: 64624.58 | X26: =W26/$F26 -> 0.011820212 | Y26: 253080.66 | Z26: =Y26/$F26 -> 0.046289925 | AA26: 932493 | AB26: =AA26/$F26 -> 0.1705584 | AC26: =Y26+AA26 -> 1185573.7 | AD26: =AC26/$F26 -> 0.21684832 | AE26: 1672597.3 | AF26: =AE26/F26 -> 0.30592777 | AG26: 0 | AH26: =AG26/$F26 -> 0 | AI26: 0 | AJ26: =AI26/$F26 -> 0 | AK26: 71924.7 | AL26: =AK26/$F26 -> 0.013155446
D27: 46097 | E27: 一 | F27: =SUM(M27,S27,U27,W27,AC27,AE27,AG27,AI27,AK27) -> 5222607.7 | I27: 821624.16 | J27: =I27/$F27 -> 0.15732067 | K27: 1158382.2 | L27: =K27/$F27 -> 0.2218015 | M27: =I27+K27 -> 1980006.4 | N27: =M27/$F27 -> 0.37912217 | O27: 250081.2 | P27: =O27/$F27 -> 0.047884355 | Q27: 155437 | R27: =Q27/$F27 -> 0.029762335 | S27: =O27+Q27 -> 405518.2 | T27: =S27/$F27 -> 0.07764669 | U27: 128918.03 | V27: =U27/$F27 -> 0.024684609 | W27: 73732.21 | X27: =W27/$F27 -> 0.014117892 | Y27: 241896.97 | Z27: =Y27/$F27 -> 0.046317278 | AA27: 882633.85 | AB27: =AA27/$F27 -> 0.16900252 | AC27: =Y27+AA27 -> 1124530.8 | AD27: =AC27/$F27 -> 0.2153198 | AE27: 1439277.6 | AF27: =AE27/F27 -> 0.275586 | AG27: 0 | AH27: =AG27/$F27 -> 0 | AI27: 0 | AJ27: =AI27/$F27 -> 0 | AK27: 70624.5 | AL27: =AK27/$F27 -> 0.013522842
B28: =D29+7 -> 46106 | D28: 46098 | E28: 二 | F28: =SUM(M28,S28,U28,W28,AC28,AE28,AG28,AI28,AK28) -> 5386755.9 | G28: =SUM(F28:F34) -> 33319857 | I28: 819850.68 | J28: =I28/$F28 -> 0.15219748 | K28: 1139067.1 | L28: =K28/$F28 -> 0.21145697 | M28: =I28+K28 -> 1958917.8 | N28: =M28/$F28 -> 0.36365445 | O28: 338811.96 | P28: =O28/$F28 -> 0.062897218 | Q28: 160574.43 | R28: =Q28/$F28 -> 0.029809116 | S28: =O28+Q28 -> 499386.39 | T28: =S28/$F28 -> 0.092706334 | U28: 128088.44 | V28: =U28/$F28 -> 0.023778401 | W28: 69813.99 | X28: =W28/$F28 -> 0.012960303 | Y28: 225887.83 | Z28: =Y28/$F28 -> 0.041933927 | AA28: 832095.48 | AB28: =AA28/$F28 -> 0.15447061 | AC28: =Y28+AA28 -> 1057983.3 | AD28: =AC28/$F28 -> 0.19640454 | AE28: 1599341.1 | AF28: =AE28/F28 -> 0.29690246 | AG28: 0 | AH28: =AG28/$F28 -> 0 | AI28: 0 | AJ28: =AI28/$F28 -> 0 | AK28: 73224.9 | AL28: =AK28/$F28 -> 0.013593506
D29: 46099 | E29: 三 | F29: =SUM(M29,S29,U29,W29,AC29,AE29,AG29,AI29,AK29) -> 4992178.2 | I29: 797653.17 | J29: =I29/$F29 -> 0.15978059 | K29: 1085995 | L29: =K29/$F29 -> 0.21753932 | M29: =I29+K29 -> 1883648.2 | N29: =M29/F29 -> 0.37731991 | O29: 302953.4 | P29: =O29/$F29 -> 0.060685614 | Q29: 163103.89 | R29: =Q29/$F29 -> 0.032671889 | S29: =O29+Q29 -> 466057.29 | T29: =S29/F29 -> 0.093357503 | U29: 112605.86 | V29: =U29/F29 -> 0.022556458 | W29: 69856.5 | X29: =W29/$F29 -> 0.01399319 | Y29: 185808.21 | Z29: =Y29/$F29 -> 0.037219867 | AA29: 717688.72 | AB29: =AA29/$F29 -> 0.14376264 | AC29: =Y29+AA29 -> 903496.93 | AD29: =AC29/$F29 -> 0.18098251 | AE29: 1481692.8 | AF29: =AE29/F29 -> 0.29680287 | AG29: 0 | AH29: =AG29/$F29 -> 0 | AI29: 0 | AJ29: =AI29/$F29 -> 0 | AK29: 74820.6 | AL29: =AK29/$F29 -> 0.014987566
D30: 46100 | E30: 四 | F30: =SUM(M30,S30,U30,W30,AC30,AE30,AG30,AI30,AK30) -> 4465947.2 | I30: 775144.91 | J30: =I30/$F30 -> 0.17356786 | K30: 976799.45 | L30: =K30/$F30 -> 0.21872168 | M30: =I30+K30 -> 1751944.4 | N30: =M30/$F30 -> 0.39228954 | O30: 290629.46 | P30: =O30/$F30 -> 0.065076779 | Q30: 156703.49 | R30: =Q30/$F30 -> 0.035088523 | S30: =O30+Q30 -> 447332.95 | T30: =S30/$F30 -> 0.1001653 | U30: 109740.16 | V30: =U30/$F30 -> 0.024572651 | W30: 69458.98 | X30: =W30/$F30 -> 0.015553023 | Y30: 176952.09 | Z30: =Y30/$F30 -> 0.039622522 | AA30: 591093.82 | AB30: =AA30/$F30 -> 0.13235576 | AC30: =Y30+AA30 -> 768045.91 | AD30: =AC30/$F30 -> 0.17197828 | AE30: 1243895 | AF30: =AE30/F30 -> 0.27852883 | AG30: 0 | AH30: =AG30/$F30 -> 0 | AI30: 0 | AJ30: =AI30/$F30 -> 0 | AK30: 75529.8 | AL30: =AK30/$F30 -> 0.016912381
D31: 46101 | E31: 五 | F31: =SUM(M31,S31,U31,W31,AC31,AE31,AG31,AI31,AK31) -> 3808013.8 | I31: 589074.3 | J31: =I31/$F31 -> 0.15469332 | K31: 892198.36 | L31: =K31/$F31 -> 0.23429494 | M31: =I31+K31 -> 1481272.7 | N31: =M31/F31 -> 0.38898826 | O31: 236807.41 | P31: =O31/$F31 -> 0.062186594 | Q31: 125220.64 | R31: =Q31/$F31 -> 0.032883452 | S31: =O31+Q31 -> 362028.05 | T31: =S31/F31 -> 0.095070046 | U31: 91302.24 | V31: =U31/F31 -> 0.023976341 | W31: 47037.68 | X31: =W31/$F31 -> 0.012352287 | Y31: 179620.28 | Z31: =Y31/$F31 -> 0.04716902 | AA31: 616121.15 | AB31: =AA31/$F31 -> 0.16179593 | AC31: =Y31+AA31 -> 795741.43 | AD31: =AC31/$F31 -> 0.20896495 | AE31: 964380.67 | AF31: =AE31/F31 -> 0.25325031 | AG31: 0 | AH31: =AG31/$F31 -> 0 | AI31: 0 | AJ31: =AI31/$F31 -> 0 | AK31: 66251.1 | AL31: =AK31/$F31 -> 0.01739781
D32: 46102 | E32: 六 | F32: =SUM(M32,S32,U32,W32,AC32,AE32,AG32,AI32,AK32) -> 4071503.5 | I32: 559096.29 | J32: =I32/$F32 -> 0.13731937 | K32: 995771.27 | L32: =K32/$F32 -> 0.2445709 | M32: =I32+K32 -> 1554867.6 | N32: =M32/$F32 -> 0.38189027 | O32: 220236.06 | P32: =O32/$F32 -> 0.054092072 | Q32: 119582.46 | R32: =Q32/$F32 -> 0.02937059 | S32: =O32+Q32 -> 339818.52 | T32: =S32/$F32 -> 0.083462662 | U32: 93877.92 | V32: =U32/$F32 -> 0.02305731 | W32: 51233.12 | X32: =W32/$F32 -> 0.012583342 | Y32: 198581.46 | Z32: =Y32/$F32 -> 0.048773496 | AA32: 704003.3 | AB32: =AA32/$F32 -> 0.17290991 | AC32: =Y32+AA32 -> 902584.76 | AD32: =AC32/$F32 -> 0.22168341 | AE32: 1061984 | AF32: =AE32/F32 -> 0.26083338 | AG32: 0 | AH32: =AG32/$F32 -> 0 | AI32: 0 | AJ32: =AI32/$F32 -> 0 | AK32: 67137.6 | AL32: =AK32/$F32 -> 0.016489633
D33: 46103 | E33: 日 | F33: =SUM(M33,S33,U33,W33,AC33,AE33,AG33,AI33,AK33) -> 5501397.2 | I33: 841377.18 | J33: =I33/$F33 -> 0.15293882 | K33: 1106539.4 | L33: =K33/$F33 -> 0.20113789 | M33: =I33+K33 -> 1947916.6 | N33: =M33/F33 -> 0.35407671 | O33: 322406.6 | P33: =O33/$F33 -> 0.058604494 | Q33: 152896.97 | R33: =Q33/$F33 -> 0.027792389 | S33: =O33+Q33 -> 475303.57 | T33: =S33/F33 -> 0.086396883 | U33: 131149.62 | V33: =U33/F33 -> 0.023839329 | W33: 55524 | X33: =W33/$F33 -> 0.010092709 | Y33: 230599.74 | Z33: =Y33/$F33 -> 0.041916577 | AA33: 823314.61 | AB33: =AA33/$F33 -> 0.14965555 | AC33: =Y33+AA33 -> 1053914.4 | AD33: =AC33/$F33 -> 0.19157212 | AE33: 1770333.2 | AF33: =AE33/F33 -> 0.32179702 | AG33: 0 | AH33: =AG33/$F33 -> 0 | AI33: 0 | AJ33: =AI33/$F33 -> 0 | AK33: 67255.8 | AL33: =AK33/$F33 -> 0.012225222
D34: 46104 | E34: 一 | F34: =SUM(M34,S34,U34,W34,AC34,AE34,AG34,AI34,AK34) -> 5094060.9 | I34: 777432.91 | J34: =I34/$F34 -> 0.15261555 | K34: 1085000.7 | L34: =K34/$F34 -> 0.21299326 | M34: =I34+K34 -> 1862433.6 | N34: =M34/$F34 -> 0.36560881 | O34: 287518.68 | P34: =O34/$F34 -> 0.05644194 | Q34: 155574.51 | R34: =Q34/$F34 -> 0.030540371 | S34: =O34+Q34 -> 443093.19 | T34: =S34/$F34 -> 0.086982311 | U34: 120567.11 | V34: =U34/$F34 -> 0.023668172 | W34: 65519.41 | X34: =W34/$F34 -> 0.012861921 | Y34: 229237.26 | Z34: =Y34/$F34 -> 0.045000887 | AA34: 765801.78 | AB34: =AA34/$F34 -> 0.15033228 | AC34: =Y34+AA34 -> 995039.04 | AD34: =AC34/$F34 -> 0.19533316 | AE34: 1539798.2 | AF34: =AE34/F34 -> 0.30227322 | AG34: 0 | AH34: =AG34/$F34 -> 0 | AI34: 0 | AJ34: =AI34/$F34 -> 0 | AK34: 67610.4 | AL34: =AK34/$F34 -> 0.013272397
B35: =D36+7 -> 46113 | D35: 46105 | E35: 二 | F35: =SUM(M35,S35,U35,W35,AC35,AE35,AG35,AI35,AK35) -> 4902681.6 | G35: =SUM(F35:F41) -> 32252127 | I35: 755646.37 | J35: =I35/$F35 -> 0.1541292 | K35: 1062250.7 | L35: =K35/$F35 -> 0.21666729 | M35: =I35+K35 -> 1817897.1 | N35: =M35/$F35 -> 0.37079648 | O35: 289343.34 | P35: =O35/$F35 -> 0.059017363 | Q35: 155689.04 | R35: =Q35/$F35 -> 0.031755895 | S35: =O35+Q35 -> 445032.38 | T35: =S35/$F35 -> 0.090773257 | U35: 118411.66 | V35: =U35/$F35 -> 0.024152427 | W35: 60207.69 | X35: =W35/$F35 -> 0.012280563 | Y35: 217826.49 | Z35: =Y35/$F35 -> 0.044430071 | AA35: 733801.88 | AB35: =AA35/$F35 -> 0.14967357 | AC35: =Y35+AA35 -> 951628.37 | AD35: =AC35/$F35 -> 0.19410364 | AE35: 1437166 | AF35: =AE35/F35 -> 0.29313876 | AG35: 0 | AH35: =AG35/$F35 -> 0 | AI35: 0 | AJ35: =AI35/$F35 -> 0 | AK35: 72338.4 | AL35: =AK35/$F35 -> 0.014754864
D36: 46106 | E36: 三 | F36: =SUM(M36,S36,U36,W36,AC36,AE36,AG36,AI36,AK36) -> 4675847.4 | I36: 743118.09 | J36: =I36/$F36 -> 0.15892693 | K36: 1013465.1 | L36: =K36/$F36 -> 0.2167447 | M36: =I36+K36 -> 1756583.2 | N36: =M36/F36 -> 0.37567163 | O36: 287140.97 | P36: =O36/$F36 -> 0.061409397 | Q36: 157036.26 | R36: =Q36/$F36 -> 0.033584556 | S36: =O36+Q36 -> 444177.23 | T36: =S36/F36 -> 0.094993953 | U36: 110618.1 | V36: =U36/F36 -> 0.023657337 | W36: 60606.22 | X36: =W36/$F36 -> 0.012961548 | Y36: 193245.08 | Z36: =Y36/$F36 -> 0.041328355 | AA36: 643602.94 | AB36: =AA36/$F36 -> 0.13764413 | AC36: =Y36+AA36 -> 836848.02 | AD36: =AC36/$F36 -> 0.17897248 | AE36: 1387879.7 | AF36: =AE36/F36 -> 0.29681886 | AG36: 0 | AH36: =AG36/$F36 -> 0 | AI36: 0 | AJ36: =AI36/$F36 -> 0 | AK36: 79134.9 | AL36: =AK36/$F36 -> 0.016924184
D37: 46107 | E37: 四 | F37: =SUM(M37,S37,U37,W37,AC37,AE37,AG37,AI37,AK37) -> 4316808.3 | I37: 721209.32 | J37: =I37/$F37 -> 0.16707004 | K37: 906975.33 | L37: =K37/$F37 -> 0.21010322 | M37: =I37+K37 -> 1628184.6 | N37: =M37/$F37 -> 0.37717326 | O37: 286028.63 | P37: =O37/$F37 -> 0.066259285 | Q37: 161599.25 | R37: =Q37/$F37 -> 0.037434892 | S37: =O37+Q37 -> 447627.88 | T37: =S37/$F37 -> 0.10369418 | U37: 108568.77 | V37: =U37/$F37 -> 0.025150241 | W37: 58938.02 | X37: =W37/$F37 -> 0.013653147 | Y37: 179904.13 | Z37: =Y37/$F37 -> 0.041675265 | AA37: 549156.75 | AB37: =AA37/$F37 -> 0.12721361 | AC37: =Y37+AA37 -> 729060.88 | AD37: =AC37/$F37 -> 0.16888887 | AE37: 1265411.4 | AF37: =AE37/F37 -> 0.29313588 | AG37: 0 | AH37: =AG37/$F37 -> 0 | AI37: 0 | AJ37: =AI37/$F37 -> 0 | AK37: 79016.7 | AL37: =AK37/$F37 -> 0.018304427
D38: 46108 | E38: 五 | F38: =SUM(M38,S38,U38,W38,AC38,AE38,AG38,AI38,AK38) -> 3793881.8 | I38: 549545.15 | J38: =I38/$F38 -> 0.14485036 | K38: 855229.01 | L38: =K38/$F38 -> 0.22542321 | M38: =I38+K38 -> 1404774.2 | N38: =M38/F38 -> 0.37027358 | O38: 209172.45 | P38: =O38/$F38 -> 0.055134151 | Q38: 125425.96 | R38: =Q38/$F38 -> 0.03306006 | S38: =O38+Q38 -> 334598.41 | T38: =S38/F38 -> 0.088194212 | U38: 91175.07 | V38: =U38/F38 -> 0.024032133 | W38: 42006.2 | X38: =W38/$F38 -> 0.01107209 | Y38: 177917.18 | Z38: =Y38/$F38 -> 0.046895816 | AA38: 587884.93 | AB38: =AA38/$F38 -> 0.15495605 | AC38: =Y38+AA38 -> 765802.11 | AD38: =AC38/$F38 -> 0.20185187 | AE38: 1086851.6 | AF38: =AE38/F38 -> 0.28647482 | AG38: 0 | AH38: =AG38/$F38 -> 0 | AI38: 0 | AJ38: =AI38/$F38 -> 0 | AK38: 68674.2 | AL38: =AK38/$F38 -> 0.018101302
D39: 46109 | E39: 六 | F39: =SUM(M39,S39,U39,W39,AC39,AE39,AG39,AI39,AK39) -> 4079657.9 | I39: 525934.68 | J39: =I39/$F39 -> 0.12891637 | K39: 985718.89 | L39: =K39/$F39 -> 0.24161803 | M39: =I39+K39 -> 1511653.6 | N39: =M39/$F39 -> 0.3705344 | O39: 194490.3 | P39: =O39/$F39 -> 0.047673189 | Q39: 120338.01 | R39: =Q39/$F39 -> 0.029497084 | S39: =O39+Q39 -> 314828.31 | T39: =S39/$F39 -> 0.077170273 | U39: 97445.98 | V39: =U39/$F39 -> 0.023885822 | W39: 52274.46 | X39: =W39/$F39 -> 0.012813442 | Y39: 203009.52 | Z39: =Y39/$F39 -> 0.049761408 | AA39: 652511.22 | AB39: =AA39/$F39 -> 0.15994263 | AC39: =Y39+AA39 -> 855520.74 | AD39: =AC39/$F39 -> 0.20970404 | AE39: 1182747.5 | AF39: =AE39/F39 -> 0.2899134 | AG39: 0 | AH39: =AG39/$F39 -> 0 | AI39: 0 | AJ39: =AI39/$F39 -> 0 | AK39: 65187.3 | AL39: =AK39/$F39 -> 0.015978619
D40: 46110 | E40: 日 | F40: =SUM(M40,S40,U40,W40,AC40,AE40,AG40,AI40,AK40) -> 5382127.6 | I40: 788879.2 | J40: =I40/$F40 -> 0.14657386 | K40: 1088017.8 | L40: =K40/$F40 -> 0.20215384 | M40: =I40+K40 -> 1876897 | N40: =M40/F40 -> 0.3487277 | O40: 291133.39 | P40: =O40/$F40 -> 0.054092621 | Q40: 153893.88 | R40: =Q40/$F40 -> 0.028593503 | S40: =O40+Q40 -> 445027.27 | T40: =S40/F40 -> 0.082686124 | U40: 129861.94 | V40: =U40/F40 -> 0.024128365 | W40: 51682.05 | X40: =W40/$F40 -> 0.0096025316 | Y40: 229691.42 | Z40: =Y40/$F40 -> 0.042676696 | AA40: 775022.29 | AB40: =AA40/$F40 -> 0.14399924 | AC40: =Y40+AA40 -> 1004713.7 | AD40: =AC40/$F40 -> 0.18667594 | AE40: 1809231.1 | AF40: =AE40/F40 -> 0.33615538 | AG40: 0 | AH40: =AG40/$F40 -> 0 | AI40: 0 | AJ40: =AI40/$F40 -> 0 | AK40: 64714.5 | AL40: =AK40/$F40 -> 0.012023962
D41: 46111 | E41: 一 | F41: =SUM(M41,S41,U41,W41,AC41,AE41,AG41,AI41,AK41) -> 5101122.3 | I41: 761016.3 | J41: =I41/$F41 -> 0.14918605 | K41: 1167159.9 | L41: =K41/$F41 -> 0.22880453 | M41: =I41+K41 -> 1928176.2 | N41: =M41/$F41 -> 0.37799058 | O41: 271256.5 | P41: =O41/$F41 -> 0.053175847 | Q41: 154333.82 | R41: =Q41/$F41 -> 0.030254875 | S41: =O41+Q41 -> 425590.32 | T41: =S41/$F41 -> 0.083430723 | U41: 120911.19 | V41: =U41/$F41 -> 0.02370286 | W41: 61422.08 | X41: =W41/$F41 -> 0.012040895 | Y41: 224525.35 | Z41: =Y41/$F41 -> 0.044014892 | AA41: 716940.78 | AB41: =AA41/$F41 -> 0.14054569 | AC41: =Y41+AA41 -> 941466.13 | AD41: =AC41/$F41 -> 0.18456059 | AE41: 1551868.1 | AF41: =AE41/F41 -> 0.30422091 | AG41: 0 | AH41: =AG41/$F41 -> 0 | AI41: 0 | AJ41: =AI41/$F41 -> 0 | AK41: 71688.3 | AL41: =AK41/$F41 -> 0.014053437
B42: =D43+7 -> 46120 | D42: 46112 | E42: 二 | F42: =SUM(M42,S42,U42,W42,AC42,AE42,AG42,AI42,AK42) -> 5566322 | G42: =SUM(F42:F48) -> 30121755 | I42: 752249.45 | J42: =I42/$F42 -> 0.135143 | K42: 1129332.2 | L42: =K42/$F42 -> 0.20288661 | M42: =I42+K42 -> 1881581.7 | N42: =M42/$F42 -> 0.33802961 | O42: 273203.44 | P42: =O42/$F42 -> 0.049081501 | Q42: 158294.29 | R42: =Q42/$F42 -> 0.028437861 | S42: =O42+Q42 -> 431497.73 | T42: =S42/$F42 -> 0.077519362 | U42: 121140.07 | V42: =U42/$F42 -> 0.021763037 | W42: 55570.2 | X42: =W42/$F42 -> 0.0099832888 | Y42: 210219.31 | Z42: =Y42/$F42 -> 0.037766286 | AA42: 691696.28 | AB42: =AA42/$F42 -> 0.12426451 | AC42: =Y42+AA42 -> 901915.59 | AD42: =AC42/$F42 -> 0.1620308 | AE42: 2104169.5 | AF42: =AE42/F42 -> 0.37801793 | AG42: 0 | AH42: =AG42/$F42 -> 0 | AI42: 0 | AJ42: =AI42/$F42 -> 0 | AK42: 70447.2 | AL42: =AK42/$F42 -> 0.012655969
D43: 46113 | E43: 三 | F43: =SUM(M43,S43,U43,W43,AC43,AE43,AG43,AI43,AK43) -> 4658389.7 | I43: 719533.41 | J43: =I43/$F43 -> 0.15445968 | K43: 970987.48 | L43: =K43/$F43 -> 0.20843844 | M43: =I43+K43 -> 1690520.9 | N43: =M43/F43 -> 0.36289812 | O43: 261602.18 | P43: =O43/$F43 -> 0.056157212 | Q43: 149817.69 | R43: =Q43/$F43 -> 0.032160832 | S43: =O43+Q43 -> 411419.87 | T43: =S43/F43 -> 0.088318044 | U43: 107039.32 | V43: =U43/F43 -> 0.022977751 | W43: 53783.39 | X43: =W43/$F43 -> 0.01154549 | Y43: 181153.07 | Z43: =Y43/$F43 -> 0.038887487 | AA43: 510626.16 | AB43: =AA43/$F43 -> 0.10961431 | AC43: =Y43+AA43 -> 691779.23 | AD43: =AC43/$F43 -> 0.14850179 | AE43: 1631567.7 | AF43: =AE43/F43 -> 0.35024286 | AG43: 0 | AH43: =AG43/$F43 -> 0 | AI43: 0 | AJ43: =AI43/$F43 -> 0 | AK43: 72279.3 | AL43: =AK43/$F43 -> 0.015515941
D44: 46114 | E44: 四 | F44: =SUM(M44,S44,U44,W44,AC44,AE44,AG44,AI44,AK44) -> 3718970.8 | I44: 518858.25 | J44: =I44/$F44 -> 0.13951662 | K44: 839779.06 | L44: =K44/$F44 -> 0.22580953 | M44: =I44+K44 -> 1358637.3 | N44: =M44/$F44 -> 0.36532615 | O44: 182456.07 | P44: =O44/$F44 -> 0.049060904 | Q44: 128612.81 | R44: =Q44/$F44 -> 0.034582904 | S44: =O44+Q44 -> 311068.88 | T44: =S44/$F44 -> 0.083643807 | U44: 100483.61 | V44: =U44/$F44 -> 0.027019198 | W44: 56261.58 | X44: =W44/$F44 -> 0.015128266 | Y44: 162305.43 | Z44: =Y44/$F44 -> 0.043642566 | AA44: 451157.26 | AB44: =AA44/$F44 -> 0.1213124 | AC44: =Y44+AA44 -> 613462.69 | AD44: =AC44/$F44 -> 0.16495496 | AE44: 1213869.5 | AF44: =AE44/F44 -> 0.3263993 | AG44: 0 | AH44: =AG44/$F44 -> 0 | AI44: 0 | AJ44: =AI44/$F44 -> 0 | AK44: 65187.3 | AL44: =AK44/$F44 -> 0.017528317
D45: 46115 | E45: 五 | F45: =SUM(M45,S45,U45,W45,AC45,AE45,AG45,AI45,AK45) -> 3549995.8 | I45: 491564.32 | J45: =I45/$F45 -> 0.13846898 | K45: 782541.59 | L45: =K45/$F45 -> 0.22043451 | M45: =I45+K45 -> 1274105.9 | N45: =M45/F45 -> 0.35890349 | O45: 173037.11 | P45: =O45/$F45 -> 0.048742905 | Q45: 126119.12 | R45: =Q45/$F45 -> 0.035526554 | S45: =O45+Q45 -> 299156.23 | T45: =S45/F45 -> 0.084269459 | U45: 90274.5 | V45: =U45/F45 -> 0.025429466 | W45: 51525.3 | X45: =W45/$F45 -> 0.014514186 | Y45: 165257.47 | Z45: =Y45/$F45 -> 0.046551455 | AA45: 533278.96 | AB45: =AA45/$F45 -> 0.1502196 | AC45: =Y45+AA45 -> 698536.43 | AD45: =AC45/$F45 -> 0.19677106 | AE45: 1069673.6 | AF45: =AE45/F45 -> 0.30131685 | AG45: 0 | AH45: =AG45/$F45 -> 0 | AI45: 0 | AJ45: =AI45/$F45 -> 0 | AK45: 66723.9 | AL45: =AK45/$F45 -> 0.018795487
D46: 46116 | E46: 六 | F46: =SUM(M46,S46,U46,W46,AC46,AE46,AG46,AI46,AK46) -> 3467991.9 | I46: 462930.57 | J46: =I46/$F46 -> 0.13348664 | K46: 745948.21 | L46: =K46/$F46 -> 0.21509514 | M46: =I46+K46 -> 1208878.8 | N46: =M46/$F46 -> 0.34858178 | O46: 165347.73 | P46: =O46/$F46 -> 0.047678234 | Q46: 120162.98 | R46: =Q46/$F46 -> 0.034649153 | S46: =O46+Q46 -> 285510.71 | T46: =S46/$F46 -> 0.082327387 | U46: 88877.66 | V46: =U46/$F46 -> 0.02562799 | W46: 54072.54 | X46: =W46/$F46 -> 0.015591888 | Y46: 179279.66 | Z46: =Y46/$F46 -> 0.051695525 | AA46: 516766.39 | AB46: =AA46/$F46 -> 0.14901027 | AC46: =Y46+AA46 -> 696046.05 | AD46: =AC46/$F46 -> 0.20070579 | AE46: 1077988.3 | AF46: =AE46/F46 -> 0.31083935 | AG46: 0 | AH46: =AG46/$F46 -> 0 | AI46: 0 | AJ46: =AI46/$F46 -> 0 | AK46: 56617.8 | AL46: =AK46/$F46 -> 0.016325817
D47: 46117 | E47: 日 | F47: =SUM(M47,S47,U47,W47,AC47,AE47,AG47,AI47,AK47) -> 3900098.7 | I47: 479277.5 | J47: =I47/$F47 -> 0.12288856 | K47: 911676.73 | L47: =K47/$F47 -> 0.23375735 | M47: =I47+K47 -> 1390954.2 | N47: =M47/F47 -> 0.3566459 | O47: 173959.83 | P47: =O47/$F47 -> 0.044603955 | Q47: 131401.9 | R47: =Q47/$F47 -> 0.033691942 | S47: =O47+Q47 -> 305361.73 | T47: =S47/F47 -> 0.078295897 | U47: 89975.67 | V47: =U47/F47 -> 0.023070101 | W47: 44345.78 | X47: =W47/$F47 -> 0.011370425 | Y47: 184161.88 | Z47: =Y47/$F47 -> 0.047219799 | AA47: 669396.06 | AB47: =AA47/$F47 -> 0.17163567 | AC47: =Y47+AA47 -> 853557.94 | AD47: =AC47/$F47 -> 0.21885547 | AE47: 1167677.8 | AF47: =AE47/F47 -> 0.29939698 | AG47: 0 | AH47: =AG47/$F47 -> 0 | AI47: 0 | AJ47: =AI47/$F47 -> 0 | AK47: 48225.6 | AL47: =AK47/$F47 -> 0.012365225
D48: 46118 | E48: 一 | F48: =SUM(M48,S48,U48,W48,AC48,AE48,AG48,AI48,AK48) -> 5259985.6 | I48: 734783.02 | J48: =I48/$F48 -> 0.13969297 | K48: 1178346.5 | L48: =K48/$F48 -> 0.22402086 | M48: =I48+K48 -> 1913129.6 | N48: =M48/$F48 -> 0.36371384 | O48: 244577.85 | P48: =O48/$F48 -> 0.046497817 | Q48: 36895.96 | R48: =Q48/$F48 -> 0.0070144602 | S48: =O48+Q48 -> 281473.81 | T48: =S48/$F48 -> 0.053512277 | U48: 114560.81 | V48: =U48/$F48 -> 0.021779681 | W48: 54753.82 | X48: =W48/$F48 -> 0.0104095 | Y48: 233835.63 | Z48: =Y48/$F48 -> 0.044455564 | AA48: 739447.82 | AB48: =AA48/$F48 -> 0.14057982 | AC48: =Y48+AA48 -> 973283.45 | AD48: =AC48/$F48 -> 0.18503538 | AE48: 1855823.9 | AF48: =AE48/F48 -> 0.3528192 | AG48: 0 | AH48: =AG48/$F48 -> 0 | AI48: 0 | AJ48: =AI48/$F48 -> 0 | AK48: 66960.3 | AL48: =AK48/$F48 -> 0.01273013

Sheet （４）訂單數量構成比
B2: （4）訂單數量構成比
B3: 資料繳交日 | C3: 月份 | D3: 日期 | F3: 訂單量 | I3: 品類訂單量
I4: 18℃-飯糰 | O4: 18℃-壽司手卷 | U4: 4℃-飯糰 | W4: 4℃-壽司手卷 | Y4: 主食 | AE4: 便當 | AG4: 熱食義麵 | AI4: 季節調理麵 | AK4: 微波小吃
F5: 日 | G5: 週累積 | H5: 月累積 | I5: 一配 | K5: 二配 | M5: 合計 | O5: 一配 | Q5: 二配 | S5: 合計 | U5: 一配 | W5: 一配 | Y5: 一配 | AA5: 二配 | AC5: 合計 | AE5: 一配 | AG5: 一配 | AI5: 一配 | AK5: 一配
I6: 訂單數 | J6: 比例(%) | K6: 訂單數 | L6: 比例(%) | M6: 訂單數 | N6: 比例(%) | O6: 訂單數 | P6: 比例(%) | Q6: 訂單數 | R6: 比例(%) | S6: 訂單數 | T6: 比例(%) | U6: 訂單數 | V6: 比例(%) | W6: 訂單數 | X6: 比例(%) | Y6: 訂單數 | Z6: 比例(%) | AA6: 訂單數 | AB6: 比例(%) | AC6: 訂單數 | AD6: 比例(%) | AE6: 訂單數 | AF6: 比例(%) | AG6: 訂單數 | AH6: 比例(%) | AI6: 訂單數 | AJ6: 比例(%) | AK6: 訂單數 | AL6: 比例(%)
B7: =D15 -> 46085 | D7: 46077 | E7: 二 | F7: =SUM(M7,S7,U7,W7,AC7,AE7,AG7,AI7,AK7) -> 175154 | G7: =SUM(F7:F13) -> 1076054 | I7: 41576 | J7: =I7/$F7 -> 0.23736826 | K7: 53591 | L7: =K7/$F7 -> 0.30596504 | M7: =I7+K7 -> 95167 | N7: =M7/$F7 -> 0.5433333 | O7: 8958 | P7: =O7/$F7 -> 0.051143565 | Q7: 6240 | R7: =Q7/$F7 -> 0.035625792 | S7: =O7+Q7 -> 15198 | T7: =S7/$F7 -> 0.086769357 | U7: 7835 | V7: =U7/$F7 -> 0.044732064 | W7: 9313 | X7: =W7/$F7 -> 0.053170353 | Y7: 4616 | Z7: =Y7/$F7 -> 0.026353951 | AA7: 11354 | AB7: =AA7/$F7 -> 0.064822956 | AC7: =Y7+AA7 -> 15970 | AD7: =AC7/$F7 -> 0.091176907 | AE7: 24205 | AF7: =AE7/$F7 -> 0.13819268 | AG7: 0 | AH7: =AG7/$F7 -> 0 | AI7: 2347 | AJ7: =AI7/$F7 -> 0.013399637 | AK7: 5119 | AL7: =AK7/$F7 -> 0.02922571
D8: 46078 | E8: 三 | F8: =SUM(M8,S8,U8,W8,AC8,AE8,AG8,AI8,AK8) -> 156618 | I8: 40753 | J8: =I8/$F8 -> 0.26020636 | K8: 47002 | L8: =K8/$F8 -> 0.30010599 | M8: =I8+K8 -> 87755 | N8: =M8/$F8 -> 0.56031235 | O8: 8950 | P8: =O8/$F8 -> 0.057145411 | Q8: 5935 | R8: =Q8/$F8 -> 0.03789475 | S8: =O8+Q8 -> 14885 | T8: =S8/$F8 -> 0.095040161 | U8: 5976 | V8: =U8/$F8 -> 0.038156534 | W8: 5080 | X8: =W8/$F8 -> 0.032435608 | Y8: 4338 | Z8: =Y8/$F8 -> 0.027697966 | AA8: 8607 | AB8: =AA8/$F8 -> 0.054955369 | AC8: =Y8+AA8 -> 12945 | AD8: =AC8/$F8 -> 0.082653335 | AE8: 22954 | AF8: =AE8/$F8 -> 0.14656042 | AG8: 0 | AH8: =AG8/$F8 -> 0 | AI8: 2130 | AJ8: =AI8/$F8 -> 0.013599969 | AK8: 4893 | AL8: =AK8/$F8 -> 0.03124162
D9: 46079 | E9: 四 | F9: =SUM(M9,S9,U9,W9,AC9,AE9,AG9,AI9,AK9) -> 129387 | I9: 29097 | J9: =I9/$F9 -> 0.22488349 | K9: 41590 | L9: =K9/$F9 -> 0.32143878 | M9: =I9+K9 -> 70687 | N9: =M9/$F9 -> 0.54632227 | O9: 7351 | P9: =O9/$F9 -> 0.056814054 | Q9: 5068 | R9: =Q9/$F9 -> 0.039169314 | S9: =O9+Q9 -> 12419 | T9: =S9/$F9 -> 0.095983368 | U9: 5083 | V9: =U9/$F9 -> 0.039285245 | W9: 4674 | X9: =W9/$F9 -> 0.036124186 | Y9: 4018 | Z9: =Y9/$F9 -> 0.031054124 | AA9: 7686 | AB9: =AA9/$F9 -> 0.059403186 | AC9: =Y9+AA9 -> 11704 | AD9: =AC9/$F9 -> 0.09045731 | AE9: 18371 | AF9: =AE9/$F9 -> 0.1419849 | AG9: 0 | AH9: =AG9/$F9 -> 0 | AI9: 2016 | AJ9: =AI9/$F9 -> 0.015581163 | AK9: 4433 | AL9: =AK9/$F9 -> 0.034261556
D10: 46080 | E10: 五 | F10: =SUM(M10,S10,U10,W10,AC10,AE10,AG10,AI10,AK10) -> 120519 | I10: 27884 | J10: =I10/$F10 -> 0.23136601 | K10: 40646 | L10: =K10/$F10 -> 0.33725803 | M10: =I10+K10 -> 68530 | N10: =M10/$F10 -> 0.56862403 | O10: 7105 | P10: =O10/$F10 -> 0.05895336 | Q10: 4845 | R10: =Q10/$F10 -> 0.04020113 | S10: =O10+Q10 -> 11950 | T10: =S10/$F10 -> 0.09915449 | U10: 4096 | V10: =U10/$F10 -> 0.033986342 | W10: 2067 | X10: =W10/$F10 -> 0.017150823 | Y10: 3602 | Z10: =Y10/$F10 -> 0.029887404 | AA10: 8442 | AB10: =AA10/$F10 -> 0.070047047 | AC10: =Y10+AA10 -> 12044 | AD10: =AC10/$F10 -> 0.09993445 | AE10: 15752 | AF10: =AE10/$F10 -> 0.13070138 | AG10: 0 | AH10: =AG10/$F10 -> 0 | AI10: 1878 | AJ10: =AI10/$F10 -> 0.015582605 | AK10: 4202 | AL10: =AK10/$F10 -> 0.034865872
D11: 46081 | E11: 六 | F11: =SUM(M11,S11,U11,W11,AC11,AE11,AG11,AI11,AK11) -> 131697 | I11: 27309 | J11: =I11/$F11 -> 0.20736235 | K11: 49114 | L11: =K11/$F11 -> 0.37293181 | M11: =I11+K11 -> 76423 | N11: =M11/$F11 -> 0.58029416 | O11: 6731 | P11: =O11/$F11 -> 0.051109744 | Q11: 4780 | R11: =Q11/$F11 -> 0.036295436 | S11: =O11+Q11 -> 11511 | T11: =S11/$F11 -> 0.08740518 | U11: 4571 | V11: =U11/$F11 -> 0.03470846 | W11: 2494 | X11: =W11/$F11 -> 0.018937409 | Y11: 3911 | Z11: =Y11/$F11 -> 0.029696956 | AA11: 9991 | AB11: =AA11/$F11 -> 0.075863535 | AC11: =Y11+AA11 -> 13902 | AD11: =AC11/$F11 -> 0.10556049 | AE11: 17123 | AF11: =AE11/$F11 -> 0.13001815 | AG11: 0 | AH11: =AG11/$F11 -> 0 | AI11: 980 | AJ11: =AI11/$F11 -> 0.0074413236 | AK11: 4693 | AL11: =AK11/$F11 -> 0.035634828
C12: 三 | D12: 46082 | E12: 日 | F12: =SUM(M12,S12,U12,W12,AC12,AE12,AG12,AI12,AK12) -> 179915 | H12: =SUM(F12:F42) -> 5045753 | I12: 45109 | J12: =I12/$F12 -> 0.25072395 | K12: 56909 | L12: =K12/$F12 -> 0.31631048 | M12: =I12+K12 -> 102018 | N12: =M12/$F12 -> 0.56703443 | O12: 9378 | P12: =O12/$F12 -> 0.052124614 | Q12: 5980 | R12: =Q12/$F12 -> 0.033237918 | S12: =O12+Q12 -> 15358 | T12: =S12/$F12 -> 0.085362532 | U12: 6798 | V12: =U12/$F12 -> 0.037784509 | W12: 5640 | X12: =W12/$F12 -> 0.031348137 | Y12: 5220 | Z12: =Y12/$F12 -> 0.029013701 | AA12: 11326 | AB12: =AA12/$F12 -> 0.06295195 | AC12: =Y12+AA12 -> 16546 | AD12: =AC12/$F12 -> 0.09196565 | AE12: 28946 | AF12: =AE12/$F12 -> 0.16088709 | AG12: 0 | AH12: =AG12/$F12 -> 0 | AI12: 1129 | AJ12: =AI12/$F12 -> 0.0062751855 | AK12: 3480 | AL12: =AK12/$F12 -> 0.019342467
D13: 46083 | E13: 一 | F13: =SUM(M13,S13,U13,W13,AC13,AE13,AG13,AI13,AK13) -> 182764 | I13: 43427 | J13: =I13/$F13 -> 0.23761244 | K13: 60484 | L13: =K13/$F13 -> 0.33094045 | M13: =I13+K13 -> 103911 | N13: =M13/$F13 -> 0.56855289 | O13: 8646 | P13: =O13/$F13 -> 0.047306909 | Q13: 5908 | R13: =Q13/$F13 -> 0.032325841 | S13: =O13+Q13 -> 14554 | T13: =S13/$F13 -> 0.07963275 | U13: 4963 | V13: =U13/$F13 -> 0.027155238 | W13: 4314 | X13: =W13/$F13 -> 0.023604211 | Y13: 4458 | Z13: =Y13/$F13 -> 0.024392112 | AA13: 21302 | AB13: =AA13/$F13 -> 0.11655468 | AC13: =Y13+AA13 -> 25760 | AD13: =AC13/$F13 -> 0.14094679 | AE13: 24221 | AF13: =AE13/$F13 -> 0.1325261 | AG13: 0 | AH13: =AG13/$F13 -> 0 | AI13: 1288 | AJ13: =AI13/$F13 -> 0.0070473397 | AK13: 3753 | AL13: =AK13/$F13 -> 0.020534679
B14: =B7+7 -> 46092 | D14: 46084 | E14: 二 | F14: =SUM(M14,S14,U14,W14,AC14,AE14,AG14,AI14,AK14) -> 182389 | G14: =SUM(F14:F20) -> 1137743 | I14: 42651 | J14: =I14/$F14 -> 0.23384634 | K14: 58621 | L14: =K14/$F14 -> 0.32140644 | M14: =I14+K14 -> 101272 | N14: =M14/$F14 -> 0.55525278 | O14: 13280 | P14: =O14/$F14 -> 0.072811409 | Q14: 5934 | R14: =Q14/$F14 -> 0.032534857 | S14: =O14+Q14 -> 19214 | T14: =S14/$F14 -> 0.10534627 | U14: 4542 | V14: =U14/$F14 -> 0.024902818 | W14: 3285 | X14: =W14/$F14 -> 0.018010955 | Y14: 3562 | Z14: =Y14/$F14 -> 0.019529687 | AA14: 19243 | AB14: =AA14/$F14 -> 0.10550527 | AC14: =Y14+AA14 -> 22805 | AD14: =AC14/$F14 -> 0.12503495 | AE14: 26742 | AF14: =AE14/$F14 -> 0.14662068 | AG14: 0 | AH14: =AG14/$F14 -> 0 | AI14: 1010 | AJ14: =AI14/$F14 -> 0.0055376147 | AK14: 3519 | AL14: =AK14/$F14 -> 0.019293927
D15: 46085 | E15: 三 | F15: =SUM(M15,S15,U15,W15,AC15,AE15,AG15,AI15,AK15) -> 171444 | I15: 41657 | J15: =I15/$F15 -> 0.2429773 | K15: 56001 | L15: =K15/$F15 -> 0.3266431 | M15: =I15+K15 -> 97658 | N15: =M15/$F15 -> 0.5696204 | O15: 11933 | P15: =O15/$F15 -> 0.069602902 | Q15: 6206 | R15: =Q15/$F15 -> 0.036198409 | S15: =O15+Q15 -> 18139 | T15: =S15/$F15 -> 0.10580131 | U15: 4259 | V15: =U15/$F15 -> 0.024841931 | W15: 3035 | X15: =W15/$F15 -> 0.017702573 | Y15: 3325 | Z15: =Y15/$F15 -> 0.019394088 | AA15: 17352 | AB15: =AA15/$F15 -> 0.10121089 | AC15: =Y15+AA15 -> 20677 | AD15: =AC15/$F15 -> 0.12060498 | AE15: 23875 | AF15: =AE15/$F15 -> 0.1392583 | AG15: 0 | AH15: =AG15/$F15 -> 0 | AI15: 0 | AJ15: =AI15/$F15 -> 0 | AK15: 3801 | AL15: =AK15/$F15 -> 0.022170505
D16: 46086 | E16: 四 | F16: =SUM(M16,S16,U16,W16,AC16,AE16,AG16,AI16,AK16) -> 153251 | I16: 38873 | J16: =I16/$F16 -> 0.25365577 | K16: 49420 | L16: =K16/$F16 -> 0.3224775 | M16: =I16+K16 -> 88293 | N16: =M16/$F16 -> 0.57613327 | O16: 10955 | P16: =O16/$F16 -> 0.071484036 | Q16: 5524 | R16: =Q16/$F16 -> 0.036045442 | S16: =O16+Q16 -> 16479 | T16: =S16/$F16 -> 0.10752948 | U16: 3735 | V16: =U16/$F16 -> 0.024371782 | W16: 3103 | X16: =W16/$F16 -> 0.020247829 | Y16: 3260 | Z16: =Y16/$F16 -> 0.021272292 | AA16: 13639 | AB16: =AA16/$F16 -> 0.088997788 | AC16: =Y16+AA16 -> 16899 | AD16: =AC16/$F16 -> 0.11027008 | AE16: 21166 | AF16: =AE16/$F16 -> 0.13811329 | AG16: 0 | AH16: =AG16/$F16 -> 0 | AI16: 0 | AJ16: =AI16/$F16 -> 0 | AK16: 3576 | AL16: =AK16/$F16 -> 0.023334269
D17: 46087 | E17: 五 | F17: =SUM(M17,S17,U17,W17,AC17,AE17,AG17,AI17,AK17) -> 131075 | I17: 28949 | J17: =I17/$F17 -> 0.22085829 | K17: 45623 | L17: =K17/$F17 -> 0.3480679 | M17: =I17+K17 -> 74572 | N17: =M17/$F17 -> 0.56892619 | O17: 8718 | P17: =O17/$F17 -> 0.066511539 | Q17: 4474 | R17: =Q17/$F17 -> 0.03413313 | S17: =O17+Q17 -> 13192 | T17: =S17/$F17 -> 0.10064467 | U17: 4167 | V17: =U17/$F17 -> 0.031790959 | W17: 3023 | X17: =W17/$F17 -> 0.023063132 | Y17: 3453 | Z17: =Y17/$F17 -> 0.026343696 | AA17: 13042 | AB17: =AA17/$F17 -> 0.099500286 | AC17: =Y17+AA17 -> 16495 | AD17: =AC17/$F17 -> 0.12584398 | AE17: 16158 | AF17: =AE17/$F17 -> 0.12327294 | AG17: 0 | AH17: =AG17/$F17 -> 0 | AI17: 0 | AJ17: =AI17/$F17 -> 0 | AK17: 3468 | AL17: =AK17/$F17 -> 0.026458135
D18: 46088 | E18: 六 | F18: =SUM(M18,S18,U18,W18,AC18,AE18,AG18,AI18,AK18) -> 139687 | I18: 27370 | J18: =I18/$F18 -> 0.19593806 | K18: 52622 | L18: =K18/$F18 -> 0.37671365 | M18: =I18+K18 -> 79992 | N18: =M18/$F18 -> 0.57265171 | O18: 8516 | P18: =O18/$F18 -> 0.060964871 | Q18: 4336 | R18: =Q18/$F18 -> 0.031040827 | S18: =O18+Q18 -> 12852 | T18: =S18/$F18 -> 0.092005698 | U18: 3830 | V18: =U18/$F18 -> 0.027418443 | W18: 2479 | X18: =W18/$F18 -> 0.01774682 | Y18: 3812 | Z18: =Y18/$F18 -> 0.027289583 | AA18: 14992 | AB18: =AA18/$F18 -> 0.10732566 | AC18: =Y18+AA18 -> 18804 | AD18: =AC18/$F18 -> 0.13461525 | AE18: 18163 | AF18: =AE18/$F18 -> 0.13002642 | AG18: 0 | AH18: =AG18/$F18 -> 0 | AI18: 0 | AJ18: =AI18/$F18 -> 0 | AK18: 3567 | AL18: =AK18/$F18 -> 0.025535662
D19: 46089 | E19: 日 | F19: =SUM(M19,S19,U19,W19,AC19,AE19,AG19,AI19,AK19) -> 184408 | I19: 43794 | J19: =I19/$F19 -> 0.23748427 | K19: 59347 | L19: =K19/$F19 -> 0.32182443 | M19: =I19+K19 -> 103141 | N19: =M19/$F19 -> 0.55930871 | O19: 12412 | P19: =O19/$F19 -> 0.067307275 | Q19: 5576 | R19: =Q19/$F19 -> 0.0302373 | S19: =O19+Q19 -> 17988 | T19: =S19/$F19 -> 0.097544575 | U19: 4916 | V19: =U19/$F19 -> 0.026658279 | W19: 3108 | X19: =W19/$F19 -> 0.016853933 | Y19: 4334 | Z19: =Y19/$F19 -> 0.023502234 | AA19: 18040 | AB19: =AA19/$F19 -> 0.097826559 | AC19: =Y19+AA19 -> 22374 | AD19: =AC19/$F19 -> 0.12132879 | AE19: 29395 | AF19: =AE19/$F19 -> 0.15940198 | AG19: 0 | AH19: =AG19/$F19 -> 0 | AI19: 0 | AJ19: =AI19/$F19 -> 0 | AK19: 3486 | AL19: =AK19/$F19 -> 0.018903735
D20: 46090 | E20: 一 | F20: =SUM(M20,S20,U20,W20,AC20,AE20,AG20,AI20,AK20) -> 175489 | I20: 42280 | J20: =I20/$F20 -> 0.24092678 | K20: 58182 | L20: =K20/$F20 -> 0.33154215 | M20: =I20+K20 -> 100462 | N20: =M20/$F20 -> 0.57246893 | O20: 11112 | P20: =O20/$F20 -> 0.063320208 | Q20: 5630 | R20: =Q20/$F20 -> 0.032081783 | S20: =O20+Q20 -> 16742 | T20: =S20/$F20 -> 0.095401991 | U20: 5138 | V20: =U20/$F20 -> 0.029278188 | W20: 3328 | X20: =W20/$F20 -> 0.018964152 | Y20: 4146 | Z20: =Y20/$F20 -> 0.023625412 | AA20: 17538 | AB20: =AA20/$F20 -> 0.099937888 | AC20: =Y20+AA20 -> 21684 | AD20: =AC20/$F20 -> 0.1235633 | AE20: 24289 | AF20: =AE20/$F20 -> 0.13840754 | AG20: 0 | AH20: =AG20/$F20 -> 0 | AI20: 0 | AJ20: =AI20/$F20 -> 0 | AK20: 3846 | AL20: =AK20/$F20 -> 0.021915904
B21: =B14+7 -> 46099 | D21: 46091 | E21: 二 | F21: =SUM(M21,S21,U21,W21,AC21,AE21,AG21,AI21,AK21) -> 171919 | G21: =SUM(F21:F27) -> 1114939 | I21: 41567 | J21: =I21/$F21 -> 0.24178247 | K21: 56844 | L21: =K21/$F21 -> 0.33064408 | M21: =I21+K21 -> 98411 | N21: =M21/$F21 -> 0.57242655 | O21: 11916 | P21: =O21/$F21 -> 0.069311711 | Q21: 5584 | R21: =Q21/$F21 -> 0.032480412 | S21: =O21+Q21 -> 17500 | T21: =S21/$F21 -> 0.10179212 | U21: 4307 | V21: =U21/$F21 -> 0.025052496 | W21: 2987 | X21: =W21/$F21 -> 0.017374461 | Y21: 3990 | Z21: =Y21/$F21 -> 0.023208604 | AA21: 17368 | AB21: =AA21/$F21 -> 0.10102432 | AC21: =Y21+AA21 -> 21358 | AD21: =AC21/$F21 -> 0.12423292 | AE21: 23666 | AF21: =AE21/$F21 -> 0.13765785 | AG21: 0 | AH21: =AG21/$F21 -> 0 | AI21: 0 | AJ21: =AI21/$F21 -> 0 | AK21: 3690 | AL21: =AK21/$F21 -> 0.021463596
D22: 46092 | E22: 三 | F22: =SUM(M22,S22,U22,W22,AC22,AE22,AG22,AI22,AK22) -> 163607 | I22: 40082 | J22: =I22/$F22 -> 0.24498952 | K22: 53840 | L22: =K22/$F22 -> 0.32908127 | M22: =I22+K22 -> 93922 | N22: =M22/$F22 -> 0.57407079 | O22: 11444 | P22: =O22/$F22 -> 0.069948107 | Q22: 5489 | R22: =Q22/$F22 -> 0.033549909 | S22: =O22+Q22 -> 16933 | T22: =S22/$F22 -> 0.10349802 | U22: 4555 | V22: =U22/$F22 -> 0.027841107 | W22: 3349 | X22: =W22/$F22 -> 0.020469784 | Y22: 3653 | Z22: =Y22/$F22 -> 0.022327896 | AA22: 15836 | AB22: =AA22/$F22 -> 0.096792925 | AC22: =Y22+AA22 -> 19489 | AD22: =AC22/$F22 -> 0.11912082 | AE22: 21426 | AF22: =AE22/$F22 -> 0.13096017 | AG22: 0 | AH22: =AG22/$F22 -> 0 | AI22: 0 | AJ22: =AI22/$F22 -> 0 | AK22: 3933 | AL22: =AK22/$F22 -> 0.024039314
D23: 46093 | E23: 四 | F23: =SUM(M23,S23,U23,W23,AC23,AE23,AG23,AI23,AK23) -> 150153 | I23: 38669 | J23: =I23/$F23 -> 0.25753065 | K23: 48385 | L23: =K23/$F23 -> 0.32223798 | M23: =I23+K23 -> 87054 | N23: =M23/$F23 -> 0.57976864 | O23: 11048 | P23: =O23/$F23 -> 0.073578283 | Q23: 5266 | R23: =Q23/$F23 -> 0.035070894 | S23: =O23+Q23 -> 16314 | T23: =S23/$F23 -> 0.10864918 | U23: 4435 | V23: =U23/$F23 -> 0.029536539 | W23: 2693 | X23: =W23/$F23 -> 0.01793504 | Y23: 3426 | Z23: =Y23/$F23 -> 0.022816727 | AA23: 12267 | AB23: =AA23/$F23 -> 0.081696669 | AC23: =Y23+AA23 -> 15693 | AD23: =AC23/$F23 -> 0.1045134 | AE23: 20058 | AF23: =AE23/$F23 -> 0.13358374 | AG23: 0 | AH23: =AG23/$F23 -> 0 | AI23: 0 | AJ23: =AI23/$F23 -> 0 | AK23: 3906 | AL23: =AK23/$F23 -> 0.026013466
D24: 46094 | E24: 五 | F24: =SUM(M24,S24,U24,W24,AC24,AE24,AG24,AI24,AK24) -> 130207 | I24: 29456 | J24: =I24/$F24 -> 0.2262244 | K24: 45025 | L24: =K24/$F24 -> 0.34579554 | M24: =I24+K24 -> 74481 | N24: =M24/$F24 -> 0.57201994 | O24: 8234 | P24: =O24/$F24 -> 0.063237768 | Q24: 4146 | R24: =Q24/$F24 -> 0.031841606 | S24: =O24+Q24 -> 12380 | T24: =S24/$F24 -> 0.095079374 | U24: 3840 | V24: =U24/$F24 -> 0.029491502 | W24: 2069 | X24: =W24/$F24 -> 0.015890083 | Y24: 3372 | Z24: =Y24/$F24 -> 0.025897225 | AA24: 13540 | AB24: =AA24/$F24 -> 0.10398826 | AC24: =Y24+AA24 -> 16912 | AD24: =AC24/$F24 -> 0.12988549 | AE24: 17015 | AF24: =AE24/$F24 -> 0.13067654 | AG24: 0 | AH24: =AG24/$F24 -> 0 | AI24: 0 | AJ24: =AI24/$F24 -> 0 | AK24: 3510 | AL24: =AK24/$F24 -> 0.026957076
D25: 46095 | E25: 六 | F25: =SUM(M25,S25,U25,W25,AC25,AE25,AG25,AI25,AK25) -> 139203 | I25: 28401 | J25: =I25/$F25 -> 0.20402578 | K25: 52513 | L25: =K25/$F25 -> 0.37724043 | M25: =I25+K25 -> 80914 | N25: =M25/$F25 -> 0.58126621 | O25: 7698 | P25: =O25/$F25 -> 0.055300532 | Q25: 4046 | R25: =Q25/$F25 -> 0.029065466 | S25: =O25+Q25 -> 11744 | T25: =S25/$F25 -> 0.084365998 | U25: 3788 | V25: =U25/$F25 -> 0.027212057 | W25: 2162 | X25: =W25/$F25 -> 0.015531274 | Y25: 3743 | Z25: =Y25/$F25 -> 0.026888788 | AA25: 15061 | AB25: =AA25/$F25 -> 0.10819451 | AC25: =Y25+AA25 -> 18804 | AD25: =AC25/$F25 -> 0.1350833 | AE25: 18371 | AF25: =AE25/$F25 -> 0.13197273 | AG25: 0 | AH25: =AG25/$F25 -> 0 | AI25: 0 | AJ25: =AI25/$F25 -> 0 | AK25: 3420 | AL25: =AK25/$F25 -> 0.024568436
D26: 46096 | E26: 日 | F26: =SUM(M26,S26,U26,W26,AC26,AE26,AG26,AI26,AK26) -> 181125 | I26: 43529 | J26: =I26/$F26 -> 0.24032574 | K26: 59509 | L26: =K26/$F26 -> 0.3285521 | M26: =I26+K26 -> 103038 | N26: =M26/$F26 -> 0.56887785 | O26: 11592 | P26: =O26/$F26 -> 0.064 | Q26: 5349 | R26: =Q26/$F26 -> 0.029532091 | S26: =O26+Q26 -> 16941 | T26: =S26/$F26 -> 0.093532091 | U26: 5141 | V26: =U26/$F26 -> 0.028383713 | W26: 2446 | X26: =W26/$F26 -> 0.013504486 | Y26: 4458 | Z26: =Y26/$F26 -> 0.024612836 | AA26: 17956 | AB26: =AA26/$F26 -> 0.099135956 | AC26: =Y26+AA26 -> 22414 | AD26: =AC26/$F26 -> 0.12374879 | AE26: 27494 | AF26: =AE26/$F26 -> 0.15179572 | AG26: 0 | AH26: =AG26/$F26 -> 0 | AI26: 0 | AJ26: =AI26/$F26 -> 0 | AK26: 3651 | AL26: =AK26/$F26 -> 0.02015735
D27: 46097 | E27: 一 | F27: =SUM(M27,S27,U27,W27,AC27,AE27,AG27,AI27,AK27) -> 178725 | I27: 42365 | J27: =I27/$F27 -> 0.23704015 | K27: 63752 | L27: =K27/$F27 -> 0.35670443 | M27: =I27+K27 -> 106117 | N27: =M27/$F27 -> 0.59374458 | O27: 11020 | P27: =O27/$F27 -> 0.061658973 | Q27: 5439 | R27: =Q27/$F27 -> 0.030432228 | S27: =O27+Q27 -> 16459 | T27: =S27/$F27 -> 0.092091202 | U27: 4824 | V27: =U27/$F27 -> 0.026991188 | W27: 2789 | X27: =W27/$F27 -> 0.01560498 | Y27: 4261 | Z27: =Y27/$F27 -> 0.023841097 | AA27: 17016 | AB27: =AA27/$F27 -> 0.095207721 | AC27: =Y27+AA27 -> 21277 | AD27: =AC27/$F27 -> 0.11904882 | AE27: 23674 | AF27: =AE27/$F27 -> 0.13246048 | AG27: 0 | AH27: =AG27/$F27 -> 0 | AI27: 0 | AJ27: =AI27/$F27 -> 0 | AK27: 3585 | AL27: =AK27/$F27 -> 0.020058749
B28: =B21+7 -> 46106 | D28: 46098 | E28: 二 | F28: =SUM(M28,S28,U28,W28,AC28,AE28,AG28,AI28,AK28) -> 183844 | G28: =SUM(F28:F34) -> 1145620 | I28: 42214 | J28: =I28/$F28 -> 0.22961859 | K28: 62593 | L28: =K28/$F28 -> 0.34046801 | M28: =I28+K28 -> 104807 | N28: =M28/$F28 -> 0.5700866 | O28: 15731 | P28: =O28/$F28 -> 0.085567111 | Q28: 5626 | R28: =Q28/$F28 -> 0.030602032 | S28: =O28+Q28 -> 21357 | T28: =S28/$F28 -> 0.11616914 | U28: 4752 | V28: =U28/$F28 -> 0.025848002 | W28: 2643 | X28: =W28/$F28 -> 0.014376319 | Y28: 3979 | Z28: =Y28/$F28 -> 0.02164335 | AA28: 15964 | AB28: =AA28/$F28 -> 0.08683449 | AC28: =Y28+AA28 -> 19943 | AD28: =AC28/$F28 -> 0.10847784 | AE28: 26625 | AF28: =AE28/$F28 -> 0.14482387 | AG28: 0 | AH28: =AG28/$F28 -> 0 | AI28: 0 | AJ28: =AI28/$F28 -> 0 | AK28: 3717 | AL28: =AK28/$F28 -> 0.020218228
D29: 46099 | E29: 三 | F29: =SUM(M29,S29,U29,W29,AC29,AE29,AG29,AI29,AK29) -> 172254 | I29: 40954 | J29: =I29/$F29 -> 0.23775355 | K29: 59602 | L29: =K29/$F29 -> 0.34601228 | M29: =I29+K29 -> 100556 | N29: =M29/$F29 -> 0.58376583 | O29: 13690 | P29: =O29/$F29 -> 0.079475658 | Q29: 5710 | R29: =Q29/$F29 -> 0.033148722 | S29: =O29+Q29 -> 19400 | T29: =S29/$F29 -> 0.11262438 | U29: 4208 | V29: =U29/$F29 -> 0.024429041 | W29: 2646 | X29: =W29/$F29 -> 0.015361037 | Y29: 3273 | Z29: =Y29/$F29 -> 0.01900101 | AA29: 13801 | AB29: =AA29/$F29 -> 0.080120055 | AC29: =Y29+AA29 -> 17074 | AD29: =AC29/$F29 -> 0.099121065 | AE29: 24572 | AF29: =AE29/$F29 -> 0.14264981 | AG29: 0 | AH29: =AG29/$F29 -> 0 | AI29: 0 | AJ29: =AI29/$F29 -> 0 | AK29: 3798 | AL29: =AK29/$F29 -> 0.022048835
D30: 46100 | E30: 四 | F30: =SUM(M30,S30,U30,W30,AC30,AE30,AG30,AI30,AK30) -> 157187 | I30: 39810 | J30: =I30/$F30 -> 0.25326522 | K30: 53352 | L30: =K30/$F30 -> 0.33941738 | M30: =I30+K30 -> 93162 | N30: =M30/$F30 -> 0.5926826 | O30: 12981 | P30: =O30/$F30 -> 0.082583165 | Q30: 5484 | R30: =Q30/$F30 -> 0.034888381 | S30: =O30+Q30 -> 18465 | T30: =S30/$F30 -> 0.11747155 | U30: 4078 | V30: =U30/$F30 -> 0.025943621 | W30: 2630 | X30: =W30/$F30 -> 0.016731664 | Y30: 3117 | Z30: =Y30/$F30 -> 0.019829884 | AA30: 11360 | AB30: =AA30/$F30 -> 0.072270608 | AC30: =Y30+AA30 -> 14477 | AD30: =AC30/$F30 -> 0.092100492 | AE30: 20541 | AF30: =AE30/$F30 -> 0.13067875 | AG30: 0 | AH30: =AG30/$F30 -> 0 | AI30: 0 | AJ30: =AI30/$F30 -> 0 | AK30: 3834 | AL30: =AK30/$F30 -> 0.02439133
D31: 46101 | E31: 五 | F31: =SUM(M31,S31,U31,W31,AC31,AE31,AG31,AI31,AK31) -> 133801 | I31: 30314 | J31: =I31/$F31 -> 0.22656034 | K31: 48994 | L31: =K31/$F31 -> 0.36617066 | M31: =I31+K31 -> 79308 | N31: =M31/$F31 -> 0.592731 | O31: 10741 | P31: =O31/$F31 -> 0.080275932 | Q31: 4379 | R31: =Q31/$F31 -> 0.032727708 | S31: =O31+Q31 -> 15120 | T31: =S31/$F31 -> 0.11300364 | U31: 3372 | V31: =U31/$F31 -> 0.025201605 | W31: 1780 | X31: =W31/$F31 -> 0.013303339 | Y31: 3164 | Z31: =Y31/$F31 -> 0.023647058 | AA31: 11811 | AB31: =AA31/$F31 -> 0.088272883 | AC31: =Y31+AA31 -> 14975 | AD31: =AC31/$F31 -> 0.11191994 | AE31: 15883 | AF31: =AE31/$F31 -> 0.11870614 | AG31: 0 | AH31: =AG31/$F31 -> 0 | AI31: 0 | AJ31: =AI31/$F31 -> 0 | AK31: 3363 | AL31: =AK31/$F31 -> 0.025134341
D32: 46102 | E32: 六 | F32: =SUM(M32,S32,U32,W32,AC32,AE32,AG32,AI32,AK32) -> 141397 | I32: 28846 | J32: =I32/$F32 -> 0.20400716 | K32: 54906 | L32: =K32/$F32 -> 0.38831093 | M32: =I32+K32 -> 83752 | N32: =M32/$F32 -> 0.59231808 | O32: 9985 | P32: =O32/$F32 -> 0.070616774 | Q32: 4182 | R32: =Q32/$F32 -> 0.029576299 | S32: =O32+Q32 -> 14167 | T32: =S32/$F32 -> 0.10019307 | U32: 3466 | V32: =U32/$F32 -> 0.024512543 | W32: 1936 | X32: =W32/$F32 -> 0.013691945 | Y32: 3498 | Z32: =Y32/$F32 -> 0.024738856 | AA32: 13538 | AB32: =AA32/$F32 -> 0.095744606 | AC32: =Y32+AA32 -> 17036 | AD32: =AC32/$F32 -> 0.12048346 | AE32: 17632 | AF32: =AE32/$F32 -> 0.12469854 | AG32: 0 | AH32: =AG32/$F32 -> 0 | AI32: 0 | AJ32: =AI32/$F32 -> 0 | AK32: 3408 | AL32: =AK32/$F32 -> 0.02410235
D33: 46103 | E33: 日 | F33: =SUM(M33,S33,U33,W33,AC33,AE33,AG33,AI33,AK33) -> 183666 | I33: 43435 | J33: =I33/$F33 -> 0.23648906 | K33: 61132 | L33: =K33/$F33 -> 0.33284331 | M33: =I33+K33 -> 104567 | N33: =M33/$F33 -> 0.56933238 | O33: 14467 | P33: =O33/$F33 -> 0.078767981 | Q33: 5353 | R33: =Q33/$F33 -> 0.029145296 | S33: =O33+Q33 -> 19820 | T33: =S33/$F33 -> 0.10791328 | U33: 4816 | V33: =U33/$F33 -> 0.026221511 | W33: 2100 | X33: =W33/$F33 -> 0.011433798 | Y33: 4062 | Z33: =Y33/$F33 -> 0.022116233 | AA33: 15800 | AB33: =AA33/$F33 -> 0.086025721 | AC33: =Y33+AA33 -> 19862 | AD33: =AC33/$F33 -> 0.10814195 | AE33: 29087 | AF33: =AE33/$F33 -> 0.158369 | AG33: 0 | AH33: =AG33/$F33 -> 0 | AI33: 0 | AJ33: =AI33/$F33 -> 0 | AK33: 3414 | AL33: =AK33/$F33 -> 0.018588089
D34: 46104 | E34: 一 | F34: =SUM(M34,S34,U34,W34,AC34,AE34,AG34,AI34,AK34) -> 173471 | I34: 40768 | J34: =I34/$F34 -> 0.23501335 | K34: 59944 | L34: =K34/$F34 -> 0.34555632 | M34: =I34+K34 -> 100712 | N34: =M34/$F34 -> 0.58056966 | O34: 12748 | P34: =O34/$F34 -> 0.073487788 | Q34: 5447 | R34: =Q34/$F34 -> 0.031400061 | S34: =O34+Q34 -> 18195 | T34: =S34/$F34 -> 0.10488785 | U34: 4468 | V34: =U34/$F34 -> 0.025756466 | W34: 2477 | X34: =W34/$F34 -> 0.014279044 | Y34: 4038 | Z34: =Y34/$F34 -> 0.023277666 | AA34: 14789 | AB34: =AA34/$F34 -> 0.085253443 | AC34: =Y34+AA34 -> 18827 | AD34: =AC34/$F34 -> 0.10853111 | AE34: 25360 | AF34: =AE34/$F34 -> 0.14619158 | AG34: 0 | AH34: =AG34/$F34 -> 0 | AI34: 0 | AJ34: =AI34/$F34 -> 0 | AK34: 3432 | AL34: =AK34/$F34 -> 0.019784287
B35: =B28+7 -> 46113 | D35: 46105 | E35: 二 | F35: =SUM(M35,S35,U35,W35,AC35,AE35,AG35,AI35,AK35) -> 168684 | G35: =SUM(F35:F41) -> 1105590 | I35: 39636 | J35: =I35/$F35 -> 0.2349719 | K35: 58707 | L35: =K35/$F35 -> 0.34802945 | M35: =I35+K35 -> 98343 | N35: =M35/$F35 -> 0.58300135 | O35: 12899 | P35: =O35/$F35 -> 0.076468426 | Q35: 5446 | R35: =Q35/$F35 -> 0.03228522 | S35: =O35+Q35 -> 18345 | T35: =S35/$F35 -> 0.10875365 | U35: 4348 | V35: =U35/$F35 -> 0.025776007 | W35: 2277 | X35: =W35/$F35 -> 0.013498613 | Y35: 3837 | Z35: =Y35/$F35 -> 0.022746674 | AA35: 14203 | AB35: =AA35/$F35 -> 0.084198857 | AC35: =Y35+AA35 -> 18040 | AD35: =AC35/$F35 -> 0.10694553 | AE35: 23659 | AF35: =AE35/$F35 -> 0.14025634 | AG35: 0 | AH35: =AG35/$F35 -> 0 | AI35: 0 | AJ35: =AI35/$F35 -> 0 | AK35: 3672 | AL35: =AK35/$F35 -> 0.021768514
D36: 46106 | E36: 三 | F36: =SUM(M36,S36,U36,W36,AC36,AE36,AG36,AI36,AK36) -> 162126 | I36: 38888 | J36: =I36/$F36 -> 0.23986282 | K36: 55942 | L36: =K36/$F36 -> 0.34505261 | M36: =I36+K36 -> 94830 | N36: =M36/$F36 -> 0.58491544 | O36: 12718 | P36: =O36/$F36 -> 0.07844516 | Q36: 5501 | R36: =Q36/$F36 -> 0.0339304 | S36: =O36+Q36 -> 18219 | T36: =S36/$F36 -> 0.11237556 | U36: 4085 | V36: =U36/$F36 -> 0.025196452 | W36: 2294 | X36: =W36/$F36 -> 0.014149489 | Y36: 3404 | Z36: =Y36/$F36 -> 0.020996015 | AA36: 12438 | AB36: =AA36/$F36 -> 0.076718108 | AC36: =Y36+AA36 -> 15842 | AD36: =AC36/$F36 -> 0.097714124 | AE36: 22839 | AF36: =AE36/$F36 -> 0.14087191 | AG36: 0 | AH36: =AG36/$F36 -> 0 | AI36: 0 | AJ36: =AI36/$F36 -> 0 | AK36: 4017 | AL36: =AK36/$F36 -> 0.024777025
D37: 46107 | E37: 四 | F37: =SUM(M37,S37,U37,W37,AC37,AE37,AG37,AI37,AK37) -> 150942 | I37: 37746 | J37: =I37/$F37 -> 0.25006956 | K37: 50052 | L37: =K37/$F37 -> 0.33159757 | M37: =I37+K37 -> 87798 | N37: =M37/$F37 -> 0.58166713 | O37: 12618 | P37: =O37/$F37 -> 0.083595023 | Q37: 5646 | R37: =Q37/$F37 -> 0.037405096 | S37: =O37+Q37 -> 18264 | T37: =S37/$F37 -> 0.12100012 | U37: 3986 | V37: =U37/$F37 -> 0.026407494 | W37: 2230 | X37: =W37/$F37 -> 0.014773887 | Y37: 3169 | Z37: =Y37/$F37 -> 0.020994819 | AA37: 10603 | AB37: =AA37/$F37 -> 0.070245525 | AC37: =Y37+AA37 -> 13772 | AD37: =AC37/$F37 -> 0.091240344 | AE37: 20881 | AF37: =AE37/$F37 -> 0.1383379 | AG37: 0 | AH37: =AG37/$F37 -> 0 | AI37: 0 | AJ37: =AI37/$F37 -> 0 | AK37: 4011 | AL37: =AK37/$F37 -> 0.026573121
D38: 46108 | E38: 五 | F38: =SUM(M38,S38,U38,W38,AC38,AE38,AG38,AI38,AK38) -> 130555 | I38: 28774 | J38: =I38/$F38 -> 0.22039753 | K38: 47257 | L38: =K38/$F38 -> 0.36197005 | M38: =I38+K38 -> 76031 | N38: =M38/$F38 -> 0.58236758 | O38: 9293 | P38: =O38/$F38 -> 0.071180728 | Q38: 4386 | R38: =Q38/$F38 -> 0.033595037 | S38: =O38+Q38 -> 13679 | T38: =S38/$F38 -> 0.10477577 | U38: 3346 | V38: =U38/$F38 -> 0.025629045 | W38: 1588 | X38: =W38/$F38 -> 0.012163456 | Y38: 3134 | Z38: =Y38/$F38 -> 0.024005209 | AA38: 11341 | AB38: =AA38/$F38 -> 0.086867604 | AC38: =Y38+AA38 -> 14475 | AD38: =AC38/$F38 -> 0.11087281 | AE38: 17950 | AF38: =AE38/$F38 -> 0.13748995 | AG38: 0 | AH38: =AG38/$F38 -> 0 | AI38: 0 | AJ38: =AI38/$F38 -> 0 | AK38: 3486 | AL38: =AK38/$F38 -> 0.02670139
D39: 46109 | E39: 六 | F39: =SUM(M39,S39,U39,W39,AC39,AE39,AG39,AI39,AK39) -> 139511 | I39: 27541 | J39: =I39/$F39 -> 0.19741096 | K39: 54555 | L39: =K39/$F39 -> 0.39104443 | M39: =I39+K39 -> 82096 | N39: =M39/$F39 -> 0.58845539 | O39: 8615 | P39: =O39/$F39 -> 0.061751403 | Q39: 4208 | R39: =Q39/$F39 -> 0.030162496 | S39: =O39+Q39 -> 12823 | T39: =S39/$F39 -> 0.091913899 | U39: 3559 | V39: =U39/$F39 -> 0.025510533 | W39: 1974 | X39: =W39/$F39 -> 0.014149422 | Y39: 3576 | Z39: =Y39/$F39 -> 0.025632387 | AA39: 12605 | AB39: =AA39/$F39 -> 0.090351298 | AC39: =Y39+AA39 -> 16181 | AD39: =AC39/$F39 -> 0.11598369 | AE39: 19569 | AF39: =AE39/$F39 -> 0.14026851 | AG39: 0 | AH39: =AG39/$F39 -> 0 | AI39: 0 | AJ39: =AI39/$F39 -> 0 | AK39: 3309 | AL39: =AK39/$F39 -> 0.02371856
D40: 46110 | E40: 日 | F40: =SUM(M40,S40,U40,W40,AC40,AE40,AG40,AI40,AK40) -> 178715 | I40: 41424 | J40: =I40/$F40 -> 0.23178804 | K40: 60341 | L40: =K40/$F40 -> 0.33763814 | M40: =I40+K40 -> 101765 | N40: =M40/$F40 -> 0.56942618 | O40: 12813 | P40: =O40/$F40 -> 0.071695157 | Q40: 5387 | R40: =Q40/$F40 -> 0.030142965 | S40: =O40+Q40 -> 18200 | T40: =S40/$F40 -> 0.10183812 | U40: 4722 | V40: =U40/$F40 -> 0.026421957 | W40: 1953 | X40: =W40/$F40 -> 0.010928014 | Y40: 4046 | Z40: =Y40/$F40 -> 0.022639398 | AA40: 14966 | AB40: =AA40/$F40 -> 0.083742271 | AC40: =Y40+AA40 -> 19012 | AD40: =AC40/$F40 -> 0.10638167 | AE40: 29778 | AF40: =AE40/$F40 -> 0.16662284 | AG40: 0 | AH40: =AG40/$F40 -> 0 | AI40: 0 | AJ40: =AI40/$F40 -> 0 | AK40: 3285 | AL40: =AK40/$F40 -> 0.018381221
D41: 46111 | E41: 一 | F41: =SUM(M41,S41,U41,W41,AC41,AE41,AG41,AI41,AK41) -> 175057 | I41: 40009 | J41: =I41/$F41 -> 0.22854842 | K41: 63988 | L41: =K41/$F41 -> 0.36552666 | M41: =I41+K41 -> 103997 | N41: =M41/$F41 -> 0.59407507 | O41: 11891 | P41: =O41/$F41 -> 0.067926447 | Q41: 5401 | R41: =Q41/$F41 -> 0.030852808 | S41: =O41+Q41 -> 17292 | T41: =S41/$F41 -> 0.098779255 | U41: 4422 | V41: =U41/$F41 -> 0.025260344 | W41: 2320 | X41: =W41/$F41 -> 0.013252826 | Y41: 3955 | Z41: =Y41/$F41 -> 0.022592641 | AA41: 13862 | AB41: =AA41/$F41 -> 0.079185637 | AC41: =Y41+AA41 -> 17817 | AD41: =AC41/$F41 -> 0.10177828 | AE41: 25570 | AF41: =AE41/$F41 -> 0.14606671 | AG41: 0 | AH41: =AG41/$F41 -> 0 | AI41: 0 | AJ41: =AI41/$F41 -> 0 | AK41: 3639 | AL41: =AK41/$F41 -> 0.020787515
B42: =B35+7 -> 46120 | D42: 46112 | E42: 二 | F42: =SUM(M42,S42,U42,W42,AC42,AE42,AG42,AI42,AK42) -> 179182 | G42: =SUM(F42:F48) -> 995977 | I42: 39563 | J42: =I42/$F42 -> 0.22079785 | K42: 61872 | L42: =K42/$F42 -> 0.34530254 | M42: =I42+K42 -> 101435 | N42: =M42/$F42 -> 0.56610039 | O42: 11990 | P42: =O42/$F42 -> 0.066915204 | Q42: 5532 | R42: =Q42/$F42 -> 0.030873637 | S42: =O42+Q42 -> 17522 | T42: =S42/$F42 -> 0.09778884 | U42: 4406 | V42: =U42/$F42 -> 0.024589524 | W42: 2100 | X42: =W42/$F42 -> 0.011719927 | Y42: 3703 | Z42: =Y42/$F42 -> 0.020666138 | AA42: 13360 | AB42: =AA42/$F42 -> 0.074561061 | AC42: =Y42+AA42 -> 17063 | AD42: =AC42/$F42 -> 0.095227199 | AE42: 33080 | AF42: =AE42/$F42 -> 0.18461676 | AG42: 0 | AH42: =AG42/$F42 -> 0 | AI42: 0 | AJ42: =AI42/$F42 -> 0 | AK42: 3576 | AL42: =AK42/$F42 -> 0.019957362
D43: 46113 | E43: 三 | F43: =SUM(M43,S43,U43,W43,AC43,AE43,AG43,AI43,AK43) -> 156110 | I43: 37671 | J43: =I43/$F43 -> 0.24131061 | K43: 53228 | L43: =K43/$F43 -> 0.3409647 | M43: =I43+K43 -> 90899 | N43: =M43/$F43 -> 0.58227532 | O43: 11422 | P43: =O43/$F43 -> 0.073166357 | Q43: 5248 | R43: =Q43/$F43 -> 0.033617321 | S43: =O43+Q43 -> 16670 | T43: =S43/$F43 -> 0.10678368 | U43: 3921 | V43: =U43/$F43 -> 0.025116905 | W43: 2035 | X43: =W43/$F43 -> 0.01303568 | Y43: 3191 | Z43: =Y43/$F43 -> 0.020440715 | AA43: 9792 | AB43: =AA43/$F43 -> 0.062725002 | AC43: =Y43+AA43 -> 12983 | AD43: =AC43/$F43 -> 0.083165716 | AE43: 25933 | AF43: =AE43/$F43 -> 0.16612004 | AG43: 0 | AH43: =AG43/$F43 -> 0 | AI43: 0 | AJ43: =AI43/$F43 -> 0 | AK43: 3669 | AL43: =AK43/$F43 -> 0.023502658
D44: 46114 | E44: 四 | F44: =SUM(M44,S44,U44,W44,AC44,AE44,AG44,AI44,AK44) -> 125387 | I44: 27133 | J44: =I44/$F44 -> 0.21639404 | K44: 46135 | L44: =K44/$F44 -> 0.36794086 | M44: =I44+K44 -> 73268 | N44: =M44/$F44 -> 0.5843349 | O44: 7731 | P44: =O44/$F44 -> 0.06165711 | Q44: 4501 | R44: =Q44/$F44 -> 0.035896863 | S44: =O44+Q44 -> 12232 | T44: =S44/$F44 -> 0.097553973 | U44: 3648 | V44: =U44/$F44 -> 0.029093925 | W44: 2130 | X44: =W44/$F44 -> 0.016987407 | Y44: 2859 | Z44: =Y44/$F44 -> 0.022801407 | AA44: 8660 | AB44: =AA44/$F44 -> 0.069066171 | AC44: =Y44+AA44 -> 11519 | AD44: =AC44/$F44 -> 0.091867578 | AE44: 19281 | AF44: =AE44/$F44 -> 0.15377192 | AG44: 0 | AH44: =AG44/$F44 -> 0 | AI44: 0 | AJ44: =AI44/$F44 -> 0 | AK44: 3309 | AL44: =AK44/$F44 -> 0.026390296
D45: 46115 | E45: 五 | F45: =SUM(M45,S45,U45,W45,AC45,AE45,AG45,AI45,AK45) -> 119195 | I45: 25747 | J45: =I45/$F45 -> 0.21600738 | K45: 43064 | L45: =K45/$F45 -> 0.36129032 | M45: =I45+K45 -> 68811 | N45: =M45/$F45 -> 0.57729771 | O45: 7237 | P45: =O45/$F45 -> 0.060715634 | Q45: 4414 | R45: =Q45/$F45 -> 0.037031755 | S45: =O45+Q45 -> 11651 | T45: =S45/$F45 -> 0.097747389 | U45: 3295 | V45: =U45/$F45 -> 0.027643777 | W45: 1950 | X45: =W45/$F45 -> 0.016359747 | Y45: 2911 | Z45: =Y45/$F45 -> 0.024422165 | AA45: 10214 | AB45: =AA45/$F45 -> 0.085691514 | AC45: =Y45+AA45 -> 13125 | AD45: =AC45/$F45 -> 0.11011368 | AE45: 16976 | AF45: =AE45/$F45 -> 0.14242208 | AG45: 0 | AH45: =AG45/$F45 -> 0 | AI45: 0 | AJ45: =AI45/$F45 -> 0 | AK45: 3387 | AL45: =AK45/$F45 -> 0.028415621
D46: 46116 | E46: 六 | F46: =SUM(M46,S46,U46,W46,AC46,AE46,AG46,AI46,AK46) -> 114970 | I46: 24260 | J46: =I46/$F46 -> 0.21101157 | K46: 41153 | L46: =K46/$F46 -> 0.35794555 | M46: =I46+K46 -> 65413 | N46: =M46/$F46 -> 0.56895712 | O46: 6856 | P46: =O46/$F46 -> 0.059632948 | Q46: 4201 | R46: =Q46/$F46 -> 0.036539967 | S46: =O46+Q46 -> 11057 | T46: =S46/$F46 -> 0.096172915 | U46: 3268 | V46: =U46/$F46 -> 0.028424806 | W46: 2046 | X46: =W46/$F46 -> 0.017795947 | Y46: 3158 | Z46: =Y46/$F46 -> 0.027468035 | AA46: 9944 | AB46: =AA46/$F46 -> 0.086492128 | AC46: =Y46+AA46 -> 13102 | AD46: =AC46/$F46 -> 0.11396016 | AE46: 17210 | AF46: =AE46/$F46 -> 0.14969122 | AG46: 0 | AH46: =AG46/$F46 -> 0 | AI46: 0 | AJ46: =AI46/$F46 -> 0 | AK46: 2874 | AL46: =AK46/$F46 -> 0.024997826
D47: 46117 | E47: 日 | F47: =SUM(M47,S47,U47,W47,AC47,AE47,AG47,AI47,AK47) -> 129122 | I47: 25018 | J47: =I47/$F47 -> 0.19375474 | K47: 50126 | L47: =K47/$F47 -> 0.3882065 | M47: =I47+K47 -> 75144 | N47: =M47/$F47 -> 0.58196125 | O47: 7276 | P47: =O47/$F47 -> 0.056349809 | Q47: 4599 | R47: =Q47/$F47 -> 0.035617478 | S47: =O47+Q47 -> 11875 | T47: =S47/$F47 -> 0.091967287 | U47: 3281 | V47: =U47/$F47 -> 0.025410077 | W47: 1678 | X47: =W47/$F47 -> 0.012995462 | Y47: 3244 | Z47: =Y47/$F47 -> 0.025123527 | AA47: 12878 | AB47: =AA47/$F47 -> 0.099735134 | AC47: =Y47+AA47 -> 16122 | AD47: =AC47/$F47 -> 0.12485866 | AE47: 18574 | AF47: =AE47/$F47 -> 0.14384845 | AG47: 0 | AH47: =AG47/$F47 -> 0 | AI47: 0 | AJ47: =AI47/$F47 -> 0 | AK47: 2448 | AL47: =AK47/$F47 -> 0.018958814
D48: 46118 | E48: 一 | F48: =SUM(M48,S48,U48,W48,AC48,AE48,AG48,AI48,AK48) -> 172011 | I48: 38598 | J48: =I48/$F48 -> 0.22439263 | K48: 63604 | L48: =K48/$F48 -> 0.36976705 | M48: =I48+K48 -> 102202 | N48: =M48/$F48 -> 0.59415968 | O48: 10406 | P48: =O48/$F48 -> 0.060496131 | Q48: 1439 | R48: =Q48/$F48 -> 0.0083657441 | S48: =O48+Q48 -> 11845 | T48: =S48/$F48 -> 0.068861875 | U48: 4158 | V48: =U48/$F48 -> 0.024172873 | W48: 2066 | X48: =W48/$F48 -> 0.01201086 | Y48: 4119 | Z48: =Y48/$F48 -> 0.023946143 | AA48: 14276 | AB48: =AA48/$F48 -> 0.082994692 | AC48: =Y48+AA48 -> 18395 | AD48: =AC48/$F48 -> 0.10694084 | AE48: 29946 | AF48: =AE48/$F48 -> 0.17409352 | AG48: 0 | AH48: =AG48/$F48 -> 0 | AI48: 0 | AJ48: =AI48/$F48 -> 0 | AK48: 3399 | AL48: =AK48/$F48 -> 0.019760364

Sheet （５-1）品群別人時生產性(18℃-飯糰)
B1: 3月平均人時性 | C1: =AVERAGE(L45,L83,L121,L159) -> 757.59042
B2: 產線配置圖－每週更新(0224-0302) | N2: 資料繳交 | O2: 日期 | P2: 46077 | U2: =P2+1 -> 46078 | Z2: =U2+1 -> 46079 | AE2: =Z2+1 -> 46080 | AJ2: =AE2+1 -> 46081 | AO2: =AJ2+1 -> 46082 | AT2: =AO2+1 -> 46083
P3: =P2 -> 46077 | U3: =U2 -> 46078 | Z3: =Z2 -> 46079 | AE3: =AE2 -> 46080 | AJ3: =AJ2 -> 46081 | AO3: =AO2 -> 46082 | AT3: =AT2 -> 46083
B4: 品群 | C4: 商品名稱 | E4: 計畫 | H4: 平均人時性 | I4: 實績 (週平均) | L4: 平均人時性 | M4: 排名 | O4: 日報 | P4: 實際 | T4: 平均人時性 | U4: 實際 | Y4: 平均人時性 | Z4: 實際 | AD4: 平均人時性 | AE4: 實際 | AI4: 平均人時性 | AJ4: 實際 | AN4: 平均人時性 | AO4: 實際 | AS4: 平均人時性 | AT4: 實際 | AX4: 平均人時性
E5: 產線配置圖 | I5: 產線配置圖 | P5: 生產實績 | U5: 生產實績 | Z5: 生產實績 | AE5: 生產實績 | AJ5: 生產實績 | AO5: 生產實績 | AT5: 生產實績
E6: 人數 | F6: 產能／時 | G6: 人時性 | I6: 人數 | J6: 產能／時 | K6: 人時性 | P6: 人數 | Q6: 產能／時 | R6: 人時性 | S6: 排名 | U6: 人數 | V6: 產能／時 | W6: 人時性 | X6: 排名 | Z6: 人數 | AA6: 產能／時 | AB6: 人時性 | AC6: 排名 | AE6: 人數 | AF6: 產能／時 | AG6: 人時性 | AH6: 排名 | AJ6: 人數 | AK6: 產能／時 | AL6: 人時性 | AM6: 排名 | AO6: 人數 | AP6: 產能／時 | AQ6: 人時性 | AR6: 排名 | AT6: 人數 | AU6: 產能／時 | AV6: 人時性 | AW6: 排名
B7: 18℃-飯糰 | C7: 1 | D7: 一配鹽蔥燒肉飯糰 | E7: 4 | F7: 3300 | G7: =F7/E7 -> 825 | H7: =AVERAGE(G7:G39) -> 869.33333 | I7: =AVERAGE(P7,U7,Z7,AE7,AJ7,AO7,AT7) -> 4 | J7: =AVERAGE(Q7,V7,AA7,AF7,AK7,AP7,AU7) -> 2962.302 | K7: =AVERAGE(R7,W7,AB7,AG7,AL7,AQ7,AV7) -> 740.57551 | L7: =IFERROR(AVERAGE(K7:K39),"-") -> 770.91906 | M7: =RANK(K7, K$7:$K$39) -> 16 | P7: 4 | Q7: 2961.6642 | R7: =IFERROR(Q7/P7,"") -> 740.41605 | S7: =RANK(R7, R$7:R$39) -> 16 | T7: =AVERAGE(R7:R39) -> 776.09341 | U7: 4 | V7: 2961.8428 | W7: =IFERROR(V7/U7,"") -> 740.46069 | X7: =RANK(W7, W$7:W$39) -> 16 | Y7: =AVERAGE(W7:W39) -> 776.16964 | Z7: 4 | AA7: 2961.9938 | AB7: =IFERROR(AA7/Z7,"") -> 740.49844 | AC7: =RANK(AB7, AB$7:AB$39) -> 16 | AD7: =AVERAGE(AB7:AB39) -> 776.34173 | AE7: 4 | AF7: 2962.1739 | AG7: =IFERROR(AF7/AE7,"") -> 740.54348 | AH7: =RANK(AG7, AG$7:AG$39) -> 17 | AI7: =AVERAGE(AG7:AG39) -> 776.65641 | AJ7: 4 | AK7: 2962.8435 | AL7: =IFERROR(AK7/AJ7,"") -> 740.71088 | AM7: =RANK(AL7, AL$7:AL$39) -> 16 | AN7: =AVERAGE(AL7:AL39) -> 776.78819 | AO7: 4 | AP7: 2962.8099 | AQ7: =IFERROR(AP7/AO7,"") -> 740.70248 | AR7: =RANK(AQ7, AQ$7:AQ$39) -> 16 | AS7: =AVERAGE(AQ7:AQ39) -> 776.73268 | AT7: 4 | AU7: 2962.7863 | AV7: =IFERROR(AU7/AT7,"") -> 740.69656 | AW7: =RANK(AV7, AV$7:AV$39) -> 16 | AX7: =AVERAGE(AV7:AV39) -> 771.19593
C8: 2 | D8: 一配鮪魚飯糰 | E8: 3 | F8: 3600 | G8: =F8/E8 -> 1200 | I8: =AVERAGE(P8,U8,Z8,AE8,AJ8,AO8,AT8) -> 3 | J8: =AVERAGE(Q8,V8,AA8,AF8,AK8,AP8,AU8) -> 3144.2648 | K8: =AVERAGE(R8,W8,AB8,AG8,AL8,AQ8,AV8) -> 1048.0883 | M8: =RANK(K8, K$7:$K$39) -> 6 | P8: 3 | Q8: 3139.9438 | R8: =IFERROR(Q8/P8,"") -> 1046.6479 | S8: =RANK(R8, R$7:R$39) -> 6 | U8: 3 | V8: 3140.1227 | W8: =IFERROR(V8/U8,"") -> 1046.7076 | X8: =RANK(W8, W$7:W$39) -> 6 | Z8: 3 | AA8: 3141.3048 | AB8: =IFERROR(AA8/Z8,"") -> 1047.1016 | AC8: =RANK(AB8, AB$7:AB$39) -> 6 | AE8: 3 | AF8: 3146.7729 | AG8: =IFERROR(AF8/AE8,"") -> 1048.9243 | AH8: =RANK(AG8, AG$7:AG$39) -> 3 | AJ8: 3 | AK8: 3147.0732 | AL8: =IFERROR(AK8/AJ8,"") -> 1049.0244 | AM8: =RANK(AL8, AL$7:AL$39) -> 3 | AO8: 3 | AP8: 3147.2485 | AQ8: =IFERROR(AP8/AO8,"") -> 1049.0828 | AR8: =RANK(AQ8, AQ$7:AQ$39) -> 3 | AT8: 3 | AU8: 3147.3879 | AV8: =IFERROR(AU8/AT8,"") -> 1049.1293 | AW8: =RANK(AV8, AV$7:AV$39) -> 3
C9: 3 | D9: 一配雞肉飯飯糰 | E9: 4 | F9: 3300 | G9: =F9/E9 -> 825 | I9: =AVERAGE(P9,U9,Z9,AE9,AJ9,AO9,AT9) -> 4 | J9: =AVERAGE(Q9,V9,AA9,AF9,AK9,AP9,AU9) -> 2963.9546 | K9: =AVERAGE(R9,W9,AB9,AG9,AL9,AQ9,AV9) -> 740.98865 | M9: =RANK(K9, K$7:$K$39) -> 15 | P9: 4 | Q9: 2963.5765 | R9: =IFERROR(Q9/P9,"") -> 740.89412 | S9: =RANK(R9, R$7:R$39) -> 15 | U9: 4 | V9: 2963.697 | W9: =IFERROR(V9/U9,"") -> 740.92425 | X9: =RANK(W9, W$7:W$39) -> 15 | Z9: 4 | AA9: 2963.762 | AB9: =IFERROR(AA9/Z9,"") -> 740.94049 | AC9: =RANK(AB9, AB$7:AB$39) -> 15 | AE9: 4 | AF9: 2964.1667 | AG9: =IFERROR(AF9/AE9,"") -> 741.04167 | AH9: =RANK(AG9, AG$7:AG$39) -> 15 | AJ9: 4 | AK9: 2964.2589 | AL9: =IFERROR(AK9/AJ9,"") -> 741.06473 | AM9: =RANK(AL9, AL$7:AL$39) -> 15 | AO9: 4 | AP9: 2964.0614 | AQ9: =IFERROR(AP9/AO9,"") -> 741.01535 | AR9: =RANK(AQ9, AQ$7:AQ$39) -> 15 | AT9: 4 | AU9: 2964.1599 | AV9: =IFERROR(AU9/AT9,"") -> 741.03997 | AW9: =RANK(AV9, AV$7:AV$39) -> 15
C10: 4 | D10: 一配壹號醬炙烤牛飯糰 | E10: 5 | F10: 3300 | G10: =F10/E10 -> 660 | I10: =AVERAGE(P10,U10,Z10,AE10,AJ10,AO10,AT10) -> 5 | J10: =AVERAGE(Q10,V10,AA10,AF10,AK10,AP10,AU10) -> 2967.1611 | K10: =AVERAGE(R10,W10,AB10,AG10,AL10,AQ10,AV10) -> 593.43222 | M10: =RANK(K10, K$7:$K$39) -> 25 | P10: 5 | Q10: 2966.0819 | R10: =IFERROR(Q10/P10,"") -> 593.21637 | S10: =RANK(R10, R$7:R$39) -> 24 | U10: 5 | V10: 2966.381 | W10: =IFERROR(V10/U10,"") -> 593.2762 | X10: =RANK(W10, W$7:W$39) -> 25 | Z10: 5 | AA10: 2967.5214 | AB10: =IFERROR(AA10/Z10,"") -> 593.50427 | AC10: =RANK(AB10, AB$7:AB$39) -> 24 | AE10: 5 | AF10: 2968.1043 | AG10: =IFERROR(AF10/AE10,"") -> 593.62086 | AH10: =RANK(AG10, AG$7:AG$39) -> 24 | AJ10: 5 | AK10: 2969.7219 | AL10: =IFERROR(AK10/AJ10,"") -> 593.94439 | AM10: =RANK(AL10, AL$7:AL$39) -> 24 | AO10: 5 | AP10: 2965.3631 | AQ10: =IFERROR(AP10/AO10,"") -> 593.07263 | AR10: =RANK(AQ10, AQ$7:AQ$39) -> 25 | AT10: 5 | AU10: 2966.9542 | AV10: =IFERROR(AU10/AT10,"") -> 593.39084 | AW10: =RANK(AV10, AV$7:AV$39) -> 26
C11: 5 | D11: 一配明太子龍蝦風味沙拉飯糰 | E11: 3 | F11: 3600 | G11: =F11/E11 -> 1200 | I11: =AVERAGE(P11,U11,Z11,AE11,AJ11,AO11,AT11) -> 3 | J11: =AVERAGE(Q11,V11,AA11,AF11,AK11,AP11,AU11) -> 3144.8244 | K11: =AVERAGE(R11,W11,AB11,AG11,AL11,AQ11,AV11) -> 1048.2748 | M11: =RANK(K11, K$7:$K$39) -> 5 | P11: 3 | Q11: 3142.663 | R11: =IFERROR(Q11/P11,"") -> 1047.5543 | S11: =RANK(R11, R$7:R$39) -> 3 | U11: 3 | V11: 3143.3299 | W11: =IFERROR(V11/U11,"") -> 1047.7766 | X11: =RANK(W11, W$7:W$39) -> 3 | Z11: 3 | AA11: 3144.239 | AB11: =IFERROR(AA11/Z11,"") -> 1048.0797 | AC11: =RANK(AB11, AB$7:AB$39) -> 4 | AE11: 3 | AF11: 3145.3195 | AG11: =IFERROR(AF11/AE11,"") -> 1048.4398 | AH11: =RANK(AG11, AG$7:AG$39) -> 6 | AJ11: 3 | AK11: 3146.2482 | AL11: =IFERROR(AK11/AJ11,"") -> 1048.7494 | AM11: =RANK(AL11, AL$7:AL$39) -> 5 | AO11: 3 | AP11: 3145.8532 | AQ11: =IFERROR(AP11/AO11,"") -> 1048.6177 | AR11: =RANK(AQ11, AQ$7:AQ$39) -> 5 | AT11: 3 | AU11: 3146.1181 | AV11: =IFERROR(AU11/AT11,"") -> 1048.706 | AW11: =RANK(AV11, AV$7:AV$39) -> 5
C12: 6 | D12: 一配贅沢鮭魚肚飯糰 | E12: 3 | F12: 3000 | G12: =F12/E12 -> 1000 | I12: =AVERAGE(P12,U12,Z12,AE12,AJ12,AO12,AT12) -> 3 | J12: =AVERAGE(Q12,V12,AA12,AF12,AK12,AP12,AU12) -> 2693.168 | K12: =AVERAGE(R12,W12,AB12,AG12,AL12,AQ12,AV12) -> 897.72267 | M12: =RANK(K12, K$7:$K$39) -> 10 | P12: 3 | Q12: 2692.3636 | R12: =IFERROR(Q12/P12,"") -> 897.45455 | S12: =RANK(R12, R$7:R$39) -> 11 | U12: 3 | V12: 2692.5954 | W12: =IFERROR(V12/U12,"") -> 897.53179 | X12: =RANK(W12, W$7:W$39) -> 11 | Z12: 3 | AA12: 2693.2423 | AB12: =IFERROR(AA12/Z12,"") -> 897.74744 | AC12: =RANK(AB12, AB$7:AB$39) -> 10 | AE12: 3 | AF12: 2693.6261 | AG12: =IFERROR(AF12/AE12,"") -> 897.87535 | AH12: =RANK(AG12, AG$7:AG$39) -> 10 | AJ12: 3 | AK12: 2693.3726 | AL12: =IFERROR(AK12/AJ12,"") -> 897.79087 | AM12: =RANK(AL12, AL$7:AL$39) -> 10 | AO12: 3 | AP12: 2693.4336 | AQ12: =IFERROR(AP12/AO12,"") -> 897.81119 | AR12: =RANK(AQ12, AQ$7:AQ$39) -> 10 | AT12: 3 | AU12: 2693.5426 | AV12: =IFERROR(AU12/AT12,"") -> 897.84753 | AW12: =RANK(AV12, AV$7:AV$39) -> 10
C13: 7 | D13: 一配蔬食鮪魚飯糰 | E13: 3 | F13: 3600 | G13: =F13/E13 -> 1200 | I13: =AVERAGE(P13,U13,Z13,AE13,AJ13,AO13,AT13) -> 3 | J13: =AVERAGE(Q13,V13,AA13,AF13,AK13,AP13,AU13) -> 3144.8671 | K13: =AVERAGE(R13,W13,AB13,AG13,AL13,AQ13,AV13) -> 1048.289 | M13: =RANK(K13, K$7:$K$39) -> 4 | P13: 3 | Q13: 3144 | R13: =IFERROR(Q13/P13,"") -> 1048 | S13: =RANK(R13, R$7:R$39) -> 2 | U13: 3 | V13: 3143.6261 | W13: =IFERROR(V13/U13,"") -> 1047.8754 | X13: =RANK(W13, W$7:W$39) -> 2 | Z13: 3 | AA13: 3144.6215 | AB13: =IFERROR(AA13/Z13,"") -> 1048.2072 | AC13: =RANK(AB13, AB$7:AB$39) -> 3 | AE13: 3 | AF13: 3145.6684 | AG13: =IFERROR(AF13/AE13,"") -> 1048.5561 | AH13: =RANK(AG13, AG$7:AG$39) -> 5 | AJ13: 3 | AK13: 3145.6684 | AL13: =IFERROR(AK13/AJ13,"") -> 1048.5561 | AM13: =RANK(AL13, AL$7:AL$39) -> 6 | AO13: 3 | AP13: 3145.0677 | AQ13: =IFERROR(AP13/AO13,"") -> 1048.3559 | AR13: =RANK(AQ13, AQ$7:AQ$39) -> 6 | AT13: 3 | AU13: 3145.4175 | AV13: =IFERROR(AU13/AT13,"") -> 1048.4725 | AW13: =RANK(AV13, AV$7:AV$39) -> 6
C14: 8 | D14: 一配熟成紅鮭飯糰 | E14: 4 | F14: 3300 | G14: =F14/E14 -> 825 | I14: =AVERAGE(P14,U14,Z14,AE14,AJ14,AO14,AT14) -> 4 | J14: =AVERAGE(Q14,V14,AA14,AF14,AK14,AP14,AU14) -> 2932.9873 | K14: =AVERAGE(R14,W14,AB14,AG14,AL14,AQ14,AV14) -> 733.24683 | M14: =RANK(K14, K$7:$K$39) -> 19 | P14: 4 | Q14: 2929.0258 | R14: =IFERROR(Q14/P14,"") -> 732.25646 | S14: =RANK(R14, R$7:R$39) -> 21 | U14: 4 | V14: 2929.7778 | W14: =IFERROR(V14/U14,"") -> 732.44444 | X14: =RANK(W14, W$7:W$39) -> 21 | Z14: 4 | AA14: 2934.0711 | AB14: =IFERROR(AA14/Z14,"") -> 733.51779 | AC14: =RANK(AB14, AB$7:AB$39) -> 19 | AE14: 4 | AF14: 2933.7759 | AG14: =IFERROR(AF14/AE14,"") -> 733.44398 | AH14: =RANK(AG14, AG$7:AG$39) -> 19 | AJ14: 4 | AK14: 2935.0126 | AL14: =IFERROR(AK14/AJ14,"") -> 733.75315 | AM14: =RANK(AL14, AL$7:AL$39) -> 19 | AO14: 4 | AP14: 2934.692 | AQ14: =IFERROR(AP14/AO14,"") -> 733.673 | AR14: =RANK(AQ14, AQ$7:AQ$39) -> 18 | AT14: 4 | AU14: 2934.556 | AV14: =IFERROR(AU14/AT14,"") -> 733.639 | AW14: =RANK(AV14, AV$7:AV$39) -> 19
C15: 9 | D15: 一配北海道秋鮭親子飯糰 | E15: 4 | F15: 3300 | G15: =F15/E15 -> 825 | I15: =AVERAGE(P15,U15,Z15,AE15,AJ15,AO15,AT15) -> 4 | J15: =AVERAGE(Q15,V15,AA15,AF15,AK15,AP15,AU15) -> 2932.9634 | K15: =AVERAGE(R15,W15,AB15,AG15,AL15,AQ15,AV15) -> 733.24085 | M15: =RANK(K15, K$7:$K$39) -> 20 | P15: 4 | Q15: 2931.4708 | R15: =IFERROR(Q15/P15,"") -> 732.86771 | S15: =RANK(R15, R$7:R$39) -> 19 | U15: 4 | V15: 2932.0801 | W15: =IFERROR(V15/U15,"") -> 733.02002 | X15: =RANK(W15, W$7:W$39) -> 19 | Z15: 4 | AA15: 2933.4112 | AB15: =IFERROR(AA15/Z15,"") -> 733.3528 | AC15: =RANK(AB15, AB$7:AB$39) -> 20 | AE15: 4 | AF15: 2933.3333 | AG15: =IFERROR(AF15/AE15,"") -> 733.33333 | AH15: =RANK(AG15, AG$7:AG$39) -> 20 | AJ15: 4 | AK15: 2933.5793 | AL15: =IFERROR(AK15/AJ15,"") -> 733.39483 | AM15: =RANK(AL15, AL$7:AL$39) -> 20 | AO15: 4 | AP15: 2933.6406 | AQ15: =IFERROR(AP15/AO15,"") -> 733.41014 | AR15: =RANK(AQ15, AQ$7:AQ$39) -> 20 | AT15: 4 | AU15: 2933.2285 | AV15: =IFERROR(AU15/AT15,"") -> 733.30712 | AW15: =RANK(AV15, AV$7:AV$39) -> 21
C16: 10 | D16: 一配照燒雞肉飯糰 | E16: 4 | F16: 3300 | G16: =F16/E16 -> 825 | I16: =AVERAGE(P16,U16,Z16,AE16,AJ16,AO16,AT16) -> 4 | J16: =AVERAGE(Q16,V16,AA16,AF16,AK16,AP16,AU16) -> 2966.9897 | K16: =AVERAGE(R16,W16,AB16,AG16,AL16,AQ16,AV16) -> 741.74743 | M16: =RANK(K16, K$7:$K$39) -> 12 | P16: 4 | Q16: 2965.3725 | R16: =IFERROR(Q16/P16,"") -> 741.34313 | S16: =RANK(R16, R$7:R$39) -> 12 | U16: 4 | V16: 2965.9416 | W16: =IFERROR(V16/U16,"") -> 741.48541 | X16: =RANK(W16, W$7:W$39) -> 12 | Z16: 4 | AA16: 2967.3062 | AB16: =IFERROR(AA16/Z16,"") -> 741.82655 | AC16: =RANK(AB16, AB$7:AB$39) -> 12 | AE16: 4 | AF16: 2967.7626 | AG16: =IFERROR(AF16/AE16,"") -> 741.94066 | AH16: =RANK(AG16, AG$7:AG$39) -> 12 | AJ16: 4 | AK16: 2967.2905 | AL16: =IFERROR(AK16/AJ16,"") -> 741.82262 | AM16: =RANK(AL16, AL$7:AL$39) -> 13 | AO16: 4 | AP16: 2966.9941 | AQ16: =IFERROR(AP16/AO16,"") -> 741.74853 | AR16: =RANK(AQ16, AQ$7:AQ$39) -> 12 | AT16: 4 | AU16: 2968.2604 | AV16: =IFERROR(AU16/AT16,"") -> 742.06511 | AW16: =RANK(AV16, AV$7:AV$39) -> 12
C17: 11 | D17: 一配經典肉鬆飯糰 | E17: 3 | F17: 3000 | G17: =F17/E17 -> 1000 | I17: =AVERAGE(P17,U17,Z17,AE17,AJ17,AO17,AT17) -> 3 | J17: =AVERAGE(Q17,V17,AA17,AF17,AK17,AP17,AU17) -> 2693.1023 | K17: =AVERAGE(R17,W17,AB17,AG17,AL17,AQ17,AV17) -> 897.70076 | M17: =RANK(K17, K$7:$K$39) -> 11 | P17: 3 | Q17: 2692.8454 | R17: =IFERROR(Q17/P17,"") -> 897.61512 | S17: =RANK(R17, R$7:R$39) -> 10 | U17: 3 | V17: 2692.9526 | W17: =IFERROR(V17/U17,"") -> 897.65085 | X17: =RANK(W17, W$7:W$39) -> 10 | Z17: 3 | AA17: 2692.9613 | AB17: =IFERROR(AA17/Z17,"") -> 897.65377 | AC17: =RANK(AB17, AB$7:AB$39) -> 11 | AE17: 3 | AF17: 2693.0448 | AG17: =IFERROR(AF17/AE17,"") -> 897.68161 | AH17: =RANK(AG17, AG$7:AG$39) -> 11 | AJ17: 3 | AK17: 2693.2912 | AL17: =IFERROR(AK17/AJ17,"") -> 897.76372 | AM17: =RANK(AL17, AL$7:AL$39) -> 11 | AO17: 3 | AP17: 2693.2497 | AQ17: =IFERROR(AP17/AO17,"") -> 897.7499 | AR17: =RANK(AQ17, AQ$7:AQ$39) -> 11 | AT17: 3 | AU17: 2693.3711 | AV17: =IFERROR(AU17/AT17,"") -> 897.79037 | AW17: =RANK(AV17, AV$7:AV$39) -> 11
C18: 12 | D18: 一配兩粒飯糰(鮪魚.焦糖鮭魚) | E18: 12 | F18: 3600 | G18: =F18/E18 -> 300 | I18: =AVERAGE(P18,U18,Z18,AE18,AJ18,AO18,AT18) -> 12 | J18: =AVERAGE(Q18,V18,AA18,AF18,AK18,AP18,AU18) -> 3126.1142 | K18: =AVERAGE(R18,W18,AB18,AG18,AL18,AQ18,AV18) -> 260.50952 | M18: =RANK(K18, K$7:$K$39) -> 29 | P18: 12 | Q18: 3125.7051 | R18: =IFERROR(Q18/P18,"") -> 260.47542 | S18: =RANK(R18, R$7:R$39) -> 29 | U18: 12 | V18: 3125.7664 | W18: =IFERROR(V18/U18,"") -> 260.48053 | X18: =RANK(W18, W$7:W$39) -> 28 | Z18: 12 | AA18: 3126.3682 | AB18: =IFERROR(AA18/Z18,"") -> 260.53068 | AC18: =RANK(AB18, AB$7:AB$39) -> 28 | AE18: 12 | AF18: 3126.5353 | AG18: =IFERROR(AF18/AE18,"") -> 260.54461 | AH18: =RANK(AG18, AG$7:AG$39) -> 28 | AJ18: 12 | AK18: 3128.1451 | AL18: =IFERROR(AK18/AJ18,"") -> 260.67876 | AM18: =RANK(AL18, AL$7:AL$39) -> 28 | AO18: 12 | AP18: 3125.2595 | AQ18: =IFERROR(AP18/AO18,"") -> 260.43829 | AR18: =RANK(AQ18, AQ$7:AQ$39) -> 28 | AT18: 12 | AU18: 3125.0201 | AV18: =IFERROR(AU18/AT18,"") -> 260.41834 | AW18: =RANK(AV18, AV$7:AV$39) -> 29
C19: 13 | D19: 一配鮭魚奶油醬油飯糰 | E19: 3 | F19: 3300 | G19: =F19/E19 -> 1100 | I19: =AVERAGE(P19,U19,Z19,AE19,AJ19,AO19,AT19) -> 3 | J19: =AVERAGE(Q19,V19,AA19,AF19,AK19,AP19,AU19) -> 2962.0825 | K19: =AVERAGE(R19,W19,AB19,AG19,AL19,AQ19,AV19) -> 987.36082 | M19: =RANK(K19, K$7:$K$39) -> 8 | P19: 3 | Q19: 2959.7182 | R19: =IFERROR(Q19/P19,"") -> 986.57275 | S19: =RANK(R19, R$7:R$39) -> 8 | U19: 3 | V19: 2959.9634 | W19: =IFERROR(V19/U19,"") -> 986.65448 | X19: =RANK(W19, W$7:W$39) -> 8 | Z19: 3 | AA19: 2959.4619 | AB19: =IFERROR(AA19/Z19,"") -> 986.48731 | AC19: =RANK(AB19, AB$7:AB$39) -> 8 | AE19: 3 | AF19: 2963.3039 | AG19: =IFERROR(AF19/AE19,"") -> 987.76797 | AH19: =RANK(AG19, AG$7:AG$39) -> 8 | AJ19: 3 | AK19: 2964.004 | AL19: =IFERROR(AK19/AJ19,"") -> 988.00133 | AM19: =RANK(AL19, AL$7:AL$39) -> 8 | AO19: 3 | AP19: 2964.2303 | AQ19: =IFERROR(AP19/AO19,"") -> 988.07677 | AR19: =RANK(AQ19, AQ$7:AQ$39) -> 8 | AT19: 3 | AU19: 2963.8954 | AV19: =IFERROR(AU19/AT19,"") -> 987.96513 | AW19: =RANK(AV19, AV$7:AV$39) -> 8
... C35: 29 | D35: 二配兩粒飯糰(鮪魚.焦糖鮭魚) | E35: 12 | F35: 3600 | G35: =F35/E35 -> 300 | I35: =AVERAGE(P35,U35,Z35,AE35,AJ35,AO35,AT35) -> 12 | J35: =AVERAGE(Q35,V35,AA35,AF35,AK35,AP35,AU35) -> 3124.733 | K35: =AVERAGE(R35,W35,AB35,AG35,AL35,AQ35,AV35) -> 260.39442 | M35: =RANK(K35, K$7:$K$39) -> 30 | P35: 12 | Q35: 3126.056 | R35: =IFERROR(Q35/P35,"") -> 260.50466 | S35: =RANK(R35, R$7:R$39) -> 28 | U35: 12 | V35: 3125.2747 | W35: =IFERROR(V35/U35,"") -> 260.43956 | X35: =RANK(W35, W$7:W$39) -> 29 | Z35: 12 | AA35: 3124.5763 | AB35: =IFERROR(AA35/Z35,"") -> 260.38136 | AC35: =RANK(AB35, AB$7:AB$39) -> 29 | AE35: 12 | AF35: 3123.7958 | AG35: =IFERROR(AF35/AE35,"") -> 260.31632 | AH35: =RANK(AG35, AG$7:AG$39) -> 29 | AJ35: 12 | AK35: 3124.3243 | AL35: =IFERROR(AK35/AJ35,"") -> 260.36036 | AM35: =RANK(AL35, AL$7:AL$39) -> 29 | AO35: 12 | AP35: 3124.2718 | AQ35: =IFERROR(AP35/AO35,"") -> 260.35599 | AR35: =RANK(AQ35, AQ$7:AQ$39) -> 29 | AT35: 12 | AU35: 3124.8322 | AV35: =IFERROR(AU35/AT35,"") -> 260.40268 | AW35: =RANK(AV35, AV$7:AV$39) -> 30
C36: 30 | D36: 二配大飯糰鮪魚昆布 | E36: 4 | F36: 3000 | G36: =F36/E36 -> 750 | I36: =AVERAGE(P36,U36,Z36,AE36,AJ36,AO36,AT36) -> 4 | J36: =AVERAGE(Q36,V36,AA36,AF36,AK36,AP36,AU36) -> 2434.9631 | K36: =AVERAGE(R36,W36,AB36,AG36,AL36,AQ36,AV36) -> 608.74078 | M36: =RANK(K36, K$7:$K$39) -> 24 | AT36: 4 | AU36: 2434.9631 | AV36: =IFERROR(AU36/AT36,"") -> 608.74078 | AW36: =RANK(AV36, AV$7:AV$39) -> 24
C37: 31
C38: 32
C39: 33
B40: 產線配置圖－每週更新(0303-0309) | N40: 資料繳交 | O40: 日期 | P40: 46084 | U40: 46085 | Z40: 46086 | AE40: 46087 | AJ40: 46088 | AO40: 46089 | AT40: 46090
P41: 46084 | U41: 46085 | Z41: 46086 | AE41: 46087 | AJ41: 46088 | AO41: 46089 | AT41: 46090
B42: 品群 | C42: 商品名稱 | E42: 計畫 | H42: 平均人時性 | I42: 實績 (週平均) | L42: 平均人時性 | M42: 排名 | O42: 日報 | P42: 實際 | T42: 平均人時性 | U42: 實際 | Y42: 平均人時性 | Z42: 實際 | AD42: 平均人時性 | AE42: 實際 | AI42: 平均人時性 | AJ42: 實際 | AN42: 平均人時性 | AO42: 實際 | AS42: 平均人時性 | AT42: 實際 | AX42: 平均人時性
E43: 產線配置圖 | I43: 產線配置圖 | P43: 生產實績 | U43: 生產實績 | Z43: 生產實績 | AE43: 生產實績 | AJ43: 生產實績 | AO43: 生產實績 | AT43: 生產實績
E44: 人數 | F44: 產能／時 | G44: 人時性 | I44: 人數 | J44: 產能／時 | K44: 人時性 | P44: 人數 | Q44: 產能／時 | R44: 人時性 | S44: 排名 | U44: 人數 | V44: 產能／時 | W44: 人時性 | X44: 排名 | Z44: 人數 | AA44: 產能／時 | AB44: 人時性 | AC44: 排名 | AE44: 人數 | AF44: 產能／時 | AG44: 人時性 | AH44: 排名 | AJ44: 人數 | AK44: 產能／時 | AL44: 人時性 | AM44: 排名 | AO44: 人數 | AP44: 產能／時 | AQ44: 人時性 | AR44: 排名 | AT44: 人數 | AU44: 產能／時 | AV44: 人時性 | AW44: 排名
B45: 18℃-飯糰 | C45: 1 | D45: 一配鹽蔥燒肉飯糰 | E45: 4 | F45: 3600 | G45: =F45/E45 -> 900 | H45: =AVERAGE(G45:G77) -> 867.33333 | I45: =AVERAGE(P45,U45,Z45,AE45,AJ45,AO45,AT45) -> 4 | J45: =AVERAGE(Q45,V45,AA45,AF45,AK45,AP45,AU45) -> 3167.3799 | K45: =AVERAGE(R45,W45,AB45,AG45,AL45,AQ45,AV45) -> 791.84499 | L45: =IFERROR(AVERAGE(K45:K77),"-") -> 770.4937 | M45: =RANK(K45, K$45:$K$77) -> 12 | P45: 4 | Q45: 3154.4118 | R45: =IFERROR(Q45/P45,"") -> 788.60294 | S45: =RANK(R45, R$45:R$77) -> 12 | T45: =AVERAGE(R45:R77) -> 767.73672 | U45: 4 | V45: 3168.9474 | W45: =IFERROR(V45/U45,"") -> 792.23684 | X45: =RANK(W45, W$45:W$77) -> 12 | Y45: =AVERAGE(W45:W77) -> 769.64675 | Z45: 4 | AA45: 3169.5544 | AB45: =IFERROR(AA45/Z45,"") -> 792.3886 | AC45: =RANK(AB45, AB$45:AB$77) -> 12 | AD45: =AVERAGE(AB45:AB77) -> 770.15029 | AE45: 4 | AF45: 3169.1847 | AG45: =IFERROR(AF45/AE45,"") -> 792.29619 | AH45: =RANK(AG45, AG$45:AG$77) -> 12 | AI45: =AVERAGE(AG45:AG77) -> 770.63082 | AJ45: 4 | AK45: 3169.8476 | AL45: =IFERROR(AK45/AJ45,"") -> 792.46191 | AM45: =RANK(AL45, AL$45:AL$77) -> 12 | AN45: =AVERAGE(AL45:AL77) -> 771.04796 | AO45: 4 | AP45: 3169.7319 | AQ45: =IFERROR(AP45/AO45,"") -> 792.43297 | AR45: =RANK(AQ45, AQ$45:AQ$77) -> 12 | AS45: =AVERAGE(AQ45:AQ77) -> 771.1085 | AT45: 4 | AU45: 3169.9818 | AV45: =IFERROR(AU45/AT45,"") -> 792.49546 | AW45: =RANK(AV45, AV$45:AV$77) -> 12 | AX45: =AVERAGE(AV45:AV77) -> 773.13486
C46: 2 | D46: 一配鮪魚飯糰 | E46: 3 | F46: 3600 | G46: =F46/E46 -> 1200 | I46: =AVERAGE(P46,U46,Z46,AE46,AJ46,AO46,AT46) -> 3 | J46: =AVERAGE(Q46,V46,AA46,AF46,AK46,AP46,AU46) -> 3165.6882 | K46: =AVERAGE(R46,W46,AB46,AG46,AL46,AQ46,AV46) -> 1055.2294 | M46: =RANK(K46, K$45:$K$77) -> 5 | P46: 3 | Q46: 3149.55 | R46: =IFERROR(Q46/P46,"") -> 1049.85 | S46: =RANK(R46, R$45:R$77) -> 6 | U46: 3 | V46: 3167.4232 | W46: =IFERROR(V46/U46,"") -> 1055.8077 | X46: =RANK(W46, W$45:W$77) -> 5 | Z46: 3 | AA46: 3167.4677 | AB46: =IFERROR(AA46/Z46,"") -> 1055.8226 | AC46: =RANK(AB46, AB$45:AB$77) -> 3 | AE46: 3 | AF46: 3168.4718 | AG46: =IFERROR(AF46/AE46,"") -> 1056.1573 | AH46: =RANK(AG46, AG$45:AG$77) -> 2 | AJ46: 3 | AK46: 3168.9015 | AL46: =IFERROR(AK46/AJ46,"") -> 1056.3005 | AM46: =RANK(AL46, AL$45:AL$77) -> 4 | AO46: 3 | AP46: 3168.8649 | AQ46: =IFERROR(AP46/AO46,"") -> 1056.2883 | AR46: =RANK(AQ46, AQ$45:AQ$77) -> 3 | AT46: 3 | AU46: 3169.1381 | AV46: =IFERROR(AU46/AT46,"") -> 1056.3794 | AW46: =RANK(AV46, AV$45:AV$77) -> 3
C47: 3 | D47: 一配雞肉飯飯糰 | E47: 5 | F47: 3600 | G47: =F47/E47 -> 720 | I47: =AVERAGE(P47,U47,Z47,AE47,AJ47,AO47,AT47) -> 5 | J47: =AVERAGE(Q47,V47,AA47,AF47,AK47,AP47,AU47) -> 3164.8637 | K47: =AVERAGE(R47,W47,AB47,AG47,AL47,AQ47,AV47) -> 632.97274 | M47: =RANK(K47, K$45:$K$77) -> 24 | P47: 5 | Q47: 3153.8268 | R47: =IFERROR(Q47/P47,"") -> 630.76535 | S47: =RANK(R47, R$45:R$77) -> 23 | U47: 5 | V47: 3166.2651 | W47: =IFERROR(V47/U47,"") -> 633.25301 | X47: =RANK(W47, W$45:W$77) -> 24 | Z47: 5 | AA47: 3166.5971 | AB47: =IFERROR(AA47/Z47,"") -> 633.31942 | AC47: =RANK(AB47, AB$45:AB$77) -> 24 | AE47: 5 | AF47: 3166.788 | AG47: =IFERROR(AF47/AE47,"") -> 633.3576 | AH47: =RANK(AG47, AG$45:AG$77) -> 24 | AJ47: 5 | AK47: 3166.7547 | AL47: =IFERROR(AK47/AJ47,"") -> 633.35095 | AM47: =RANK(AL47, AL$45:AL$77) -> 24 | AO47: 5 | AP47: 3166.7467 | AQ47: =IFERROR(AP47/AO47,"") -> 633.34934 | AR47: =RANK(AQ47, AQ$45:AQ$77) -> 24 | AT47: 5 | AU47: 3167.0675 | AV47: =IFERROR(AU47/AT47,"") -> 633.41351 | AW47: =RANK(AV47, AV$45:AV$77) -> 24
C48: 4 | D48: 一配壹號醬炙烤牛飯糰 | E48: 5 | F48: 3300 | G48: =F48/E48 -> 660 | I48: =AVERAGE(P48,U48,Z48,AE48,AJ48,AO48,AT48) -> 5 | J48: =AVERAGE(Q48,V48,AA48,AF48,AK48,AP48,AU48) -> 2967.2773 | K48: =AVERAGE(R48,W48,AB48,AG48,AL48,AQ48,AV48) -> 593.45545 | M48: =RANK(K48, K$45:$K$77) -> 25 | P48: 5 | Q48: 2967.7932 | R48: =IFERROR(Q48/P48,"") -> 593.55865 | S48: =RANK(R48, R$45:R$77) -> 25 | U48: 5 | V48: 2967.9743 | W48: =IFERROR(V48/U48,"") -> 593.59486 | X48: =RANK(W48, W$45:W$77) -> 26 | Z48: 5 | AA48: 2966.8966 | AB48: =IFERROR(AA48/Z48,"") -> 593.37931 | AC48: =RANK(AB48, AB$45:AB$77) -> 26 | AE48: 5 | AF48: 2968.0672 | AG48: =IFERROR(AF48/AE48,"") -> 593.61345 | AH48: =RANK(AG48, AG$45:AG$77) -> 26 | AJ48: 5 | AK48: 2966.1972 | AL48: =IFERROR(AK48/AJ48,"") -> 593.23944 | AM48: =RANK(AL48, AL$45:AL$77) -> 26 | AO48: 5 | AP48: 2967.1078 | AQ48: =IFERROR(AP48/AO48,"") -> 593.42155 | AR48: =RANK(AQ48, AQ$45:AQ$77) -> 26 | AT48: 5 | AU48: 2966.9046 | AV48: =IFERROR(AU48/AT48,"") -> 593.38092 | AW48: =RANK(AV48, AV$45:AV$77) -> 25
C49: 5 | D49: 一配明太子龍蝦風味沙拉飯糰 | E49: 3 | F49: 3600 | G49: =F49/E49 -> 1200 | I49: =AVERAGE(P49,U49,Z49,AE49,AJ49,AO49,AT49) -> 3 | J49: =AVERAGE(Q49,V49,AA49,AF49,AK49,AP49,AU49) -> 3165.728 | K49: =AVERAGE(R49,W49,AB49,AG49,AL49,AQ49,AV49) -> 1055.2427 | M49: =RANK(K49, K$45:$K$77) -> 4 | P49: 3 | Q49: 3153.3927 | R49: =IFERROR(Q49/P49,"") -> 1051.1309 | S49: =RANK(R49, R$45:R$77) -> 4 | U49: 3 | V49: 3166.31 | W49: =IFERROR(V49/U49,"") -> 1055.4367 | X49: =RANK(W49, W$45:W$77) -> 6 | Z49: 3 | AA49: 3166.5198 | AB49: =IFERROR(AA49/Z49,"") -> 1055.5066 | AC49: =RANK(AB49, AB$45:AB$77) -> 6 | AE49: 3 | AF49: 3166.7001 | AG49: =IFERROR(AF49/AE49,"") -> 1055.5667 | AH49: =RANK(AG49, AG$45:AG$77) -> 6 | AJ49: 3 | AK49: 3169.2959 | AL49: =IFERROR(AK49/AJ49,"") -> 1056.432 | AM49: =RANK(AL49, AL$45:AL$77) -> 2 | AO49: 3 | AP49: 3168.819 | AQ49: =IFERROR(AP49/AO49,"") -> 1056.273 | AR49: =RANK(AQ49, AQ$45:AQ$77) -> 4 | AT49: 3 | AU49: 3169.0585 | AV49: =IFERROR(AU49/AT49,"") -> 1056.3528 | AW49: =RANK(AV49, AV$45:AV$77) -> 4
C50: 6 | D50: 一配贅沢鮭魚肚飯糰 | E50: 3 | F50: 3000 | G50: =F50/E50 -> 1000 | I50: =AVERAGE(P50,U50,Z50,AE50,AJ50,AO50,AT50) -> 3 | J50: =AVERAGE(Q50,V50,AA50,AF50,AK50,AP50,AU50) -> 2693.7122 | K50: =AVERAGE(R50,W50,AB50,AG50,AL50,AQ50,AV50) -> 897.90407 | M50: =RANK(K50, K$45:$K$77) -> 10 | P50: 3 | Q50: 2693.5729 | R50: =IFERROR(Q50/P50,"") -> 897.85764 | S50: =RANK(R50, R$45:R$77) -> 10 | U50: 3 | V50: 2693.5491 | W50: =IFERROR(V50/U50,"") -> 897.84971 | X50: =RANK(W50, W$45:W$77) -> 10 | Z50: 3 | AA50: 2693.7376 | AB50: =IFERROR(AA50/Z50,"") -> 897.91252 | AC50: =RANK(AB50, AB$45:AB$77) -> 10 | AE50: 3 | AF50: 2693.4997 | AG50: =IFERROR(AF50/AE50,"") -> 897.83322 | AH50: =RANK(AG50, AG$45:AG$77) -> 11 | AJ50: 3 | AK50: 2693.6127 | AL50: =IFERROR(AK50/AJ50,"") -> 897.8709 | AM50: =RANK(AL50, AL$45:AL$77) -> 10 | AO50: 3 | AP50: 2693.8668 | AQ50: =IFERROR(AP50/AO50,"") -> 897.95559 | AR50: =RANK(AQ50, AQ$45:AQ$77) -> 10 | AT50: 3 | AU50: 2694.1467 | AV50: =IFERROR(AU50/AT50,"") -> 898.04889 | AW50: =RANK(AV50, AV$45:AV$77) -> 10
C51: 7 | D51: 一配蔬食鮪魚飯糰 | E51: 3 | F51: 3600 | G51: =F51/E51 -> 1200 | I51: =AVERAGE(P51,U51,Z51,AE51,AJ51,AO51,AT51) -> 3 | J51: =AVERAGE(Q51,V51,AA51,AF51,AK51,AP51,AU51) -> 3167.3232 | K51: =AVERAGE(R51,W51,AB51,AG51,AL51,AQ51,AV51) -> 1055.7744 | M51: =RANK(K51, K$45:$K$77) -> 2 | P51: 3 | Q51: 3154.8387 | R51: =IFERROR(Q51/P51,"") -> 1051.6129 | S51: =RANK(R51, R$45:R$77) -> 1 | U51: 3 | V51: 3168.9474 | W51: =IFERROR(V51/U51,"") -> 1056.3158 | X51: =RANK(W51, W$45:W$77) -> 1 | Z51: 3 | AA51: 3169.5374 | AB51: =IFERROR(AA51/Z51,"") -> 1056.5125 | AC51: =RANK(AB51, AB$45:AB$77) -> 2 | AE51: 3 | AF51: 3168.4316 | AG51: =IFERROR(AF51/AE51,"") -> 1056.1439 | AH51: =RANK(AG51, AG$45:AG$77) -> 3 | AJ51: 3 | AK51: 3169.2308 | AL51: =IFERROR(AK51/AJ51,"") -> 1056.4103 | AM51: =RANK(AL51, AL$45:AL$77) -> 3 | AO51: 3 | AP51: 3169.7674 | AQ51: =IFERROR(AP51/AO51,"") -> 1056.5891 | AR51: =RANK(AQ51, AQ$45:AQ$77) -> 2 | AT51: 3 | AU51: 3170.5094 | AV51: =IFERROR(AU51/AT51,"") -> 1056.8365 | AW51: =RANK(AV51, AV$45:AV$77) -> 1
C52: 8 | D52: 一配熟成紅鮭飯糰 | E52: 4 | F52: 3300 | G52: =F52/E52 -> 825 | I52: =AVERAGE(P52,U52,Z52,AE52,AJ52,AO52,AT52) -> 4 | J52: =AVERAGE(Q52,V52,AA52,AF52,AK52,AP52,AU52) -> 2937.1289 | K52: =AVERAGE(R52,W52,AB52,AG52,AL52,AQ52,AV52) -> 734.28223 | M52: =RANK(K52, K$45:$K$77) -> 18 | P52: 4 | Q52: 2935.277 | R52: =IFERROR(Q52/P52,"") -> 733.81924 | S52: =RANK(R52, R$45:R$77) -> 16 | U52: 4 | V52: 2935.6223 | W52: =IFERROR(V52/U52,"") -> 733.90558 | X52: =RANK(W52, W$45:W$77) -> 19 | Z52: 4 | AA52: 2936.6958 | AB52: =IFERROR(AA52/Z52,"") -> 734.17396 | AC52: =RANK(AB52, AB$45:AB$77) -> 19 | AE52: 4 | AF52: 2937.1257 | AG52: =IFERROR(AF52/AE52,"") -> 734.28144 | AH52: =RANK(AG52, AG$45:AG$77) -> 18 | AJ52: 4 | AK52: 2938.4742 | AL52: =IFERROR(AK52/AJ52,"") -> 734.61854 | AM52: =RANK(AL52, AL$45:AL$77) -> 18 | AO52: 4 | AP52: 2938.1853 | AQ52: =IFERROR(AP52/AO52,"") -> 734.54631 | AR52: =RANK(AQ52, AQ$45:AQ$77) -> 18 | AT52: 4 | AU52: 2938.5222 | AV52: =IFERROR(AU52/AT52,"") -> 734.63054 | AW52: =RANK(AV52, AV$45:AV$77) -> 19
C53: 9 | D53: 一配北海道秋鮭親子飯糰 | E53: 4 | F53: 3300 | G53: =F53/E53 -> 825 | I53: =AVERAGE(P53,U53,Z53,AE53,AJ53,AO53,AT53) -> 4 | J53: =AVERAGE(Q53,V53,AA53,AF53,AK53,AP53,AU53) -> 2936.8791 | K53: =AVERAGE(R53,W53,AB53,AG53,AL53,AQ53,AV53) -> 734.21977 | M53: =RANK(K53, K$45:$K$77) -> 19 | P53: 4 | Q53: 2934.0214 | R53: =IFERROR(Q53/P53,"") -> 733.50536 | S53: =RANK(R53, R$45:R$77) -> 19 | U53: 4 | V53: 2936.16 | W53: =IFERROR(V53/U53,"") -> 734.04 | X53: =RANK(W53, W$45:W$77) -> 18 | Z53: 4 | AA53: 2936.7609 | AB53: =IFERROR(AA53/Z53,"") -> 734.19023 | AC53: =RANK(AB53, AB$45:AB$77) -> 18 | AE53: 4 | AF53: 2936.6246 | AG53: =IFERROR(AF53/AE53,"") -> 734.15614 | AH53: =RANK(AG53, AG$45:AG$77) -> 19 | AJ53: 4 | AK53: 2938.0863 | AL53: =IFERROR(AK53/AJ53,"") -> 734.52158 | AM53: =RANK(AL53, AL$45:AL$77) -> 19 | AO53: 4 | AP53: 2937.9637 | AQ53: =IFERROR(AP53/AO53,"") -> 734.49092 | AR53: =RANK(AQ53, AQ$45:AQ$77) -> 19 | AT53: 4 | AU53: 2938.5366 | AV53: =IFERROR(AU53/AT53,"") -> 734.63415 | AW53: =RANK(AV53, AV$45:AV$77) -> 18
C54: 10 | D54: 一配照燒雞肉飯糰 | E54: 4 | F54: 3300 | G54: =F54/E54 -> 825 | I54: =AVERAGE(P54,U54,Z54,AE54,AJ54,AO54,AT54) -> 4 | J54: =AVERAGE(Q54,V54,AA54,AF54,AK54,AP54,AU54) -> 2967.522 | K54: =AVERAGE(R54,W54,AB54,AG54,AL54,AQ54,AV54) -> 741.88051 | M54: =RANK(K54, K$45:$K$77) -> 14 | P54: 4 | Q54: 2968.4211 | R54: =IFERROR(Q54/P54,"") -> 742.10526 | S54: =RANK(R54, R$45:R$77) -> 14 | U54: 4 | V54: 2968.5522 | W54: =IFERROR(V54/U54,"") -> 742.13804 | X54: =RANK(W54, W$45:W$77) -> 14 | Z54: 4 | AA54: 2968.2451 | AB54: =IFERROR(AA54/Z54,"") -> 742.06128 | AC54: =RANK(AB54, AB$45:AB$77) -> 14 | AE54: 4 | AF54: 2967.1233 | AG54: =IFERROR(AF54/AE54,"") -> 741.78082 | AH54: =RANK(AG54, AG$45:AG$77) -> 14 | AJ54: 4 | AK54: 2966.0934 | AL54: =IFERROR(AK54/AJ54,"") -> 741.52334 | AM54: =RANK(AL54, AL$45:AL$77) -> 14 | AO54: 4 | AP54: 2967.3946 | AQ54: =IFERROR(AP54/AO54,"") -> 741.84865 | AR54: =RANK(AQ54, AQ$45:AQ$77) -> 14 | AT54: 4 | AU54: 2966.8246 | AV54: =IFERROR(AU54/AT54,"") -> 741.70616 | AW54: =RANK(AV54, AV$45:AV$77) -> 14
C55: 11 | D55: 一配經典肉鬆飯糰 | E55: 3 | F55: 3000 | G55: =F55/E55 -> 1000 | I55: =AVERAGE(P55,U55,Z55,AE55,AJ55,AO55,AT55) -> 3 | J55: =AVERAGE(Q55,V55,AA55,AF55,AK55,AP55,AU55) -> 2693.4725 | K55: =AVERAGE(R55,W55,AB55,AG55,AL55,AQ55,AV55) -> 897.82417 | M55: =RANK(K55, K$45:$K$77) -> 11 | P55: 3 | Q55: 2693.465 | R55: =IFERROR(Q55/P55,"") -> 897.82167 | S55: =RANK(R55, R$45:R$77) -> 11 | U55: 3 | V55: 2693.1298 | W55: =IFERROR(V55/U55,"") -> 897.70992 | X55: =RANK(W55, W$45:W$77) -> 11 | Z55: 3 | AA55: 2693.5169 | AB55: =IFERROR(AA55/Z55,"") -> 897.83896 | AC55: =RANK(AB55, AB$45:AB$77) -> 11 | AE55: 3 | AF55: 2693.5421 | AG55: =IFERROR(AF55/AE55,"") -> 897.84736 | AH55: =RANK(AG55, AG$45:AG$77) -> 10 | AJ55: 3 | AK55: 2693.4706 | AL55: =IFERROR(AK55/AJ55,"") -> 897.82354 | AM55: =RANK(AL55, AL$45:AL$77) -> 11 | AO55: 3 | AP55: 2693.5361 | AQ55: =IFERROR(AP55/AO55,"") -> 897.84537 | AR55: =RANK(AQ55, AQ$45:AQ$77) -> 11 | AT55: 3 | AU55: 2693.6471 | AV55: =IFERROR(AU55/AT55,"") -> 897.88235 | AW55: =RANK(AV55, AV$45:AV$77) -> 11
C56: 12 | D56: 一配兩粒飯糰(鮪魚.焦糖鮭魚) | E56: 12 | F56: 3600 | G56: =F56/E56 -> 300 | I56: =AVERAGE(P56,U56,Z56,AE56,AJ56,AO56,AT56) -> 12 | J56: =AVERAGE(Q56,V56,AA56,AF56,AK56,AP56,AU56) -> 3125.3274 | K56: =AVERAGE(R56,W56,AB56,AG56,AL56,AQ56,AV56) -> 260.44395 | M56: =RANK(K56, K$45:$K$77) -> 30 | P56: 12 | Q56: 3125.1443 | R56: =IFERROR(Q56/P56,"") -> 260.42869 | S56: =RANK(R56, R$45:R$77) -> 30 | U56: 12 | V56: 3125.194 | W56: =IFERROR(V56/U56,"") -> 260.43283 | X56: =RANK(W56, W$45:W$77) -> 30 | Z56: 12 | AA56: 3126.0238 | AB56: =IFERROR(AA56/Z56,"") -> 260.50198 | AC56: =RANK(AB56, AB$45:AB$77) -> 29 | AE56: 12 | AF56: 3126.097 | AG56: =IFERROR(AF56/AE56,"") -> 260.50808 | AH56: =RANK(AG56, AG$45:AG$77) -> 29 | AJ56: 12 | AK56: 3124.8514 | AL56: =IFERROR(AK56/AJ56,"") -> 260.40428 | AM56: =RANK(AL56, AL$45:AL$77) -> 30 | AO56: 12 | AP56: 3124.9395 | AQ56: =IFERROR(AP56/AO56,"") -> 260.41162 | AR56: =RANK(AQ56, AQ$45:AQ$77) -> 30 | AT56: 12 | AU56: 3125.042 | AV56: =IFERROR(AU56/AT56,"") -> 260.42017 | AW56: =RANK(AV56, AV$45:AV$77) -> 30
C57: 13 | D57: 一配鮭魚奶油醬油飯糰 | E57: 3 | F57: 3300 | G57: =F57/E57 -> 1100 | I57: =AVERAGE(P57,U57,Z57,AE57,AJ57,AO57,AT57) -> 3 | J57: =AVERAGE(Q57,V57,AA57,AF57,AK57,AP57,AU57) -> 2964.7677 | K57: =AVERAGE(R57,W57,AB57,AG57,AL57,AQ57,AV57) -> 988.25588 | M57: =RANK(K57, K$45:$K$77) -> 8 | P57: 3 | Q57: 2963.783 | R57: =IFERROR(Q57/P57,"") -> 987.92765 | S57: =RANK(R57, R$45:R$77) -> 8 | U57: 3 | V57: 2964.137 | W57: =IFERROR(V57/U57,"") -> 988.04567 | X57: =RANK(W57, W$45:W$77) -> 8 | Z57: 3 | AA57: 2964.3493 | AB57: =IFERROR(AA57/Z57,"") -> 988.11643 | AC57: =RANK(AB57, AB$45:AB$77) -> 8 | AE57: 3 | AF57: 2964.9662 | AG57: =IFERROR(AF57/AE57,"") -> 988.32207 | AH57: =RANK(AG57, AG$45:AG$77) -> 8 | AJ57: 3 | AK57: 2965.1118 | AL57: =IFERROR(AK57/AJ57,"") -> 988.37061 | AM57: =RANK(AL57, AL$45:AL$77) -> 8 | AO57: 3 | AP57: 2965.3311 | AQ57: =IFERROR(AP57/AO57,"") -> 988.44369 | AR57: =RANK(AQ57, AQ$45:AQ$77) -> 8 | AT57: 3 | AU57: 2965.6952 | AV57: =IFERROR(AU57/AT57,"") -> 988.56507 | AW57: =RANK(AV57, AV$45:AV$77) -> 8
... C74: 30 | D74: 二配兩粒飯糰(鮪魚.焦糖鮭魚) | E74: 12 | F74: 3600 | G74: =F74/E74 -> 300 | I74: =AVERAGE(P74,U74,Z74,AE74,AJ74,AO74,AT74) -> 12 | J74: =AVERAGE(Q74,V74,AA74,AF74,AK74,AP74,AU74) -> 3125.5739 | K74: =AVERAGE(R74,W74,AB74,AG74,AL74,AQ74,AV74) -> 260.46449 | M74: =RANK(K74, K$45:$K$77) -> 29 | P74: 12 | Q74: 3125.296 | R74: =IFERROR(Q74/P74,"") -> 260.44133 | S74: =RANK(R74, R$45:R$77) -> 29 | U74: 12 | V74: 3125.3829 | W74: =IFERROR(V74/U74,"") -> 260.44858 | X74: =RANK(W74, W$45:W$77) -> 29 | Z74: 12 | AA74: 3124.9071 | AB74: =IFERROR(AA74/Z74,"") -> 260.40892 | AC74: =RANK(AB74, AB$45:AB$77) -> 30 | AE74: 12 | AF74: 3124.9833 | AG74: =IFERROR(AF74/AE74,"") -> 260.41527 | AH74: =RANK(AG74, AG$45:AG$77) -> 30 | AJ74: 12 | AK74: 3125.9709 | AL74: =IFERROR(AK74/AJ74,"") -> 260.49757 | AM74: =RANK(AL74, AL$45:AL$77) -> 29 | AO74: 12 | AP74: 3125.6424 | AQ74: =IFERROR(AP74/AO74,"") -> 260.4702 | AR74: =RANK(AQ74, AQ$45:AQ$77) -> 29 | AT74: 12 | AU74: 3126.8346 | AV74: =IFERROR(AU74/AT74,"") -> 260.56955 | AW74: =RANK(AV74, AV$45:AV$77) -> 29
C75: 31
C76: 32
C77: 33
B78: 產線配置圖－每週更新(0310-0316) | N78: 資料繳交 | O78: 日期 | P78: =AT40+1 -> 46091 | U78: =P78+1 -> 46092 | Z78: =U78+1 -> 46093 | AE78: =Z78+1 -> 46094 | AJ78: =AE78+1 -> 46095 | AO78: =AJ78+1 -> 46096 | AT78: =AO78+1 -> 46097
P79: 46084 | U79: =U78 -> 46092 | Z79: =Z78 -> 46093 | AE79: =AE78 -> 46094 | AJ79: =AJ78 -> 46095 | AO79: =AO78 -> 46096 | AT79: =AT78 -> 46097
B80: 品群 | C80: 商品名稱 | E80: 計畫 | H80: 平均人時性 | I80: 實績 (週平均) | L80: 平均人時性 | M80: 排名 | O80: 日報 | P80: 實際 | T80: 平均人時性 | U80: 實際 | Y80: 平均人時性 | Z80: 實際 | AD80: 平均人時性 | AE80: 實際 | AI80: 平均人時性 | AJ80: 實際 | AN80: 平均人時性 | AO80: 實際 | AS80: 平均人時性 | AT80: 實際 | AX80: 平均人時性
E81: 產線配置圖 | I81: 產線配置圖 | P81: 生產實績 | U81: 生產實績 | Z81: 生產實績 | AE81: 生產實績 | AJ81: 生產實績 | AO81: 生產實績 | AT81: 生產實績
E82: 人數 | F82: 產能／時 | G82: 人時性 | I82: 人數 | J82: 產能／時 | K82: 人時性 | P82: 人數 | Q82: 產能／時 | R82: 人時性 | S82: 排名 | U82: 人數 | V82: 產能／時 | W82: 人時性 | X82: 排名 | Z82: 人數 | AA82: 產能／時 | AB82: 人時性 | AC82: 排名 | AE82: 人數 | AF82: 產能／時 | AG82: 人時性 | AH82: 排名 | AJ82: 人數 | AK82: 產能／時 | AL82: 人時性 | AM82: 排名 | AO82: 人數 | AP82: 產能／時 | AQ82: 人時性 | AR82: 排名 | AT82: 人數 | AU82: 產能／時 | AV82: 人時性 | AW82: 排名
B83: 18℃-飯糰 | C83: 1 | D83: 一配鮪魚飯糰 | E83: 3 | F83: 3600 | G83: =F83/E83 -> 1200 | H83: =AVERAGE(G83:G115) -> 852.25806 | I83: =AVERAGE(P83,U83,Z83,AE83,AJ83,AO83,AT83) -> 3 | J83: =AVERAGE(Q83,V83,AA83,AF83,AK83,AP83,AU83) -> 3169.6126 | K83: =AVERAGE(R83,W83,AB83,AG83,AL83,AQ83,AV83) -> 1056.5375 | L83: =IFERROR(AVERAGE(K83:K115),"-") -> 756.47297 | M83: =RANK(K83, K$83:$K$115) -> 7 | P83: 3 | Q83: 3169.4505 | R83: =IFERROR(Q83/P83,"") -> 1056.4835 | S83: =RANK(R83, R$83:R$115) -> 5 | T83: =AVERAGE(R83:R115) -> 773.44762 | U83: 3 | V83: 3169.1891 | W83: =IFERROR(V83/U83,"") -> 1056.3964 | X83: =RANK(W83, W$83:W$115) -> 6 | Y83: =AVERAGE(W83:W115) -> 773.50836 | Z83: 3 | AA83: 3169.0247 | AB83: =IFERROR(AA83/Z83,"") -> 1056.3416 | AC83: =RANK(AB83, AB$83:AB$115) -> 7 | AD83: =AVERAGE(AB83:AB115) -> 773.35738 | AE83: 3 | AF83: 3169.3684 | AG83: =IFERROR(AF83/AE83,"") -> 1056.4561 | AH83: =RANK(AG83, AG$83:AG$115) -> 7 | AI83: =AVERAGE(AG83:AG115) -> 773.45294 | AJ83: 3 | AK83: 3169.225 | AL83: =IFERROR(AK83/AJ83,"") -> 1056.4083 | AM83: =RANK(AL83, AL$83:AL$115) -> 7 | AN83: =AVERAGE(AL83:AL115) -> 773.50929 | AO83: 3 | AP83: 3170.5309 | AQ83: =IFERROR(AP83/AO83,"") -> 1056.8436 | AR83: =RANK(AQ83, AQ$83:AQ$115) -> 7 | AS83: =AVERAGE(AQ83:AQ115) -> 773.58667 | AT83: 3 | AU83: 3170.4999 | AV83: =IFERROR(AU83/AT83,"") -> 1056.8333 | AW83: =RANK(AV83, AV$83:AV$115) -> 7 | AX83: =AVERAGE(AV83:AV115) -> 756.57309
C84: 2 | D84: 一配明太子龍蝦風味沙拉飯糰 | E84: 3 | F84: 3600 | G84: =F84/E84 -> 1200 | I84: =AVERAGE(P84,U84,Z84,AE84,AJ84,AO84,AT84) -> 3 | J84: =AVERAGE(Q84,V84,AA84,AF84,AK84,AP84,AU84) -> 3170.7852 | K84: =AVERAGE(R84,W84,AB84,AG84,AL84,AQ84,AV84) -> 1056.9284 | M84: =RANK(K84, K$83:$K$115) -> 4 | P84: 3 | Q84: 3169.6346 | R84: =IFERROR(Q84/P84,"") -> 1056.5449 | S84: =RANK(R84, R$83:R$115) -> 4 | U84: 3 | V84: 3169.894 | W84: =IFERROR(V84/U84,"") -> 1056.6313 | X84: =RANK(W84, W$83:W$115) -> 4 | Z84: 3 | AA84: 3170.3927 | AB84: =IFERROR(AA84/Z84,"") -> 1056.7976 | AC84: =RANK(AB84, AB$83:AB$115) -> 4 | AE84: 3 | AF84: 3170.3848 | AG84: =IFERROR(AF84/AE84,"") -> 1056.7949 | AH84: =RANK(AG84, AG$83:AG$115) -> 4 | AJ84: 3 | AK84: 3171.2114 | AL84: =IFERROR(AK84/AJ84,"") -> 1057.0705 | AM84: =RANK(AL84, AL$83:AL$115) -> 4 | AO84: 3 | AP84: 3171.9771 | AQ84: =IFERROR(AP84/AO84,"") -> 1057.3257 | AR84: =RANK(AQ84, AQ$83:AQ$115) -> 3 | AT84: 3 | AU84: 3172.0014 | AV84: =IFERROR(AU84/AT84,"") -> 1057.3338 | AW84: =RANK(AV84, AV$83:AV$115) -> 4
C85: 3 | D85: 一配贅沢鮭魚肚飯糰 | E85: 3 | F85: 3000 | G85: =F85/E85 -> 1000 | I85: =AVERAGE(P85,U85,Z85,AE85,AJ85,AO85,AT85) -> 3 | J85: =AVERAGE(Q85,V85,AA85,AF85,AK85,AP85,AU85) -> 2694.4038 | K85: =AVERAGE(R85,W85,AB85,AG85,AL85,AQ85,AV85) -> 898.13461 | M85: =RANK(K85, K$83:$K$115) -> 11 | P85: 3 | Q85: 2693.9681 | R85: =IFERROR(Q85/P85,"") -> 897.98937 | S85: =RANK(R85, R$83:R$115) -> 10 | U85: 3 | V85: 2693.8371 | W85: =IFERROR(V85/U85,"") -> 897.94569 | X85: =RANK(W85, W$83:W$115) -> 11 | Z85: 3 | AA85: 2694.2563 | AB85: =IFERROR(AA85/Z85,"") -> 898.08542 | AC85: =RANK(AB85, AB$83:AB$115) -> 10 | AE85: 3 | AF85: 2694.5559 | AG85: =IFERROR(AF85/AE85,"") -> 898.18529 | AH85: =RANK(AG85, AG$83:AG$115) -> 11 | AJ85: 3 | AK85: 2694.6815 | AL85: =IFERROR(AK85/AJ85,"") -> 898.22718 | AM85: =RANK(AL85, AL$83:AL$115) -> 11 | AO85: 3 | AP85: 2694.8886 | AQ85: =IFERROR(AP85/AO85,"") -> 898.2962 | AR85: =RANK(AQ85, AQ$83:AQ$115) -> 10 | AT85: 3 | AU85: 2694.6393 | AV85: =IFERROR(AU85/AT85,"") -> 898.2131 | AW85: =RANK(AV85, AV$83:AV$115) -> 11
C86: 4 | D86: 一配蔬食鮪魚飯糰 | E86: 3 | F86: 3600 | G86: =F86/E86 -> 1200 | I86: =AVERAGE(P86,U86,Z86,AE86,AJ86,AO86,AT86) -> 3 | J86: =AVERAGE(Q86,V86,AA86,AF86,AK86,AP86,AU86) -> 3172.4913 | K86: =AVERAGE(R86,W86,AB86,AG86,AL86,AQ86,AV86) -> 1057.4971 | M86: =RANK(K86, K$83:$K$115) -> 2 | P86: 3 | Q86: 3171.6075 | R86: =IFERROR(Q86/P86,"") -> 1057.2025 | S86: =RANK(R86, R$83:R$115) -> 2 | U86: 3 | V86: 3171.7285 | W86: =IFERROR(V86/U86,"") -> 1057.2428 | X86: =RANK(W86, W$83:W$115) -> 2 | Z86: 3 | AA86: 3170.6897 | AB86: =IFERROR(AA86/Z86,"") -> 1056.8966 | AC86: =RANK(AB86, AB$83:AB$115) -> 2 | AE86: 3 | AF86: 3172.2772 | AG86: =IFERROR(AF86/AE86,"") -> 1057.4257 | AH86: =RANK(AG86, AG$83:AG$115) -> 2 | AJ86: 3 | AK86: 3172.549 | AL86: =IFERROR(AK86/AJ86,"") -> 1057.5163 | AM86: =RANK(AL86, AL$83:AL$115) -> 2 | AO86: 3 | AP86: 3174.0193 | AQ86: =IFERROR(AP86/AO86,"") -> 1058.0064 | AR86: =RANK(AQ86, AQ$83:AQ$115) -> 2 | AT86: 3 | AU86: 3174.5681 | AV86: =IFERROR(AU86/AT86,"") -> 1058.1894 | AW86: =RANK(AV86, AV$83:AV$115) -> 2
C87: 5 | D87: 一配經典肉鬆飯糰 | E87: 3 | F87: 3000 | G87: =F87/E87 -> 1000 | I87: =AVERAGE(P87,U87,Z87,AE87,AJ87,AO87,AT87) -> 3 | J87: =AVERAGE(Q87,V87,AA87,AF87,AK87,AP87,AU87) -> 2694.6686 | K87: =AVERAGE(R87,W87,AB87,AG87,AL87,AQ87,AV87) -> 898.22285 | M87: =RANK(K87, K$83:$K$115) -> 10 | P87: 3 | Q87: 2693.7894 | R87: =IFERROR(Q87/P87,"") -> 897.92979 | S87: =RANK(R87, R$83:R$115) -> 11 | U87: 3 | V87: 2694.0057 | W87: =IFERROR(V87/U87,"") -> 898.0019 | X87: =RANK(W87, W$83:W$115) -> 10 | Z87: 3 | AA87: 2694.1292 | AB87: =IFERROR(AA87/Z87,"") -> 898.04305 | AC87: =RANK(AB87, AB$83:AB$115) -> 11 | AE87: 3 | AF87: 2694.8571 | AG87: =IFERROR(AF87/AE87,"") -> 898.28571 | AH87: =RANK(AG87, AG$83:AG$115) -> 9 | AJ87: 3 | AK87: 2695.3043 | AL87: =IFERROR(AK87/AJ87,"") -> 898.43478 | AM87: =RANK(AL87, AL$83:AL$115) -> 9 | AO87: 3 | AP87: 2695.2285 | AQ87: =IFERROR(AP87/AO87,"") -> 898.40951 | AR87: =RANK(AQ87, AQ$83:AQ$115) -> 9 | AT87: 3 | AU87: 2695.3656 | AV87: =IFERROR(AU87/AT87,"") -> 898.4552 | AW87: =RANK(AV87, AV$83:AV$115) -> 9
C88: 6 | D88: 一配鮭魚奶油醬油飯糰 | E88: 3 | F88: 3300 | G88: =F88/E88 -> 1100 | I88: =AVERAGE(P88,U88,Z88,AE88,AJ88,AO88,AT88) -> 3 | J88: =AVERAGE(Q88,V88,AA88,AF88,AK88,AP88,AU88) -> 2971.173 | K88: =AVERAGE(R88,W88,AB88,AG88,AL88,AQ88,AV88) -> 990.39099 | M88: =RANK(K88, K$83:$K$115) -> 8 | P88: 3 | Q88: 2971.5186 | R88: =IFERROR(Q88/P88,"") -> 990.50619 | S88: =RANK(R88, R$83:R$115) -> 8 | U88: 3 | V88: 2971.2011 | W88: =IFERROR(V88/U88,"") -> 990.40037 | X88: =RANK(W88, W$83:W$115) -> 8 | Z88: 3 | AA88: 2970.9161 | AB88: =IFERROR(AA88/Z88,"") -> 990.30538 | AC88: =RANK(AB88, AB$83:AB$115) -> 8 | AE88: 3 | AF88: 2970.9914 | AG88: =IFERROR(AF88/AE88,"") -> 990.33048 | AH88: =RANK(AG88, AG$83:AG$115) -> 8 | AJ88: 3 | AK88: 2971.3751 | AL88: =IFERROR(AK88/AJ88,"") -> 990.45837 | AM88: =RANK(AL88, AL$83:AL$115) -> 8 | AO88: 3 | AP88: 2971.047 | AQ88: =IFERROR(AP88/AO88,"") -> 990.34899 | AR88: =RANK(AQ88, AQ$83:AQ$115) -> 8 | AT88: 3 | AU88: 2971.1615 | AV88: =IFERROR(AU88/AT88,"") -> 990.38718 | AW88: =RANK(AV88, AV$83:AV$115) -> 8
C89: 7 | D89: 二配鮪魚飯糰 | E89: 3 | F89: 3600 | G89: =F89/E89 -> 1200 | I89: =AVERAGE(P89,U89,Z89,AE89,AJ89,AO89,AT89) -> 3 | J89: =AVERAGE(Q89,V89,AA89,AF89,AK89,AP89,AU89) -> 3169.6372 | K89: =AVERAGE(R89,W89,AB89,AG89,AL89,AQ89,AV89) -> 1056.5457 | M89: =RANK(K89, K$83:$K$115) -> 6 | P89: 3 | Q89: 3168.8714 | R89: =IFERROR(Q89/P89,"") -> 1056.2905 | S89: =RANK(R89, R$83:R$115) -> 6 | U89: 3 | V89: 3168.8981 | W89: =IFERROR(V89/U89,"") -> 1056.2994 | X89: =RANK(W89, W$83:W$115) -> 7 | Z89: 3 | AA89: 3169.2318 | AB89: =IFERROR(AA89/Z89,"") -> 1056.4106 | AC89: =RANK(AB89, AB$83:AB$115) -> 6 | AE89: 3 | AF89: 3169.3994 | AG89: =IFERROR(AF89/AE89,"") -> 1056.4665 | AH89: =RANK(AG89, AG$83:AG$115) -> 6 | AJ89: 3 | AK89: 3169.9294 | AL89: =IFERROR(AK89/AJ89,"") -> 1056.6431 | AM89: =RANK(AL89, AL$83:AL$115) -> 6 | AO89: 3 | AP89: 3170.5626 | AQ89: =IFERROR(AP89/AO89,"") -> 1056.8542 | AR89: =RANK(AQ89, AQ$83:AQ$115) -> 6 | AT89: 3 | AU89: 3170.5676 | AV89: =IFERROR(AU89/AT89,"") -> 1056.8559 | AW89: =RANK(AV89, AV$83:AV$115) -> 6
C90: 8 | D90: 二配明太子龍蝦風味沙拉飯糰 | E90: 3 | F90: 3600 | G90: =F90/E90 -> 1200 | I90: =AVERAGE(P90,U90,Z90,AE90,AJ90,AO90,AT90) -> 3 | J90: =AVERAGE(Q90,V90,AA90,AF90,AK90,AP90,AU90) -> 3171.0524 | K90: =AVERAGE(R90,W90,AB90,AG90,AL90,AQ90,AV90) -> 1057.0175 | M90: =RANK(K90, K$83:$K$115) -> 3 | P90: 3 | Q90: 3168.5933 | R90: =IFERROR(Q90/P90,"") -> 1056.1978 | S90: =RANK(R90, R$83:R$115) -> 7 | U90: 3 | V90: 3169.8748 | W90: =IFERROR(V90/U90,"") -> 1056.6249 | X90: =RANK(W90, W$83:W$115) -> 5 | Z90: 3 | AA90: 3170.3846 | AB90: =IFERROR(AA90/Z90,"") -> 1056.7949 | AC90: =RANK(AB90, AB$83:AB$115) -> 5 | AE90: 3 | AF90: 3171.5968 | AG90: =IFERROR(AF90/AE90,"") -> 1057.1989 | AH90: =RANK(AG90, AG$83:AG$115) -> 3 | AJ90: 3 | AK90: 3171.8919 | AL90: =IFERROR(AK90/AJ90,"") -> 1057.2973 | AM90: =RANK(AL90, AL$83:AL$115) -> 3 | AO90: 3 | AP90: 3171.3587 | AQ90: =IFERROR(AP90/AO90,"") -> 1057.1196 | AR90: =RANK(AQ90, AQ$83:AQ$115) -> 4 | AT90: 3 | AU90: 3173.6666 | AV90: =IFERROR(AU90/AT90,"") -> 1057.8889 | AW90: =RANK(AV90, AV$83:AV$115) -> 3
C91: 9 | D91: 二配蔬食鮪魚飯糰 | E91: 3 | F91: 3600 | G91: =F91/E91 -> 1200 | I91: =AVERAGE(P91,U91,Z91,AE91,AJ91,AO91,AT91) -> 3 | J91: =AVERAGE(Q91,V91,AA91,AF91,AK91,AP91,AU91) -> 3170.5917 | K91: =AVERAGE(R91,W91,AB91,AG91,AL91,AQ91,AV91) -> 1056.8639 | M91: =RANK(K91, K$83:$K$115) -> 5 | P91: 3 | Q91: 3170.9234 | R91: =IFERROR(Q91/P91,"") -> 1056.9745 | S91: =RANK(R91, R$83:R$115) -> 3 | U91: 3 | V91: 3170.428 | W91: =IFERROR(V91/U91,"") -> 1056.8093 | X91: =RANK(W91, W$83:W$115) -> 3 | Z91: 3 | AA91: 3170.4698 | AB91: =IFERROR(AA91/Z91,"") -> 1056.8233 | AC91: =RANK(AB91, AB$83:AB$115) -> 3 | AE91: 3 | AF91: 3170.0165 | AG91: =IFERROR(AF91/AE91,"") -> 1056.6722 | AH91: =RANK(AG91, AG$83:AG$115) -> 5 | AJ91: 3 | AK91: 3170.7594 | AL91: =IFERROR(AK91/AJ91,"") -> 1056.9198 | AM91: =RANK(AL91, AL$83:AL$115) -> 5 | AO91: 3 | AP91: 3170.6215 | AQ91: =IFERROR(AP91/AO91,"") -> 1056.8738 | AR91: =RANK(AQ91, AQ$83:AQ$115) -> 5 | AT91: 3 | AU91: 3170.9234 | AV91: =IFERROR(AU91/AT91,"") -> 1056.9745 | AW91: =RANK(AV91, AV$83:AV$115) -> 5
C92: 10 | D92: 二配三杯醬爆菇菇飯糰 | E92: 3 | F92: 3600 | G92: =F92/E92 -> 1200 | I92: =AVERAGE(P92,U92,Z92,AE92,AJ92,AO92,AT92) -> 3 | J92: =AVERAGE(Q92,V92,AA92,AF92,AK92,AP92,AU92) -> 3177.678 | K92: =AVERAGE(R92,W92,AB92,AG92,AL92,AQ92,AV92) -> 1059.226 | M92: =RANK(K92, K$83:$K$115) -> 1 | P92: 3 | Q92: 3172.0769 | R92: =IFERROR(Q92/P92,"") -> 1057.359 | S92: =RANK(R92, R$83:R$115) -> 1 | U92: 3 | V92: 3176.7383 | W92: =IFERROR(V92/U92,"") -> 1058.9128 | X92: =RANK(W92, W$83:W$115) -> 1 | Z92: 3 | AA92: 3177.3585 | AB92: =IFERROR(AA92/Z92,"") -> 1059.1195 | AC92: =RANK(AB92, AB$83:AB$115) -> 1 | AE92: 3 | AF92: 3179.3323 | AG92: =IFERROR(AF92/AE92,"") -> 1059.7774 | AH92: =RANK(AG92, AG$83:AG$115) -> 1 | AJ92: 3 | AK92: 3180.425 | AL92: =IFERROR(AK92/AJ92,"") -> 1060.1417 | AM92: =RANK(AL92, AL$83:AL$115) -> 1 | AO92: 3 | AP92: 3179.0114 | AQ92: =IFERROR(AP92/AO92,"") -> 1059.6705 | AR92: =RANK(AQ92, AQ$83:AQ$115) -> 1 | AT92: 3 | AU92: 3178.8034 | AV92: =IFERROR(AU92/AT92,"") -> 1059.6011 | AW92: =RANK(AV92, AV$83:AV$115) -> 1
C93: 11 | D93: 二配經典肉鬆飯糰 | E93: 3 | F93: 3000 | G93: =F93/E93 -> 1000 | I93: =AVERAGE(P93,U93,Z93,AE93,AJ93,AO93,AT93) -> 3 | J93: =AVERAGE(Q93,V93,AA93,AF93,AK93,AP93,AU93) -> 2694.8587 | K93: =AVERAGE(R93,W93,AB93,AG93,AL93,AQ93,AV93) -> 898.28623 | M93: =RANK(K93, K$83:$K$115) -> 9 | P93: 3 | Q93: 2695.2255 | R93: =IFERROR(Q93/P93,"") -> 898.40849 | S93: =RANK(R93, R$83:R$115) -> 9 | U93: 3 | V93: 2694.9499 | W93: =IFERROR(V93/U93,"") -> 898.31662 | X93: =RANK(W93, W$83:W$115) -> 9 | Z93: 3 | AA93: 2694.9525 | AB93: =IFERROR(AA93/Z93,"") -> 898.3175 | AC93: =RANK(AB93, AB$83:AB$115) -> 9 | AE93: 3 | AF93: 2694.5927 | AG93: =IFERROR(AF93/AE93,"") -> 898.19756 | AH93: =RANK(AG93, AG$83:AG$115) -> 10 | AJ93: 3 | AK93: 2694.7033 | AL93: =IFERROR(AK93/AJ93,"") -> 898.23443 | AM93: =RANK(AL93, AL$83:AL$115) -> 10 | AO93: 3 | AP93: 2694.7273 | AQ93: =IFERROR(AP93/AO93,"") -> 898.24244 | AR93: =RANK(AQ93, AQ$83:AQ$115) -> 11 | AT93: 3 | AU93: 2694.8597 | AV93: =IFERROR(AU93/AT93,"") -> 898.28657 | AW93: =RANK(AV93, AV$83:AV$115) -> 10
C94: 12 | D94: 一配鹽蔥燒肉飯糰 | E94: 4 | F94: 3600 | G94: =F94/E94 -> 900 | I94: =AVERAGE(P94,U94,Z94,AE94,AJ94,AO94,AT94) -> 4 | J94: =AVERAGE(Q94,V94,AA94,AF94,AK94,AP94,AU94) -> 3170.6035 | K94: =AVERAGE(R94,W94,AB94,AG94,AL94,AQ94,AV94) -> 792.65088 | M94: =RANK(K94, K$83:$K$115) -> 12 | P94: 4 | Q94: 3170.135 | R94: =IFERROR(Q94/P94,"") -> 792.53376 | S94: =RANK(R94, R$83:R$115) -> 12 | U94: 4 | V94: 3170.1778 | W94: =IFERROR(V94/U94,"") -> 792.54444 | X94: =RANK(W94, W$83:W$115) -> 12 | Z94: 4 | AA94: 3170.5228 | AB94: =IFERROR(AA94/Z94,"") -> 792.6307 | AC94: =RANK(AB94, AB$83:AB$115) -> 12 | AE94: 4 | AF94: 3170.169 | AG94: =IFERROR(AF94/AE94,"") -> 792.54225 | AH94: =RANK(AG94, AG$83:AG$115) -> 12 | AJ94: 4 | AK94: 3171.1044 | AL94: =IFERROR(AK94/AJ94,"") -> 792.7761 | AM94: =RANK(AL94, AL$83:AL$115) -> 12 | AO94: 4 | AP94: 3171.1936 | AQ94: =IFERROR(AP94/AO94,"") -> 792.79841 | AR94: =RANK(AQ94, AQ$83:AQ$115) -> 12 | AT94: 4 | AU94: 3170.9222 | AV94: =IFERROR(AU94/AT94,"") -> 792.73054 | AW94: =RANK(AV94, AV$83:AV$115) -> 12
C95: 13 | D95: 一配熟成紅鮭飯糰 | E95: 4 | F95: 3300 | G95: =F95/E95 -> 825 | I95: =AVERAGE(P95,U95,Z95,AE95,AJ95,AO95,AT95) -> 4 | J95: =AVERAGE(Q95,V95,AA95,AF95,AK95,AP95,AU95) -> 2938.398 | K95: =AVERAGE(R95,W95,AB95,AG95,AL95,AQ95,AV95) -> 734.5995 | M95: =RANK(K95, K$83:$K$115) -> 18 | P95: 4 | Q95: 2938.0762 | R95: =IFERROR(Q95/P95,"") -> 734.51904 | S95: =RANK(R95, R$83:R$115) -> 19 | U95: 4 | V95: 2938.4772 | W95: =IFERROR(V95/U95,"") -> 734.61929 | X95: =RANK(W95, W$83:W$115) -> 18 | Z95: 4 | AA95: 2937.931 | AB95: =IFERROR(AA95/Z95,"") -> 734.48276 | AC95: =RANK(AB95, AB$83:AB$115) -> 19 | AE95: 4 | AF95: 2938.3502 | AG95: =IFERROR(AF95/AE95,"") -> 734.58755 | AH95: =RANK(AG95, AG$83:AG$115) -> 18 | AJ95: 4 | AK95: 2938.3628 | AL95: =IFERROR(AK95/AJ95,"") -> 734.59069 | AM95: =RANK(AL95, AL$83:AL$115) -> 18 | AO95: 4 | AP95: 2938.6007 | AQ95: =IFERROR(AP95/AO95,"") -> 734.65017 | AR95: =RANK(AQ95, AQ$83:AQ$115) -> 17 | AT95: 4 | AU95: 2938.988 | AV95: =IFERROR(AU95/AT95,"") -> 734.74699 | AW95: =RANK(AV95, AV$83:AV$115) -> 17
... C112: 30 | D112: 二配兩粒飯糰(鮪魚.焦糖鮭魚) | E112: 12 | F112: 3600 | G112: =F112/E112 -> 300 | I112: =AVERAGE(P112,U112,Z112,AE112,AJ112,AO112,AT112) -> 12 | J112: =AVERAGE(Q112,V112,AA112,AF112,AK112,AP112,AU112) -> 3126.2371 | K112: =AVERAGE(R112,W112,AB112,AG112,AL112,AQ112,AV112) -> 260.51975 | M112: =RANK(K112, K$83:$K$115) -> 29 | P112: 12 | Q112: 3127.9685 | R112: =IFERROR(Q112/P112,"") -> 260.66404 | S112: =RANK(R112, R$83:R$115) -> 29 | U112: 12 | V112: 3127.8351 | W112: =IFERROR(V112/U112,"") -> 260.65292 | X112: =RANK(W112, W$83:W$115) -> 29 | Z112: 12 | AA112: 3125.4237 | AB112: =IFERROR(AA112/Z112,"") -> 260.45198 | AC112: =RANK(AB112, AB$83:AB$115) -> 30 | AE112: 12 | AF112: 3126.1838 | AG112: =IFERROR(AF112/AE112,"") -> 260.51532 | AH112: =RANK(AG112, AG$83:AG$115) -> 29 | AJ112: 12 | AK112: 3125.3462 | AL112: =IFERROR(AK112/AJ112,"") -> 260.44551 | AM112: =RANK(AL112, AL$83:AL$115) -> 30 | AO112: 12 | AP112: 3125.1656 | AQ112: =IFERROR(AP112/AO112,"") -> 260.43046 | AR112: =RANK(AQ112, AQ$83:AQ$115) -> 30 | AT112: 12 | AU112: 3125.7365 | AV112: =IFERROR(AU112/AT112,"") -> 260.47804 | AW112: =RANK(AV112, AV$83:AV$115) -> 30
C113: 31 | D113: 二配鮮蝦旬彩炊飯飯糰 | E113: 12 | F113: 3600 | G113: =F113/E113 -> 300 | I113: =AVERAGE(P113,U113,Z113,AE113,AJ113,AO113,AT113) -> 12 | J113: =AVERAGE(Q113,V113,AA113,AF113,AK113,AP113,AU113) -> 2950 | K113: =AVERAGE(R113,W113,AB113,AG113,AL113,AQ113,AV113) -> 245.83333 | M113: =RANK(K113, K$83:$K$115) -> 31 | AT113: 12 | AU113: 2950 | AV113: =IFERROR(AU113/AT113,"") -> 245.83333 | AW113: =RANK(AV113, AV$83:AV$115) -> 31
C114: 32
C115: 33
B116: 產線配置圖－每週更新(0317-0323) | N116: 資料繳交 | O116: 日期 | P116: =AT78+1 -> 46098 | U116: =P116+1 -> 46099 | Z116: =U116+1 -> 46100 | AE116: =Z116+1 -> 46101 | AJ116: =AE116+1 -> 46102 | AO116: =AJ116+1 -> 46103 | AT116: =AO116+1 -> 46104
P117: 46084 | U117: =U116 -> 46099 | Z117: =Z116 -> 46100 | AE117: =AE116 -> 46101 | AJ117: =AJ116 -> 46102 | AO117: =AO116 -> 46103 | AT117: =AT116 -> 46104
B118: 品群 | C118: 商品名稱 | E118: 計畫 | H118: 平均人時性 | I118: 實績 (週平均) | L118: 平均人時性 | M118: 排名 | O118: 日報 | P118: 實際 | T118: 平均人時性 | U118: 實際 | Y118: 平均人時性 | Z118: 實際 | AD118: 平均人時性 | AE118: 實際 | AI118: 平均人時性 | AJ118: 實際 | AN118: 平均人時性 | AO118: 實際 | AS118: 平均人時性 | AT118: 實際 | AX118: 平均人時性
E119: 產線配置圖 | I119: 產線配置圖 | P119: 生產實績 | U119: 生產實績 | Z119: 生產實績 | AE119: 生產實績 | AJ119: 生產實績 | AO119: 生產實績 | AT119: 生產實績
E120: 人數 | F120: 產能／時 | G120: 人時性 | I120: 人數 | J120: 產能／時 | K120: 人時性 | P120: 人數 | Q120: 產能／時 | R120: 人時性 | S120: 排名 | U120: 人數 | V120: 產能／時 | W120: 人時性 | X120: 排名 | Z120: 人數 | AA120: 產能／時 | AB120: 人時性 | AC120: 排名 | AE120: 人數 | AF120: 產能／時 | AG120: 人時性 | AH120: 排名 | AJ120: 人數 | AK120: 產能／時 | AL120: 人時性 | AM120: 排名 | AO120: 人數 | AP120: 產能／時 | AQ120: 人時性 | AR120: 排名 | AT120: 人數 | AU120: 產能／時 | AV120: 人時性 | AW120: 排名
B121: 18℃-飯糰 | C121: 1 | D121: 一配鹽蔥燒肉飯糰 | E121: 4 | F121: 3600 | G121: =F121/E121 -> 900 | H121: =AVERAGE(G121:G153) -> 852.25806 | I121: =AVERAGE(P121,U121,Z121,AE121,AJ121,AO121,AT121) -> 4 | J121: =AVERAGE(Q121,V121,AA121,AF121,AK121,AP121,AU121) -> 3171.6511 | K121: =AVERAGE(R121,W121,AB121,AG121,AL121,AQ121,AV121) -> 792.91277 | L121: =IFERROR(AVERAGE(K121:K153),"-") -> 757.24568 | M121: =RANK(K121, K$121:$K$153) -> 12 | P121: 4 | Q121: 3171.0956 | R121: =IFERROR(Q121/P121,"") -> 792.77389 | S121: =RANK(R121, R$121:R$153) -> 12 | T121: =AVERAGE(R121:R153) -> 756.79888 | U121: 4 | V121: 3171.2684 | W121: =IFERROR(V121/U121,"") -> 792.81709 | X121: =RANK(W121, W$121:W$153) -> 12 | Y121: =AVERAGE(W121:W153) -> 756.94539 | Z121: 4 | AA121: 3171.6853 | AB121: =IFERROR(AA121/Z121,"") -> 792.92132 | AC121: =RANK(AB121, AB$121:AB$153) -> 12 | AD121: =AVERAGE(AB121:AB153) -> 757.09064 | AE121: 4 | AF121: 3171.8004 | AG121: =IFERROR(AF121/AE121,"") -> 792.95011 | AH121: =RANK(AG121, AG$121:AG$153) -> 12 | AI121: =AVERAGE(AG121:AG153) -> 757.19385 | AJ121: 4 | AK121: 3171.8182 | AL121: =IFERROR(AK121/AJ121,"") -> 792.95455 | AM121: =RANK(AL121, AL$121:AL$153) -> 12 | AN121: =AVERAGE(AL121:AL153) -> 757.45226 | AO121: 4 | AP121: 3172.0217 | AQ121: =IFERROR(AP121/AO121,"") -> 793.00544 | AR121: =RANK(AQ121, AQ$121:AQ$153) -> 13 | AS121: =AVERAGE(AQ121:AQ153) -> 757.57632 | AT121: 4 | AU121: 3171.8681 | AV121: =IFERROR(AU121/AT121,"") -> 792.96703 | AW121: =RANK(AV121, AV$121:AV$153) -> 13 | AX121: =AVERAGE(AV121:AV153) -> 763.82799
C122: 2 | D122: 一配鮪魚飯糰 | E122: 3 | F122: 3600 | G122: =F122/E122 -> 1200 | I122: =AVERAGE(P122,U122,Z122,AE122,AJ122,AO122,AT122) -> 3 | J122: =AVERAGE(Q122,V122,AA122,AF122,AK122,AP122,AU122) -> 3170.8251 | K122: =AVERAGE(R122,W122,AB122,AG122,AL122,AQ122,AV122) -> 1056.9417 | M122: =RANK(K122, K$121:$K$153) -> 7 | P122: 3 | Q122: 3170.5009 | R122: =IFERROR(Q122/P122,"") -> 1056.8336 | S122: =RANK(R122, R$121:R$153) -> 7 | U122: 3 | V122: 3170.4519 | W122: =IFERROR(V122/U122,"") -> 1056.8173 | X122: =RANK(W122, W$121:W$153) -> 7 | Z122: 3 | AA122: 3170.6199 | AB122: =IFERROR(AA122/Z122,"") -> 1056.8733 | AC122: =RANK(AB122, AB$121:AB$153) -> 6 | AE122: 3 | AF122: 3170.7889 | AG122: =IFERROR(AF122/AE122,"") -> 1056.9296 | AH122: =RANK(AG122, AG$121:AG$153) -> 5 | AJ122: 3 | AK122: 3171.0188 | AL122: =IFERROR(AK122/AJ122,"") -> 1057.0063 | AM122: =RANK(AL122, AL$121:AL$153) -> 6 | AO122: 3 | AP122: 3171.2137 | AQ122: =IFERROR(AP122/AO122,"") -> 1057.0712 | AR122: =RANK(AQ122, AQ$121:AQ$153) -> 6 | AT122: 3 | AU122: 3171.1816 | AV122: =IFERROR(AU122/AT122,"") -> 1057.0605 | AW122: =RANK(AV122, AV$121:AV$153) -> 6
C123: 3 | D123: 一配雞肉飯飯糰 | E123: 5 | F123: 3600 | G123: =F123/E123 -> 720 | I123: =AVERAGE(P123,U123,Z123,AE123,AJ123,AO123,AT123) -> 5 | J123: =AVERAGE(Q123,V123,AA123,AF123,AK123,AP123,AU123) -> 3171.1374 | K123: =AVERAGE(R123,W123,AB123,AG123,AL123,AQ123,AV123) -> 634.22747 | M123: =RANK(K123, K$121:$K$153) -> 23 | P123: 5 | Q123: 3171.0383 | R123: =IFERROR(Q123/P123,"") -> 634.20765 | S123: =RANK(R123, R$121:R$153) -> 23 | U123: 5 | V123: 3171.0347 | W123: =IFERROR(V123/U123,"") -> 634.20694 | X123: =RANK(W123, W$121:W$153) -> 23 | Z123: 5 | AA123: 3170.7285 | AB123: =IFERROR(AA123/Z123,"") -> 634.1457 | AC123: =RANK(AB123, AB$121:AB$153) -> 23 | AE123: 5 | AF123: 3171.0442 | AG123: =IFERROR(AF123/AE123,"") -> 634.20884 | AH123: =RANK(AG123, AG$121:AG$153) -> 23 | AJ123: 5 | AK123: 3171.3718 | AL123: =IFERROR(AK123/AJ123,"") -> 634.27435 | AM123: =RANK(AL123, AL$121:AL$153) -> 23 | AO123: 5 | AP123: 3171.3154 | AQ123: =IFERROR(AP123/AO123,"") -> 634.26309 | AR123: =RANK(AQ123, AQ$121:AQ$153) -> 23 | AT123: 5 | AU123: 3171.4286 | AV123: =IFERROR(AU123/AT123,"") -> 634.28571 | AW123: =RANK(AV123, AV$121:AV$153) -> 22
C124: 4 | D124: 一配壹號醬炙烤牛飯糰 | E124: 5 | F124: 3300 | G124: =F124/E124 -> 660 | I124: =AVERAGE(P124,U124,Z124,AE124,AJ124,AO124,AT124) -> 5 | J124: =AVERAGE(Q124,V124,AA124,AF124,AK124,AP124,AU124) -> 2943.4568 | K124: =AVERAGE(R124,W124,AB124,AG124,AL124,AQ124,AV124) -> 588.69136 | M124: =RANK(K124, K$121:$K$153) -> 26 | P124: 5 | Q124: 2944.4162 | R124: =IFERROR(Q124/P124,"") -> 588.88325 | S124: =RANK(R124, R$121:R$153) -> 26 | U124: 5 | V124: 2944.8276 | W124: =IFERROR(V124/U124,"") -> 588.96552 | X124: =RANK(W124, W$121:W$153) -> 26 | Z124: 5 | AA124: 2943.7377 | AB124: =IFERROR(AA124/Z124,"") -> 588.74754 | AC124: =RANK(AB124, AB$121:AB$153) -> 26 | AE124: 5 | AF124: 2943.2225 | AG124: =IFERROR(AF124/AE124,"") -> 588.6445 | AH124: =RANK(AG124, AG$121:AG$153) -> 26 | AJ124: 5 | AK124: 2942.4045 | AL124: =IFERROR(AK124/AJ124,"") -> 588.48089 | AM124: =RANK(AL124, AL$121:AL$153) -> 26 | AO124: 5 | AP124: 2942.8037 | AQ124: =IFERROR(AP124/AO124,"") -> 588.56075 | AR124: =RANK(AQ124, AQ$121:AQ$153) -> 26 | AT124: 5 | AU124: 2942.7854 | AV124: =IFERROR(AU124/AT124,"") -> 588.55709 | AW124: =RANK(AV124, AV$121:AV$153) -> 24
C125: 5 | D125: 一配明太子龍蝦風味沙拉飯糰 | E125: 3 | F125: 3600 | G125: =F125/E125 -> 1200 | I125: =AVERAGE(P125,U125,Z125,AE125,AJ125,AO125,AT125) -> 3 | J125: =AVERAGE(Q125,V125,AA125,AF125,AK125,AP125,AU125) -> 3172.6987 | K125: =AVERAGE(R125,W125,AB125,AG125,AL125,AQ125,AV125) -> 1057.5662 | M125: =RANK(K125, K$121:$K$153) -> 4 | P125: 3 | Q125: 3171.9323 | R125: =IFERROR(Q125/P125,"") -> 1057.3108 | S125: =RANK(R125, R$121:R$153) -> 4 | U125: 3 | V125: 3172.1887 | W125: =IFERROR(V125/U125,"") -> 1057.3962 | X125: =RANK(W125, W$121:W$153) -> 4 | Z125: 3 | AA125: 3172.5247 | AB125: =IFERROR(AA125/Z125,"") -> 1057.5082 | AC125: =RANK(AB125, AB$121:AB$153) -> 5 | AE125: 3 | AF125: 3172.9395 | AG125: =IFERROR(AF125/AE125,"") -> 1057.6465 | AH125: =RANK(AG125, AG$121:AG$153) -> 4 | AJ125: 3 | AK125: 3172.5782 | AL125: =IFERROR(AK125/AJ125,"") -> 1057.5261 | AM125: =RANK(AL125, AL$121:AL$153) -> 4 | AO125: 3 | AP125: 3173.1707 | AQ125: =IFERROR(AP125/AO125,"") -> 1057.7236 | AR125: =RANK(AQ125, AQ$121:AQ$153) -> 4 | AT125: 3 | AU125: 3173.557 | AV125: =IFERROR(AU125/AT125,"") -> 1057.8523 | AW125: =RANK(AV125, AV$121:AV$153) -> 4
C126: 6 | D126: 一配贅沢鮭魚肚飯糰 | E126: 3 | F126: 3000 | G126: =F126/E126 -> 1000 | I126: =AVERAGE(P126,U126,Z126,AE126,AJ126,AO126,AT126) -> 3 | J126: =AVERAGE(Q126,V126,AA126,AF126,AK126,AP126,AU126) -> 2695.8806 | K126: =AVERAGE(R126,W126,AB126,AG126,AL126,AQ126,AV126) -> 898.62686 | M126: =RANK(K126, K$121:$K$153) -> 10 | P126: 3 | Q126: 2694.8069 | R126: =IFERROR(Q126/P126,"") -> 898.26897 | S126: =RANK(R126, R$121:R$153) -> 10 | U126: 3 | V126: 2694.8383 | W126: =IFERROR(V126/U126,"") -> 898.27942 | X126: =RANK(W126, W$121:W$153) -> 11 | Z126: 3 | AA126: 2694.6921 | AB126: =IFERROR(AA126/Z126,"") -> 898.23071 | AC126: =RANK(AB126, AB$121:AB$153) -> 11 | AE126: 3 | AF126: 2695.3111 | AG126: =IFERROR(AF126/AE126,"") -> 898.43702 | AH126: =RANK(AG126, AG$121:AG$153) -> 10 | AJ126: 3 | AK126: 2696.8561 | AL126: =IFERROR(AK126/AJ126,"") -> 898.95205 | AM126: =RANK(AL126, AL$121:AL$153) -> 9 | AO126: 3 | AP126: 2697.116 | AQ126: =IFERROR(AP126/AO126,"") -> 899.03867 | AR126: =RANK(AQ126, AQ$121:AQ$153) -> 9 | AT126: 3 | AU126: 2697.5436 | AV126: =IFERROR(AU126/AT126,"") -> 899.18119 | AW126: =RANK(AV126, AV$121:AV$153) -> 9
C127: 7 | D127: 一配蔬食鮪魚飯糰 | E127: 3 | F127: 3600 | G127: =F127/E127 -> 1200 | I127: =AVERAGE(P127,U127,Z127,AE127,AJ127,AO127,AT127) -> 3 | J127: =AVERAGE(Q127,V127,AA127,AF127,AK127,AP127,AU127) -> 3175.2958 | K127: =AVERAGE(R127,W127,AB127,AG127,AL127,AQ127,AV127) -> 1058.4319 | M127: =RANK(K127, K$121:$K$153) -> 2 | P127: 3 | Q127: 3174.6736 | R127: =IFERROR(Q127/P127,"") -> 1058.2245 | S127: =RANK(R127, R$121:R$153) -> 3 | U127: 3 | V127: 3175.4717 | W127: =IFERROR(V127/U127,"") -> 1058.4906 | X127: =RANK(W127, W$121:W$153) -> 2 | Z127: 3 | AA127: 3174.2994 | AB127: =IFERROR(AA127/Z127,"") -> 1058.0998 | AC127: =RANK(AB127, AB$121:AB$153) -> 3 | AE127: 3 | AF127: 3173.728 | AG127: =IFERROR(AF127/AE127,"") -> 1057.9093 | AH127: =RANK(AG127, AG$121:AG$153) -> 3 | AJ127: 3 | AK127: 3175.4032 | AL127: =IFERROR(AK127/AJ127,"") -> 1058.4677 | AM127: =RANK(AL127, AL$121:AL$153) -> 2 | AO127: 3 | AP127: 3176.7442 | AQ127: =IFERROR(AP127/AO127,"") -> 1058.9147 | AR127: =RANK(AQ127, AQ$121:AQ$153) -> 2 | AT127: 3 | AU127: 3176.7503 | AV127: =IFERROR(AU127/AT127,"") -> 1058.9168 | AW127: =RANK(AV127, AV$121:AV$153) -> 1
C128: 8 | D128: 一配熟成紅鮭飯糰 | E128: 4 | F128: 3300 | G128: =F128/E128 -> 825 | I128: =AVERAGE(P128,U128,Z128,AE128,AJ128,AO128,AT128) -> 4 | J128: =AVERAGE(Q128,V128,AA128,AF128,AK128,AP128,AU128) -> 2939.4964 | K128: =AVERAGE(R128,W128,AB128,AG128,AL128,AQ128,AV128) -> 734.87409 | M128: =RANK(K128, K$121:$K$153) -> 17 | P128: 4 | Q128: 2938.9187 | R128: =IFERROR(Q128/P128,"") -> 734.72966 | S128: =RANK(R128, R$121:R$153) -> 17 | U128: 4 | V128: 2939.8833 | W128: =IFERROR(V128/U128,"") -> 734.97082 | X128: =RANK(W128, W$121:W$153) -> 17 | Z128: 4 | AA128: 2940.4444 | AB128: =IFERROR(AA128/Z128,"") -> 735.11111 | AC128: =RANK(AB128, AB$121:AB$153) -> 16 | AE128: 4 | AF128: 2939.1921 | AG128: =IFERROR(AF128/AE128,"") -> 734.79802 | AH128: =RANK(AG128, AG$121:AG$153) -> 17 | AJ128: 4 | AK128: 2938.9985 | AL128: =IFERROR(AK128/AJ128,"") -> 734.74962 | AM128: =RANK(AL128, AL$121:AL$153) -> 17 | AO128: 4 | AP128: 2939.4026 | AQ128: =IFERROR(AP128/AO128,"") -> 734.85064 | AR128: =RANK(AQ128, AQ$121:AQ$153) -> 17 | AT128: 4 | AU128: 2939.635 | AV128: =IFERROR(AU128/AT128,"") -> 734.90875 | AW128: =RANK(AV128, AV$121:AV$153) -> 16
C129: 9 | D129: 一配北海道秋鮭親子飯糰 | E129: 4 | F129: 3300 | G129: =F129/E129 -> 825 | I129: =AVERAGE(P129,U129,Z129,AE129,AJ129,AO129,AT129) -> 4 | J129: =AVERAGE(Q129,V129,AA129,AF129,AK129,AP129,AU129) -> 2938.3235 | K129: =AVERAGE(R129,W129,AB129,AG129,AL129,AQ129,AV129) -> 734.58089 | M129: =RANK(K129, K$121:$K$153) -> 18 | P129: 4 | Q129: 2938.4554 | R129: =IFERROR(Q129/P129,"") -> 734.61386 | S129: =RANK(R129, R$121:R$153) -> 18 | U129: 4 | V129: 2938.214 | W129: =IFERROR(V129/U129,"") -> 734.5535 | X129: =RANK(W129, W$121:W$153) -> 18 | Z129: 4 | AA129: 2937.5051 | AB129: =IFERROR(AA129/Z129,"") -> 734.37629 | AC129: =RANK(AB129, AB$121:AB$153) -> 19 | AE129: 4 | AF129: 2938.3361 | AG129: =IFERROR(AF129/AE129,"") -> 734.58401 | AH129: =RANK(AG129, AG$121:AG$153) -> 18 | AJ129: 4 | AK129: 2938.1733 | AL129: =IFERROR(AK129/AJ129,"") -> 734.54333 | AM129: =RANK(AL129, AL$121:AL$153) -> 18 | AO129: 4 | AP129: 2938.8338 | AQ129: =IFERROR(AP129/AO129,"") -> 734.70845 | AR129: =RANK(AQ129, AQ$121:AQ$153) -> 18 | AT129: 4 | AU129: 2938.7471 | AV129: =IFERROR(AU129/AT129,"") -> 734.68677 | AW129: =RANK(AV129, AV$121:AV$153) -> 17
C130: 10 | D130: 一配照燒雞肉飯糰 | E130: 4 | F130: 3300 | G130: =F130/E130 -> 825 | I130: =AVERAGE(P130,U130,Z130,AE130,AJ130,AO130,AT130) -> 4 | J130: =AVERAGE(Q130,V130,AA130,AF130,AK130,AP130,AU130) -> 2970.3737 | K130: =AVERAGE(R130,W130,AB130,AG130,AL130,AQ130,AV130) -> 742.59342 | M130: =RANK(K130, K$121:$K$153) -> 14 | P130: 4 | Q130: 2971.2783 | R130: =IFERROR(Q130/P130,"") -> 742.81957 | S130: =RANK(R130, R$121:R$153) -> 14 | U130: 4 | V130: 2970.892 | W130: =IFERROR(V130/U130,"") -> 742.723 | X130: =RANK(W130, W$121:W$153) -> 14 | Z130: 4 | AA130: 2969.8572 | AB130: =IFERROR(AA130/Z130,"") -> 742.4643 | AC130: =RANK(AB130, AB$121:AB$153) -> 15 | AE130: 4 | AF130: 2970.2001 | AG130: =IFERROR(AF130/AE130,"") -> 742.55004 | AH130: =RANK(AG130, AG$121:AG$153) -> 14 | AJ130: 4 | AK130: 2969.7842 | AL130: =IFERROR(AK130/AJ130,"") -> 742.44604 | AM130: =RANK(AL130, AL$121:AL$153) -> 15 | AO130: 4 | AP130: 2970.2302 | AQ130: =IFERROR(AP130/AO130,"") -> 742.55754 | AR130: =RANK(AQ130, AQ$121:AQ$153) -> 14
C131: 11 | D131: 一配經典肉鬆飯糰 | E131: 3 | F131: 3000 | G131: =F131/E131 -> 1000 | I131: =AVERAGE(P131,U131,Z131,AE131,AJ131,AO131,AT131) -> 3 | J131: =AVERAGE(Q131,V131,AA131,AF131,AK131,AP131,AU131) -> 2695.9471 | K131: =AVERAGE(R131,W131,AB131,AG131,AL131,AQ131,AV131) -> 898.64905 | M131: =RANK(K131, K$121:$K$153) -> 9 | P131: 3 | Q131: 2695.5797 | R131: =IFERROR(Q131/P131,"") -> 898.52657 | S131: =RANK(R131, R$121:R$153) -> 9 | U131: 3 | V131: 2695.5112 | W131: =IFERROR(V131/U131,"") -> 898.50374 | X131: =RANK(W131, W$121:W$153) -> 9 | Z131: 3 | AA131: 2695.6466 | AB131: =IFERROR(AA131/Z131,"") -> 898.54886 | AC131: =RANK(AB131, AB$121:AB$153) -> 9 | AE131: 3 | AF131: 2695.9242 | AG131: =IFERROR(AF131/AE131,"") -> 898.64142 | AH131: =RANK(AG131, AG$121:AG$153) -> 9 | AJ131: 3 | AK131: 2696.1538 | AL131: =IFERROR(AK131/AJ131,"") -> 898.71795 | AM131: =RANK(AL131, AL$121:AL$153) -> 10 | AO131: 3 | AP131: 2696.4624 | AQ131: =IFERROR(AP131/AO131,"") -> 898.82079 | AR131: =RANK(AQ131, AQ$121:AQ$153) -> 10 | AT131: 3 | AU131: 2696.3521 | AV131: =IFERROR(AU131/AT131,"") -> 898.78402 | AW131: =RANK(AV131, AV$121:AV$153) -> 11
C132: 12 | D132: 一配兩粒飯糰(鮪魚.焦糖鮭魚) | E132: 12 | F132: 3600 | G132: =F132/E132 -> 300 | I132: =AVERAGE(P132,U132,Z132,AE132,AJ132,AO132,AT132) -> 12 | J132: =AVERAGE(Q132,V132,AA132,AF132,AK132,AP132,AU132) -> 3126.0166 | K132: =AVERAGE(R132,W132,AB132,AG132,AL132,AQ132,AV132) -> 260.50139 | M132: =RANK(K132, K$121:$K$153) -> 30 | P132: 12 | Q132: 3126.5168 | R132: =IFERROR(Q132/P132,"") -> 260.54306 | S132: =RANK(R132, R$121:R$153) -> 29 | U132: 12 | V132: 3126.2758 | W132: =IFERROR(V132/U132,"") -> 260.52299 | X132: =RANK(W132, W$121:W$153) -> 29 | Z132: 12 | AA132: 3126.3576 | AB132: =IFERROR(AA132/Z132,"") -> 260.5298 | AC132: =RANK(AB132, AB$121:AB$153) -> 30 | AE132: 12 | AF132: 3125.7848 | AG132: =IFERROR(AF132/AE132,"") -> 260.48206 | AH132: =RANK(AG132, AG$121:AG$153) -> 30 | AJ132: 12 | AK132: 3125.5319 | AL132: =IFERROR(AK132/AJ132,"") -> 260.46099 | AM132: =RANK(AL132, AL$121:AL$153) -> 31 | AO132: 12 | AP132: 3125.5698 | AQ132: =IFERROR(AP132/AO132,"") -> 260.46415 | AR132: =RANK(AQ132, AQ$121:AQ$153) -> 30 | AT132: 12 | AU132: 3126.0797 | AV132: =IFERROR(AU132/AT132,"") -> 260.50664 | AW132: =RANK(AV132, AV$121:AV$153) -> 29
C133: 13 | D133: 一配鮭魚奶油醬油飯糰 | E133: 3 | F133: 3300 | G133: =F133/E133 -> 1100 | I133: =AVERAGE(P133,U133,Z133,AE133,AJ133,AO133,AT133) -> 3 | J133: =AVERAGE(Q133,V133,AA133,AF133,AK133,AP133,AU133) -> 2971.2783 | K133: =AVERAGE(R133,W133,AB133,AG133,AL133,AQ133,AV133) -> 990.42609 | M133: =RANK(K133, K$121:$K$153) -> 8 | P133: 3 | Q133: 2971.4031 | R133: =IFERROR(Q133/P133,"") -> 990.46771 | S133: =RANK(R133, R$121:R$153) -> 8 | U133: 3 | V133: 2971.2959 | W133: =IFERROR(V133/U133,"") -> 990.43196 | X133: =RANK(W133, W$121:W$153) -> 8 | Z133: 3 | AA133: 2971.374 | AB133: =IFERROR(AA133/Z133,"") -> 990.45802 | AC133: =RANK(AB133, AB$121:AB$153) -> 8 | AE133: 3 | AF133: 2971.4286 | AG133: =IFERROR(AF133/AE133,"") -> 990.47619 | AH133: =RANK(AG133, AG$121:AG$153) -> 8 | AJ133: 3 | AK133: 2971.1939 | AL133: =IFERROR(AK133/AJ133,"") -> 990.39798 | AM133: =RANK(AL133, AL$121:AL$153) -> 8 | AO133: 3 | AP133: 2971.0327 | AQ133: =IFERROR(AP133/AO133,"") -> 990.34423 | AR133: =RANK(AQ133, AQ$121:AQ$153) -> 8 | AT133: 3 | AU133: 2971.2196 | AV133: =IFERROR(AU133/AT133,"") -> 990.40654 | AW133: =RANK(AV133, AV$121:AV$153) -> 8
C134: 14 | D134: 一配紅運烏魚子紹興飯糰 | E134: 5 | F134: 3300 | G134: =F134/E134 -> 660 | I134: =AVERAGE(P134,U134,Z134,AE134,AJ134,AO134,AT134) -> 5 | J134: =AVERAGE(Q134,V134,AA134,AF134,AK134,AP134,AU134) -> 2969.648 | K134: =AVERAGE(R134,W134,AB134,AG134,AL134,AQ134,AV134) -> 593.9296 | M134: =RANK(K134, K$121:$K$153) -> 25 | P134: 5 | Q134: 2969.0722 | R134: =IFERROR(Q134/P134,"") -> 593.81443 | S134: =RANK(R134, R$121:R$153) -> 25 | U134: 5 | V134: 2969.441 | W134: =IFERROR(V134/U134,"") -> 593.8882 | X134: =RANK(W134, W$121:W$153) -> 25 | Z134: 5 | AA134: 2969.7049 | AB134: =IFERROR(AA134/Z134,"") -> 593.94098 | AC134: =RANK(AB134, AB$121:AB$153) -> 25 | AE134: 5 | AF134: 2969.6629 | AG134: =IFERROR(AF134/AE134,"") -> 593.93258 | AH134: =RANK(AG134, AG$121:AG$153) -> 25 | AJ134: 5 | AK134: 2969.71 | AL134: =IFERROR(AK134/AJ134,"") -> 593.942 | AM134: =RANK(AL134, AL$121:AL$153) -> 25 | AO134: 5 | AP134: 2970.297 | AQ134: =IFERROR(AP134/AO134,"") -> 594.05941 | AR134: =RANK(AQ134, AQ$121:AQ$153) -> 25
C135: 15 | D135: 二配雞肉飯飯糰 | E135: 5 | F135: 3600 | G135: =F135/E135 -> 720 | I135: =AVERAGE(P135,U135,Z135,AE135,AJ135,AO135,AT135) -> 5 | J135: =AVERAGE(Q135,V135,AA135,AF135,AK135,AP135,AU135) -> 3170.475 | K135: =AVERAGE(R135,W135,AB135,AG135,AL135,AQ135,AV135) -> 634.09499 | M135: =RANK(K135, K$121:$K$153) -> 24 | P135: 5 | Q135: 3170.4152 | R135: =IFERROR(Q135/P135,"") -> 634.08304 | S135: =RANK(R135, R$121:R$153) -> 24 | U135: 5 | V135: 3170.7738 | W135: =IFERROR(V135/U135,"") -> 634.15477 | X135: =RANK(W135, W$121:W$153) -> 24 | Z135: 5 | AA135: 3170.5157 | AB135: =IFERROR(AA135/Z135,"") -> 634.10314 | AC135: =RANK(AB135, AB$121:AB$153) -> 24 | AE135: 5 | AF135: 3170.4451 | AG135: =IFERROR(AF135/AE135,"") -> 634.08902 | AH135: =RANK(AG135, AG$121:AG$153) -> 24 | AJ135: 5 | AK135: 3170.1902 | AL135: =IFERROR(AK135/AJ135,"") -> 634.03804 | AM135: =RANK(AL135, AL$121:AL$153) -> 24 | AO135: 5 | AP135: 3170.3225 | AQ135: =IFERROR(AP135/AO135,"") -> 634.0645 | AR135: =RANK(AQ135, AQ$121:AQ$153) -> 24 | AT135: 5 | AU135: 3170.6622 | AV135: =IFERROR(AU135/AT135,"") -> 634.13244 | AW135: =RANK(AV135, AV$121:AV$153) -> 23
C136: 16 | D136: 二配鮪魚飯糰 | E136: 3 | F136: 3600 | G136: =F136/E136 -> 1200 | I136: =AVERAGE(P136,U136,Z136,AE136,AJ136,AO136,AT136) -> 3 | J136: =AVERAGE(Q136,V136,AA136,AF136,AK136,AP136,AU136) -> 3171.5189 | K136: =AVERAGE(R136,W136,AB136,AG136,AL136,AQ136,AV136) -> 1057.173 | M136: =RANK(K136, K$121:$K$153) -> 5 | P136: 3 | Q136: 3170.631 | R136: =IFERROR(Q136/P136,"") -> 1056.877 | S136: =RANK(R136, R$121:R$153) -> 6 | U136: 3 | V136: 3170.9374 | W136: =IFERROR(V136/U136,"") -> 1056.9791 | X136: =RANK(W136, W$121:W$153) -> 6 | Z136: 3 | AA136: 3170.5845 | AB136: =IFERROR(AA136/Z136,"") -> 1056.8615 | AC136: =RANK(AB136, AB$121:AB$153) -> 7 | AE136: 3 | AF136: 3170.7033 | AG136: =IFERROR(AF136/AE136,"") -> 1056.9011 | AH136: =RANK(AG136, AG$121:AG$153) -> 6 | AJ136: 3 | AK136: 3171.7262 | AL136: =IFERROR(AK136/AJ136,"") -> 1057.2421 | AM136: =RANK(AL136, AL$121:AL$153) -> 5 | AO136: 3 | AP136: 3172.5639 | AQ136: =IFERROR(AP136/AO136,"") -> 1057.5213 | AR136: =RANK(AQ136, AQ$121:AQ$153) -> 5 | AT136: 3 | AU136: 3173.4857 | AV136: =IFERROR(AU136/AT136,"") -> 1057.8286 | AW136: =RANK(AV136, AV$121:AV$153) -> 5
C137: 17 | D137: 二配鹽蔥燒肉飯糰 | E137: 4 | F137: 3600 | G137: =F137/E137 -> 900 | I137: =AVERAGE(P137,U137,Z137,AE137,AJ137,AO137,AT137) -> 4 | J137: =AVERAGE(Q137,V137,AA137,AF137,AK137,AP137,AU137) -> 3170.216 | K137: =AVERAGE(R137,W137,AB137,AG137,AL137,AQ137,AV137) -> 792.55399 | M137: =RANK(K137, K$121:$K$153) -> 13 | P137: 4 | Q137: 3169.6509 | R137: =IFERROR(Q137/P137,"") -> 792.41272 | S137: =RANK(R137, R$121:R$153) -> 13 | U137: 4 | V137: 3169.0676 | W137: =IFERROR(V137/U137,"") -> 792.2669 | X137: =RANK(W137, W$121:W$153) -> 13 | Z137: 4 | AA137: 3169.0075 | AB137: =IFERROR(AA137/Z137,"") -> 792.25187 | AC137: =RANK(AB137, AB$121:AB$153) -> 13 | AE137: 4 | AF137: 3167.7141 | AG137: =IFERROR(AF137/AE137,"") -> 791.92851 | AH137: =RANK(AG137, AG$121:AG$153) -> 13 | AJ137: 4 | AK137: 3167.4624 | AL137: =IFERROR(AK137/AJ137,"") -> 791.86559 | AM137: =RANK(AL137, AL$121:AL$153) -> 13 | AO137: 4 | AP137: 3172.1081 | AQ137: =IFERROR(AP137/AO137,"") -> 793.02704 | AR137: =RANK(AQ137, AQ$121:AQ$153) -> 12 | AT137: 4 | AU137: 3176.5013 | AV137: =IFERROR(AU137/AT137,"") -> 794.12532 | AW137: =RANK(AV137, AV$121:AV$153) -> 12
C138: 18 | D138: 二配壹號醬炙烤牛飯糰 | E138: 5 | F138: 3300 | G138: =F138/E138 -> 660 | I138: =AVERAGE(P138,U138,Z138,AE138,AJ138,AO138,AT138) -> 5 | J138: =AVERAGE(Q138,V138,AA138,AF138,AK138,AP138,AU138) -> 2937.3799 | K138: =AVERAGE(R138,W138,AB138,AG138,AL138,AQ138,AV138) -> 587.47598 | M138: =RANK(K138, K$121:$K$153) -> 27 | P138: 5 | Q138: 2938.9087 | R138: =IFERROR(Q138/P138,"") -> 587.78175 | S138: =RANK(R138, R$121:R$153) -> 27 | U138: 5 | V138: 2938.6613 | W138: =IFERROR(V138/U138,"") -> 587.73227 | X138: =RANK(W138, W$121:W$153) -> 27 | Z138: 5 | AA138: 2936.7117 | AB138: =IFERROR(AA138/Z138,"") -> 587.34233 | AC138: =RANK(AB138, AB$121:AB$153) -> 27 | AE138: 5 | AF138: 2935.3255 | AG138: =IFERROR(AF138/AE138,"") -> 587.0651 | AH138: =RANK(AG138, AG$121:AG$153) -> 27 | AJ138: 5 | AK138: 2936.415 | AL138: =IFERROR(AK138/AJ138,"") -> 587.28301 | AM138: =RANK(AL138, AL$121:AL$153) -> 27 | AO138: 5 | AP138: 2936.9646 | AQ138: =IFERROR(AP138/AO138,"") -> 587.39291 | AR138: =RANK(AQ138, AQ$121:AQ$153) -> 27 | AT138: 5 | AU138: 2938.6726 | AV138: =IFERROR(AU138/AT138,"") -> 587.73451 | AW138: =RANK(AV138, AV$121:AV$153) -> 25
C139: 19 | D139: 二配明太子龍蝦風味沙拉飯糰 | E139: 3 | F139: 3600 | G139: =F139/E139 -> 1200 | I139: =AVERAGE(P139,U139,Z139,AE139,AJ139,AO139,AT139) -> 3 | J139: =AVERAGE(Q139,V139,AA139,AF139,AK139,AP139,AU139) -> 3175.103 | K139: =AVERAGE(R139,W139,AB139,AG139,AL139,AQ139,AV139) -> 1058.3677 | M139: =RANK(K139, K$121:$K$153) -> 3 | P139: 3 | Q139: 3175.3068 | R139: =IFERROR(Q139/P139,"") -> 1058.4356 | S139: =RANK(R139, R$121:R$153) -> 2 | U139: 3 | V139: 3174.8803 | W139: =IFERROR(V139/U139,"") -> 1058.2934 | X139: =RANK(W139, W$121:W$153) -> 3 | Z139: 3 | AA139: 3174.6742 | AB139: =IFERROR(AA139/Z139,"") -> 1058.2247 | AC139: =RANK(AB139, AB$121:AB$153) -> 2 | AE139: 3 | AF139: 3174.5582 | AG139: =IFERROR(AF139/AE139,"") -> 1058.1861 | AH139: =RANK(AG139, AG$121:AG$153) -> 2 | AJ139: 3 | AK139: 3175.0893 | AL139: =IFERROR(AK139/AJ139,"") -> 1058.3631 | AM139: =RANK(AL139, AL$121:AL$153) -> 3 | AO139: 3 | AP139: 3175.5639 | AQ139: =IFERROR(AP139/AO139,"") -> 1058.5213 | AR139: =RANK(AQ139, AQ$121:AQ$153) -> 3 | AT139: 3 | AU139: 3175.6486 | AV139: =IFERROR(AU139/AT139,"") -> 1058.5495 | AW139: =RANK(AV139, AV$121:AV$153) -> 2
C140: 20 | D140: 二配蔬食鮪魚飯糰 | E140: 3 | F140: 3600 | G140: =F140/E140 -> 1200 | I140: =AVERAGE(P140,U140,Z140,AE140,AJ140,AO140,AT140) -> 3 | J140: =AVERAGE(Q140,V140,AA140,AF140,AK140,AP140,AU140) -> 3171.1594 | K140: =AVERAGE(R140,W140,AB140,AG140,AL140,AQ140,AV140) -> 1057.0531 | M140: =RANK(K140, K$121:$K$153) -> 6 | P140: 3 | Q140: 3171.3217 | R140: =IFERROR(Q140/P140,"") -> 1057.1072 | S140: =RANK(R140, R$121:R$153) -> 5 | U140: 3 | V140: 3171.2665 | W140: =IFERROR(V140/U140,"") -> 1057.0888 | X140: =RANK(W140, W$121:W$153) -> 5 | Z140: 3 | AA140: 3172.6867 | AB140: =IFERROR(AA140/Z140,"") -> 1057.5622 | AC140: =RANK(AB140, AB$121:AB$153) -> 4 | AE140: 3 | AF140: 3170.5655 | AG140: =IFERROR(AF140/AE140,"") -> 1056.8552 | AH140: =RANK(AG140, AG$121:AG$153) -> 7 | AJ140: 3 | AK140: 3170.6862 | AL140: =IFERROR(AK140/AJ140,"") -> 1056.8954 | AM140: =RANK(AL140, AL$121:AL$153) -> 7 | AO140: 3 | AP140: 3170.8029 | AQ140: =IFERROR(AP140/AO140,"") -> 1056.9343 | AR140: =RANK(AQ140, AQ$121:AQ$153) -> 7 | AT140: 3 | AU140: 3170.7865 | AV140: =IFERROR(AU140/AT140,"") -> 1056.9288 | AW140: =RANK(AV140, AV$121:AV$153) -> 7
C141: 21 | D141: 二配熟成紅鮭飯糰 | E141: 4 | F141: 3300 | G141: =F141/E141 -> 825 | I141: =AVERAGE(P141,U141,Z141,AE141,AJ141,AO141,AT141) -> 4 | J141: =AVERAGE(Q141,V141,AA141,AF141,AK141,AP141,AU141) -> 2940.054 | K141: =AVERAGE(R141,W141,AB141,AG141,AL141,AQ141,AV141) -> 735.01351 | M141: =RANK(K141, K$121:$K$153) -> 16 | P141: 4 | Q141: 2940.1649 | R141: =IFERROR(Q141/P141,"") -> 735.04123 | S141: =RANK(R141, R$121:R$153) -> 16 | U141: 4 | V141: 2940.1195 | W141: =IFERROR(V141/U141,"") -> 735.02987 | X141: =RANK(W141, W$121:W$153) -> 16 | Z141: 4 | AA141: 2939.3187 | AB141: =IFERROR(AA141/Z141,"") -> 734.82968 | AC141: =RANK(AB141, AB$121:AB$153) -> 17 | AE141: 4 | AF141: 2940.0131 | AG141: =IFERROR(AF141/AE141,"") -> 735.00326 | AH141: =RANK(AG141, AG$121:AG$153) -> 16 | AJ141: 4 | AK141: 2939.7888 | AL141: =IFERROR(AK141/AJ141,"") -> 734.94719 | AM141: =RANK(AL141, AL$121:AL$153) -> 16 | AO141: 4 | AP141: 2940.3194 | AQ141: =IFERROR(AP141/AO141,"") -> 735.07986 | AR141: =RANK(AQ141, AQ$121:AQ$153) -> 16 | AT141: 4 | AU141: 2940.6538 | AV141: =IFERROR(AU141/AT141,"") -> 735.16345 | AW141: =RANK(AV141, AV$121:AV$153) -> 15
C142: 22 | D142: 二配北海道秋鮭親子飯糰 | E142: 4 | F142: 3300 | G142: =F142/E142 -> 825 | I142: =AVERAGE(P142,U142,Z142,AE142,AJ142,AO142,AT142) -> 4 | J142: =AVERAGE(Q142,V142,AA142,AF142,AK142,AP142,AU142) -> 2937.2153 | K142: =AVERAGE(R142,W142,AB142,AG142,AL142,AQ142,AV142) -> 734.30382 | M142: =RANK(K142, K$121:$K$153) -> 19 | P142: 4 | Q142: 2937.5598 | R142: =IFERROR(Q142/P142,"") -> 734.38995 | S142: =RANK(R142, R$121:R$153) -> 19 | U142: 4 | V142: 2937.7628 | W142: =IFERROR(V142/U142,"") -> 734.44071 | X142: =RANK(W142, W$121:W$153) -> 19 | Z142: 4 | AA142: 2937.9897 | AB142: =IFERROR(AA142/Z142,"") -> 734.49742 | AC142: =RANK(AB142, AB$121:AB$153) -> 18 | AE142: 4 | AF142: 2936.4853 | AG142: =IFERROR(AF142/AE142,"") -> 734.12131 | AH142: =RANK(AG142, AG$121:AG$153) -> 19 | AJ142: 4 | AK142: 2936.1134 | AL142: =IFERROR(AK142/AJ142,"") -> 734.02834 | AM142: =RANK(AL142, AL$121:AL$153) -> 19 | AO142: 4 | AP142: 2936.9786 | AQ142: =IFERROR(AP142/AO142,"") -> 734.24465 | AR142: =RANK(AQ142, AQ$121:AQ$153) -> 19 | AT142: 4 | AU142: 2937.6174 | AV142: =IFERROR(AU142/AT142,"") -> 734.40436 | AW142: =RANK(AV142, AV$121:AV$153) -> 18
C143: 23 | D143: 二配芝麻香鬆飯糰 | E143: 4 | F143: 3000 | G143: =F143/E143 -> 750 | I143: =AVERAGE(P143,U143,Z143,AE143,AJ143,AO143,AT143) -> 4 | J143: =AVERAGE(Q143,V143,AA143,AF143,AK143,AP143,AU143) -> 2697.2155 | K143: =AVERAGE(R143,W143,AB143,AG143,AL143,AQ143,AV143) -> 674.30388 | M143: =RANK(K143, K$121:$K$153) -> 20 | P143: 4 | Q143: 2696.9843 | R143: =IFERROR(Q143/P143,"") -> 674.24607 | S143: =RANK(R143, R$121:R$153) -> 20 | U143: 4 | V143: 2696.0292 | W143: =IFERROR(V143/U143,"") -> 674.00731 | X143: =RANK(W143, W$121:W$153) -> 20 | Z143: 4 | AA143: 2696.3926 | AB143: =IFERROR(AA143/Z143,"") -> 674.09816 | AC143: =RANK(AB143, AB$121:AB$153) -> 20 | AE143: 4 | AF143: 2696.2963 | AG143: =IFERROR(AF143/AE143,"") -> 674.07407 | AH143: =RANK(AG143, AG$121:AG$153) -> 20 | AJ143: 4 | AK143: 2697.5431 | AL143: =IFERROR(AK143/AJ143,"") -> 674.38578 | AM143: =RANK(AL143, AL$121:AL$153) -> 20 | AO143: 4 | AP143: 2698.2607 | AQ143: =IFERROR(AP143/AO143,"") -> 674.56518 | AR143: =RANK(AQ143, AQ$121:AQ$153) -> 20 | AT143: 4 | AU143: 2699.0024 | AV143: =IFERROR(AU143/AT143,"") -> 674.75059 | AW143: =RANK(AV143, AV$121:AV$153) -> 19
C144: 24 | D144: 二配油蔥G絲飯糰 | E144: 4 | F144: 3300 | G144: =F144/E144 -> 825 | I144: =AVERAGE(P144,U144,Z144,AE144,AJ144,AO144,AT144) -> 4 | J144: =AVERAGE(Q144,V144,AA144,AF144,AK144,AP144,AU144) -> 2970.2684 | K144: =AVERAGE(R144,W144,AB144,AG144,AL144,AQ144,AV144) -> 742.5671 | M144: =RANK(K144, K$121:$K$153) -> 15 | P144: 4 | Q144: 2970.9402 | R144: =IFERROR(Q144/P144,"") -> 742.73504 | S144: =RANK(R144, R$121:R$153) -> 15 | U144: 4 | V144: 2969.7329 | W144: =IFERROR(V144/U144,"") -> 742.43323 | X144: =RANK(W144, W$121:W$153) -> 15 | Z144: 4 | AA144: 2971.4286 | AB144: =IFERROR(AA144/Z144,"") -> 742.85714 | AC144: =RANK(AB144, AB$121:AB$153) -> 14 | AE144: 4 | AF144: 2969.5187 | AG144: =IFERROR(AF144/AE144,"") -> 742.37968 | AH144: =RANK(AG144, AG$121:AG$153) -> 15 | AJ144: 4 | AK144: 2970 | AL144: =IFERROR(AK144/AJ144,"") -> 742.5 | AM144: =RANK(AL144, AL$121:AL$153) -> 14 | AO144: 4 | AP144: 2969.2159 | AQ144: =IFERROR(AP144/AO144,"") -> 742.30397 | AR144: =RANK(AQ144, AQ$121:AQ$153) -> 15 | AT144: 4 | AU144: 2971.0425 | AV144: =IFERROR(AU144/AT144,"") -> 742.76062 | AW144: =RANK(AV144, AV$121:AV$153) -> 14
C145: 25 | D145: 二配三杯醬爆菇菇飯糰 | E145: 3 | F145: 3600 | G145: =F145/E145 -> 1200 | I145: =AVERAGE(P145,U145,Z145,AE145,AJ145,AO145,AT145) -> 3 | J145: =AVERAGE(Q145,V145,AA145,AF145,AK145,AP145,AU145) -> 3177.433 | K145: =AVERAGE(R145,W145,AB145,AG145,AL145,AQ145,AV145) -> 1059.1443 | M145: =RANK(K145, K$121:$K$153) -> 1 | P145: 3 | Q145: 3178.9837 | R145: =IFERROR(Q145/P145,"") -> 1059.6612 | S145: =RANK(R145, R$121:R$153) -> 1 | U145: 3 | V145: 3178.6104 | W145: =IFERROR(V145/U145,"") -> 1059.5368 | X145: =RANK(W145, W$121:W$153) -> 1 | Z145: 3 | AA145: 3177.0235 | AB145: =IFERROR(AA145/Z145,"") -> 1059.0078 | AC145: =RANK(AB145, AB$121:AB$153) -> 1 | AE145: 3 | AF145: 3177.0848 | AG145: =IFERROR(AF145/AE145,"") -> 1059.0283 | AH145: =RANK(AG145, AG$121:AG$153) -> 1 | AJ145: 3 | AK145: 3177.7722 | AL145: =IFERROR(AK145/AJ145,"") -> 1059.2574 | AM145: =RANK(AL145, AL$121:AL$153) -> 1 | AO145: 3 | AP145: 3177.429 | AQ145: =IFERROR(AP145/AO145,"") -> 1059.143 | AR145: =RANK(AQ145, AQ$121:AQ$153) -> 1 | AT145: 3 | AU145: 3175.1276 | AV145: =IFERROR(AU145/AT145,"") -> 1058.3759 | AW145: =RANK(AV145, AV$121:AV$153) -> 3
C146: 26 | D146: 二配大飯糰韓式蒜烤豬五花 | E146: 4 | F146: 3000 | G146: =F146/E146 -> 750 | I146: =AVERAGE(P146,U146,Z146,AE146,AJ146,AO146,AT146) -> 4 | J146: =AVERAGE(Q146,V146,AA146,AF146,AK146,AP146,AU146) -> 2682.6469 | K146: =AVERAGE(R146,W146,AB146,AG146,AL146,AQ146,AV146) -> 670.66173 | M146: =RANK(K146, K$121:$K$153) -> 21 | P146: 4 | Q146: 2682.1067 | R146: =IFERROR(Q146/P146,"") -> 670.52668 | S146: =RANK(R146, R$121:R$153) -> 21 | U146: 4 | V146: 2682.1493 | W146: =IFERROR(V146/U146,"") -> 670.53732 | X146: =RANK(W146, W$121:W$153) -> 21 | Z146: 4 | AA146: 2682.5806 | AB146: =IFERROR(AA146/Z146,"") -> 670.64516 | AC146: =RANK(AB146, AB$121:AB$153) -> 21 | AE146: 4 | AF146: 2682.3221 | AG146: =IFERROR(AF146/AE146,"") -> 670.58053 | AH146: =RANK(AG146, AG$121:AG$153) -> 21 | AJ146: 4 | AK146: 2682.785 | AL146: =IFERROR(AK146/AJ146,"") -> 670.69625 | AM146: =RANK(AL146, AL$121:AL$153) -> 21 | AO146: 4 | AP146: 2682.9951 | AQ146: =IFERROR(AP146/AO146,"") -> 670.74878 | AR146: =RANK(AQ146, AQ$121:AQ$153) -> 21 | AT146: 4 | AU146: 2683.5896 | AV146: =IFERROR(AU146/AT146,"") -> 670.89739 | AW146: =RANK(AV146, AV$121:AV$153) -> 20
... C151: 31 | D151: 二配兩粒飯糰(鮪魚.焦糖鮭魚) | E151: 12 | F151: 3600 | G151: =F151/E151 -> 300 | I151: =AVERAGE(P151,U151,Z151,AE151,AJ151,AO151,AT151) -> 12 | J151: =AVERAGE(Q151,V151,AA151,AF151,AK151,AP151,AU151) -> 3125.7632 | K151: =AVERAGE(R151,W151,AB151,AG151,AL151,AQ151,AV151) -> 260.48027 | M151: =RANK(K151, K$121:$K$153) -> 31 | P151: 12 | Q151: 3125 | R151: =IFERROR(Q151/P151,"") -> 260.41667 | S151: =RANK(R151, R$121:R$153) -> 30 | U151: 12 | V151: 3125.4727 | W151: =IFERROR(V151/U151,"") -> 260.45606 | X151: =RANK(W151, W$121:W$153) -> 30 | Z151: 12 | AA151: 3125.3462 | AB151: =IFERROR(AA151/Z151,"") -> 260.44551 | AC151: =RANK(AB151, AB$121:AB$153) -> 31 | AE151: 12 | AF151: 3125.6757 | AG151: =IFERROR(AF151/AE151,"") -> 260.47297 | AH151: =RANK(AG151, AG$121:AG$153) -> 31 | AJ151: 12 | AK151: 3125.6158 | AL151: =IFERROR(AK151/AJ151,"") -> 260.46798 | AM151: =RANK(AL151, AL$121:AL$153) -> 30 | AO151: 12 | AP151: 3125.3631 | AQ151: =IFERROR(AP151/AO151,"") -> 260.44693 | AR151: =RANK(AQ151, AQ$121:AQ$153) -> 31 | AT151: 12 | AU151: 3127.8689 | AV151: =IFERROR(AU151/AT151,"") -> 260.65574 | AW151: =RANK(AV151, AV$121:AV$153) -> 28
...

Sheet （５-2）品群別人時生產性(18℃-壽司手卷)
B1: 3月平均人時性 | C1: =AVERAGE(L27,L47,L67,L87) -> 311.70582
B2: 產線配置圖－每週更新(0224-0302) | N2: 資料繳交 | O2: 日期 | P2: 46077 | U2: =P2+1 -> 46078 | Z2: =U2+1 -> 46079 | AE2: =Z2+1 -> 46080 | AJ2: =AE2+1 -> 46081 | AO2: =AJ2+1 -> 46082 | AT2: =AO2+1 -> 46083
P3: =P2 -> 46077 | U3: =U2 -> 46078 | Z3: =Z2 -> 46079 | AE3: =AE2 -> 46080 | AJ3: =AJ2 -> 46081 | AO3: =AO2 -> 46082 | AT3: =AT2 -> 46083
B4: 品群 | C4: 商品名稱 | E4: 計畫 | H4: 平均人時性 | I4: 實績 (週平均) | L4: 平均人時性 | M4: 排名 | O4: 日報 | P4: 實際 | T4: 平均人時性 | U4: 實際 | Y4: 平均人時性 | Z4: 實際 | AD4: 平均人時性 | AE4: 實際 | AI4: 平均人時性 | AJ4: 實際 | AN4: 平均人時性 | AO4: 實際 | AS4: 平均人時性 | AT4: 實際 | AX4: 平均人時性
E5: 產線配置圖 | I5: 產線配置圖 | P5: 生產實績 | U5: 生產實績 | Z5: 生產實績 | AE5: 生產實績 | AJ5: 生產實績 | AO5: 生產實績 | AT5: 生產實績
E6: 人數 | F6: 產能／時 | G6: 人時性 | I6: 人數 | J6: 產能／時 | K6: 人時性 | P6: 人數 | Q6: 產能／時 | R6: 人時性 | S6: 排名 | U6: 人數 | V6: 產能／時 | W6: 人時性 | X6: 排名 | Z6: 人數 | AA6: 產能／時 | AB6: 人時性 | AC6: 排名 | AE6: 人數 | AF6: 產能／時 | AG6: 人時性 | AH6: 排名 | AJ6: 人數 | AK6: 產能／時 | AL6: 人時性 | AM6: 排名 | AO6: 人數 | AP6: 產能／時 | AQ6: 人時性 | AR6: 排名 | AT6: 人數 | AU6: 產能／時 | AV6: 人時性 | AW6: 排名
B7: 18℃-壽司手卷 | C7: 1 | D7: 一配海饌雙手卷 | E7: 12 | F7: 3600 | G7: =F7/E7 -> 300 | H7: =AVERAGE(G7:G21) -> 340.15152 | I7: =AVERAGE(P7,U7,Z7,AE7,AJ7,AO7,AT7) -> 12 | J7: =AVERAGE(Q7,V7,AA7,AF7,AK7,AP7,AU7) -> 3140.3171 | K7: =AVERAGE(R7,W7,AB7,AG7,AL7,AQ7,AV7) -> 261.6931 | L7: =IFERROR(AVERAGE(K7:K21),"-") -> 300.55928 | M7: =RANK(K7, K$7:$K$21) -> 6 | P7: 12 | Q7: 3140.9573 | R7: =IFERROR(Q7/P7,"") -> 261.74644 | S7: =RANK(R7, R$7:R$21) -> 5 | T7: =AVERAGE(R7:R21) -> 300.56797 | U7: 12 | V7: 3140.1223 | W7: =IFERROR(V7/U7,"") -> 261.67686 | X7: =RANK(W7, W$7:W$21) -> 5 | Y7: =AVERAGE(W7:W21) -> 300.51268 | Z7: 12 | AA7: 3140.0531 | AB7: =IFERROR(AA7/Z7,"") -> 261.67109 | AC7: =RANK(AB7, AB$7:AB$21) -> 6 | AD7: =AVERAGE(AB7:AB21) -> 300.51455 | AE7: 12 | AF7: 3139.8496 | AG7: =IFERROR(AF7/AE7,"") -> 261.65414 | AH7: =RANK(AG7, AG$7:AG$21) -> 8 | AI7: =AVERAGE(AG7:AG21) -> 300.57598 | AJ7: 12 | AK7: 3140.5379 | AL7: =IFERROR(AK7/AJ7,"") -> 261.71149 | AM7: =RANK(AL7, AL$7:AL$21) -> 6 | AN7: =AVERAGE(AL7:AL21) -> 300.57533 | AO7: 12 | AP7: 3140.4522 | AQ7: =IFERROR(AP7/AO7,"") -> 261.70435 | AR7: =RANK(AQ7, AQ$7:AQ$21) -> 7 | AS7: =AVERAGE(AQ7:AQ21) -> 300.58262 | AT7: 12 | AU7: 3140.2477 | AV7: =IFERROR(AU7/AT7,"") -> 261.68731 | AW7: =RANK(AV7, AV$7:AV$21) -> 6 | AX7: =AVERAGE(AV7:AV21) -> 300.58583
C8: 2 | D8: 一配雙饗雙手卷 | E8: 12 | F8: 3600 | G8: =F8/E8 -> 300 | I8: =AVERAGE(P8,U8,Z8,AE8,AJ8,AO8,AT8) -> 12 | J8: =AVERAGE(Q8,V8,AA8,AF8,AK8,AP8,AU8) -> 3140.2426 | K8: =AVERAGE(R8,W8,AB8,AG8,AL8,AQ8,AV8) -> 261.68688 | M8: =RANK(K8, K$7:$K$21) -> 7 | P8: 12 | Q8: 3140.1254 | R8: =IFERROR(Q8/P8,"") -> 261.67712 | S8: =RANK(R8, R$7:R$21) -> 7 | U8: 12 | V8: 3139.8601 | W8: =IFERROR(V8/U8,"") -> 261.65501 | X8: =RANK(W8, W$7:W$21) -> 7 | Z8: 12 | AA8: 3139.6947 | AB8: =IFERROR(AA8/Z8,"") -> 261.64122 | AC8: =RANK(AB8, AB$7:AB$21) -> 8 | AE8: 12 | AF8: 3140.4255 | AG8: =IFERROR(AF8/AE8,"") -> 261.70213 | AH8: =RANK(AG8, AG$7:AG$21) -> 7 | AJ8: 12 | AK8: 3140.3473 | AL8: =IFERROR(AK8/AJ8,"") -> 261.69561 | AM8: =RANK(AL8, AL$7:AL$21) -> 8 | AO8: 12 | AP8: 3140.9125 | AQ8: =IFERROR(AP8/AO8,"") -> 261.74271 | AR8: =RANK(AQ8, AQ$7:AQ$21) -> 5 | AT8: 12 | AU8: 3140.3324 | AV8: =IFERROR(AU8/AT8,"") -> 261.69437 | AW8: =RANK(AV8, AV$7:AV$21) -> 5
C9: 3 | D9: 一配長野稻荷壽司 | E9: 11 | F9: 3600 | G9: =F9/E9 -> 327.27273 | I9: =AVERAGE(P9,U9,Z9,AE9,AJ9,AO9,AT9) -> 11 | J9: =AVERAGE(Q9,V9,AA9,AF9,AK9,AP9,AU9) -> 3176.7163 | K9: =AVERAGE(R9,W9,AB9,AG9,AL9,AQ9,AV9) -> 288.79239 | M9: =RANK(K9, K$7:$K$21) -> 3 | P9: 11 | Q9: 3175.8766 | R9: =IFERROR(Q9/P9,"") -> 288.71605 | S9: =RANK(R9, R$7:R$21) -> 3 | U9: 11 | V9: 3175.6588 | W9: =IFERROR(V9/U9,"") -> 288.69626 | X9: =RANK(W9, W$7:W$21) -> 3 | Z9: 11 | AA9: 3175.6345 | AB9: =IFERROR(AA9/Z9,"") -> 288.69405 | AC9: =RANK(AB9, AB$7:AB$21) -> 3 | AE9: 11 | AF9: 3176.5933 | AG9: =IFERROR(AF9/AE9,"") -> 288.78121 | AH9: =RANK(AG9, AG$7:AG$21) -> 3 | AJ9: 11 | AK9: 3176.989 | AL9: =IFERROR(AK9/AJ9,"") -> 288.81718 | AM9: =RANK(AL9, AL$7:AL$21) -> 3 | AO9: 11 | AP9: 3177.6727 | AQ9: =IFERROR(AP9/AO9,"") -> 288.87933 | AR9: =RANK(AQ9, AQ$7:AQ$21) -> 3 | AT9: 11 | AU9: 3178.5893 | AV9: =IFERROR(AU9/AT9,"") -> 288.96266 | AW9: =RANK(AV9, AV$7:AV$21) -> 3
C10: 4 | D10: 一配經典鮪魚沙拉細卷 | E10: 6 | F10: 2600 | G10: =F10/E10 -> 433.33333 | I10: =AVERAGE(P10,U10,Z10,AE10,AJ10,AO10,AT10) -> 6 | J10: =AVERAGE(Q10,V10,AA10,AF10,AK10,AP10,AU10) -> 2340.7792 | K10: =AVERAGE(R10,W10,AB10,AG10,AL10,AQ10,AV10) -> 390.12986 | M10: =RANK(K10, K$7:$K$21) -> 1 | P10: 6 | Q10: 2342.001 | R10: =IFERROR(Q10/P10,"") -> 390.33349 | S10: =RANK(R10, R$7:R$21) -> 1 | U10: 6 | V10: 2340.7837 | W10: =IFERROR(V10/U10,"") -> 390.13062 | X10: =RANK(W10, W$7:W$21) -> 1 | Z10: 6 | AA10: 2340.5438 | AB10: =IFERROR(AA10/Z10,"") -> 390.09063 | AC10: =RANK(AB10, AB$7:AB$21) -> 1 | AE10: 6 | AF10: 2340.5438 | AG10: =IFERROR(AF10/AE10,"") -> 390.09063 | AH10: =RANK(AG10, AG$7:AG$21) -> 2 | AJ10: 6 | AK10: 2340.2359 | AL10: =IFERROR(AK10/AJ10,"") -> 390.03932 | AM10: =RANK(AL10, AL$7:AL$21) -> 2 | AO10: 6 | AP10: 2340.5622 | AQ10: =IFERROR(AP10/AO10,"") -> 390.09371 | AR10: =RANK(AQ10, AQ$7:AQ$21) -> 2 | AT10: 6 | AU10: 2340.7837 | AV10: =IFERROR(AU10/AT10,"") -> 390.13062 | AW10: =RANK(AV10, AV$7:AV$21) -> 1
C11: 5 | D11: 一配雙鬆細卷 | E11: 6 | F11: 2600 | G11: =F11/E11 -> 433.33333 | I11: =AVERAGE(P11,U11,Z11,AE11,AJ11,AO11,AT11) -> 6 | J11: =AVERAGE(Q11,V11,AA11,AF11,AK11,AP11,AU11) -> 2340.475 | K11: =AVERAGE(R11,W11,AB11,AG11,AL11,AQ11,AV11) -> 390.07917 | M11: =RANK(K11, K$7:$K$21) -> 2 | P11: 6 | Q11: 2340.316 | R11: =IFERROR(Q11/P11,"") -> 390.05266 | S11: =RANK(R11, R$7:R$21) -> 2 | U11: 6 | V11: 2340.2135 | W11: =IFERROR(V11/U11,"") -> 390.03559 | X11: =RANK(W11, W$7:W$21) -> 2 | Z11: 6 | AA11: 2340 | AB11: =IFERROR(AA11/Z11,"") -> 390 | AC11: =RANK(AB11, AB$7:AB$21) -> 2 | AE11: 6 | AF11: 2341.0557 | AG11: =IFERROR(AF11/AE11,"") -> 390.17595 | AH11: =RANK(AG11, AG$7:AG$21) -> 1 | AJ11: 6 | AK11: 2340.8724 | AL11: =IFERROR(AK11/AJ11,"") -> 390.1454 | AM11: =RANK(AL11, AL$7:AL$21) -> 1 | AO11: 6 | AP11: 2340.8677 | AQ11: =IFERROR(AP11/AO11,"") -> 390.14462 | AR11: =RANK(AQ11, AQ$7:AQ$21) -> 1 | AT11: 6 | AU11: 2340 | AV11: =IFERROR(AU11/AT11,"") -> 390 | AW11: =RANK(AV11, AV$7:AV$21) -> 2
C12: 6 | D12: 二配海饌雙手卷 | E12: 12 | F12: 3600 | G12: =F12/E12 -> 300 | I12: =AVERAGE(P12,U12,Z12,AE12,AJ12,AO12,AT12) -> 12 | J12: =AVERAGE(Q12,V12,AA12,AF12,AK12,AP12,AU12) -> 3140.4785 | K12: =AVERAGE(R12,W12,AB12,AG12,AL12,AQ12,AV12) -> 261.70654 | M12: =RANK(K12, K$7:$K$21) -> 5 | P12: 12 | Q12: 3140.9041 | R12: =IFERROR(Q12/P12,"") -> 261.74201 | S12: =RANK(R12, R$7:R$21) -> 6 | U12: 12 | V12: 3140.0943 | W12: =IFERROR(V12/U12,"") -> 261.67453 | X12: =RANK(W12, W$7:W$21) -> 6 | Z12: 12 | AA12: 3140.6725 | AB12: =IFERROR(AA12/Z12,"") -> 261.72271 | AC12: =RANK(AB12, AB$7:AB$21) -> 5 | AE12: 12 | AF12: 3140.7549 | AG12: =IFERROR(AF12/AE12,"") -> 261.72957 | AH12: =RANK(AG12, AG$7:AG$21) -> 5 | AJ12: 12 | AK12: 3140.5354 | AL12: =IFERROR(AK12/AJ12,"") -> 261.71128 | AM12: =RANK(AL12, AL$7:AL$21) -> 7 | AO12: 12 | AP12: 3140.6032 | AQ12: =IFERROR(AP12/AO12,"") -> 261.71694 | AR12: =RANK(AQ12, AQ$7:AQ$21) -> 6 | AT12: 12 | AU12: 3139.7849 | AV12: =IFERROR(AU12/AT12,"") -> 261.64875 | AW12: =RANK(AV12, AV$7:AV$21) -> 7
C13: 7 | D13: 二配雙饗雙手卷 | E13: 12 | F13: 3600 | G13: =F13/E13 -> 300 | I13: =AVERAGE(P13,U13,Z13,AE13,AJ13,AO13,AT13) -> 12 | J13: =AVERAGE(Q13,V13,AA13,AF13,AK13,AP13,AU13) -> 3140.1752 | K13: =AVERAGE(R13,W13,AB13,AG13,AL13,AQ13,AV13) -> 261.68127 | M13: =RANK(K13, K$7:$K$21) -> 8 | P13: 12 | Q13: 3139.6196 | R13: =IFERROR(Q13/P13,"") -> 261.63497 | S13: =RANK(R13, R$7:R$21) -> 8 | U13: 12 | V13: 3139.5172 | W13: =IFERROR(V13/U13,"") -> 261.62643 | X13: =RANK(W13, W$7:W$21) -> 8 | Z13: 12 | AA13: 3139.8902 | AB13: =IFERROR(AA13/Z13,"") -> 261.65751 | AC13: =RANK(AB13, AB$7:AB$21) -> 7 | AE13: 12 | AF13: 3140.7486 | AG13: =IFERROR(AF13/AE13,"") -> 261.72905 | AH13: =RANK(AG13, AG$7:AG$21) -> 6 | AJ13: 12 | AK13: 3142.0969 | AL13: =IFERROR(AK13/AJ13,"") -> 261.84141 | AM13: =RANK(AL13, AL$7:AL$21) -> 5 | AO13: 12 | AP13: 3139.6771 | AQ13: =IFERROR(AP13/AO13,"") -> 261.63976 | AR13: =RANK(AQ13, AQ$7:AQ$21) -> 8 | AT13: 12 | AU13: 3139.6771 | AV13: =IFERROR(AU13/AT13,"") -> 261.63976 | AW13: =RANK(AV13, AV$7:AV$21) -> 8
C14: 8 | D14: 二配長野稻荷壽司 | E14: 11 | F14: 3600 | G14: =F14/E14 -> 327.27273 | I14: =AVERAGE(P14,U14,Z14,AE14,AJ14,AO14,AT14) -> 11 | J14: =AVERAGE(Q14,V14,AA14,AF14,AK14,AP14,AU14) -> 3175.7553 | K14: =AVERAGE(R14,W14,AB14,AG14,AL14,AQ14,AV14) -> 288.70502 | M14: =RANK(K14, K$7:$K$21) -> 4 | P14: 11 | Q14: 3175.0515 | R14: =IFERROR(Q14/P14,"") -> 288.64105 | S14: =RANK(R14, R$7:R$21) -> 4 | U14: 11 | V14: 3174.6674 | W14: =IFERROR(V14/U14,"") -> 288.60613 | X14: =RANK(W14, W$7:W$21) -> 4 | Z14: 11 | AA14: 3175.0309 | AB14: =IFERROR(AA14/Z14,"") -> 288.63917 | AC14: =RANK(AB14, AB$7:AB$21) -> 4 | AE14: 11 | AF14: 3176.1966 | AG14: =IFERROR(AF14/AE14,"") -> 288.74515 | AH14: =RANK(AG14, AG$7:AG$21) -> 4 | AJ14: 11 | AK14: 3175.0503 | AL14: =IFERROR(AK14/AJ14,"") -> 288.64094 | AM14: =RANK(AL14, AL$7:AL$21) -> 4 | AO14: 11 | AP14: 3176.1352 | AQ14: =IFERROR(AP14/AO14,"") -> 288.73956 | AR14: =RANK(AQ14, AQ$7:AQ$21) -> 4 | AT14: 11 | AU14: 3178.1548 | AV14: =IFERROR(AU14/AT14,"") -> 288.92317 | AW14: =RANK(AV14, AV$7:AV$21) -> 4
C15: 9
C16: 10
C17: 11
C18: 12
C19: 13
C20: 14
C21: 15
B22: 產線配置圖－每週更新(0303-0309) | N22: 資料繳交 | O22: 日期 | P22: 46084 | U22: 46085 | Z22: 46086 | AE22: 46087 | AJ22: 46088 | AO22: 46089 | AT22: 46090
P23: 46084 | U23: 46085 | Z23: 46086 | AE23: 46087 | AJ23: 46088 | AO23: 46089 | AT23: 46090
B24: 品群 | C24: 商品名稱 | E24: 計畫 | H24: 平均人時性 | I24: 實績 (週平均) | L24: 平均人時性 | M24: 排名 | O24: 日報 | P24: 實際 | T24: 平均人時性 | U24: 實際 | Y24: 平均人時性 | Z24: 實際 | AD24: 平均人時性 | AE24: 實際 | AI24: 平均人時性 | AJ24: 實際 | AN24: 平均人時性 | AO24: 實際 | AS24: 平均人時性 | AT24: 實際 | AX24: 平均人時性
E25: 產線配置圖 | I25: 產線配置圖 | P25: 生產實績 | U25: 生產實績 | Z25: 生產實績 | AE25: 生產實績 | AJ25: 生產實績 | AO25: 生產實績 | AT25: 生產實績
E26: 人數 | F26: 產能／時 | G26: 人時性 | I26: 人數 | J26: 產能／時 | K26: 人時性 | P26: 人數 | Q26: 產能／時 | R26: 人時性 | S26: 排名 | U26: 人數 | V26: 產能／時 | W26: 人時性 | X26: 排名 | Z26: 人數 | AA26: 產能／時 | AB26: 人時性 | AC26: 排名 | AE26: 人數 | AF26: 產能／時 | AG26: 人時性 | AH26: 排名 | AJ26: 人數 | AK26: 產能／時 | AL26: 人時性 | AM26: 排名 | AO26: 人數 | AP26: 產能／時 | AQ26: 人時性 | AR26: 排名 | AT26: 人數 | AU26: 產能／時 | AV26: 人時性 | AW26: 排名
B27: 18℃-壽司手卷 | C27: 1 | D27: 一配海饌雙手卷 | E27: 12 | F27: 3600 | G27: =F27/E27 -> 300 | H27: =AVERAGE(G27:G41) -> 348.6532 | I27: =AVERAGE(P27,U27,Z27,AE27,AJ27,AO27,AT27) -> 12 | J27: =AVERAGE(Q27,V27,AA27,AF27,AK27,AP27,AU27) -> 3140.7341 | K27: =AVERAGE(R27,W27,AB27,AG27,AL27,AQ27,AV27) -> 261.72784 | L27: =IFERROR(AVERAGE(K27:K41),"-") -> 307.16311 | M27: =RANK(K27, K$27:$K$41) -> 6 | P27: 12 | Q27: 3140.3659 | R27: =IFERROR(Q27/P27,"") -> 261.69716 | S27: =RANK(R27, R$27:R$41) -> 8 | T27: =AVERAGE(R27:R41) -> 304.82308 | U27: 12 | V27: 3139.8786 | W27: =IFERROR(V27/U27,"") -> 261.65655 | X27: =RANK(W27, W$27:W$41) -> 9 | Y27: =AVERAGE(W27:W41) -> 305.60738 | Z27: 12 | AA27: 3140.3374 | AB27: =IFERROR(AA27/Z27,"") -> 261.69479 | AC27: =RANK(AB27, AB$27:AB$41) -> 7 | AD27: =AVERAGE(AB27:AB41) -> 306.49669 | AE27: 12 | AF27: 3139.6469 | AG27: =IFERROR(AF27/AE27,"") -> 261.63724 | AH27: =RANK(AG27, AG$27:AG$41) -> 8 | AI27: =AVERAGE(AG27:AG41) -> 307.18151 | AJ27: 12 | AK27: 3140.7654 | AL27: =IFERROR(AK27/AJ27,"") -> 261.73045 | AM27: =RANK(AL27, AL$27:AL$41) -> 6 | AN27: =AVERAGE(AL27:AL41) -> 308.16429 | AO27: 12 | AP27: 3140.7568 | AQ27: =IFERROR(AP27/AO27,"") -> 261.72973 | AR27: =RANK(AQ27, AQ$27:AQ$41) -> 6 | AS27: =AVERAGE(AQ27:AQ41) -> 308.83414 | AT27: 12 | AU27: 3143.3875 | AV27: =IFERROR(AU27/AT27,"") -> 261.94896 | AW27: =RANK(AV27, AV$27:AV$41) -> 6 | AX27: =AVERAGE(AV27:AV41) -> 309.03465
C28: 2 | D28: 一配雙饗雙手卷 | E28: 12 | F28: 3600 | G28: =F28/E28 -> 300 | I28: =AVERAGE(P28,U28,Z28,AE28,AJ28,AO28,AT28) -> 12 | J28: =AVERAGE(Q28,V28,AA28,AF28,AK28,AP28,AU28) -> 3140.5926 | K28: =AVERAGE(R28,W28,AB28,AG28,AL28,AQ28,AV28) -> 261.71605 | M28: =RANK(K28, K$27:$K$41) -> 7 | P28: 12 | Q28: 3140.6172 | R28: =IFERROR(Q28/P28,"") -> 261.7181 | S28: =RANK(R28, R$27:R$41) -> 6 | U28: 12 | V28: 3140.6001 | W28: =IFERROR(V28/U28,"") -> 261.71667 | X28: =RANK(W28, W$27:W$41) -> 7 | Z28: 12 | AA28: 3140.6135 | AB28: =IFERROR(AA28/Z28,"") -> 261.71779 | AC28: =RANK(AB28, AB$27:AB$41) -> 6 | AE28: 12 | AF28: 3140.3366 | AG28: =IFERROR(AF28/AE28,"") -> 261.69472 | AH28: =RANK(AG28, AG$27:AG$41) -> 6 | AJ28: 12 | AK28: 3140.1538 | AL28: =IFERROR(AK28/AJ28,"") -> 261.67948 | AM28: =RANK(AL28, AL$27:AL$41) -> 9 | AO28: 12 | AP28: 3140.6065 | AQ28: =IFERROR(AP28/AO28,"") -> 261.71721 | AR28: =RANK(AQ28, AQ$27:AQ$41) -> 7 | AT28: 12 | AU28: 3141.2204 | AV28: =IFERROR(AU28/AT28,"") -> 261.76837 | AW28: =RANK(AV28, AV$27:AV$41) -> 9
