Workbook

Sheet 生產管理報表(月)
A1: 大溪廠生產管理報表
A3: 月別 | B3: 2 | C3: 工廠 | D3: 大溪廠
A4: （１）收支狀況 | E4: ※單位：千元 | G4: （２）ＫＰＩ達成進度
A5: 項目 | B5: 當月 | C5: 前月 | D5: 差異 | E5: 累計 | G5: 項目 | H5: KPI | I5: 當月 | J5: 前月 | K5: 累計 | L5: ※補充
A6: 業績金額 | B6: ='（１）收支狀況'!#REF!/1000 -> #REF! | C6: 146299.94 | D6: =B6-C6 -> #REF! | G6: 人時性(個/月均) | I6: ='（２）ＫＰＩ達成進度'!#REF! -> #REF! | J6: 458.38414 | L6: 個／MH
A7: 訂單數量 | B7: ='（１）收支狀況'!#REF! -> #REF! | C7: 4768701 | D7: =B7-C7 -> #REF! | G7: 人時達成率(%/月均) | H7: 0.8 | I7: ='（２）ＫＰＩ達成進度'!#REF! -> #REF! | J7: 0.92118999 | L7: 達成率
A8: 材料費 | B8: ='（１）收支狀況'!#REF!/1000 -> #REF! | C8: 93253 | D8: =B8-C8 -> #REF! | G8: 半成品-報廢(%) | H8: 0.0025 | I8: ='（２）ＫＰＩ達成進度'!#REF! -> #REF! | J8: 0.0024135432 | L8: 報廢率
A9: 材料費率 | B9: ='（１）收支狀況'!#REF! -> #REF! | C9: 0.655 | D9: =B9-C9 -> #REF! | G9: 半成品-超用(%) | H9: 0.004 | I9: ='（２）ＫＰＩ達成進度'!#REF! -> #REF! | J9: 0.0055994433 | L9: 超用率
A10: 勞務成本 | B10: ='（１）收支狀況'!#REF!/1000 -> #REF! | C10: 22378 | D10: =B10-C10 -> #REF! | G10: 固定產線-導入率(%) | H10: 0.8 | I10: ='（２）ＫＰＩ達成進度'!#REF! -> #REF! | J10: 0.9 | L10: 導入率
A11: 勞務費率 | B11: ='（１）收支狀況'!#REF! -> #REF! | C11: 0.157 | D11: =B11-C11 -> #REF! | G11: 教育訓練-實施率(%) | H11: 1 | I11: ='（２）ＫＰＩ達成進度'!#REF! -> #REF! | J11: 0.057692308 | L11: 實施率
A13: （３）業績構成比 | E13: ※單位：千元 | G13: （４）訂單數量構成比 | K13: ※單位：個
B14: 當月 | C14: 比例 | D14: 前月 | E14: 差異 | H14: 當月 | I14: 比例 | J14: 前月 | K14: 差異
A15: 18℃-飯糰(061,063) | B15: =SUM('（３）業績構成比'!M7:M11)/1000 -> 7427.5341 | C15: =IFERROR(B15/$B$6,"") | D15: 0.36139567 | E15: =IFERROR(C15-D15,"") | G15: 18℃-飯糰(061,063) | H15: =SUM('（４）訂單數量構成比'!M7:M11) -> 398562 | I15: =IFERROR(H15/$B$7,"") | J15: 0.58577126 | K15: =IFERROR(I15-J15,"")
A16: 18℃-壽司手卷(071,072,075,076) | B16: =SUM('（３）業績構成比'!S7:S11)/1000 -> 1730.8008 | C16: =IFERROR(B16/$B$6,"") | D16: 0.069633574 | E16: =IFERROR(C16-D16,"") | G16: 18℃-壽司手卷(071,072,075,076) | H16: =SUM('（４）訂單數量構成比'!S7:S11) -> 65963 | I16: =IFERROR(H16/$B$7,"") | J16: 0.081693946 | K16: =IFERROR(I16-J16,"")
A17: 4℃-飯糰(065) | B17: =SUM('（３）業績構成比'!U7:U11)/1000 -> 682.08573 | C17: =IFERROR(B17/$B$6,"") | D17: 0.022453222 | E17: =IFERROR(C17-D17,"") | G17: 4℃-飯糰(065) | H17: =SUM('（４）訂單數量構成比'!U7:U11) -> 27561 | I17: =IFERROR(H17/$B$7,"") | J17: 0.024966128 | K17: =IFERROR(I17-J17,"")
A18: 4℃-壽司手卷(077) | B18: =SUM('（３）業績構成比'!W7:W11)/1000 -> 600.06628 | C18: =IFERROR(B18/$B$6,"") | D18: 0.008585039 | E18: =IFERROR(C18-D18,"") | G18: 4℃-壽司手卷(077) | H18: =SUM('（４）訂單數量構成比'!W7:W11) -> 23628 | I18: =IFERROR(H18/$B$7,"") | J18: 0.0097963785 | K18: =IFERROR(I18-J18,"")
A19: 主食(091,092,093,094,095) | B19: =SUM('（３）業績構成比'!AC7:AC11)/1000 -> 3695.499 | C19: =IFERROR(B19/$B$6,"") | D19: 0.16215294 | E19: =IFERROR(C19-D19,"") | G19: 主食(091,092,093,094,095) | H19: =SUM('（４）訂單數量構成比'!AC7:AC11) -> 66565 | I19: =IFERROR(H19/$B$7,"") | J19: 0.089953008 | K19: =IFERROR(I19-J19,"")
A20: 便當(083) | B20: =SUM('（３）業績構成比'!AE7:AE11)/1000 -> 5944.2205 | C20: =IFERROR(B20/$B$6,"") | D20: 0.27057088 | E20: =IFERROR(C20-D20,"") | G20: 便當(083) | H20: =SUM('（４）訂單數量構成比'!AE7:AE11) -> 98405 | I20: =IFERROR(H20/$B$7,"") | J20: 0.13708178 | K20: =IFERROR(I20-J20,"")
A21: 熱食義麵(122,123,124,126) | B21: =SUM('（３）業績構成比'!AG7:AG11)/1000 -> 0 | C21: =IFERROR(B21/$B$6,"") | D21: 0.029234371 | E21: =IFERROR(C21-D21,"") | G21: 熱食義麵(122,123,124,126) | H21: =SUM('（４）訂單數量構成比'!AG7:AG11) -> 0 | I21: =IFERROR(H21/$B$7,"") | J21: 0.015652481 | K21: =IFERROR(I21-J21,"")
A22: 季節調理麵(111,112) | B22: =SUM('（３）業績構成比'!AI7:AI11)/1000 -> 596.88324 | C22: =IFERROR(B22/$B$6,"") | D22: 0.040564166 | E22: =IFERROR(C22-D22,"") | G22: 季節調理麵(111,112) | H22: =SUM('（４）訂單數量構成比'!AI7:AI11) -> 9351 | I22: =IFERROR(H22/$B$7,"") | J22: 0.022004735 | K22: =IFERROR(I22-J22,"")
A23: 微波小吃(153,154,155) | B23: =SUM('（３）業績構成比'!AK7:AK11)/1000 -> 689.80344 | C23: =IFERROR(B23/$B$6,"") | D23: 0.035410133 | E23: =IFERROR(C23-D23,"") | G23: 微波小吃(153,154,155) | H23: =SUM('（４）訂單數量構成比'!AK7:AK11) -> 23340 | I23: =IFERROR(H23/$B$7,"") | J23: 0.033080287 | K23: =IFERROR(I23-J23,"")
C24: =SUM(C15:C23) -> 0 | D24: =SUM(D15:D23) -> 1 | I24: =SUM(I15:I23) -> 0 | J24: =SUM(J15:J23) -> 1
A26: （５）品群別人時生產性
A27: 品群 | B27: 當月 | C27: 前月 | D27: 差異 | E27: 累計
A28: 18℃-飯A15:A23糰(061,063) | B28: ='（５-1）品群別人時生產性(18℃-飯糰)'!C1 -> 770.4937 | C28: 768.96509 | D28: =B28-C28 -> 1.528613
A29: 18℃-壽司手卷(071,072,075,076) | B29: ='（５-2）品群別人時生產性(18℃-壽司手卷)'!C1 -> 307.16311 | C29: 280.52358 | D29: =B29-C29 -> 26.63953
A30: 4℃-飯糰(065) | B30: ='（５-3）品群別人時生產性(4℃-飯糰)'!C1 -> 330.85325 | C30: 258.56167 | D30: =B30-C30 -> 72.291581
A31: 4℃-壽司手卷(077) | B31: ='（５-4）品群別人時生產性(4℃-壽司手卷)'!C1 -> 493.70226 | C31: 486.07171 | D31: =B31-C31 -> 7.6305537
A32: 主食(091,092,093,094,095) | B32: ='（５-5）品群別人時生產性(微波主食) '!C1 -> 78.207319 | C32: 68.891235 | D32: =B32-C32 -> 9.3160837
A33: 便當(083) | B33: ='（５-6）品群別人時生產性(便當)'!C1 -> 76.642721 | C33: 78.306367 | D33: =B33-C33 -> -1.6636458
A34: 熱食義麵(122,123,124,126) | B34: ='（５-7）品群別人時生產性(熱食義麵) '!C1 -> 0 | C34: 76.250133 | D34: =B34-C34 -> -76.250133
A35: 季節調理麵(111,112) | B35: ='（５-8）品群別人時生產性(季節調理麵) '!C1 -> 84.601424 | C35: 110.8083 | D35: =B35-C35 -> -26.206881
A36: 微波小吃(153,154,155) | B36: ='（５-9）品群別人時生產性(微波小吃)'!C1 -> 83.048343 | C36: 76.123665 | D36: =B36-C36 -> 6.9246778

Sheet 生產管理報表(週) 
A1: 大溪廠生產管理報表
A3: 月別 | B3: 3 | C3: 週別 | D3: W1 | E3: 工廠 | F3: 大溪廠
A4: （１）收支狀況 | E4: ※單位：千元 | G4: （２）ＫＰＩ達成進度
A5: 項目 | B5: 當週 | C5: 前週 | D5: 差異 | E5: 累計 | G5: 項目 | H5: KPI | I5: 當週 | J5: 前週 | K5: 累計 | L5: ※補充
A6: 業績金額 | B6: ='（１）收支狀況'!G12/1000 -> 33854.096 | C6: 32338.42 | D6: =B6-C6 -> 1515.676 | E6: 33854.096 | G6: 人時性(個/月均) | H6: 497.6 | I6: ='（２）ＫＰＩ達成進度'!G12 -> 413.80533 | J6: 468.73197 | K6: ='（２）ＫＰＩ達成進度'!H10 -> 423.20739 | L6: 個／MH
A7: 訂單數量 | B7: ='（１）收支狀況'!J12 -> 1137743 | C7: 1076054 | D7: =B7-C7 -> 61689 | E7: 1137743 | G7: 人時達成率(%/月均) | H7: 0.8 | I7: ='（２）ＫＰＩ達成進度'!J12 -> 0.83160235 | J7: 0.94198547 | K7: ='（２）ＫＰＩ達成進度'!K10 -> 0.85049716 | L7: 達成率
A8: 材料費 | B8: ='（１）收支狀況'!M12/1000 -> 22517.866 | C8: 21241.351 | D8: =B8-C8 -> 1276.5157 | E8: 22517.866 | G8: 半成品-報廢(%) | H8: 0.0025 | I8: ='（２）ＫＰＩ達成進度'!M12 -> 0.0020348075 | J8: 0.0022409997 | K8: ='（２）ＫＰＩ達成進度'!N10 -> 0.0020460086 | L8: 報廢率
A9: 材料費率 | B9: ='（１）收支狀況'!P12 -> 0.66514452 | C9: 0.65684565 | D9: =B9-C9 -> 0.0082988638 | E9: 0.66514452 | G9: 半成品-超用(%) | H9: 0.004 | I9: ='（２）ＫＰＩ達成進度'!P12 -> 0.0050385612 | J9: 0.0050772955 | K9: ='（２）ＫＰＩ達成進度'!Q10 -> 0.0050579793 | L9: 超用率
A10: 勞務成本 | B10: ='（１）收支狀況'!S12/1000 -> 5405.1639 | C10: 5488.2978 | D10: =B10-C10 -> -83.133812 | E10: 5405.1639 | G10: 固定產線-導入率(%) | H10: 0.8 | I10: ='（２）ＫＰＩ達成進度'!S12 -> 0.9 | J10: 0.9 | K10: ='（２）ＫＰＩ達成進度'!T10 -> 0.9 | L10: 導入率
A11: 勞務費率 | B11: ='（１）收支狀況'!V12 -> 0.15966056 | C11: 0.16971447 | D11: =B11-C11 -> -0.010053908 | E11: 0.15966056 | G11: 教育訓練-實施率(%) | H11: 1 | I11: =10/52*100% -> 0.19230769 | J11: 0.17307692 | K11: ='（２）ＫＰＩ達成進度'!W10 -> 0.18803419 | L11: 實施率
A13: （３）業績構成比 | E13: ※單位：千元 | G13: （４）訂單數量構成比 | K13: ※單位：個
B14: 當週 | C14: 比例 | D14: 前週 | E14: 差異 | H14: 當週 | I14: 比例 | J14: 前週 | K14: 差異
A15: 18℃-飯糰(061,063) | B15: =SUM('（３）業績構成比'!M14:M20)/1000 -> 12088.957 | C15: =IFERROR(B15/$B$6,"") -> 0.35708992 | D15: 0.34854538 | E15: =IFERROR(C15-D15,"") -> 0.0085445397 | G15: 18℃-飯糰(061,063) | H15: =SUM('（４）訂單數量構成比'!M14:M20) -> 645390 | I15: =IFERROR(H15/$B$7,"") -> 0.56725464 | J15: 0.56176642 | K15: =IFERROR(I15-J15,"") -> 0.0054882267
A16: 18℃-壽司手卷(071,072,075,076) | B16: =SUM('（３）業績構成比'!S14:S20)/1000 -> 2809.6224 | C16: =IFERROR(B16/$B$6,"") -> 0.082992096 | D16: 0.077659535 | E16: =IFERROR(C16-D16,"") -> 0.0053325608 | G16: 18℃-壽司手卷(071,072,075,076) | H16: =SUM('（４）訂單數量構成比'!S14:S20) -> 114606 | I16: =IFERROR(H16/$B$7,"") -> 0.10073101 | J16: 0.089098688 | K16: =IFERROR(I16-J16,"") -> 0.01163232
A17: 4℃-飯糰(065) | B17: =SUM('（３）業績構成比'!U14:U20)/1000 -> 810.63364 | C17: =IFERROR(B17/$B$6,"") -> 0.023944921 | D17: 0.030516848 | E17: =IFERROR(C17-D17,"") -> -0.0065719275 | G17: 4℃-飯糰(065) | H17: =SUM('（４）訂單數量構成比'!U14:U20) -> 30587 | I17: =IFERROR(H17/$B$7,"") -> 0.026883927 | J17: 0.036542776 | K17: =IFERROR(I17-J17,"") -> -0.0096588485
A18: 4℃-壽司手卷(077) | B18: =SUM('（３）業績構成比'!W14:W20)/1000 -> 563.87273 | C18: =IFERROR(B18/$B$6,"") -> 0.016655968 | D18: 0.026662267 | E18: =IFERROR(C18-D18,"") -> -0.010006299 | G18: 4℃-壽司手卷(077) | H18: =SUM('（４）訂單數量構成比'!W14:W20) -> 21361 | I18: =IFERROR(H18/$B$7,"") -> 0.01877489 | J18: 0.031208471 | K18: =IFERROR(I18-J18,"") -> -0.012433581
A19: 主食(091,092,093,094,095) | B19: =SUM('（３）業績構成比'!AC14:AC20)/1000 -> 7314.4163 | C19: =IFERROR(B19/$B$6,"") -> 0.21605706 | D19: 0.18359017 | E19: =IFERROR(C19-D19,"") -> 0.032466883 | G19: 主食(091,092,093,094,095) | H19: =SUM('（４）訂單數量構成比'!AC14:AC20) -> 139738 | I19: =IFERROR(H19/$B$7,"") -> 0.12282036 | J19: 0.10117615 | K19: =IFERROR(I19-J19,"") -> 0.021644207
A20: 便當(083) | B20: =SUM('（３）業績構成比'!AE14:AE20)/1000 -> 9696.3549 | C20: =IFERROR(B20/$B$6,"") -> 0.286416 | D20: 0.28346202 | E20: =IFERROR(C20-D20,"") -> 0.0029539812 | G20: 便當(083) | H20: =SUM('（４）訂單數量構成比'!AE14:AE20) -> 159788 | I20: =IFERROR(H20/$B$7,"") -> 0.14044296 | J20: 0.1408591 | K20: =IFERROR(I20-J20,"") -> -0.00041613715
A21: 熱食義麵(122,123,124,126) | B21: =SUM('（３）業績構成比'!AG14:AG20)/1000 -> 0 | C21: =IFERROR(B21/$B$6,"") -> 0 | D21: 0 | E21: =IFERROR(C21-D21,"") -> 0 | G21: 熱食義麵(122,123,124,126) | H21: =SUM('（４）訂單數量構成比'!AG14:AG20) -> 0 | I21: =IFERROR(H21/$B$7,"") -> 0 | J21: 0 | K21: =IFERROR(I21-J21,"") -> 0
A22: 季節調理麵(111,112) | B22: =SUM('（３）業績構成比'!AI14:AI20)/1000 -> 72.5584 | C22: =IFERROR(B22/$B$6,"") -> 0.002143268 | D22: 0.023826783 | E22: =IFERROR(C22-D22,"") -> -0.021683515 | G22: 季節調理麵(111,112) | H22: =SUM('（４）訂單數量構成比'!AI14:AI20) -> 1010 | I22: =IFERROR(H22/$B$7,"") -> 0.00088772245 | J22: 0.010936254 | K22: =IFERROR(I22-J22,"") -> -0.010048532
A23: 微波小吃(153,154,155) | B23: =SUM('（３）業績構成比'!AK14:AK20)/1000 -> 497.6811 | C23: =IFERROR(B23/$B$6,"") -> 0.014700765 | D23: 0.025736988 | E23: =IFERROR(C23-D23,"") -> -0.011036224 | G23: 微波小吃(153,154,155) | H23: =SUM('（４）訂單數量構成比'!AK14:AK20) -> 25263 | I23: =IFERROR(H23/$B$7,"") -> 0.022204487 | J23: 0.028412143 | K23: =IFERROR(I23-J23,"") -> -0.0062076556
C24: =SUM(C15:C23) -> 1 | D24: =SUM(D15:D23) -> 1 | I24: =SUM(I15:I23) -> 1 | J24: =SUM(J15:J23) -> 1
A26: （５）品群別人時生產性
A27: 品群 | B27: 當週 | C27: 前週 | D27: 差異 | E27: 累計
A28: 18℃-飯糰(061,063) | B28: ='（５-1）品群別人時生產性(18℃-飯糰)'!L45 -> 770.4937 | C28: 770.91906 | D28: =B28-C28 -> -0.42535871 | E28: ='（５-1）品群別人時生產性(18℃-飯糰)'!C1 -> 770.4937
A29: 18℃-壽司手卷(071,072,075,076) | B29: ='（５-2）品群別人時生產性(18℃-壽司手卷)'!L27 -> 307.16311 | C29: 300.55928 | D29: =B29-C29 -> 6.6038259 | E29: ='（５-2）品群別人時生產性(18℃-壽司手卷)'!C1 -> 307.16311
A30: 4℃-飯糰(065) | B30: ='（５-3）品群別人時生產性(4℃-飯糰)'!L27 -> 330.85325 | C30: 317.4626 | D30: =B30-C30 -> 13.390644 | E30: ='（５-3）品群別人時生產性(4℃-飯糰)'!C1 -> 330.85325
A31: 4℃-壽司手卷(077) | B31: ='（５-4）品群別人時生產性(4℃-壽司手卷)'!L27 -> 493.70226 | C31: 481.20057 | D31: =B31-C31 -> 12.501694 | E31: ='（５-4）品群別人時生產性(4℃-壽司手卷)'!C1 -> 493.70226
A32: 主食(091,092,093,094,095) | B32: ='（５-5）品群別人時生產性(微波主食) '!L27 -> 78.207319 | C32: 79.96347 | D32: =B32-C32 -> -1.7561514 | E32: ='（５-5）品群別人時生產性(微波主食) '!C1 -> 78.207319
A33: 便當(083) | B33: ='（５-6）品群別人時生產性(便當)'!L27 -> 76.642721 | C33: 78.283794 | D33: =B33-C33 -> -1.6410727 | E33: ='（５-6）品群別人時生產性(便當)'!C1 -> 76.642721
A34: 熱食義麵(122,123,124,126) | B34: 0 | C34: 0 | D34: =B34-C34 -> 0 | E34: ='（５-7）品群別人時生產性(熱食義麵) '!C1 -> 0
A35: 季節調理麵(111,112) | B35: ='（５-8）品群別人時生產性(季節調理麵) '!L27 -> 84.601424 | C35: 84.576459 | D35: =B35-C35 -> 0.0249649 | E35: ='（５-8）品群別人時生產性(季節調理麵) '!C1 -> 84.601424
A36: 微波小吃(153,154,155) | B36: ='（５-9）品群別人時生產性(微波小吃)'!L27 -> 83.048343 | C36: 78.042646 | D36: =B36-C36 -> 5.0056966 | E36: ='（５-9）品群別人時生產性(微波小吃)'!C1 -> 83.048343

Sheet （１）收支狀況
B2: （１）收支狀況
B3: 資料繳交日 | C3: 月份 | D3: 日期 | F3: 營業額(元) | I3: 訂單數量(個) | L3: 材料費(元) | O3: 材料費率（材料費／營業額） | R3: 勞務成本（全廠人事成本） | U3: 勞務費率（勞務成本／營業額）
F4: 日 | G4: 週累積 | H4: 月累積 | I4: 日 | J4: 週累積 | K4: 月累積 | L4: 日 | M4: 週累積 | N4: 月累積 | O4: 日 | P4: 週累積 | Q4: 月累積 | R4: 日 | S4: 週累積 | T4: 月累積 | U4: 日 | V4: 週累積 | W4: 月累積
B5: =D6+7 -> 46085 | D5: 46077 | E5: 二 | F5: 5238957.1 | G5: =SUM(F5:F11) -> 32338420 | I5: 175154 | J5: =SUM(I5:I11) -> 1076054 | L5: 3399597.1 | M5: =SUM(L5:L11) -> 21241351 | O5: =L5/F5 -> 0.64890722 | P5: =M5/G5 -> 0.65684565 | R5: 840082.55 | S5: =SUM(R5:R11) -> 5488297.8 | U5: =R5/F5 -> 0.16035301 | V5: =S5/G5 -> 0.16971447
D6: =D5+1 -> 46078 | E6: 三 | F6: 4692647.5 | I6: 156618 | L6: 3098792.2 | O6: =L6/F6 -> 0.66035052 | R6: 789675.12 | U6: =R6/F6 -> 0.16827923
D7: =D6+1 -> 46079 | E7: 四 | F7: 3909306.8 | I7: 129387 | L7: 2647205.3 | O7: =L7/F7 -> 0.67715464 | R7: 725122.7 | U7: =R7/F7 -> 0.18548626
D8: =D7+1 -> 46080 | E8: 五 | F8: 3610052.1 | I8: 120519 | L8: 2369385.1 | O8: =L8/F8 -> 0.6563299 | R8: 750061.99 | U8: =R8/F8 -> 0.20777041
D9: =D8+1 -> 46081 | E9: 六 | F9: 3915929.6 | I9: 131697 | L9: 2568526.9 | O9: =L9/F9 -> 0.65591753 | R9: 774937.55 | U9: =R9/F9 -> 0.19789364
C10: 三 | D10: =D9+1 -> 46082 | E10: 日 | F10: 5447490.3 | H10: =SUM(F10:F40) -> 44825623 | I10: 179915 | K10: =SUM(I10:I40) -> 1500422 | L10: 3643303.9 | N10: =SUM(L10:L40) -> 29675711 | O10: =L10/F10 -> 0.66880412 | Q10: =N10/H10 -> 0.66202561 | R10: 804587.51 | T10: =SUM(R10:R40) -> 7013581.8 | U10: =R10/F10 -> 0.14769875 | W10: =T10/H10 -> 0.15646368
D11: =D10+1 -> 46083 | E11: 一 | F11: 5524036.8 | I11: 182764 | L11: 3514540.3 | O11: =L11/F11 -> 0.6362268 | R11: 803830.36 | U11: =R11/F11 -> 0.14551503
B12: =B5+7 -> 46092 | D12: =D11+1 -> 46084 | E12: 二 | F12: 5503117.1 | G12: =SUM(F12:F18) -> 33854096 | I12: 182389 | J12: =SUM(I12:I18) -> 1137743 | L12: 3633986.2 | M12: =SUM(L12:L18) -> 22517866 | O12: =L12/F12 -> 0.66035052 | P12: =M12/G12 -> 0.66514452 | R12: 830265.73 | S12: =SUM(R12:R18) -> 5405163.9 | U12: =R12/F12 -> 0.1508719 | V12: =S12/G12 -> 0.15966056
D13: =D12+1 -> 46085 | E13: 三 | F13: 5072703.1 | I13: 171444 | L13: 3462721.3 | O13: =L13/F13 -> 0.68261856 | R13: 794675.29 | U13: =R13/F13 -> 0.15665717
D14: =D13+1 -> 46086 | E14: 四 | F14: 4496570 | I14: 153251 | L14: 3011033.1 | O14: =L14/F14 -> 0.66962887 | R14: 724960.16 | U14: =R14/F14 -> 0.16122515
D15: =D14+1 -> 46087 | E15: 五 | F15: 3821772.9 | I15: 131075 | L15: 2509131.8 | O15: =L15/F15 -> 0.65653608 | R15: 685553.83 | U15: =R15/F15 -> 0.1793811
D16: =D15+1 -> 46088 | E16: 六 | F16: 4127790.8 | I16: 139687 | L16: 3057288.7 | O16: =L16/F16 -> 0.74065979 | R16: 750910.44 | U16: =R16/F16 -> 0.18191582
D17: =D16+1 -> 46089 | E17: 日 | F17: 5624946 | I17: 184408 | L17: 3467402.3 | O17: =L17/F17 -> 0.61643299 | R17: 835817.77 | U17: =R17/F17 -> 0.14859125
D18: =D17+1 -> 46090 | E18: 一 | F18: 5207196.3 | I18: 175489 | L18: 3376303.1 | O18: =L18/F18 -> 0.64839175 | R18: 782980.74 | U18: =R18/F18 -> 0.15036513
B19: =B12+7 -> 46099 | D19: =D18+1 -> 46091 | E19: 二 | G19: =SUM(F19:F25) -> 0 | J19: =SUM(I19:I25) -> 0 | M19: =SUM(L19:L25) -> 0 | O19: =L19/F19 -> #DIV/0! | P19: =M19/G19 -> #DIV/0! | S19: =SUM(R19:R25) -> 0 | U19: =R19/F19 -> #DIV/0! | V19: =S19/G19 -> #DIV/0!
D20: =D19+1 -> 46092 | E20: 三 | O20: =L20/F20 -> #DIV/0! | U20: =R20/F20 -> #DIV/0!
D21: =D20+1 -> 46093 | E21: 四 | O21: =L21/F21 -> #DIV/0! | U21: =R21/F21 -> #DIV/0!
D22: =D21+1 -> 46094 | E22: 五 | O22: =L22/F22 -> #DIV/0! | U22: =R22/F22 -> #DIV/0!
D23: =D22+1 -> 46095 | E23: 六 | O23: =L23/F23 -> #DIV/0! | U23: =R23/F23 -> #DIV/0!
D24: =D23+1 -> 46096 | E24: 日 | O24: =L24/F24 -> #DIV/0! | U24: =R24/F24 -> #DIV/0!
D25: =D24+1 -> 46097 | E25: 一 | O25: =L25/F25 -> #DIV/0! | U25: =R25/F25 -> #DIV/0!
B26: =B19+7 -> 46106 | D26: =D25+1 -> 46098 | E26: 二 | G26: =SUM(F26:F32) -> 0 | J26: =SUM(I26:I32) -> 0 | M26: =SUM(L26:L32) -> 0 | O26: =L26/F26 -> #DIV/0! | P26: =M26/G26 -> #DIV/0! | S26: =SUM(R26:R32) -> 0 | U26: =R26/F26 -> #DIV/0! | V26: =S26/G26 -> #DIV/0!
D27: =D26+1 -> 46099 | E27: 三 | O27: =L27/F27 -> #DIV/0! | U27: =R27/F27 -> #DIV/0!
D28: =D27+1 -> 46100 | E28: 四 | O28: =L28/F28 -> #DIV/0! | U28: =R28/F28 -> #DIV/0!
D29: =D28+1 -> 46101 | E29: 五 | O29: =L29/F29 -> #DIV/0! | U29: =R29/F29 -> #DIV/0!
D30: =D29+1 -> 46102 | E30: 六 | O30: =L30/F30 -> #DIV/0! | U30: =R30/F30 -> #DIV/0!
D31: =D30+1 -> 46103 | E31: 日 | O31: =L31/F31 -> #DIV/0! | U31: =R31/F31 -> #DIV/0!
D32: =D31+1 -> 46104 | E32: 一 | O32: =L32/F32 -> #DIV/0! | U32: =R32/F32 -> #DIV/0!
B33: =B26+7 -> 46113 | D33: =D32+1 -> 46105 | E33: 二 | G33: =SUM(F33:F39) -> 0 | J33: =SUM(I33:I39) -> 0 | M33: =SUM(L33:L39) -> 0 | O33: =L33/F33 -> #DIV/0! | P33: =M33/G33 -> #DIV/0! | S33: =SUM(R33:R39) -> 0 | U33: =R33/F33 -> #DIV/0! | V33: =S33/G33 -> #DIV/0!
D34: =D33+1 -> 46106 | E34: 三 | O34: =L34/F34 -> #DIV/0! | U34: =R34/F34 -> #DIV/0!
D35: =D34+1 -> 46107 | E35: 四 | O35: =L35/F35 -> #DIV/0! | U35: =R35/F35 -> #DIV/0!
D36: =D35+1 -> 46108 | E36: 五 | O36: =L36/F36 -> #DIV/0! | U36: =R36/F36 -> #DIV/0!
D37: =D36+1 -> 46109 | E37: 六 | O37: =L37/F37 -> #DIV/0! | U37: =R37/F37 -> #DIV/0!
D38: =D37+1 -> 46110 | E38: 日 | O38: =L38/F38 -> #DIV/0! | U38: =R38/F38 -> #DIV/0!
D39: =D38+1 -> 46111 | E39: 一 | O39: =L39/F39 -> #DIV/0! | U39: =R39/F39 -> #DIV/0!
B40: =B33+7 -> 46120 | D40: =D39+1 -> 46112 | E40: 二 | G40: =SUM(F40:F46) -> 0 | J40: =SUM(I40:I46) -> 0 | M40: =SUM(L40:L46) -> 0 | O40: =L40/F40 -> #DIV/0! | P40: =M40/G40 -> #DIV/0! | U40: =R40/F40 -> #DIV/0!
D41: =D40+1 -> 46113 | E41: 三 | O41: =L41/F41 -> #DIV/0!
D42: =D41+1 -> 46114 | E42: 四 | O42: =L42/F42 -> #DIV/0!
D43: =D42+1 -> 46115 | E43: 五 | O43: =L43/F43 -> #DIV/0!
D44: =D43+1 -> 46116 | E44: 六 | O44: =L44/F44 -> #DIV/0!
D45: =D44+1 -> 46117 | E45: 日 | O45: =L45/F45 -> #DIV/0!
D46: =D45+1 -> 46118 | E46: 一 | O46: =L46/F46 -> #DIV/0!

Sheet （２）ＫＰＩ達成進度
B1: 人時生產性基準值 | C1: 497.6
B2: （２）ＫＰＩ達成進度
B3: 資料繳交日 | C3: 月份 | D3: 日期 | F3: 人時生產性(個/人) | I3: 人時生產性達成率(%) | L3: 半成品報廢(%) | O3: 半成品超用(%) | R3: 固定產線-導入率(固定產線數/總產線數) | U3: 教育訓練-實施率(進度/計畫)
F4: 日 | G4: 週平均 | H4: 月平均 | I4: 日 | J4: 週平均 | K4: 月平均 | L4: 日 | M4: 週平均 | N4: 月平均 | O4: 日 | P4: 週平均 | Q4: 月平均 | R4: 日 | S4: 週平均 | T4: 月平均 | U4: 日 | V4: 週平均 | W4: 月平均
B5: =D6+7 -> 46085 | D5: 46077 | E5: 二 | F5: 464.32904 | G5: =AVERAGE(F5:F11) -> 468.73197 | I5: =F5/$C$1 -> 0.93313713 | J5: =AVERAGE(I5:I11) -> 0.94198547 | L5: 0.0023089761 | M5: =AVERAGE(L5:L11) -> 0.0022409997 | O5: 0.0050852114 | P5: =AVERAGE(O5:O11) -> 0.0050772955 | R5: 0.9 | S5: =AVERAGE(R5:R11) -> 0.9 | U5: =9/52*100% -> 0.17307692 | V5: =AVERAGE(U5:U11) -> 0.17307692
D6: =D5+1 -> 46078 | E6: 三 | F6: 465.03721 | I6: =F6/$C$1 -> 0.93456032 | L6: 0.0023055099 | O6: 0.0050598022 | R6: 0.9 | U6: =9/52*100% -> 0.17307692
D7: =D6+1 -> 46079 | E7: 四 | F7: 463.62331 | I7: =F7/$C$1 -> 0.93171887 | L7: 0.0022997824 | O7: 0.0050498788 | R7: 0.9 | U7: =9/52*100% -> 0.17307692
D8: =D7+1 -> 46080 | E8: 五 | F8: 486.84866 | I8: =F8/$C$1 -> 0.97839362 | L8: 0.002298035 | O8: 0.0050264345 | R8: 0.9 | U8: =9/52*100% -> 0.17307692
D9: =D8+1 -> 46081 | E9: 六 | F9: 489.05639 | I9: =F9/$C$1 -> 0.98283036 | L9: 0.0023042698 | O9: 0.0050678558 | R9: 0.9 | U9: =9/52*100% -> 0.17307692
C10: 三 | D10: =D9+1 -> 46082 | E10: 日 | F10: 467.10925 | H10: =AVERAGEIF(F10:F40,"<>0") -> 423.20739 | I10: =F10/$C$1 -> 0.93872437 | K10: =AVERAGEIF(I10:I40,"<>0") -> 0.85049716 | L10: 0.0020801358 | N10: =AVERAGEIF(L10:L40,"<>0") -> 0.0020460086 | O10: 0.0051182745 | Q10: =AVERAGEIF(O10:O40,"<>0") -> 0.0050579793 | R10: 0.9 | T10: =AVERAGEIF(R10:R40,"<>0") -> 0.9 | U10: =9/52*100% -> 0.17307692 | W10: =AVERAGEIF(U10:U40,"<>0") -> 0.18803419
D11: =D10+1 -> 46083 | E11: 一 | F11: 445.11993 | I11: =F11/$C$1 -> 0.89453362 | L11: 0.002090289 | O11: 0.0051336112 | R11: 0.9 | U11: =9/52*100% -> 0.17307692
B12: =B5+7 -> 46092 | D12: =D11+1 -> 46084 | E12: 二 | F12: 401.96086 | G12: =AVERAGE(F12:F18) -> 413.80533 | I12: =F12/$C$1 -> 0.80779915 | J12: =AVERAGE(I12:I18) -> 0.83160235 | L12: 0.0020397948 | M12: =AVERAGE(L12:L18) -> 0.0020348075 | O12: 0.0050565527 | P12: =AVERAGE(O12:O18) -> 0.0050385612 | R12: 0.9 | S12: =AVERAGE(R12:R18) -> 0.9 | U12: =10/52*100% -> 0.19230769 | V12: =AVERAGE(U12:U18) -> 0.19230769
D13: =D12+1 -> 46085 | E13: 三 | F13: 422.79757 | I13: =F13/$C$1 -> 0.84967357 | L13: 0.0020279247 | O13: 0.0050497071 | R13: 0.9 | U13: =10/52*100% -> 0.19230769
D14: =D13+1 -> 46086 | E14: 四 | F14: 422.7799 | I14: =F14/$C$1 -> 0.84963807 | L14: 0.00204997 | O14: 0.0050196275 | R14: 0.9 | U14: =10/52*100% -> 0.19230769
D15: =D14+1 -> 46087 | E15: 五 | F15: 423.29065 | I15: =F15/$C$1 -> 0.8506645 | L15: 0.0020297876 | O15: 0.0050801225 | R15: 0.9 | U15: =10/52*100% -> 0.19230769
D16: =D15+1 -> 46088 | E16: 六 | F16: 424.20122 | I16: =F16/$C$1 -> 0.85249442 | L16: 0.0020559928 | O16: 0.00500156 | R16: 0.9 | U16: =10/52*100% -> 0.19230769
D17: =D16+1 -> 46089 | E17: 日 | F17: 404.7422 | I17: =F17/$C$1 -> 0.81338867 | L17: 0.0020164628 | O17: 0.00503752 | R17: 0.9 | U17: =10/52*100% -> 0.19230769
D18: =D17+1 -> 46090 | E18: 一 | F18: 396.8649 | I18: =F18/$C$1 -> 0.79755808 | L18: 0.0020237198 | O18: 0.0050248385 | R18: 0.9 | U18: =10/52*100% -> 0.19230769
B19: =B12+7 -> 46099 | D19: =D18+1 -> 46091 | E19: 二 | G19: =AVERAGE(F19:F25) -> #DIV/0! | I19: =F19/$C$1 -> 0 | J19: =AVERAGE(I19:I25) -> 0 | M19: =AVERAGE(L19:L25) -> #DIV/0! | P19: =AVERAGE(O19:O25) -> #DIV/0! | S19: =AVERAGE(R19:R25) -> #DIV/0! | V19: =AVERAGE(U19:U25) -> #DIV/0!
D20: =D19+1 -> 46092 | E20: 三 | I20: =F20/$C$1 -> 0
D21: =D20+1 -> 46093 | E21: 四 | I21: =F21/$C$1 -> 0
D22: =D21+1 -> 46094 | E22: 五 | I22: =F22/$C$1 -> 0
D23: =D22+1 -> 46095 | E23: 六 | I23: =F23/$C$1 -> 0
D24: =D23+1 -> 46096 | E24: 日 | I24: =F24/$C$1 -> 0
D25: =D24+1 -> 46097 | E25: 一 | I25: =F25/$C$1 -> 0
B26: =B19+7 -> 46106 | D26: =D25+1 -> 46098 | E26: 二 | G26: =AVERAGE(F26:F32) -> #DIV/0! | I26: =F26/$C$1 -> 0 | J26: =AVERAGE(I26:I32) -> 0 | M26: =AVERAGE(L26:L32) -> #DIV/0! | P26: =AVERAGE(O26:O32) -> #DIV/0! | S26: =AVERAGE(R26:R32) -> #DIV/0! | V26: =AVERAGE(U26:U32) -> #DIV/0!
D27: =D26+1 -> 46099 | E27: 三 | I27: =F27/$C$1 -> 0
D28: =D27+1 -> 46100 | E28: 四 | I28: =F28/$C$1 -> 0
D29: =D28+1 -> 46101 | E29: 五 | I29: =F29/$C$1 -> 0
D30: =D29+1 -> 46102 | E30: 六 | I30: =F30/$C$1 -> 0
D31: =D30+1 -> 46103 | E31: 日 | I31: =F31/$C$1 -> 0
D32: =D31+1 -> 46104 | E32: 一 | I32: =F32/$C$1 -> 0
B33: =B26+7 -> 46113 | D33: =D32+1 -> 46105 | E33: 二 | G33: =AVERAGE(F33:F39) -> #DIV/0! | I33: =F33/$C$1 -> 0 | J33: =AVERAGE(I33:I39) -> 0 | M33: =AVERAGE(L33:L39) -> #DIV/0! | P33: =AVERAGE(O33:O39) -> #DIV/0! | S33: =AVERAGE(R33:R39) -> #DIV/0! | V33: =AVERAGE(U33:U39) -> #DIV/0!
D34: =D33+1 -> 46106 | E34: 三 | I34: =F34/$C$1 -> 0
D35: =D34+1 -> 46107 | E35: 四 | I35: =F35/$C$1 -> 0
D36: =D35+1 -> 46108 | E36: 五 | I36: =F36/$C$1 -> 0
D37: =D36+1 -> 46109 | E37: 六 | I37: =F37/$C$1 -> 0
D38: =D37+1 -> 46110 | E38: 日 | I38: =F38/$C$1 -> 0
D39: =D38+1 -> 46111 | E39: 一 | I39: =F39/$C$1 -> 0
B40: =B33+7 -> 46120 | D40: =D39+1 -> 46112 | E40: 二 | G40: =AVERAGE(F40:F46) -> #DIV/0! | I40: =F40/$C$1 -> 0 | J40: =AVERAGE(I40:I46) -> 0 | M40: =AVERAGE(L40:L46) -> #DIV/0! | P40: =AVERAGE(O40:O46) -> #DIV/0! | S40: =AVERAGE(R40:R46) -> #DIV/0! | V40: =AVERAGE(U40:U46) -> #DIV/0!
D41: =D40+1 -> 46113 | E41: 三 | I41: =F41/$C$1 -> 0
D42: =D41+1 -> 46114 | E42: 四 | I42: =F42/$C$1 -> 0
D43: =D42+1 -> 46115 | E43: 五 | I43: =F43/$C$1 -> 0
D44: =D43+1 -> 46116 | E44: 六 | I44: =F44/$C$1 -> 0
D45: =D44+1 -> 46117 | E45: 日 | I45: =F45/$C$1 -> 0
D46: =D45+1 -> 46118 | E46: 一 | I46: =F46/$C$1 -> 0

Sheet （３）業績構成比
B2: （3）業績構成比
B3: 資料繳交日 | C3: 月份 | D3: 日期 | F3: 營業額 | I3: 品類業績
I4: 18℃-飯糰 | O4: 18℃-壽司手卷 | U4: 4℃-飯糰 | W4: 4℃-壽司手卷 | Y4: 主食 | AE4: 便當 | AG4: 熱食義麵 | AI4: 季節調理麵 | AK4: 微波小吃
F5: 日 | G5: 週累積 | H5: 月累積 | I5: 一配 | K5: 二配 | M5: 合計 | O5: 一配 | Q5: 二配 | S5: 合計 | U5: 一配 | W5: 一配 | Y5: 一配 | AA5: 二配 | AC5: 合計 | AE5: 一配 | AG5: 一配 | AI5: 一配 | AK5: 一配
I6: 業績(元) | J6: 比例(%) | K6: 業績(元) | L6: 比例(%) | M6: 業績(元) | N6: 比例(%) | O6: 業績(元) | P6: 比例(%) | Q6: 業績(元) | R6: 比例(%) | S6: 業績(元) | T6: 比例(%) | U6: 業績(元) | V6: 比例(%) | W6: 業績(元) | X6: 比例(%) | Y6: 業績(元) | Z6: 比例(%) | AA6: 業績(元) | AB6: 比例(%) | AC6: 業績(元) | AD6: 比例(%) | AE6: 業績(元) | AF6: 比例(%) | AG6: 業績(元) | AH6: 比例(%) | AI6: 業績(元) | AJ6: 比例(%) | AK6: 業績(元) | AL6: 比例(%)
B7: =D8+7 -> 46085 | D7: 46077 | E7: 二 | F7: =SUM(M7,S7,U7,W7,AC7,AE7,AG7,AI7,AK7) -> 5238957.1 | G7: =SUM(F7:F13) -> 32338420 | I7: 815562.13 | J7: =I7/$F7 -> 0.15567261 | K7: 962970.78 | L7: =K7/$F7 -> 0.18380963 | M7: =I7+K7 -> 1778532.9 | N7: =M7/$F7 -> 0.33948224 | O7: 220466.87 | P7: =O7/$F7 -> 0.042082206 | Q7: 178349.54 | R7: =Q7/$F7 -> 0.034042947 | S7: =O7+Q7 -> 398816.41 | T7: =S7/$F7 -> 0.076125153 | U7: 185358.41 | V7: =U7/$F7 -> 0.035380784 | W7: 233726.34 | X7: =W7/$F7 -> 0.044613143 | Y7: 262050.32 | Z7: =Y7/$F7 -> 0.050019558 | AA7: 622985.41 | AB7: =AA7/$F7 -> 0.11891401 | AC7: =Y7+AA7 -> 885035.73 | AD7: =AC7/$F7 -> 0.16893357 | AE7: 1459250.8 | AF7: =AE7/F7 -> 0.27853842 | AG7: 0 | AH7: =AG7/$F7 -> 0 | AI7: 147496.78 | AJ7: =AI7/$F7 -> 0.028153844 | AK7: 150739.66 | AL7: =AK7/$F7 -> 0.028772837
D8: 46078 | E8: 三 | F8: =SUM(M8,S8,U8,W8,AC8,AE8,AG8,AI8,AK8) -> 4692647.5 | I8: 799279.1 | J8: =I8/$F8 -> 0.17032583 | K8: 843869.38 | L8: =K8/$F8 -> 0.17982799 | M8: =I8+K8 -> 1643148.5 | N8: =M8/F8 -> 0.35015383 | O8: 220683.48 | P8: =O8/$F8 -> 0.0470275 | Q8: 169504.31 | R8: =Q8/$F8 -> 0.036121254 | S8: =O8+Q8 -> 390187.79 | T8: =S8/F8 -> 0.083148753 | U8: 148052.14 | V8: =U8/F8 -> 0.031549811 | W8: 127954.87 | X8: =W8/$F8 -> 0.027267096 | Y8: 246268.26 | Z8: =Y8/$F8 -> 0.052479599 | AA8: 471199.58 | AB8: =AA8/$F8 -> 0.10041231 | AC8: =Y8+AA8 -> 717467.84 | AD8: =AC8/$F8 -> 0.15289191 | AE8: 1390723.7 | AF8: =AE8/F8 -> 0.29636227 | AG8: 0 | AH8: =AG8/$F8 -> 0 | AI8: 133540.96 | AJ8: =AI8/$F8 -> 0.028457488 | AK8: 141571.74 | AL8: =AK8/$F8 -> 0.030168842
D9: 46079 | E9: 四 | F9: =SUM(M9,S9,U9,W9,AC9,AE9,AG9,AI9,AK9) -> 3909306.8 | I9: 569381.54 | J9: =I9/$F9 -> 0.1456477 | K9: 745558.51 | L9: =K9/$F9 -> 0.19071374 | M9: =I9+K9 -> 1314940.1 | N9: =M9/$F9 -> 0.33636143 | O9: 181316.11 | P9: =O9/$F9 -> 0.046380629 | Q9: 144695.62 | R9: =Q9/$F9 -> 0.037013114 | S9: =O9+Q9 -> 326011.73 | T9: =S9/$F9 -> 0.083393743 | U9: 126261.09 | V9: =U9/$F9 -> 0.032297565 | W9: 117881.98 | X9: =W9/$F9 -> 0.03015419 | Y9: 228101.86 | Z9: =Y9/$F9 -> 0.058348416 | AA9: 422415.5 | AB9: =AA9/$F9 -> 0.10805381 | AC9: =Y9+AA9 -> 650517.36 | AD9: =AC9/$F9 -> 0.16640223 | AE9: 1113115.7 | AF9: =AE9/F9 -> 0.28473481 | AG9: 0 | AH9: =AG9/$F9 -> 0 | AI9: 126738.1 | AJ9: =AI9/$F9 -> 0.032419584 | AK9: 133840.79 | AL9: =AK9/$F9 -> 0.034236451
D10: 46080 | E10: 五 | F10: =SUM(M10,S10,U10,W10,AC10,AE10,AG10,AI10,AK10) -> 3610052.1 | I10: 545361.13 | J10: =I10/$F10 -> 0.15106739 | K10: 729491.75 | L10: =K10/$F10 -> 0.20207236 | M10: =I10+K10 -> 1274852.9 | N10: =M10/F10 -> 0.35313975 | O10: 174530.93 | P10: =O10/$F10 -> 0.048345821 | Q10: 138334.66 | R10: =Q10/$F10 -> 0.038319298 | S10: =O10+Q10 -> 312865.59 | T10: =S10/F10 -> 0.086665119 | U10: 105159.82 | V10: =U10/F10 -> 0.029129724 | W10: 54549.87 | X10: =W10/$F10 -> 0.015110549 | Y10: 204485.54 | Z10: =Y10/$F10 -> 0.056643377 | AA10: 465150.64 | AB10: =AA10/$F10 -> 0.12884873 | AC10: =Y10+AA10 -> 669636.18 | AD10: =AC10/$F10 -> 0.18549211 | AE10: 952067.01 | AF10: =AE10/F10 -> 0.26372667 | AG10: 0 | AH10: =AG10/$F10 -> 0 | AI10: 118704.2 | AJ10: =AI10/$F10 -> 0.032881576 | AK10: 122216.51 | AL10: =AK10/$F10 -> 0.033854501
D11: 46081 | E11: 六 | F11: =SUM(M11,S11,U11,W11,AC11,AE11,AG11,AI11,AK11) -> 3915929.6 | I11: 533505.22 | J11: =I11/$F11 -> 0.13623974 | K11: 882554.59 | L11: =K11/$F11 -> 0.2253755 | M11: =I11+K11 -> 1416059.8 | N11: =M11/$F11 -> 0.36161524 | O11: 166313.67 | P11: =O11/$F11 -> 0.042471057 | Q11: 136605.65 | R11: =Q11/$F11 -> 0.034884603 | S11: =O11+Q11 -> 302919.32 | T11: =S11/$F11 -> 0.07735566 | U11: 117254.27 | V11: =U11/$F11 -> 0.029942895 | W11: 65953.22 | X11: =W11/$F11 -> 0.016842289 | Y11: 222027.47 | Z11: =Y11/$F11 -> 0.056698534 | AA11: 550814.38 | AB11: =AA11/$F11 -> 0.14065993 | AC11: =Y11+AA11 -> 772841.85 | AD11: =AC11/$F11 -> 0.19735846 | AE11: 1029063.2 | AF11: =AE11/F11 -> 0.262789 | AG11: 0 | AH11: =AG11/$F11 -> 0 | AI11: 70403.2 | AJ11: =AI11/$F11 -> 0.017978668 | AK11: 141434.74 | AL11: =AK11/$F11 -> 0.036117794
C12: 三 | D12: 46082 | E12: 日 | F12: =SUM(M12,S12,U12,W12,AC12,AE12,AG12,AI12,AK12) -> 5447490.3 | H12: =SUM(F12:F42) -> 44825623 | I12: 880068.55 | J12: =I12/$F12 -> 0.16155486 | K12: 1018931.3 | L12: =K12/$F12 -> 0.18704601 | M12: =I12+K12 -> 1898999.9 | N12: =M12/F12 -> 0.34860087 | O12: 229722.55 | P12: =O12/$F12 -> 0.042170346 | Q12: 170790.6 | R12: =Q12/$F12 -> 0.031352163 | S12: =O12+Q12 -> 400513.15 | T12: =S12/F12 -> 0.073522509 | U12: 173999.36 | V12: =U12/F12 -> 0.031941197 | W12: 148402.32 | X12: =W12/$F12 -> 0.027242329 | Y12: 296339.4 | Z12: =Y12/$F12 -> 0.054399253 | AA12: 622748.12 | AB12: =AA12/$F12 -> 0.11431835 | AC12: =Y12+AA12 -> 919087.52 | AD12: =AC12/$F12 -> 0.16871761 | AE12: 1756824.7 | AF12: =AE12/F12 -> 0.32250167 | AG12: 0 | AH12: =AG12/$F12 -> 0 | AI12: 81107.36 | AJ12: =AI12/$F12 -> 0.014888941 | AK12: 68556 | AL12: =AK12/$F12 -> 0.012584878
D13: 46083 | E13: 一 | F13: =SUM(M13,S13,U13,W13,AC13,AE13,AG13,AI13,AK13) -> 5524036.8 | I13: 846957.8 | J13: =I13/$F13 -> 0.15332226 | K13: 1097915.2 | L13: =K13/$F13 -> 0.19875234 | M13: =I13+K13 -> 1944873 | N13: =M13/$F13 -> 0.3520746 | O13: 211406.03 | P13: =O13/$F13 -> 0.038270207 | Q13: 168666.66 | R13: =Q13/$F13 -> 0.030533225 | S13: =O13+Q13 -> 380072.69 | T13: =S13/$F13 -> 0.068803432 | U13: 130781.56 | V13: =U13/$F13 -> 0.023674998 | W13: 113746.98 | X13: =W13/$F13 -> 0.020591279 | Y13: 253080.66 | Z13: =Y13/$F13 -> 0.045814442 | AA13: 1069349 | AB13: =AA13/$F13 -> 0.19358108 | AC13: =Y13+AA13 -> 1322429.7 | AD13: =AC13/$F13 -> 0.23939552 | AE13: 1465668.8 | AF13: =AE13/F13 -> 0.26532568 | AG13: 0 | AH13: =AG13/$F13 -> 0 | AI13: 92529.92 | AJ13: =AI13/$F13 -> 0.016750417 | AK13: 73934.1 | AL13: =AK13/$F13 -> 0.013384071
B14: =D15+7 -> 46092 | D14: 46084 | E14: 二 | F14: =SUM(M14,S14,U14,W14,AC14,AE14,AG14,AI14,AK14) -> 5503117.1 | G14: =SUM(F14:F20) -> 33854096 | I14: 830881.12 | J14: =I14/$F14 -> 0.15098373 | K14: 1064970 | L14: =K14/$F14 -> 0.19352123 | M14: =I14+K14 -> 1895851.1 | N14: =M14/$F14 -> 0.34450496 | O14: 287774.4 | P14: =O14/$F14 -> 0.052292982 | Q14: 169433.19 | R14: =Q14/$F14 -> 0.030788585 | S14: =O14+Q14 -> 457207.59 | T14: =S14/$F14 -> 0.083081567 | U14: 122084.54 | V14: =U14/$F14 -> 0.022184616 | W14: 86700.45 | X14: =W14/$F14 -> 0.015754789 | Y14: 202214.74 | Z14: =Y14/$F14 -> 0.036745491 | AA14: 974142.5 | AB14: =AA14/$F14 -> 0.1770165 | AC14: =Y14+AA14 -> 1176357.2 | AD14: =AC14/$F14 -> 0.21376199 | AE14: 1623033.4 | AF14: =AE14/F14 -> 0.29492984 | AG14: 0 | AH14: =AG14/$F14 -> 0 | AI14: 72558.4 | AJ14: =AI14/$F14 -> 0.013184964 | AK14: 69324.3 | AL14: =AK14/$F14 -> 0.012597279
D15: 46085 | E15: 三 | F15: =SUM(M15,S15,U15,W15,AC15,AE15,AG15,AI15,AK15) -> 5072703.1 | I15: 815697.95 | J15: =I15/$F15 -> 0.16080144 | K15: 1020941.8 | L15: =K15/$F15 -> 0.2012619 | M15: =I15+K15 -> 1836639.8 | N15: =M15/F15 -> 0.36206333 | O15: 271042.24 | P15: =O15/$F15 -> 0.053431521 | Q15: 176841.24 | R15: =Q15/$F15 -> 0.034861343 | S15: =O15+Q15 -> 447883.48 | T15: =S15/F15 -> 0.088292863 | U15: 113916.98 | V15: =U15/F15 -> 0.022456859 | W15: 80208.43 | X15: =W15/$F15 -> 0.015811773 | Y15: 188760.25 | Z15: =Y15/$F15 -> 0.037210979 | AA15: 879092.45 | AB15: =AA15/$F15 -> 0.17329862 | AC15: =Y15+AA15 -> 1067852.7 | AD15: =AC15/$F15 -> 0.2105096 | AE15: 1451322 | AF15: =AE15/F15 -> 0.28610427 | AG15: 0 | AH15: =AG15/$F15 -> 0 | AI15: 0 | AJ15: =AI15/$F15 -> 0 | AK15: 74879.7 | AL15: =AK15/$F15 -> 0.014761302
D16: 46086 | E16: 四 | F16: =SUM(M16,S16,U16,W16,AC16,AE16,AG16,AI16,AK16) -> 4496570 | I16: 759369.68 | J16: =I16/$F16 -> 0.16887754 | K16: 904680.65 | L16: =K16/$F16 -> 0.2011935 | M16: =I16+K16 -> 1664050.3 | N16: =M16/$F16 -> 0.37007104 | O16: 250314.85 | P16: =O16/$F16 -> 0.055667954 | Q16: 157714.79 | R16: =Q16/$F16 -> 0.035074466 | S16: =O16+Q16 -> 408029.64 | T16: =S16/$F16 -> 0.09074242 | U16: 98671.55 | V16: =U16/$F16 -> 0.021943737 | W16: 81953.75 | X16: =W16/$F16 -> 0.018225837 | Y16: 185070.2 | Z16: =Y16/$F16 -> 0.041158083 | AA16: 699113.47 | AB16: =AA16/$F16 -> 0.15547706 | AC16: =Y16+AA16 -> 884183.67 | AD16: =AC16/$F16 -> 0.19663514 | AE16: 1289233.8 | AF16: =AE16/F16 -> 0.28671495 | AG16: 0 | AH16: =AG16/$F16 -> 0 | AI16: 0 | AJ16: =AI16/$F16 -> 0 | AK16: 70447.2 | AL16: =AK16/$F16 -> 0.015666875
D17: 46087 | E17: 五 | F17: =SUM(M17,S17,U17,W17,AC17,AE17,AG17,AI17,AK17) -> 3821772.9 | I17: 565614.91 | J17: =I17/$F17 -> 0.14799804 | K17: 832303.86 | L17: =K17/$F17 -> 0.21777952 | M17: =I17+K17 -> 1397918.8 | N17: =M17/F17 -> 0.36577756 | O17: 196738.65 | P17: =O17/$F17 -> 0.051478373 | Q17: 127782.41 | R17: =Q17/$F17 -> 0.033435375 | S17: =O17+Q17 -> 324521.06 | T17: =S17/F17 -> 0.084913748 | U17: 108285.89 | V17: =U17/F17 -> 0.028333942 | W17: 79685.59 | X17: =W17/$F17 -> 0.020850425 | Y17: 196026.81 | Z17: =Y17/$F17 -> 0.051292114 | AA17: 672018.14 | AB17: =AA17/$F17 -> 0.17583937 | AC17: =Y17+AA17 -> 868044.95 | AD17: =AC17/$F17 -> 0.22713148 | AE17: 974997.04 | AF17: =AE17/F17 -> 0.25511643 | AG17: 0 | AH17: =AG17/$F17 -> 0 | AI17: 0 | AJ17: =AI17/$F17 -> 0 | AK17: 68319.6 | AL17: =AK17/$F17 -> 0.017876415
D18: 46088 | E18: 六 | F18: =SUM(M18,S18,U18,W18,AC18,AE18,AG18,AI18,AK18) -> 4127790.8 | I18: 535411.8 | J18: =I18/$F18 -> 0.12970904 | K18: 954382.02 | L18: =K18/$F18 -> 0.23120891 | M18: =I18+K18 -> 1489793.8 | N18: =M18/$F18 -> 0.36091795 | O18: 191833.54 | P18: =O18/$F18 -> 0.046473658 | Q18: 123847.85 | R18: =Q18/$F18 -> 0.030003422 | S18: =O18+Q18 -> 315681.39 | T18: =S18/$F18 -> 0.07647708 | U18: 101929.25 | V18: =U18/$F18 -> 0.024693415 | W18: 65524.79 | X18: =W18/$F18 -> 0.015874058 | Y18: 216407.24 | Z18: =Y18/$F18 -> 0.052426891 | AA18: 773297.13 | AB18: =AA18/$F18 -> 0.18733922 | AC18: =Y18+AA18 -> 989704.37 | AD18: =AC18/$F18 -> 0.23976611 | AE18: 1094887.3 | AF18: =AE18/F18 -> 0.26524777 | AG18: 0 | AH18: =AG18/$F18 -> 0 | AI18: 0 | AJ18: =AI18/$F18 -> 0 | AK18: 70269.9 | AL18: =AK18/$F18 -> 0.01702361
D19: 46089 | E19: 日 | F19: =SUM(M19,S19,U19,W19,AC19,AE19,AG19,AI19,AK19) -> 5624946 | I19: 852217.39 | J19: =I19/$F19 -> 0.15150677 | K19: 1075261.6 | L19: =K19/$F19 -> 0.19115946 | M19: =I19+K19 -> 1927479 | N19: =M19/F19 -> 0.34266623 | O19: 281846.31 | P19: =O19/$F19 -> 0.050106492 | Q19: 159148.46 | R19: =Q19/$F19 -> 0.028293331 | S19: =O19+Q19 -> 440994.77 | T19: =S19/F19 -> 0.078399823 | U19: 129839.87 | V19: =U19/F19 -> 0.023082865 | W19: 81957.96 | X19: =W19/$F19 -> 0.014570444 | Y19: 246041.18 | Z19: =Y19/$F19 -> 0.043741074 | AA19: 937191.64 | AB19: =AA19/$F19 -> 0.16661345 | AC19: =Y19+AA19 -> 1183232.8 | AD19: =AC19/$F19 -> 0.21035452 | AE19: 1792767.3 | AF19: =AE19/F19 -> 0.31871725 | AG19: 0 | AH19: =AG19/$F19 -> 0 | AI19: 0 | AJ19: =AI19/$F19 -> 0 | AK19: 68674.2 | AL19: =AK19/$F19 -> 0.012208864
D20: 46090 | E20: 一 | F20: =SUM(M20,S20,U20,W20,AC20,AE20,AG20,AI20,AK20) -> 5207196.3 | I20: 822660.51 | J20: =I20/$F20 -> 0.15798531 | K20: 1054563.2 | L20: =K20/$F20 -> 0.20252035 | M20: =I20+K20 -> 1877223.7 | N20: =M20/$F20 -> 0.36050565 | O20: 254532.38 | P20: =O20/$F20 -> 0.048880888 | Q20: 160772.09 | R20: =Q20/$F20 -> 0.030874982 | S20: =O20+Q20 -> 415304.47 | T20: =S20/$F20 -> 0.07975587 | U20: 135905.56 | V20: =U20/$F20 -> 0.026099565 | W20: 87841.76 | X20: =W20/$F20 -> 0.016869301 | Y20: 235368.42 | Z20: =Y20/$F20 -> 0.045200605 | AA20: 909672.18 | AB20: =AA20/$F20 -> 0.1746952 | AC20: =Y20+AA20 -> 1145040.6 | AD20: =AC20/$F20 -> 0.2198958 | AE20: 1470114 | AF20: =AE20/F20 -> 0.28232352 | AG20: 0 | AH20: =AG20/$F20 -> 0 | AI20: 0 | AJ20: =AI20/$F20 -> 0 | AK20: 75766.2 | AL20: =AK20/$F20 -> 0.014550287
B21: =B14+7 -> 46099 | D21: 46091 | E21: 二 | G21: =SUM(F21:F27) -> 0 | J21: =I21/$F21 -> #DIV/0! | L21: =K21/$F21 -> #DIV/0! | M21: =I21+K21 -> 0 | N21: =M21/F21 -> #DIV/0! | P21: =O21/$F21 -> #DIV/0! | R21: =Q21/$F21 -> #DIV/0! | S21: =O21+Q21 -> 0 | T21: =S21/F21 -> #DIV/0! | V21: =U21/F21 -> #DIV/0! | X21: =W21/$F21 -> #DIV/0! | Z21: =Y21/$F21 -> #DIV/0! | AB21: =AA21/$F21 -> #DIV/0! | AC21: =Y21+AA21 -> 0 | AD21: =AC21/$F21 -> #DIV/0! | AF21: =AE21/F21 -> #DIV/0! | AH21: =AG21/$F21 -> #DIV/0! | AJ21: =AI21/$F21 -> #DIV/0! | AL21: =AK21/$F21 -> #DIV/0!
D22: 46092 | E22: 三 | J22: =I22/$F22 -> #DIV/0! | L22: =K22/$F22 -> #DIV/0! | M22: =I22+K22 -> 0 | N22: =M22/$F22 -> #DIV/0! | P22: =O22/$F22 -> #DIV/0! | R22: =Q22/$F22 -> #DIV/0! | S22: =O22+Q22 -> 0 | T22: =S22/$F22 -> #DIV/0! | V22: =U22/$F22 -> #DIV/0! | X22: =W22/$F22 -> #DIV/0! | Z22: =Y22/$F22 -> #DIV/0! | AB22: =AA22/$F22 -> #DIV/0! | AC22: =Y22+AA22 -> 0 | AD22: =AC22/$F22 -> #DIV/0! | AF22: =AE22/F22 -> #DIV/0! | AH22: =AG22/$F22 -> #DIV/0! | AJ22: =AI22/$F22 -> #DIV/0! | AL22: =AK22/$F22 -> #DIV/0!
D23: 46093 | E23: 四 | J23: =I23/$F23 -> #DIV/0! | L23: =K23/$F23 -> #DIV/0! | M23: =I23+K23 -> 0 | N23: =M23/F23 -> #DIV/0! | P23: =O23/$F23 -> #DIV/0! | R23: =Q23/$F23 -> #DIV/0! | S23: =O23+Q23 -> 0 | T23: =S23/F23 -> #DIV/0! | V23: =U23/F23 -> #DIV/0! | X23: =W23/$F23 -> #DIV/0! | Z23: =Y23/$F23 -> #DIV/0! | AB23: =AA23/$F23 -> #DIV/0! | AC23: =Y23+AA23 -> 0 | AD23: =AC23/$F23 -> #DIV/0! | AF23: =AE23/F23 -> #DIV/0! | AH23: =AG23/$F23 -> #DIV/0! | AJ23: =AI23/$F23 -> #DIV/0! | AL23: =AK23/$F23 -> #DIV/0!
D24: 46094 | E24: 五 | J24: =I24/$F24 -> #DIV/0! | L24: =K24/$F24 -> #DIV/0! | M24: =I24+K24 -> 0 | N24: =M24/$F24 -> #DIV/0! | P24: =O24/$F24 -> #DIV/0! | R24: =Q24/$F24 -> #DIV/0! | S24: =O24+Q24 -> 0 | T24: =S24/$F24 -> #DIV/0! | V24: =U24/$F24 -> #DIV/0! | X24: =W24/$F24 -> #DIV/0! | Z24: =Y24/$F24 -> #DIV/0! | AB24: =AA24/$F24 -> #DIV/0! | AC24: =Y24+AA24 -> 0 | AD24: =AC24/$F24 -> #DIV/0! | AF24: =AE24/F24 -> #DIV/0! | AH24: =AG24/$F24 -> #DIV/0! | AJ24: =AI24/$F24 -> #DIV/0! | AL24: =AK24/$F24 -> #DIV/0!
D25: 46095 | E25: 六 | J25: =I25/$F25 -> #DIV/0! | L25: =K25/$F25 -> #DIV/0! | M25: =I25+K25 -> 0 | N25: =M25/$F25 -> #DIV/0! | P25: =O25/$F25 -> #DIV/0! | R25: =Q25/$F25 -> #DIV/0! | S25: =O25+Q25 -> 0 | T25: =S25/$F25 -> #DIV/0! | V25: =U25/$F25 -> #DIV/0! | X25: =W25/$F25 -> #DIV/0! | Z25: =Y25/$F25 -> #DIV/0! | AB25: =AA25/$F25 -> #DIV/0! | AC25: =Y25+AA25 -> 0 | AD25: =AC25/$F25 -> #DIV/0! | AF25: =AE25/F25 -> #DIV/0! | AH25: =AG25/$F25 -> #DIV/0! | AJ25: =AI25/$F25 -> #DIV/0! | AL25: =AK25/$F25 -> #DIV/0!
D26: 46096 | E26: 日 | J26: =I26/$F26 -> #DIV/0! | L26: =K26/$F26 -> #DIV/0! | M26: =I26+K26 -> 0 | N26: =M26/F26 -> #DIV/0! | P26: =O26/$F26 -> #DIV/0! | R26: =Q26/$F26 -> #DIV/0! | S26: =O26+Q26 -> 0 | T26: =S26/F26 -> #DIV/0! | V26: =U26/F26 -> #DIV/0! | X26: =W26/$F26 -> #DIV/0! | Z26: =Y26/$F26 -> #DIV/0! | AB26: =AA26/$F26 -> #DIV/0! | AC26: =Y26+AA26 -> 0 | AD26: =AC26/$F26 -> #DIV/0! | AF26: =AE26/F26 -> #DIV/0! | AH26: =AG26/$F26 -> #DIV/0! | AJ26: =AI26/$F26 -> #DIV/0! | AL26: =AK26/$F26 -> #DIV/0!
D27: 46097 | E27: 一 | J27: =I27/$F27 -> #DIV/0! | L27: =K27/$F27 -> #DIV/0! | M27: =I27+K27 -> 0 | N27: =M27/$F27 -> #DIV/0! | P27: =O27/$F27 -> #DIV/0! | R27: =Q27/$F27 -> #DIV/0! | S27: =O27+Q27 -> 0 | T27: =S27/$F27 -> #DIV/0! | V27: =U27/$F27 -> #DIV/0! | X27: =W27/$F27 -> #DIV/0! | Z27: =Y27/$F27 -> #DIV/0! | AB27: =AA27/$F27 -> #DIV/0! | AC27: =Y27+AA27 -> 0 | AD27: =AC27/$F27 -> #DIV/0! | AF27: =AE27/F27 -> #DIV/0! | AH27: =AG27/$F27 -> #DIV/0! | AJ27: =AI27/$F27 -> #DIV/0! | AL27: =AK27/$F27 -> #DIV/0!
B28: =B21+7 -> 46106 | D28: 46098 | E28: 二 | G28: =SUM(F28:F34) -> 0 | J28: =I28/$F28 -> #DIV/0! | L28: =K28/$F28 -> #DIV/0! | M28: =I28+K28 -> 0 | N28: =M28/F28 -> #DIV/0! | P28: =O28/$F28 -> #DIV/0! | R28: =Q28/$F28 -> #DIV/0! | S28: =O28+Q28 -> 0 | T28: =S28/F28 -> #DIV/0! | V28: =U28/F28 -> #DIV/0! | X28: =W28/$F28 -> #DIV/0! | Z28: =Y28/$F28 -> #DIV/0! | AB28: =AA28/$F28 -> #DIV/0! | AC28: =Y28+AA28 -> 0 | AD28: =AC28/$F28 -> #DIV/0! | AF28: =AE28/F28 -> #DIV/0! | AH28: =AG28/$F28 -> #DIV/0! | AJ28: =AI28/$F28 -> #DIV/0! | AL28: =AK28/$F28 -> #DIV/0!
D29: 46099 | E29: 三 | J29: =I29/$F29 -> #DIV/0! | L29: =K29/$F29 -> #DIV/0! | M29: =I29+K29 -> 0 | N29: =M29/$F29 -> #DIV/0! | P29: =O29/$F29 -> #DIV/0! | R29: =Q29/$F29 -> #DIV/0! | S29: =O29+Q29 -> 0 | T29: =S29/$F29 -> #DIV/0! | V29: =U29/$F29 -> #DIV/0! | X29: =W29/$F29 -> #DIV/0! | Z29: =Y29/$F29 -> #DIV/0! | AB29: =AA29/$F29 -> #DIV/0! | AC29: =Y29+AA29 -> 0 | AD29: =AC29/$F29 -> #DIV/0! | AF29: =AE29/F29 -> #DIV/0! | AH29: =AG29/$F29 -> #DIV/0! | AJ29: =AI29/$F29 -> #DIV/0! | AL29: =AK29/$F29 -> #DIV/0!
D30: 46100 | E30: 四 | J30: =I30/$F30 -> #DIV/0! | L30: =K30/$F30 -> #DIV/0! | M30: =I30+K30 -> 0 | N30: =M30/F30 -> #DIV/0! | P30: =O30/$F30 -> #DIV/0! | R30: =Q30/$F30 -> #DIV/0! | S30: =O30+Q30 -> 0 | T30: =S30/F30 -> #DIV/0! | V30: =U30/F30 -> #DIV/0! | X30: =W30/$F30 -> #DIV/0! | Z30: =Y30/$F30 -> #DIV/0! | AB30: =AA30/$F30 -> #DIV/0! | AC30: =Y30+AA30 -> 0 | AD30: =AC30/$F30 -> #DIV/0! | AF30: =AE30/F30 -> #DIV/0! | AH30: =AG30/$F30 -> #DIV/0! | AJ30: =AI30/$F30 -> #DIV/0! | AL30: =AK30/$F30 -> #DIV/0!
D31: 46101 | E31: 五 | J31: =I31/$F31 -> #DIV/0! | L31: =K31/$F31 -> #DIV/0! | M31: =I31+K31 -> 0 | N31: =M31/$F31 -> #DIV/0! | P31: =O31/$F31 -> #DIV/0! | R31: =Q31/$F31 -> #DIV/0! | S31: =O31+Q31 -> 0 | T31: =S31/$F31 -> #DIV/0! | V31: =U31/$F31 -> #DIV/0! | X31: =W31/$F31 -> #DIV/0! | Z31: =Y31/$F31 -> #DIV/0! | AB31: =AA31/$F31 -> #DIV/0! | AC31: =Y31+AA31 -> 0 | AD31: =AC31/$F31 -> #DIV/0! | AF31: =AE31/F31 -> #DIV/0! | AH31: =AG31/$F31 -> #DIV/0! | AJ31: =AI31/$F31 -> #DIV/0! | AL31: =AK31/$F31 -> #DIV/0!
D32: 46102 | E32: 六 | J32: =I32/$F32 -> #DIV/0! | L32: =K32/$F32 -> #DIV/0! | M32: =I32+K32 -> 0 | N32: =M32/$F32 -> #DIV/0! | P32: =O32/$F32 -> #DIV/0! | R32: =Q32/$F32 -> #DIV/0! | S32: =O32+Q32 -> 0 | T32: =S32/$F32 -> #DIV/0! | V32: =U32/$F32 -> #DIV/0! | X32: =W32/$F32 -> #DIV/0! | Z32: =Y32/$F32 -> #DIV/0! | AB32: =AA32/$F32 -> #DIV/0! | AC32: =Y32+AA32 -> 0 | AD32: =AC32/$F32 -> #DIV/0! | AF32: =AE32/F32 -> #DIV/0! | AH32: =AG32/$F32 -> #DIV/0! | AJ32: =AI32/$F32 -> #DIV/0! | AL32: =AK32/$F32 -> #DIV/0!
D33: 46103 | E33: 日 | J33: =I33/$F33 -> #DIV/0! | L33: =K33/$F33 -> #DIV/0! | M33: =I33+K33 -> 0 | N33: =M33/F33 -> #DIV/0! | P33: =O33/$F33 -> #DIV/0! | R33: =Q33/$F33 -> #DIV/0! | S33: =O33+Q33 -> 0 | T33: =S33/F33 -> #DIV/0! | V33: =U33/F33 -> #DIV/0! | X33: =W33/$F33 -> #DIV/0! | Z33: =Y33/$F33 -> #DIV/0! | AB33: =AA33/$F33 -> #DIV/0! | AC33: =Y33+AA33 -> 0 | AD33: =AC33/$F33 -> #DIV/0! | AF33: =AE33/F33 -> #DIV/0! | AH33: =AG33/$F33 -> #DIV/0! | AJ33: =AI33/$F33 -> #DIV/0! | AL33: =AK33/$F33 -> #DIV/0!
D34: 46104 | E34: 一 | J34: =I34/$F34 -> #DIV/0! | L34: =K34/$F34 -> #DIV/0! | M34: =I34+K34 -> 0 | N34: =M34/$F34 -> #DIV/0! | P34: =O34/$F34 -> #DIV/0! | R34: =Q34/$F34 -> #DIV/0! | S34: =O34+Q34 -> 0 | T34: =S34/$F34 -> #DIV/0! | V34: =U34/$F34 -> #DIV/0! | X34: =W34/$F34 -> #DIV/0! | Z34: =Y34/$F34 -> #DIV/0! | AB34: =AA34/$F34 -> #DIV/0! | AC34: =Y34+AA34 -> 0 | AD34: =AC34/$F34 -> #DIV/0! | AF34: =AE34/F34 -> #DIV/0! | AH34: =AG34/$F34 -> #DIV/0! | AJ34: =AI34/$F34 -> #DIV/0! | AL34: =AK34/$F34 -> #DIV/0!
B35: =B28+7 -> 46113 | D35: 46105 | E35: 二 | G35: =SUM(F35:F41) -> 0 | J35: =I35/$F35 -> #DIV/0! | L35: =K35/$F35 -> #DIV/0! | M35: =I35+K35 -> 0 | N35: =M35/F35 -> #DIV/0! | P35: =O35/$F35 -> #DIV/0! | R35: =Q35/$F35 -> #DIV/0! | S35: =O35+Q35 -> 0 | T35: =S35/F35 -> #DIV/0! | V35: =U35/F35 -> #DIV/0! | X35: =W35/$F35 -> #DIV/0! | Z35: =Y35/$F35 -> #DIV/0! | AB35: =AA35/$F35 -> #DIV/0! | AC35: =Y35+AA35 -> 0 | AD35: =AC35/$F35 -> #DIV/0! | AF35: =AE35/F35 -> #DIV/0! | AH35: =AG35/$F35 -> #DIV/0! | AJ35: =AI35/$F35 -> #DIV/0! | AL35: =AK35/$F35 -> #DIV/0!
D36: 46106 | E36: 三 | J36: =I36/$F36 -> #DIV/0! | L36: =K36/$F36 -> #DIV/0! | M36: =I36+K36 -> 0 | N36: =M36/$F36 -> #DIV/0! | P36: =O36/$F36 -> #DIV/0! | R36: =Q36/$F36 -> #DIV/0! | S36: =O36+Q36 -> 0 | T36: =S36/$F36 -> #DIV/0! | V36: =U36/$F36 -> #DIV/0! | X36: =W36/$F36 -> #DIV/0! | Z36: =Y36/$F36 -> #DIV/0! | AB36: =AA36/$F36 -> #DIV/0! | AC36: =Y36+AA36 -> 0 | AD36: =AC36/$F36 -> #DIV/0! | AF36: =AE36/F36 -> #DIV/0! | AH36: =AG36/$F36 -> #DIV/0! | AJ36: =AI36/$F36 -> #DIV/0! | AL36: =AK36/$F36 -> #DIV/0!
D37: 46107 | E37: 四 | J37: =I37/$F37 -> #DIV/0! | L37: =K37/$F37 -> #DIV/0! | M37: =I37+K37 -> 0 | N37: =M37/F37 -> #DIV/0! | P37: =O37/$F37 -> #DIV/0! | R37: =Q37/$F37 -> #DIV/0! | S37: =O37+Q37 -> 0 | T37: =S37/F37 -> #DIV/0! | V37: =U37/F37 -> #DIV/0! | X37: =W37/$F37 -> #DIV/0! | Z37: =Y37/$F37 -> #DIV/0! | AB37: =AA37/$F37 -> #DIV/0! | AC37: =Y37+AA37 -> 0 | AD37: =AC37/$F37 -> #DIV/0! | AF37: =AE37/F37 -> #DIV/0! | AH37: =AG37/$F37 -> #DIV/0! | AJ37: =AI37/$F37 -> #DIV/0! | AL37: =AK37/$F37 -> #DIV/0!
D38: 46108 | E38: 五 | J38: =I38/$F38 -> #DIV/0! | L38: =K38/$F38 -> #DIV/0! | M38: =I38+K38 -> 0 | N38: =M38/$F38 -> #DIV/0! | P38: =O38/$F38 -> #DIV/0! | R38: =Q38/$F38 -> #DIV/0! | S38: =O38+Q38 -> 0 | T38: =S38/$F38 -> #DIV/0! | V38: =U38/$F38 -> #DIV/0! | X38: =W38/$F38 -> #DIV/0! | Z38: =Y38/$F38 -> #DIV/0! | AB38: =AA38/$F38 -> #DIV/0! | AC38: =Y38+AA38 -> 0 | AD38: =AC38/$F38 -> #DIV/0! | AF38: =AE38/F38 -> #DIV/0! | AH38: =AG38/$F38 -> #DIV/0! | AJ38: =AI38/$F38 -> #DIV/0! | AL38: =AK38/$F38 -> #DIV/0!
D39: 46109 | E39: 六 | J39: =I39/$F39 -> #DIV/0! | L39: =K39/$F39 -> #DIV/0! | M39: =I39+K39 -> 0 | N39: =M39/$F39 -> #DIV/0! | P39: =O39/$F39 -> #DIV/0! | R39: =Q39/$F39 -> #DIV/0! | S39: =O39+Q39 -> 0 | T39: =S39/$F39 -> #DIV/0! | V39: =U39/$F39 -> #DIV/0! | X39: =W39/$F39 -> #DIV/0! | Z39: =Y39/$F39 -> #DIV/0! | AB39: =AA39/$F39 -> #DIV/0! | AC39: =Y39+AA39 -> 0 | AD39: =AC39/$F39 -> #DIV/0! | AF39: =AE39/F39 -> #DIV/0! | AH39: =AG39/$F39 -> #DIV/0! | AJ39: =AI39/$F39 -> #DIV/0! | AL39: =AK39/$F39 -> #DIV/0!
D40: 46110 | E40: 日 | J40: =I40/$F40 -> #DIV/0! | L40: =K40/$F40 -> #DIV/0! | M40: =I40+K40 -> 0 | N40: =M40/F40 -> #DIV/0! | P40: =O40/$F40 -> #DIV/0! | R40: =Q40/$F40 -> #DIV/0! | S40: =O40+Q40 -> 0 | T40: =S40/F40 -> #DIV/0! | V40: =U40/F40 -> #DIV/0! | X40: =W40/$F40 -> #DIV/0! | Z40: =Y40/$F40 -> #DIV/0! | AB40: =AA40/$F40 -> #DIV/0! | AC40: =Y40+AA40 -> 0 | AD40: =AC40/$F40 -> #DIV/0! | AF40: =AE40/F40 -> #DIV/0! | AH40: =AG40/$F40 -> #DIV/0! | AJ40: =AI40/$F40 -> #DIV/0! | AL40: =AK40/$F40 -> #DIV/0!
D41: 46111 | E41: 一 | J41: =I41/$F41 -> #DIV/0! | L41: =K41/$F41 -> #DIV/0! | M41: =I41+K41 -> 0 | N41: =M41/$F41 -> #DIV/0! | P41: =O41/$F41 -> #DIV/0! | R41: =Q41/$F41 -> #DIV/0! | S41: =O41+Q41 -> 0 | T41: =S41/$F41 -> #DIV/0! | V41: =U41/$F41 -> #DIV/0! | X41: =W41/$F41 -> #DIV/0! | Z41: =Y41/$F41 -> #DIV/0! | AB41: =AA41/$F41 -> #DIV/0! | AC41: =Y41+AA41 -> 0 | AD41: =AC41/$F41 -> #DIV/0! | AF41: =AE41/F41 -> #DIV/0! | AH41: =AG41/$F41 -> #DIV/0! | AJ41: =AI41/$F41 -> #DIV/0! | AL41: =AK41/$F41 -> #DIV/0!
B42: =B35+7 -> 46120 | D42: 46112 | E42: 二 | G42: =SUM(F42:F48) -> 0 | J42: =I42/$F42 -> #DIV/0! | L42: =K42/$F42 -> #DIV/0! | M42: =I42+K42 -> 0 | N42: =M42/F42 -> #DIV/0! | P42: =O42/$F42 -> #DIV/0! | R42: =Q42/$F42 -> #DIV/0! | S42: =O42+Q42 -> 0 | T42: =S42/F42 -> #DIV/0! | V42: =U42/F42 -> #DIV/0! | X42: =W42/$F42 -> #DIV/0! | Z42: =Y42/$F42 -> #DIV/0! | AB42: =AA42/$F42 -> #DIV/0! | AC42: =Y42+AA42 -> 0 | AD42: =AC42/$F42 -> #DIV/0! | AF42: =AE42/F42 -> #DIV/0! | AH42: =AG42/$F42 -> #DIV/0! | AJ42: =AI42/$F42 -> #DIV/0! | AL42: =AK42/$F42 -> #DIV/0!
D43: 46113 | E43: 三 | J43: =I43/$F43 -> #DIV/0! | L43: =K43/$F43 -> #DIV/0! | M43: =I43+K43 -> 0 | N43: =M43/$F43 -> #DIV/0! | P43: =O43/$F43 -> #DIV/0! | R43: =Q43/$F43 -> #DIV/0! | S43: =O43+Q43 -> 0 | T43: =S43/$F43 -> #DIV/0! | V43: =U43/$F43 -> #DIV/0! | X43: =W43/$F43 -> #DIV/0! | Z43: =Y43/$F43 -> #DIV/0! | AB43: =AA43/$F43 -> #DIV/0! | AC43: =Y43+AA43 -> 0 | AD43: =AC43/$F43 -> #DIV/0! | AF43: =AE43/F43 -> #DIV/0! | AH43: =AG43/$F43 -> #DIV/0! | AJ43: =AI43/$F43 -> #DIV/0! | AL43: =AK43/$F43 -> #DIV/0!
D44: 46114 | E44: 四 | J44: =I44/$F44 -> #DIV/0! | L44: =K44/$F44 -> #DIV/0! | M44: =I44+K44 -> 0 | N44: =M44/F44 -> #DIV/0! | P44: =O44/$F44 -> #DIV/0! | R44: =Q44/$F44 -> #DIV/0! | S44: =O44+Q44 -> 0 | T44: =S44/F44 -> #DIV/0! | V44: =U44/F44 -> #DIV/0! | X44: =W44/$F44 -> #DIV/0! | Z44: =Y44/$F44 -> #DIV/0! | AB44: =AA44/$F44 -> #DIV/0! | AC44: =Y44+AA44 -> 0 | AD44: =AC44/$F44 -> #DIV/0! | AF44: =AE44/F44 -> #DIV/0! | AH44: =AG44/$F44 -> #DIV/0! | AJ44: =AI44/$F44 -> #DIV/0! | AL44: =AK44/$F44 -> #DIV/0!
D45: 46115 | E45: 五 | J45: =I45/$F45 -> #DIV/0! | L45: =K45/$F45 -> #DIV/0! | M45: =I45+K45 -> 0 | N45: =M45/$F45 -> #DIV/0! | P45: =O45/$F45 -> #DIV/0! | R45: =Q45/$F45 -> #DIV/0! | S45: =O45+Q45 -> 0 | T45: =S45/$F45 -> #DIV/0! | V45: =U45/$F45 -> #DIV/0! | X45: =W45/$F45 -> #DIV/0! | Z45: =Y45/$F45 -> #DIV/0! | AB45: =AA45/$F45 -> #DIV/0! | AC45: =Y45+AA45 -> 0 | AD45: =AC45/$F45 -> #DIV/0! | AF45: =AE45/F45 -> #DIV/0! | AH45: =AG45/$F45 -> #DIV/0! | AJ45: =AI45/$F45 -> #DIV/0! | AL45: =AK45/$F45 -> #DIV/0!
D46: 46116 | E46: 六 | J46: =I46/$F46 -> #DIV/0! | L46: =K46/$F46 -> #DIV/0! | M46: =I46+K46 -> 0 | N46: =M46/$F46 -> #DIV/0! | P46: =O46/$F46 -> #DIV/0! | R46: =Q46/$F46 -> #DIV/0! | S46: =O46+Q46 -> 0 | T46: =S46/$F46 -> #DIV/0! | V46: =U46/$F46 -> #DIV/0! | X46: =W46/$F46 -> #DIV/0! | Z46: =Y46/$F46 -> #DIV/0! | AB46: =AA46/$F46 -> #DIV/0! | AC46: =Y46+AA46 -> 0 | AD46: =AC46/$F46 -> #DIV/0! | AF46: =AE46/F46 -> #DIV/0! | AH46: =AG46/$F46 -> #DIV/0! | AJ46: =AI46/$F46 -> #DIV/0! | AL46: =AK46/$F46 -> #DIV/0!
D47: 46117 | E47: 日 | J47: =I47/$F47 -> #DIV/0! | L47: =K47/$F47 -> #DIV/0! | M47: =I47+K47 -> 0 | N47: =M47/F47 -> #DIV/0! | P47: =O47/$F47 -> #DIV/0! | R47: =Q47/$F47 -> #DIV/0! | S47: =O47+Q47 -> 0 | T47: =S47/F47 -> #DIV/0! | V47: =U47/F47 -> #DIV/0! | X47: =W47/$F47 -> #DIV/0! | Z47: =Y47/$F47 -> #DIV/0! | AB47: =AA47/$F47 -> #DIV/0! | AC47: =Y47+AA47 -> 0 | AD47: =AC47/$F47 -> #DIV/0! | AF47: =AE47/F47 -> #DIV/0! | AH47: =AG47/$F47 -> #DIV/0! | AJ47: =AI47/$F47 -> #DIV/0! | AL47: =AK47/$F47 -> #DIV/0!
D48: 46118 | E48: 一 | J48: =I48/$F48 -> #DIV/0! | L48: =K48/$F48 -> #DIV/0! | M48: =I48+K48 -> 0 | N48: =M48/$F48 -> #DIV/0! | P48: =O48/$F48 -> #DIV/0! | R48: =Q48/$F48 -> #DIV/0! | S48: =O48+Q48 -> 0 | T48: =S48/$F48 -> #DIV/0! | V48: =U48/$F48 -> #DIV/0! | X48: =W48/$F48 -> #DIV/0! | Z48: =Y48/$F48 -> #DIV/0! | AB48: =AA48/$F48 -> #DIV/0! | AC48: =Y48+AA48 -> 0 | AD48: =AC48/$F48 -> #DIV/0! | AF48: =AE48/F48 -> #DIV/0! | AH48: =AG48/$F48 -> #DIV/0! | AJ48: =AI48/$F48 -> #DIV/0! | AL48: =AK48/$F48 -> #DIV/0!

Sheet （４）訂單數量構成比
B2: （4）訂單數量構成比
B3: 資料繳交日 | C3: 月份 | D3: 日期 | F3: 訂單量 | I3: 品類訂單量
I4: 18℃-飯糰 | O4: 18℃-壽司手卷 | U4: 4℃-飯糰 | W4: 4℃-壽司手卷 | Y4: 主食 | AE4: 便當 | AG4: 熱食義麵 | AI4: 季節調理麵 | AK4: 微波小吃
F5: 日 | G5: 週累積 | H5: 月累積 | I5: 一配 | K5: 二配 | M5: 合計 | O5: 一配 | Q5: 二配 | S5: 合計 | U5: 一配 | W5: 一配 | Y5: 一配 | AA5: 二配 | AC5: 合計 | AE5: 一配 | AG5: 一配 | AI5: 一配 | AK5: 一配
I6: 訂單數 | J6: 比例(%) | K6: 訂單數 | L6: 比例(%) | M6: 訂單數 | N6: 比例(%) | O6: 訂單數 | P6: 比例(%) | Q6: 訂單數 | R6: 比例(%) | S6: 訂單數 | T6: 比例(%) | U6: 訂單數 | V6: 比例(%) | W6: 訂單數 | X6: 比例(%) | Y6: 訂單數 | Z6: 比例(%) | AA6: 訂單數 | AB6: 比例(%) | AC6: 訂單數 | AD6: 比例(%) | AE6: 訂單數 | AF6: 比例(%) | AG6: 訂單數 | AH6: 比例(%) | AI6: 訂單數 | AJ6: 比例(%) | AK6: 訂單數 | AL6: 比例(%)
B7: =D15 -> 46085 | D7: 46077 | E7: 二 | F7: =SUM(M7,S7,U7,W7,AC7,AE7,AG7,AI7,AK7) -> 175154 | G7: =SUM(F7:F13) -> 1076054 | I7: 41576 | J7: =I7/$F7 -> 0.23736826 | K7: 53591 | L7: =K7/$F7 -> 0.30596504 | M7: =I7+K7 -> 95167 | N7: =M7/$F7 -> 0.5433333 | O7: 8958 | P7: =O7/$F7 -> 0.051143565 | Q7: 6240 | R7: =Q7/$F7 -> 0.035625792 | S7: =O7+Q7 -> 15198 | T7: =S7/$F7 -> 0.086769357 | U7: 7835 | V7: =U7/$F7 -> 0.044732064 | W7: 9313 | X7: =W7/$F7 -> 0.053170353 | Y7: 4616 | Z7: =Y7/$F7 -> 0.026353951 | AA7: 11354 | AB7: =AA7/$F7 -> 0.064822956 | AC7: =Y7+AA7 -> 15970 | AD7: =AC7/$F7 -> 0.091176907 | AE7: 24205 | AF7: =AE7/$F7 -> 0.13819268 | AG7: 0 | AH7: =AG7/$F7 -> 0 | AI7: 2347 | AJ7: =AI7/$F7 -> 0.013399637 | AK7: 5119 | AL7: =AK7/$F7 -> 0.02922571
D8: 46078 | E8: 三 | F8: =SUM(M8,S8,U8,W8,AC8,AE8,AG8,AI8,AK8) -> 156618 | I8: 40753 | J8: =I8/$F8 -> 0.26020636 | K8: 47002 | L8: =K8/$F8 -> 0.30010599 | M8: =I8+K8 -> 87755 | N8: =M8/$F8 -> 0.56031235 | O8: 8950 | P8: =O8/$F8 -> 0.057145411 | Q8: 5935 | R8: =Q8/$F8 -> 0.03789475 | S8: =O8+Q8 -> 14885 | T8: =S8/$F8 -> 0.095040161 | U8: 5976 | V8: =U8/$F8 -> 0.038156534 | W8: 5080 | X8: =W8/$F8 -> 0.032435608 | Y8: 4338 | Z8: =Y8/$F8 -> 0.027697966 | AA8: 8607 | AB8: =AA8/$F8 -> 0.054955369 | AC8: =Y8+AA8 -> 12945 | AD8: =AC8/$F8 -> 0.082653335 | AE8: 22954 | AF8: =AE8/$F8 -> 0.14656042 | AG8: 0 | AH8: =AG8/$F8 -> 0 | AI8: 2130 | AJ8: =AI8/$F8 -> 0.013599969 | AK8: 4893 | AL8: =AK8/$F8 -> 0.03124162
D9: 46079 | E9: 四 | F9: =SUM(M9,S9,U9,W9,AC9,AE9,AG9,AI9,AK9) -> 129387 | I9: 29097 | J9: =I9/$F9 -> 0.22488349 | K9: 41590 | L9: =K9/$F9 -> 0.32143878 | M9: =I9+K9 -> 70687 | N9: =M9/$F9 -> 0.54632227 | O9: 7351 | P9: =O9/$F9 -> 0.056814054 | Q9: 5068 | R9: =Q9/$F9 -> 0.039169314 | S9: =O9+Q9 -> 12419 | T9: =S9/$F9 -> 0.095983368 | U9: 5083 | V9: =U9/$F9 -> 0.039285245 | W9: 4674 | X9: =W9/$F9 -> 0.036124186 | Y9: 4018 | Z9: =Y9/$F9 -> 0.031054124 | AA9: 7686 | AB9: =AA9/$F9 -> 0.059403186 | AC9: =Y9+AA9 -> 11704 | AD9: =AC9/$F9 -> 0.09045731 | AE9: 18371 | AF9: =AE9/$F9 -> 0.1419849 | AG9: 0 | AH9: =AG9/$F9 -> 0 | AI9: 2016 | AJ9: =AI9/$F9 -> 0.015581163 | AK9: 4433 | AL9: =AK9/$F9 -> 0.034261556
D10: 46080 | E10: 五 | F10: =SUM(M10,S10,U10,W10,AC10,AE10,AG10,AI10,AK10) -> 120519 | I10: 27884 | J10: =I10/$F10 -> 0.23136601 | K10: 40646 | L10: =K10/$F10 -> 0.33725803 | M10: =I10+K10 -> 68530 | N10: =M10/$F10 -> 0.56862403 | O10: 7105 | P10: =O10/$F10 -> 0.05895336 | Q10: 4845 | R10: =Q10/$F10 -> 0.04020113 | S10: =O10+Q10 -> 11950 | T10: =S10/$F10 -> 0.09915449 | U10: 4096 | V10: =U10/$F10 -> 0.033986342 | W10: 2067 | X10: =W10/$F10 -> 0.017150823 | Y10: 3602 | Z10: =Y10/$F10 -> 0.029887404 | AA10: 8442 | AB10: =AA10/$F10 -> 0.070047047 | AC10: =Y10+AA10 -> 12044 | AD10: =AC10/$F10 -> 0.09993445 | AE10: 15752 | AF10: =AE10/$F10 -> 0.13070138 | AG10: 0 | AH10: =AG10/$F10 -> 0 | AI10: 1878 | AJ10: =AI10/$F10 -> 0.015582605 | AK10: 4202 | AL10: =AK10/$F10 -> 0.034865872
D11: 46081 | E11: 六 | F11: =SUM(M11,S11,U11,W11,AC11,AE11,AG11,AI11,AK11) -> 131697 | I11: 27309 | J11: =I11/$F11 -> 0.20736235 | K11: 49114 | L11: =K11/$F11 -> 0.37293181 | M11: =I11+K11 -> 76423 | N11: =M11/$F11 -> 0.58029416 | O11: 6731 | P11: =O11/$F11 -> 0.051109744 | Q11: 4780 | R11: =Q11/$F11 -> 0.036295436 | S11: =O11+Q11 -> 11511 | T11: =S11/$F11 -> 0.08740518 | U11: 4571 | V11: =U11/$F11 -> 0.03470846 | W11: 2494 | X11: =W11/$F11 -> 0.018937409 | Y11: 3911 | Z11: =Y11/$F11 -> 0.029696956 | AA11: 9991 | AB11: =AA11/$F11 -> 0.075863535 | AC11: =Y11+AA11 -> 13902 | AD11: =AC11/$F11 -> 0.10556049 | AE11: 17123 | AF11: =AE11/$F11 -> 0.13001815 | AG11: 0 | AH11: =AG11/$F11 -> 0 | AI11: 980 | AJ11: =AI11/$F11 -> 0.0074413236 | AK11: 4693 | AL11: =AK11/$F11 -> 0.035634828
C12: 三 | D12: 46082 | E12: 日 | F12: =SUM(M12,S12,U12,W12,AC12,AE12,AG12,AI12,AK12) -> 179915 | H12: =SUM(F12:F42) -> 1500422 | I12: 45109 | J12: =I12/$F12 -> 0.25072395 | K12: 56909 | L12: =K12/$F12 -> 0.31631048 | M12: =I12+K12 -> 102018 | N12: =M12/$F12 -> 0.56703443 | O12: 9378 | P12: =O12/$F12 -> 0.052124614 | Q12: 5980 | R12: =Q12/$F12 -> 0.033237918 | S12: =O12+Q12 -> 15358 | T12: =S12/$F12 -> 0.085362532 | U12: 6798 | V12: =U12/$F12 -> 0.037784509 | W12: 5640 | X12: =W12/$F12 -> 0.031348137 | Y12: 5220 | Z12: =Y12/$F12 -> 0.029013701 | AA12: 11326 | AB12: =AA12/$F12 -> 0.06295195 | AC12: =Y12+AA12 -> 16546 | AD12: =AC12/$F12 -> 0.09196565 | AE12: 28946 | AF12: =AE12/$F12 -> 0.16088709 | AG12: 0 | AH12: =AG12/$F12 -> 0 | AI12: 1129 | AJ12: =AI12/$F12 -> 0.0062751855 | AK12: 3480 | AL12: =AK12/$F12 -> 0.019342467
D13: 46083 | E13: 一 | F13: =SUM(M13,S13,U13,W13,AC13,AE13,AG13,AI13,AK13) -> 182764 | I13: 43427 | J13: =I13/$F13 -> 0.23761244 | K13: 60484 | L13: =K13/$F13 -> 0.33094045 | M13: =I13+K13 -> 103911 | N13: =M13/$F13 -> 0.56855289 | O13: 8646 | P13: =O13/$F13 -> 0.047306909 | Q13: 5908 | R13: =Q13/$F13 -> 0.032325841 | S13: =O13+Q13 -> 14554 | T13: =S13/$F13 -> 0.07963275 | U13: 4963 | V13: =U13/$F13 -> 0.027155238 | W13: 4314 | X13: =W13/$F13 -> 0.023604211 | Y13: 4458 | Z13: =Y13/$F13 -> 0.024392112 | AA13: 21302 | AB13: =AA13/$F13 -> 0.11655468 | AC13: =Y13+AA13 -> 25760 | AD13: =AC13/$F13 -> 0.14094679 | AE13: 24221 | AF13: =AE13/$F13 -> 0.1325261 | AG13: 0 | AH13: =AG13/$F13 -> 0 | AI13: 1288 | AJ13: =AI13/$F13 -> 0.0070473397 | AK13: 3753 | AL13: =AK13/$F13 -> 0.020534679
B14: =B7+7 -> 46092 | D14: 46084 | E14: 二 | F14: =SUM(M14,S14,U14,W14,AC14,AE14,AG14,AI14,AK14) -> 182389 | G14: =SUM(F14:F20) -> 1137743 | I14: 42651 | J14: =I14/$F14 -> 0.23384634 | K14: 58621 | L14: =K14/$F14 -> 0.32140644 | M14: =I14+K14 -> 101272 | N14: =M14/$F14 -> 0.55525278 | O14: 13280 | P14: =O14/$F14 -> 0.072811409 | Q14: 5934 | R14: =Q14/$F14 -> 0.032534857 | S14: =O14+Q14 -> 19214 | T14: =S14/$F14 -> 0.10534627 | U14: 4542 | V14: =U14/$F14 -> 0.024902818 | W14: 3285 | X14: =W14/$F14 -> 0.018010955 | Y14: 3562 | Z14: =Y14/$F14 -> 0.019529687 | AA14: 19243 | AB14: =AA14/$F14 -> 0.10550527 | AC14: =Y14+AA14 -> 22805 | AD14: =AC14/$F14 -> 0.12503495 | AE14: 26742 | AF14: =AE14/$F14 -> 0.14662068 | AG14: 0 | AH14: =AG14/$F14 -> 0 | AI14: 1010 | AJ14: =AI14/$F14 -> 0.0055376147 | AK14: 3519 | AL14: =AK14/$F14 -> 0.019293927
D15: 46085 | E15: 三 | F15: =SUM(M15,S15,U15,W15,AC15,AE15,AG15,AI15,AK15) -> 171444 | I15: 41657 | J15: =I15/$F15 -> 0.2429773 | K15: 56001 | L15: =K15/$F15 -> 0.3266431 | M15: =I15+K15 -> 97658 | N15: =M15/$F15 -> 0.5696204 | O15: 11933 | P15: =O15/$F15 -> 0.069602902 | Q15: 6206 | R15: =Q15/$F15 -> 0.036198409 | S15: =O15+Q15 -> 18139 | T15: =S15/$F15 -> 0.10580131 | U15: 4259 | V15: =U15/$F15 -> 0.024841931 | W15: 3035 | X15: =W15/$F15 -> 0.017702573 | Y15: 3325 | Z15: =Y15/$F15 -> 0.019394088 | AA15: 17352 | AB15: =AA15/$F15 -> 0.10121089 | AC15: =Y15+AA15 -> 20677 | AD15: =AC15/$F15 -> 0.12060498 | AE15: 23875 | AF15: =AE15/$F15 -> 0.1392583 | AG15: 0 | AH15: =AG15/$F15 -> 0 | AI15: 0 | AJ15: =AI15/$F15 -> 0 | AK15: 3801 | AL15: =AK15/$F15 -> 0.022170505
D16: 46086 | E16: 四 | F16: =SUM(M16,S16,U16,W16,AC16,AE16,AG16,AI16,AK16) -> 153251 | I16: 38873 | J16: =I16/$F16 -> 0.25365577 | K16: 49420 | L16: =K16/$F16 -> 0.3224775 | M16: =I16+K16 -> 88293 | N16: =M16/$F16 -> 0.57613327 | O16: 10955 | P16: =O16/$F16 -> 0.071484036 | Q16: 5524 | R16: =Q16/$F16 -> 0.036045442 | S16: =O16+Q16 -> 16479 | T16: =S16/$F16 -> 0.10752948 | U16: 3735 | V16: =U16/$F16 -> 0.024371782 | W16: 3103 | X16: =W16/$F16 -> 0.020247829 | Y16: 3260 | Z16: =Y16/$F16 -> 0.021272292 | AA16: 13639 | AB16: =AA16/$F16 -> 0.088997788 | AC16: =Y16+AA16 -> 16899 | AD16: =AC16/$F16 -> 0.11027008 | AE16: 21166 | AF16: =AE16/$F16 -> 0.13811329 | AG16: 0 | AH16: =AG16/$F16 -> 0 | AI16: 0 | AJ16: =AI16/$F16 -> 0 | AK16: 3576 | AL16: =AK16/$F16 -> 0.023334269
D17: 46087 | E17: 五 | F17: =SUM(M17,S17,U17,W17,AC17,AE17,AG17,AI17,AK17) -> 131075 | I17: 28949 | J17: =I17/$F17 -> 0.22085829 | K17: 45623 | L17: =K17/$F17 -> 0.3480679 | M17: =I17+K17 -> 74572 | N17: =M17/$F17 -> 0.56892619 | O17: 8718 | P17: =O17/$F17 -> 0.066511539 | Q17: 4474 | R17: =Q17/$F17 -> 0.03413313 | S17: =O17+Q17 -> 13192 | T17: =S17/$F17 -> 0.10064467 | U17: 4167 | V17: =U17/$F17 -> 0.031790959 | W17: 3023 | X17: =W17/$F17 -> 0.023063132 | Y17: 3453 | Z17: =Y17/$F17 -> 0.026343696 | AA17: 13042 | AB17: =AA17/$F17 -> 0.099500286 | AC17: =Y17+AA17 -> 16495 | AD17: =AC17/$F17 -> 0.12584398 | AE17: 16158 | AF17: =AE17/$F17 -> 0.12327294 | AG17: 0 | AH17: =AG17/$F17 -> 0 | AI17: 0 | AJ17: =AI17/$F17 -> 0 | AK17: 3468 | AL17: =AK17/$F17 -> 0.026458135
D18: 46088 | E18: 六 | F18: =SUM(M18,S18,U18,W18,AC18,AE18,AG18,AI18,AK18) -> 139687 | I18: 27370 | J18: =I18/$F18 -> 0.19593806 | K18: 52622 | L18: =K18/$F18 -> 0.37671365 | M18: =I18+K18 -> 79992 | N18: =M18/$F18 -> 0.57265171 | O18: 8516 | P18: =O18/$F18 -> 0.060964871 | Q18: 4336 | R18: =Q18/$F18 -> 0.031040827 | S18: =O18+Q18 -> 12852 | T18: =S18/$F18 -> 0.092005698 | U18: 3830 | V18: =U18/$F18 -> 0.027418443 | W18: 2479 | X18: =W18/$F18 -> 0.01774682 | Y18: 3812 | Z18: =Y18/$F18 -> 0.027289583 | AA18: 14992 | AB18: =AA18/$F18 -> 0.10732566 | AC18: =Y18+AA18 -> 18804 | AD18: =AC18/$F18 -> 0.13461525 | AE18: 18163 | AF18: =AE18/$F18 -> 0.13002642 | AG18: 0 | AH18: =AG18/$F18 -> 0 | AI18: 0 | AJ18: =AI18/$F18 -> 0 | AK18: 3567 | AL18: =AK18/$F18 -> 0.025535662
D19: 46089 | E19: 日 | F19: =SUM(M19,S19,U19,W19,AC19,AE19,AG19,AI19,AK19) -> 184408 | I19: 43794 | J19: =I19/$F19 -> 0.23748427 | K19: 59347 | L19: =K19/$F19 -> 0.32182443 | M19: =I19+K19 -> 103141 | N19: =M19/$F19 -> 0.55930871 | O19: 12412 | P19: =O19/$F19 -> 0.067307275 | Q19: 5576 | R19: =Q19/$F19 -> 0.0302373 | S19: =O19+Q19 -> 17988 | T19: =S19/$F19 -> 0.097544575 | U19: 4916 | V19: =U19/$F19 -> 0.026658279 | W19: 3108 | X19: =W19/$F19 -> 0.016853933 | Y19: 4334 | Z19: =Y19/$F19 -> 0.023502234 | AA19: 18040 | AB19: =AA19/$F19 -> 0.097826559 | AC19: =Y19+AA19 -> 22374 | AD19: =AC19/$F19 -> 0.12132879 | AE19: 29395 | AF19: =AE19/$F19 -> 0.15940198 | AG19: 0 | AH19: =AG19/$F19 -> 0 | AI19: 0 | AJ19: =AI19/$F19 -> 0 | AK19: 3486 | AL19: =AK19/$F19 -> 0.018903735
D20: 46090 | E20: 一 | F20: =SUM(M20,S20,U20,W20,AC20,AE20,AG20,AI20,AK20) -> 175489 | I20: 42280 | J20: =I20/$F20 -> 0.24092678 | K20: 58182 | L20: =K20/$F20 -> 0.33154215 | M20: =I20+K20 -> 100462 | N20: =M20/$F20 -> 0.57246893 | O20: 11112 | P20: =O20/$F20 -> 0.063320208 | Q20: 5630 | R20: =Q20/$F20 -> 0.032081783 | S20: =O20+Q20 -> 16742 | T20: =S20/$F20 -> 0.095401991 | U20: 5138 | V20: =U20/$F20 -> 0.029278188 | W20: 3328 | X20: =W20/$F20 -> 0.018964152 | Y20: 4146 | Z20: =Y20/$F20 -> 0.023625412 | AA20: 17538 | AB20: =AA20/$F20 -> 0.099937888 | AC20: =Y20+AA20 -> 21684 | AD20: =AC20/$F20 -> 0.1235633 | AE20: 24289 | AF20: =AE20/$F20 -> 0.13840754 | AG20: 0 | AH20: =AG20/$F20 -> 0 | AI20: 0 | AJ20: =AI20/$F20 -> 0 | AK20: 3846 | AL20: =AK20/$F20 -> 0.021915904
B21: =B14+7 -> 46099 | D21: 46091 | E21: 二 | G21: =SUM(F21:F27) -> 0 | J21: =I21/$F21 -> #DIV/0! | L21: =K21/$F21 -> #DIV/0! | M21: =I21+K21 -> 0 | N21: =M21/$F21 -> #DIV/0! | P21: =O21/$F21 -> #DIV/0! | R21: =Q21/$F21 -> #DIV/0! | S21: =O21+Q21 -> 0 | T21: =S21/$F21 -> #DIV/0! | V21: =U21/$F21 -> #DIV/0! | X21: =W21/$F21 -> #DIV/0! | Z21: =Y21/$F21 -> #DIV/0! | AB21: =AA21/$F21 -> #DIV/0! | AC21: =Y21+AA21 -> 0 | AD21: =AC21/$F21 -> #DIV/0! | AF21: =AE21/$F21 -> #DIV/0! | AH21: =AG21/$F21 -> #DIV/0! | AJ21: =AI21/$F21 -> #DIV/0! | AL21: =AK21/$F21 -> #DIV/0!
D22: 46092 | E22: 三 | J22: =I22/$F22 -> #DIV/0! | L22: =K22/$F22 -> #DIV/0! | M22: =I22+K22 -> 0 | N22: =M22/$F22 -> #DIV/0! | P22: =O22/$F22 -> #DIV/0! | R22: =Q22/$F22 -> #DIV/0! | S22: =O22+Q22 -> 0 | T22: =S22/$F22 -> #DIV/0! | V22: =U22/$F22 -> #DIV/0! | X22: =W22/$F22 -> #DIV/0! | Z22: =Y22/$F22 -> #DIV/0! | AB22: =AA22/$F22 -> #DIV/0! | AC22: =Y22+AA22 -> 0 | AD22: =AC22/$F22 -> #DIV/0! | AF22: =AE22/$F22 -> #DIV/0! | AH22: =AG22/$F22 -> #DIV/0! | AJ22: =AI22/$F22 -> #DIV/0! | AL22: =AK22/$F22 -> #DIV/0!
D23: 46093 | E23: 四 | J23: =I23/$F23 -> #DIV/0! | L23: =K23/$F23 -> #DIV/0! | M23: =I23+K23 -> 0 | N23: =M23/$F23 -> #DIV/0! | P23: =O23/$F23 -> #DIV/0! | R23: =Q23/$F23 -> #DIV/0! | S23: =O23+Q23 -> 0 | T23: =S23/$F23 -> #DIV/0! | V23: =U23/$F23 -> #DIV/0! | X23: =W23/$F23 -> #DIV/0! | Z23: =Y23/$F23 -> #DIV/0! | AB23: =AA23/$F23 -> #DIV/0! | AC23: =Y23+AA23 -> 0 | AD23: =AC23/$F23 -> #DIV/0! | AF23: =AE23/$F23 -> #DIV/0! | AH23: =AG23/$F23 -> #DIV/0! | AJ23: =AI23/$F23 -> #DIV/0! | AL23: =AK23/$F23 -> #DIV/0!
D24: 46094 | E24: 五 | J24: =I24/$F24 -> #DIV/0! | L24: =K24/$F24 -> #DIV/0! | M24: =I24+K24 -> 0 | N24: =M24/$F24 -> #DIV/0! | P24: =O24/$F24 -> #DIV/0! | R24: =Q24/$F24 -> #DIV/0! | S24: =O24+Q24 -> 0 | T24: =S24/$F24 -> #DIV/0! | V24: =U24/$F24 -> #DIV/0! | X24: =W24/$F24 -> #DIV/0! | Z24: =Y24/$F24 -> #DIV/0! | AB24: =AA24/$F24 -> #DIV/0! | AC24: =Y24+AA24 -> 0 | AD24: =AC24/$F24 -> #DIV/0! | AF24: =AE24/$F24 -> #DIV/0! | AH24: =AG24/$F24 -> #DIV/0! | AJ24: =AI24/$F24 -> #DIV/0! | AL24: =AK24/$F24 -> #DIV/0!
D25: 46095 | E25: 六 | J25: =I25/$F25 -> #DIV/0! | L25: =K25/$F25 -> #DIV/0! | M25: =I25+K25 -> 0 | N25: =M25/$F25 -> #DIV/0! | P25: =O25/$F25 -> #DIV/0! | R25: =Q25/$F25 -> #DIV/0! | S25: =O25+Q25 -> 0 | T25: =S25/$F25 -> #DIV/0! | V25: =U25/$F25 -> #DIV/0! | X25: =W25/$F25 -> #DIV/0! | Z25: =Y25/$F25 -> #DIV/0! | AB25: =AA25/$F25 -> #DIV/0! | AC25: =Y25+AA25 -> 0 | AD25: =AC25/$F25 -> #DIV/0! | AF25: =AE25/$F25 -> #DIV/0! | AH25: =AG25/$F25 -> #DIV/0! | AJ25: =AI25/$F25 -> #DIV/0! | AL25: =AK25/$F25 -> #DIV/0!
D26: 46096 | E26: 日 | J26: =I26/$F26 -> #DIV/0! | L26: =K26/$F26 -> #DIV/0! | M26: =I26+K26 -> 0 | N26: =M26/$F26 -> #DIV/0! | P26: =O26/$F26 -> #DIV/0! | R26: =Q26/$F26 -> #DIV/0! | S26: =O26+Q26 -> 0 | T26: =S26/$F26 -> #DIV/0! | V26: =U26/$F26 -> #DIV/0! | X26: =W26/$F26 -> #DIV/0! | Z26: =Y26/$F26 -> #DIV/0! | AB26: =AA26/$F26 -> #DIV/0! | AC26: =Y26+AA26 -> 0 | AD26: =AC26/$F26 -> #DIV/0! | AF26: =AE26/$F26 -> #DIV/0! | AH26: =AG26/$F26 -> #DIV/0! | AJ26: =AI26/$F26 -> #DIV/0! | AL26: =AK26/$F26 -> #DIV/0!
D27: 46097 | E27: 一 | J27: =I27/$F27 -> #DIV/0! | L27: =K27/$F27 -> #DIV/0! | M27: =I27+K27 -> 0 | N27: =M27/$F27 -> #DIV/0! | P27: =O27/$F27 -> #DIV/0! | R27: =Q27/$F27 -> #DIV/0! | S27: =O27+Q27 -> 0 | T27: =S27/$F27 -> #DIV/0! | V27: =U27/$F27 -> #DIV/0! | X27: =W27/$F27 -> #DIV/0! | Z27: =Y27/$F27 -> #DIV/0! | AB27: =AA27/$F27 -> #DIV/0! | AC27: =Y27+AA27 -> 0 | AD27: =AC27/$F27 -> #DIV/0! | AF27: =AE27/$F27 -> #DIV/0! | AH27: =AG27/$F27 -> #DIV/0! | AJ27: =AI27/$F27 -> #DIV/0! | AL27: =AK27/$F27 -> #DIV/0!
B28: =B21+7 -> 46106 | D28: 46098 | E28: 二 | G28: =SUM(F28:F34) -> 0 | J28: =I28/$F28 -> #DIV/0! | L28: =K28/$F28 -> #DIV/0! | M28: =I28+K28 -> 0 | N28: =M28/$F28 -> #DIV/0! | P28: =O28/$F28 -> #DIV/0! | R28: =Q28/$F28 -> #DIV/0! | S28: =O28+Q28 -> 0 | T28: =S28/$F28 -> #DIV/0! | V28: =U28/$F28 -> #DIV/0! | X28: =W28/$F28 -> #DIV/0! | Z28: =Y28/$F28 -> #DIV/0! | AB28: =AA28/$F28 -> #DIV/0! | AC28: =Y28+AA28 -> 0 | AD28: =AC28/$F28 -> #DIV/0! | AF28: =AE28/$F28 -> #DIV/0! | AH28: =AG28/$F28 -> #DIV/0! | AJ28: =AI28/$F28 -> #DIV/0! | AL28: =AK28/$F28 -> #DIV/0!
D29: 46099 | E29: 三 | J29: =I29/$F29 -> #DIV/0! | L29: =K29/$F29 -> #DIV/0! | M29: =I29+K29 -> 0 | N29: =M29/$F29 -> #DIV/0! | P29: =O29/$F29 -> #DIV/0! | R29: =Q29/$F29 -> #DIV/0! | S29: =O29+Q29 -> 0 | T29: =S29/$F29 -> #DIV/0! | V29: =U29/$F29 -> #DIV/0! | X29: =W29/$F29 -> #DIV/0! | Z29: =Y29/$F29 -> #DIV/0! | AB29: =AA29/$F29 -> #DIV/0! | AC29: =Y29+AA29 -> 0 | AD29: =AC29/$F29 -> #DIV/0! | AF29: =AE29/$F29 -> #DIV/0! | AH29: =AG29/$F29 -> #DIV/0! | AJ29: =AI29/$F29 -> #DIV/0! | AL29: =AK29/$F29 -> #DIV/0!
D30: 46100 | E30: 四 | J30: =I30/$F30 -> #DIV/0! | L30: =K30/$F30 -> #DIV/0! | M30: =I30+K30 -> 0 | N30: =M30/$F30 -> #DIV/0! | P30: =O30/$F30 -> #DIV/0! | R30: =Q30/$F30 -> #DIV/0! | S30: =O30+Q30 -> 0 | T30: =S30/$F30 -> #DIV/0! | V30: =U30/$F30 -> #DIV/0! | X30: =W30/$F30 -> #DIV/0! | Z30: =Y30/$F30 -> #DIV/0! | AB30: =AA30/$F30 -> #DIV/0! | AC30: =Y30+AA30 -> 0 | AD30: =AC30/$F30 -> #DIV/0! | AF30: =AE30/$F30 -> #DIV/0! | AH30: =AG30/$F30 -> #DIV/0! | AJ30: =AI30/$F30 -> #DIV/0! | AL30: =AK30/$F30 -> #DIV/0!
D31: 46101 | E31: 五 | J31: =I31/$F31 -> #DIV/0! | L31: =K31/$F31 -> #DIV/0! | M31: =I31+K31 -> 0 | N31: =M31/$F31 -> #DIV/0! | P31: =O31/$F31 -> #DIV/0! | R31: =Q31/$F31 -> #DIV/0! | S31: =O31+Q31 -> 0 | T31: =S31/$F31 -> #DIV/0! | V31: =U31/$F31 -> #DIV/0! | X31: =W31/$F31 -> #DIV/0! | Z31: =Y31/$F31 -> #DIV/0! | AB31: =AA31/$F31 -> #DIV/0! | AC31: =Y31+AA31 -> 0 | AD31: =AC31/$F31 -> #DIV/0! | AF31: =AE31/$F31 -> #DIV/0! | AH31: =AG31/$F31 -> #DIV/0! | AJ31: =AI31/$F31 -> #DIV/0! | AL31: =AK31/$F31 -> #DIV/0!
D32: 46102 | E32: 六 | J32: =I32/$F32 -> #DIV/0! | L32: =K32/$F32 -> #DIV/0! | M32: =I32+K32 -> 0 | N32: =M32/$F32 -> #DIV/0! | P32: =O32/$F32 -> #DIV/0! | R32: =Q32/$F32 -> #DIV/0! | S32: =O32+Q32 -> 0 | T32: =S32/$F32 -> #DIV/0! | V32: =U32/$F32 -> #DIV/0! | X32: =W32/$F32 -> #DIV/0! | Z32: =Y32/$F32 -> #DIV/0! | AB32: =AA32/$F32 -> #DIV/0! | AC32: =Y32+AA32 -> 0 | AD32: =AC32/$F32 -> #DIV/0! | AF32: =AE32/$F32 -> #DIV/0! | AH32: =AG32/$F32 -> #DIV/0! | AJ32: =AI32/$F32 -> #DIV/0! | AL32: =AK32/$F32 -> #DIV/0!
D33: 46103 | E33: 日 | J33: =I33/$F33 -> #DIV/0! | L33: =K33/$F33 -> #DIV/0! | M33: =I33+K33 -> 0 | N33: =M33/$F33 -> #DIV/0! | P33: =O33/$F33 -> #DIV/0! | R33: =Q33/$F33 -> #DIV/0! | S33: =O33+Q33 -> 0 | T33: =S33/$F33 -> #DIV/0! | V33: =U33/$F33 -> #DIV/0! | X33: =W33/$F33 -> #DIV/0! | Z33: =Y33/$F33 -> #DIV/0! | AB33: =AA33/$F33 -> #DIV/0! | AC33: =Y33+AA33 -> 0 | AD33: =AC33/$F33 -> #DIV/0! | AF33: =AE33/$F33 -> #DIV/0! | AH33: =AG33/$F33 -> #DIV/0! | AJ33: =AI33/$F33 -> #DIV/0! | AL33: =AK33/$F33 -> #DIV/0!
D34: 46104 | E34: 一 | J34: =I34/$F34 -> #DIV/0! | L34: =K34/$F34 -> #DIV/0! | M34: =I34+K34 -> 0 | N34: =M34/$F34 -> #DIV/0! | P34: =O34/$F34 -> #DIV/0! | R34: =Q34/$F34 -> #DIV/0! | S34: =O34+Q34 -> 0 | T34: =S34/$F34 -> #DIV/0! | V34: =U34/$F34 -> #DIV/0! | X34: =W34/$F34 -> #DIV/0! | Z34: =Y34/$F34 -> #DIV/0! | AB34: =AA34/$F34 -> #DIV/0! | AC34: =Y34+AA34 -> 0 | AD34: =AC34/$F34 -> #DIV/0! | AF34: =AE34/$F34 -> #DIV/0! | AH34: =AG34/$F34 -> #DIV/0! | AJ34: =AI34/$F34 -> #DIV/0! | AL34: =AK34/$F34 -> #DIV/0!
B35: =B28+7 -> 46113 | D35: 46105 | E35: 二 | G35: =SUM(F35:F41) -> 0 | J35: =I35/$F35 -> #DIV/0! | L35: =K35/$F35 -> #DIV/0! | M35: =I35+K35 -> 0 | N35: =M35/$F35 -> #DIV/0! | P35: =O35/$F35 -> #DIV/0! | R35: =Q35/$F35 -> #DIV/0! | S35: =O35+Q35 -> 0 | T35: =S35/$F35 -> #DIV/0! | V35: =U35/$F35 -> #DIV/0! | X35: =W35/$F35 -> #DIV/0! | Z35: =Y35/$F35 -> #DIV/0! | AB35: =AA35/$F35 -> #DIV/0! | AC35: =Y35+AA35 -> 0 | AD35: =AC35/$F35 -> #DIV/0! | AF35: =AE35/$F35 -> #DIV/0! | AH35: =AG35/$F35 -> #DIV/0! | AJ35: =AI35/$F35 -> #DIV/0! | AL35: =AK35/$F35 -> #DIV/0!
D36: 46106 | E36: 三 | J36: =I36/$F36 -> #DIV/0! | L36: =K36/$F36 -> #DIV/0! | M36: =I36+K36 -> 0 | N36: =M36/$F36 -> #DIV/0! | P36: =O36/$F36 -> #DIV/0! | R36: =Q36/$F36 -> #DIV/0! | S36: =O36+Q36 -> 0 | T36: =S36/$F36 -> #DIV/0! | V36: =U36/$F36 -> #DIV/0! | X36: =W36/$F36 -> #DIV/0! | Z36: =Y36/$F36 -> #DIV/0! | AB36: =AA36/$F36 -> #DIV/0! | AC36: =Y36+AA36 -> 0 | AD36: =AC36/$F36 -> #DIV/0! | AF36: =AE36/$F36 -> #DIV/0! | AH36: =AG36/$F36 -> #DIV/0! | AJ36: =AI36/$F36 -> #DIV/0! | AL36: =AK36/$F36 -> #DIV/0!
D37: 46107 | E37: 四 | J37: =I37/$F37 -> #DIV/0! | L37: =K37/$F37 -> #DIV/0! | M37: =I37+K37 -> 0 | N37: =M37/$F37 -> #DIV/0! | P37: =O37/$F37 -> #DIV/0! | R37: =Q37/$F37 -> #DIV/0! | S37: =O37+Q37 -> 0 | T37: =S37/$F37 -> #DIV/0! | V37: =U37/$F37 -> #DIV/0! | X37: =W37/$F37 -> #DIV/0! | Z37: =Y37/$F37 -> #DIV/0! | AB37: =AA37/$F37 -> #DIV/0! | AC37: =Y37+AA37 -> 0 | AD37: =AC37/$F37 -> #DIV/0! | AF37: =AE37/$F37 -> #DIV/0! | AH37: =AG37/$F37 -> #DIV/0! | AJ37: =AI37/$F37 -> #DIV/0! | AL37: =AK37/$F37 -> #DIV/0!
D38: 46108 | E38: 五 | J38: =I38/$F38 -> #DIV/0! | L38: =K38/$F38 -> #DIV/0! | M38: =I38+K38 -> 0 | N38: =M38/$F38 -> #DIV/0! | P38: =O38/$F38 -> #DIV/0! | R38: =Q38/$F38 -> #DIV/0! | S38: =O38+Q38 -> 0 | T38: =S38/$F38 -> #DIV/0! | V38: =U38/$F38 -> #DIV/0! | X38: =W38/$F38 -> #DIV/0! | Z38: =Y38/$F38 -> #DIV/0! | AB38: =AA38/$F38 -> #DIV/0! | AC38: =Y38+AA38 -> 0 | AD38: =AC38/$F38 -> #DIV/0! | AF38: =AE38/$F38 -> #DIV/0! | AH38: =AG38/$F38 -> #DIV/0! | AJ38: =AI38/$F38 -> #DIV/0! | AL38: =AK38/$F38 -> #DIV/0!
D39: 46109 | E39: 六 | J39: =I39/$F39 -> #DIV/0! | L39: =K39/$F39 -> #DIV/0! | M39: =I39+K39 -> 0 | N39: =M39/$F39 -> #DIV/0! | P39: =O39/$F39 -> #DIV/0! | R39: =Q39/$F39 -> #DIV/0! | S39: =O39+Q39 -> 0 | T39: =S39/$F39 -> #DIV/0! | V39: =U39/$F39 -> #DIV/0! | X39: =W39/$F39 -> #DIV/0! | Z39: =Y39/$F39 -> #DIV/0! | AB39: =AA39/$F39 -> #DIV/0! | AC39: =Y39+AA39 -> 0 | AD39: =AC39/$F39 -> #DIV/0! | AF39: =AE39/$F39 -> #DIV/0! | AH39: =AG39/$F39 -> #DIV/0! | AJ39: =AI39/$F39 -> #DIV/0! | AL39: =AK39/$F39 -> #DIV/0!
D40: 46110 | E40: 日 | J40: =I40/$F40 -> #DIV/0! | L40: =K40/$F40 -> #DIV/0! | M40: =I40+K40 -> 0 | N40: =M40/$F40 -> #DIV/0! | P40: =O40/$F40 -> #DIV/0! | R40: =Q40/$F40 -> #DIV/0! | S40: =O40+Q40 -> 0 | T40: =S40/$F40 -> #DIV/0! | V40: =U40/$F40 -> #DIV/0! | X40: =W40/$F40 -> #DIV/0! | Z40: =Y40/$F40 -> #DIV/0! | AB40: =AA40/$F40 -> #DIV/0! | AC40: =Y40+AA40 -> 0 | AD40: =AC40/$F40 -> #DIV/0! | AF40: =AE40/$F40 -> #DIV/0! | AH40: =AG40/$F40 -> #DIV/0! | AJ40: =AI40/$F40 -> #DIV/0! | AL40: =AK40/$F40 -> #DIV/0!
D41: 46111 | E41: 一 | J41: =I41/$F41 -> #DIV/0! | L41: =K41/$F41 -> #DIV/0! | M41: =I41+K41 -> 0 | N41: =M41/$F41 -> #DIV/0! | P41: =O41/$F41 -> #DIV/0! | R41: =Q41/$F41 -> #DIV/0! | S41: =O41+Q41 -> 0 | T41: =S41/$F41 -> #DIV/0! | V41: =U41/$F41 -> #DIV/0! | X41: =W41/$F41 -> #DIV/0! | Z41: =Y41/$F41 -> #DIV/0! | AB41: =AA41/$F41 -> #DIV/0! | AC41: =Y41+AA41 -> 0 | AD41: =AC41/$F41 -> #DIV/0! | AF41: =AE41/$F41 -> #DIV/0! | AH41: =AG41/$F41 -> #DIV/0! | AJ41: =AI41/$F41 -> #DIV/0! | AL41: =AK41/$F41 -> #DIV/0!
B42: =B35+7 -> 46120 | D42: 46112 | E42: 二 | G42: =SUM(F42:F48) -> 0 | J42: =I42/$F42 -> #DIV/0! | L42: =K42/$F42 -> #DIV/0! | M42: =I42+K42 -> 0 | N42: =M42/$F42 -> #DIV/0! | P42: =O42/$F42 -> #DIV/0! | R42: =Q42/$F42 -> #DIV/0! | S42: =O42+Q42 -> 0 | T42: =S42/$F42 -> #DIV/0! | V42: =U42/$F42 -> #DIV/0! | X42: =W42/$F42 -> #DIV/0! | Z42: =Y42/$F42 -> #DIV/0! | AB42: =AA42/$F42 -> #DIV/0! | AC42: =Y42+AA42 -> 0 | AD42: =AC42/$F42 -> #DIV/0! | AF42: =AE42/$F42 -> #DIV/0! | AH42: =AG42/$F42 -> #DIV/0! | AJ42: =AI42/$F42 -> #DIV/0! | AL42: =AK42/$F42 -> #DIV/0!
D43: 46113 | E43: 三 | J43: =I43/$F43 -> #DIV/0! | L43: =K43/$F43 -> #DIV/0! | M43: =I43+K43 -> 0 | N43: =M43/$F43 -> #DIV/0! | P43: =O43/$F43 -> #DIV/0! | R43: =Q43/$F43 -> #DIV/0! | S43: =O43+Q43 -> 0 | T43: =S43/$F43 -> #DIV/0! | V43: =U43/$F43 -> #DIV/0! | X43: =W43/$F43 -> #DIV/0! | Z43: =Y43/$F43 -> #DIV/0! | AB43: =AA43/$F43 -> #DIV/0! | AC43: =Y43+AA43 -> 0 | AD43: =AC43/$F43 -> #DIV/0! | AF43: =AE43/$F43 -> #DIV/0! | AH43: =AG43/$F43 -> #DIV/0! | AJ43: =AI43/$F43 -> #DIV/0! | AL43: =AK43/$F43 -> #DIV/0!
D44: 46114 | E44: 四 | J44: =I44/$F44 -> #DIV/0! | L44: =K44/$F44 -> #DIV/0! | M44: =I44+K44 -> 0 | N44: =M44/$F44 -> #DIV/0! | P44: =O44/$F44 -> #DIV/0! | R44: =Q44/$F44 -> #DIV/0! | S44: =O44+Q44 -> 0 | T44: =S44/$F44 -> #DIV/0! | V44: =U44/$F44 -> #DIV/0! | X44: =W44/$F44 -> #DIV/0! | Z44: =Y44/$F44 -> #DIV/0! | AB44: =AA44/$F44 -> #DIV/0! | AC44: =Y44+AA44 -> 0 | AD44: =AC44/$F44 -> #DIV/0! | AF44: =AE44/$F44 -> #DIV/0! | AH44: =AG44/$F44 -> #DIV/0! | AJ44: =AI44/$F44 -> #DIV/0! | AL44: =AK44/$F44 -> #DIV/0!
D45: 46115 | E45: 五 | J45: =I45/$F45 -> #DIV/0! | L45: =K45/$F45 -> #DIV/0! | M45: =I45+K45 -> 0 | N45: =M45/$F45 -> #DIV/0! | P45: =O45/$F45 -> #DIV/0! | R45: =Q45/$F45 -> #DIV/0! | S45: =O45+Q45 -> 0 | T45: =S45/$F45 -> #DIV/0! | V45: =U45/$F45 -> #DIV/0! | X45: =W45/$F45 -> #DIV/0! | Z45: =Y45/$F45 -> #DIV/0! | AB45: =AA45/$F45 -> #DIV/0! | AC45: =Y45+AA45 -> 0 | AD45: =AC45/$F45 -> #DIV/0! | AF45: =AE45/$F45 -> #DIV/0! | AH45: =AG45/$F45 -> #DIV/0! | AJ45: =AI45/$F45 -> #DIV/0! | AL45: =AK45/$F45 -> #DIV/0!
D46: 46116 | E46: 六 | J46: =I46/$F46 -> #DIV/0! | L46: =K46/$F46 -> #DIV/0! | M46: =I46+K46 -> 0 | N46: =M46/$F46 -> #DIV/0! | P46: =O46/$F46 -> #DIV/0! | R46: =Q46/$F46 -> #DIV/0! | S46: =O46+Q46 -> 0 | T46: =S46/$F46 -> #DIV/0! | V46: =U46/$F46 -> #DIV/0! | X46: =W46/$F46 -> #DIV/0! | Z46: =Y46/$F46 -> #DIV/0! | AB46: =AA46/$F46 -> #DIV/0! | AC46: =Y46+AA46 -> 0 | AD46: =AC46/$F46 -> #DIV/0! | AF46: =AE46/$F46 -> #DIV/0! | AH46: =AG46/$F46 -> #DIV/0! | AJ46: =AI46/$F46 -> #DIV/0! | AL46: =AK46/$F46 -> #DIV/0!
D47: 46117 | E47: 日 | J47: =I47/$F47 -> #DIV/0! | L47: =K47/$F47 -> #DIV/0! | M47: =I47+K47 -> 0 | N47: =M47/$F47 -> #DIV/0! | P47: =O47/$F47 -> #DIV/0! | R47: =Q47/$F47 -> #DIV/0! | S47: =O47+Q47 -> 0 | T47: =S47/$F47 -> #DIV/0! | V47: =U47/$F47 -> #DIV/0! | X47: =W47/$F47 -> #DIV/0! | Z47: =Y47/$F47 -> #DIV/0! | AB47: =AA47/$F47 -> #DIV/0! | AC47: =Y47+AA47 -> 0 | AD47: =AC47/$F47 -> #DIV/0! | AF47: =AE47/$F47 -> #DIV/0! | AH47: =AG47/$F47 -> #DIV/0! | AJ47: =AI47/$F47 -> #DIV/0! | AL47: =AK47/$F47 -> #DIV/0!
D48: 46118 | E48: 一 | J48: =I48/$F48 -> #DIV/0! | L48: =K48/$F48 -> #DIV/0! | M48: =I48+K48 -> 0 | N48: =M48/$F48 -> #DIV/0! | P48: =O48/$F48 -> #DIV/0! | R48: =Q48/$F48 -> #DIV/0! | S48: =O48+Q48 -> 0 | T48: =S48/$F48 -> #DIV/0! | V48: =U48/$F48 -> #DIV/0! | X48: =W48/$F48 -> #DIV/0! | Z48: =Y48/$F48 -> #DIV/0! | AB48: =AA48/$F48 -> #DIV/0! | AC48: =Y48+AA48 -> 0 | AD48: =AC48/$F48 -> #DIV/0! | AF48: =AE48/$F48 -> #DIV/0! | AH48: =AG48/$F48 -> #DIV/0! | AJ48: =AI48/$F48 -> #DIV/0! | AL48: =AK48/$F48 -> #DIV/0!

Sheet （５-1）品群別人時生產性(18℃-飯糰)
B1: 3月平均人時性 | C1: =AVERAGE(L45,L83) -> 770.4937
B2: 產線配置圖－每週更新(0224-0302) | N2: 資料繳交 | O2: 日期 | P2: 46077 | U2: =P2+1 -> 46078 | Z2: =U2+1 -> 46079 | AE2: =Z2+1 -> 46080 | AJ2: =AE2+1 -> 46081 | AO2: =AJ2+1 -> 46082 | AT2: =AO2+1 -> 46083
P3: =P2 -> 46077 | U3: =U2 -> 46078 | Z3: =Z2 -> 46079 | AE3: =AE2 -> 46080 | AJ3: =AJ2 -> 46081 | AO3: =AO2 -> 46082 | AT3: =AT2 -> 46083
B4: 品群 | C4: 商品名稱 | E4: 計畫 | H4: 平均人時性 | I4: 實績 (週平均) | L4: 平均人時性 | M4: 排名 | O4: 日報 | P4: 實際 | T4: 平均人時性 | U4: 實際 | Y4: 平均人時性 | Z4: 實際 | AD4: 平均人時性 | AE4: 實際 | AI4: 平均人時性 | AJ4: 實際 | AN4: 平均人時性 | AO4: 實際 | AS4: 平均人時性 | AT4: 實際 | AX4: 平均人時性
E5: 產線配置圖 | I5: 產線配置圖 | P5: 生產實績 | U5: 生產實績 | Z5: 生產實績 | AE5: 生產實績 | AJ5: 生產實績 | AO5: 生產實績 | AT5: 生產實績
E6: 人數 | F6: 產能／時 | G6: 人時性 | I6: 人數 | J6: 產能／時 | K6: 人時性 | P6: 人數 | Q6: 產能／時 | R6: 人時性 | S6: 排名 | U6: 人數 | V6: 產能／時 | W6: 人時性 | X6: 排名 | Z6: 人數 | AA6: 產能／時 | AB6: 人時性 | AC6: 排名 | AE6: 人數 | AF6: 產能／時 | AG6: 人時性 | AH6: 排名 | AJ6: 人數 | AK6: 產能／時 | AL6: 人時性 | AM6: 排名 | AO6: 人數 | AP6: 產能／時 | AQ6: 人時性 | AR6: 排名 | AT6: 人數 | AU6: 產能／時 | AV6: 人時性 | AW6: 排名
B7: 18℃-飯糰 | C7: 1 | D7: 一配鹽蔥燒肉飯糰 | E7: 4 | F7: 3300 | G7: =F7/E7 -> 825 | H7: =AVERAGE(G7:G39) -> 869.33333 | I7: =AVERAGE(P7,U7,Z7,AE7,AJ7,AO7,AT7) -> 4 | J7: =AVERAGE(Q7,V7,AA7,AF7,AK7,AP7,AU7) -> 2962.302 | K7: =AVERAGE(R7,W7,AB7,AG7,AL7,AQ7,AV7) -> 740.57551 | L7: =IFERROR(AVERAGE(K7:K39),"-") -> 770.91906 | M7: =RANK(K7, K$7:$K$39) -> 16 | P7: 4 | Q7: 2961.6642 | R7: =IFERROR(Q7/P7,"") -> 740.41605 | S7: =RANK(R7, R$7:R$39) -> 16 | T7: =AVERAGE(R7:R39) -> 776.09341 | U7: 4 | V7: 2961.8428 | W7: =IFERROR(V7/U7,"") -> 740.46069 | X7: =RANK(W7, W$7:W$39) -> 16 | Y7: =AVERAGE(W7:W39) -> 776.16964 | Z7: 4 | AA7: 2961.9938 | AB7: =IFERROR(AA7/Z7,"") -> 740.49844 | AC7: =RANK(AB7, AB$7:AB$39) -> 16 | AD7: =AVERAGE(AB7:AB39) -> 776.34173 | AE7: 4 | AF7: 2962.1739 | AG7: =IFERROR(AF7/AE7,"") -> 740.54348 | AH7: =RANK(AG7, AG$7:AG$39) -> 17 | AI7: =AVERAGE(AG7:AG39) -> 776.65641 | AJ7: 4 | AK7: 2962.8435 | AL7: =IFERROR(AK7/AJ7,"") -> 740.71088 | AM7: =RANK(AL7, AL$7:AL$39) -> 16 | AN7: =AVERAGE(AL7:AL39) -> 776.78819 | AO7: 4 | AP7: 2962.8099 | AQ7: =IFERROR(AP7/AO7,"") -> 740.70248 | AR7: =RANK(AQ7, AQ$7:AQ$39) -> 16 | AS7: =AVERAGE(AQ7:AQ39) -> 776.73268 | AT7: 4 | AU7: 2962.7863 | AV7: =IFERROR(AU7/AT7,"") -> 740.69656 | AW7: =RANK(AV7, AV$7:AV$39) -> 16 | AX7: =AVERAGE(AV7:AV39) -> 771.19593
C8: 2 | D8: 一配鮪魚飯糰 | E8: 3 | F8: 3600 | G8: =F8/E8 -> 1200 | I8: =AVERAGE(P8,U8,Z8,AE8,AJ8,AO8,AT8) -> 3 | J8: =AVERAGE(Q8,V8,AA8,AF8,AK8,AP8,AU8) -> 3144.2648 | K8: =AVERAGE(R8,W8,AB8,AG8,AL8,AQ8,AV8) -> 1048.0883 | M8: =RANK(K8, K$7:$K$39) -> 6 | P8: 3 | Q8: 3139.9438 | R8: =IFERROR(Q8/P8,"") -> 1046.6479 | S8: =RANK(R8, R$7:R$39) -> 6 | U8: 3 | V8: 3140.1227 | W8: =IFERROR(V8/U8,"") -> 1046.7076 | X8: =RANK(W8, W$7:W$39) -> 6 | Z8: 3 | AA8: 3141.3048 | AB8: =IFERROR(AA8/Z8,"") -> 1047.1016 | AC8: =RANK(AB8, AB$7:AB$39) -> 6 | AE8: 3 | AF8: 3146.7729 | AG8: =IFERROR(AF8/AE8,"") -> 1048.9243 | AH8: =RANK(AG8, AG$7:AG$39) -> 3 | AJ8: 3 | AK8: 3147.0732 | AL8: =IFERROR(AK8/AJ8,"") -> 1049.0244 | AM8: =RANK(AL8, AL$7:AL$39) -> 3 | AO8: 3 | AP8: 3147.2485 | AQ8: =IFERROR(AP8/AO8,"") -> 1049.0828 | AR8: =RANK(AQ8, AQ$7:AQ$39) -> 3 | AT8: 3 | AU8: 3147.3879 | AV8: =IFERROR(AU8/AT8,"") -> 1049.1293 | AW8: =RANK(AV8, AV$7:AV$39) -> 3
C9: 3 | D9: 一配雞肉飯飯糰 | E9: 4 | F9: 3300 | G9: =F9/E9 -> 825 | I9: =AVERAGE(P9,U9,Z9,AE9,AJ9,AO9,AT9) -> 4 | J9: =AVERAGE(Q9,V9,AA9,AF9,AK9,AP9,AU9) -> 2963.9546 | K9: =AVERAGE(R9,W9,AB9,AG9,AL9,AQ9,AV9) -> 740.98865 | M9: =RANK(K9, K$7:$K$39) -> 15 | P9: 4 | Q9: 2963.5765 | R9: =IFERROR(Q9/P9,"") -> 740.89412 | S9: =RANK(R9, R$7:R$39) -> 15 | U9: 4 | V9: 2963.697 | W9: =IFERROR(V9/U9,"") -> 740.92425 | X9: =RANK(W9, W$7:W$39) -> 15 | Z9: 4 | AA9: 2963.762 | AB9: =IFERROR(AA9/Z9,"") -> 740.94049 | AC9: =RANK(AB9, AB$7:AB$39) -> 15 | AE9: 4 | AF9: 2964.1667 | AG9: =IFERROR(AF9/AE9,"") -> 741.04167 | AH9: =RANK(AG9, AG$7:AG$39) -> 15 | AJ9: 4 | AK9: 2964.2589 | AL9: =IFERROR(AK9/AJ9,"") -> 741.06473 | AM9: =RANK(AL9, AL$7:AL$39) -> 15 | AO9: 4 | AP9: 2964.0614 | AQ9: =IFERROR(AP9/AO9,"") -> 741.01535 | AR9: =RANK(AQ9, AQ$7:AQ$39) -> 15 | AT9: 4 | AU9: 2964.1599 | AV9: =IFERROR(AU9/AT9,"") -> 741.03997 | AW9: =RANK(AV9, AV$7:AV$39) -> 15
C10: 4 | D10: 一配壹號醬炙烤牛飯糰 | E10: 5 | F10: 3300 | G10: =F10/E10 -> 660 | I10: =AVERAGE(P10,U10,Z10,AE10,AJ10,AO10,AT10) -> 5 | J10: =AVERAGE(Q10,V10,AA10,AF10,AK10,AP10,AU10) -> 2967.1611 | K10: =AVERAGE(R10,W10,AB10,AG10,AL10,AQ10,AV10) -> 593.43222 | M10: =RANK(K10, K$7:$K$39) -> 25 | P10: 5 | Q10: 2966.0819 | R10: =IFERROR(Q10/P10,"") -> 593.21637 | S10: =RANK(R10, R$7:R$39) -> 24 | U10: 5 | V10: 2966.381 | W10: =IFERROR(V10/U10,"") -> 593.2762 | X10: =RANK(W10, W$7:W$39) -> 25 | Z10: 5 | AA10: 2967.5214 | AB10: =IFERROR(AA10/Z10,"") -> 593.50427 | AC10: =RANK(AB10, AB$7:AB$39) -> 24 | AE10: 5 | AF10: 2968.1043 | AG10: =IFERROR(AF10/AE10,"") -> 593.62086 | AH10: =RANK(AG10, AG$7:AG$39) -> 24 | AJ10: 5 | AK10: 2969.7219 | AL10: =IFERROR(AK10/AJ10,"") -> 593.94439 | AM10: =RANK(AL10, AL$7:AL$39) -> 24 | AO10: 5 | AP10: 2965.3631 | AQ10: =IFERROR(AP10/AO10,"") -> 593.07263 | AR10: =RANK(AQ10, AQ$7:AQ$39) -> 25 | AT10: 5 | AU10: 2966.9542 | AV10: =IFERROR(AU10/AT10,"") -> 593.39084 | AW10: =RANK(AV10, AV$7:AV$39) -> 26
C11: 5 | D11: 一配明太子龍蝦風味沙拉飯糰 | E11: 3 | F11: 3600 | G11: =F11/E11 -> 1200 | I11: =AVERAGE(P11,U11,Z11,AE11,AJ11,AO11,AT11) -> 3 | J11: =AVERAGE(Q11,V11,AA11,AF11,AK11,AP11,AU11) -> 3144.8244 | K11: =AVERAGE(R11,W11,AB11,AG11,AL11,AQ11,AV11) -> 1048.2748 | M11: =RANK(K11, K$7:$K$39) -> 5 | P11: 3 | Q11: 3142.663 | R11: =IFERROR(Q11/P11,"") -> 1047.5543 | S11: =RANK(R11, R$7:R$39) -> 3 | U11: 3 | V11: 3143.3299 | W11: =IFERROR(V11/U11,"") -> 1047.7766 | X11: =RANK(W11, W$7:W$39) -> 3 | Z11: 3 | AA11: 3144.239 | AB11: =IFERROR(AA11/Z11,"") -> 1048.0797 | AC11: =RANK(AB11, AB$7:AB$39) -> 4 | AE11: 3 | AF11: 3145.3195 | AG11: =IFERROR(AF11/AE11,"") -> 1048.4398 | AH11: =RANK(AG11, AG$7:AG$39) -> 6 | AJ11: 3 | AK11: 3146.2482 | AL11: =IFERROR(AK11/AJ11,"") -> 1048.7494 | AM11: =RANK(AL11, AL$7:AL$39) -> 5 | AO11: 3 | AP11: 3145.8532 | AQ11: =IFERROR(AP11/AO11,"") -> 1048.6177 | AR11: =RANK(AQ11, AQ$7:AQ$39) -> 5 | AT11: 3 | AU11: 3146.1181 | AV11: =IFERROR(AU11/AT11,"") -> 1048.706 | AW11: =RANK(AV11, AV$7:AV$39) -> 5
C12: 6 | D12: 一配贅沢鮭魚肚飯糰 | E12: 3 | F12: 3000 | G12: =F12/E12 -> 1000 | I12: =AVERAGE(P12,U12,Z12,AE12,AJ12,AO12,AT12) -> 3 | J12: =AVERAGE(Q12,V12,AA12,AF12,AK12,AP12,AU12) -> 2693.168 | K12: =AVERAGE(R12,W12,AB12,AG12,AL12,AQ12,AV12) -> 897.72267 | M12: =RANK(K12, K$7:$K$39) -> 10 | P12: 3 | Q12: 2692.3636 | R12: =IFERROR(Q12/P12,"") -> 897.45455 | S12: =RANK(R12, R$7:R$39) -> 11 | U12: 3 | V12: 2692.5954 | W12: =IFERROR(V12/U12,"") -> 897.53179 | X12: =RANK(W12, W$7:W$39) -> 11 | Z12: 3 | AA12: 2693.2423 | AB12: =IFERROR(AA12/Z12,"") -> 897.74744 | AC12: =RANK(AB12, AB$7:AB$39) -> 10 | AE12: 3 | AF12: 2693.6261 | AG12: =IFERROR(AF12/AE12,"") -> 897.87535 | AH12: =RANK(AG12, AG$7:AG$39) -> 10 | AJ12: 3 | AK12: 2693.3726 | AL12: =IFERROR(AK12/AJ12,"") -> 897.79087 | AM12: =RANK(AL12, AL$7:AL$39) -> 10 | AO12: 3 | AP12: 2693.4336 | AQ12: =IFERROR(AP12/AO12,"") -> 897.81119 | AR12: =RANK(AQ12, AQ$7:AQ$39) -> 10 | AT12: 3 | AU12: 2693.5426 | AV12: =IFERROR(AU12/AT12,"") -> 897.84753 | AW12: =RANK(AV12, AV$7:AV$39) -> 10
C13: 7 | D13: 一配蔬食鮪魚飯糰 | E13: 3 | F13: 3600 | G13: =F13/E13 -> 1200 | I13: =AVERAGE(P13,U13,Z13,AE13,AJ13,AO13,AT13) -> 3 | J13: =AVERAGE(Q13,V13,AA13,AF13,AK13,AP13,AU13) -> 3144.8671 | K13: =AVERAGE(R13,W13,AB13,AG13,AL13,AQ13,AV13) -> 1048.289 | M13: =RANK(K13, K$7:$K$39) -> 4 | P13: 3 | Q13: 3144 | R13: =IFERROR(Q13/P13,"") -> 1048 | S13: =RANK(R13, R$7:R$39) -> 2 | U13: 3 | V13: 3143.6261 | W13: =IFERROR(V13/U13,"") -> 1047.8754 | X13: =RANK(W13, W$7:W$39) -> 2 | Z13: 3 | AA13: 3144.6215 | AB13: =IFERROR(AA13/Z13,"") -> 1048.2072 | AC13: =RANK(AB13, AB$7:AB$39) -> 3 | AE13: 3 | AF13: 3145.6684 | AG13: =IFERROR(AF13/AE13,"") -> 1048.5561 | AH13: =RANK(AG13, AG$7:AG$39) -> 5 | AJ13: 3 | AK13: 3145.6684 | AL13: =IFERROR(AK13/AJ13,"") -> 1048.5561 | AM13: =RANK(AL13, AL$7:AL$39) -> 6 | AO13: 3 | AP13: 3145.0677 | AQ13: =IFERROR(AP13/AO13,"") -> 1048.3559 | AR13: =RANK(AQ13, AQ$7:AQ$39) -> 6 | AT13: 3 | AU13: 3145.4175 | AV13: =IFERROR(AU13/AT13,"") -> 1048.4725 | AW13: =RANK(AV13, AV$7:AV$39) -> 6
C14: 8 | D14: 一配熟成紅鮭飯糰 | E14: 4 | F14: 3300 | G14: =F14/E14 -> 825 | I14: =AVERAGE(P14,U14,Z14,AE14,AJ14,AO14,AT14) -> 4 | J14: =AVERAGE(Q14,V14,AA14,AF14,AK14,AP14,AU14) -> 2932.9873 | K14: =AVERAGE(R14,W14,AB14,AG14,AL14,AQ14,AV14) -> 733.24683 | M14: =RANK(K14, K$7:$K$39) -> 19 | P14: 4 | Q14: 2929.0258 | R14: =IFERROR(Q14/P14,"") -> 732.25646 | S14: =RANK(R14, R$7:R$39) -> 21 | U14: 4 | V14: 2929.7778 | W14: =IFERROR(V14/U14,"") -> 732.44444 | X14: =RANK(W14, W$7:W$39) -> 21 | Z14: 4 | AA14: 2934.0711 | AB14: =IFERROR(AA14/Z14,"") -> 733.51779 | AC14: =RANK(AB14, AB$7:AB$39) -> 19 | AE14: 4 | AF14: 2933.7759 | AG14: =IFERROR(AF14/AE14,"") -> 733.44398 | AH14: =RANK(AG14, AG$7:AG$39) -> 19 | AJ14: 4 | AK14: 2935.0126 | AL14: =IFERROR(AK14/AJ14,"") -> 733.75315 | AM14: =RANK(AL14, AL$7:AL$39) -> 19 | AO14: 4 | AP14: 2934.692 | AQ14: =IFERROR(AP14/AO14,"") -> 733.673 | AR14: =RANK(AQ14, AQ$7:AQ$39) -> 18 | AT14: 4 | AU14: 2934.556 | AV14: =IFERROR(AU14/AT14,"") -> 733.639 | AW14: =RANK(AV14, AV$7:AV$39) -> 19
C15: 9 | D15: 一配北海道秋鮭親子飯糰 | E15: 4 | F15: 3300 | G15: =F15/E15 -> 825 | I15: =AVERAGE(P15,U15,Z15,AE15,AJ15,AO15,AT15) -> 4 | J15: =AVERAGE(Q15,V15,AA15,AF15,AK15,AP15,AU15) -> 2932.9634 | K15: =AVERAGE(R15,W15,AB15,AG15,AL15,AQ15,AV15) -> 733.24085 | M15: =RANK(K15, K$7:$K$39) -> 20 | P15: 4 | Q15: 2931.4708 | R15: =IFERROR(Q15/P15,"") -> 732.86771 | S15: =RANK(R15, R$7:R$39) -> 19 | U15: 4 | V15: 2932.0801 | W15: =IFERROR(V15/U15,"") -> 733.02002 | X15: =RANK(W15, W$7:W$39) -> 19 | Z15: 4 | AA15: 2933.4112 | AB15: =IFERROR(AA15/Z15,"") -> 733.3528 | AC15: =RANK(AB15, AB$7:AB$39) -> 20 | AE15: 4 | AF15: 2933.3333 | AG15: =IFERROR(AF15/AE15,"") -> 733.33333 | AH15: =RANK(AG15, AG$7:AG$39) -> 20 | AJ15: 4 | AK15: 2933.5793 | AL15: =IFERROR(AK15/AJ15,"") -> 733.39483 | AM15: =RANK(AL15, AL$7:AL$39) -> 20 | AO15: 4 | AP15: 2933.6406 | AQ15: =IFERROR(AP15/AO15,"") -> 733.41014 | AR15: =RANK(AQ15, AQ$7:AQ$39) -> 20 | AT15: 4 | AU15: 2933.2285 | AV15: =IFERROR(AU15/AT15,"") -> 733.30712 | AW15: =RANK(AV15, AV$7:AV$39) -> 21
C16: 10 | D16: 一配照燒雞肉飯糰 | E16: 4 | F16: 3300 | G16: =F16/E16 -> 825 | I16: =AVERAGE(P16,U16,Z16,AE16,AJ16,AO16,AT16) -> 4 | J16: =AVERAGE(Q16,V16,AA16,AF16,AK16,AP16,AU16) -> 2966.9897 | K16: =AVERAGE(R16,W16,AB16,AG16,AL16,AQ16,AV16) -> 741.74743 | M16: =RANK(K16, K$7:$K$39) -> 12 | P16: 4 | Q16: 2965.3725 | R16: =IFERROR(Q16/P16,"") -> 741.34313 | S16: =RANK(R16, R$7:R$39) -> 12 | U16: 4 | V16: 2965.9416 | W16: =IFERROR(V16/U16,"") -> 741.48541 | X16: =RANK(W16, W$7:W$39) -> 12 | Z16: 4 | AA16: 2967.3062 | AB16: =IFERROR(AA16/Z16,"") -> 741.82655 | AC16: =RANK(AB16, AB$7:AB$39) -> 12 | AE16: 4 | AF16: 2967.7626 | AG16: =IFERROR(AF16/AE16,"") -> 741.94066 | AH16: =RANK(AG16, AG$7:AG$39) -> 12 | AJ16: 4 | AK16: 2967.2905 | AL16: =IFERROR(AK16/AJ16,"") -> 741.82262 | AM16: =RANK(AL16, AL$7:AL$39) -> 13 | AO16: 4 | AP16: 2966.9941 | AQ16: =IFERROR(AP16/AO16,"") -> 741.74853 | AR16: =RANK(AQ16, AQ$7:AQ$39) -> 12 | AT16: 4 | AU16: 2968.2604 | AV16: =IFERROR(AU16/AT16,"") -> 742.06511 | AW16: =RANK(AV16, AV$7:AV$39) -> 12
C17: 11 | D17: 一配經典肉鬆飯糰 | E17: 3 | F17: 3000 | G17: =F17/E17 -> 1000 | I17: =AVERAGE(P17,U17,Z17,AE17,AJ17,AO17,AT17) -> 3 | J17: =AVERAGE(Q17,V17,AA17,AF17,AK17,AP17,AU17) -> 2693.1023 | K17: =AVERAGE(R17,W17,AB17,AG17,AL17,AQ17,AV17) -> 897.70076 | M17: =RANK(K17, K$7:$K$39) -> 11 | P17: 3 | Q17: 2692.8454 | R17: =IFERROR(Q17/P17,"") -> 897.61512 | S17: =RANK(R17, R$7:R$39) -> 10 | U17: 3 | V17: 2692.9526 | W17: =IFERROR(V17/U17,"") -> 897.65085 | X17: =RANK(W17, W$7:W$39) -> 10 | Z17: 3 | AA17: 2692.9613 | AB17: =IFERROR(AA17/Z17,"") -> 897.65377 | AC17: =RANK(AB17, AB$7:AB$39) -> 11 | AE17: 3 | AF17: 2693.0448 | AG17: =IFERROR(AF17/AE17,"") -> 897.68161 | AH17: =RANK(AG17, AG$7:AG$39) -> 11 | AJ17: 3 | AK17: 2693.2912 | AL17: =IFERROR(AK17/AJ17,"") -> 897.76372 | AM17: =RANK(AL17, AL$7:AL$39) -> 11 | AO17: 3 | AP17: 2693.2497 | AQ17: =IFERROR(AP17/AO17,"") -> 897.7499 | AR17: =RANK(AQ17, AQ$7:AQ$39) -> 11 | AT17: 3 | AU17: 2693.3711 | AV17: =IFERROR(AU17/AT17,"") -> 897.79037 | AW17: =RANK(AV17, AV$7:AV$39) -> 11
C18: 12 | D18: 一配兩粒飯糰(鮪魚.焦糖鮭魚) | E18: 12 | F18: 3600 | G18: =F18/E18 -> 300 | I18: =AVERAGE(P18,U18,Z18,AE18,AJ18,AO18,AT18) -> 12 | J18: =AVERAGE(Q18,V18,AA18,AF18,AK18,AP18,AU18) -> 3126.1142 | K18: =AVERAGE(R18,W18,AB18,AG18,AL18,AQ18,AV18) -> 260.50952 | M18: =RANK(K18, K$7:$K$39) -> 29 | P18: 12 | Q18: 3125.7051 | R18: =IFERROR(Q18/P18,"") -> 260.47542 | S18: =RANK(R18, R$7:R$39) -> 29 | U18: 12 | V18: 3125.7664 | W18: =IFERROR(V18/U18,"") -> 260.48053 | X18: =RANK(W18, W$7:W$39) -> 28 | Z18: 12 | AA18: 3126.3682 | AB18: =IFERROR(AA18/Z18,"") -> 260.53068 | AC18: =RANK(AB18, AB$7:AB$39) -> 28 | AE18: 12 | AF18: 3126.5353 | AG18: =IFERROR(AF18/AE18,"") -> 260.54461 | AH18: =RANK(AG18, AG$7:AG$39) -> 28 | AJ18: 12 | AK18: 3128.1451 | AL18: =IFERROR(AK18/AJ18,"") -> 260.67876 | AM18: =RANK(AL18, AL$7:AL$39) -> 28 | AO18: 12 | AP18: 3125.2595 | AQ18: =IFERROR(AP18/AO18,"") -> 260.43829 | AR18: =RANK(AQ18, AQ$7:AQ$39) -> 28 | AT18: 12 | AU18: 3125.0201 | AV18: =IFERROR(AU18/AT18,"") -> 260.41834 | AW18: =RANK(AV18, AV$7:AV$39) -> 29
C19: 13 | D19: 一配鮭魚奶油醬油飯糰 | E19: 3 | F19: 3300 | G19: =F19/E19 -> 1100 | I19: =AVERAGE(P19,U19,Z19,AE19,AJ19,AO19,AT19) -> 3 | J19: =AVERAGE(Q19,V19,AA19,AF19,AK19,AP19,AU19) -> 2962.0825 | K19: =AVERAGE(R19,W19,AB19,AG19,AL19,AQ19,AV19) -> 987.36082 | M19: =RANK(K19, K$7:$K$39) -> 8 | P19: 3 | Q19: 2959.7182 | R19: =IFERROR(Q19/P19,"") -> 986.57275 | S19: =RANK(R19, R$7:R$39) -> 8 | U19: 3 | V19: 2959.9634 | W19: =IFERROR(V19/U19,"") -> 986.65448 | X19: =RANK(W19, W$7:W$39) -> 8 | Z19: 3 | AA19: 2959.4619 | AB19: =IFERROR(AA19/Z19,"") -> 986.48731 | AC19: =RANK(AB19, AB$7:AB$39) -> 8 | AE19: 3 | AF19: 2963.3039 | AG19: =IFERROR(AF19/AE19,"") -> 987.76797 | AH19: =RANK(AG19, AG$7:AG$39) -> 8 | AJ19: 3 | AK19: 2964.004 | AL19: =IFERROR(AK19/AJ19,"") -> 988.00133 | AM19: =RANK(AL19, AL$7:AL$39) -> 8 | AO19: 3 | AP19: 2964.2303 | AQ19: =IFERROR(AP19/AO19,"") -> 988.07677 | AR19: =RANK(AQ19, AQ$7:AQ$39) -> 8 | AT19: 3 | AU19: 2963.8954 | AV19: =IFERROR(AU19/AT19,"") -> 987.96513 | AW19: =RANK(AV19, AV$7:AV$39) -> 8
... C35: 29 | D35: 二配兩粒飯糰(鮪魚.焦糖鮭魚) | E35: 12 | F35: 3600 | G35: =F35/E35 -> 300 | I35: =AVERAGE(P35,U35,Z35,AE35,AJ35,AO35,AT35) -> 12 | J35: =AVERAGE(Q35,V35,AA35,AF35,AK35,AP35,AU35) -> 3124.733 | K35: =AVERAGE(R35,W35,AB35,AG35,AL35,AQ35,AV35) -> 260.39442 | M35: =RANK(K35, K$7:$K$39) -> 30 | P35: 12 | Q35: 3126.056 | R35: =IFERROR(Q35/P35,"") -> 260.50466 | S35: =RANK(R35, R$7:R$39) -> 28 | U35: 12 | V35: 3125.2747 | W35: =IFERROR(V35/U35,"") -> 260.43956 | X35: =RANK(W35, W$7:W$39) -> 29 | Z35: 12 | AA35: 3124.5763 | AB35: =IFERROR(AA35/Z35,"") -> 260.38136 | AC35: =RANK(AB35, AB$7:AB$39) -> 29 | AE35: 12 | AF35: 3123.7958 | AG35: =IFERROR(AF35/AE35,"") -> 260.31632 | AH35: =RANK(AG35, AG$7:AG$39) -> 29 | AJ35: 12 | AK35: 3124.3243 | AL35: =IFERROR(AK35/AJ35,"") -> 260.36036 | AM35: =RANK(AL35, AL$7:AL$39) -> 29 | AO35: 12 | AP35: 3124.2718 | AQ35: =IFERROR(AP35/AO35,"") -> 260.35599 | AR35: =RANK(AQ35, AQ$7:AQ$39) -> 29 | AT35: 12 | AU35: 3124.8322 | AV35: =IFERROR(AU35/AT35,"") -> 260.40268 | AW35: =RANK(AV35, AV$7:AV$39) -> 30
C36: 30 | D36: 二配大飯糰鮪魚昆布 | E36: 4 | F36: 3000 | G36: =F36/E36 -> 750 | I36: =AVERAGE(P36,U36,Z36,AE36,AJ36,AO36,AT36) -> 4 | J36: =AVERAGE(Q36,V36,AA36,AF36,AK36,AP36,AU36) -> 2434.9631 | K36: =AVERAGE(R36,W36,AB36,AG36,AL36,AQ36,AV36) -> 608.74078 | M36: =RANK(K36, K$7:$K$39) -> 24 | AT36: 4 | AU36: 2434.9631 | AV36: =IFERROR(AU36/AT36,"") -> 608.74078 | AW36: =RANK(AV36, AV$7:AV$39) -> 24
C37: 31
C38: 32
C39: 33
B40: 產線配置圖－每週更新(0303-0309) | N40: 資料繳交 | O40: 日期 | P40: 46084 | U40: 46085 | Z40: 46086 | AE40: 46087 | AJ40: 46088 | AO40: 46089 | AT40: 46090
P41: 46084 | U41: 46085 | Z41: 46086 | AE41: 46087 | AJ41: 46088 | AO41: 46089 | AT41: 46090
B42: 品群 | C42: 商品名稱 | E42: 計畫 | H42: 平均人時性 | I42: 實績 (週平均) | L42: 平均人時性 | M42: 排名 | O42: 日報 | P42: 實際 | T42: 平均人時性 | U42: 實際 | Y42: 平均人時性 | Z42: 實際 | AD42: 平均人時性 | AE42: 實際 | AI42: 平均人時性 | AJ42: 實際 | AN42: 平均人時性 | AO42: 實際 | AS42: 平均人時性 | AT42: 實際 | AX42: 平均人時性
E43: 產線配置圖 | I43: 產線配置圖 | P43: 生產實績 | U43: 生產實績 | Z43: 生產實績 | AE43: 生產實績 | AJ43: 生產實績 | AO43: 生產實績 | AT43: 生產實績
E44: 人數 | F44: 產能／時 | G44: 人時性 | I44: 人數 | J44: 產能／時 | K44: 人時性 | P44: 人數 | Q44: 產能／時 | R44: 人時性 | S44: 排名 | U44: 人數 | V44: 產能／時 | W44: 人時性 | X44: 排名 | Z44: 人數 | AA44: 產能／時 | AB44: 人時性 | AC44: 排名 | AE44: 人數 | AF44: 產能／時 | AG44: 人時性 | AH44: 排名 | AJ44: 人數 | AK44: 產能／時 | AL44: 人時性 | AM44: 排名 | AO44: 人數 | AP44: 產能／時 | AQ44: 人時性 | AR44: 排名 | AT44: 人數 | AU44: 產能／時 | AV44: 人時性 | AW44: 排名
B45: 18℃-飯糰 | C45: 1 | D45: 一配鹽蔥燒肉飯糰 | E45: 4 | F45: 3600 | G45: =F45/E45 -> 900 | H45: =AVERAGE(G45:G77) -> 867.33333 | I45: =AVERAGE(P45,U45,Z45,AE45,AJ45,AO45,AT45) -> 4 | J45: =AVERAGE(Q45,V45,AA45,AF45,AK45,AP45,AU45) -> 3167.3799 | K45: =AVERAGE(R45,W45,AB45,AG45,AL45,AQ45,AV45) -> 791.84499 | L45: =IFERROR(AVERAGE(K45:K77),"-") -> 770.4937 | M45: =RANK(K45, K$45:$K$77) -> 12 | P45: 4 | Q45: 3154.4118 | R45: =IFERROR(Q45/P45,"") -> 788.60294 | S45: =RANK(R45, R$45:R$77) -> 12 | T45: =AVERAGE(R45:R77) -> 767.73672 | U45: 4 | V45: 3168.9474 | W45: =IFERROR(V45/U45,"") -> 792.23684 | X45: =RANK(W45, W$45:W$77) -> 12 | Y45: =AVERAGE(W45:W77) -> 769.64675 | Z45: 4 | AA45: 3169.5544 | AB45: =IFERROR(AA45/Z45,"") -> 792.3886 | AC45: =RANK(AB45, AB$45:AB$77) -> 12 | AD45: =AVERAGE(AB45:AB77) -> 770.15029 | AE45: 4 | AF45: 3169.1847 | AG45: =IFERROR(AF45/AE45,"") -> 792.29619 | AH45: =RANK(AG45, AG$45:AG$77) -> 12 | AI45: =AVERAGE(AG45:AG77) -> 770.63082 | AJ45: 4 | AK45: 3169.8476 | AL45: =IFERROR(AK45/AJ45,"") -> 792.46191 | AM45: =RANK(AL45, AL$45:AL$77) -> 12 | AN45: =AVERAGE(AL45:AL77) -> 771.04796 | AO45: 4 | AP45: 3169.7319 | AQ45: =IFERROR(AP45/AO45,"") -> 792.43297 | AR45: =RANK(AQ45, AQ$45:AQ$77) -> 12 | AS45: =AVERAGE(AQ45:AQ77) -> 771.1085 | AT45: 4 | AU45: 3169.9818 | AV45: =IFERROR(AU45/AT45,"") -> 792.49546 | AW45: =RANK(AV45, AV$45:AV$77) -> 12 | AX45: =AVERAGE(AV45:AV77) -> 773.13486
C46: 2 | D46: 一配鮪魚飯糰 | E46: 3 | F46: 3600 | G46: =F46/E46 -> 1200 | I46: =AVERAGE(P46,U46,Z46,AE46,AJ46,AO46,AT46) -> 3 | J46: =AVERAGE(Q46,V46,AA46,AF46,AK46,AP46,AU46) -> 3165.6882 | K46: =AVERAGE(R46,W46,AB46,AG46,AL46,AQ46,AV46) -> 1055.2294 | M46: =RANK(K46, K$45:$K$77) -> 5 | P46: 3 | Q46: 3149.55 | R46: =IFERROR(Q46/P46,"") -> 1049.85 | S46: =RANK(R46, R$45:R$77) -> 6 | U46: 3 | V46: 3167.4232 | W46: =IFERROR(V46/U46,"") -> 1055.8077 | X46: =RANK(W46, W$45:W$77) -> 5 | Z46: 3 | AA46: 3167.4677 | AB46: =IFERROR(AA46/Z46,"") -> 1055.8226 | AC46: =RANK(AB46, AB$45:AB$77) -> 3 | AE46: 3 | AF46: 3168.4718 | AG46: =IFERROR(AF46/AE46,"") -> 1056.1573 | AH46: =RANK(AG46, AG$45:AG$77) -> 2 | AJ46: 3 | AK46: 3168.9015 | AL46: =IFERROR(AK46/AJ46,"") -> 1056.3005 | AM46: =RANK(AL46, AL$45:AL$77) -> 4 | AO46: 3 | AP46: 3168.8649 | AQ46: =IFERROR(AP46/AO46,"") -> 1056.2883 | AR46: =RANK(AQ46, AQ$45:AQ$77) -> 3 | AT46: 3 | AU46: 3169.1381 | AV46: =IFERROR(AU46/AT46,"") -> 1056.3794 | AW46: =RANK(AV46, AV$45:AV$77) -> 3
C47: 3 | D47: 一配雞肉飯飯糰 | E47: 5 | F47: 3600 | G47: =F47/E47 -> 720 | I47: =AVERAGE(P47,U47,Z47,AE47,AJ47,AO47,AT47) -> 5 | J47: =AVERAGE(Q47,V47,AA47,AF47,AK47,AP47,AU47) -> 3164.8637 | K47: =AVERAGE(R47,W47,AB47,AG47,AL47,AQ47,AV47) -> 632.97274 | M47: =RANK(K47, K$45:$K$77) -> 24 | P47: 5 | Q47: 3153.8268 | R47: =IFERROR(Q47/P47,"") -> 630.76535 | S47: =RANK(R47, R$45:R$77) -> 23 | U47: 5 | V47: 3166.2651 | W47: =IFERROR(V47/U47,"") -> 633.25301 | X47: =RANK(W47, W$45:W$77) -> 24 | Z47: 5 | AA47: 3166.5971 | AB47: =IFERROR(AA47/Z47,"") -> 633.31942 | AC47: =RANK(AB47, AB$45:AB$77) -> 24 | AE47: 5 | AF47: 3166.788 | AG47: =IFERROR(AF47/AE47,"") -> 633.3576 | AH47: =RANK(AG47, AG$45:AG$77) -> 24 | AJ47: 5 | AK47: 3166.7547 | AL47: =IFERROR(AK47/AJ47,"") -> 633.35095 | AM47: =RANK(AL47, AL$45:AL$77) -> 24 | AO47: 5 | AP47: 3166.7467 | AQ47: =IFERROR(AP47/AO47,"") -> 633.34934 | AR47: =RANK(AQ47, AQ$45:AQ$77) -> 24 | AT47: 5 | AU47: 3167.0675 | AV47: =IFERROR(AU47/AT47,"") -> 633.41351 | AW47: =RANK(AV47, AV$45:AV$77) -> 24
C48: 4 | D48: 一配壹號醬炙烤牛飯糰 | E48: 5 | F48: 3300 | G48: =F48/E48 -> 660 | I48: =AVERAGE(P48,U48,Z48,AE48,AJ48,AO48,AT48) -> 5 | J48: =AVERAGE(Q48,V48,AA48,AF48,AK48,AP48,AU48) -> 2967.2773 | K48: =AVERAGE(R48,W48,AB48,AG48,AL48,AQ48,AV48) -> 593.45545 | M48: =RANK(K48, K$45:$K$77) -> 25 | P48: 5 | Q48: 2967.7932 | R48: =IFERROR(Q48/P48,"") -> 593.55865 | S48: =RANK(R48, R$45:R$77) -> 25 | U48: 5 | V48: 2967.9743 | W48: =IFERROR(V48/U48,"") -> 593.59486 | X48: =RANK(W48, W$45:W$77) -> 26 | Z48: 5 | AA48: 2966.8966 | AB48: =IFERROR(AA48/Z48,"") -> 593.37931 | AC48: =RANK(AB48, AB$45:AB$77) -> 26 | AE48: 5 | AF48: 2968.0672 | AG48: =IFERROR(AF48/AE48,"") -> 593.61345 | AH48: =RANK(AG48, AG$45:AG$77) -> 26 | AJ48: 5 | AK48: 2966.1972 | AL48: =IFERROR(AK48/AJ48,"") -> 593.23944 | AM48: =RANK(AL48, AL$45:AL$77) -> 26 | AO48: 5 | AP48: 2967.1078 | AQ48: =IFERROR(AP48/AO48,"") -> 593.42155 | AR48: =RANK(AQ48, AQ$45:AQ$77) -> 26 | AT48: 5 | AU48: 2966.9046 | AV48: =IFERROR(AU48/AT48,"") -> 593.38092 | AW48: =RANK(AV48, AV$45:AV$77) -> 25
C49: 5 | D49: 一配明太子龍蝦風味沙拉飯糰 | E49: 3 | F49: 3600 | G49: =F49/E49 -> 1200 | I49: =AVERAGE(P49,U49,Z49,AE49,AJ49,AO49,AT49) -> 3 | J49: =AVERAGE(Q49,V49,AA49,AF49,AK49,AP49,AU49) -> 3165.728 | K49: =AVERAGE(R49,W49,AB49,AG49,AL49,AQ49,AV49) -> 1055.2427 | M49: =RANK(K49, K$45:$K$77) -> 4 | P49: 3 | Q49: 3153.3927 | R49: =IFERROR(Q49/P49,"") -> 1051.1309 | S49: =RANK(R49, R$45:R$77) -> 4 | U49: 3 | V49: 3166.31 | W49: =IFERROR(V49/U49,"") -> 1055.4367 | X49: =RANK(W49, W$45:W$77) -> 6 | Z49: 3 | AA49: 3166.5198 | AB49: =IFERROR(AA49/Z49,"") -> 1055.5066 | AC49: =RANK(AB49, AB$45:AB$77) -> 6 | AE49: 3 | AF49: 3166.7001 | AG49: =IFERROR(AF49/AE49,"") -> 1055.5667 | AH49: =RANK(AG49, AG$45:AG$77) -> 6 | AJ49: 3 | AK49: 3169.2959 | AL49: =IFERROR(AK49/AJ49,"") -> 1056.432 | AM49: =RANK(AL49, AL$45:AL$77) -> 2 | AO49: 3 | AP49: 3168.819 | AQ49: =IFERROR(AP49/AO49,"") -> 1056.273 | AR49: =RANK(AQ49, AQ$45:AQ$77) -> 4 | AT49: 3 | AU49: 3169.0585 | AV49: =IFERROR(AU49/AT49,"") -> 1056.3528 | AW49: =RANK(AV49, AV$45:AV$77) -> 4
C50: 6 | D50: 一配贅沢鮭魚肚飯糰 | E50: 3 | F50: 3000 | G50: =F50/E50 -> 1000 | I50: =AVERAGE(P50,U50,Z50,AE50,AJ50,AO50,AT50) -> 3 | J50: =AVERAGE(Q50,V50,AA50,AF50,AK50,AP50,AU50) -> 2693.7122 | K50: =AVERAGE(R50,W50,AB50,AG50,AL50,AQ50,AV50) -> 897.90407 | M50: =RANK(K50, K$45:$K$77) -> 10 | P50: 3 | Q50: 2693.5729 | R50: =IFERROR(Q50/P50,"") -> 897.85764 | S50: =RANK(R50, R$45:R$77) -> 10 | U50: 3 | V50: 2693.5491 | W50: =IFERROR(V50/U50,"") -> 897.84971 | X50: =RANK(W50, W$45:W$77) -> 10 | Z50: 3 | AA50: 2693.7376 | AB50: =IFERROR(AA50/Z50,"") -> 897.91252 | AC50: =RANK(AB50, AB$45:AB$77) -> 10 | AE50: 3 | AF50: 2693.4997 | AG50: =IFERROR(AF50/AE50,"") -> 897.83322 | AH50: =RANK(AG50, AG$45:AG$77) -> 11 | AJ50: 3 | AK50: 2693.6127 | AL50: =IFERROR(AK50/AJ50,"") -> 897.8709 | AM50: =RANK(AL50, AL$45:AL$77) -> 10 | AO50: 3 | AP50: 2693.8668 | AQ50: =IFERROR(AP50/AO50,"") -> 897.95559 | AR50: =RANK(AQ50, AQ$45:AQ$77) -> 10 | AT50: 3 | AU50: 2694.1467 | AV50: =IFERROR(AU50/AT50,"") -> 898.04889 | AW50: =RANK(AV50, AV$45:AV$77) -> 10
C51: 7 | D51: 一配蔬食鮪魚飯糰 | E51: 3 | F51: 3600 | G51: =F51/E51 -> 1200 | I51: =AVERAGE(P51,U51,Z51,AE51,AJ51,AO51,AT51) -> 3 | J51: =AVERAGE(Q51,V51,AA51,AF51,AK51,AP51,AU51) -> 3167.3232 | K51: =AVERAGE(R51,W51,AB51,AG51,AL51,AQ51,AV51) -> 1055.7744 | M51: =RANK(K51, K$45:$K$77) -> 2 | P51: 3 | Q51: 3154.8387 | R51: =IFERROR(Q51/P51,"") -> 1051.6129 | S51: =RANK(R51, R$45:R$77) -> 1 | U51: 3 | V51: 3168.9474 | W51: =IFERROR(V51/U51,"") -> 1056.3158 | X51: =RANK(W51, W$45:W$77) -> 1 | Z51: 3 | AA51: 3169.5374 | AB51: =IFERROR(AA51/Z51,"") -> 1056.5125 | AC51: =RANK(AB51, AB$45:AB$77) -> 2 | AE51: 3 | AF51: 3168.4316 | AG51: =IFERROR(AF51/AE51,"") -> 1056.1439 | AH51: =RANK(AG51, AG$45:AG$77) -> 3 | AJ51: 3 | AK51: 3169.2308 | AL51: =IFERROR(AK51/AJ51,"") -> 1056.4103 | AM51: =RANK(AL51, AL$45:AL$77) -> 3 | AO51: 3 | AP51: 3169.7674 | AQ51: =IFERROR(AP51/AO51,"") -> 1056.5891 | AR51: =RANK(AQ51, AQ$45:AQ$77) -> 2 | AT51: 3 | AU51: 3170.5094 | AV51: =IFERROR(AU51/AT51,"") -> 1056.8365 | AW51: =RANK(AV51, AV$45:AV$77) -> 1
C52: 8 | D52: 一配熟成紅鮭飯糰 | E52: 4 | F52: 3300 | G52: =F52/E52 -> 825 | I52: =AVERAGE(P52,U52,Z52,AE52,AJ52,AO52,AT52) -> 4 | J52: =AVERAGE(Q52,V52,AA52,AF52,AK52,AP52,AU52) -> 2937.1289 | K52: =AVERAGE(R52,W52,AB52,AG52,AL52,AQ52,AV52) -> 734.28223 | M52: =RANK(K52, K$45:$K$77) -> 18 | P52: 4 | Q52: 2935.277 | R52: =IFERROR(Q52/P52,"") -> 733.81924 | S52: =RANK(R52, R$45:R$77) -> 16 | U52: 4 | V52: 2935.6223 | W52: =IFERROR(V52/U52,"") -> 733.90558 | X52: =RANK(W52, W$45:W$77) -> 19 | Z52: 4 | AA52: 2936.6958 | AB52: =IFERROR(AA52/Z52,"") -> 734.17396 | AC52: =RANK(AB52, AB$45:AB$77) -> 19 | AE52: 4 | AF52: 2937.1257 | AG52: =IFERROR(AF52/AE52,"") -> 734.28144 | AH52: =RANK(AG52, AG$45:AG$77) -> 18 | AJ52: 4 | AK52: 2938.4742 | AL52: =IFERROR(AK52/AJ52,"") -> 734.61854 | AM52: =RANK(AL52, AL$45:AL$77) -> 18 | AO52: 4 | AP52: 2938.1853 | AQ52: =IFERROR(AP52/AO52,"") -> 734.54631 | AR52: =RANK(AQ52, AQ$45:AQ$77) -> 18 | AT52: 4 | AU52: 2938.5222 | AV52: =IFERROR(AU52/AT52,"") -> 734.63054 | AW52: =RANK(AV52, AV$45:AV$77) -> 19
C53: 9 | D53: 一配北海道秋鮭親子飯糰 | E53: 4 | F53: 3300 | G53: =F53/E53 -> 825 | I53: =AVERAGE(P53,U53,Z53,AE53,AJ53,AO53,AT53) -> 4 | J53: =AVERAGE(Q53,V53,AA53,AF53,AK53,AP53,AU53) -> 2936.8791 | K53: =AVERAGE(R53,W53,AB53,AG53,AL53,AQ53,AV53) -> 734.21977 | M53: =RANK(K53, K$45:$K$77) -> 19 | P53: 4 | Q53: 2934.0214 | R53: =IFERROR(Q53/P53,"") -> 733.50536 | S53: =RANK(R53, R$45:R$77) -> 19 | U53: 4 | V53: 2936.16 | W53: =IFERROR(V53/U53,"") -> 734.04 | X53: =RANK(W53, W$45:W$77) -> 18 | Z53: 4 | AA53: 2936.7609 | AB53: =IFERROR(AA53/Z53,"") -> 734.19023 | AC53: =RANK(AB53, AB$45:AB$77) -> 18 | AE53: 4 | AF53: 2936.6246 | AG53: =IFERROR(AF53/AE53,"") -> 734.15614 | AH53: =RANK(AG53, AG$45:AG$77) -> 19 | AJ53: 4 | AK53: 2938.0863 | AL53: =IFERROR(AK53/AJ53,"") -> 734.52158 | AM53: =RANK(AL53, AL$45:AL$77) -> 19 | AO53: 4 | AP53: 2937.9637 | AQ53: =IFERROR(AP53/AO53,"") -> 734.49092 | AR53: =RANK(AQ53, AQ$45:AQ$77) -> 19 | AT53: 4 | AU53: 2938.5366 | AV53: =IFERROR(AU53/AT53,"") -> 734.63415 | AW53: =RANK(AV53, AV$45:AV$77) -> 18
C54: 10 | D54: 一配照燒雞肉飯糰 | E54: 4 | F54: 3300 | G54: =F54/E54 -> 825 | I54: =AVERAGE(P54,U54,Z54,AE54,AJ54,AO54,AT54) -> 4 | J54: =AVERAGE(Q54,V54,AA54,AF54,AK54,AP54,AU54) -> 2967.522 | K54: =AVERAGE(R54,W54,AB54,AG54,AL54,AQ54,AV54) -> 741.88051 | M54: =RANK(K54, K$45:$K$77) -> 14 | P54: 4 | Q54: 2968.4211 | R54: =IFERROR(Q54/P54,"") -> 742.10526 | S54: =RANK(R54, R$45:R$77) -> 14 | U54: 4 | V54: 2968.5522 | W54: =IFERROR(V54/U54,"") -> 742.13804 | X54: =RANK(W54, W$45:W$77) -> 14 | Z54: 4 | AA54: 2968.2451 | AB54: =IFERROR(AA54/Z54,"") -> 742.06128 | AC54: =RANK(AB54, AB$45:AB$77) -> 14 | AE54: 4 | AF54: 2967.1233 | AG54: =IFERROR(AF54/AE54,"") -> 741.78082 | AH54: =RANK(AG54, AG$45:AG$77) -> 14 | AJ54: 4 | AK54: 2966.0934 | AL54: =IFERROR(AK54/AJ54,"") -> 741.52334 | AM54: =RANK(AL54, AL$45:AL$77) -> 14 | AO54: 4 | AP54: 2967.3946 | AQ54: =IFERROR(AP54/AO54,"") -> 741.84865 | AR54: =RANK(AQ54, AQ$45:AQ$77) -> 14 | AT54: 4 | AU54: 2966.8246 | AV54: =IFERROR(AU54/AT54,"") -> 741.70616 | AW54: =RANK(AV54, AV$45:AV$77) -> 14
C55: 11 | D55: 一配經典肉鬆飯糰 | E55: 3 | F55: 3000 | G55: =F55/E55 -> 1000 | I55: =AVERAGE(P55,U55,Z55,AE55,AJ55,AO55,AT55) -> 3 | J55: =AVERAGE(Q55,V55,AA55,AF55,AK55,AP55,AU55) -> 2693.4725 | K55: =AVERAGE(R55,W55,AB55,AG55,AL55,AQ55,AV55) -> 897.82417 | M55: =RANK(K55, K$45:$K$77) -> 11 | P55: 3 | Q55: 2693.465 | R55: =IFERROR(Q55/P55,"") -> 897.82167 | S55: =RANK(R55, R$45:R$77) -> 11 | U55: 3 | V55: 2693.1298 | W55: =IFERROR(V55/U55,"") -> 897.70992 | X55: =RANK(W55, W$45:W$77) -> 11 | Z55: 3 | AA55: 2693.5169 | AB55: =IFERROR(AA55/Z55,"") -> 897.83896 | AC55: =RANK(AB55, AB$45:AB$77) -> 11 | AE55: 3 | AF55: 2693.5421 | AG55: =IFERROR(AF55/AE55,"") -> 897.84736 | AH55: =RANK(AG55, AG$45:AG$77) -> 10 | AJ55: 3 | AK55: 2693.4706 | AL55: =IFERROR(AK55/AJ55,"") -> 897.82354 | AM55: =RANK(AL55, AL$45:AL$77) -> 11 | AO55: 3 | AP55: 2693.5361 | AQ55: =IFERROR(AP55/AO55,"") -> 897.84537 | AR55: =RANK(AQ55, AQ$45:AQ$77) -> 11 | AT55: 3 | AU55: 2693.6471 | AV55: =IFERROR(AU55/AT55,"") -> 897.88235 | AW55: =RANK(AV55, AV$45:AV$77) -> 11
C56: 12 | D56: 一配兩粒飯糰(鮪魚.焦糖鮭魚) | E56: 12 | F56: 3600 | G56: =F56/E56 -> 300 | I56: =AVERAGE(P56,U56,Z56,AE56,AJ56,AO56,AT56) -> 12 | J56: =AVERAGE(Q56,V56,AA56,AF56,AK56,AP56,AU56) -> 3125.3274 | K56: =AVERAGE(R56,W56,AB56,AG56,AL56,AQ56,AV56) -> 260.44395 | M56: =RANK(K56, K$45:$K$77) -> 30 | P56: 12 | Q56: 3125.1443 | R56: =IFERROR(Q56/P56,"") -> 260.42869 | S56: =RANK(R56, R$45:R$77) -> 30 | U56: 12 | V56: 3125.194 | W56: =IFERROR(V56/U56,"") -> 260.43283 | X56: =RANK(W56, W$45:W$77) -> 30 | Z56: 12 | AA56: 3126.0238 | AB56: =IFERROR(AA56/Z56,"") -> 260.50198 | AC56: =RANK(AB56, AB$45:AB$77) -> 29 | AE56: 12 | AF56: 3126.097 | AG56: =IFERROR(AF56/AE56,"") -> 260.50808 | AH56: =RANK(AG56, AG$45:AG$77) -> 29 | AJ56: 12 | AK56: 3124.8514 | AL56: =IFERROR(AK56/AJ56,"") -> 260.40428 | AM56: =RANK(AL56, AL$45:AL$77) -> 30 | AO56: 12 | AP56: 3124.9395 | AQ56: =IFERROR(AP56/AO56,"") -> 260.41162 | AR56: =RANK(AQ56, AQ$45:AQ$77) -> 30 | AT56: 12 | AU56: 3125.042 | AV56: =IFERROR(AU56/AT56,"") -> 260.42017 | AW56: =RANK(AV56, AV$45:AV$77) -> 30
C57: 13 | D57: 一配鮭魚奶油醬油飯糰 | E57: 3 | F57: 3300 | G57: =F57/E57 -> 1100 | I57: =AVERAGE(P57,U57,Z57,AE57,AJ57,AO57,AT57) -> 3 | J57: =AVERAGE(Q57,V57,AA57,AF57,AK57,AP57,AU57) -> 2964.7677 | K57: =AVERAGE(R57,W57,AB57,AG57,AL57,AQ57,AV57) -> 988.25588 | M57: =RANK(K57, K$45:$K$77) -> 8 | P57: 3 | Q57: 2963.783 | R57: =IFERROR(Q57/P57,"") -> 987.92765 | S57: =RANK(R57, R$45:R$77) -> 8 | U57: 3 | V57: 2964.137 | W57: =IFERROR(V57/U57,"") -> 988.04567 | X57: =RANK(W57, W$45:W$77) -> 8 | Z57: 3 | AA57: 2964.3493 | AB57: =IFERROR(AA57/Z57,"") -> 988.11643 | AC57: =RANK(AB57, AB$45:AB$77) -> 8 | AE57: 3 | AF57: 2964.9662 | AG57: =IFERROR(AF57/AE57,"") -> 988.32207 | AH57: =RANK(AG57, AG$45:AG$77) -> 8 | AJ57: 3 | AK57: 2965.1118 | AL57: =IFERROR(AK57/AJ57,"") -> 988.37061 | AM57: =RANK(AL57, AL$45:AL$77) -> 8 | AO57: 3 | AP57: 2965.3311 | AQ57: =IFERROR(AP57/AO57,"") -> 988.44369 | AR57: =RANK(AQ57, AQ$45:AQ$77) -> 8 | AT57: 3 | AU57: 2965.6952 | AV57: =IFERROR(AU57/AT57,"") -> 988.56507 | AW57: =RANK(AV57, AV$45:AV$77) -> 8
... C74: 30 | D74: 二配兩粒飯糰(鮪魚.焦糖鮭魚) | E74: 12 | F74: 3600 | G74: =F74/E74 -> 300 | I74: =AVERAGE(P74,U74,Z74,AE74,AJ74,AO74,AT74) -> 12 | J74: =AVERAGE(Q74,V74,AA74,AF74,AK74,AP74,AU74) -> 3125.5739 | K74: =AVERAGE(R74,W74,AB74,AG74,AL74,AQ74,AV74) -> 260.46449 | M74: =RANK(K74, K$45:$K$77) -> 29 | P74: 12 | Q74: 3125.296 | R74: =IFERROR(Q74/P74,"") -> 260.44133 | S74: =RANK(R74, R$45:R$77) -> 29 | U74: 12 | V74: 3125.3829 | W74: =IFERROR(V74/U74,"") -> 260.44858 | X74: =RANK(W74, W$45:W$77) -> 29 | Z74: 12 | AA74: 3124.9071 | AB74: =IFERROR(AA74/Z74,"") -> 260.40892 | AC74: =RANK(AB74, AB$45:AB$77) -> 30 | AE74: 12 | AF74: 3124.9833 | AG74: =IFERROR(AF74/AE74,"") -> 260.41527 | AH74: =RANK(AG74, AG$45:AG$77) -> 30 | AJ74: 12 | AK74: 3125.9709 | AL74: =IFERROR(AK74/AJ74,"") -> 260.49757 | AM74: =RANK(AL74, AL$45:AL$77) -> 29 | AO74: 12 | AP74: 3125.6424 | AQ74: =IFERROR(AP74/AO74,"") -> 260.4702 | AR74: =RANK(AQ74, AQ$45:AQ$77) -> 29 | AT74: 12 | AU74: 3126.8346 | AV74: =IFERROR(AU74/AT74,"") -> 260.56955 | AW74: =RANK(AV74, AV$45:AV$77) -> 29
C75: 31
C76: 32
C77: 33
B78: 產線配置圖－每週更新(0310-0316) | N78: 資料繳交 | O78: 日期 | P78: =AT40+1 -> 46091 | U78: =P78+1 -> 46092 | Z78: =U78+1 -> 46093 | AE78: =Z78+1 -> 46094 | AJ78: =AE78+1 -> 46095 | AO78: =AJ78+1 -> 46096 | AT78: =AO78+1 -> 46097
P79: 46084 | U79: =U78 -> 46092 | Z79: =Z78 -> 46093 | AE79: =AE78 -> 46094 | AJ79: =AJ78 -> 46095 | AO79: =AO78 -> 46096 | AT79: =AT78 -> 46097
B80: 品群 | C80: 商品名稱 | E80: 計畫 | H80: 平均人時性 | I80: 實績 (週平均) | L80: 平均人時性 | M80: 排名 | O80: 日報 | P80: 實際 | T80: 平均人時性 | U80: 實際 | Y80: 平均人時性 | Z80: 實際 | AD80: 平均人時性 | AE80: 實際 | AI80: 平均人時性 | AJ80: 實際 | AN80: 平均人時性 | AO80: 實際 | AS80: 平均人時性 | AT80: 實際 | AX80: 平均人時性
E81: 產線配置圖 | I81: 產線配置圖 | P81: 生產實績 | U81: 生產實績 | Z81: 生產實績 | AE81: 生產實績 | AJ81: 生產實績 | AO81: 生產實績 | AT81: 生產實績
E82: 人數 | F82: 產能／時 | G82: 人時性 | I82: 人數 | J82: 產能／時 | K82: 人時性 | P82: 人數 | Q82: 產能／時 | R82: 人時性 | S82: 排名 | U82: 人數 | V82: 產能／時 | W82: 人時性 | X82: 排名 | Z82: 人數 | AA82: 產能／時 | AB82: 人時性 | AC82: 排名 | AE82: 人數 | AF82: 產能／時 | AG82: 人時性 | AH82: 排名 | AJ82: 人數 | AK82: 產能／時 | AL82: 人時性 | AM82: 排名 | AO82: 人數 | AP82: 產能／時 | AQ82: 人時性 | AR82: 排名 | AT82: 人數 | AU82: 產能／時 | AV82: 人時性 | AW82: 排名
B83: 18℃-飯糰 | C83: 1 | H83: =AVERAGE(G83:G115) -> #DIV/0! | L83: =IFERROR(AVERAGE(K83:K115),"-") -> - | M83: =RANK(K83, K$45:$K$77) -> #N/A
C84: 2 | M84: =RANK(K84, K$45:$K$77) -> #N/A
C85: 3 | M85: =RANK(K85, K$45:$K$77) -> #N/A
C86: 4 | M86: =RANK(K86, K$45:$K$77) -> #N/A
C87: 5 | M87: =RANK(K87, K$45:$K$77) -> #N/A
C88: 6 | M88: =RANK(K88, K$45:$K$77) -> #N/A
C89: 7 | M89: =RANK(K89, K$45:$K$77) -> #N/A
C90: 8 | M90: =RANK(K90, K$45:$K$77) -> #N/A
C91: 9 | M91: =RANK(K91, K$45:$K$77) -> #N/A
C92: 10 | M92: =RANK(K92, K$45:$K$77) -> #N/A
C93: 11 | M93: =RANK(K93, K$45:$K$77) -> #N/A
C94: 12 | M94: =RANK(K94, K$45:$K$77) -> #N/A
C95: 13 | M95: =RANK(K95, K$45:$K$77) -> #N/A
... C112: 30 | M112: =RANK(K112, K$45:$K$77) -> #N/A
C113: 31
C114: 32
C115: 33

Sheet （５-2）品群別人時生產性(18℃-壽司手卷)
B1: 3月平均人時性 | C1: =AVERAGE(L27,L47,L67,L87) -> 307.16311
B2: 產線配置圖－每週更新(0224-0302) | N2: 資料繳交 | O2: 日期 | P2: 46077 | U2: =P2+1 -> 46078 | Z2: =U2+1 -> 46079 | AE2: =Z2+1 -> 46080 | AJ2: =AE2+1 -> 46081 | AO2: =AJ2+1 -> 46082 | AT2: =AO2+1 -> 46083
P3: =P2 -> 46077 | U3: =U2 -> 46078 | Z3: =Z2 -> 46079 | AE3: =AE2 -> 46080 | AJ3: =AJ2 -> 46081 | AO3: =AO2 -> 46082 | AT3: =AT2 -> 46083
B4: 品群 | C4: 商品名稱 | E4: 計畫 | H4: 平均人時性 | I4: 實績 (週平均) | L4: 平均人時性 | M4: 排名 | O4: 日報 | P4: 實際 | T4: 平均人時性 | U4: 實際 | Y4: 平均人時性 | Z4: 實際 | AD4: 平均人時性 | AE4: 實際 | AI4: 平均人時性 | AJ4: 實際 | AN4: 平均人時性 | AO4: 實際 | AS4: 平均人時性 | AT4: 實際 | AX4: 平均人時性
E5: 產線配置圖 | I5: 產線配置圖 | P5: 生產實績 | U5: 生產實績 | Z5: 生產實績 | AE5: 生產實績 | AJ5: 生產實績 | AO5: 生產實績 | AT5: 生產實績
E6: 人數 | F6: 產能／時 | G6: 人時性 | I6: 人數 | J6: 產能／時 | K6: 人時性 | P6: 人數 | Q6: 產能／時 | R6: 人時性 | S6: 排名 | U6: 人數 | V6: 產能／時 | W6: 人時性 | X6: 排名 | Z6: 人數 | AA6: 產能／時 | AB6: 人時性 | AC6: 排名 | AE6: 人數 | AF6: 產能／時 | AG6: 人時性 | AH6: 排名 | AJ6: 人數 | AK6: 產能／時 | AL6: 人時性 | AM6: 排名 | AO6: 人數 | AP6: 產能／時 | AQ6: 人時性 | AR6: 排名 | AT6: 人數 | AU6: 產能／時 | AV6: 人時性 | AW6: 排名
B7: 18℃-壽司手卷 | C7: 1 | D7: 一配海饌雙手卷 | E7: 12 | F7: 3600 | G7: =F7/E7 -> 300 | H7: =AVERAGE(G7:G21) -> 340.15152 | I7: =AVERAGE(P7,U7,Z7,AE7,AJ7,AO7,AT7) -> 12 | J7: =AVERAGE(Q7,V7,AA7,AF7,AK7,AP7,AU7) -> 3140.3171 | K7: =AVERAGE(R7,W7,AB7,AG7,AL7,AQ7,AV7) -> 261.6931 | L7: =IFERROR(AVERAGE(K7:K21),"-") -> 300.55928 | M7: =RANK(K7, K$7:$K$21) -> 6 | P7: 12 | Q7: 3140.9573 | R7: =IFERROR(Q7/P7,"") -> 261.74644 | S7: =RANK(R7, R$7:R$21) -> 5 | T7: =AVERAGE(R7:R21) -> 300.56797 | U7: 12 | V7: 3140.1223 | W7: =IFERROR(V7/U7,"") -> 261.67686 | X7: =RANK(W7, W$7:W$21) -> 5 | Y7: =AVERAGE(W7:W21) -> 300.51268 | Z7: 12 | AA7: 3140.0531 | AB7: =IFERROR(AA7/Z7,"") -> 261.67109 | AC7: =RANK(AB7, AB$7:AB$21) -> 6 | AD7: =AVERAGE(AB7:AB21) -> 300.51455 | AE7: 12 | AF7: 3139.8496 | AG7: =IFERROR(AF7/AE7,"") -> 261.65414 | AH7: =RANK(AG7, AG$7:AG$21) -> 8 | AI7: =AVERAGE(AG7:AG21) -> 300.57598 | AJ7: 12 | AK7: 3140.5379 | AL7: =IFERROR(AK7/AJ7,"") -> 261.71149 | AM7: =RANK(AL7, AL$7:AL$21) -> 6 | AN7: =AVERAGE(AL7:AL21) -> 300.57533 | AO7: 12 | AP7: 3140.4522 | AQ7: =IFERROR(AP7/AO7,"") -> 261.70435 | AR7: =RANK(AQ7, AQ$7:AQ$21) -> 7 | AS7: =AVERAGE(AQ7:AQ21) -> 300.58262 | AT7: 12 | AU7: 3140.2477 | AV7: =IFERROR(AU7/AT7,"") -> 261.68731 | AW7: =RANK(AV7, AV$7:AV$21) -> 6 | AX7: =AVERAGE(AV7:AV21) -> 300.58583
C8: 2 | D8: 一配雙饗雙手卷 | E8: 12 | F8: 3600 | G8: =F8/E8 -> 300 | I8: =AVERAGE(P8,U8,Z8,AE8,AJ8,AO8,AT8) -> 12 | J8: =AVERAGE(Q8,V8,AA8,AF8,AK8,AP8,AU8) -> 3140.2426 | K8: =AVERAGE(R8,W8,AB8,AG8,AL8,AQ8,AV8) -> 261.68688 | M8: =RANK(K8, K$7:$K$21) -> 7 | P8: 12 | Q8: 3140.1254 | R8: =IFERROR(Q8/P8,"") -> 261.67712 | S8: =RANK(R8, R$7:R$21) -> 7 | U8: 12 | V8: 3139.8601 | W8: =IFERROR(V8/U8,"") -> 261.65501 | X8: =RANK(W8, W$7:W$21) -> 7 | Z8: 12 | AA8: 3139.6947 | AB8: =IFERROR(AA8/Z8,"") -> 261.64122 | AC8: =RANK(AB8, AB$7:AB$21) -> 8 | AE8: 12 | AF8: 3140.4255 | AG8: =IFERROR(AF8/AE8,"") -> 261.70213 | AH8: =RANK(AG8, AG$7:AG$21) -> 7 | AJ8: 12 | AK8: 3140.3473 | AL8: =IFERROR(AK8/AJ8,"") -> 261.69561 | AM8: =RANK(AL8, AL$7:AL$21) -> 8 | AO8: 12 | AP8: 3140.9125 | AQ8: =IFERROR(AP8/AO8,"") -> 261.74271 | AR8: =RANK(AQ8, AQ$7:AQ$21) -> 5 | AT8: 12 | AU8: 3140.3324 | AV8: =IFERROR(AU8/AT8,"") -> 261.69437 | AW8: =RANK(AV8, AV$7:AV$21) -> 5
C9: 3 | D9: 一配長野稻荷壽司 | E9: 11 | F9: 3600 | G9: =F9/E9 -> 327.27273 | I9: =AVERAGE(P9,U9,Z9,AE9,AJ9,AO9,AT9) -> 11 | J9: =AVERAGE(Q9,V9,AA9,AF9,AK9,AP9,AU9) -> 3176.7163 | K9: =AVERAGE(R9,W9,AB9,AG9,AL9,AQ9,AV9) -> 288.79239 | M9: =RANK(K9, K$7:$K$21) -> 3 | P9: 11 | Q9: 3175.8766 | R9: =IFERROR(Q9/P9,"") -> 288.71605 | S9: =RANK(R9, R$7:R$21) -> 3 | U9: 11 | V9: 3175.6588 | W9: =IFERROR(V9/U9,"") -> 288.69626 | X9: =RANK(W9, W$7:W$21) -> 3 | Z9: 11 | AA9: 3175.6345 | AB9: =IFERROR(AA9/Z9,"") -> 288.69405 | AC9: =RANK(AB9, AB$7:AB$21) -> 3 | AE9: 11 | AF9: 3176.5933 | AG9: =IFERROR(AF9/AE9,"") -> 288.78121 | AH9: =RANK(AG9, AG$7:AG$21) -> 3 | AJ9: 11 | AK9: 3176.989 | AL9: =IFERROR(AK9/AJ9,"") -> 288.81718 | AM9: =RANK(AL9, AL$7:AL$21) -> 3 | AO9: 11 | AP9: 3177.6727 | AQ9: =IFERROR(AP9/AO9,"") -> 288.87933 | AR9: =RANK(AQ9, AQ$7:AQ$21) -> 3 | AT9: 11 | AU9: 3178.5893 | AV9: =IFERROR(AU9/AT9,"") -> 288.96266 | AW9: =RANK(AV9, AV$7:AV$21) -> 3
C10: 4 | D10: 一配經典鮪魚沙拉細卷 | E10: 6 | F10: 2600 | G10: =F10/E10 -> 433.33333 | I10: =AVERAGE(P10,U10,Z10,AE10,AJ10,AO10,AT10) -> 6 | J10: =AVERAGE(Q10,V10,AA10,AF10,AK10,AP10,AU10) -> 2340.7792 | K10: =AVERAGE(R10,W10,AB10,AG10,AL10,AQ10,AV10) -> 390.12986 | M10: =RANK(K10, K$7:$K$21) -> 1 | P10: 6 | Q10: 2342.001 | R10: =IFERROR(Q10/P10,"") -> 390.33349 | S10: =RANK(R10, R$7:R$21) -> 1 | U10: 6 | V10: 2340.7837 | W10: =IFERROR(V10/U10,"") -> 390.13062 | X10: =RANK(W10, W$7:W$21) -> 1 | Z10: 6 | AA10: 2340.5438 | AB10: =IFERROR(AA10/Z10,"") -> 390.09063 | AC10: =RANK(AB10, AB$7:AB$21) -> 1 | AE10: 6 | AF10: 2340.5438 | AG10: =IFERROR(AF10/AE10,"") -> 390.09063 | AH10: =RANK(AG10, AG$7:AG$21) -> 2 | AJ10: 6 | AK10: 2340.2359 | AL10: =IFERROR(AK10/AJ10,"") -> 390.03932 | AM10: =RANK(AL10, AL$7:AL$21) -> 2 | AO10: 6 | AP10: 2340.5622 | AQ10: =IFERROR(AP10/AO10,"") -> 390.09371 | AR10: =RANK(AQ10, AQ$7:AQ$21) -> 2 | AT10: 6 | AU10: 2340.7837 | AV10: =IFERROR(AU10/AT10,"") -> 390.13062 | AW10: =RANK(AV10, AV$7:AV$21) -> 1
C11: 5 | D11: 一配雙鬆細卷 | E11: 6 | F11: 2600 | G11: =F11/E11 -> 433.33333 | I11: =AVERAGE(P11,U11,Z11,AE11,AJ11,AO11,AT11) -> 6 | J11: =AVERAGE(Q11,V11,AA11,AF11,AK11,AP11,AU11) -> 2340.475 | K11: =AVERAGE(R11,W11,AB11,AG11,AL11,AQ11,AV11) -> 390.07917 | M11: =RANK(K11, K$7:$K$21) -> 2 | P11: 6 | Q11: 2340.316 | R11: =IFERROR(Q11/P11,"") -> 390.05266 | S11: =RANK(R11, R$7:R$21) -> 2 | U11: 6 | V11: 2340.2135 | W11: =IFERROR(V11/U11,"") -> 390.03559 | X11: =RANK(W11, W$7:W$21) -> 2 | Z11: 6 | AA11: 2340 | AB11: =IFERROR(AA11/Z11,"") -> 390 | AC11: =RANK(AB11, AB$7:AB$21) -> 2 | AE11: 6 | AF11: 2341.0557 | AG11: =IFERROR(AF11/AE11,"") -> 390.17595 | AH11: =RANK(AG11, AG$7:AG$21) -> 1 | AJ11: 6 | AK11: 2340.8724 | AL11: =IFERROR(AK11/AJ11,"") -> 390.1454 | AM11: =RANK(AL11, AL$7:AL$21) -> 1 | AO11: 6 | AP11: 2340.8677 | AQ11: =IFERROR(AP11/AO11,"") -> 390.14462 | AR11: =RANK(AQ11, AQ$7:AQ$21) -> 1 | AT11: 6 | AU11: 2340 | AV11: =IFERROR(AU11/AT11,"") -> 390 | AW11: =RANK(AV11, AV$7:AV$21) -> 2
C12: 6 | D12: 二配海饌雙手卷 | E12: 12 | F12: 3600 | G12: =F12/E12 -> 300 | I12: =AVERAGE(P12,U12,Z12,AE12,AJ12,AO12,AT12) -> 12 | J12: =AVERAGE(Q12,V12,AA12,AF12,AK12,AP12,AU12) -> 3140.4785 | K12: =AVERAGE(R12,W12,AB12,AG12,AL12,AQ12,AV12) -> 261.70654 | M12: =RANK(K12, K$7:$K$21) -> 5 | P12: 12 | Q12: 3140.9041 | R12: =IFERROR(Q12/P12,"") -> 261.74201 | S12: =RANK(R12, R$7:R$21) -> 6 | U12: 12 | V12: 3140.0943 | W12: =IFERROR(V12/U12,"") -> 261.67453 | X12: =RANK(W12, W$7:W$21) -> 6 | Z12: 12 | AA12: 3140.6725 | AB12: =IFERROR(AA12/Z12,"") -> 261.72271 | AC12: =RANK(AB12, AB$7:AB$21) -> 5 | AE12: 12 | AF12: 3140.7549 | AG12: =IFERROR(AF12/AE12,"") -> 261.72957 | AH12: =RANK(AG12, AG$7:AG$21) -> 5 | AJ12: 12 | AK12: 3140.5354 | AL12: =IFERROR(AK12/AJ12,"") -> 261.71128 | AM12: =RANK(AL12, AL$7:AL$21) -> 7 | AO12: 12 | AP12: 3140.6032 | AQ12: =IFERROR(AP12/AO12,"") -> 261.71694 | AR12: =RANK(AQ12, AQ$7:AQ$21) -> 6 | AT12: 12 | AU12: 3139.7849 | AV12: =IFERROR(AU12/AT12,"") -> 261.64875 | AW12: =RANK(AV12, AV$7:AV$21) -> 7
C13: 7 | D13: 二配雙饗雙手卷 | E13: 12 | F13: 3600 | G13: =F13/E13 -> 300 | I13: =AVERAGE(P13,U13,Z13,AE13,AJ13,AO13,AT13) -> 12 | J13: =AVERAGE(Q13,V13,AA13,AF13,AK13,AP13,AU13) -> 3140.1752 | K13: =AVERAGE(R13,W13,AB13,AG13,AL13,AQ13,AV13) -> 261.68127 | M13: =RANK(K13, K$7:$K$21) -> 8 | P13: 12 | Q13: 3139.6196 | R13: =IFERROR(Q13/P13,"") -> 261.63497 | S13: =RANK(R13, R$7:R$21) -> 8 | U13: 12 | V13: 3139.5172 | W13: =IFERROR(V13/U13,"") -> 261.62643 | X13: =RANK(W13, W$7:W$21) -> 8 | Z13: 12 | AA13: 3139.8902 | AB13: =IFERROR(AA13/Z13,"") -> 261.65751 | AC13: =RANK(AB13, AB$7:AB$21) -> 7 | AE13: 12 | AF13: 3140.7486 | AG13: =IFERROR(AF13/AE13,"") -> 261.72905 | AH13: =RANK(AG13, AG$7:AG$21) -> 6 | AJ13: 12 | AK13: 3142.0969 | AL13: =IFERROR(AK13/AJ13,"") -> 261.84141 | AM13: =RANK(AL13, AL$7:AL$21) -> 5 | AO13: 12 | AP13: 3139.6771 | AQ13: =IFERROR(AP13/AO13,"") -> 261.63976 | AR13: =RANK(AQ13, AQ$7:AQ$21) -> 8 | AT13: 12 | AU13: 3139.6771 | AV13: =IFERROR(AU13/AT13,"") -> 261.63976 | AW13: =RANK(AV13, AV$7:AV$21) -> 8
C14: 8 | D14: 二配長野稻荷壽司 | E14: 11 | F14: 3600 | G14: =F14/E14 -> 327.27273 | I14: =AVERAGE(P14,U14,Z14,AE14,AJ14,AO14,AT14) -> 11 | J14: =AVERAGE(Q14,V14,AA14,AF14,AK14,AP14,AU14) -> 3175.7553 | K14: =AVERAGE(R14,W14,AB14,AG14,AL14,AQ14,AV14) -> 288.70502 | M14: =RANK(K14, K$7:$K$21) -> 4 | P14: 11 | Q14: 3175.0515 | R14: =IFERROR(Q14/P14,"") -> 288.64105 | S14: =RANK(R14, R$7:R$21) -> 4 | U14: 11 | V14: 3174.6674 | W14: =IFERROR(V14/U14,"") -> 288.60613 | X14: =RANK(W14, W$7:W$21) -> 4 | Z14: 11 | AA14: 3175.0309 | AB14: =IFERROR(AA14/Z14,"") -> 288.63917 | AC14: =RANK(AB14, AB$7:AB$21) -> 4 | AE14: 11 | AF14: 3176.1966 | AG14: =IFERROR(AF14/AE14,"") -> 288.74515 | AH14: =RANK(AG14, AG$7:AG$21) -> 4 | AJ14: 11 | AK14: 3175.0503 | AL14: =IFERROR(AK14/AJ14,"") -> 288.64094 | AM14: =RANK(AL14, AL$7:AL$21) -> 4 | AO14: 11 | AP14: 3176.1352 | AQ14: =IFERROR(AP14/AO14,"") -> 288.73956 | AR14: =RANK(AQ14, AQ$7:AQ$21) -> 4 | AT14: 11 | AU14: 3178.1548 | AV14: =IFERROR(AU14/AT14,"") -> 288.92317 | AW14: =RANK(AV14, AV$7:AV$21) -> 4
C15: 9
C16: 10
C17: 11
C18: 12
C19: 13
C20: 14
C21: 15
B22: 產線配置圖－每週更新(0303-0309) | N22: 資料繳交 | O22: 日期 | P22: 46084 | U22: 46085 | Z22: 46086 | AE22: 46087 | AJ22: 46088 | AO22: 46089 | AT22: 46090
P23: 46084 | U23: 46085 | Z23: 46086 | AE23: 46087 | AJ23: 46088 | AO23: 46089 | AT23: 46090
B24: 品群 | C24: 商品名稱 | E24: 計畫 | H24: 平均人時性 | I24: 實績 (週平均) | L24: 平均人時性 | M24: 排名 | O24: 日報 | P24: 實際 | T24: 平均人時性 | U24: 實際 | Y24: 平均人時性 | Z24: 實際 | AD24: 平均人時性 | AE24: 實際 | AI24: 平均人時性 | AJ24: 實際 | AN24: 平均人時性 | AO24: 實際 | AS24: 平均人時性 | AT24: 實際 | AX24: 平均人時性
E25: 產線配置圖 | I25: 產線配置圖 | P25: 生產實績 | U25: 生產實績 | Z25: 生產實績 | AE25: 生產實績 | AJ25: 生產實績 | AO25: 生產實績 | AT25: 生產實績
E26: 人數 | F26: 產能／時 | G26: 人時性 | I26: 人數 | J26: 產能／時 | K26: 人時性 | P26: 人數 | Q26: 產能／時 | R26: 人時性 | S26: 排名 | U26: 人數 | V26: 產能／時 | W26: 人時性 | X26: 排名 | Z26: 人數 | AA26: 產能／時 | AB26: 人時性 | AC26: 排名 | AE26: 人數 | AF26: 產能／時 | AG26: 人時性 | AH26: 排名 | AJ26: 人數 | AK26: 產能／時 | AL26: 人時性 | AM26: 排名 | AO26: 人數 | AP26: 產能／時 | AQ26: 人時性 | AR26: 排名 | AT26: 人數 | AU26: 產能／時 | AV26: 人時性 | AW26: 排名
B27: 18℃-壽司手卷 | C27: 1 | D27: 一配海饌雙手卷 | E27: 12 | F27: 3600 | G27: =F27/E27 -> 300 | H27: =AVERAGE(G27:G41) -> 348.6532 | I27: =AVERAGE(P27,U27,Z27,AE27,AJ27,AO27,AT27) -> 12 | J27: =AVERAGE(Q27,V27,AA27,AF27,AK27,AP27,AU27) -> 3140.7341 | K27: =AVERAGE(R27,W27,AB27,AG27,AL27,AQ27,AV27) -> 261.72784 | L27: =IFERROR(AVERAGE(K27:K41),"-") -> 307.16311 | M27: =RANK(K27, K$27:$K$41) -> 6 | P27: 12 | Q27: 3140.3659 | R27: =IFERROR(Q27/P27,"") -> 261.69716 | S27: =RANK(R27, R$27:R$41) -> 8 | T27: =AVERAGE(R27:R41) -> 304.82308 | U27: 12 | V27: 3139.8786 | W27: =IFERROR(V27/U27,"") -> 261.65655 | X27: =RANK(W27, W$27:W$41) -> 9 | Y27: =AVERAGE(W27:W41) -> 305.60738 | Z27: 12 | AA27: 3140.3374 | AB27: =IFERROR(AA27/Z27,"") -> 261.69479 | AC27: =RANK(AB27, AB$27:AB$41) -> 7 | AD27: =AVERAGE(AB27:AB41) -> 306.49669 | AE27: 12 | AF27: 3139.6469 | AG27: =IFERROR(AF27/AE27,"") -> 261.63724 | AH27: =RANK(AG27, AG$27:AG$41) -> 8 | AI27: =AVERAGE(AG27:AG41) -> 307.18151 | AJ27: 12 | AK27: 3140.7654 | AL27: =IFERROR(AK27/AJ27,"") -> 261.73045 | AM27: =RANK(AL27, AL$27:AL$41) -> 6 | AN27: =AVERAGE(AL27:AL41) -> 308.16429 | AO27: 12 | AP27: 3140.7568 | AQ27: =IFERROR(AP27/AO27,"") -> 261.72973 | AR27: =RANK(AQ27, AQ$27:AQ$41) -> 6 | AS27: =AVERAGE(AQ27:AQ41) -> 308.83414 | AT27: 12 | AU27: 3143.3875 | AV27: =IFERROR(AU27/AT27,"") -> 261.94896 | AW27: =RANK(AV27, AV$27:AV$41) -> 6 | AX27: =AVERAGE(AV27:AV41) -> 309.03465
C28: 2 | D28: 一配雙饗雙手卷 | E28: 12 | F28: 3600 | G28: =F28/E28 -> 300 | I28: =AVERAGE(P28,U28,Z28,AE28,AJ28,AO28,AT28) -> 12 | J28: =AVERAGE(Q28,V28,AA28,AF28,AK28,AP28,AU28) -> 3140.5926 | K28: =AVERAGE(R28,W28,AB28,AG28,AL28,AQ28,AV28) -> 261.71605 | M28: =RANK(K28, K$27:$K$41) -> 7 | P28: 12 | Q28: 3140.6172 | R28: =IFERROR(Q28/P28,"") -> 261.7181 | S28: =RANK(R28, R$27:R$41) -> 6 | U28: 12 | V28: 3140.6001 | W28: =IFERROR(V28/U28,"") -> 261.71667 | X28: =RANK(W28, W$27:W$41) -> 7 | Z28: 12 | AA28: 3140.6135 | AB28: =IFERROR(AA28/Z28,"") -> 261.71779 | AC28: =RANK(AB28, AB$27:AB$41) -> 6 | AE28: 12 | AF28: 3140.3366 | AG28: =IFERROR(AF28/AE28,"") -> 261.69472 | AH28: =RANK(AG28, AG$27:AG$41) -> 6 | AJ28: 12 | AK28: 3140.1538 | AL28: =IFERROR(AK28/AJ28,"") -> 261.67948 | AM28: =RANK(AL28, AL$27:AL$41) -> 9 | AO28: 12 | AP28: 3140.6065 | AQ28: =IFERROR(AP28/AO28,"") -> 261.71721 | AR28: =RANK(AQ28, AQ$27:AQ$41) -> 7 | AT28: 12 | AU28: 3141.2204 | AV28: =IFERROR(AU28/AT28,"") -> 261.76837 | AW28: =RANK(AV28, AV$27:AV$41) -> 9
C29: 3 | D29: 一配長野稻荷壽司 | E29: 11 | F29: 3600 | G29: =F29/E29 -> 327.27273 | I29: =AVERAGE(P29,U29,Z29,AE29,AJ29,AO29,AT29) -> 11 | J29: =AVERAGE(Q29,V29,AA29,AF29,AK29,AP29,AU29) -> 3179.5742 | K29: =AVERAGE(R29,W29,AB29,AG29,AL29,AQ29,AV29) -> 289.0522 | M29: =RANK(K29, K$27:$K$41) -> 4 | P29: 11 | Q29: 3179.1711 | R29: =IFERROR(Q29/P29,"") -> 289.01555 | S29: =RANK(R29, R$27:R$41) -> 4 | U29: 11 | V29: 3178.743 | W29: =IFERROR(V29/U29,"") -> 288.97663 | X29: =RANK(W29, W$27:W$41) -> 4 | Z29: 11 | AA29: 3179.3175 | AB29: =IFERROR(AA29/Z29,"") -> 289.02886 | AC29: =RANK(AB29, AB$27:AB$41) -> 4 | AE29: 11 | AF29: 3180.212 | AG29: =IFERROR(AF29/AE29,"") -> 289.11018 | AH29: =RANK(AG29, AG$27:AG$41) -> 4 | AJ29: 11 | AK29: 3179.8193 | AL29: =IFERROR(AK29/AJ29,"") -> 289.07448 | AM29: =RANK(AL29, AL$27:AL$41) -> 4 | AO29: 11 | AP29: 3179.822 | AQ29: =IFERROR(AP29/AO29,"") -> 289.07472 | AR29: =RANK(AQ29, AQ$27:AQ$41) -> 4 | AT29: 11 | AU29: 3179.9346 | AV29: =IFERROR(AU29/AT29,"") -> 289.08496 | AW29: =RANK(AV29, AV$27:AV$41) -> 4
C30: 4 | D30: 一配經典鮪魚沙拉細卷 | E30: 6 | F30: 2600 | G30: =F30/E30 -> 433.33333 | I30: =AVERAGE(P30,U30,Z30,AE30,AJ30,AO30,AT30) -> 6 | J30: =AVERAGE(Q30,V30,AA30,AF30,AK30,AP30,AU30) -> 2340.503 | K30: =AVERAGE(R30,W30,AB30,AG30,AL30,AQ30,AV30) -> 390.08383 | M30: =RANK(K30, K$27:$K$41) -> 1 | P30: 6 | Q30: 2340.3543 | R30: =IFERROR(Q30/P30,"") -> 390.05906 | S30: =RANK(R30, R$27:R$41) -> 1 | U30: 6 | V30: 2340.6844 | W30: =IFERROR(V30/U30,"") -> 390.11407 | X30: =RANK(W30, W$27:W$41) -> 1 | Z30: 6 | AA30: 2340.5352 | AB30: =IFERROR(AA30/Z30,"") -> 390.0892 | AC30: =RANK(AB30, AB$27:AB$41) -> 1 | AE30: 6 | AF30: 2339.8654 | AG30: =IFERROR(AF30/AE30,"") -> 389.97756 | AH30: =RANK(AG30, AG$27:AG$41) -> 1 | AJ30: 6 | AK30: 2340.9685 | AL30: =IFERROR(AK30/AJ30,"") -> 390.16141 | AM30: =RANK(AL30, AL$27:AL$41) -> 1 | AO30: 6 | AP30: 2340.2635 | AQ30: =IFERROR(AP30/AO30,"") -> 390.04392 | AR30: =RANK(AQ30, AQ$27:AQ$41) -> 1 | AT30: 6 | AU30: 2340.8495 | AV30: =IFERROR(AU30/AT30,"") -> 390.14158 | AW30: =RANK(AV30, AV$27:AV$41) -> 1
C31: 5 | D31: 一配雙鬆細卷 | E31: 6 | F31: 2600 | G31: =F31/E31 -> 433.33333 | I31: =AVERAGE(P31,U31,Z31,AE31,AJ31,AO31,AT31) -> 6 | J31: =AVERAGE(Q31,V31,AA31,AF31,AK31,AP31,AU31) -> 2339.4672 | K31: =AVERAGE(R31,W31,AB31,AG31,AL31,AQ31,AV31) -> 389.91121 | M31: =RANK(K31, K$27:$K$41) -> 2 | P31: 6 | Q31: 2339.5466 | R31: =IFERROR(Q31/P31,"") -> 389.92443 | S31: =RANK(R31, R$27:R$41) -> 2 | U31: 6 | V31: 2339.7924 | W31: =IFERROR(V31/U31,"") -> 389.9654 | X31: =RANK(W31, W$27:W$41) -> 2 | Z31: 6 | AA31: 2339.6768 | AB31: =IFERROR(AA31/Z31,"") -> 389.94614 | AC31: =RANK(AB31, AB$27:AB$41) -> 2 | AE31: 6 | AF31: 2339.3728 | AG31: =IFERROR(AF31/AE31,"") -> 389.89547 | AH31: =RANK(AG31, AG$27:AG$41) -> 2 | AJ31: 6 | AK31: 2339.6584 | AL31: =IFERROR(AK31/AJ31,"") -> 389.94307 | AM31: =RANK(AL31, AL$27:AL$41) -> 2 | AO31: 6 | AP31: 2339.2405 | AQ31: =IFERROR(AP31/AO31,"") -> 389.87342 | AR31: =RANK(AQ31, AQ$27:AQ$41) -> 2 | AT31: 6 | AU31: 2338.9831 | AV31: =IFERROR(AU31/AT31,"") -> 389.83051 | AW31: =RANK(AV31, AV$27:AV$41) -> 2
C32: 6 | D32: 一配日式鮪魚美乃滋脆卷 | E32: 6 | F32: 2500 | G32: =F32/E32 -> 416.66667 | I32: =AVERAGE(P32,U32,Z32,AE32,AJ32,AO32,AT32) -> 6 | J32: =AVERAGE(Q32,V32,AA32,AF32,AK32,AP32,AU32) -> 2157.9352 | K32: =AVERAGE(R32,W32,AB32,AG32,AL32,AQ32,AV32) -> 359.65586 | M32: =RANK(K32, K$27:$K$41) -> 3 | P32: 6 | Q32: 2032.1739 | R32: =IFERROR(Q32/P32,"") -> 338.69565 | S32: =RANK(R32, R$27:R$41) -> 3 | U32: 6 | V32: 2074.1028 | W32: =IFERROR(V32/U32,"") -> 345.6838 | X32: =RANK(W32, W$27:W$41) -> 3 | Z32: 6 | AA32: 2122.6087 | AB32: =IFERROR(AA32/Z32,"") -> 353.76812 | AC32: =RANK(AB32, AB$27:AB$41) -> 3 | AE32: 6 | AF32: 2161.1123 | AG32: =IFERROR(AF32/AE32,"") -> 360.18539 | AH32: =RANK(AG32, AG$27:AG$41) -> 3 | AJ32: 6 | AK32: 2211.2 | AL32: =IFERROR(AK32/AJ32,"") -> 368.53333 | AM32: =RANK(AL32, AL$27:AL$41) -> 3 | AO32: 6 | AP32: 2248.8222 | AQ32: =IFERROR(AP32/AO32,"") -> 374.8037 | AR32: =RANK(AQ32, AQ$27:AQ$41) -> 3 | AT32: 6 | AU32: 2255.5263 | AV32: =IFERROR(AU32/AT32,"") -> 375.92105 | AW32: =RANK(AV32, AV$27:AV$41) -> 3
C33: 7 | D33: 二配海饌雙手卷 | E33: 12 | F33: 3600 | G33: =F33/E33 -> 300 | I33: =AVERAGE(P33,U33,Z33,AE33,AJ33,AO33,AT33) -> 12 | J33: =AVERAGE(Q33,V33,AA33,AF33,AK33,AP33,AU33) -> 3140.4592 | K33: =AVERAGE(R33,W33,AB33,AG33,AL33,AQ33,AV33) -> 261.70493 | M33: =RANK(K33, K$27:$K$41) -> 8 | P33: 12 | Q33: 3140.4866 | R33: =IFERROR(Q33/P33,"") -> 261.70722 | S33: =RANK(R33, R$27:R$41) -> 7 | U33: 12 | V33: 3140.902 | W33: =IFERROR(V33/U33,"") -> 261.74184 | X33: =RANK(W33, W$27:W$41) -> 6 | Z33: 12 | AA33: 3139.8834 | AB33: =IFERROR(AA33/Z33,"") -> 261.65695 | AC33: =RANK(AB33, AB$27:AB$41) -> 9 | AE33: 12 | AF33: 3139.7516 | AG33: =IFERROR(AF33/AE33,"") -> 261.64596 | AH33: =RANK(AG33, AG$27:AG$41) -> 7 | AJ33: 12 | AK33: 3140.5084 | AL33: =IFERROR(AK33/AJ33,"") -> 261.70903 | AM33: =RANK(AL33, AL$27:AL$41) -> 7 | AO33: 12 | AP33: 3140.3287 | AQ33: =IFERROR(AP33/AO33,"") -> 261.69406 | AR33: =RANK(AQ33, AQ$27:AQ$41) -> 8 | AT33: 12 | AU33: 3141.3534 | AV33: =IFERROR(AU33/AT33,"") -> 261.77945 | AW33: =RANK(AV33, AV$27:AV$41) -> 8
C34: 8 | D34: 二配雙饗雙手卷 | E34: 12 | F34: 3600 | G34: =F34/E34 -> 300 | I34: =AVERAGE(P34,U34,Z34,AE34,AJ34,AO34,AT34) -> 12 | J34: =AVERAGE(Q34,V34,AA34,AF34,AK34,AP34,AU34) -> 3140.3481 | K34: =AVERAGE(R34,W34,AB34,AG34,AL34,AQ34,AV34) -> 261.69567 | M34: =RANK(K34, K$27:$K$41) -> 9 | P34: 12 | Q34: 3140.0084 | R34: =IFERROR(Q34/P34,"") -> 261.66736 | S34: =RANK(R34, R$27:R$41) -> 9 | U34: 12 | V34: 3140.4255 | W34: =IFERROR(V34/U34,"") -> 261.70213 | X34: =RANK(W34, W$27:W$41) -> 8 | Z34: 12 | AA34: 3140.1399 | AB34: =IFERROR(AA34/Z34,"") -> 261.67832 | AC34: =RANK(AB34, AB$27:AB$41) -> 8 | AE34: 12 | AF34: 3139.2978 | AG34: =IFERROR(AF34/AE34,"") -> 261.60815 | AH34: =RANK(AG34, AG$27:AG$41) -> 9 | AJ34: 12 | AK34: 3140.1611 | AL34: =IFERROR(AK34/AJ34,"") -> 261.68009 | AM34: =RANK(AL34, AL$27:AL$41) -> 8 | AO34: 12 | AP34: 3139.8005 | AQ34: =IFERROR(AP34/AO34,"") -> 261.65005 | AR34: =RANK(AQ34, AQ$27:AQ$41) -> 9 | AT34: 12 | AU34: 3142.6033 | AV34: =IFERROR(AU34/AT34,"") -> 261.88361 | AW34: =RANK(AV34, AV$27:AV$41) -> 7
C35: 9 | D35: 二配長野稻荷壽司 | E35: 11 | F35: 3600 | G35: =F35/E35 -> 327.27273 | I35: =AVERAGE(P35,U35,Z35,AE35,AJ35,AO35,AT35) -> 11 | J35: =AVERAGE(Q35,V35,AA35,AF35,AK35,AP35,AU35) -> 3178.124 | K35: =AVERAGE(R35,W35,AB35,AG35,AL35,AQ35,AV35) -> 288.92036 | M35: =RANK(K35, K$27:$K$41) -> 5 | P35: 11 | Q35: 3178.1548 | R35: =IFERROR(Q35/P35,"") -> 288.92317 | S35: =RANK(R35, R$27:R$41) -> 5 | U35: 11 | V35: 3178.0029 | W35: =IFERROR(V35/U35,"") -> 288.90935 | X35: =RANK(W35, W$27:W$41) -> 5 | Z35: 11 | AA35: 3177.7904 | AB35: =IFERROR(AA35/Z35,"") -> 288.89003 | AC35: =RANK(AB35, AB$27:AB$41) -> 5 | AE35: 11 | AF35: 3177.6678 | AG35: =IFERROR(AF35/AE35,"") -> 288.87889 | AH35: =RANK(AG35, AG$27:AG$41) -> 5 | AJ35: 11 | AK35: 3178.6394 | AL35: =IFERROR(AK35/AJ35,"") -> 288.96721 | AM35: =RANK(AL35, AL$27:AL$41) -> 5 | AO35: 11 | AP35: 3178.125 | AQ35: =IFERROR(AP35/AO35,"") -> 288.92045 | AR35: =RANK(AQ35, AQ$27:AQ$41) -> 5 | AT35: 11 | AU35: 3178.4874 | AV35: =IFERROR(AU35/AT35,"") -> 288.9534 | AW35: =RANK(AV35, AV$27:AV$41) -> 5
C36: 10
C37: 11
C38: 12
C39: 13
C40: 14
C41: 15
B42: 產線配置圖－每週更新(0310-0316) | N42: 資料繳交 | O42: 日期 | P42: =AT22+1 -> 46091 | U42: =P42+1 -> 46092 | Z42: =U42+1 -> 46093 | AE42: =Z42+1 -> 46094 | AJ42: =AE42+1 -> 46095 | AO42: =AJ42+1 -> 46096 | AT42: =AO42+1 -> 46097
P43: =P42 -> 46091 | U43: =U42 -> 46092 | Z43: =Z42 -> 46093 | AE43: =AE42 -> 46094 | AJ43: =AJ42 -> 46095 | AO43: =AO42 -> 46096 | AT43: =AT42 -> 46097
B44: 品群 | C44: 商品名稱 | E44: 計畫 | H44: 平均人時性 | I44: 實績 (週平均) | L44: 平均人時性 | M44: 排名 | O44: 日報 | P44: 實際 | T44: 平均人時性 | U44: 實際 | Y44: 平均人時性 | Z44: 實際 | AD44: 平均人時性 | AE44: 實際 | AI44: 平均人時性 | AJ44: 實際 | AN44: 平均人時性 | AO44: 實際 | AS44: 平均人時性 | AT44: 實際 | AX44: 平均人時性
E45: 產線配置圖 | I45: 產線配置圖 | P45: 生產實績 | U45: 生產實績 | Z45: 生產實績 | AE45: 生產實績 | AJ45: 生產實績 | AO45: 生產實績 | AT45: 生產實績
E46: 人數 | F46: 產能／時 | G46: 人時性 | I46: 人數 | J46: 產能／時 | K46: 人時性 | P46: 人數 | Q46: 產能／時 | R46: 人時性 | S46: 排名 | U46: 人數 | V46: 產能／時 | W46: 人時性 | X46: 排名 | Z46: 人數 | AA46: 產能／時 | AB46: 人時性 | AC46: 排名 | AE46: 人數 | AF46: 產能／時 | AG46: 人時性 | AH46: 排名 | AJ46: 人數 | AK46: 產能／時 | AL46: 人時性 | AM46: 排名 | AO46: 人數 | AP46: 產能／時 | AQ46: 人時性 | AR46: 排名 | AT46: 人數 | AU46: 產能／時 | AV46: 人時性 | AW46: 排名
B47: 18℃-壽司手卷 | C47: 1 | L47: =IFERROR(AVERAGE(K47:K61),"-") -> - | M47: =RANK(K47, K$47:$K$61) -> #N/A
C48: 2 | M48: =RANK(K48, K$47:$K$61) -> #N/A
C49: 3 | M49: =RANK(K49, K$47:$K$61) -> #N/A
C50: 4 | M50: =RANK(K50, K$47:$K$61) -> #N/A
C51: 5 | M51: =RANK(K51, K$47:$K$61) -> #N/A
C52: 6 | M52: =RANK(K52, K$47:$K$61) -> #N/A
C53: 7 | M53: =RANK(K53, K$47:$K$61) -> #N/A
C54: 8 | M54: =RANK(K54, K$47:$K$61) -> #N/A
C55: 9 | M55: =RANK(K55, K$47:$K$61) -> #N/A
C56: 10
C57: 11
C58: 12
C59: 13
C60: 14
C61: 15
B62: 產線配置圖－每週更新(0317-0323) | N62: 資料繳交 | O62: 日期 | P62: =AT42+1 -> 46098 | U62: =P62+1 -> 46099 | Z62: =U62+1 -> 46100 | AE62: =Z62+1 -> 46101 | AJ62: =AE62+1 -> 46102 | AO62: =AJ62+1 -> 46103 | AT62: =AO62+1 -> 46104
P63: =P62 -> 46098 | U63: =U62 -> 46099 | Z63: =Z62 -> 46100 | AE63: =AE62 -> 46101 | AJ63: =AJ62 -> 46102 | AO63: =AO62 -> 46103 | AT63: =AT62 -> 46104
B64: 品群 | C64: 商品名稱 | E64: 計畫 | H64: 平均人時性 | I64: 實績 (週平均) | L64: 平均人時性 | M64: 排名 | O64: 日報 | P64: 實際 | T64: 平均人時性 | U64: 實際 | Y64: 平均人時性 | Z64: 實際 | AD64: 平均人時性 | AE64: 實際 | AI64: 平均人時性 | AJ64: 實際 | AN64: 平均人時性 | AO64: 實際 | AS64: 平均人時性 | AT64: 實際 | AX64: 平均人時性
E65: 產線配置圖 | I65: 產線配置圖 | P65: 生產實績 | U65: 生產實績 | Z65: 生產實績 | AE65: 生產實績 | AJ65: 生產實績 | AO65: 生產實績 | AT65: 生產實績
E66: 人數 | F66: 產能／時 | G66: 人時性 | I66: 人數 | J66: 產能／時 | K66: 人時性 | P66: 人數 | Q66: 產能／時 | R66: 人時性 | S66: 排名 | U66: 人數 | V66: 產能／時 | W66: 人時性 | X66: 排名 | Z66: 人數 | AA66: 產能／時 | AB66: 人時性 | AC66: 排名 | AE66: 人數 | AF66: 產能／時 | AG66: 人時性 | AH66: 排名 | AJ66: 人數 | AK66: 產能／時 | AL66: 人時性 | AM66: 排名 | AO66: 人數 | AP66: 產能／時 | AQ66: 人時性 | AR66: 排名 | AT66: 人數 | AU66: 產能／時 | AV66: 人時性 | AW66: 排名
B67: 18℃-壽司手卷 | C67: 1 | L67: =IFERROR(AVERAGE(K67:K81),"-") -> - | M67: =RANK(K67, K$67:$K$81) -> #N/A
C68: 2 | M68: =RANK(K68, K$67:$K$81) -> #N/A
C69: 3 | M69: =RANK(K69, K$67:$K$81) -> #N/A
C70: 4 | M70: =RANK(K70, K$67:$K$81) -> #N/A
C71: 5 | M71: =RANK(K71, K$67:$K$81) -> #N/A
C72: 6 | M72: =RANK(K72, K$67:$K$81) -> #N/A
C73: 7 | M73: =RANK(K73, K$67:$K$81) -> #N/A
C74: 8 | M74: =RANK(K74, K$67:$K$81) -> #N/A
C75: 9
C76: 10
C77: 11
C78: 12
C79: 13
C80: 14
C81: 15
B82: 產線配置圖－每週更新(0324-0330) | N82: 資料繳交 | O82: 日期 | P82: =AT62+1 -> 46105 | U82: =P82+1 -> 46106 | Z82: =U82+1 -> 46107 | AE82: =Z82+1 -> 46108 | AJ82: =AE82+1 -> 46109 | AO82: =AJ82+1 -> 46110 | AT82: =AO82+1 -> 46111
P83: =P82 -> 46105 | U83: =U82 -> 46106 | Z83: =Z82 -> 46107 | AE83: =AE82 -> 46108 | AJ83: =AJ82 -> 46109 | AO83: =AO82 -> 46110 | AT83: =AT82 -> 46111
B84: 品群 | C84: 商品名稱 | E84: 計畫 | H84: 平均人時性 | I84: 實績 (週平均) | L84: 平均人時性 | M84: 排名 | O84: 日報 | P84: 實際 | T84: 平均人時性 | U84: 實際 | Y84: 平均人時性 | Z84: 實際 | AD84: 平均人時性 | AE84: 實際 | AI84: 平均人時性 | AJ84: 實際 | AN84: 平均人時性 | AO84: 實際 | AS84: 平均人時性 | AT84: 實際 | AX84: 平均人時性
E85: 產線配置圖 | I85: 產線配置圖 | P85: 生產實績 | U85: 生產實績 | Z85: 生產實績 | AE85: 生產實績 | AJ85: 生產實績 | AO85: 生產實績 | AT85: 生產實績
E86: 人數 | F86: 產能／時 | G86: 人時性 | I86: 人數 | J86: 產能／時 | K86: 人時性 | P86: 人數 | Q86: 產能／時 | R86: 人時性 | S86: 排名 | U86: 人數 | V86: 產能／時 | W86: 人時性 | X86: 排名 | Z86: 人數 | AA86: 產能／時 | AB86: 人時性 | AC86: 排名 | AE86: 人數 | AF86: 產能／時 | AG86: 人時性 | AH86: 排名 | AJ86: 人數 | AK86: 產能／時 | AL86: 人時性 | AM86: 排名 | AO86: 人數 | AP86: 產能／時 | AQ86: 人時性 | AR86: 排名 | AT86: 人數 | AU86: 產能／時 | AV86: 人時性 | AW86: 排名
B87: 18℃-壽司手卷 | C87: 1 | L87: =IFERROR(AVERAGE(K87:K101),"-") -> - | M87: =RANK(K87, K$87:$K$101) -> #N/A
C88: 2 | M88: =RANK(K88, K$87:$K$101) -> #N/A
C89: 3 | M89: =RANK(K89, K$87:$K$101) -> #N/A
C90: 4 | M90: =RANK(K90, K$87:$K$101) -> #N/A
C91: 5 | M91: =RANK(K91, K$87:$K$101) -> #N/A
C92: 6 | M92: =RANK(K92, K$87:$K$101) -> #N/A
C93: 7 | M93: =RANK(K93, K$87:$K$101) -> #N/A
C94: 8 | M94: =RANK(K94, K$87:$K$101) -> #N/A
C95: 9
C96: 10
C97: 11
C98: 12
C99: 13
C100: 14
...

Sheet （５-3）品群別人時生產性(4℃-飯糰)
B1: 3月平均人時性 | C1: =AVERAGE(L27,L47,L67,L87) -> 330.85325
B2: 產線配置圖－每週更新(0224-0302) | N2: 資料繳交 | O2: 日期 | P2: 46077 | U2: =P2+1 -> 46078 | Z2: =U2+1 -> 46079 | AE2: =Z2+1 -> 46080 | AJ2: =AE2+1 -> 46081 | AO2: =AJ2+1 -> 46082 | AT2: =AO2+1 -> 46083
P3: =P2 -> 46077 | U3: =U2 -> 46078 | Z3: =Z2 -> 46079 | AE3: =AE2 -> 46080 | AJ3: =AJ2 -> 46081 | AO3: =AO2 -> 46082 | AT3: =AT2 -> 46083
B4: 品群 | C4: 商品名稱 | E4: 計畫 | H4: 平均人時性 | I4: 實績 (週平均) | L4: 平均人時性 | M4: 排名 | O4: 日報 | P4: 實際 | T4: 平均人時性 | U4: 實際 | Y4: 平均人時性 | Z4: 實際 | AD4: 平均人時性 | AE4: 實際 | AI4: 平均人時性 | AJ4: 實際 | AN4: 平均人時性 | AO4: 實際 | AS4: 平均人時性 | AT4: 實際 | AX4: 平均人時性
E5: 產線配置圖 | I5: 產線配置圖 | P5: 生產實績 | U5: 生產實績 | Z5: 生產實績 | AE5: 生產實績 | AJ5: 生產實績 | AO5: 生產實績 | AT5: 生產實績
E6: 人數 | F6: 產能／時 | G6: 人時性 | I6: 人數 | J6: 產能／時 | K6: 人時性 | P6: 人數 | Q6: 產能／時 | R6: 人時性 | S6: 排名 | U6: 人數 | V6: 產能／時 | W6: 人時性 | X6: 排名 | Z6: 人數 | AA6: 產能／時 | AB6: 人時性 | AC6: 排名 | AE6: 人數 | AF6: 產能／時 | AG6: 人時性 | AH6: 排名 | AJ6: 人數 | AK6: 產能／時 | AL6: 人時性 | AM6: 排名 | AO6: 人數 | AP6: 產能／時 | AQ6: 人時性 | AR6: 排名 | AT6: 人數 | AU6: 產能／時 | AV6: 人時性 | AW6: 排名
B7: 4℃-飯糰 | C7: 1 | D7: 麻油雞飯糰 | E7: 21 | F7: 2790 | G7: =F7/E7 -> 132.85714 | H7: =AVERAGE(G7:G21) -> 366.42857 | I7: =AVERAGE(P7,U7,Z7,AE7,AJ7,AO7,AT7) -> 21.571429 | J7: =AVERAGE(Q7,V7,AA7,AF7,AK7,AP7,AU7) -> 2565.6297 | K7: =AVERAGE(R7,W7,AB7,AG7,AL7,AQ7,AV7) -> 118.92392 | L7: =IFERROR(AVERAGE(K7:K21),"-") -> 317.4626 | M7: =RANK(K7, K$7:$K$21) -> 2 | P7: 21 | Q7: 2484.0307 | R7: =IFERROR(Q7/P7,"") -> 118.28718 | S7: =RANK(R7, R$7:R$21) -> 2 | T7: =AVERAGE(R7:R21) -> 304.28101 | U7: 21 | V7: 2484.4528 | W7: =IFERROR(V7/U7,"") -> 118.30727 | X7: =RANK(W7, W$7:W$21) -> 2 | Y7: =AVERAGE(W7:W21) -> 308.32234 | Z7: 21 | AA7: 2483.9109 | AB7: =IFERROR(AA7/Z7,"") -> 118.28147 | AC7: =RANK(AB7, AB$7:AB$21) -> 2 | AD7: =AVERAGE(AB7:AB21) -> 312.29069 | AE7: 22 | AF7: 2626.4324 | AG7: =IFERROR(AF7/AE7,"") -> 119.38329 | AH7: =RANK(AG7, AG$7:AG$21) -> 2 | AI7: =AVERAGE(AG7:AG21) -> 317.37337 | AJ7: 22 | AK7: 2626.8595 | AL7: =IFERROR(AK7/AJ7,"") -> 119.4027 | AM7: =RANK(AL7, AL$7:AL$21) -> 2 | AN7: =AVERAGE(AL7:AL21) -> 322.13446 | AO7: 22 | AP7: 2626.7983 | AQ7: =IFERROR(AP7/AO7,"") -> 119.39992 | AR7: =RANK(AQ7, AQ$7:AQ$21) -> 2 | AS7: =AVERAGE(AQ7:AQ21) -> 327.38112 | AT7: 22 | AU7: 2626.9231 | AV7: =IFERROR(AU7/AT7,"") -> 119.40559 | AW7: =RANK(AV7, AV$7:AV$21) -> 2 | AX7: =AVERAGE(AV7:AV21) -> 330.45522
C8: 2 | D8: 蟹味可樂餅風炸飯糰 | E8: 6 | F8: 3600 | G8: =F8/E8 -> 600 | I8: =AVERAGE(P8,U8,Z8,AE8,AJ8,AO8,AT8) -> 6 | J8: =AVERAGE(Q8,V8,AA8,AF8,AK8,AP8,AU8) -> 3096.0077 | K8: =AVERAGE(R8,W8,AB8,AG8,AL8,AQ8,AV8) -> 516.00129 | M8: =RANK(K8, K$7:$K$21) -> 1 | P8: 6 | Q8: 2941.649 | R8: =IFERROR(Q8/P8,"") -> 490.27484 | S8: =RANK(R8, R$7:R$21) -> 1 | U8: 6 | V8: 2990.0244 | W8: =IFERROR(V8/U8,"") -> 498.33741 | X8: =RANK(W8, W$87:W$101) -> #N/A | Z8: 6 | AA8: 3037.7995 | AB8: =IFERROR(AA8/Z8,"") -> 506.29991 | AC8: =RANK(AB8, AB$7:AB$21) -> 1 | AE8: 6 | AF8: 3092.1807 | AG8: =IFERROR(AF8/AE8,"") -> 515.36346 | AH8: =RANK(AG8, AG$7:AG$21) -> 1 | AJ8: 6 | AK8: 3149.1973 | AL8: =IFERROR(AK8/AJ8,"") -> 524.86621 | AM8: =RANK(AL8, AL$7:AL$21) -> 1 | AO8: 6 | AP8: 3212.1739 | AQ8: =IFERROR(AP8/AO8,"") -> 535.36232 | AR8: =RANK(AQ8, AQ$7:AQ$21) -> 1 | AT8: 6 | AU8: 3249.0291 | AV8: =IFERROR(AU8/AT8,"") -> 541.50485 | AW8: =RANK(AV8, AV$7:AV$21) -> 1
C9: 3
C10: 4
C11: 5
C12: 6
C13: 7
C14: 8
C15: 9
C16: 10
C17: 11
C18: 12
C19: 13
C20: 14
C21: 15
B22: 產線配置圖－每週更新(0303-0309) | N22: 資料繳交 | O22: 日期 | P22: 46084 | U22: 46085 | Z22: 46086 | AE22: 46087 | AJ22: 46088 | AO22: 46089 | AT22: 46090
P23: 46084 | U23: 46085 | Z23: 46086 | AE23: 46087 | AJ23: 46088 | AO23: 46089 | AT23: 46090
B24: 品群 | C24: 商品名稱 | E24: 計畫 | H24: 平均人時性 | I24: 實績 (週平均) | L24: 平均人時性 | M24: 排名 | O24: 日報 | P24: 實際 | T24: 平均人時性 | U24: 實際 | Y24: 平均人時性 | Z24: 實際 | AD24: 平均人時性 | AE24: 實際 | AI24: 平均人時性 | AJ24: 實際 | AN24: 平均人時性 | AO24: 實際 | AS24: 平均人時性 | AT24: 實際 | AX24: 平均人時性
E25: 產線配置圖 | I25: 產線配置圖 | P25: 生產實績 | U25: 生產實績 | Z25: 生產實績 | AE25: 生產實績 | AJ25: 生產實績 | AO25: 生產實績 | AT25: 生產實績
E26: 人數 | F26: 產能／時 | G26: 人時性 | I26: 人數 | J26: 產能／時 | K26: 人時性 | P26: 人數 | Q26: 產能／時 | R26: 人時性 | S26: 排名 | U26: 人數 | V26: 產能／時 | W26: 人時性 | X26: 排名 | Z26: 人數 | AA26: 產能／時 | AB26: 人時性 | AC26: 排名 | AE26: 人數 | AF26: 產能／時 | AG26: 人時性 | AH26: 排名 | AJ26: 人數 | AK26: 產能／時 | AL26: 人時性 | AM26: 排名 | AO26: 人數 | AP26: 產能／時 | AQ26: 人時性 | AR26: 排名 | AT26: 人數 | AU26: 產能／時 | AV26: 人時性 | AW26: 排名
B27: 4℃-飯糰 | C27: 1 | D27: 麻油雞飯糰 | E27: 21 | F27: 2790 | G27: =F27/E27 -> 132.85714 | H27: =AVERAGE(G27:G41) -> 366.42857 | I27: =AVERAGE(P27,U27,Z27,AE27,AJ27,AO27,AT27) -> 22.142857 | J27: =AVERAGE(Q27,V27,AA27,AF27,AK27,AP27,AU27) -> 2655.128 | K27: =AVERAGE(R27,W27,AB27,AG27,AL27,AQ27,AV27) -> 119.86276 | L27: =IFERROR(AVERAGE(K27:K41),"-") -> 330.85325 | M27: =RANK(K27, K$27:$K$41) -> 2 | P27: 22 | Q27: 2627.23 | R27: =IFERROR(Q27/P27,"") -> 119.41955 | S27: =RANK(R27, R$27:R$41) -> 2 | T27: =AVERAGE(R27:R41) -> 330.51723 | U27: 22 | V27: 2626.9714 | W27: =IFERROR(V27/U27,"") -> 119.40779 | X27: =RANK(W27, W$27:W$41) -> 2 | Y27: =AVERAGE(W27:W41) -> 330.62551 | Z27: 23 | AA27: 2787.8293 | AB27: =IFERROR(AA27/Z27,"") -> 121.20997 | AC27: =RANK(AB27, AB$27:AB$41) -> 2 | AD27: =AVERAGE(AB27:AB41) -> 331.50909 | AE27: 23 | AF27: 2788.0795 | AG27: =IFERROR(AF27/AE27,"") -> 121.22085 | AH27: =RANK(AG27, AG$27:AG$41) -> 2 | AI27: =AVERAGE(AG27:AG41) -> 331.56969 | AJ27: 23 | AK27: 2787.3786 | AL27: =IFERROR(AK27/AJ27,"") -> 121.19038 | AM27: =RANK(AL27, AL$27:AL$41) -> 2 | AN27: =AVERAGE(AL27:AL41) -> 331.57935 | AO27: 21 | AP27: 2484.2264 | AQ27: =IFERROR(AP27/AO27,"") -> 118.2965 | AR27: =RANK(AQ27, AQ$27:AQ$41) -> 2 | AS27: =AVERAGE(AQ27:AQ41) -> 330.09588 | AT27: 21 | AU27: 2484.1804 | AV27: =IFERROR(AU27/AT27,"") -> 118.2943 | AW27: =RANK(AV27, AV$27:AV$41) -> 2 | AX27: =AVERAGE(AV27:AV41) -> 330.07598
C28: 2 | D28: 蟹味可樂餅風炸飯糰 | E28: 6 | F28: 3600 | G28: =F28/E28 -> 600 | I28: =AVERAGE(P28,U28,Z28,AE28,AJ28,AO28,AT28) -> 6 | J28: =AVERAGE(Q28,V28,AA28,AF28,AK28,AP28,AU28) -> 3251.0624 | K28: =AVERAGE(R28,W28,AB28,AG28,AL28,AQ28,AV28) -> 541.84373 | M28: =RANK(K28, K$27:$K$41) -> 1 | P28: 6 | Q28: 3249.6894 | R28: =IFERROR(Q28/P28,"") -> 541.61491 | S28: =RANK(R28, R$27:R$41) -> 1 | U28: 6 | V28: 3251.0593 | W28: =IFERROR(V28/U28,"") -> 541.84322 | X28: =RANK(W28, W$27:W$41) -> 1 | Z28: 6 | AA28: 3250.8493 | AB28: =IFERROR(AA28/Z28,"") -> 541.80822 | AC28: =RANK(AB28, AB$27:AB$41) -> 1 | AE28: 6 | AF28: 3251.5112 | AG28: =IFERROR(AF28/AE28,"") -> 541.91853 | AH28: =RANK(AG28, AG$27:AG$41) -> 1 | AJ28: 6 | AK28: 3251.81 | AL28: =IFERROR(AK28/AJ28,"") -> 541.96833 | AM28: =RANK(AL28, AL$27:AL$41) -> 1 | AO28: 6 | AP28: 3251.3716 | AQ28: =IFERROR(AP28/AO28,"") -> 541.89526 | AR28: =RANK(AQ28, AQ$27:AQ$41) -> 1 | AT28: 6 | AU28: 3251.146 | AV28: =IFERROR(AU28/AT28,"") -> 541.85766 | AW28: =RANK(AV28, AV$27:AV$41) -> 1
C29: 3
C30: 4
C31: 5
C32: 6
C33: 7
C34: 8
C35: 9
C36: 10
C37: 11
C38: 12
C39: 13
C40: 14
C41: 15
B42: 產線配置圖－每週更新(0310-0316) | N42: 資料繳交 | O42: 日期 | P42: =AT22+1 -> 46091 | U42: =P42+1 -> 46092 | Z42: =U42+1 -> 46093 | AE42: =Z42+1 -> 46094 | AJ42: =AE42+1 -> 46095 | AO42: =AJ42+1 -> 46096 | AT42: =AO42+1 -> 46097
P43: =P42 -> 46091 | U43: =U42 -> 46092 | Z43: =Z42 -> 46093 | AE43: =AE42 -> 46094 | AJ43: =AJ42 -> 46095 | AO43: =AO42 -> 46096 | AT43: =AT42 -> 46097
B44: 品群 | C44: 商品名稱 | E44: 計畫 | H44: 平均人時性 | I44: 實績 (週平均) | L44: 平均人時性 | M44: 排名 | O44: 日報 | P44: 實際 | T44: 平均人時性 | U44: 實際 | Y44: 平均人時性 | Z44: 實際 | AD44: 平均人時性 | AE44: 實際 | AI44: 平均人時性 | AJ44: 實際 | AN44: 平均人時性 | AO44: 實際 | AS44: 平均人時性 | AT44: 實際 | AX44: 平均人時性
E45: 產線配置圖 | I45: 產線配置圖 | P45: 生產實績 | U45: 生產實績 | Z45: 生產實績 | AE45: 生產實績 | AJ45: 生產實績 | AO45: 生產實績 | AT45: 生產實績
E46: 人數 | F46: 產能／時 | G46: 人時性 | I46: 人數 | J46: 產能／時 | K46: 人時性 | P46: 人數 | Q46: 產能／時 | R46: 人時性 | S46: 排名 | U46: 人數 | V46: 產能／時 | W46: 人時性 | X46: 排名 | Z46: 人數 | AA46: 產能／時 | AB46: 人時性 | AC46: 排名 | AE46: 人數 | AF46: 產能／時 | AG46: 人時性 | AH46: 排名 | AJ46: 人數 | AK46: 產能／時 | AL46: 人時性 | AM46: 排名 | AO46: 人數 | AP46: 產能／時 | AQ46: 人時性 | AR46: 排名 | AT46: 人數 | AU46: 產能／時 | AV46: 人時性 | AW46: 排名
B47: 4℃-飯糰 | C47: 1 | L47: =IFERROR(AVERAGE(K47:K61),"-") -> - | M47: =RANK(K47, K$47:$K$61) -> #N/A
C48: 2
C49: 3
C50: 4
C51: 5
C52: 6
C53: 7
C54: 8
C55: 9
C56: 10
C57: 11
C58: 12
C59: 13
... C61: 15
B62: 產線配置圖－每週更新(0317-0323) | N62: 資料繳交 | O62: 日期 | P62: =AT42+1 -> 46098 | U62: =P62+1 -> 46099 | Z62: =U62+1 -> 46100 | AE62: =Z62+1 -> 46101 | AJ62: =AE62+1 -> 46102 | AO62: =AJ62+1 -> 46103 | AT62: =AO62+1 -> 46104
P63: =P62 -> 46098 | U63: =U62 -> 46099 | Z63: =Z62 -> 46100 | AE63: =AE62 -> 46101 | AJ63: =AJ62 -> 46102 | AO63: =AO62 -> 46103 | AT63: =AT62 -> 46104
B64: 品群 | C64: 商品名稱 | E64: 計畫 | H64: 平均人時性 | I64: 實績 (週平均) | L64: 平均人時性 | M64: 排名 | O64: 日報 | P64: 實際 | T64: 平均人時性 | U64: 實際 | Y64: 平均人時性 | Z64: 實際 | AD64: 平均人時性 | AE64: 實際 | AI64: 平均人時性 | AJ64: 實際 | AN64: 平均人時性 | AO64: 實際 | AS64: 平均人時性 | AT64: 實際 | AX64: 平均人時性
E65: 產線配置圖 | I65: 產線配置圖 | P65: 生產實績 | U65: 生產實績 | Z65: 生產實績 | AE65: 生產實績 | AJ65: 生產實績 | AO65: 生產實績 | AT65: 生產實績
E66: 人數 | F66: 產能／時 | G66: 人時性 | I66: 人數 | J66: 產能／時 | K66: 人時性 | P66: 人數 | Q66: 產能／時 | R66: 人時性 | S66: 排名 | U66: 人數 | V66: 產能／時 | W66: 人時性 | X66: 排名 | Z66: 人數 | AA66: 產能／時 | AB66: 人時性 | AC66: 排名 | AE66: 人數 | AF66: 產能／時 | AG66: 人時性 | AH66: 排名 | AJ66: 人數 | AK66: 產能／時 | AL66: 人時性 | AM66: 排名 | AO66: 人數 | AP66: 產能／時 | AQ66: 人時性 | AR66: 排名 | AT66: 人數 | AU66: 產能／時 | AV66: 人時性 | AW66: 排名
B67: 4℃-飯糰 | C67: 1 | L67: =IFERROR(AVERAGE(K67:K81),"-") -> - | M67: =RANK(K67, K$67:$K$81) -> #N/A
C68: 2
C69: 3
C70: 4
C71: 5
C72: 6
C73: 7
C74: 8
C75: 9
C76: 10
C77: 11
C78: 12
C79: 13
... C81: 15
B82: 產線配置圖－每週更新(0324-0330) | N82: 資料繳交 | O82: 日期 | P82: =AT62+1 -> 46105 | U82: =P82+1 -> 46106 | Z82: =U82+1 -> 46107 | AE82: =Z82+1 -> 46108 | AJ82: =AE82+1 -> 46109 | AO82: =AJ82+1 -> 46110 | AT82: =AO82+1 -> 46111
P83: =P82 -> 46105 | U83: =U82 -> 46106 | Z83: =Z82 -> 46107 | AE83: =AE82 -> 46108 | AJ83: =AJ82 -> 46109 | AO83: =AO82 -> 46110 | AT83: =AT82 -> 46111
B84: 品群 | C84: 商品名稱 | E84: 計畫 | H84: 平均人時性 | I84: 實績 (週平均) | L84: 平均人時性 | M84: 排名 | O84: 日報 | P84: 實際 | T84: 平均人時性 | U84: 實際 | Y84: 平均人時性 | Z84: 實際 | AD84: 平均人時性 | AE84: 實際 | AI84: 平均人時性 | AJ84: 實際 | AN84: 平均人時性 | AO84: 實際 | AS84: 平均人時性 | AT84: 實際 | AX84: 平均人時性
E85: 產線配置圖 | I85: 產線配置圖 | P85: 生產實績 | U85: 生產實績 | Z85: 生產實績 | AE85: 生產實績 | AJ85: 生產實績 | AO85: 生產實績 | AT85: 生產實績
E86: 人數 | F86: 產能／時 | G86: 人時性 | I86: 人數 | J86: 產能／時 | K86: 人時性 | P86: 人數 | Q86: 產能／時 | R86: 人時性 | S86: 排名 | U86: 人數 | V86: 產能／時 | W86: 人時性 | X86: 排名 | Z86: 人數 | AA86: 產能／時 | AB86: 人時性 | AC86: 排名 | AE86: 人數 | AF86: 產能／時 | AG86: 人時性 | AH86: 排名 | AJ86: 人數 | AK86: 產能／時 | AL86: 人時性 | AM86: 排名 | AO86: 人數 | AP86: 產能／時 | AQ86: 人時性 | AR86: 排名 | AT86: 人數 | AU86: 產能／時 | AV86: 人時性 | AW86: 排名
B87: 4℃-飯糰 | C87: 1 | L87: =IFERROR(AVERAGE(K87:K101),"-") -> - | M87: =RANK(K87, K$87:$K$101) -> #N/A
C88: 2 | M88: =RANK(K88, K$87:$K$101) -> #N/A
C89: 3
C90: 4
C91: 5
C92: 6
C93: 7
C94: 8
C95: 9
C96: 10
C97: 11
C98: 12
C99: 13
C100: 14
C101: 15
B102: 產線配置圖－每週更新(0331-0406) | N102: 資料繳交 | O102: 日期 | P102: =AT82+1 -> 46112 | U102: =P102+1 -> 46113 | Z102: =U102+1 -> 46114 | AE102: =Z102+1 -> 46115 | AJ102: =AE102+1 -> 46116 | AO102: =AJ102+1 -> 46117 | AT102: =AO102+1 -> 46118
...

Sheet （５-4）品群別人時生產性(4℃-壽司手卷)
B1: 3月平均人時性 | C1: =AVERAGE(L27,L47,L67,L87) -> 493.70226
B2: 產線配置圖－每週更新(0224-0302) | N2: 資料繳交 | O2: 日期 | P2: 46077 | U2: =P2+1 -> 46078 | Z2: =U2+1 -> 46079 | AE2: =Z2+1 -> 46080 | AJ2: =AE2+1 -> 46081 | AO2: =AJ2+1 -> 46082 | AT2: =AO2+1 -> 46083
P3: =P2 -> 46077 | U3: =U2 -> 46078 | Z3: =Z2 -> 46079 | AE3: =AE2 -> 46080 | AJ3: =AJ2 -> 46081 | AO3: =AO2 -> 46082 | AT3: =AT2 -> 46083
B4: 品群 | C4: 商品名稱 | E4: 計畫 | H4: 平均人時性 | I4: 實績 (週平均) | L4: 平均人時性 | M4: 排名 | O4: 日報 | P4: 實際 | T4: 平均人時性 | U4: 實際 | Y4: 平均人時性 | Z4: 實際 | AD4: 平均人時性 | AE4: 實際 | AI4: 平均人時性 | AJ4: 實際 | AN4: 平均人時性 | AO4: 實際 | AS4: 平均人時性 | AT4: 實際 | AX4: 平均人時性
E5: 產線配置圖 | I5: 產線配置圖 | P5: 生產實績 | U5: 生產實績 | Z5: 生產實績 | AE5: 生產實績 | AJ5: 生產實績 | AO5: 生產實績 | AT5: 生產實績
E6: 人數 | F6: 產能／時 | G6: 人時性 | I6: 人數 | J6: 產能／時 | K6: 人時性 | P6: 人數 | Q6: 產能／時 | R6: 人時性 | S6: 排名 | U6: 人數 | V6: 產能／時 | W6: 人時性 | X6: 排名 | Z6: 人數 | AA6: 產能／時 | AB6: 人時性 | AC6: 排名 | AE6: 人數 | AF6: 產能／時 | AG6: 人時性 | AH6: 排名 | AJ6: 人數 | AK6: 產能／時 | AL6: 人時性 | AM6: 排名 | AO6: 人數 | AP6: 產能／時 | AQ6: 人時性 | AR6: 排名 | AT6: 人數 | AU6: 產能／時 | AV6: 人時性 | AW6: 排名
B7: 4℃-壽司手卷 | C7: 1 | D7: 明太子泡菜牛飯卷 | E7: 6 | F7: 3273 | G7: =F7/E7 -> 545.5 | H7: =AVERAGE(G7:G21) -> 545.5 | I7: =AVERAGE(P7,U7,Z7,AE7,AJ7,AO7,AT7) -> 6 | J7: =AVERAGE(Q7,V7,AA7,AF7,AK7,AP7,AU7) -> 2961.6511 | K7: =AVERAGE(R7,W7,AB7,AG7,AL7,AQ7,AV7) -> 493.60852 | L7: =IFERROR(AVERAGE(K7:K21),"-") -> 481.20057 | M7: =RANK(K7, K$87:$K$101) -> #N/A | P7: 6 | Q7: 2962.1879 | R7: =IFERROR(Q7/P7,"") -> 493.69798 | S7: =RANK(R7, R$87:R$101) -> #N/A | T7: =AVERAGE(R7:R21) -> 469.9804 | U7: 6 | V7: 2960.3306 | W7: =IFERROR(V7/U7,"") -> 493.38843 | X7: =RANK(W7, W$87:W$101) -> #N/A | Y7: =AVERAGE(W7:W21) -> 472.91793 | Z7: 6 | AA7: 2961.9048 | AB7: =IFERROR(AA7/Z7,"") -> 493.65079 | AC7: =RANK(AB7, AB$87:AB$101) -> #N/A | AD7: =AVERAGE(AB7:AB21) -> 476.61746 | AE7: 6 | AF7: 2961.183 | AG7: =IFERROR(AF7/AE7,"") -> 493.5305 | AH7: =RANK(AG7, AG$87:AG$101) -> #N/A | AI7: =AVERAGE(AG7:AG21) -> 480.70756 | AJ7: 6 | AK7: 2962.4557 | AL7: =IFERROR(AK7/AJ7,"") -> 493.74262 | AM7: =RANK(AL7, AL$87:AL$101) -> #N/A | AN7: =AVERAGE(AL7:AL21) -> 484.88456 | AO7: 6 | AP7: 2962.6794 | AQ7: =IFERROR(AP7/AO7,"") -> 493.7799 | AR7: =RANK(AQ7, AQ$87:AQ$101) -> #N/A | AS7: =AVERAGE(AQ7:AQ21) -> 489.63505 | AT7: 6 | AU7: 2960.8163 | AV7: =IFERROR(AU7/AT7,"") -> 493.46939 | AW7: =RANK(AV7, AV$87:AV$101) -> #N/A | AX7: =AVERAGE(AV7:AV21) -> 493.66102
C8: 2 | D8: 香料咖哩烤雞飯卷 | E8: 6 | F8: 3273 | G8: =F8/E8 -> 545.5 | I8: =AVERAGE(P8,U8,Z8,AE8,AJ8,AO8,AT8) -> 6 | J8: =AVERAGE(Q8,V8,AA8,AF8,AK8,AP8,AU8) -> 2812.7557 | K8: =AVERAGE(R8,W8,AB8,AG8,AL8,AQ8,AV8) -> 468.79262 | M8: =RANK(K8, K$87:$K$101) -> #N/A | P8: 6 | Q8: 2677.577 | R8: =IFERROR(Q8/P8,"") -> 446.26283 | S8: =RANK(R8, R$87:R$101) -> #N/A | U8: 6 | V8: 2714.6846 | W8: =IFERROR(V8/U8,"") -> 452.44743 | X8: =RANK(W8, W$87:W$101) -> #N/A | Z8: 6 | AA8: 2757.5047 | AB8: =IFERROR(AA8/Z8,"") -> 459.58412 | AC8: =RANK(AB8, AB$87:AB$101) -> #N/A | AE8: 6 | AF8: 2807.3077 | AG8: =IFERROR(AF8/AE8,"") -> 467.88462 | AH8: =RANK(AG8, AG$87:AG$101) -> #N/A | AJ8: 6 | AK8: 2856.1589 | AL8: =IFERROR(AK8/AJ8,"") -> 476.02649 | AM8: =RANK(AL8, AL$87:AL$101) -> #N/A | AO8: 6 | AP8: 2912.9412 | AQ8: =IFERROR(AP8/AO8,"") -> 485.4902 | AR8: =RANK(AQ8, AQ$87:AQ$101) -> #N/A | AT8: 6 | AU8: 2963.1159 | AV8: =IFERROR(AU8/AT8,"") -> 493.85265 | AW8: =RANK(AV8, AV$87:AV$101) -> #N/A
C9: 3
C10: 4
C11: 5
C12: 6
C13: 7
C14: 8
C15: 9
C16: 10
C17: 11
C18: 12
C19: 13
C20: 14
C21: 15
B22: 產線配置圖－每週更新(0303-0309) | N22: 資料繳交 | O22: 日期 | P22: 46084 | U22: 46085 | Z22: 46086 | AE22: 46087 | AJ22: 46088 | AO22: 46089 | AT22: 46090
P23: 46084 | U23: 46085 | Z23: 46086 | AE23: 46087 | AJ23: 46088 | AO23: 46089 | AT23: 46090
B24: 品群 | C24: 商品名稱 | E24: 計畫 | H24: 平均人時性 | I24: 實績 (週平均) | L24: 平均人時性 | M24: 排名 | O24: 日報 | P24: 實際 | T24: 平均人時性 | U24: 實際 | Y24: 平均人時性 | Z24: 實際 | AD24: 平均人時性 | AE24: 實際 | AI24: 平均人時性 | AJ24: 實際 | AN24: 平均人時性 | AO24: 實際 | AS24: 平均人時性 | AT24: 實際 | AX24: 平均人時性
E25: 產線配置圖 | I25: 產線配置圖 | P25: 生產實績 | U25: 生產實績 | Z25: 生產實績 | AE25: 生產實績 | AJ25: 生產實績 | AO25: 生產實績 | AT25: 生產實績
E26: 人數 | F26: 產能／時 | G26: 人時性 | I26: 人數 | J26: 產能／時 | K26: 人時性 | P26: 人數 | Q26: 產能／時 | R26: 人時性 | S26: 排名 | U26: 人數 | V26: 產能／時 | W26: 人時性 | X26: 排名 | Z26: 人數 | AA26: 產能／時 | AB26: 人時性 | AC26: 排名 | AE26: 人數 | AF26: 產能／時 | AG26: 人時性 | AH26: 排名 | AJ26: 人數 | AK26: 產能／時 | AL26: 人時性 | AM26: 排名 | AO26: 人數 | AP26: 產能／時 | AQ26: 人時性 | AR26: 排名 | AT26: 人數 | AU26: 產能／時 | AV26: 人時性 | AW26: 排名
B27: 4℃-壽司手卷 | C27: 1 | D27: 明太子泡菜牛飯卷 | E27: 6 | F27: 3273 | G27: =F27/E27 -> 545.5 | H27: =AVERAGE(G27:G41) -> 545.5 | I27: =AVERAGE(P27,U27,Z27,AE27,AJ27,AO27,AT27) -> 6 | J27: =AVERAGE(Q27,V27,AA27,AF27,AK27,AP27,AU27) -> 2961.9147 | K27: =AVERAGE(R27,W27,AB27,AG27,AL27,AQ27,AV27) -> 493.65245 | L27: =IFERROR(AVERAGE(K27:K41),"-") -> 493.70226 | M27: =RANK(K27, K$27:$K$41) -> 2 | P27: 6 | Q27: 2962.0253 | R27: =IFERROR(Q27/P27,"") -> 493.67089 | S27: =RANK(R27, R$27:R$41) -> 2 | T27: =AVERAGE(R27:R41) -> 493.79252 | U27: 6 | V27: 2963.5983 | W27: =IFERROR(V27/U27,"") -> 493.93305 | X27: =RANK(W27, W$27:W$41) -> 1 | Y27: =AVERAGE(W27:W41) -> 493.90904 | Z27: 6 | AA27: 2962.1262 | AB27: =IFERROR(AA27/Z27,"") -> 493.68771 | AC27: =RANK(AB27, AB$27:AB$41) -> 2 | AD27: =AVERAGE(AB27:AB41) -> 493.79188 | AE27: 6 | AF27: 2962.4427 | AG27: =IFERROR(AF27/AE27,"") -> 493.74046 | AH27: =RANK(AG27, AG$27:AG$41) -> 2 | AI27: =AVERAGE(AG27:AG41) -> 493.78872 | AJ27: 6 | AK27: 2962.3116 | AL27: =IFERROR(AK27/AJ27,"") -> 493.71859 | AM27: =RANK(AL27, AL$27:AL$41) -> 2 | AN27: =AVERAGE(AL27:AL41) -> 493.7907 | AO27: 6 | AP27: 2960 | AQ27: =IFERROR(AP27/AO27,"") -> 493.33333 | AR27: =RANK(AQ27, AQ$27:AQ$41) -> 2 | AS27: =AVERAGE(AQ27:AQ41) -> 493.33333 | AT27: 6 | AU27: 2960.8989 | AV27: =IFERROR(AU27/AT27,"") -> 493.48315 | AW27: =RANK(AV27, AV$27:AV$41) -> 2 | AX27: =AVERAGE(AV27:AV41) -> 493.50963
C28: 2 | D28: 香料咖哩烤雞飯卷 | E28: 6 | F28: 3273 | G28: =F28/E28 -> 545.5 | I28: =AVERAGE(P28,U28,Z28,AE28,AJ28,AO28,AT28) -> 6 | J28: =AVERAGE(Q28,V28,AA28,AF28,AK28,AP28,AU28) -> 2962.5124 | K28: =AVERAGE(R28,W28,AB28,AG28,AL28,AQ28,AV28) -> 493.75207 | M28: =RANK(K28, K$27:$K$41) -> 1 | P28: 6 | Q28: 2963.4849 | R28: =IFERROR(Q28/P28,"") -> 493.91416 | S28: =RANK(R28, R$27:R$41) -> 1 | U28: 6 | V28: 2963.3101 | W28: =IFERROR(V28/U28,"") -> 493.88502 | X28: =RANK(W28, W$27:W$41) -> 2 | Z28: 6 | AA28: 2963.3764 | AB28: =IFERROR(AA28/Z28,"") -> 493.89606 | AC28: =RANK(AB28, AB$27:AB$41) -> 1 | AE28: 6 | AF28: 2963.0219 | AG28: =IFERROR(AF28/AE28,"") -> 493.83698 | AH28: =RANK(AG28, AG$27:AG$41) -> 1 | AJ28: 6 | AK28: 2963.1769 | AL28: =IFERROR(AK28/AJ28,"") -> 493.86282 | AM28: =RANK(AL28, AL$27:AL$41) -> 1 | AO28: 6 | AP28: 2960 | AQ28: =IFERROR(AP28/AO28,"") -> 493.33333 | AR28: =RANK(AQ28, AQ$27:AQ$41) -> 1 | AT28: 6 | AU28: 2961.2167 | AV28: =IFERROR(AU28/AT28,"") -> 493.53612 | AW28: =RANK(AV28, AV$27:AV$41) -> 1
C29: 3
C30: 4
C31: 5
C32: 6
C33: 7
C34: 8
C35: 9
C36: 10
C37: 11
C38: 12
C39: 13
C40: 14
C41: 15
B42: 產線配置圖－每週更新(0310-0316) | N42: 資料繳交 | O42: 日期 | P42: =AT22+1 -> 46091 | U42: =P42+1 -> 46092 | Z42: =U42+1 -> 46093 | AE42: =Z42+1 -> 46094 | AJ42: =AE42+1 -> 46095 | AO42: =AJ42+1 -> 46096 | AT42: =AO42+1 -> 46097
P43: =P42 -> 46091 | U43: =U42 -> 46092 | Z43: =Z42 -> 46093 | AE43: =AE42 -> 46094 | AJ43: =AJ42 -> 46095 | AO43: =AO42 -> 46096 | AT43: =AT42 -> 46097
B44: 品群 | C44: 商品名稱 | E44: 計畫 | H44: 平均人時性 | I44: 實績 (週平均) | L44: 平均人時性 | M44: 排名 | O44: 日報 | P44: 實際 | T44: 平均人時性 | U44: 實際 | Y44: 平均人時性 | Z44: 實際 | AD44: 平均人時性 | AE44: 實際 | AI44: 平均人時性 | AJ44: 實際 | AN44: 平均人時性 | AO44: 實際 | AS44: 平均人時性 | AT44: 實際 | AX44: 平均人時性
E45: 產線配置圖 | I45: 產線配置圖 | P45: 生產實績 | U45: 生產實績 | Z45: 生產實績 | AE45: 生產實績 | AJ45: 生產實績 | AO45: 生產實績 | AT45: 生產實績
E46: 人數 | F46: 產能／時 | G46: 人時性 | I46: 人數 | J46: 產能／時 | K46: 人時性 | P46: 人數 | Q46: 產能／時 | R46: 人時性 | S46: 排名 | U46: 人數 | V46: 產能／時 | W46: 人時性 | X46: 排名 | Z46: 人數 | AA46: 產能／時 | AB46: 人時性 | AC46: 排名 | AE46: 人數 | AF46: 產能／時 | AG46: 人時性 | AH46: 排名 | AJ46: 人數 | AK46: 產能／時 | AL46: 人時性 | AM46: 排名 | AO46: 人數 | AP46: 產能／時 | AQ46: 人時性 | AR46: 排名 | AT46: 人數 | AU46: 產能／時 | AV46: 人時性 | AW46: 排名
B47: 4℃-壽司手卷 | C47: 1 | L47: =IFERROR(AVERAGE(K47:K61),"-") -> - | M47: =RANK(K47, K$47:$K$61) -> #N/A
C48: 2
C49: 3
C50: 4
C51: 5
C52: 6
C53: 7
C54: 8
C55: 9
C56: 10
C57: 11
C58: 12
C59: 13
... C61: 15
B62: 產線配置圖－每週更新(0317-0323) | N62: 資料繳交 | O62: 日期 | P62: =AT42+1 -> 46098 | U62: =P62+1 -> 46099 | Z62: =U62+1 -> 46100 | AE62: =Z62+1 -> 46101 | AJ62: =AE62+1 -> 46102 | AO62: =AJ62+1 -> 46103 | AT62: =AO62+1 -> 46104
P63: =P62 -> 46098 | U63: =U62 -> 46099 | Z63: =Z62 -> 46100 | AE63: =AE62 -> 46101 | AJ63: =AJ62 -> 46102 | AO63: =AO62 -> 46103 | AT63: =AT62 -> 46104
B64: 品群 | C64: 商品名稱 | E64: 計畫 | H64: 平均人時性 | I64: 實績 (週平均) | L64: 平均人時性 | M64: 排名 | O64: 日報 | P64: 實際 | T64: 平均人時性 | U64: 實際 | Y64: 平均人時性 | Z64: 實際 | AD64: 平均人時性 | AE64: 實際 | AI64: 平均人時性 | AJ64: 實際 | AN64: 平均人時性 | AO64: 實際 | AS64: 平均人時性 | AT64: 實際 | AX64: 平均人時性
E65: 產線配置圖 | I65: 產線配置圖 | P65: 生產實績 | U65: 生產實績 | Z65: 生產實績 | AE65: 生產實績 | AJ65: 生產實績 | AO65: 生產實績 | AT65: 生產實績
E66: 人數 | F66: 產能／時 | G66: 人時性 | I66: 人數 | J66: 產能／時 | K66: 人時性 | P66: 人數 | Q66: 產能／時 | R66: 人時性 | S66: 排名 | U66: 人數 | V66: 產能／時 | W66: 人時性 | X66: 排名 | Z66: 人數 | AA66: 產能／時 | AB66: 人時性 | AC66: 排名 | AE66: 人數 | AF66: 產能／時 | AG66: 人時性 | AH66: 排名 | AJ66: 人數 | AK66: 產能／時 | AL66: 人時性 | AM66: 排名 | AO66: 人數 | AP66: 產能／時 | AQ66: 人時性 | AR66: 排名 | AT66: 人數 | AU66: 產能／時 | AV66: 人時性 | AW66: 排名
B67: 4℃-壽司手卷 | C67: 1 | L67: =IFERROR(AVERAGE(K67:K81),"-") -> - | M67: =RANK(K67, K$67:$K$81) -> #N/A
C68: 2
C69: 3
C70: 4
C71: 5
C72: 6
C73: 7
C74: 8
C75: 9
C76: 10
C77: 11
C78: 12
C79: 13
... C81: 15
B82: 產線配置圖－每週更新(0324-0330) | N82: 資料繳交 | O82: 日期 | P82: =AT62+1 -> 46105 | U82: =P82+1 -> 46106 | Z82: =U82+1 -> 46107 | AE82: =Z82+1 -> 46108 | AJ82: =AE82+1 -> 46109 | AO82: =AJ82+1 -> 46110 | AT82: =AO82+1 -> 46111
P83: =P82 -> 46105 | U83: =U82 -> 46106 | Z83: =Z82 -> 46107 | AE83: =AE82 -> 46108 | AJ83: =AJ82 -> 46109 | AO83: =AO82 -> 46110 | AT83: =AT82 -> 46111
B84: 品群 | C84: 商品名稱 | E84: 計畫 | H84: 平均人時性 | I84: 實績 (週平均) | L84: 平均人時性 | M84: 排名 | O84: 日報 | P84: 實際 | T84: 平均人時性 | U84: 實際 | Y84: 平均人時性 | Z84: 實際 | AD84: 平均人時性 | AE84: 實際 | AI84: 平均人時性 | AJ84: 實際 | AN84: 平均人時性 | AO84: 實際 | AS84: 平均人時性 | AT84: 實際 | AX84: 平均人時性
E85: 產線配置圖 | I85: 產線配置圖 | P85: 生產實績 | U85: 生產實績 | Z85: 生產實績 | AE85: 生產實績 | AJ85: 生產實績 | AO85: 生產實績 | AT85: 生產實績
E86: 人數 | F86: 產能／時 | G86: 人時性 | I86: 人數 | J86: 產能／時 | K86: 人時性 | P86: 人數 | Q86: 產能／時 | R86: 人時性 | S86: 排名 | U86: 人數 | V86: 產能／時 | W86: 人時性 | X86: 排名 | Z86: 人數 | AA86: 產能／時 | AB86: 人時性 | AC86: 排名 | AE86: 人數 | AF86: 產能／時 | AG86: 人時性 | AH86: 排名 | AJ86: 人數 | AK86: 產能／時 | AL86: 人時性 | AM86: 排名 | AO86: 人數 | AP86: 產能／時 | AQ86: 人時性 | AR86: 排名 | AT86: 人數 | AU86: 產能／時 | AV86: 人時性 | AW86: 排名
B87: 4℃-壽司手卷 | C87: 1 | L87: =IFERROR(AVERAGE(K87:K101),"-") -> - | M87: =RANK(K87, K$87:$K$101) -> #N/A
C88: 2 | M88: =RANK(K88, K$87:$K$101) -> #N/A
C89: 3
C90: 4
C91: 5
C92: 6
C93: 7
C94: 8
C95: 9
C96: 10
C97: 11
C98: 12
C99: 13
C100: 14
C101: 15
B102: 產線配置圖－每週更新(0331-0406) | N102: 資料繳交 | O102: 日期 | P102: =AT82+1 -> 46112 | U102: =P102+1 -> 46113 | Z102: =U102+1 -> 46114 | AE102: =Z102+1 -> 46115 | AJ102: =AE102+1 -> 46116 | AO102: =AJ102+1 -> 46117 | AT102: =AO102+1 -> 46118
...

Sheet （５-5）品群別人時生產性(微波主食) 
B1: 3月平均人時性 | C1: =AVERAGE(L27,L47,L67,L87) -> 78.207319
B2: 產線配置圖－每週更新(0224-0302) | N2: 資料繳交 | O2: 日期 | P2: 46077 | U2: =P2+1 -> 46078 | Z2: =U2+1 -> 46079 | AE2: =Z2+1 -> 46080 | AJ2: =AE2+1 -> 46081 | AO2: =AJ2+1 -> 46082 | AT2: =AO2+1 -> 46083
P3: =P2 -> 46077 | U3: =U2 -> 46078 | Z3: =Z2 -> 46079 | AE3: =AE2 -> 46080 | AJ3: =AJ2 -> 46081 | AO3: =AO2 -> 46082 | AT3: =AT2 -> 46083
B4: 品群 | C4: 商品名稱 | E4: 計畫 | H4: 平均人時性 | I4: 實績 (週平均) | L4: 平均人時性 | M4: 排名 | O4: 日報 | P4: 實際 | T4: 平均人時性 | U4: 實際 | Y4: 平均人時性 | Z4: 實際 | AD4: 平均人時性 | AE4: 實際 | AI4: 平均人時性 | AJ4: 實際 | AN4: 平均人時性 | AO4: 實際 | AS4: 平均人時性 | AT4: 實際 | AX4: 平均人時性
E5: 產線配置圖 | I5: 產線配置圖 | P5: 生產實績 | U5: 生產實績 | Z5: 生產實績 | AE5: 生產實績 | AJ5: 生產實績 | AO5: 生產實績 | AT5: 生產實績
E6: 人數 | F6: 產能／時 | G6: 人時性 | I6: 人數 | J6: 產能／時 | K6: 人時性 | P6: 人數 | Q6: 產能／時 | R6: 人時性 | S6: 排名 | U6: 人數 | V6: 產能／時 | W6: 人時性 | X6: 排名 | Z6: 人數 | AA6: 產能／時 | AB6: 人時性 | AC6: 排名 | AE6: 人數 | AF6: 產能／時 | AG6: 人時性 | AH6: 排名 | AJ6: 人數 | AK6: 產能／時 | AL6: 人時性 | AM6: 排名 | AO6: 人數 | AP6: 產能／時 | AQ6: 人時性 | AR6: 排名 | AT6: 人數 | AU6: 產能／時 | AV6: 人時性 | AW6: 排名
B7: 微波主食 | C7: 1 | D7: 糖燻野郎三十天熟成牛飯 | E7: 25 | F7: 2000 | G7: =F7/E7 -> 80 | H7: =AVERAGE(G7:G21) -> 91.706004 | I7: =AVERAGE(P7,U7,Z7,AE7,AJ7,AO7,AT7) -> 25 | J7: =AVERAGE(Q7,V7,AA7,AF7,AK7,AP7,AU7) -> 1782.7376 | K7: =AVERAGE(R7,W7,AB7,AG7,AL7,AQ7,AV7) -> 71.309505 | L7: =IFERROR(AVERAGE(K7:K21),"-") -> 79.96347 | M7: =RANK(K7, K$7:$K$21) -> 9 | P7: 25 | Q7: 1782.813 | R7: =IFERROR(Q7/P7,"") -> 71.31252 | S7: =RANK(R7, R$7:R$21) -> 8 | T7: =AVERAGE(R7:R21) -> 82.034058 | U7: 25 | V7: 1782.7397 | W7: =IFERROR(V7/U7,"") -> 71.309589 | X7: =RANK(W7, W$7:W$21) -> 8 | Y7: =AVERAGE(W7:W21) -> 82.035391 | Z7: 25 | AA7: 1782.6966 | AB7: =IFERROR(AA7/Z7,"") -> 71.307863 | AC7: =RANK(AB7, AB$7:AB$21) -> 8 | AD7: =AVERAGE(AB7:AB21) -> 82.041488 | AE7: 25 | AF7: 1782.678 | AG7: =IFERROR(AF7/AE7,"") -> 71.307121 | AH7: =RANK(AG7, AG$7:AG$21) -> 7 | AI7: =AVERAGE(AG7:AG21) -> 81.014668 | AJ7: 25 | AK7: 1782.6792 | AL7: =IFERROR(AK7/AJ7,"") -> 71.307166 | AM7: =RANK(AL7, AL$7:AL$21) -> 7 | AN7: =AVERAGE(AL7:AL21) -> 81.023618 | AO7: 25 | AP7: 1782.7531 | AQ7: =IFERROR(AP7/AO7,"") -> 71.310122 | AR7: =RANK(AQ7,#REF!) -> #REF! | AS7: =AVERAGE(AQ7:AQ21) -> 81.023294 | AT7: 25 | AU7: 1782.8038 | AV7: =IFERROR(AU7/AT7,"") -> 71.312153 | AW7: =RANK(AV7, AV$7:AV$21) -> 8 | AX7: =AVERAGE(AV7:AV21) -> 76.801377
C8: 2 | D8: 二配里肌豬排可可咖哩歐姆蛋飯 | E8: 23 | F8: 2000 | G8: =F8/E8 -> 86.956522 | I8: =AVERAGE(P8,U8,Z8,AE8,AJ8,AO8,AT8) -> 23.142857 | J8: =AVERAGE(Q8,V8,AA8,AF8,AK8,AP8,AU8) -> 1783.5847 | K8: =AVERAGE(R8,W8,AB8,AG8,AL8,AQ8,AV8) -> 77.08556 | M8: =RANK(K8, K$7:$K$21) -> 6 | P8: 23 | Q8: 1783.416 | R8: =IFERROR(Q8/P8,"") -> 77.539827 | S8: =RANK(R8, R$7:R$21) -> 5 | U8: 23 | V8: 1783.6107 | W8: =IFERROR(V8/U8,"") -> 77.54829 | X8: =RANK(W8, W$7:W$21) -> 5 | Z8: 23 | AA8: 1783.6748 | AB8: =IFERROR(AA8/Z8,"") -> 77.55108 | AC8: =RANK(AB8, AB$7:AB$21) -> 5 | AE8: 23 | AF8: 1783.5165 | AG8: =IFERROR(AF8/AE8,"") -> 77.544195 | AH8: =RANK(AG8, AG$7:AG$21) -> 4 | AJ8: 23 | AK8: 1783.5783 | AL8: =IFERROR(AK8/AJ8,"") -> 77.546883 | AM8: =RANK(AL8, AL$7:AL$21) -> 4 | AO8: 23 | AP8: 1783.6717 | AQ8: =IFERROR(AP8/AO8,"") -> 77.550944 | AR8: =RANK(AQ8,#REF!) -> #REF! | AT8: 24 | AU8: 1783.6249 | AV8: =IFERROR(AU8/AT8,"") -> 74.317705 | AW8: =RANK(AV8, AV$7:AV$21) -> 5
C9: 3 | D9: 二配黃金雞排蘑菇白醬歐姆蛋飯 | E9: 23 | F9: 2000 | G9: =F9/E9 -> 86.956522 | I9: =AVERAGE(P9,U9,Z9,AE9,AJ9,AO9,AT9) -> 23.142857 | J9: =AVERAGE(Q9,V9,AA9,AF9,AK9,AP9,AU9) -> 1782.6196 | K9: =AVERAGE(R9,W9,AB9,AG9,AL9,AQ9,AV9) -> 77.043873 | M9: =RANK(K9, K$7:$K$21) -> 7 | P9: 23 | Q9: 1782.6192 | R9: =IFERROR(Q9/P9,"") -> 77.505182 | S9: =RANK(R9, R$7:R$21) -> 6 | U9: 23 | V9: 1782.7388 | W9: =IFERROR(V9/U9,"") -> 77.510382 | X9: =RANK(W9, W$7:W$21) -> 6 | Z9: 23 | AA9: 1782.6415 | AB9: =IFERROR(AA9/Z9,"") -> 77.506153 | AC9: =RANK(AB9, AB$7:AB$21) -> 6 | AE9: 23 | AF9: 1782.6367 | AG9: =IFERROR(AF9/AE9,"") -> 77.505942 | AH9: =RANK(AG9, AG$7:AG$21) -> 5 | AJ9: 23 | AK9: 1782.6114 | AL9: =IFERROR(AK9/AJ9,"") -> 77.504844 | AM9: =RANK(AL9, AL$7:AL$21) -> 5 | AO9: 23 | AP9: 1782.5243 | AQ9: =IFERROR(AP9/AO9,"") -> 77.501055 | AR9: =RANK(AQ9,#REF!) -> #REF! | AT9: 24 | AU9: 1782.5653 | AV9: =IFERROR(AU9/AT9,"") -> 74.273554 | AW9: =RANK(AV9, AV$7:AV$21) -> 6
C10: 4 | D10: 二配哞哞培根奶香海陸焗飯 | E10: 23 | F10: 2000 | G10: =F10/E10 -> 86.956522 | I10: =AVERAGE(P10,U10,Z10,AE10,AJ10,AO10,AT10) -> 23.142857 | J10: =AVERAGE(Q10,V10,AA10,AF10,AK10,AP10,AU10) -> 1781.5903 | K10: =AVERAGE(R10,W10,AB10,AG10,AL10,AQ10,AV10) -> 76.99929 | M10: =RANK(K10, K$7:$K$21) -> 8 | P10: 23 | Q10: 1781.4335 | R10: =IFERROR(Q10/P10,"") -> 77.45363 | S10: =RANK(R10, R$7:R$21) -> 7 | U10: 23 | V10: 1781.5171 | W10: =IFERROR(V10/U10,"") -> 77.457263 | X10: =RANK(W10, W$7:W$21) -> 7 | Z10: 23 | AA10: 1781.3505 | AB10: =IFERROR(AA10/Z10,"") -> 77.450021 | AC10: =RANK(AB10, AB$7:AB$21) -> 7 | AE10: 23 | AF10: 1781.323 | AG10: =IFERROR(AF10/AE10,"") -> 77.448824 | AH10: =RANK(AG10, AG$7:AG$21) -> 6 | AJ10: 23 | AK10: 1781.6949 | AL10: =IFERROR(AK10/AJ10,"") -> 77.464996 | AM10: =RANK(AL10, AL$7:AL$21) -> 6 | AO10: 23 | AP10: 1781.8947 | AQ10: =IFERROR(AP10/AO10,"") -> 77.473684 | AR10: =RANK(AQ10,#REF!) -> #REF! | AT10: 24 | AU10: 1781.9186 | AV10: =IFERROR(AU10/AT10,"") -> 74.24661 | AW10: =RANK(AV10, AV$7:AV$21) -> 7
C11: 5 | D11: 二配乳酪燻腸紅醬焗飯 | E11: 20 | F11: 2000 | G11: =F11/E11 -> 100 | I11: =AVERAGE(P11,U11,Z11,AE11,AJ11,AO11,AT11) -> 20 | J11: =AVERAGE(Q11,V11,AA11,AF11,AK11,AP11,AU11) -> 1784.4744 | K11: =AVERAGE(R11,W11,AB11,AG11,AL11,AQ11,AV11) -> 89.223718 | M11: =RANK(K11, K$7:$K$21) -> 2 | P11: 20 | Q11: 1784.2566 | R11: =IFERROR(Q11/P11,"") -> 89.212828 | S11: =RANK(R11, R$7:R$21) -> 2 | U11: 20 | V11: 1784.0426 | W11: =IFERROR(V11/U11,"") -> 89.202128 | X11: =RANK(W11, W$7:W$21) -> 2 | Z11: 20 | AA11: 1785.124 | AB11: =IFERROR(AA11/Z11,"") -> 89.256198 | AC11: =RANK(AB11, AB$7:AB$21) -> 2
C12: 6 | D12: 二配西班牙風味海鮮燉飯 | E12: 21 | F12: 2000 | G12: =F12/E12 -> 95.238095 | I12: =AVERAGE(P12,U12,Z12,AE12,AJ12,AO12,AT12) -> 21.142857 | J12: =AVERAGE(Q12,V12,AA12,AF12,AK12,AP12,AU12) -> 1784.3492 | K12: =AVERAGE(R12,W12,AB12,AG12,AL12,AQ12,AV12) -> 84.417141 | M12: =RANK(K12, K$7:$K$21) -> 3 | P12: 21 | Q12: 1784.1971 | R12: =IFERROR(Q12/P12,"") -> 84.961767 | S12: =RANK(R12, R$7:R$21) -> 3 | U12: 21 | V12: 1783.8181 | W12: =IFERROR(V12/U12,"") -> 84.943718 | X12: =RANK(W12, W$7:W$21) -> 3 | Z12: 21 | AA12: 1783.9381 | AB12: =IFERROR(AA12/Z12,"") -> 84.949435 | AC12: =RANK(AB12, AB$7:AB$21) -> 3 | AE12: 21 | AF12: 1784.1549 | AG12: =IFERROR(AF12/AE12,"") -> 84.959759 | AH12: =RANK(AG12, AG$7:AG$21) -> 2 | AJ12: 21 | AK12: 1784.8551 | AL12: =IFERROR(AK12/AJ12,"") -> 84.9931 | AM12: =RANK(AL12, AL$7:AL$21) -> 2 | AO12: 21 | AP12: 1784.7458 | AQ12: =IFERROR(AP12/AO12,"") -> 84.987893 | AR12: =RANK(AQ12,#REF!) -> #REF! | AT12: 22 | AU12: 1784.735 | AV12: =IFERROR(AU12/AT12,"") -> 81.124317 | AW12: =RANK(AV12, AV$7:AV$21) -> 2
C13: 7 | D13: 二配蒙古風味烤肉飯 | E13: 19 | F13: 1800 | G13: =F13/E13 -> 94.736842 | I13: =AVERAGE(P13,U13,Z13,AE13,AJ13,AO13,AT13) -> 19.142857 | J13: =AVERAGE(Q13,V13,AA13,AF13,AK13,AP13,AU13) -> 1604.4335 | K13: =AVERAGE(R13,W13,AB13,AG13,AL13,AQ13,AV13) -> 83.840711 | M13: =RANK(K13, K$7:$K$21) -> 4 | P13: 19 | Q13: 1604.2812 | R13: =IFERROR(Q13/P13,"") -> 84.435852 | S13: =RANK(R13, R$7:R$21) -> 4 | U13: 19 | V13: 1604.548 | W13: =IFERROR(V13/U13,"") -> 84.449897 | X13: =RANK(W13, W$7:W$21) -> 4 | Z13: 19 | AA13: 1604.4712 | AB13: =IFERROR(AA13/Z13,"") -> 84.445852 | AC13: =RANK(AB13, AB$7:AB$21) -> 4 | AE13: 19 | AF13: 1604.4236 | AG13: =IFERROR(AF13/AE13,"") -> 84.443345 | AH13: =RANK(AG13, AG$7:AG$21) -> 3 | AJ13: 19 | AK13: 1604.5929 | AL13: =IFERROR(AK13/AJ13,"") -> 84.452258 | AM13: =RANK(AL13, AL$7:AL$21) -> 3 | AO13: 19 | AP13: 1604.3208 | AQ13: =IFERROR(AP13/AO13,"") -> 84.437939 | AR13: =RANK(AQ13,#REF!) -> #REF! | AT13: 20 | AU13: 1604.3967 | AV13: =IFERROR(AU13/AT13,"") -> 80.219835 | AW13: =RANK(AV13, AV$7:AV$21) -> 3
C14: 8 | D14: 二配失控起司薯餅焗飯 | E14: 19 | F14: 2000 | G14: =F14/E14 -> 105.26316 | I14: =AVERAGE(P14,U14,Z14,AE14,AJ14,AO14,AT14) -> 19.142857 | J14: =AVERAGE(Q14,V14,AA14,AF14,AK14,AP14,AU14) -> 1783.7741 | K14: =AVERAGE(R14,W14,AB14,AG14,AL14,AQ14,AV14) -> 93.212054 | M14: =RANK(K14, K$7:$K$21) -> 1 | P14: 19 | Q14: 1783.1663 | R14: =IFERROR(Q14/P14,"") -> 93.85086 | S14: =RANK(R14, R$7:R$21) -> 1 | U14: 19 | V14: 1783.3753 | W14: =IFERROR(V14/U14,"") -> 93.861859 | X14: =RANK(W14, W$7:W$21) -> 1 | Z14: 19 | AA14: 1783.4407 | AB14: =IFERROR(AA14/Z14,"") -> 93.865298 | AC14: =RANK(AB14, AB$7:AB$21) -> 1 | AE14: 19 | AF14: 1783.9763 | AG14: =IFERROR(AF14/AE14,"") -> 93.893487 | AH14: =RANK(AG14, AG$7:AG$21) -> 1 | AJ14: 19 | AK14: 1784.0256 | AL14: =IFERROR(AK14/AJ14,"") -> 93.896082 | AM14: =RANK(AL14, AL$7:AL$21) -> 1 | AO14: 19 | AP14: 1784.127 | AQ14: =IFERROR(AP14/AO14,"") -> 93.90142 | AR14: =RANK(AQ14,#REF!) -> #REF! | AT14: 20 | AU14: 1784.3074 | AV14: =IFERROR(AU14/AT14,"") -> 89.21537 | AW14: =RANK(AV14, AV$7:AV$21) -> 1
C15: 9 | D15: 二配鐵板豆腐燴蛋蓋飯 | E15: 21 | F15: 1800 | G15: =F15/E15 -> 85.714286 | I15: =AVERAGE(P15,U15,Z15,AE15,AJ15,AO15,AT15) -> 21 | J15: =AVERAGE(Q15,V15,AA15,AF15,AK15,AP15,AU15) -> 1457.1676 | K15: =AVERAGE(R15,W15,AB15,AG15,AL15,AQ15,AV15) -> 69.388935 | M15: =RANK(K15, K$7:$K$21) -> 10 | AT15: 21 | AU15: 1457.1676 | AV15: =IFERROR(AU15/AT15,"") -> 69.388935 | AW15: =RANK(AV15, AV$7:AV$21) -> 9
C16: 10 | D16: 二配濃起司燻腸紅醬焗烤飯 | E16: 21 | F16: 2000 | G16: =F16/E16 -> 95.238095 | I16: =AVERAGE(P16,U16,Z16,AE16,AJ16,AO16,AT16) -> 21 | J16: =AVERAGE(Q16,V16,AA16,AF16,AK16,AP16,AU16) -> 1619.3923 | K16: =AVERAGE(R16,W16,AB16,AG16,AL16,AQ16,AV16) -> 77.113917 | M16: =RANK(K16, K$7:$K$21) -> 5 | AT16: 21 | AU16: 1619.3923 | AV16: =IFERROR(AU16/AT16,"") -> 77.113917 | AW16: =RANK(AV16, AV$7:AV$21) -> 4
C17: 11
C18: 12
C19: 13
C20: 14
C21: 15
B22: 產線配置圖－每週更新(0303-0309) | N22: 資料繳交 | O22: 日期 | P22: 46084 | U22: 46085 | Z22: 46086 | AE22: 46087 | AJ22: 46088 | AO22: 46089 | AT22: 46090
P23: 46084 | U23: 46085 | Z23: 46086 | AE23: 46087 | AJ23: 46088 | AO23: 46089 | AT23: 46090
B24: 品群 | C24: 商品名稱 | E24: 計畫 | H24: 平均人時性 | I24: 實績 (週平均) | L24: 平均人時性 | M24: 排名 | O24: 日報 | P24: 實際 | T24: 平均人時性 | U24: 實際 | Y24: 平均人時性 | Z24: 實際 | AD24: 平均人時性 | AE24: 實際 | AI24: 平均人時性 | AJ24: 實際 | AN24: 平均人時性 | AO24: 實際 | AS24: 平均人時性 | AT24: 實際 | AX24: 平均人時性
E25: 產線配置圖 | I25: 產線配置圖 | P25: 生產實績 | U25: 生產實績 | Z25: 生產實績 | AE25: 生產實績 | AJ25: 生產實績 | AO25: 生產實績 | AT25: 生產實績
E26: 人數 | F26: 產能／時 | G26: 人時性 | I26: 人數 | J26: 產能／時 | K26: 人時性 | P26: 人數 | Q26: 產能／時 | R26: 人時性 | S26: 排名 | U26: 人數 | V26: 產能／時 | W26: 人時性 | X26: 排名 | Z26: 人數 | AA26: 產能／時 | AB26: 人時性 | AC26: 排名 | AE26: 人數 | AF26: 產能／時 | AG26: 人時性 | AH26: 排名 | AJ26: 人數 | AK26: 產能／時 | AL26: 人時性 | AM26: 排名 | AO26: 人數 | AP26: 產能／時 | AQ26: 人時性 | AR26: 排名 | AT26: 人數 | AU26: 產能／時 | AV26: 人時性 | AW26: 排名
B27: 微波主食 | C27: 1 | D27: 糖燻野郎三十天熟成牛飯 | E27: 25 | F27: 2000 | G27: =F27/E27 -> 80 | H27: =AVERAGE(G27:G41) -> 90.784449 | I27: =AVERAGE(P27,U27,Z27,AE27,AJ27,AO27,AT27) -> 26 | J27: =AVERAGE(Q27,V27,AA27,AF27,AK27,AP27,AU27) -> 1782.9213 | K27: =AVERAGE(R27,W27,AB27,AG27,AL27,AQ27,AV27) -> 68.573895 | L27: =IFERROR(AVERAGE(K27:K41),"-") -> 78.207319 | M27: =RANK(K27, K$27:$K$41) -> 9 | P27: 26 | Q27: 1782.7332 | R27: =IFERROR(Q27/P27,"") -> 68.566662 | S27: =RANK(R27, R$27:R$41) -> 9 | T27: =AVERAGE(R27:R41) -> 76.821742 | U27: 26 | V27: 1782.8418 | W27: =IFERROR(V27/U27,"") -> 68.570839 | X27: =RANK(W27, W$27:W$41) -> 9 | Y27: =AVERAGE(W27:W41) -> 77.166744 | Z27: 26 | AA27: 1783.0447 | AB27: =IFERROR(AA27/Z27,"") -> 68.578641 | AC27: =RANK(AB27, AB$27:AB$41) -> 9 | AD27: =AVERAGE(AB27:AB41) -> 77.985603 | AE27: 26 | AF27: 1782.9604 | AG27: =IFERROR(AF27/AE27,"") -> 68.575401 | AH27: =RANK(AG27, AG$27:AG$41) -> 9 | AI27: =AVERAGE(AG27:AG41) -> 78.328821 | AJ27: 26 | AK27: 1782.9284 | AL27: =IFERROR(AK27/AJ27,"") -> 68.57417 | AM27: =RANK(AL27, AL$27:AL$41) -> 9 | AN27: =AVERAGE(AL27:AL41) -> 78.646771 | AO27: 26 | AP27: 1782.9277 | AQ27: =IFERROR(AP27/AO27,"") -> 68.574141 | AR27: =RANK(AQ27, AQ$27:AQ$41) -> 9 | AS27: =AVERAGE(AQ27:AQ41) -> 79.012204 | AT27: 26 | AU27: 1783.0128 | AV27: =IFERROR(AU27/AT27,"") -> 68.577415 | AW27: =RANK(AV27, AV$27:AV$41) -> 9 | AX27: =AVERAGE(AV27:AV41) -> 79.489348
C28: 2 | D28: 二配里肌豬排可可咖哩歐姆蛋飯 | E28: 23 | F28: 2000 | G28: =F28/E28 -> 86.956522 | I28: =AVERAGE(P28,U28,Z28,AE28,AJ28,AO28,AT28) -> 23.714286 | J28: =AVERAGE(Q28,V28,AA28,AF28,AK28,AP28,AU28) -> 1784.254 | K28: =AVERAGE(R28,W28,AB28,AG28,AL28,AQ28,AV28) -> 75.26788 | M28: =RANK(K28, K$27:$K$41) -> 5 | P28: 24 | Q28: 1783.7442 | R28: =IFERROR(Q28/P28,"") -> 74.322675 | S28: =RANK(R28, R$27:R$41) -> 5 | U28: 24 | V28: 1783.7104 | W28: =IFERROR(V28/U28,"") -> 74.321267 | X28: =RANK(W28, W$27:W$41) -> 5 | Z28: 24 | AA28: 1784.0289 | AB28: =IFERROR(AA28/Z28,"") -> 74.334538 | AC28: =RANK(AB28, AB$27:AB$41) -> 5 | AE28: 24 | AF28: 1784.0405 | AG28: =IFERROR(AF28/AE28,"") -> 74.335022 | AH28: =RANK(AG28, AG$27:AG$41) -> 6 | AJ28: 24 | AK28: 1784.0532 | AL28: =IFERROR(AK28/AJ28,"") -> 74.335548 | AM28: =RANK(AL28, AL$27:AL$41) -> 6 | AO28: 23 | AP28: 1784.9831 | AQ28: =IFERROR(AP28/AO28,"") -> 77.60796 | AR28: =RANK(AQ28, AQ$27:AQ$41) -> 5 | AT28: 23 | AU28: 1785.2174 | AV28: =IFERROR(AU28/AT28,"") -> 77.618147 | AW28: =RANK(AV28, AV$27:AV$41) -> 5
C29: 3 | D29: 二配黃金雞排蘑菇白醬歐姆蛋飯 | E29: 23 | F29: 2000 | G29: =F29/E29 -> 86.956522 | I29: =AVERAGE(P29,U29,Z29,AE29,AJ29,AO29,AT29) -> 24 | J29: =AVERAGE(Q29,V29,AA29,AF29,AK29,AP29,AU29) -> 1782.9901 | K29: =AVERAGE(R29,W29,AB29,AG29,AL29,AQ29,AV29) -> 74.291256 | M29: =RANK(K29, K$27:$K$41) -> 7 | P29: 24 | Q29: 1782.7751 | R29: =IFERROR(Q29/P29,"") -> 74.282297 | S29: =RANK(R29, R$27:R$41) -> 6 | U29: 24 | V29: 1782.9514 | W29: =IFERROR(V29/U29,"") -> 74.289643 | X29: =RANK(W29, W$27:W$41) -> 6 | Z29: 24 | AA29: 1782.9868 | AB29: =IFERROR(AA29/Z29,"") -> 74.291115 | AC29: =RANK(AB29, AB$27:AB$41) -> 6 | AE29: 24 | AF29: 1782.7051 | AG29: =IFERROR(AF29/AE29,"") -> 74.279379 | AH29: =RANK(AG29, AG$27:AG$41) -> 8 | AJ29: 24 | AK29: 1783.1542 | AL29: =IFERROR(AK29/AJ29,"") -> 74.298094 | AM29: =RANK(AL29, AL$27:AL$41) -> 7 | AO29: 24 | AP29: 1783.2669 | AQ29: =IFERROR(AP29/AO29,"") -> 74.302789 | AR29: =RANK(AQ29, AQ$27:AQ$41) -> 7 | AT29: 24 | AU29: 1783.0914 | AV29: =IFERROR(AU29/AT29,"") -> 74.295474 | AW29: =RANK(AV29, AV$27:AV$41) -> 8
C30: 4 | D30: 二配哞哞培根奶香海陸焗飯 | E30: 23 | F30: 2000 | G30: =F30/E30 -> 86.956522 | I30: =AVERAGE(P30,U30,Z30,AE30,AJ30,AO30,AT30) -> 24 | J30: =AVERAGE(Q30,V30,AA30,AF30,AK30,AP30,AU30) -> 1782.8561 | K30: =AVERAGE(R30,W30,AB30,AG30,AL30,AQ30,AV30) -> 74.285672 | M30: =RANK(K30, K$27:$K$41) -> 8 | P30: 24 | Q30: 1782.2825 | R30: =IFERROR(Q30/P30,"") -> 74.261772 | S30: =RANK(R30, R$27:R$41) -> 7 | U30: 24 | V30: 1782.4675 | W30: =IFERROR(V30/U30,"") -> 74.269481 | X30: =RANK(W30, W$27:W$41) -> 7 | Z30: 24 | AA30: 1782.6866 | AB30: =IFERROR(AA30/Z30,"") -> 74.278607 | AC30: =RANK(AB30, AB$27:AB$41) -> 7 | AE30: 24 | AF30: 1782.7806 | AG30: =IFERROR(AF30/AE30,"") -> 74.282526 | AH30: =RANK(AG30, AG$27:AG$41) -> 7 | AJ30: 24 | AK30: 1782.941 | AL30: =IFERROR(AK30/AJ30,"") -> 74.289208 | AM30: =RANK(AL30, AL$27:AL$41) -> 8 | AO30: 24 | AP30: 1783.1179 | AQ30: =IFERROR(AP30/AO30,"") -> 74.296578 | AR30: =RANK(AQ30, AQ$27:AQ$41) -> 8 | AT30: 24 | AU30: 1783.7167 | AV30: =IFERROR(AU30/AT30,"") -> 74.32153 | AW30: =RANK(AV30, AV$27:AV$41) -> 7
C31: 5 | D31: 二配西班牙風味海鮮燉飯 | E31: 21 | F31: 2000 | G31: =F31/E31 -> 95.238095 | I31: =AVERAGE(P31,U31,Z31,AE31,AJ31,AO31,AT31) -> 22 | J31: =AVERAGE(Q31,V31,AA31,AF31,AK31,AP31,AU31) -> 1785.0701 | K31: =AVERAGE(R31,W31,AB31,AG31,AL31,AQ31,AV31) -> 81.13955 | M31: =RANK(K31, K$27:$K$41) -> 4 | P31: 22 | Q31: 1785.1444 | R31: =IFERROR(Q31/P31,"") -> 81.142929 | S31: =RANK(R31, R$27:R$41) -> 2 | U31: 22 | V31: 1785.2975 | W31: =IFERROR(V31/U31,"") -> 81.149889 | X31: =RANK(W31, W$27:W$41) -> 2 | Z31: 22 | AA31: 1785.2286 | AB31: =IFERROR(AA31/Z31,"") -> 81.146755 | AC31: =RANK(AB31, AB$27:AB$41) -> 4 | AE31: 22 | AF31: 1784.8739 | AG31: =IFERROR(AF31/AE31,"") -> 81.130634 | AH31: =RANK(AG31, AG$27:AG$41) -> 4 | AJ31: 22 | AK31: 1785.0416 | AL31: =IFERROR(AK31/AJ31,"") -> 81.138252 | AM31: =RANK(AL31, AL$27:AL$41) -> 4 | AO31: 22 | AP31: 1785.0519 | AQ31: =IFERROR(AP31/AO31,"") -> 81.138723 | AR31: =RANK(AQ31, AQ$27:AQ$41) -> 4 | AT31: 22 | AU31: 1784.8527 | AV31: =IFERROR(AU31/AT31,"") -> 81.12967 | AW31: =RANK(AV31, AV$27:AV$41) -> 4
C32: 6 | D32: 二配蒙古風味烤肉飯 | E32: 19 | F32: 1800 | G32: =F32/E32 -> 94.736842 | I32: =AVERAGE(P32,U32,Z32,AE32,AJ32,AO32,AT32) -> 19.285714 | J32: =AVERAGE(Q32,V32,AA32,AF32,AK32,AP32,AU32) -> 1605.3008 | K32: =AVERAGE(R32,W32,AB32,AG32,AL32,AQ32,AV32) -> 83.282781 | M32: =RANK(K32, K$27:$K$41) -> 3 | P32: 20 | Q32: 1605 | R32: =IFERROR(Q32/P32,"") -> 80.25 | S32: =RANK(R32, R$27:R$41) -> 3 | U32: 20 | V32: 1604.9209 | W32: =IFERROR(V32/U32,"") -> 80.246046 | X32: =RANK(W32, W$27:W$41) -> 4 | Z32: 19 | AA32: 1605.0436 | AB32: =IFERROR(AA32/Z32,"") -> 84.475981 | AC32: =RANK(AB32, AB$27:AB$41) -> 2 | AE32: 19 | AF32: 1605.3435 | AG32: =IFERROR(AF32/AE32,"") -> 84.491764 | AH32: =RANK(AG32, AG$27:AG$41) -> 2 | AJ32: 19 | AK32: 1605.4632 | AL32: =IFERROR(AK32/AJ32,"") -> 84.498062 | AM32: =RANK(AL32, AL$27:AL$41) -> 3 | AO32: 19 | AP32: 1605.5654 | AQ32: =IFERROR(AP32/AO32,"") -> 84.503442 | AR32: =RANK(AQ32, AQ$27:AQ$41) -> 3 | AT32: 19 | AU32: 1605.7692 | AV32: =IFERROR(AU32/AT32,"") -> 84.51417 | AW32: =RANK(AV32, AV$27:AV$41) -> 3
C33: 7 | D33: 二配失控起司薯餅焗飯 | E33: 19 | F33: 2000 | G33: =F33/E33 -> 105.26316 | I33: =AVERAGE(P33,U33,Z33,AE33,AJ33,AO33,AT33) -> 20 | J33: =AVERAGE(Q33,V33,AA33,AF33,AK33,AP33,AU33) -> 1784.8428 | K33: =AVERAGE(R33,W33,AB33,AG33,AL33,AQ33,AV33) -> 89.24214 | M33: =RANK(K33, K$27:$K$41) -> 1 | P33: 20 | Q33: 1784.3369 | R33: =IFERROR(Q33/P33,"") -> 89.216847 | S33: =RANK(R33, R$27:R$41) -> 1 | U33: 20 | V33: 1784.2451 | W33: =IFERROR(V33/U33,"") -> 89.212254 | X33: =RANK(W33, W$27:W$41) -> 1 | Z33: 20 | AA33: 1784.6568 | AB33: =IFERROR(AA33/Z33,"") -> 89.23284 | AC33: =RANK(AB33, AB$27:AB$41) -> 1 | AE33: 20 | AF33: 1785.025 | AG33: =IFERROR(AF33/AE33,"") -> 89.251248 | AH33: =RANK(AG33, AG$27:AG$41) -> 1 | AJ33: 20 | AK33: 1785.1974 | AL33: =IFERROR(AK33/AJ33,"") -> 89.259868 | AM33: =RANK(AL33, AL$27:AL$41) -> 1 | AO33: 20 | AP33: 1785.1141 | AQ33: =IFERROR(AP33/AO33,"") -> 89.255706 | AR33: =RANK(AQ33, AQ$27:AQ$41) -> 1 | AT33: 20 | AU33: 1785.3244 | AV33: =IFERROR(AU33/AT33,"") -> 89.266218 | AW33: =RANK(AV33, AV$27:AV$41) -> 1
C34: 8 | D34: 二配鐵板豆腐燴蛋蓋飯 | E34: 21 | F34: 1800 | G34: =F34/E34 -> 85.714286 | I34: =AVERAGE(P34,U34,Z34,AE34,AJ34,AO34,AT34) -> 21 | J34: =AVERAGE(Q34,V34,AA34,AF34,AK34,AP34,AU34) -> 1562.5789 | K34: =AVERAGE(R34,W34,AB34,AG34,AL34,AQ34,AV34) -> 74.40852 | M34: =RANK(K34, K$27:$K$41) -> 6 | P34: 21 | Q34: 1485.2406 | R34: =IFERROR(Q34/P34,"") -> 70.725745 | S34: =RANK(R34, R$27:R$41) -> 8 | U34: 21 | V34: 1515.9763 | W34: =IFERROR(V34/U34,"") -> 72.189349 | X34: =RANK(W34, W$27:W$41) -> 8 | Z34: 21 | AA34: 1545.2695 | AB34: =IFERROR(AA34/Z34,"") -> 73.58426 | AC34: =RANK(AB34, AB$27:AB$41) -> 8 | AE34: 21 | AF34: 1575.5655 | AG34: =IFERROR(AF34/AE34,"") -> 75.026929 | AH34: =RANK(AG34, AG$27:AG$41) -> 5 | AJ34: 21 | AK34: 1605.3533 | AL34: =IFERROR(AK34/AJ34,"") -> 76.445396 | AM34: =RANK(AL34, AL$27:AL$41) -> 5 | AO34: 21 | AP34: 1605.3379 | AQ34: =IFERROR(AP34/AO34,"") -> 76.444661 | AR34: =RANK(AQ34, AQ$27:AQ$41) -> 6 | AT34: 21 | AU34: 1605.3093 | AV34: =IFERROR(AU34/AT34,"") -> 76.443302 | AW34: =RANK(AV34, AV$27:AV$41) -> 6
C35: 9 | D35: 二配濃起司燻腸紅醬焗烤飯 | E35: 21 | F35: 2000 | G35: =F35/E35 -> 95.238095 | I35: =AVERAGE(P35,U35,Z35,AE35,AJ35,AO35,AT35) -> 20.857143 | J35: =AVERAGE(Q35,V35,AA35,AF35,AK35,AP35,AU35) -> 1738.1094 | K35: =AVERAGE(R35,W35,AB35,AG35,AL35,AQ35,AV35) -> 83.374178 | M35: =RANK(K35, K$27:$K$41) -> 2 | P35: 21 | Q35: 1651.1618 | R35: =IFERROR(Q35/P35,"") -> 78.626753 | S35: =RANK(R35, R$27:R$41) -> 4 | U35: 21 | V35: 1685.2906 | W35: =IFERROR(V35/U35,"") -> 80.251932 | X35: =RANK(W35, W$27:W$41) -> 3 | Z35: 21 | AA35: 1720.9014 | AB35: =IFERROR(AA35/Z35,"") -> 81.947686 | AC35: =RANK(AB35, AB$27:AB$41) -> 3 | AE35: 21 | AF35: 1755.3162 | AG35: =IFERROR(AF35/AE35,"") -> 83.586484 | AH35: =RANK(AG35, AG$27:AG$41) -> 3 | AJ35: 21 | AK35: 1784.6292 | AL35: =IFERROR(AK35/AJ35,"") -> 84.982343 | AM35: =RANK(AL35, AL$27:AL$41) -> 2 | AO35: 21 | AP35: 1784.7025 | AQ35: =IFERROR(AP35/AO35,"") -> 84.985836 | AR35: =RANK(AQ35, AQ$27:AQ$41) -> 2 | AT35: 20 | AU35: 1784.7642 | AV35: =IFERROR(AU35/AT35,"") -> 89.23821 | AW35: =RANK(AV35, AV$27:AV$41) -> 2
C36: 10
C37: 11
C38: 12
C39: 13
C40: 14
C41: 15
B42: 產線配置圖－每週更新(0310-0316) | N42: 資料繳交 | O42: 日期 | P42: =AT22+1 -> 46091 | U42: =P42+1 -> 46092 | Z42: =U42+1 -> 46093 | AE42: =Z42+1 -> 46094 | AJ42: =AE42+1 -> 46095 | AO42: =AJ42+1 -> 46096 | AT42: =AO42+1 -> 46097
P43: =P42 -> 46091 | U43: =U42 -> 46092 | Z43: =Z42 -> 46093 | AE43: =AE42 -> 46094 | AJ43: =AJ42 -> 46095 | AO43: =AO42 -> 46096 | AT43: =AT42 -> 46097
B44: 品群 | C44: 商品名稱 | E44: 計畫 | H44: 平均人時性 | I44: 實績 (週平均) | L44: 平均人時性 | M44: 排名 | O44: 日報 | P44: 實際 | T44: 平均人時性 | U44: 實際 | Y44: 平均人時性 | Z44: 實際 | AD44: 平均人時性 | AE44: 實際 | AI44: 平均人時性 | AJ44: 實際 | AN44: 平均人時性 | AO44: 實際 | AS44: 平均人時性 | AT44: 實際 | AX44: 平均人時性
E45: 產線配置圖 | I45: 產線配置圖 | P45: 生產實績 | U45: 生產實績 | Z45: 生產實績 | AE45: 生產實績 | AJ45: 生產實績 | AO45: 生產實績 | AT45: 生產實績
E46: 人數 | F46: 產能／時 | G46: 人時性 | I46: 人數 | J46: 產能／時 | K46: 人時性 | P46: 人數 | Q46: 產能／時 | R46: 人時性 | S46: 排名 | U46: 人數 | V46: 產能／時 | W46: 人時性 | X46: 排名 | Z46: 人數 | AA46: 產能／時 | AB46: 人時性 | AC46: 排名 | AE46: 人數 | AF46: 產能／時 | AG46: 人時性 | AH46: 排名 | AJ46: 人數 | AK46: 產能／時 | AL46: 人時性 | AM46: 排名 | AO46: 人數 | AP46: 產能／時 | AQ46: 人時性 | AR46: 排名 | AT46: 人數 | AU46: 產能／時 | AV46: 人時性 | AW46: 排名
B47: 微波主食 | C47: 1 | L47: =IFERROR(AVERAGE(K47:K61),"-") -> - | M47: =RANK(K47, K$47:$K$61) -> #N/A
C48: 2
C49: 3
C50: 4
C51: 5
C52: 6
C53: 7
C54: 8
C55: 9
C56: 10
C57: 11
C58: 12
C59: 13
... C61: 15
B62: 產線配置圖－每週更新(0317-0323) | N62: 資料繳交 | O62: 日期 | P62: =AT42+1 -> 46098 | U62: =P62+1 -> 46099 | Z62: =U62+1 -> 46100 | AE62: =Z62+1 -> 46101 | AJ62: =AE62+1 -> 46102 | AO62: =AJ62+1 -> 46103 | AT62: =AO62+1 -> 46104
P63: =P62 -> 46098 | U63: =U62 -> 46099 | Z63: =Z62 -> 46100 | AE63: =AE62 -> 46101 | AJ63: =AJ62 -> 46102 | AO63: =AO62 -> 46103 | AT63: =AT62 -> 46104
B64: 品群 | C64: 商品名稱 | E64: 計畫 | H64: 平均人時性 | I64: 實績 (週平均) | L64: 平均人時性 | M64: 排名 | O64: 日報 | P64: 實際 | T64: 平均人時性 | U64: 實際 | Y64: 平均人時性 | Z64: 實際 | AD64: 平均人時性 | AE64: 實際 | AI64: 平均人時性 | AJ64: 實際 | AN64: 平均人時性 | AO64: 實際 | AS64: 平均人時性 | AT64: 實際 | AX64: 平均人時性
E65: 產線配置圖 | I65: 產線配置圖 | P65: 生產實績 | U65: 生產實績 | Z65: 生產實績 | AE65: 生產實績 | AJ65: 生產實績 | AO65: 生產實績 | AT65: 生產實績
E66: 人數 | F66: 產能／時 | G66: 人時性 | I66: 人數 | J66: 產能／時 | K66: 人時性 | P66: 人數 | Q66: 產能／時 | R66: 人時性 | S66: 排名 | U66: 人數 | V66: 產能／時 | W66: 人時性 | X66: 排名 | Z66: 人數 | AA66: 產能／時 | AB66: 人時性 | AC66: 排名 | AE66: 人數 | AF66: 產能／時 | AG66: 人時性 | AH66: 排名 | AJ66: 人數 | AK66: 產能／時 | AL66: 人時性 | AM66: 排名 | AO66: 人數 | AP66: 產能／時 | AQ66: 人時性 | AR66: 排名 | AT66: 人數 | AU66: 產能／時 | AV66: 人時性 | AW66: 排名
B67: 微波主食 | C67: 1 | L67: =IFERROR(AVERAGE(K67:K81),"-") -> - | M67: =RANK(K67, K$67:$K$81) -> #N/A
C68: 2
C69: 3
C70: 4
C71: 5
C72: 6
C73: 7
C74: 8
C75: 9
C76: 10
C77: 11
C78: 12
C79: 13
... C81: 15
B82: 產線配置圖－每週更新(0324-0330) | N82: 資料繳交 | O82: 日期 | P82: =AT62+1 -> 46105 | U82: =P82+1 -> 46106 | Z82: =U82+1 -> 46107 | AE82: =Z82+1 -> 46108 | AJ82: =AE82+1 -> 46109 | AO82: =AJ82+1 -> 46110 | AT82: =AO82+1 -> 46111
P83: =P82 -> 46105 | U83: =U82 -> 46106 | Z83: =Z82 -> 46107 | AE83: =AE82 -> 46108 | AJ83: =AJ82 -> 46109 | AO83: =AO82 -> 46110 | AT83: =AT82 -> 46111
B84: 品群 | C84: 商品名稱 | E84: 計畫 | H84: 平均人時性 | I84: 實績 (週平均) | L84: 平均人時性 | M84: 排名 | O84: 日報 | P84: 實際 | T84: 平均人時性 | U84: 實際 | Y84: 平均人時性 | Z84: 實際 | AD84: 平均人時性 | AE84: 實際 | AI84: 平均人時性 | AJ84: 實際 | AN84: 平均人時性 | AO84: 實際 | AS84: 平均人時性 | AT84: 實際 | AX84: 平均人時性
E85: 產線配置圖 | I85: 產線配置圖 | P85: 生產實績 | U85: 生產實績 | Z85: 生產實績 | AE85: 生產實績 | AJ85: 生產實績 | AO85: 生產實績 | AT85: 生產實績
E86: 人數 | F86: 產能／時 | G86: 人時性 | I86: 人數 | J86: 產能／時 | K86: 人時性 | P86: 人數 | Q86: 產能／時 | R86: 人時性 | S86: 排名 | U86: 人數 | V86: 產能／時 | W86: 人時性 | X86: 排名 | Z86: 人數 | AA86: 產能／時 | AB86: 人時性 | AC86: 排名 | AE86: 人數 | AF86: 產能／時 | AG86: 人時性 | AH86: 排名 | AJ86: 人數 | AK86: 產能／時 | AL86: 人時性 | AM86: 排名 | AO86: 人數 | AP86: 產能／時 | AQ86: 人時性 | AR86: 排名 | AT86: 人數 | AU86: 產能／時 | AV86: 人時性 | AW86: 排名
B87: 微波主食 | C87: 1 | L87: =IFERROR(AVERAGE(K87:K101),"-") -> - | M87: =RANK(K87, K$87:$K$101) -> #N/A
C88: 2 | M88: =RANK(K88, K$87:$K$101) -> #N/A
C89: 3
C90: 4
C91: 5
C92: 6
C93: 7
C94: 8
C95: 9
C96: 10
C97: 11
C98: 12
C99: 13
C100: 14
C101: 15
B102: 產線配置圖－每週更新(0331-0406) | N102: 資料繳交 | O102: 日期 | P102: =AT82+1 -> 46112 | U102: =P102+1 -> 46113 | Z102: =U102+1 -> 46114 | AE102: =Z102+1 -> 46115 | AJ102: =AE102+1 -> 46116 | AO102: =AJ102+1 -> 46117 | AT102: =AO102+1 -> 46118
...

Sheet （５-6）品群別人時生產性(便當)
B1: 3月平均人時性 | C1: =AVERAGE(L27,L47,L67,L87) -> 76.642721
B2: 產線配置圖－每週更新(0224-0302) | N2: 資料繳交 | O2: 日期 | P2: 46077 | U2: =P2+1 -> 46078 | Z2: =U2+1 -> 46079 | AE2: =Z2+1 -> 46080 | AJ2: =AE2+1 -> 46081 | AO2: =AJ2+1 -> 46082 | AT2: =AO2+1 -> 46083
P3: =P2 -> 46077 | U3: =U2 -> 46078 | Z3: =Z2 -> 46079 | AE3: =AE2 -> 46080 | AJ3: =AJ2 -> 46081 | AO3: =AO2 -> 46082 | AT3: =AT2 -> 46083
B4: 品群 | C4: 商品名稱 | E4: 計畫 | H4: 平均人時性 | I4: 實績 (週平均) | L4: 平均人時性 | M4: 排名 | O4: 日報 | P4: 實際 | T4: 平均人時性 | U4: 實際 | Y4: 平均人時性 | Z4: 實際 | AD4: 平均人時性 | AE4: 實際 | AI4: 平均人時性 | AJ4: 實際 | AN4: 平均人時性 | AO4: 實際 | AS4: 平均人時性 | AT4: 實際 | AX4: 平均人時性
E5: 產線配置圖 | I5: 產線配置圖 | P5: 生產實績 | U5: 生產實績 | Z5: 生產實績 | AE5: 生產實績 | AJ5: 生產實績 | AO5: 生產實績 | AT5: 生產實績
E6: 人數 | F6: 產能／時 | G6: 人時性 | I6: 人數 | J6: 產能／時 | K6: 人時性 | P6: 人數 | Q6: 產能／時 | R6: 人時性 | S6: 排名 | U6: 人數 | V6: 產能／時 | W6: 人時性 | X6: 排名 | Z6: 人數 | AA6: 產能／時 | AB6: 人時性 | AC6: 排名 | AE6: 人數 | AF6: 產能／時 | AG6: 人時性 | AH6: 排名 | AJ6: 人數 | AK6: 產能／時 | AL6: 人時性 | AM6: 排名 | AO6: 人數 | AP6: 產能／時 | AQ6: 人時性 | AR6: 排名 | AT6: 人數 | AU6: 產能／時 | AV6: 人時性 | AW6: 排名
B7: 便當 | C7: 1 | D7: 經典滷肉飯 | E7: 21 | F7: 2000 | G7: =F7/E7 -> 95.238095 | H7: =AVERAGE(G7:G21) -> 87.78447 | I7: =AVERAGE(P7,U7,Z7,AE7,AJ7,AO7,AT7) -> 21 | J7: =AVERAGE(Q7,V7,AA7,AF7,AK7,AP7,AU7) -> 1782.2501 | K7: =AVERAGE(R7,W7,AB7,AG7,AL7,AQ7,AV7) -> 84.869054 | L7: =IFERROR(AVERAGE(K7:K21),"-") -> 78.283794 | M7: =RANK(K7, K$7:$K$21) -> 2 | P7: 21 | Q7: 1782.1371 | R7: =IFERROR(Q7/P7,"") -> 84.863671 | S7: =RANK(R7, R$7:R$21) -> 2 | T7: =AVERAGE(R7:R21) -> 78.277597 | U7: 21 | V7: 1782.0849 | W7: =IFERROR(V7/U7,"") -> 84.861184 | X7: =RANK(W7, W$7:W$21) -> 2 | Y7: =AVERAGE(W7:W21) -> 78.281524 | Z7: 21 | AA7: 1781.9788 | AB7: =IFERROR(AA7/Z7,"") -> 84.856133 | AC7: =RANK(AB7, AB$7:AB$21) -> 2 | AD7: =AVERAGE(AB7:AB21) -> 78.27995 | AE7: 21 | AF7: 1782.4183 | AG7: =IFERROR(AF7/AE7,"") -> 84.877063 | AH7: =RANK(AG7, AG$7:AG$21) -> 2 | AI7: =AVERAGE(AG7:AG21) -> 78.283938 | AJ7: 21 | AK7: 1782.3218 | AL7: =IFERROR(AK7/AJ7,"") -> 84.872468 | AM7: =RANK(AL7, AL$7:AL$21) -> 2 | AN7: =AVERAGE(AL7:AL21) -> 78.77921 | AO7: 21 | AP7: 1782.445 | AQ7: =IFERROR(AP7/AO7,"") -> 84.878333 | AR7: =RANK(AQ7, AQ$7:AQ$21) -> 2 | AS7: =AVERAGE(AQ7:AQ21) -> 78.778387 | AT7: 21 | AU7: 1782.365 | AV7: =IFERROR(AU7/AT7,"") -> 84.874524 | AW7: =RANK(AV7, AV$7:AV$21) -> 2 | AX7: =AVERAGE(AV7:AV21) -> 78.783091
C8: 2 | D8: 健身G肉餐盒 | E8: 25 | F8: 2000 | G8: =F8/E8 -> 80 | I8: =AVERAGE(P8,U8,Z8,AE8,AJ8,AO8,AT8) -> 25 | J8: =AVERAGE(Q8,V8,AA8,AF8,AK8,AP8,AU8) -> 1783.4881 | K8: =AVERAGE(R8,W8,AB8,AG8,AL8,AQ8,AV8) -> 71.339522 | M8: =RANK(K8, K$7:$K$21) -> 9 | P8: 25 | Q8: 1783.4731 | R8: =IFERROR(Q8/P8,"") -> 71.338922 | S8: =RANK(R8, R$7:R$21) -> 9 | U8: 25 | V8: 1783.4555 | W8: =IFERROR(V8/U8,"") -> 71.338222 | X8: =RANK(W8, W$7:W$21) -> 9 | Z8: 25 | AA8: 1783.5092 | AB8: =IFERROR(AA8/Z8,"") -> 71.340366 | AC8: =RANK(AB8, AB$7:AB$21) -> 9 | AE8: 25 | AF8: 1783.3516 | AG8: =IFERROR(AF8/AE8,"") -> 71.334065 | AH8: =RANK(AG8, AG$7:AG$21) -> 9 | AJ8: 25 | AK8: 1783.5106 | AL8: =IFERROR(AK8/AJ8,"") -> 71.340426 | AM8: =RANK(AL8, AL$7:AL$21) -> 8 | AO8: 25 | AP8: 1783.4862 | AQ8: =IFERROR(AP8/AO8,"") -> 71.33945 | AR8: =RANK(AQ8, AQ$7:AQ$21) -> 8 | AT8: 25 | AU8: 1783.6302 | AV8: =IFERROR(AU8/AT8,"") -> 71.345207 | AW8: =RANK(AV8, AV$7:AV$21) -> 8
C9: 3 | D9: 烤蛋白餐盒 | E9: 23 | F9: 2000 | G9: =F9/E9 -> 86.956522 | I9: =AVERAGE(P9,U9,Z9,AE9,AJ9,AO9,AT9) -> 23 | J9: =AVERAGE(Q9,V9,AA9,AF9,AK9,AP9,AU9) -> 1781.7737 | K9: =AVERAGE(R9,W9,AB9,AG9,AL9,AQ9,AV9) -> 77.46842 | M9: =RANK(K9, K$7:$K$21) -> 5 | P9: 23 | Q9: 1781.5732 | R9: =IFERROR(Q9/P9,"") -> 77.459702 | S9: =RANK(R9, R$7:R$21) -> 5 | U9: 23 | V9: 1781.6274 | W9: =IFERROR(V9/U9,"") -> 77.462063 | X9: =RANK(W9, W$7:W$21) -> 5 | Z9: 23 | AA9: 1781.8182 | AB9: =IFERROR(AA9/Z9,"") -> 77.470356 | AC9: =RANK(AB9, AB$7:AB$21) -> 5 | AE9: 23 | AF9: 1781.7821 | AG9: =IFERROR(AF9/AE9,"") -> 77.468787 | AH9: =RANK(AG9, AG$7:AG$21) -> 5 | AJ9: 23 | AK9: 1781.8182 | AL9: =IFERROR(AK9/AJ9,"") -> 77.470356 | AM9: =RANK(AL9, AL$7:AL$21) -> 5 | AO9: 23 | AP9: 1781.7802 | AQ9: =IFERROR(AP9/AO9,"") -> 77.468706 | AR9: =RANK(AQ9, AQ$7:AQ$21) -> 5 | AT9: 23 | AU9: 1782.0163 | AV9: =IFERROR(AU9/AT9,"") -> 77.478972 | AW9: =RANK(AV9, AV$7:AV$21) -> 5
C10: 4 | D10: 美式雞丁餐盒 | E10: 24 | F10: 2000 | G10: =F10/E10 -> 83.333333 | I10: =AVERAGE(P10,U10,Z10,AE10,AJ10,AO10,AT10) -> 24 | J10: =AVERAGE(Q10,V10,AA10,AF10,AK10,AP10,AU10) -> 1784.9125 | K10: =AVERAGE(R10,W10,AB10,AG10,AL10,AQ10,AV10) -> 74.371355 | M10: =RANK(K10, K$7:$K$21) -> 6 | P10: 24 | Q10: 1784.5371 | R10: =IFERROR(Q10/P10,"") -> 74.355711 | S10: =RANK(R10, R$7:R$21) -> 8 | U10: 24 | V10: 1784.9145 | W10: =IFERROR(V10/U10,"") -> 74.371438 | X10: =RANK(W10, W$7:W$21) -> 7 | Z10: 24 | AA10: 1785.124 | AB10: =IFERROR(AA10/Z10,"") -> 74.380165 | AC10: =RANK(AB10, AB$7:AB$21) -> 6 | AE10: 24 | AF10: 1785.1393 | AG10: =IFERROR(AF10/AE10,"") -> 74.380805 | AH10: =RANK(AG10, AG$7:AG$21) -> 6 | AJ10: 24 | AK10: 1784.8873 | AL10: =IFERROR(AK10/AJ10,"") -> 74.370305 | AM10: =RANK(AL10, AL$7:AL$21) -> 6 | AO10: 24 | AP10: 1784.7716 | AQ10: =IFERROR(AP10/AO10,"") -> 74.365482 | AR10: =RANK(AQ10, AQ$7:AQ$21) -> 6 | AT10: 24 | AU10: 1785.0139 | AV10: =IFERROR(AU10/AT10,"") -> 74.375578 | AW10: =RANK(AV10, AV$7:AV$21) -> 6
C11: 5 | D11: 嫩烤香料雞胸排蔬滿盒 | E11: 24 | F11: 2000 | G11: =F11/E11 -> 83.333333 | I11: =AVERAGE(P11,U11,Z11,AE11,AJ11,AO11,AT11) -> 24 | J11: =AVERAGE(Q11,V11,AA11,AF11,AK11,AP11,AU11) -> 1784.6339 | K11: =AVERAGE(R11,W11,AB11,AG11,AL11,AQ11,AV11) -> 74.359744 | M11: =RANK(K11, K$7:$K$21) -> 7 | P11: 24 | Q11: 1784.5641 | R11: =IFERROR(Q11/P11,"") -> 74.356837 | S11: =RANK(R11, R$7:R$21) -> 7 | U11: 24 | V11: 1784.6386 | W11: =IFERROR(V11/U11,"") -> 74.35994 | X11: =RANK(W11, W$7:W$21) -> 8 | Z11: 24 | AA11: 1784.7557 | AB11: =IFERROR(AA11/Z11,"") -> 74.364821 | AC11: =RANK(AB11, AB$7:AB$21) -> 7 | AE11: 24 | AF11: 1784.4452 | AG11: =IFERROR(AF11/AE11,"") -> 74.351884 | AH11: =RANK(AG11, AG$7:AG$21) -> 7 | AJ11: 24 | AK11: 1784.6251 | AL11: =IFERROR(AK11/AJ11,"") -> 74.35938 | AM11: =RANK(AL11, AL$7:AL$21) -> 7 | AO11: 24 | AP11: 1784.6154 | AQ11: =IFERROR(AP11/AO11,"") -> 74.358974 | AR11: =RANK(AQ11, AQ$7:AQ$21) -> 7 | AT11: 24 | AU11: 1784.7929 | AV11: =IFERROR(AU11/AT11,"") -> 74.366371 | AW11: =RANK(AV11, AV$7:AV$21) -> 7
C12: 6 | D12: 海陸雙拼肉肉餐盒 | E12: 23 | F12: 2000 | G12: =F12/E12 -> 86.956522 | I12: =AVERAGE(P12,U12,Z12,AE12,AJ12,AO12,AT12) -> 23 | J12: =AVERAGE(Q12,V12,AA12,AF12,AK12,AP12,AU12) -> 1782.2096 | K12: =AVERAGE(R12,W12,AB12,AG12,AL12,AQ12,AV12) -> 77.487375 | M12: =RANK(K12, K$7:$K$21) -> 4 | P12: 23 | Q12: 1781.98 | R12: =IFERROR(Q12/P12,"") -> 77.47739 | S12: =RANK(R12, R$7:R$21) -> 4 | U12: 23 | V12: 1782.0896 | W12: =IFERROR(V12/U12,"") -> 77.482154 | X12: =RANK(W12, W$7:W$21) -> 4 | Z12: 23 | AA12: 1782.1646 | AB12: =IFERROR(AA12/Z12,"") -> 77.485419 | AC12: =RANK(AB12, AB$7:AB$21) -> 4 | AE12: 23 | AF12: 1782.3199 | AG12: =IFERROR(AF12/AE12,"") -> 77.492171 | AH12: =RANK(AG12, AG$7:AG$21) -> 4 | AJ12: 23 | AK12: 1782.2581 | AL12: =IFERROR(AK12/AJ12,"") -> 77.489481 | AM12: =RANK(AL12, AL$7:AL$21) -> 4 | AO12: 23 | AP12: 1782.2563 | AQ12: =IFERROR(AP12/AO12,"") -> 77.489404 | AR12: =RANK(AQ12, AQ$7:AQ$21) -> 4 | AT12: 23 | AU12: 1782.399 | AV12: =IFERROR(AU12/AT12,"") -> 77.495607 | AW12: =RANK(AV12, AV$7:AV$21) -> 4
C13: 7 | D13: 蔬活腿排補力餐盒 | E13: 22 | F13: 2000 | G13: =F13/E13 -> 90.909091 | I13: =AVERAGE(P13,U13,Z13,AE13,AJ13,AO13,AT13) -> 22 | J13: =AVERAGE(Q13,V13,AA13,AF13,AK13,AP13,AU13) -> 1784.1206 | K13: =AVERAGE(R13,W13,AB13,AG13,AL13,AQ13,AV13) -> 81.096393 | M13: =RANK(K13, K$7:$K$21) -> 3 | P13: 22 | Q13: 1784.0836 | R13: =IFERROR(Q13/P13,"") -> 81.094709 | S13: =RANK(R13, R$7:R$21) -> 3 | U13: 22 | V13: 1784.0166 | W13: =IFERROR(V13/U13,"") -> 81.091665 | X13: =RANK(W13, W$7:W$21) -> 3 | Z13: 22 | AA13: 1784.0919 | AB13: =IFERROR(AA13/Z13,"") -> 81.095087 | AC13: =RANK(AB13, AB$7:AB$21) -> 3 | AE13: 22 | AF13: 1784.0252 | AG13: =IFERROR(AF13/AE13,"") -> 81.092054 | AH13: =RANK(AG13, AG$7:AG$21) -> 3 | AJ13: 22 | AK13: 1784.2649 | AL13: =IFERROR(AK13/AJ13,"") -> 81.10295 | AM13: =RANK(AL13, AL$7:AL$21) -> 3 | AO13: 22 | AP13: 1784.1241 | AQ13: =IFERROR(AP13/AO13,"") -> 81.096549 | AR13: =RANK(AQ13, AQ$7:AQ$21) -> 3 | AT13: 22 | AU13: 1784.2382 | AV13: =IFERROR(AU13/AT13,"") -> 81.101735 | AW13: =RANK(AV13, AV$7:AV$21) -> 3
C14: 8 | D14: 香腸腿排雙拼便當 | E14: 20 | F14: 2000 | G14: =F14/E14 -> 100 | I14: =AVERAGE(P14,U14,Z14,AE14,AJ14,AO14,AT14) -> 20 | J14: =AVERAGE(Q14,V14,AA14,AF14,AK14,AP14,AU14) -> 1784.2695 | K14: =AVERAGE(R14,W14,AB14,AG14,AL14,AQ14,AV14) -> 89.213475 | M14: =RANK(K14, K$7:$K$21) -> 1 | P14: 20 | Q14: 1783.8806 | R14: =IFERROR(Q14/P14,"") -> 89.19403 | S14: =RANK(R14, R$7:R$21) -> 1 | U14: 20 | V14: 1783.9109 | W14: =IFERROR(V14/U14,"") -> 89.195546 | X14: =RANK(W14, W$7:W$21) -> 1 | Z14: 20 | AA14: 1784.0983 | AB14: =IFERROR(AA14/Z14,"") -> 89.204913 | AC14: =RANK(AB14, AB$7:AB$21) -> 1 | AE14: 20 | AF14: 1784.2918 | AG14: =IFERROR(AF14/AE14,"") -> 89.214589 | AH14: =RANK(AG14, AG$7:AG$21) -> 1 | AJ14: 20 | AK14: 1784.5663 | AL14: =IFERROR(AK14/AJ14,"") -> 89.228315 | AM14: =RANK(AL14, AL$7:AL$21) -> 1 | AO14: 20 | AP14: 1784.6039 | AQ14: =IFERROR(AP14/AO14,"") -> 89.230197 | AR14: =RANK(AQ14, AQ$7:AQ$21) -> 1 | AT14: 20 | AU14: 1784.5347 | AV14: =IFERROR(AU14/AT14,"") -> 89.226737 | AW14: =RANK(AV14, AV$7:AV$21) -> 1
C15: 9 | D15: 福氣魚四喜開運便當 | E15: 24 | F15: 2000 | G15: =F15/E15 -> 83.333333 | I15: =AVERAGE(P15,U15,Z15,AE15,AJ15,AO15,AT15) -> 24 | J15: =AVERAGE(Q15,V15,AA15,AF15,AK15,AP15,AU15) -> 1784.3714 | K15: =AVERAGE(R15,W15,AB15,AG15,AL15,AQ15,AV15) -> 74.348807 | M15: =RANK(K15, K$7:$K$21) -> 8 | P15: 24 | Q15: 1784.5777 | R15: =IFERROR(Q15/P15,"") -> 74.357405 | S15: =RANK(R15, R$7:R$21) -> 6 | U15: 24 | V15: 1784.9162 | W15: =IFERROR(V15/U15,"") -> 74.371508 | X15: =RANK(W15, W$7:W$21) -> 6 | Z15: 24 | AA15: 1783.7349 | AB15: =IFERROR(AA15/Z15,"") -> 74.322289 | AC15: =RANK(AB15, AB$7:AB$21) -> 8 | AE15: 24 | AF15: 1784.2566 | AG15: =IFERROR(AF15/AE15,"") -> 74.344023 | AH15: =RANK(AG15, AG$7:AG$21) -> 8
C16: 10
C17: 11
C18: 12
C19: 13
C20: 14
C21: 15
B22: 產線配置圖－每週更新(0303-0309) | N22: 資料繳交 | O22: 日期 | P22: 46084 | U22: 46085 | Z22: 46086 | AE22: 46087 | AJ22: 46088 | AO22: 46089 | AT22: 46090
P23: 46084 | U23: 46085 | Z23: 46086 | AE23: 46087 | AJ23: 46088 | AO23: 46089 | AT23: 46090
B24: 品群 | C24: 商品名稱 | E24: 計畫 | H24: 平均人時性 | I24: 實績 (週平均) | L24: 平均人時性 | M24: 排名 | O24: 日報 | P24: 實際 | T24: 平均人時性 | U24: 實際 | Y24: 平均人時性 | Z24: 實際 | AD24: 平均人時性 | AE24: 實際 | AI24: 平均人時性 | AJ24: 實際 | AN24: 平均人時性 | AO24: 實際 | AS24: 平均人時性 | AT24: 實際 | AX24: 平均人時性
E25: 產線配置圖 | I25: 產線配置圖 | P25: 生產實績 | U25: 生產實績 | Z25: 生產實績 | AE25: 生產實績 | AJ25: 生產實績 | AO25: 生產實績 | AT25: 生產實績
E26: 人數 | F26: 產能／時 | G26: 人時性 | I26: 人數 | J26: 產能／時 | K26: 人時性 | P26: 人數 | Q26: 產能／時 | R26: 人時性 | S26: 排名 | U26: 人數 | V26: 產能／時 | W26: 人時性 | X26: 排名 | Z26: 人數 | AA26: 產能／時 | AB26: 人時性 | AC26: 排名 | AE26: 人數 | AF26: 產能／時 | AG26: 人時性 | AH26: 排名 | AJ26: 人數 | AK26: 產能／時 | AL26: 人時性 | AM26: 排名 | AO26: 人數 | AP26: 產能／時 | AQ26: 人時性 | AR26: 排名 | AT26: 人數 | AU26: 產能／時 | AV26: 人時性 | AW26: 排名
B27: 便當 | C27: 1 | D27: 經典滷肉飯 | E27: 21 | F27: 2000 | G27: =F27/E27 -> 95.238095 | H27: =AVERAGE(G27:G41) -> 88.340862 | I27: =AVERAGE(P27,U27,Z27,AE27,AJ27,AO27,AT27) -> 22 | J27: =AVERAGE(Q27,V27,AA27,AF27,AK27,AP27,AU27) -> 1783.067 | K27: =AVERAGE(R27,W27,AB27,AG27,AL27,AQ27,AV27) -> 81.048502 | L27: =IFERROR(AVERAGE(K27:K41),"-") -> 76.642721 | M27: =RANK(K27, K$27:$K$41) -> 3 | P27: 22 | Q27: 1782.6106 | R27: =IFERROR(Q27/P27,"") -> 81.027757 | S27: =RANK(R27, R$27:R$41) -> 3 | T27: =AVERAGE(R27:R41) -> 76.25034 | U27: 22 | V27: 1782.9736 | W27: =IFERROR(V27/U27,"") -> 81.044253 | X27: =RANK(W27, W$27:W$41) -> 3 | Y27: =AVERAGE(W27:W41) -> 76.251308 | Z27: 22 | AA27: 1783.3424 | AB27: =IFERROR(AA27/Z27,"") -> 81.061018 | AC27: =RANK(AB27, AB$27:AB$41) -> 3 | AD27: =AVERAGE(AB27:AB41) -> 76.796916 | AE27: 22 | AF27: 1783.2817 | AG27: =IFERROR(AF27/AE27,"") -> 81.058261 | AH27: =RANK(AG27, AG$27:AG$41) -> 3 | AI27: =AVERAGE(AG27:AG41) -> 76.794838 | AJ27: 22 | AK27: 1783.1868 | AL27: =IFERROR(AK27/AJ27,"") -> 81.053946 | AM27: =RANK(AL27, AL$27:AL$41) -> 3 | AN27: =AVERAGE(AL27:AL41) -> 76.800742 | AO27: 22 | AP27: 1782.8889 | AQ27: =IFERROR(AP27/AO27,"") -> 81.040406 | AR27: =RANK(AQ27, AQ$27:AQ$41) -> 3 | AS27: =AVERAGE(AQ27:AQ41) -> 76.800937 | AT27: 22 | AU27: 1783.1852 | AV27: =IFERROR(AU27/AT27,"") -> 81.053874 | AW27: =RANK(AV27, AV$27:AV$41) -> 3 | AX27: =AVERAGE(AV27:AV41) -> 76.803967
C28: 2 | D28: 健身G肉餐盒 | E28: 25 | F28: 2000 | G28: =F28/E28 -> 80 | I28: =AVERAGE(P28,U28,Z28,AE28,AJ28,AO28,AT28) -> 26 | J28: =AVERAGE(Q28,V28,AA28,AF28,AK28,AP28,AU28) -> 1783.8555 | K28: =AVERAGE(R28,W28,AB28,AG28,AL28,AQ28,AV28) -> 68.609826 | M28: =RANK(K28, K$27:$K$41) -> 8 | P28: 26 | Q28: 1783.6627 | R28: =IFERROR(Q28/P28,"") -> 68.602413 | S28: =RANK(R28, R$27:R$41) -> 8 | U28: 26 | V28: 1783.6825 | W28: =IFERROR(V28/U28,"") -> 68.603174 | X28: =RANK(W28, W$27:W$41) -> 8 | Z28: 26 | AA28: 1783.9763 | AB28: =IFERROR(AA28/Z28,"") -> 68.614472 | AC28: =RANK(AB28, AB$27:AB$41) -> 8 | AE28: 26 | AF28: 1783.9825 | AG28: =IFERROR(AF28/AE28,"") -> 68.614711 | AH28: =RANK(AG28, AG$27:AG$41) -> 8 | AJ28: 26 | AK28: 1783.9136 | AL28: =IFERROR(AK28/AJ28,"") -> 68.61206 | AM28: =RANK(AL28, AL$27:AL$41) -> 8 | AO28: 26 | AP28: 1783.9098 | AQ28: =IFERROR(AP28/AO28,"") -> 68.611917 | AR28: =RANK(AQ28, AQ$27:AQ$41) -> 8 | AT28: 26 | AU28: 1783.8609 | AV28: =IFERROR(AU28/AT28,"") -> 68.610036 | AW28: =RANK(AV28, AV$27:AV$41) -> 8
C29: 3 | D29: 烤蛋白餐盒 | E29: 23 | F29: 2000 | G29: =F29/E29 -> 86.956522 | I29: =AVERAGE(P29,U29,Z29,AE29,AJ29,AO29,AT29) -> 24 | J29: =AVERAGE(Q29,V29,AA29,AF29,AK29,AP29,AU29) -> 1782.0122 | K29: =AVERAGE(R29,W29,AB29,AG29,AL29,AQ29,AV29) -> 74.250507 | M29: =RANK(K29, K$27:$K$41) -> 6 | P29: 24 | Q29: 1782 | R29: =IFERROR(Q29/P29,"") -> 74.25 | S29: =RANK(R29, R$27:R$41) -> 6 | U29: 24 | V29: 1781.9141 | W29: =IFERROR(V29/U29,"") -> 74.24642 | X29: =RANK(W29, W$27:W$41) -> 6 | Z29: 24 | AA29: 1781.8337 | AB29: =IFERROR(AA29/Z29,"") -> 74.24307 | AC29: =RANK(AB29, AB$27:AB$41) -> 6 | AE29: 24 | AF29: 1781.8792 | AG29: =IFERROR(AF29/AE29,"") -> 74.244966 | AH29: =RANK(AG29, AG$27:AG$41) -> 6 | AJ29: 24 | AK29: 1782.1133 | AL29: =IFERROR(AK29/AJ29,"") -> 74.25472 | AM29: =RANK(AL29, AL$27:AL$41) -> 6 | AO29: 24 | AP29: 1782.2034 | AQ29: =IFERROR(AP29/AO29,"") -> 74.258475 | AR29: =RANK(AQ29, AQ$27:AQ$41) -> 6 | AT29: 24 | AU29: 1782.1415 | AV29: =IFERROR(AU29/AT29,"") -> 74.255895 | AW29: =RANK(AV29, AV$27:AV$41) -> 6
C30: 4 | D30: 美式雞丁餐盒 | E30: 24 | F30: 2000 | G30: =F30/E30 -> 83.333333 | I30: =AVERAGE(P30,U30,Z30,AE30,AJ30,AO30,AT30) -> 25 | J30: =AVERAGE(Q30,V30,AA30,AF30,AK30,AP30,AU30) -> 1785.1416 | K30: =AVERAGE(R30,W30,AB30,AG30,AL30,AQ30,AV30) -> 71.405665 | M30: =RANK(K30, K$27:$K$41) -> 7 | P30: 25 | Q30: 1785.1603 | R30: =IFERROR(Q30/P30,"") -> 71.406412 | S30: =RANK(R30, R$27:R$41) -> 7 | U30: 25 | V30: 1785.1149 | W30: =IFERROR(V30/U30,"") -> 71.404594 | X30: =RANK(W30, W$27:W$41) -> 7 | Z30: 25 | AA30: 1785.0595 | AB30: =IFERROR(AA30/Z30,"") -> 71.402382 | AC30: =RANK(AB30, AB$27:AB$41) -> 7 | AE30: 25 | AF30: 1784.9215 | AG30: =IFERROR(AF30/AE30,"") -> 71.396859 | AH30: =RANK(AG30, AG$27:AG$41) -> 7 | AJ30: 25 | AK30: 1785.1363 | AL30: =IFERROR(AK30/AJ30,"") -> 71.40545 | AM30: =RANK(AL30, AL$27:AL$41) -> 7 | AO30: 25 | AP30: 1785.2861 | AQ30: =IFERROR(AP30/AO30,"") -> 71.411444 | AR30: =RANK(AQ30, AQ$27:AQ$41) -> 7 | AT30: 25 | AU30: 1785.3128 | AV30: =IFERROR(AU30/AT30,"") -> 71.412511 | AW30: =RANK(AV30, AV$27:AV$41) -> 7
