Workbook

Sheet 生產管理報表(月)
A1: 大溪廠生產管理報表
A3: 月別 | B3: 11 | C3: 工廠 | D3: 大溪廠
A4: （１）收支狀況 | E4: ※單位：千元 | G4: （２）ＫＰＩ達成進度
A5: 項目 | B5: 當月 | C5: 前月 | D5: 差異 | E5: 累計 | G5: 項目 | H5: KPI | I5: 當月 | J5: 前月 | K5: 累計 | L5: ※補充
A6: 業績金額 | B6: ='（１）收支狀況'!H98/1000 -> 207972.71 | C6: 216033.87 | D6: =B6-C6 -> -8061.1661 | G6: 人時性(個/月均) | I6: ='（２）ＫＰＩ達成進度'!H98 -> 402.00824 | J6: 404.78464 | L6: 個／MH
A7: 訂單數量 | B7: ='（１）收支狀況'!K98 -> 6488772 | C7: 6846388 | D7: =B7-C7 -> -357616 | G7: 人時達成率(%/月均) | H7: 0.8 | I7: ='（２）ＫＰＩ達成進度'!K98 -> 0.80789438 | J7: 0.81347396 | L7: 達成率
A8: 材料費 | B8: ='（１）收支狀況'!N98/1000 -> 137652.89 | C8: 139689 | D8: =B8-C8 -> -2036.1087 | G8: 半成品-報廢(%) | H8: 0.0025 | I8: ='（２）ＫＰＩ達成進度'!N98 -> 0.0024148901 | J8: 0.0024147137 | L8: 報廢率
A9: 材料費率 | B9: ='（１）收支狀況'!Q98 -> 0.66187959 | C9: 0.657 | D9: =B9-C9 -> 0.0048795929 | G9: 半成品-超用(%) | H9: 0.004 | I9: ='（２）ＫＰＩ達成進度'!Q98 -> 0.0066803757 | J9: 0.0070266315 | L9: 超用率
A10: 勞務成本 | B10: ='（１）收支狀況'!T98/1000 -> 29578.744 | C10: 30613 | D10: =B10-C10 -> -1034.2562 | G10: 固定產線-導入率(%) | H10: 0.8 | I10: ='（２）ＫＰＩ達成進度'!T98 -> 0.9 | J10: 0.9 | L10: 導入率
A11: 勞務費率 | B11: ='（１）收支狀況'!W98 -> 0.14222416 | C11: 0.144 | D11: =B11-C11 -> -0.0017758393 | G11: 教育訓練-實施率(%) | H11: 1 | I11: ='（２）ＫＰＩ達成進度'!W98 -> 0.88846154 | J11: 0.80521092 | L11: 實施率
A13: （３）業績構成比 | E13: ※單位：千元 | G13: （４）訂單數量構成比 | K13: ※單位：個
B14: 當月 | C14: 比例 | D14: 前月 | E14: 差異 | H14: 當月 | I14: 比例 | J14: 前月 | K14: 差異
A15: 18℃-飯糰(061,063) | B15: =SUM('（３）業績構成比'!M68:M98)/1000 -> 59054.44 | C15: =IFERROR(B15/$B$6,"") -> 0.28395284 | D15: 0.27335732 | E15: =IFERROR(C15-D15,"") -> 0.010595519 | G15: 18℃-飯糰(061,063) | H15: =SUM('（４）訂單數量構成比'!M68:M98) -> 3161741 | I15: =IFERROR(H15/$B$7,"") -> 0.48726338 | J15: 0.46181154 | K15: =IFERROR(I15-J15,"") -> 0.025451841
A16: 18℃-壽司手卷(071,072,075,076) | B16: =SUM('（３）業績構成比'!S68:S98)/1000 -> 15941.53 | C16: =IFERROR(B16/$B$6,"") -> 0.076652031 | D16: 0.073791809 | E16: =IFERROR(C16-D16,"") -> 0.0028602216 | G16: 18℃-壽司手卷(071,072,075,076) | H16: =SUM('（４）訂單數量構成比'!S68:S98) -> 687743 | I16: =IFERROR(H16/$B$7,"") -> 0.1059897 | J16: 0.10045341 | K16: =IFERROR(I16-J16,"") -> 0.0055362934
A17: 4℃-飯糰(065) | B17: =SUM('（３）業績構成比'!U68:U98)/1000 -> 21531.056 | C17: =IFERROR(B17/$B$6,"") -> 0.10352827 | D17: 0.099665183 | E17: =IFERROR(C17-D17,"") -> 0.0038630915 | G17: 4℃-飯糰(065) | H17: =SUM('（４）訂單數量構成比'!U68:U98) -> 650381 | I17: =IFERROR(H17/$B$7,"") -> 0.10023175 | J17: 0.094996223 | K17: =IFERROR(I17-J17,"") -> 0.0052355313
A18: 4℃-壽司手卷(077) | B18: =SUM('（３）業績構成比'!W68:W98)/1000 -> 583.06385 | C18: =IFERROR(B18/$B$6,"") -> 0.0028035594 | D18: 0.0026989464 | E18: =IFERROR(C18-D18,"") -> 0.00010461303 | G18: 4℃-壽司手卷(077) | H18: =SUM('（４）訂單數量構成比'!W68:W98) -> 21895 | I18: =IFERROR(H18/$B$7,"") -> 0.0033742902 | J18: 0.0031980367 | K18: =IFERROR(I18-J18,"") -> 0.00017625355
A19: 主食(091,092,093,094,095) | B19: =SUM('（３）業績構成比'!AC68:AC98)/1000 -> 37471.286 | C19: =IFERROR(B19/$B$6,"") -> 0.18017405 | D19: 0.17345097 | E19: =IFERROR(C19-D19,"") -> 0.0067230798 | G19: 主食(091,092,093,094,095) | H19: =SUM('（４）訂單數量構成比'!AC68:AC98) -> 689243 | I19: =IFERROR(H19/$B$7,"") -> 0.10622087 | J19: 0.1006725 | K19: =IFERROR(I19-J19,"") -> 0.0055483683
A20: 便當(083) | B20: =SUM('（３）業績構成比'!AE68:AE98)/1000 -> 45573.246 | C20: =IFERROR(B20/$B$6,"") -> 0.2191309 | D20: 0.21095417 | E20: =IFERROR(C20-D20,"") -> 0.0081767297 | G20: 便當(083) | H20: =SUM('（４）訂單數量構成比'!AE68:AE98) -> 738246 | I20: =IFERROR(H20/$B$7,"") -> 0.11377284 | J20: 0.10783 | K20: =IFERROR(I20-J20,"") -> 0.0059428398
A21: 熱食義麵(122,123,124,126) | B21: =SUM('（３）業績構成比'!AG68:AG98)/1000 -> 7588.0624 | C21: =IFERROR(B21/$B$6,"") -> 0.036485857 | D21: 0.03512441 | E21: =IFERROR(C21-D21,"") -> 0.0013614465 | G21: 熱食義麵(122,123,124,126) | H21: =SUM('（４）訂單數量構成比'!AG68:AG98) -> 135899 | I21: =IFERROR(H21/$B$7,"") -> 0.020943716 | J21: 0.019849737 | K21: =IFERROR(I21-J21,"") -> 0.0010939795
A22: 季節調理麵(111,112) | B22: =SUM('（３）業績構成比'!AI68:AI98)/1000 -> 19749.874 | C22: =IFERROR(B22/$B$6,"") -> 0.094963778 | D22: 0.091420265 | E22: =IFERROR(C22-D22,"") -> 0.0035435128 | G22: 季節調理麵(111,112) | H22: =SUM('（４）訂單數量構成比'!AI68:AI98) -> 535660 | I22: =IFERROR(H22/$B$7,"") -> 0.08255183 | J22: 0.078239796 | K22: =IFERROR(I22-J22,"") -> 0.0043120336
A23: 微波小吃(153,154,155) | B23: =SUM('（３）業績構成比'!AK68:AK98)/1000 -> 8541.3152 | C23: =IFERROR(B23/$B$6,"") -> 0.041069404 | D23: 0.039536926 | E23: =IFERROR(C23-D23,"") -> 0.0015324786 | G23: 微波小吃(153,154,155) | H23: =SUM('（４）訂單數量構成比'!AK68:AK98) -> 225580 | I23: =IFERROR(H23/$B$7,"") -> 0.034764667 | J23: 0.032948761 | K23: =IFERROR(I23-J23,"") -> 0.0018159066
C24: =SUM(C15:C23) -> 1.0387607 | D24: =SUM(D15:D23) -> 1 | I24: =SUM(I15:I23) -> 1.055113 | J24: =SUM(J15:J23) -> 1
A26: （５）品群別人時生產性
A27: 品群 | B27: 當月 | C27: 前月 | D27: 差異 | E27: 累計
A28: 18℃-飯A15:A23糰(061,063) | B28: ='（５-1）品群別人時生產性(18℃-飯糰)'!C1 -> 762.41736 | C28: 786.79158 | D28: =B28-C28 -> -24.374227
A29: 18℃-壽司手卷(071,072,075,076) | B29: ='（５-2）品群別人時生產性(18℃-壽司手卷)'!C1 -> 290.57964 | C29: 279.19009 | D29: =B29-C29 -> 11.38955
A30: 4℃-飯糰(065) | B30: ='（５-3）品群別人時生產性(4℃-飯糰)'!C1 -> 315.63546 | C30: 328.9337 | D30: =B30-C30 -> -13.298238
A31: 4℃-壽司手卷(077) | B31: ='（５-4）品群別人時生產性(4℃-壽司手卷)'!C1 -> 245.33728 | C31: 475.34233 | D31: =B31-C31 -> -230.00505
A32: 主食(091,092,093,094,095) | B32: ='（５-5）品群別人時生產性(微波主食) '!C1 -> 81.451554 | C32: 79.343759 | D32: =B32-C32 -> 2.1077948
A33: 便當(083) | B33: ='（５-6）品群別人時生產性(便當)'!C1 -> 77.58595 | C33: 76.241997 | D33: =B33-C33 -> 1.3439526
A34: 熱食義麵(122,123,124,126) | B34: ='（５-7）品群別人時生產性(熱食義麵) '!C1 -> 69.783292 | C34: 66.862962 | D34: =B34-C34 -> 2.9203299
A35: 季節調理麵(111,112) | B35: ='（５-8）品群別人時生產性(季節調理麵) '!C1 -> 149.91965 | C35: 156.42106 | D35: =B35-C35 -> -6.5014118
A36: 微波小吃(153,154,155) | B36: ='（５-9）品群別人時生產性(微波小吃)'!C1 -> 75.896556 | C36: 77.128631 | D36: =B36-C36 -> -1.2320742

Sheet 生產管理報表(週) 
A1: 大溪廠生產管理報表
A3: 月別 | B3: 11 | C3: 週別 | D3: W4 | E3: 工廠 | F3: 大溪廠
A4: （１）收支狀況 | E4: ※單位：千元 | G4: （２）ＫＰＩ達成進度
A5: 項目 | B5: 當週 | C5: 前週 | D5: 差異 | E5: 累計 | G5: 項目 | H5: KPI | I5: 當週 | J5: 前週 | K5: 累計 | L5: ※補充
A6: 業績金額 | B6: ='（１）收支狀況'!G121/1000 -> 50473.368 | C6: 47042.266 | D6: =B6-C6 -> 3431.1022 | E6: ='（１）收支狀況'!H98:H98/1000 -> 207972.71 | G6: 人時性(個/月均) | I6: ='（２）ＫＰＩ達成進度'!G121 -> 400.8349 | J6: 400.18218 | K6: ='（２）ＫＰＩ達成進度'!H98 -> 402.00824 | L6: 個／MH
A7: 訂單數量 | B7: ='（１）收支狀況'!J121 -> 1516857 | C7: 1470480 | D7: =B7-C7 -> 46377 | E7: ='（１）收支狀況'!K98:K98 -> 6488772 | G7: 人時達成率(%/月均) | H7: 0.8 | I7: ='（２）ＫＰＩ達成進度'!J121 -> 0.80553638 | J7: 0.80422463 | K7: ='（２）ＫＰＩ達成進度'!K98 -> 0.80789438 | L7: 達成率
A8: 材料費 | B8: ='（１）收支狀況'!M121/1000 -> 33029.175 | C8: 31032.302 | D8: =B8-C8 -> 1996.8723 | E8: ='（１）收支狀況'!N98:N98/1000 -> 137652.89 | G8: 半成品-報廢(%) | H8: 0.0025 | I8: ='（２）ＫＰＩ達成進度'!M121 -> 0.0024215593 | J8: 0.0024165312 | K8: ='（２）ＫＰＩ達成進度'!N98 -> 0.0024148901 | L8: 報廢率
A9: 材料費率 | B9: ='（１）收支狀況'!P121 -> 0.65438817 | C9: 0.65966853 | D9: =B9-C9 -> -0.0052803654 | E9: ='（１）收支狀況'!Q98 -> 0.66187959 | G9: 半成品-超用(%) | H9: 0.004 | I9: ='（２）ＫＰＩ達成進度'!P121 -> 0.0067690136 | J9: 0.0065476451 | K9: ='（２）ＫＰＩ達成進度'!Q98 -> 0.0066803757 | L9: 超用率
A10: 勞務成本 | B10: ='（１）收支狀況'!S121/1000 -> 7324.1673 | C10: 7041.2029 | D10: =B10-C10 -> 282.96445 | E10: ='（１）收支狀況'!T98/1000 -> 29578.744 | G10: 固定產線-導入率(%) | H10: 0.8 | I10: ='（２）ＫＰＩ達成進度'!S121 -> 0.9 | J10: 0.9 | K10: ='（２）ＫＰＩ達成進度'!T98 -> 0.9 | L10: 導入率
A11: 勞務費率 | B11: ='（１）收支狀況'!V121 -> 0.14510954 | C11: 0.14967823 | D11: =B11-C11 -> -0.0045686834 | E11: ='（１）收支狀況'!W98 -> 0.14222416 | G11: 教育訓練-實施率(%) | H11: 1 | I11: =48/52*100% -> 0.92307692 | J11: 0.90384615 | K11: ='（２）ＫＰＩ達成進度'!W98 -> 0.88846154 | L11: 實施率
A13: （３）業績構成比 | E13: ※單位：千元 | G13: （４）訂單數量構成比 | K13: ※單位：個
B14: 當週 | C14: 比例 | D14: 前週 | E14: 差異 | H14: 當週 | I14: 比例 | J14: 前週 | K14: 差異
A15: 18℃-飯糰(061,063) | B15: =SUM('（３）業績構成比'!M123:M129)/1000 -> 12736.939 | C15: =IFERROR(B15/$B$6,"") -> 0.25234969 | D15: 0.27052362 | E15: =IFERROR(C15-D15,"") -> -0.018173931 | G15: 18℃-飯糰(061,063) | H15: =SUM('（４）訂單數量構成比'!M123:M129) -> 674042 | I15: =IFERROR(H15/$B$7,"") -> 0.44436753 | J15: 0.45884677 | K15: =IFERROR(I15-J15,"") -> -0.01447924
A16: 18℃-壽司手卷(071,072,075,076) | B16: =SUM('（３）業績構成比'!S123:S129)/1000 -> 2909.5533 | C16: =IFERROR(B16/$B$6,"") -> 0.057645317 | D16: 0.064251662 | E16: =IFERROR(C16-D16,"") -> -0.0066063449 | G16: 18℃-壽司手卷(071,072,075,076) | H16: =SUM('（４）訂單數量構成比'!S123:S129) -> 117262 | I16: =IFERROR(H16/$B$7,"") -> 0.077305903 | J16: 0.083811409 | K16: =IFERROR(I16-J16,"") -> -0.0065055056
A17: 4℃-飯糰(065) | B17: =SUM('（３）業績構成比'!U123:U129)/1000 -> 5197.8655 | C17: =IFERROR(B17/$B$6,"") -> 0.10298234 | D17: 0.10927645 | E17: =IFERROR(C17-D17,"") -> -0.0062941054 | G17: 4℃-飯糰(065) | H17: =SUM('（４）訂單數量構成比'!U123:U129) -> 175752 | I17: =IFERROR(H17/$B$7,"") -> 0.1158659 | J17: 0.11442318 | K17: =IFERROR(I17-J17,"") -> 0.0014427175
A18: 4℃-壽司手卷(077) | B18: =SUM('（３）業績構成比'!W123:W129)/1000 -> 645.36464 | C18: =IFERROR(B18/$B$6,"") -> 0.012786241 | D18: 0.019780002 | E18: =IFERROR(C18-D18,"") -> -0.0069937609 | G18: 4℃-壽司手卷(077) | H18: =SUM('（４）訂單數量構成比'!W123:W129) -> 22523 | I18: =IFERROR(H18/$B$7,"") -> 0.014848466 | J18: 0.022070344 | K18: =IFERROR(I18-J18,"") -> -0.0072218781
A19: 主食(091,092,093,094,095) | B19: =SUM('（３）業績構成比'!AC123:AC129)/1000 -> 6392.3219 | C19: =IFERROR(B19/$B$6,"") -> 0.12664742 | D19: 0.14779896 | E19: =IFERROR(C19-D19,"") -> -0.021151542 | G19: 主食(091,092,093,094,095) | H19: =SUM('（４）訂單數量構成比'!AC123:AC129) -> 117734 | I19: =IFERROR(H19/$B$7,"") -> 0.077617073 | J19: 0.087120532 | K19: =IFERROR(I19-J19,"") -> -0.0095034594
A20: 便當(083) | B20: =SUM('（３）業績構成比'!AE123:AE129)/1000 -> 12119.288 | C20: =IFERROR(B20/$B$6,"") -> 0.24011253 | D20: 0.23794333 | E20: =IFERROR(C20-D20,"") -> 0.002169203 | G20: 便當(083) | H20: =SUM('（４）訂單數量構成比'!AE123:AE129) -> 200623 | I20: =IFERROR(H20/$B$7,"") -> 0.1322623 | J20: 0.12472322 | K20: =IFERROR(I20-J20,"") -> 0.0075390833
A21: 熱食義麵(122,123,124,126) | B21: =SUM('（３）業績構成比'!AG123:AG129)/1000 -> 2453.9239 | C21: =IFERROR(B21/$B$6,"") -> 0.048618192 | D21: 0.028739974 | E21: =IFERROR(C21-D21,"") -> 0.019878218 | G21: 熱食義麵(122,123,124,126) | H21: =SUM('（４）訂單數量構成比'!AG123:AG129) -> 43443 | I21: =IFERROR(H21/$B$7,"") -> 0.028640142 | J21: 0.016045781 | K21: =IFERROR(I21-J21,"") -> 0.012594361
A22: 季節調理麵(111,112) | B22: =SUM('（３）業績構成比'!AI123:AI129)/1000 -> 6418.7281 | C22: =IFERROR(B22/$B$6,"") -> 0.12717059 | D22: 0.081680054 | E22: =IFERROR(C22-D22,"") -> 0.045490538 | G22: 季節調理麵(111,112) | H22: =SUM('（４）訂單數量構成比'!AI123:AI129) -> 122238 | I22: =IFERROR(H22/$B$7,"") -> 0.08058637 | J22: 0.059772999 | K22: =IFERROR(I22-J22,"") -> 0.020813371
A23: 微波小吃(153,154,155) | B23: =SUM('（３）業績構成比'!AK123:AK129)/1000 -> 1599.3837 | C23: =IFERROR(B23/$B$6,"") -> 0.031687676 | D23: 0.04000595 | E23: =IFERROR(C23-D23,"") -> -0.0083182746 | G23: 微波小吃(153,154,155) | H23: =SUM('（４）訂單數量構成比'!AK123:AK129) -> 43240 | I23: =IFERROR(H23/$B$7,"") -> 0.028506313 | J23: 0.033185762 | K23: =IFERROR(I23-J23,"") -> -0.0046794497
C24: =SUM(C15:C23) -> 1 | D24: =SUM(D15:D23) -> 1 | I24: =SUM(I15:I23) -> 1 | J24: =SUM(J15:J23) -> 1
A26: （５）品群別人時生產性
A27: 品群 | B27: 當週 | C27: 前週 | D27: 差異 | E27: 累計
A28: 18℃-飯糰(061,063) | B28: ='（５-1）品群別人時生產性(18℃-飯糰)'!L634 -> 763.91577 | C28: 759.28872 | D28: =B28-C28 -> 4.627049 | E28: ='（５-1）品群別人時生產性(18℃-飯糰)'!C1 -> 762.41736
A29: 18℃-壽司手卷(071,072,075,076) | B29: ='（５-2）品群別人時生產性(18℃-壽司手卷)'!L347 -> 291.0601 | C29: 290.83647 | D29: =B29-C29 -> 0.22363231 | E29: ='（５-2）品群別人時生產性(18℃-壽司手卷)'!C1 -> 290.57964
A30: 4℃-飯糰(065) | B30: ='（５-3）品群別人時生產性(4℃-飯糰)'!L347 -> 313.28024 | C30: 286.86805 | D30: =B30-C30 -> 26.412198 | E30: ='（５-3）品群別人時生產性(4℃-飯糰)'!C1 -> 315.63546
A31: 4℃-壽司手卷(077) | B31: ='（５-4）品群別人時生產性(4℃-壽司手卷)'!L347 -> 328.85615 | C31: 328.60677 | D31: =B31-C31 -> 0.24937477 | E31: ='（５-4）品群別人時生產性(4℃-壽司手卷)'!C1 -> 245.33728
A32: 主食(091,092,093,094,095) | B32: ='（５-5）品群別人時生產性(微波主食) '!L347 -> 81.758735 | C32: 81.753519 | D32: =B32-C32 -> 0.0052160674 | E32: ='（５-5）品群別人時生產性(微波主食) '!C1 -> 81.451554
A33: 便當(083) | B33: ='（５-6）品群別人時生產性(便當)'!L347 -> 78.417879 | C33: 78.368424 | D33: =B33-C33 -> 0.049454592 | E33: ='（５-6）品群別人時生產性(便當)'!C1 -> 77.58595
A34: 熱食義麵(122,123,124,126) | B34: ='（５-7）品群別人時生產性(熱食義麵) '!L347 -> 76.913219 | C34: 72.383356 | D34: =B34-C34 -> 4.5298632 | E34: ='（５-7）品群別人時生產性(熱食義麵) '!C1 -> 69.783292
A35: 季節調理麵(111,112) | B35: ='（５-8）品群別人時生產性(季節調理麵) '!L347 -> 134.93089 | C35: 144.62282 | D35: =B35-C35 -> -9.6919304 | E35: ='（５-8）品群別人時生產性(季節調理麵) '!C1 -> 149.91965
A36: 微波小吃(153,154,155) | B36: ='（５-9）品群別人時生產性(微波小吃)'!L347 -> 75.923786 | C36: 75.915057 | D36: =B36-C36 -> 0.0087288111 | E36: ='（５-9）品群別人時生產性(微波小吃)'!C1 -> 75.896556

Sheet （１）收支狀況
B2: （１）收支狀況
B3: 資料繳交日 | C3: 月份 | D3: 日期 | F3: 營業額(元) | I3: 訂單數量(個) | L3: 材料費(元) | O3: 材料費率（材料費／營業額） | R3: 勞務成本（全廠人事成本） | U3: 勞務費率（勞務成本／營業額）
F4: 日 | G4: 週累積 | H4: 月累積 | I4: 日 | J4: 週累積 | K4: 月累積 | L4: 日 | M4: 週累積 | N4: 月累積 | O4: 日 | P4: 週累積 | Q4: 月累積 | R4: 日 | S4: 週累積 | T4: 月累積 | U4: 日 | V4: 週累積 | W4: 月累積
B5: 45910 | C5: 八 | D5: 45870 | E5: 五 | F5: 5795364.7 | G5: =SUM(F5:F8) -> 27982997 | H5: =SUM(F5:F35) -> 2.2566005e+08 | I5: 183531 | J5: =SUM(I5:I8) -> 876019 | K5: =SUM(I5:I35) -> 7168725 | L5: 4092107 | M5: =SUM(L5:L8) -> 19436107 | N5: =SUM(L5:L35) -> 1.5612467e+08 | O5: =L5/F5 -> 0.7061 | P5: =M5/G5 -> 0.69456846 | Q5: =N5/H5 -> 0.69185781 | R5: 891841 | S5: =SUM(R5:R8) -> 4014259.6 | T5: =SUM(R5:R35) -> 31193590 | U5: =R5/F5 -> 0.15388868 | V5: =S5/G5 -> 0.14345352 | W5: =T5/H5 -> 0.13823267
D6: 45871 | E6: 六 | F6: 6281761 | I6: 197498 | L6: 4425500.6 | O6: =L6/F6 -> 0.7045 | R6: 933551.29 | U6: =R6/F6 -> 0.14861299
D7: 45872 | E7: 日 | F7: 8003391.1 | I7: 248740 | L7: 5487125 | O7: =L7/F7 -> 0.6856 | R7: 1102691.3 | U7: =R7/F7 -> 0.13777801
D8: 45873 | E8: 一 | F8: 7902480.4 | I8: 246250 | L8: 5431374.8 | O8: =L8/F8 -> 0.6873 | R8: 1086176 | U8: =R8/F8 -> 0.13744748
D9: 45874 | E9: 二 | F9: 9130487.1 | G9: =SUM(F9:F15) -> 53787022 | I9: 275843 | J9: =SUM(I9:I15) -> 1673202 | L9: 6235209.6 | M9: =SUM(L9:L15) -> 36823749 | O9: =L9/F9 -> 0.6829 | P9: =M9/G9 -> 0.68462146 | R9: 1198581 | S9: =SUM(R9:R15) -> 7406479.7 | U9: =R9/F9 -> 0.1312724 | V9: =S9/G9 -> 0.13770013
D10: 45875 | E10: 三 | F10: 8314895.1 | I10: 255183 | L10: 5738940.6 | O10: =L10/F10 -> 0.6902 | R10: 1101959 | U10: =R10/F10 -> 0.13252831
D11: 45876 | E11: 四 | F11: 7555343.1 | I11: 235184 | L11: 5185987.5 | O11: =L11/F11 -> 0.6864 | R11: 1033014.8 | U11: =R11/F11 -> 0.13672639
D12: 45877 | E12: 五 | F12: 6209389.7 | I12: 195967 | L12: 4214933.7 | O12: =L12/F12 -> 0.6788 | R12: 940377.97 | U12: =R12/F12 -> 0.15144451
D13: 45878 | E13: 六 | F13: 6591313.1 | I13: 208309 | L13: 4526254.7 | O13: =L13/F13 -> 0.6867 | R13: 957572 | U13: =R13/F13 -> 0.14527788
D14: 45879 | E14: 日 | F14: 8170415.2 | I14: 256296 | L14: 5606538.9 | O14: =L14/F14 -> 0.6862 | R14: 1100462 | U14: =R14/F14 -> 0.13468863
D15: 45880 | E15: 一 | F15: 7815178.3 | I15: 246420 | L15: 5315884.3 | O15: =L15/F15 -> 0.6802 | R15: 1074513 | U15: =R15/F15 -> 0.13749053
B16: =D24 -> 45889 | D16: 45881 | E16: 二 | F16: 7841558.5 | G16: =SUM(F16:F22) -> 52217932 | I16: 239747 | J16: =SUM(I16:I22) -> 1628812 | L16: 5453803.9 | M16: =SUM(L16:L22) -> 35703457 | O16: =L16/F16 -> 0.6955 | P16: =M16/G16 -> 0.68373939 | R16: 1079138.9 | S16: =SUM(R16:R22) -> 7072355.9 | U16: =R16/F16 -> 0.13761791 | V16: =S16/G16 -> 0.13543922
D17: 45882 | E17: 三 | F17: 7976719.9 | I17: 246278 | L17: 5268623.5 | O17: =L17/F17 -> 0.6605 | R17: 1080253.7 | U17: =R17/F17 -> 0.1354258
D18: 45883 | E18: 四 | F18: 7479649 | I18: 233538 | L18: 5208827.6 | O18: =L18/F18 -> 0.6964 | R18: 1003496.7 | U18: =R18/F18 -> 0.13416361
D19: 45884 | E19: 五 | F19: 6364780.2 | I19: 198328 | L19: 4519630.4 | O19: =L19/F19 -> 0.7101 | R19: 934083.81 | U19: =R19/F19 -> 0.14675822
D20: 45885 | E20: 六 | F20: 6421067.8 | I20: 202709 | L20: 4356052.4 | O20: =L20/F20 -> 0.6784 | R20: 931231.33 | U20: =R20/F20 -> 0.14502749
D21: 45886 | E21: 日 | F21: 8145084.9 | I21: 254386 | L21: 5559020.4 | O21: =L21/F21 -> 0.6825 | R21: 1090508.3 | U21: =R21/F21 -> 0.13388544
D22: 45887 | E22: 一 | F22: 7989071.6 | I22: 253826 | L22: 5337498.7 | O22: =L22/F22 -> 0.6681 | R22: 953643.13 | U22: =R22/F22 -> 0.11936846
B23: =D24 -> 45889 | D23: 45888 | E23: 二 | F23: 7909637 | G23: =SUM(F23:F29) -> 50567324 | I23: 255899 | J23: =SUM(I23:I29) -> 1643193 | L23: 5546237.5 | M23: =SUM(L23:L29) -> 35420864 | O23: =L23/F23 -> 0.7012 | P23: =M23/G23 -> 0.70046942 | R23: 1069724.4 | S23: =SUM(R23:R29) -> 6924132.9 | U23: =R23/F23 -> 0.13524317 | V23: =S23/G23 -> 0.136929
D24: 45889 | E24: 三 | F24: 7775987.8 | I24: 251326 | L24: 5404311.5 | O24: =L24/F24 -> 0.695 | R24: 1044733.1 | U24: =R24/F24 -> 0.13435375
D25: 45890 | E25: 四 | F25: 7246465.3 | I25: 234557 | L25: 5066003.9 | O25: =L25/F25 -> 0.6991 | R25: 1004617.8 | U25: =R25/F25 -> 0.13863556
D26: 45891 | E26: 五 | F26: 5933586.3 | I26: 195333 | L26: 4169531.1 | O26: =L26/F26 -> 0.7027 | R26: 915576.34 | U26: =R26/F26 -> 0.15430404
D27: 45892 | E27: 六 | F27: 6081229.5 | I27: 200546 | L27: 4329227.3 | O27: =L27/F27 -> 0.7119 | R27: 920449.84 | U27: =R27/F27 -> 0.15135917
D28: 45893 | E28: 日 | F28: 7894027 | I28: 255114 | L28: 5555026.8 | O28: =L28/F28 -> 0.7037 | R28: 1049747.4 | U28: =R28/F28 -> 0.13297996
D29: 45894 | E29: 一 | F29: 7726391.3 | I29: 250418 | L29: 5350526 | O29: =L29/F29 -> 0.6925 | R29: 919284.12 | U29: =R29/F29 -> 0.11897975
B30: =D38 -> 45903 | D30: 45895 | E30: 二 | F30: 7423824.2 | G30: =SUM(F30:F36) -> 48911413 | I30: 242071 | J30: =SUM(I30:I36) -> 1600303 | L30: 5190737.9 | M30: =SUM(L30:L36) -> 34039750 | O30: =L30/F30 -> 0.6992 | P30: =M30/G30 -> 0.69594696 | R30: 1019343.9 | S30: =SUM(R30:R36) -> 6708813.6 | U30: =R30/F30 -> 0.13730712 | V30: =S30/G30 -> 0.13716254
D31: 45896 | E31: 三 | F31: 7268105.9 | I31: 237593 | L31: 5102210.3 | O31: =L31/F31 -> 0.702 | R31: 1002052.9 | U31: =R31/F31 -> 0.13786988
D32: 45897 | E32: 四 | F32: 6765305.7 | I32: 223084 | L32: 4751274.2 | O32: =L32/F32 -> 0.7023 | R32: 957969.59 | U32: =R32/F32 -> 0.14160034
D33: 45898 | E33: 五 | F33: 5760799.9 | I33: 190353 | L33: 3966310.7 | O33: =L33/F33 -> 0.6885 | R33: 876104.08 | U33: =R33/F33 -> 0.15208028
D34: 45899 | E34: 六 | F34: 6161593.8 | I34: 202704 | L34: 4425872.8 | O34: =L34/F34 -> 0.7183 | R34: 907804 | U34: =R34/F34 -> 0.14733266
D35: 45900 | E35: 日 | F35: 7725142.4 | I35: 251694 | L35: 5304082.8 | O35: =L35/F35 -> 0.6866 | R35: 1013087.7 | U35: =R35/F35 -> 0.13114162
D36: 45901 | E36: 一 | F36: 7806641.3 | H36: =SUM(F36:F65) -> 2.1375147e+08 | I36: 252804 | K36: =SUM(I36:I65) -> 7022371 | L36: 5299260.8 | N36: =SUM(L36:L65) -> 1.4240014e+08 | O36: =L36/F36 -> 0.67881443 | Q36: =N36/H36 -> 0.66619491 | R36: 932451.5 | T36: =SUM(R36:R65) -> 29802751 | U36: =R36/F36 -> 0.11944336 | W36: =T36/H36 -> 0.13942711
B37: =B30+7 -> 45910 | D37: 45902 | E37: 二 | F37: 8169292.4 | G37: =SUM(F37:F43) -> 50724262 | I37: 267176 | J37: =SUM(I37:I43) -> 1673814 | L37: 5332358.2 | M37: =SUM(L37:L43) -> 33879379 | O37: =L37/F37 -> 0.65273196 | P37: =M37/G37 -> 0.66791269 | R37: 1087307.4 | S37: =SUM(R37:R43) -> 7050306.9 | U37: =R37/F37 -> 0.13309689 | V37: =S37/G37 -> 0.13899279
D38: 45903 | E38: 三 | F38: 7774607.2 | I38: 255665 | L38: 5250264.4 | O38: =L38/F38 -> 0.67530928 | R38: 1043986.6 | U38: =R38/F38 -> 0.13428158
D39: 45904 | E39: 四 | F39: 6925705.3 | I39: 230570 | L39: 4667711.2 | O39: =L39/F39 -> 0.67396907 | R39: 1014007.1 | U39: =R39/F39 -> 0.14641211
D40: 45905 | E40: 五 | F40: 5813361.8 | I40: 194911 | L40: 3942598 | O40: =L40/F40 -> 0.67819588 | R40: 910686.1 | U40: =R40/F40 -> 0.15665395
D41: 45906 | E41: 六 | F41: 6064269.1 | I41: 202561 | L41: 4096507.5 | O41: =L41/F41 -> 0.67551546 | R41: 899985.38 | U41: =R41/F41 -> 0.14840789
D42: 45907 | E42: 日 | F42: 8031264.4 | I42: 262932 | L42: 5305188.3 | O42: =L42/F42 -> 0.66056701 | R42: 1043807.8 | U42: =R42/F42 -> 0.12996806
D43: 45908 | E43: 一 | F43: 7945762.3 | I43: 259999 | L43: 5284751.1 | O43: =L43/F43 -> 0.66510309 | R43: 1050526.4 | U43: =R43/F43 -> 0.13221216
B44: =B37+7 -> 45917 | D44: =D43+1 -> 45909 | E44: 二 | F44: 7852972.2 | G44: =SUM(F44:F50) -> 50242376 | I44: 258026 | J44: =SUM(I44:I50) -> 1658017 | L44: 5218988.2 | M44: =SUM(L44:L50) -> 33439915 | O44: =L44/F44 -> 0.66458763 | P44: =M44/G44 -> 0.66557193 | R44: 1042922.7 | S44: =SUM(R44:R50) -> 6824366.2 | U44: =R44/F44 -> 0.13280611 | V44: =S44/G44 -> 0.13582889
D45: =D44+1 -> 45910 | E45: 三 | F45: 7585453.3 | I45: 250306 | L45: 5095938.8 | O45: =L45/F45 -> 0.67180412 | R45: 1005024.8 | U45: =R45/F45 -> 0.13249371
D46: =D45+1 -> 45911 | E46: 四 | F46: 6980689.7 | I46: 231245 | L46: 4601857.7 | O46: =L46/F46 -> 0.6592268 | R46: 961377.96 | U46: =R46/F46 -> 0.13771963
D47: =D46+1 -> 45912 | E47: 五 | F47: 5798799.4 | I47: 191700 | L47: 3871147 | O47: =L47/F47 -> 0.66757732 | R47: 893839.5 | U47: =R47/F47 -> 0.15414216
D48: =D47+1 -> 45913 | E48: 六 | F48: 6087959.4 | I48: 201547 | L48: 4069204.6 | O48: =L48/F48 -> 0.66840206 | R48: 911296.31 | U48: =R48/F48 -> 0.1496883
D49: =D48+1 -> 45914 | E49: 日 | F49: 8034432.2 | I49: 263020 | L49: 5273320.9 | O49: =L49/F49 -> 0.65634021 | R49: 1060561.4 | U49: =R49/F49 -> 0.13200203
D50: =D49+1 -> 45915 | E50: 一 | F50: 7902070 | I50: 262173 | L50: 5309457.9 | O50: =L50/F50 -> 0.67190722 | R50: 949343.53 | U50: =R50/F50 -> 0.12013859
B51: =B44+7 -> 45924 | D51: =D50+1 -> 45916 | E51: 二 | F51: 8643585.1 | G51: =SUM(F51:F57) -> 51456413 | I51: 281350 | J51: =SUM(I51:I57) -> 1699029 | L51: 5676696.8 | M51: =SUM(L51:L57) -> 34077741 | O51: =L51/F51 -> 0.65675258 | P51: =M51/G51 -> 0.66226421 | R51: 1127633.2 | S51: =SUM(R51:R57) -> 7128295.5 | U51: =R51/F51 -> 0.13045897 | V51: =S51/G51 -> 0.13853075
D52: =D51+1 -> 45917 | E52: 三 | F52: 8026958.5 | I52: 265157 | L52: 5388406.2 | O52: =L52/F52 -> 0.67128866 | R52: 1061955.6 | U52: =R52/F52 -> 0.13229863
D53: =D52+1 -> 45918 | E53: 四 | F53: 7356981 | I53: 243355 | L53: 4881774 | O53: =L53/F53 -> 0.6635567 | R53: 1010189.7 | U53: =R53/F53 -> 0.13731036
D54: =D53+1 -> 45919 | E54: 五 | F54: 5796047.9 | I54: 194339 | L54: 3832860.8 | O54: =L54/F54 -> 0.66128866 | R54: 896953.61 | U54: =R54/F54 -> 0.15475262
D55: =D54+1 -> 45920 | E55: 六 | F55: 5974025.3 | I55: 199506 | L55: 3973342.7 | O55: =L55/F55 -> 0.66510309 | R55: 896330.49 | U55: =R55/F55 -> 0.15003795
D56: =D55+1 -> 45921 | E56: 日 | F56: 7966442.2 | I56: 262326 | L56: 5308360.7 | O56: =L56/F56 -> 0.66634021 | R56: 1067621.6 | U56: =R56/F56 -> 0.13401486
D57: =D56+1 -> 45922 | E57: 一 | F57: 7692372.9 | I57: 252996 | L57: 5016299.5 | O57: =L57/F57 -> 0.6521134 | R57: 1067611.2 | U57: =R57/F57 -> 0.13878828
B58: =B51+7 -> 45931 | D58: =D57+1 -> 45923 | E58: 二 | F58: 7459138 | G58: =SUM(F58:F64) -> 45017389 | I58: 244725 | J58: =SUM(I58:I64) -> 1470690 | L58: 4928798.5 | M58: =SUM(L58:L64) -> 29958125 | O58: =L58/F58 -> 0.6607732 | P58: =M58/G58 -> 0.66547895 | R58: 1051124.3 | S58: =SUM(R58:R64) -> 6683738.8 | U58: =R58/F58 -> 0.14091767 | V58: =S58/G58 -> 0.14847016
D59: =D58+1 -> 45924 | E59: 三 | F59: 7098839 | I59: 234032 | L59: 4760979.1 | O59: =L59/F59 -> 0.6706701 | R59: 984610.35 | U59: =R59/F59 -> 0.13870019
D60: =D59+1 -> 45925 | E60: 四 | F60: 6557727.1 | I60: 214931 | L60: 4352775.9 | O60: =L60/F60 -> 0.66376289 | R60: 963224.59 | U60: =R60/F60 -> 0.14688391
D61: =D60+1 -> 45926 | E61: 五 | F61: 5226513.3 | I61: 169827 | L61: 3481019.5 | O61: =L61/F61 -> 0.66603093 | R61: 851620.01 | U61: =R61/F61 -> 0.16294228
D62: =D61+1 -> 45927 | E62: 六 | F62: 5183430.2 | I62: 167413 | L62: 3422934.3 | O62: =L62/F62 -> 0.66036082 | R62: 847921.01 | U62: =R62/F62 -> 0.16358299
D63: =D62+1 -> 45928 | E63: 日 | F63: 5811925.4 | I63: 187314 | L63: 3911665.4 | O63: =L63/F63 -> 0.67304124 | R63: 917748.09 | U63: =R63/F63 -> 0.15790776
D64: =D63+1 -> 45929 | E64: 一 | F64: 7679816.1 | I64: 252448 | L64: 5099952.1 | O64: =L64/F64 -> 0.66407216 | R64: 1067490.4 | U64: =R64/F64 -> 0.13899947
B65: =B58+7 -> 45938 | D65: =D64+1 -> 45930 | E65: 二 | F65: 8504391 | G65: =SUM(F65:F71) -> 48020962 | I65: 268017 | J65: =SUM(I65:I71) -> 1525437 | L65: 5745724.3 | M65: =SUM(L65:L71) -> 32120376 | O65: =L65/F65 -> 0.67561856 | P65: =M65/G65 -> 0.66888239 | R65: 1183591.9 | S65: =SUM(R65:R71) -> 6926418.8 | U65: =R65/F65 -> 0.13917421 | V65: =S65/G65 -> 0.1442374
D66: =D65+1 -> 45931 | E66: 三 | F66: 7759690.4 | I66: 249452 | L66: 5188992.9 | O66: =L66/F66 -> 0.66871134 | R66: 1064860.8 | U66: =R66/F66 -> 0.1372298
D67: =D66+1 -> 45932 | E67: 四 | F67: 7035393.4 | H67: =SUM(F66:F96) -> 2.1603387e+08 | I67: 223624 | K67: =SUM(I66:I96) -> 6846388 | L67: 4716252.1 | N67: =SUM(L66:L96) -> 1.4294995e+08 | O67: =L67/F67 -> 0.67036082 | Q67: =N67/H67 -> 0.66170157 | R67: 996023.8 | T67: =SUM(R67:R96) -> 29741620 | U67: =R67/F67 -> 0.14157329 | W67: =T67/H67 -> 0.1376711
D68: =D67+1 -> 45933 | E68: 五 | F68: 5457658.3 | I68: 173626 | L68: 3620903.1 | O68: =L68/F68 -> 0.66345361 | R68: 865924.87 | U68: =R68/F68 -> 0.15866235
D69: =D68+1 -> 45934 | E69: 六 | F69: 5378162.1 | I69: 169667 | L69: 3601982.5 | O69: =L69/F69 -> 0.66974227 | R69: 857350.69 | U69: =R69/F69 -> 0.15941332
D70: =D69+1 -> 45935 | E70: 日 | F70: 5928059 | I70: 187872 | L70: 3996550.7 | O70: =L70/F70 -> 0.67417526 | R70: 899972.5 | U70: =R70/F70 -> 0.15181571
D71: =D70+1 -> 45936 | E71: 一 | F71: 7957607.8 | I71: 253179 | L71: 5249970.2 | O71: =L71/F71 -> 0.65974227 | R71: 1058694.3 | U71: =R71/F71 -> 0.13304178
B72: =B65+7 -> 45945 | D72: =D71+1 -> 45937 | E72: 二 | F72: 7735533.3 | G72: =SUM(F72:F78) -> 46920812 | I72: 244889 | J72: =SUM(I72:I78) -> 1478940 | L72: 5107445.7 | M72: =SUM(L72:L78) -> 31156042 | O72: =L72/F72 -> 0.66025773 | P72: =M72/G72 -> 0.66401327 | R72: 1053714 | S72: =SUM(R72:R78) -> 6697583.6 | U72: =R72/F72 -> 0.13621737 | V72: =S72/G72 -> 0.14274228
D73: =D72+1 -> 45938 | E73: 三 | F73: 6990078.6 | I73: 220946 | L73: 4641196 | O73: =L73/F73 -> 0.66396907 | R73: 960316.99 | U73: =R73/F73 -> 0.13738286
D74: =D73+1 -> 45939 | E74: 四 | F74: 5629785.9 | I74: 175392 | L74: 3696796 | O74: =L74/F74 -> 0.65664948 | R74: 876289.25 | U74: =R74/F74 -> 0.15565232
D75: =D74+1 -> 45940 | E75: 五 | F75: 5383668.6 | I75: 168610 | L75: 3580139.6 | O75: =L75/F75 -> 0.665 | R75: 853105.63 | U75: =R75/F75 -> 0.15846177
D76: =D75+1 -> 45941 | E76: 六 | F76: 5813078.6 | I76: 183752 | L76: 3849516.5 | O76: =L76/F76 -> 0.66221649 | R76: 887691 | U76: =R76/F76 -> 0.15270583
D77: =D76+1 -> 45942 | E77: 日 | F77: 7715093 | I77: 243434 | L77: 5233139.6 | O77: =L77/F77 -> 0.67829897 | R77: 1033673 | U77: =R77/F77 -> 0.13398063
D78: =D77+1 -> 45943 | E78: 一 | F78: 7653574.3 | I78: 241917 | L78: 5047808.4 | O78: =L78/F78 -> 0.65953608 | R78: 1032793.8 | U78: =R78/F78 -> 0.13494267
B79: =B72+7 -> 45952 | D79: =D78+1 -> 45944 | E79: 二 | F79: 8258006 | G79: =SUM(F79:F85) -> 52309638 | I79: 261956 | J79: =SUM(I79:I85) -> 1663833 | L79: 5409760.1 | M79: =SUM(L79:L85) -> 34276642 | O79: =L79/F79 -> 0.65509278 | P79: =M79/G79 -> 0.65526437 | R79: 1131236.4 | S79: =SUM(R79:R85) -> 7202642.9 | U79: =R79/F79 -> 0.13698662 | V79: =S79/G79 -> 0.13769246
D80: =D79+1 -> 45945 | E80: 三 | F80: 8118705.1 | I80: 255292 | L80: 5220578.5 | O80: =L80/F80 -> 0.64303093 | R80: 1100423.9 | U80: =R80/F80 -> 0.1355418
D81: =D80+1 -> 45946 | E81: 四 | F81: 7400190.3 | I81: 234908 | L81: 4980557 | O81: =L81/F81 -> 0.67303093 | R81: 1036789.6 | U81: =R81/F81 -> 0.1401031
D82: =D81+1 -> 45947 | E82: 五 | F82: 6008294.2 | I82: 193551 | L82: 3922363.1 | O82: =L82/F82 -> 0.65282474 | R82: 935126.89 | U82: =R82/F82 -> 0.15563933
D83: =D82+1 -> 45948 | E83: 六 | F83: 6172282.1 | I83: 201109 | L83: 4081596.5 | O83: =L83/F83 -> 0.66127835 | R83: 938387.08 | U83: =R83/F83 -> 0.15203244
D84: =D83+1 -> 45949 | E84: 日 | F84: 8298386.9 | I84: 262730 | L84: 5444768.4 | O84: =L84/F84 -> 0.65612371 | R84: 1096856.8 | U84: =R84/F84 -> 0.13217711
D85: =D84+1 -> 45950 | E85: 一 | F85: 8053773.8 | I85: 254287 | L85: 5217018.8 | O85: =L85/F85 -> 0.6477732 | R85: 963822.23 | U85: =R85/F85 -> 0.11967337
B86: =B79+7 -> 45959 | D86: =D85+1 -> 45951 | E86: 二 | F86: 7924086.6 | G86: =SUM(F86:F92) -> 48473978 | I86: 250808 | J86: =SUM(I86:I92) -> 1532303 | L86: 5270252.8 | M86: =SUM(L86:L92) -> 31943355 | O86: =L86/F86 -> 0.66509278 | P86: =M86/G86 -> 0.65897945 | R86: 1084413.6 | S86: =SUM(R86:R92) -> 7030090.2 | U86: =R86/F86 -> 0.1368503 | V86: =S86/G86 -> 0.14502813
D87: =D86+1 -> 45952 | E87: 三 | F87: 7371808.3 | I87: 232098 | L87: 4880897.1 | O87: =L87/F87 -> 0.66210309 | R87: 1025975.2 | U87: =R87/F87 -> 0.13917551
D88: =D87+1 -> 45953 | E88: 四 | F88: 5768650.5 | I88: 182380 | L88: 3800410.8 | O88: =L88/F88 -> 0.65880412 | R88: 896063.7 | U88: =R88/F88 -> 0.15533333
D89: =D88+1 -> 45954 | E89: 五 | F89: 5491721.7 | I89: 174764 | L89: 3640049 | O89: =L89/F89 -> 0.66282474 | R89: 881551.38 | U89: =R89/F89 -> 0.16052368
D90: =D89+1 -> 45955 | E90: 六 | F90: 5829561.7 | I90: 186652 | L90: 3775632.8 | O90: =L90/F90 -> 0.6476701 | R90: 916840.89 | U90: =R90/F90 -> 0.15727441
D91: =D90+1 -> 45956 | E91: 日 | F91: 8112299.6 | I91: 253071 | L91: 5356124.9 | O91: =L91/F91 -> 0.66024742 | R91: 1120441.6 | U91: =R91/F91 -> 0.1381164
D92: =D91+1 -> 45957 | E92: 一 | F92: 7975849.5 | I92: 252530 | L92: 5219988 | O92: =L92/F92 -> 0.65447423 | R92: 1104803.8 | U92: =R92/F92 -> 0.13851863
B93: =B86+7 -> 45966 | D93: =D92+1 -> 45958 | E93: 二 | F93: 8366217.2 | G93: =SUM(F93:F99) -> 50222625 | I93: 261326 | J93: =SUM(I93:I99) -> 1583955 | L93: 5582423.1 | M93: =SUM(L93:L99) -> 33328990 | O93: =L93/F93 -> 0.66725773 | P93: =M93/G93 -> 0.66362502 | R93: 1138040.5 | S93: =SUM(R93:R99) -> 7202544.4 | U93: =R93/F93 -> 0.13602809 | V93: =S93/G93 -> 0.14341235
D94: =D93+1 -> 45959 | E94: 三 | F94: 7818037.6 | I94: 248570 | L94: 5236795.6 | O94: =L94/F94 -> 0.66983505 | R94: 1088879.8 | U94: =R94/F94 -> 0.1392779
D95: =D94+1 -> 45960 | E95: 四 | F95: 6961611.1 | I95: 222624 | L95: 4615045.7 | O95: =L95/F95 -> 0.66292784 | R95: 1000754.3 | U95: =R95/F95 -> 0.14375326
D96: =D95+1 -> 45961 | E96: 五 | F96: 5667008.8 | I96: 181372 | L96: 3764997 | O96: =L96/F96 -> 0.66437113 | R96: 905662.61 | U96: =R96/F96 -> 0.15981317
D97: =D96+1 -> 45962 | E97: 六 | F97: 5815672.8 | I97: 185184 | L97: 3956696 | O97: =L97/F97 -> 0.68035052 | R97: 920490.1 | U97: =R97/F97 -> 0.15827749
D98: =D97+1 -> 45963 | E98: 日 | F98: 7928547.3 | H98: =SUM(F97:F126) -> 2.0797271e+08 | I98: 245428 | K98: =SUM(I97:I126) -> 6488772 | L98: 5174317.1 | N98: =SUM(L97:L126) -> 1.3765289e+08 | O98: =L98/F98 -> 0.65261856 | Q98: =N98/H98 -> 0.66187959 | R98: 1089876.4 | T98: =SUM(R98:R126) -> 29578744 | U98: =R98/F98 -> 0.13746231 | W98: =T98/H98 -> 0.14222416
D99: =D98+1 -> 45964 | E99: 一 | F99: 7665529.8 | I99: 239451 | L99: 4998715.7 | O99: =L99/F99 -> 0.65210309 | R99: 1058840.6 | U99: =R99/F99 -> 0.13813013
B100: =B93+7 -> 45973 | D100: =D99+1 -> 45965 | E100: 二 | F100: 7349223.9 | G100: =SUM(F100:F106) -> 47807804 | I100: 230301 | J100: =SUM(I100:I106) -> 1501547 | L100: 4925798.3 | M100: =SUM(L100:L106) -> 31995594 | O100: =L100/F100 -> 0.67024742 | P100: =M100/G100 -> 0.66925462 | R100: 1036511.6 | S100: =SUM(R100:R106) -> 6885508.9 | U100: =R100/F100 -> 0.14103688 | V100: =S100/G100 -> 0.14402479
D101: =D100+1 -> 45966 | E101: 三 | F101: 7127957.1 | I101: 224504 | L101: 4751040.6 | O101: =L101/F101 -> 0.66653608 | R101: 1008993.5 | U101: =R101/F101 -> 0.14155438
...

Sheet （２）ＫＰＩ達成進度
B1: 人時生產性基準值 | C1: 497.6
B2: （２）ＫＰＩ達成進度
B3: 資料繳交日 | C3: 月份 | D3: 日期 | F3: 人時生產性(個/人) | I3: 人時生產性達成率(%) | L3: 半成品報廢(%) | O3: 半成品超用(%) | R3: 固定產線-導入率(固定產線數/總產線數) | U3: 教育訓練-實施率(進度/計畫)
F4: 日 | G4: 週平均 | H4: 月平均 | I4: 日 | J4: 週平均 | K4: 月平均 | L4: 日 | M4: 週平均 | N4: 月平均 | O4: 日 | P4: 週平均 | Q4: 月平均 | R4: 日 | S4: 週平均 | T4: 月平均 | U4: 日 | V4: 週平均 | W4: 月平均
B5: =D17 -> 45882 | C5: 八 | D5: 45870 | E5: 五 | F5: 415.527 | G5: =AVERAGE(F5:F8) -> 418.38175 | H5: =AVERAGEIF(F5:F35,"<>0") -> 413.83356 | I5: =F5/$C$1 -> 0.8350623 | J5: =AVERAGE(I5:I8) -> 0.84079934 | K5: =AVERAGEIF(I5:I35,"<>0") -> 0.83165909 | L5: 0.002417538 | M5: =AVERAGE(L5:L8) -> 0.0024205689 | N5: =AVERAGEIF(L5:L35,"<>0") -> 0.0024177654 | O5: 0.0085448906 | P5: =AVERAGE(O5:O8) -> 0.0085892866 | Q5: =AVERAGEIF(O5:O35,"<>0") -> 0.0081428095 | R5: 0.9 | S5: =AVERAGE(R5:R8) -> 0.9 | T5: =AVERAGEIF(R5:R35,"<>0") -> 0.9 | U5: =31/52*100% -> 0.59615385 | V5: =AVERAGE(U5:U8) -> 0.59615385 | W5: =AVERAGEIF(U5:U35,"<>0") -> 0.63709677
D6: 45871 | E6: 六 | F6: 418.1 | I6: =F6/$C$1 -> 0.84023312 | L6: 0.0024160533 | O6: 0.0086255174 | R6: 0.9 | U6: =31/52*100% -> 0.59615385
D7: 45872 | E7: 日 | F7: 419.9 | I7: =F7/$C$1 -> 0.84385048 | L7: 0.0024263181 | O7: 0.0086427574 | R7: 0.9 | U7: =31/52*100% -> 0.59615385
D8: 45873 | E8: 一 | F8: 420 | I8: =F8/$C$1 -> 0.84405145 | L8: 0.0024223663 | O8: 0.0085439811 | R8: 0.9 | U8: =31/52*100% -> 0.59615385
D9: 45874 | E9: 二 | F9: 419.8 | G9: =AVERAGE(F9:F15) -> 419.83519 | I9: =F9/$C$1 -> 0.84364952 | J9: =AVERAGE(I9:I15) -> 0.84372023 | L9: 0.0024296155 | M9: =AVERAGE(L9:L15) -> 0.0024214907 | O9: 0.0086847829 | P9: =AVERAGE(O9:O15) -> 0.0085040814 | R9: 0.9 | S9: =AVERAGE(R9:R15) -> 0.9 | U9: =32/52*100% -> 0.61538462 | V9: =AVERAGE(U9:U15) -> 0.61538462
D10: 45875 | E10: 三 | F10: 421 | I10: =F10/$C$1 -> 0.84606109 | L10: 0.0024244781 | O10: 0.008500829 | R10: 0.9 | U10: =32/52*100% -> 0.61538462
D11: 45876 | E11: 四 | F11: 420.6 | I11: =F11/$C$1 -> 0.84525723 | L11: 0.0024176818 | O11: 0.0084839303 | R11: 0.9 | U11: =32/52*100% -> 0.61538462
D12: 45877 | E12: 五 | F12: 419.4 | I12: =F12/$C$1 -> 0.84284566 | L12: 0.0024163613 | O12: 0.0085590273 | R12: 0.9 | U12: =32/52*100% -> 0.61538462
D13: 45878 | E13: 六 | F13: 420.2 | I13: =F13/$C$1 -> 0.84445338 | L13: 0.00242 | O13: 0.0084 | R13: 0.9 | U13: =32/52*100% -> 0.61538462
D14: 45879 | E14: 日 | F14: 418.68018 | I14: =F14/$C$1 -> 0.84139907 | L14: 0.0024222979 | O14: 0.0085 | R14: 0.9 | U14: =32/52*100% -> 0.61538462
D15: 45880 | E15: 一 | F15: 419.16613 | I15: =F15/$C$1 -> 0.84237567 | L15: 0.00242 | O15: 0.0084 | R15: 0.9 | U15: =32/52*100% -> 0.61538462
B16: =D24 -> 45889 | D16: 45881 | E16: 二 | F16: 419.23663 | G16: =AVERAGE(F16:F22) -> 420.94939 | I16: =F16/$C$1 -> 0.84251734 | J16: =AVERAGE(I16:I22) -> 0.84595938 | L16: 0.0024217026 | M16: =AVERAGE(L16:L22) -> 0.002418752 | O16: 0.0084720068 | P16: =AVERAGE(O16:O22) -> 0.0081582528 | R16: 0.9 | S16: =AVERAGE(R16:R22) -> 0.9 | U16: =33/52*100% -> 0.63461538 | V16: =AVERAGE(U16:U22) -> 0.63461538
D17: 45882 | E17: 三 | F17: 427.85642 | I17: =F17/$C$1 -> 0.85984007 | L17: 0.0024241149 | O17: 0.0081359947 | R17: 0.9 | U17: =33/52*100% -> 0.63461538
D18: 45883 | E18: 四 | F18: 418.61209 | I18: =F18/$C$1 -> 0.84126225 | L18: 0.0024201768 | O18: 0.0081898479 | R18: 0.9 | U18: =33/52*100% -> 0.63461538
D19: 45884 | E19: 五 | F19: 420.16325 | I19: =F19/$C$1 -> 0.84437951 | L19: 0.0024141277 | O19: 0.0081708847 | R19: 0.9 | U19: =33/52*100% -> 0.63461538
D20: 45885 | E20: 六 | F20: 419.93987 | I20: =F20/$C$1 -> 0.84393061 | L20: 0.0024138604 | O20: 0.0080622203 | R20: 0.9 | U20: =33/52*100% -> 0.63461538
D21: 45886 | E21: 日 | F21: 419.34528 | I21: =F21/$C$1 -> 0.84273569 | L21: 0.0024195531 | O21: 0.0080721648 | R21: 0.9 | U21: =33/52*100% -> 0.63461538
D22: 45887 | E22: 一 | F22: 421.49217 | I22: =F22/$C$1 -> 0.84705017 | L22: 0.0024177288 | O22: 0.0080046503 | R22: 0.9 | U22: =33/52*100% -> 0.63461538
B23: =D24 -> 45889 | D23: 45888 | E23: 二 | F23: 401.41204 | G23: =AVERAGE(F23:F29) -> 403.24594 | I23: =F23/$C$1 -> 0.80669622 | J23: =AVERAGE(I23:I29) -> 0.81038171 | L23: 0.0024143458 | M23: =AVERAGE(L23:L29) -> 0.0024149588 | O23: 0.007989011 | P23: =AVERAGE(O23:O29) -> 0.0079209009 | R23: 0.9 | S23: =AVERAGE(R23:R29) -> 0.9 | U23: =34/52*100% -> 0.65384615 | V23: =AVERAGE(U23:U29) -> 0.65384615
D24: 45889 | E24: 三 | F24: 402.00153 | I24: =F24/$C$1 -> 0.8078809 | L24: 0.0024116918 | O24: 0.0079602811 | R24: 0.9 | U24: =34/52*100% -> 0.65384615
D25: 45890 | E25: 四 | F25: 403.35327 | I25: =F25/$C$1 -> 0.81059741 | L25: 0.0024104642 | O25: 0.0079450513 | R25: 0.9 | U25: =34/52*100% -> 0.65384615
D26: 45891 | E26: 五 | F26: 404.16454 | I26: =F26/$C$1 -> 0.81222776 | L26: 0.0024195756 | O26: 0.0079444846 | R26: 0.9 | U26: =34/52*100% -> 0.65384615
D27: 45892 | E27: 六 | F27: 404.34743 | I27: =F27/$C$1 -> 0.81259533 | L27: 0.0024159401 | O27: 0.0079281099 | R27: 0.9 | U27: =34/52*100% -> 0.65384615
D28: 45893 | E28: 日 | F28: 403.52441 | I28: =F28/$C$1 -> 0.81094133 | L28: 0.0024182023 | O28: 0.0078440617 | R28: 0.9 | U28: =34/52*100% -> 0.65384615
D29: 45894 | E29: 一 | F29: 403.91837 | I29: =F29/$C$1 -> 0.81173305 | L29: 0.0024144917 | O29: 0.0078353068 | R29: 0.9 | U29: =34/52*100% -> 0.65384615
B30: =D38 -> 45903 | D30: 45895 | E30: 二 | F30: 405.17091 | G30: =AVERAGE(F30:F36) -> 408.19612 | I30: =F30/$C$1 -> 0.81425023 | J30: =AVERAGE(I30:I36) -> 0.82032982 | L30: 0.0024095768 | M30: =AVERAGE(L30:L36) -> 0.002414554 | O30: 0.0078142649 | P30: =AVERAGE(O30:O36) -> 0.0076270768 | R30: 0.9 | S30: =AVERAGE(R30:R36) -> 0.9 | U30: =35/52*100% -> 0.67307692 | V30: =AVERAGE(U30:U36) -> 0.67307692
D31: 45896 | E31: 三 | F31: 405.6353 | I31: =F31/$C$1 -> 0.81518348 | L31: 0.0024120074 | O31: 0.0077428535 | R31: 0.9 | U31: =35/52*100% -> 0.67307692
D32: 45897 | E32: 四 | F32: 405.5346 | I32: =F32/$C$1 -> 0.81498111 | L32: 0.0024118158 | O32: 0.0076901971 | R32: 0.9 | U32: =35/52*100% -> 0.67307692
D33: 45898 | E33: 五 | F33: 403.0451 | I33: =F33/$C$1 -> 0.80997809 | L33: 0.0024182681 | O33: 0.007702409 | R33: 0.9 | U33: =35/52*100% -> 0.67307692
D34: 45899 | E34: 六 | F34: 406.13914 | I34: =F34/$C$1 -> 0.81619602 | L34: 0.002416121 | O34: 0.0076018123 | R34: 0.9 | U34: =35/52*100% -> 0.67307692
D35: 45900 | E35: 日 | F35: 421.57475 | I35: =F35/$C$1 -> 0.84721614 | L35: 0.002414252 | O35: 0.0074357648 | R35: 0.9 | U35: =35/52*100% -> 0.67307692
D36: 45901 | E36: 一 | F36: 410.27303 | H36: =AVERAGEIF(F36:F65,"<>0") -> 412.0607 | I36: =F36/$C$1 -> 0.82450367 | K36: =AVERAGEIF(I36:I65,"<>0") -> 0.82809627 | L36: 0.0024198369 | N36: =AVERAGEIF(L36:L65,"<>0") -> 0.0024176906 | O36: 0.0074022361 | Q36: =AVERAGEIF(O36:O65,"<>0") -> 0.0071953777 | R36: 0.9 | T36: =AVERAGEIF(R36:R65,"<>0") -> 0.9 | U36: =35/52*100% -> 0.67307692 | W36: =AVERAGEIF(U36:U65,"<>0") -> 0.72115385
B37: =B30+7 -> 45910 | D37: 45902 | E37: 二 | F37: 387.26986 | G37: =AVERAGE(F37:F43) -> 393.30515 | I37: =F37/$C$1 -> 0.77827544 | J37: =AVERAGE(I37:I43) -> 0.79040424 | L37: 0.0024242643 | M37: =AVERAGE(L37:L43) -> 0.002416257 | O37: 0.0074054037 | P37: =AVERAGE(O37:O43) -> 0.0072948303 | R37: 0.9 | S37: =AVERAGE(R37:R43) -> 0.9 | U37: =36/52*100% -> 0.69230769 | V37: =AVERAGE(U37:U43) -> 0.69230769
D38: 45903 | E38: 三 | F38: 386.40391 | I38: =F38/$C$1 -> 0.77653519 | L38: 0.0024176219 | O38: 0.0073548234 | R38: 0.9 | U38: =36/52*100% -> 0.69230769
D39: 45904 | E39: 四 | F39: 400.03121 | I39: =F39/$C$1 -> 0.80392124 | L39: 0.0024143896 | O39: 0.007341869 | R39: 0.9 | U39: =36/52*100% -> 0.69230769
D40: 45905 | E40: 五 | F40: 402.82661 | I40: =F40/$C$1 -> 0.80953901 | L40: 0.0024101885 | O40: 0.0072093819 | R40: 0.9 | U40: =36/52*100% -> 0.69230769
D41: 45906 | E41: 六 | F41: 387.43052 | I41: =F41/$C$1 -> 0.7785983 | L41: 0.0024098843 | O41: 0.0072252045 | R41: 0.9 | U41: =36/52*100% -> 0.69230769
D42: 45907 | E42: 日 | F42: 387.5853 | I42: =F42/$C$1 -> 0.77890936 | L42: 0.0024177604 | O42: 0.0073022168 | R42: 0.9 | U42: =36/52*100% -> 0.69230769
D43: 45908 | E43: 一 | F43: 401.58864 | I43: =F43/$C$1 -> 0.80705113 | L43: 0.0024196898 | O43: 0.0072249125 | R43: 0.9 | U43: =36/52*100% -> 0.69230769
B44: =B37+7 -> 45917 | D44: =D43+1 -> 45909 | E44: 二 | F44: 404.90807 | G44: =AVERAGE(F44:F50) -> 405.13281 | I44: =F44/$C$1 -> 0.813722 | J44: =AVERAGE(I44:I50) -> 0.81417365 | L44: 0.002418074 | M44: =AVERAGE(L44:L50) -> 0.0024153093 | O44: 0.0072319181 | P44: =AVERAGE(O44:O50) -> 0.0071487457 | R44: 0.9 | S44: =AVERAGE(R44:R50) -> 0.9 | U44: =37/52*100% -> 0.71153846 | V44: =AVERAGE(U44:U50) -> 0.71153846
D45: =D44+1 -> 45910 | E45: 三 | F45: 403.35973 | I45: =F45/$C$1 -> 0.8106104 | L45: 0.0024158847 | O45: 0.0071397306 | R45: 0.9 | U45: =37/52*100% -> 0.71153846
D46: =D45+1 -> 45911 | E46: 四 | F46: 403.71258 | I46: =F46/$C$1 -> 0.81131949 | L46: 0.0024135103 | O46: 0.0071260297 | R46: 0.9 | U46: =37/52*100% -> 0.71153846
D47: =D46+1 -> 45912 | E47: 五 | F47: 405.79911 | I47: =F47/$C$1 -> 0.81551269 | L47: 0.0024116822 | O47: 0.0071429126 | R47: 0.9 | U47: =37/52*100% -> 0.71153846
D48: =D47+1 -> 45913 | E48: 六 | F48: 405.78808 | I48: =F48/$C$1 -> 0.81549051 | L48: 0.0024137665 | O48: 0.0071160907 | R48: 0.9 | U48: =37/52*100% -> 0.71153846
D49: =D48+1 -> 45914 | E49: 日 | F49: 404.82402 | I49: =F49/$C$1 -> 0.81355309 | L49: 0.0024184258 | O49: 0.0071545069 | R49: 0.9 | U49: =37/52*100% -> 0.71153846
D50: =D49+1 -> 45915 | E50: 一 | F50: 407.53809 | I50: =F50/$C$1 -> 0.81900741 | L50: 0.0024158217 | O50: 0.0071300317 | R50: 0.9 | U50: =37/52*100% -> 0.71153846
B51: =B44+7 -> 45924 | D51: =D50+1 -> 45916 | E51: 二 | F51: 423.00276 | G51: =AVERAGE(F51:F57) -> 425.50234 | I51: =F51/$C$1 -> 0.85008593 | J51: =AVERAGE(I51:I57) -> 0.8551092 | L51: 0.0024304544 | M51: =AVERAGE(L51:L57) -> 0.0024250454 | O51: 0.0072116417 | P51: =AVERAGE(O51:O57) -> 0.0071884533 | R51: 0.9 | S51: =AVERAGE(R51:R57) -> 0.9 | U51: =38/52*100% -> 0.73076923 | V51: =AVERAGE(U51:U57) -> 0.73076923
D52: =D51+1 -> 45917 | E52: 三 | F52: 424.25577 | I52: =F52/$C$1 -> 0.85260404 | L52: 0.002426431 | O52: 0.0072123074 | R52: 0.9 | U52: =38/52*100% -> 0.73076923
D53: =D52+1 -> 45918 | E53: 四 | F53: 424.87808 | I53: =F53/$C$1 -> 0.85385466 | L53: 0.0024237684 | O53: 0.0072100365 | R53: 0.9 | U53: =38/52*100% -> 0.73076923
D54: =D53+1 -> 45919 | E54: 五 | F54: 424.7254 | I54: =F54/$C$1 -> 0.85354784 | L54: 0.0024218046 | O54: 0.0071462412 | R54: 0.9 | U54: =38/52*100% -> 0.73076923
D55: =D54+1 -> 45920 | E55: 六 | F55: 425.01321 | I55: =F55/$C$1 -> 0.85412623 | L55: 0.002422225 | O55: 0.0071498913 | R55: 0.9 | U55: =38/52*100% -> 0.73076923
D56: =D55+1 -> 45921 | E56: 日 | F56: 428.0931 | I56: =F56/$C$1 -> 0.86031572 | L56: 0.0024263156 | O56: 0.0072035449 | R56: 0.9 | U56: =38/52*100% -> 0.73076923
D57: =D56+1 -> 45922 | E57: 一 | F57: 428.54805 | I57: =F57/$C$1 -> 0.86123 | L57: 0.0024243187 | O57: 0.0071855104 | R57: 0.9 | U57: =38/52*100% -> 0.73076923
B58: =B51+7 -> 45931 | D58: =D57+1 -> 45923 | E58: 二 | F58: 427.37902 | G58: =AVERAGE(F58:F64) -> 428.00221 | I58: =F58/$C$1 -> 0.85888067 | J58: =AVERAGE(I58:I64) -> 0.86013305 | L58: 0.0024219166 | M58: =AVERAGE(L58:L64) -> 0.0024141058 | O58: 0.0072425189 | P58: =AVERAGE(O58:O64) -> 0.0071288746 | R58: 0.9 | S58: =AVERAGE(R58:R64) -> 0.9 | U58: =39/52*100% -> 0.75 | V58: =AVERAGE(U58:U64) -> 0.75
D59: =D58+1 -> 45924 | E59: 三 | F59: 429.74961 | I59: =F59/$C$1 -> 0.86364471 | L59: 0.0024184448 | O59: 0.007125656 | R59: 0.9 | U59: =39/52*100% -> 0.75
D60: =D59+1 -> 45925 | E60: 四 | F60: 430.6122 | I60: =F60/$C$1 -> 0.86537821 | L60: 0.0024123031 | O60: 0.0071112386 | R60: 0.9 | U60: =39/52*100% -> 0.75
D61: =D60+1 -> 45926 | E61: 五 | F61: 430.67014 | I61: =F61/$C$1 -> 0.86549465 | L61: 0.002410017 | O61: 0.0071056933 | R61: 0.9 | U61: =39/52*100% -> 0.75
D62: =D61+1 -> 45927 | E62: 六 | F62: 430.76335 | I62: =F62/$C$1 -> 0.86568197 | L62: 0.0024103416 | O62: 0.0070948784 | R62: 0.9 | U62: =39/52*100% -> 0.75
D63: =D62+1 -> 45928 | E63: 日 | F63: 430.97856 | I63: =F63/$C$1 -> 0.86611447 | L63: 0.0024121541 | O63: 0.0071019553 | R63: 0.9 | U63: =39/52*100% -> 0.75
D64: =D63+1 -> 45929 | E64: 一 | F64: 415.86257 | I64: =F64/$C$1 -> 0.83573668 | L64: 0.0024135634 | O64: 0.0071201819 | R64: 0.9 | U64: =39/52*100% -> 0.75
B65: =B58+7 -> 45938 | D65: =D64+1 -> 45930 | E65: 二 | F65: 387.95051 | G65: =AVERAGE(F65:F71) -> 395.87859 | I65: =F65/$C$1 -> 0.7796433 | J65: =AVERAGE(I65:I71) -> 0.79557595 | L65: 0.0024158586 | M65: =AVERAGE(L65:L71) -> 0.0024147243 | O65: 0.0071327685 | P65: =AVERAGE(O65:O71) -> 0.0070991459 | R65: 0.9 | S65: =AVERAGE(R65:R71) -> 0.9 | U65: =40/52*100% -> 0.76923077 | V65: =AVERAGE(U65:U71) -> 0.76923077
D66: =D65+1 -> 45931 | E66: 三 | F66: 389.28586 | I66: =F66/$C$1 -> 0.78232689 | L66: 0.0024177989 | O66: 0.0071359016 | R66: 0.9 | U66: =40/52*100% -> 0.76923077
D67: =D66+1 -> 45932 | E67: 四 | F67: 392.3042 | H67: =AVERAGEIF(F66:F96,"<>0") -> 404.78464 | I67: =F67/$C$1 -> 0.78839269 | K67: =AVERAGEIF(I66:I96,"<>0") -> 0.81347396 | L67: 0.0024138737 | N67: =AVERAGEIF(L66:L96,"<>0") -> 0.0024147137 | O67: 0.0071203318 | Q67: =AVERAGEIF(O66:O96,"<>0") -> 0.0070266315 | R67: 0.9 | T67: =AVERAGEIF(R66:R96,"<>0") -> 0.9 | U67: =40/52*100% -> 0.76923077 | W67: =AVERAGEIF(U66:U96,"<>0") -> 0.80521092
D68: =D67+1 -> 45933 | E68: 五 | F68: 402.35122 | I68: =F68/$C$1 -> 0.80858365 | L68: 0.0024116371 | O68: 0.0070766917 | R68: 0.9 | U68: =40/52*100% -> 0.76923077
D69: =D68+1 -> 45934 | E69: 六 | F69: 403.16489 | I69: =F69/$C$1 -> 0.81021884 | L69: 0.0024121223 | O69: 0.0070376627 | R69: 0.9 | U69: =40/52*100% -> 0.76923077
D70: =D69+1 -> 45935 | E70: 日 | F70: 403.70935 | I70: =F70/$C$1 -> 0.81131301 | L70: 0.0024135095 | O70: 0.0070766528 | R70: 0.9 | U70: =40/52*100% -> 0.76923077
D71: =D70+1 -> 45936 | E71: 一 | F71: 392.3841 | I71: =F71/$C$1 -> 0.78855326 | L71: 0.00241827 | O71: 0.0071140119 | R71: 0.9 | U71: =40/52*100% -> 0.76923077
B72: =B65+7 -> 45945 | D72: =D71+1 -> 45937 | E72: 二 | F72: 391.01404 | G72: =AVERAGE(F72:F78) -> 396.54825 | I72: =F72/$C$1 -> 0.78579991 | J72: =AVERAGE(I72:I78) -> 0.79692173 | L72: 0.0024143701 | M72: =AVERAGE(L72:L78) -> 0.0024142911 | O72: 0.0071319903 | P72: =AVERAGE(O72:O78) -> 0.0070706803 | R72: 0.9 | S72: =AVERAGE(R72:R78) -> 0.9 | U72: =41/52*100% -> 0.78846154 | V72: =AVERAGE(U72:U78) -> 0.78846154
D73: =D72+1 -> 45938 | E73: 三 | F73: 391.52038 | I73: =F73/$C$1 -> 0.78681749 | L73: 0.002413813 | O73: 0.0071244476 | R73: 0.9 | U73: =41/52*100% -> 0.78846154
D74: =D73+1 -> 45939 | E74: 四 | F74: 404.79439 | I74: =F74/$C$1 -> 0.81349355 | L74: 0.0024157154 | O74: 0.0072044021 | R74: 0.9 | U74: =41/52*100% -> 0.78846154
D75: =D74+1 -> 45940 | E75: 五 | F75: 404.27838 | I75: =F75/$C$1 -> 0.81245655 | L75: 0.0024139826 | O75: 0.0069683653 | R75: 0.9 | U75: =41/52*100% -> 0.78846154
D76: =D75+1 -> 45941 | E76: 六 | F76: 404.6699 | I76: =F76/$C$1 -> 0.81324337 | L76: 0.0024115747 | O76: 0.0069877342 | R76: 0.9 | U76: =41/52*100% -> 0.78846154
D77: =D76+1 -> 45942 | E77: 日 | F77: 389.70513 | I77: =F77/$C$1 -> 0.78316947 | L77: 0.0024162623 | O77: 0.007050133 | R77: 0.9 | U77: =41/52*100% -> 0.78846154
D78: =D77+1 -> 45943 | E78: 一 | F78: 389.85557 | I78: =F78/$C$1 -> 0.7834718 | L78: 0.0024143197 | O78: 0.0070276898 | R78: 0.9 | U78: =41/52*100% -> 0.78846154
B79: =B72+7 -> 45952 | D79: =D78+1 -> 45944 | E79: 二 | F79: 406.93875 | G79: =AVERAGE(F79:F85) -> 414.1725 | I79: =F79/$C$1 -> 0.81780295 | J79: =AVERAGE(I79:I85) -> 0.83234024 | L79: 0.0024218026 | M79: =AVERAGE(L79:L85) -> 0.0024168049 | O79: 0.0071253462 | P79: =AVERAGE(O79:O85) -> 0.0070740008 | R79: 0.9 | S79: =AVERAGE(R79:R85) -> 0.9 | U79: =42/52*100% -> 0.80769231 | V79: =AVERAGE(U79:U85) -> 0.80769231
D80: =D79+1 -> 45945 | E80: 三 | F80: 422.79889 | I80: =F80/$C$1 -> 0.84967623 | L80: 0.0024182854 | O80: 0.007106065 | R80: 0.9 | U80: =42/52*100% -> 0.80769231
D81: =D80+1 -> 45946 | E81: 四 | F81: 422.99725 | I81: =F81/$C$1 -> 0.85007485 | L81: 0.0024161271 | O81: 0.0070843257 | R81: 0.9 | U81: =42/52*100% -> 0.80769231
D82: =D81+1 -> 45947 | E82: 五 | F82: 419.62058 | I82: =F82/$C$1 -> 0.84328895 | L82: 0.0024135706 | O82: 0.0070440996 | R82: 0.9 | U82: =42/52*100% -> 0.80769231
D83: =D82+1 -> 45948 | E83: 六 | F83: 420.16364 | I83: =F83/$C$1 -> 0.8443803 | L83: 0.0024137876 | O83: 0.0070424962 | R83: 0.9 | U83: =42/52*100% -> 0.80769231
D84: =D83+1 -> 45949 | E84: 日 | F84: 405.2354 | I84: =F84/$C$1 -> 0.81437981 | L84: 0.0024180281 | O84: 0.0070815883 | R84: 0.9 | U84: =42/52*100% -> 0.80769231
D85: =D84+1 -> 45950 | E85: 一 | F85: 401.45301 | I85: =F85/$C$1 -> 0.80677856 | L85: 0.0024160329 | O85: 0.0070340845 | R85: 0.9 | U85: =42/52*100% -> 0.80769231
B86: =B79+7 -> 45959 | D86: =D85+1 -> 45951 | E86: 二 | F86: 418.00732 | G86: =AVERAGE(F86:F92) -> 409.97049 | I86: =F86/$C$1 -> 0.84004686 | J86: =AVERAGE(I86:I92) -> 0.82389568 | L86: 0.0024140984 | M86: =AVERAGE(L86:L92) -> 0.0024125728 | O86: 0.0070418503 | P86: =AVERAGE(O86:O92) -> 0.0069523604 | R86: 0.9 | S86: =AVERAGE(R86:R92) -> 0.9 | U86: =43/52*100% -> 0.82692308 | V86: =AVERAGE(U86:U92) -> 0.82692308
D87: =D86+1 -> 45952 | E87: 三 | F87: 418.35187 | I87: =F87/$C$1 -> 0.84073929 | L87: 0.0024116946 | O87: 0.0069657575 | R87: 0.9 | U87: =43/52*100% -> 0.82692308
D88: =D87+1 -> 45953 | E88: 四 | F88: 402.5243 | I88: =F88/$C$1 -> 0.80893146 | L88: 0.0024101846 | O88: 0.006892438 | R88: 0.9 | U88: =43/52*100% -> 0.82692308
D89: =D88+1 -> 45954 | E89: 五 | F89: 402.75741 | I89: =F89/$C$1 -> 0.80939994 | L89: 0.0024104993 | O89: 0.006889254 | R89: 0.9 | U89: =43/52*100% -> 0.82692308
D90: =D89+1 -> 45955 | E90: 六 | F90: 403.99262 | I90: =F90/$C$1 -> 0.81188228 | L90: 0.0024117716 | O90: 0.0069027226 | R90: 0.9 | U90: =43/52*100% -> 0.82692308
D91: =D90+1 -> 45956 | E91: 日 | F91: 418.91943 | I91: =F91/$C$1 -> 0.84187989 | L91: 0.0024146381 | O91: 0.0070000571 | R91: 0.9 | U91: =43/52*100% -> 0.82692308
D92: =D91+1 -> 45957 | E92: 一 | F92: 405.24047 | I92: =F92/$C$1 -> 0.81439002 | L92: 0.0024151228 | O92: 0.0069744431 | R92: 0.9 | U92: =43/52*100% -> 0.82692308
B93: =B86+7 -> 45966 | D93: =D92+1 -> 45958 | E93: 二 | F93: 404.55868 | G93: =AVERAGE(F93:F99) -> 405.78377 | I93: =F93/$C$1 -> 0.81301985 | J93: =AVERAGE(I93:I99) -> 0.81548186 | L93: 0.0024197021 | M93: =AVERAGE(L93:L99) -> 0.0024152334 | O93: 0.0070399374 | P93: =AVERAGE(O93:O99) -> 0.0068959772 | R93: 0.9 | S93: =AVERAGE(R93:R99) -> 0.9 | U93: =44/52*100% -> 0.84615385 | V93: =AVERAGE(U93:U99) -> 0.84615385
D94: =D93+1 -> 45959 | E94: 三 | F94: 405.07439 | I94: =F94/$C$1 -> 0.81405625 | L94: 0.0024183942 | O94: 0.0069658044 | R94: 0.9 | U94: =44/52*100% -> 0.84615385
D95: =D94+1 -> 45960 | E95: 四 | F95: 405.2499 | I95: =F95/$C$1 -> 0.81440896 | L95: 0.0024135088 | O95: 0.0067942079 | R95: 0.9 | U95: =44/52*100% -> 0.84615385
D96: =D95+1 -> 45961 | E96: 五 | F96: 405.40262 | I96: =F96/$C$1 -> 0.81471588 | L96: 0.002411626 | O96: 0.0067850825 | R96: 0.9 | U96: =44/52*100% -> 0.84615385
D97: =D96+1 -> 45962 | E97: 六 | F97: 406.4277 | I97: =F97/$C$1 -> 0.81677593 | L97: 0.0024133432 | O97: 0.006773157 | R97: 0.9 | U97: =44/52*100% -> 0.84615385
D98: =D97+1 -> 45963 | E98: 日 | F98: 406.86451 | H98: =AVERAGEIF(F97:F126,"<>0") -> 402.00824 | I98: =F98/$C$1 -> 0.81765375 | K98: =AVERAGEIF(I97:I126,"<>0") -> 0.80789438 | L98: 0.0024158862 | N98: =AVERAGEIF(L97:L126,"<>0") -> 0.0024148901 | O98: 0.0070459343 | Q98: =AVERAGEIF(O97:O126,"<>0") -> 0.0066803757 | R98: 0.9 | T98: =AVERAGEIF(R97:R126,"<>0") -> 0.9 | U98: =44/52*100% -> 0.84615385 | W98: =AVERAGEIF(U97:U126,"<>0") -> 0.88846154
D99: =D98+1 -> 45964 | E99: 一 | F99: 406.90861 | I99: =F99/$C$1 -> 0.81774238 | L99: 0.0024141736 | O99: 0.0068677171 | R99: 0.9 | U99: =44/52*100% -> 0.84615385
B100: =B93+7 -> 45973 | D100: =D99+1 -> 45965 | E100: 二 | F100: 404.94163 | G100: =AVERAGE(F100:F106) -> 404.6285 | I100: =F100/$C$1 -> 0.81378946 | J100: =AVERAGE(I100:I106) -> 0.81316017 | L100: 0.0024120073 | M100: =AVERAGE(L100:L106) -> 0.0024106608 | O100: 0.0067823626 | P100: =AVERAGE(O100:O106) -> 0.0066856972 | R100: 0.9 | S100: =AVERAGE(R100:R106) -> 0.9 | U100: =45/52*100% -> 0.86538462 | V100: =AVERAGE(U100:U106) -> 0.86538462
...

Sheet （３）業績構成比
B2: （3）業績構成比
B3: 資料繳交日 | C3: 月份 | D3: 日期 | F3: 營業額 | I3: 品類業績
I4: 18℃-飯糰 | O4: 18℃-壽司手卷 | U4: 4℃-飯糰 | W4: 4℃-壽司手卷 | Y4: 主食 | AE4: 便當 | AG4: 熱食義麵 | AI4: 季節調理麵 | AK4: 微波小吃
F5: 日 | G5: 週累積 | H5: 月累積 | I5: 一配 | K5: 二配 | M5: 合計 | O5: 一配 | Q5: 二配 | S5: 合計 | U5: 一配 | W5: 一配 | Y5: 一配 | AA5: 二配 | AC5: 合計 | AE5: 一配 | AG5: 一配 | AI5: 一配 | AK5: 一配
I6: 業績(元) | J6: 比例(%) | K6: 業績(元) | L6: 比例(%) | M6: 業績(元) | N6: 比例(%) | O6: 業績(元) | P6: 比例(%) | Q6: 業績(元) | R6: 比例(%) | S6: 業績(元) | T6: 比例(%) | U6: 業績(元) | V6: 比例(%) | W6: 業績(元) | X6: 比例(%) | Y6: 業績(元) | Z6: 比例(%) | AA6: 業績(元) | AB6: 比例(%) | AC6: 業績(元) | AD6: 比例(%) | AE6: 業績(元) | AF6: 比例(%) | AG6: 業績(元) | AH6: 比例(%) | AI6: 業績(元) | AJ6: 比例(%) | AK6: 業績(元) | AL6: 比例(%)
B7: =D19 -> 45882 | C7: 八 | D7: 45870 | E7: 五 | F7: =SUM(M7,S7,U7,W7,AC7,AE7,AG7,AI7,AK7) -> 5795364.7 | G7: =SUM(F7:F10) -> 27982997 | H7: =SUM(F7:F37) -> 2.2566005e+08 | I7: 616776.13 | J7: =I7/$F7 -> 0.10642577 | K7: 913483.89 | L7: =K7/$F7 -> 0.15762319 | M7: =I7+K7 -> 1530260 | N7: =M7/$F7 -> 0.26404896 | O7: 218583.35 | P7: =O7/$F7 -> 0.037716927 | Q7: 174098.34 | R7: =Q7/$F7 -> 0.030040964 | S7: =O7+Q7 -> 392681.69 | T7: =S7/$F7 -> 0.067757891 | U7: 430343.55 | V7: =U7/$F7 -> 0.074256509 | W7: 44217.57 | X7: =W7/$F7 -> 0.0076298166 | Y7: 374102.73 | Z7: =Y7/$F7 -> 0.06455206 | AA7: 461451.86 | AB7: =AA7/$F7 -> 0.0796243 | AC7: =Y7+AA7 -> 835554.59 | AD7: =AC7/$F7 -> 0.14417636 | AE7: 1152005.7 | AF7: =AE7/$F7 -> 0.19878053 | AG7: 143112.8 | AH7: =AG7/$F7 -> 0.024694356 | AI7: 1080951.3 | AJ7: =AI7/$F7 -> 0.18651997 | AK7: 186237.56 | AL7: =AK7/$F7 -> 0.032135607
D8: 45871 | E8: 六 | F8: =SUM(M8,S8,U8,W8,AC8,AE8,AG8,AI8,AK8) -> 6281761 | I8: 596870.47 | J8: =I8/$F8 -> 0.095016425 | K8: 1049002 | L8: =K8/$F8 -> 0.1669917 | M8: =I8+K8 -> 1645872.4 | N8: =M8/F8 -> 0.26200813 | O8: 218490.67 | P8: =O8/$F8 -> 0.034781755 | Q8: 178581.35 | R8: =Q8/$F8 -> 0.028428549 | S8: =O8+Q8 -> 397072.02 | T8: =S8/$F8 -> 0.063210304 | U8: 447379.41 | V8: =U8/$F8 -> 0.071218789 | W8: 49260.36 | X8: =W8/$F8 -> 0.0078418074 | Y8: 405644.63 | Z8: =Y8/$F8 -> 0.064574986 | AA8: 576275.75 | AB8: =AA8/$F8 -> 0.09173793 | AC8: =Y8+AA8 -> 981920.38 | AD8: =AC8/$F8 -> 0.15631292 | AE8: 1234302.9 | AF8: =AE8/$F8 -> 0.19648995 | AG8: 142518.56 | AH8: =AG8/$F8 -> 0.022687676 | AI8: 1193542.9 | AJ8: =AI8/$F8 -> 0.19000133 | AK8: 189891.96 | AL8: =AK8/$F8 -> 0.030229097
D9: 45872 | E9: 日 | F9: =SUM(M9,S9,U9,W9,AC9,AE9,AG9,AI9,AK9) -> 8003391.1 | I9: 848942.04 | J9: =I9/$F9 -> 0.10607279 | K9: 1169510.8 | L9: =K9/$F9 -> 0.14612691 | M9: =I9+K9 -> 2018452.8 | N9: =M9/$F9 -> 0.2521997 | O9: 301163.75 | P9: =O9/$F9 -> 0.037629518 | Q9: 209598.16 | R9: =Q9/$F9 -> 0.026188669 | S9: =O9+Q9 -> 510761.91 | T9: =S9/$F9 -> 0.063818187 | U9: 616088.77 | V9: =U9/$F9 -> 0.076978466 | W9: 57303.14 | X9: =W9/$F9 -> 0.0071598575 | Y9: 477605.86 | Z9: =Y9/$F9 -> 0.059675437 | AA9: 626376.66 | AB9: =AA9/$F9 -> 0.078263907 | AC9: =Y9+AA9 -> 1103982.5 | AD9: =AC9/$F9 -> 0.13793934 | AE9: 1793787 | AF9: =AE9/F9 -> 0.22412837 | AG9: 165941.52 | AH9: =AG9/$F9 -> 0.020733901 | AI9: 1515492 | AJ9: =AI9/$F9 -> 0.18935624 | AK9: 221581.38 | AL9: =AK9/$F9 -> 0.027685937
D10: 45873 | E10: 一 | F10: =SUM(M10,S10,U10,W10,AC10,AE10,AG10,AI10,AK10) -> 7902480.4 | I10: 842391.31 | J10: =I10/$F10 -> 0.10659834 | K10: 1149789.2 | L10: =K10/$F10 -> 0.14549725 | M10: =I10+K10 -> 1992180.5 | N10: =M10/F10 -> 0.25209559 | O10: 290166.83 | P10: =O10/$F10 -> 0.03671845 | Q10: 213916.58 | R10: =Q10/$F10 -> 0.027069549 | S10: =O10+Q10 -> 504083.41 | T10: =S10/F10 -> 0.063787999 | U10: 640822.6 | V10: =U10/F10 -> 0.081091324 | W10: 53404.08 | X10: =W10/$F10 -> 0.0067578883 | Y10: 497824.67 | Z10: =Y10/$F10 -> 0.062996002 | AA10: 589956.91 | AB10: =AA10/$F10 -> 0.07465465 | AC10: =Y10+AA10 -> 1087781.6 | AD10: =AC10/$F10 -> 0.13765065 | AE10: 1725586.6 | AF10: =AE10/F10 -> 0.21836012 | AG10: 154155.76 | AH10: =AG10/$F10 -> 0.019507263 | AI10: 1521645.6 | AJ10: =AI10/$F10 -> 0.19255291 | AK10: 222820.3 | AL10: =AK10/$F10 -> 0.028196248
D11: 45874 | E11: 二 | F11: =SUM(M11,S11,U11,W11,AC11,AE11,AG11,AI11,AK11) -> 9130487.1 | G11: =SUM(F11:F17) -> 53787022 | I11: 836074.89 | J11: =I11/$F11 -> 0.091569582 | K11: 1136887.2 | L11: =K11/$F11 -> 0.1245155 | M11: =I11+K11 -> 1972962.1 | N11: =M11/$F11 -> 0.21608508 | O11: 279337.22 | P11: =O11/$F11 -> 0.030593901 | Q11: 209656.24 | R11: =Q11/$F11 -> 0.022962219 | S11: =O11+Q11 -> 488993.46 | T11: =S11/$F11 -> 0.05355612 | U11: 880200.31 | V11: =U11/$F11 -> 0.096402339 | W11: 272272.92 | X11: =W11/$F11 -> 0.029820197 | Y11: 1409752.6 | Z11: =Y11/$F11 -> 0.15440059 | AA11: 575027.18 | AB11: =AA11/$F11 -> 0.062978806 | AC11: =Y11+AA11 -> 1984779.8 | AD11: =AC11/$F11 -> 0.2173794 | AE11: 1744245 | AF11: =AE11/F11 -> 0.19103526 | AG11: 141973.84 | AH11: =AG11/$F11 -> 0.015549427 | AI11: 1439367 | AJ11: =AI11/$F11 -> 0.15764405 | AK11: 205692.76 | AL11: =AK11/$F11 -> 0.022528126
D12: 45875 | E12: 三 | F12: =SUM(M12,S12,U12,W12,AC12,AE12,AG12,AI12,AK12) -> 8314895.1 | I12: 832343.12 | J12: =I12/$F12 -> 0.10010266 | K12: 1112911.5 | L12: =K12/$F12 -> 0.13384552 | M12: =I12+K12 -> 1945254.6 | N12: =M12/F12 -> 0.23394818 | O12: 277957.88 | P12: =O12/$F12 -> 0.03342891 | Q12: 209774.03 | R12: =Q12/$F12 -> 0.025228704 | S12: =O12+Q12 -> 487731.91 | T12: =S12/F12 -> 0.058657614 | U12: 774575.22 | V12: =U12/F12 -> 0.09315514 | W12: 177984.95 | X12: =W12/$F12 -> 0.021405556 | Y12: 979735.06 | Z12: =Y12/$F12 -> 0.11782891 | AA12: 552698.59 | AB12: =AA12/$F12 -> 0.066470903 | AC12: =Y12+AA12 -> 1532433.6 | AD12: =AC12/$F12 -> 0.18429982 | AE12: 1736477.1 | AF12: =AE12/F12 -> 0.20883933 | AG12: 145588.8 | AH12: =AG12/$F12 -> 0.017509397 | AI12: 1301970.3 | AJ12: =AI12/$F12 -> 0.15658289 | AK12: 212878.54 | AL12: =AK12/$F12 -> 0.025602072
D13: 45876 | E13: 四 | F13: =SUM(M13,S13,U13,W13,AC13,AE13,AG13,AI13,AK13) -> 7555343.1 | I13: 805376.99 | J13: =I13/$F13 -> 0.10659701 | K13: 1026230.4 | L13: =K13/$F13 -> 0.13582844 | M13: =I13+K13 -> 1831607.4 | N13: =M13/$F13 -> 0.24242545 | O13: 270818.45 | P13: =O13/$F13 -> 0.035844626 | Q13: 196345.4 | R13: =Q13/$F13 -> 0.025987622 | S13: =O13+Q13 -> 467163.85 | T13: =S13/$F13 -> 0.061832248 | U13: 725659.63 | V13: =U13/$F13 -> 0.096045887 | W13: 159956.52 | X13: =W13/$F13 -> 0.021171311 | Y13: 759398.2 | Z13: =Y13/$F13 -> 0.10051141 | AA13: 476992.26 | AB13: =AA13/$F13 -> 0.063133104 | AC13: =Y13+AA13 -> 1236390.5 | AD13: =AC13/$F13 -> 0.16364451 | AE13: 1584827.4 | AF13: =AE13/F13 -> 0.20976246 | AG13: 135635.28 | AH13: =AG13/$F13 -> 0.017952233 | AI13: 1219076.2 | AJ13: =AI13/$F13 -> 0.16135285 | AK13: 195026.38 | AL13: =AK13/$F13 -> 0.025813041
D14: 45877 | E14: 五 | F14: =SUM(M14,S14,U14,W14,AC14,AE14,AG14,AI14,AK14) -> 6209389.7 | I14: 600872.41 | J14: =I14/$F14 -> 0.096768352 | K14: 940206.09 | L14: =K14/$F14 -> 0.15141683 | M14: =I14+K14 -> 1541078.5 | N14: =M14/F14 -> 0.24818518 | O14: 213245.04 | P14: =O14/$F14 -> 0.034342351 | Q14: 178556.89 | R14: =Q14/$F14 -> 0.028755948 | S14: =O14+Q14 -> 391801.93 | T14: =S14/F14 -> 0.063098299 | U14: 572209.15 | V14: =U14/F14 -> 0.092152236 | W14: 134737.35 | X14: =W14/$F14 -> 0.021698968 | Y14: 573795.71 | Z14: =Y14/$F14 -> 0.092407746 | AA14: 458873.56 | AB14: =AA14/$F14 -> 0.073899945 | AC14: =Y14+AA14 -> 1032669.3 | AD14: =AC14/$F14 -> 0.16630769 | AE14: 1166486.3 | AF14: =AE14/F14 -> 0.18785844 | AG14: 111519.04 | AH14: =AG14/$F14 -> 0.017959742 | AI14: 1087287 | AJ14: =AI14/$F14 -> 0.17510368 | AK14: 171601.22 | AL14: =AK14/$F14 -> 0.027635763
D15: 45878 | E15: 六 | F15: =SUM(M15,S15,U15,W15,AC15,AE15,AG15,AI15,AK15) -> 6591313.1 | I15: 576824.54 | J15: =I15/$F15 -> 0.087512842 | K15: 1061661.3 | L15: =K15/$F15 -> 0.16106977 | M15: =I15+K15 -> 1638485.8 | N15: =M15/$F15 -> 0.24858261 | O15: 210458.83 | P15: =O15/$F15 -> 0.031929727 | Q15: 175507.77 | R15: =Q15/$F15 -> 0.026627133 | S15: =O15+Q15 -> 385966.6 | T15: =S15/$F15 -> 0.05855686 | U15: 615172.46 | V15: =U15/$F15 -> 0.09333079 | W15: 168615.52 | X15: =W15/$F15 -> 0.025581476 | Y15: 628681.46 | Z15: =Y15/$F15 -> 0.095380306 | AA15: 553490.4 | AB15: =AA15/$F15 -> 0.083972706 | AC15: =Y15+AA15 -> 1182171.9 | AD15: =AC15/$F15 -> 0.17935301 | AE15: 1159684.6 | AF15: =AE15/F15 -> 0.17594137 | AG15: 117808.08 | AH15: =AG15/$F15 -> 0.017873234 | AI15: 1148985.1 | AJ15: =AI15/$F15 -> 0.17431809 | AK15: 174423.06 | AL15: =AK15/$F15 -> 0.026462566
D16: 45879 | E16: 日 | F16: =SUM(M16,S16,U16,W16,AC16,AE16,AG16,AI16,AK16) -> 8170415.3 | I16: 834483.57 | J16: =I16/$F16 -> 0.10213478 | K16: 1183422 | L16: =K16/$F16 -> 0.14484233 | M16: =I16+K16 -> 2017905.6 | N16: =M16/F16 -> 0.24697711 | O16: 293053.1 | P16: =O16/$F16 -> 0.035867589 | Q16: 206898.61 | R16: =Q16/$F16 -> 0.0253229 | S16: =O16+Q16 -> 499951.71 | T16: =S16/F16 -> 0.06119049 | U16: 786444.54 | V16: =U16/F16 -> 0.096255149 | W16: 190554.87 | X16: =W16/$F16 -> 0.023322544 | Y16: 661083.02 | Z16: =Y16/$F16 -> 0.080911802 | AA16: 593610.63 | AB16: =AA16/$F16 -> 0.072653667 | AC16: =Y16+AA16 -> 1254693.6 | AD16: =AC16/$F16 -> 0.15356547 | AE16: 1730952 | AF16: =AE16/F16 -> 0.21185606 | AG16: 148956.16 | AH16: =AG16/$F16 -> 0.018231162 | AI16: 1342564.1 | AJ16: =AI16/$F16 -> 0.16432018 | AK16: 198392.62 | AL16: =AK16/$F16 -> 0.024281828
D17: 45880 | E17: 一 | F17: =SUM(M17,S17,U17,W17,AC17,AE17,AG17,AI17,AK17) -> 7815178.3 | I17: 822329.48 | J17: =I17/$F17 -> 0.1052221 | K17: 1143104.3 | L17: =K17/$F17 -> 0.14626721 | M17: =I17+K17 -> 1965433.8 | N17: =M17/$F17 -> 0.25148931 | O17: 281152.03 | P17: =O17/$F17 -> 0.035975127 | Q17: 212068.8 | R17: =Q17/$F17 -> 0.027135504 | S17: =O17+Q17 -> 493220.83 | T17: =S17/$F17 -> 0.063110631 | U17: 749380.3 | V17: =U17/$F17 -> 0.095887806 | W17: 137647.83 | X17: =W17/$F17 -> 0.017612884 | Y17: 658221.96 | Z17: =Y17/$F17 -> 0.084223537 | AA17: 568146.73 | AB17: =AA17/$F17 -> 0.072697859 | AC17: =Y17+AA17 -> 1226368.7 | AD17: =AC17/$F17 -> 0.1569214 | AE17: 1599032.4 | AF17: =AE17/F17 -> 0.20460601 | AG17: 131673.68 | AH17: =AG17/$F17 -> 0.016848455 | AI17: 1310668 | AJ17: =AI17/$F17 -> 0.16770801 | AK17: 201752.72 | AL17: =AK17/$F17 -> 0.025815498
B18: =D26 -> 45889 | D18: 45881 | E18: 二 | F18: =SUM(M18,S18,U18,W18,AC18,AE18,AG18,AI18,AK18) -> 7841558.5 | G18: =SUM(F18:F24) -> 52217932 | I18: 745380.02 | J18: =I18/$F18 -> 0.095055086 | K18: 1078484.5 | L18: =K18/$F18 -> 0.13753446 | M18: =I18+K18 -> 1823864.5 | N18: =M18/F18 -> 0.23258954 | O18: 257418.86 | P18: =O18/$F18 -> 0.032827512 | Q18: 200491.16 | R18: =Q18/$F18 -> 0.025567769 | S18: =O18+Q18 -> 457910.02 | T18: =S18/F18 -> 0.058395282 | U18: 706456.98 | V18: =U18/F18 -> 0.090091399 | W18: 127825.59 | X18: =W18/$F18 -> 0.016301044 | Y18: 987966.2 | Z18: =Y18/$F18 -> 0.12599105 | AA18: 569382.14 | AB18: =AA18/$F18 -> 0.072610839 | AC18: =Y18+AA18 -> 1557348.3 | AD18: =AC18/$F18 -> 0.19860189 | AE18: 1609473.9 | AF18: =AE18/F18 -> 0.20524924 | AG18: 121472.56 | AH18: =AG18/$F18 -> 0.01549087 | AI18: 1244098 | AJ18: =AI18/$F18 -> 0.15865443 | AK18: 193108.64 | AL18: =AK18/$F18 -> 0.024626309
D19: 45882 | E19: 三 | F19: =SUM(M19,S19,U19,W19,AC19,AE19,AG19,AI19,AK19) -> 7976719.9 | I19: 797234.09 | J19: =I19/$F19 -> 0.099945102 | K19: 1075806.2 | L19: =K19/$F19 -> 0.13486825 | M19: =I19+K19 -> 1873040.3 | N19: =M19/$F19 -> 0.23481335 | O19: 266310.62 | P19: =O19/$F19 -> 0.033385981 | Q19: 200827.92 | R19: =Q19/$F19 -> 0.025176755 | S19: =O19+Q19 -> 467138.54 | T19: =S19/$F19 -> 0.058562736 | U19: 739331.86 | V19: =U19/$F19 -> 0.0926862 | W19: 161708.71 | X19: =W19/$F19 -> 0.020272582 | Y19: 936877.14 | Z19: =Y19/$F19 -> 0.11745143 | AA19: 550621.21 | AB19: =AA19/$F19 -> 0.069028525 | AC19: =Y19+AA19 -> 1487498.4 | AD19: =AC19/$F19 -> 0.18647995 | AE19: 1614253.9 | AF19: =AE19/F19 -> 0.20237064 | AG19: 127613.04 | AH19: =AG19/$F19 -> 0.015998185 | AI19: 1313198.8 | AJ19: =AI19/$F19 -> 0.16462892 | AK19: 192936.44 | AL19: =AK19/$F19 -> 0.024187441
D20: 45883 | E20: 四 | F20: =SUM(M20,S20,U20,W20,AC20,AE20,AG20,AI20,AK20) -> 7479649 | I20: 786765.2 | J20: =I20/$F20 -> 0.10518745 | K20: 1004644.2 | L20: =K20/$F20 -> 0.13431702 | M20: =I20+K20 -> 1791409.4 | N20: =M20/F20 -> 0.23950447 | O20: 260845.29 | P20: =O20/$F20 -> 0.034874001 | Q20: 196030.23 | R20: =Q20/$F20 -> 0.02620848 | S20: =O20+Q20 -> 456875.52 | T20: =S20/F20 -> 0.061082481 | U20: 704969.96 | V20: =U20/F20 -> 0.094251743 | W20: 160120.81 | X20: =W20/$F20 -> 0.02140753 | Y20: 823676.36 | Z20: =Y20/$F20 -> 0.11012233 | AA20: 488398.07 | AB20: =AA20/$F20 -> 0.065296923 | AC20: =Y20+AA20 -> 1312074.4 | AD20: =AC20/$F20 -> 0.17541925 | AE20: 1455498.9 | AF20: =AE20/F20 -> 0.19459455 | AG20: 123948.56 | AH20: =AG20/$F20 -> 0.016571441 | AI20: 1281098.6 | AJ20: =AI20/$F20 -> 0.1712779 | AK20: 193652.92 | AL20: =AK20/$F20 -> 0.025890643
D21: 45884 | E21: 五 | F21: =SUM(M21,S21,U21,W21,AC21,AE21,AG21,AI21,AK21) -> 6364780.2 | I21: 589436.89 | J21: =I21/$F21 -> 0.092609151 | K21: 913476.45 | L21: =K21/$F21 -> 0.1435205 | M21: =I21+K21 -> 1502913.3 | N21: =M21/$F21 -> 0.23612965 | O21: 207789.04 | P21: =O21/$F21 -> 0.032646695 | Q21: 171639.61 | R21: =Q21/$F21 -> 0.026967091 | S21: =O21+Q21 -> 379428.65 | T21: =S21/$F21 -> 0.059613787 | U21: 584428.01 | V21: =U21/$F21 -> 0.091822182 | W21: 132492.67 | X21: =W21/$F21 -> 0.020816535 | Y21: 719692.18 | Z21: =Y21/$F21 -> 0.11307416 | AA21: 473959.41 | AB21: =AA21/$F21 -> 0.074465951 | AC21: =Y21+AA21 -> 1193651.6 | AD21: =AC21/$F21 -> 0.18754011 | AE21: 1139974.4 | AF21: =AE21/F21 -> 0.17910664 | AG21: 103298.72 | AH21: =AG21/$F21 -> 0.016229739 | AI21: 1149935.2 | AJ21: =AI21/$F21 -> 0.18067162 | AK21: 178657.68 | AL21: =AK21/$F21 -> 0.028069733
D22: 45885 | E22: 六 | F22: =SUM(M22,S22,U22,W22,AC22,AE22,AG22,AI22,AK22) -> 6421067.8 | I22: 566021.5 | J22: =I22/$F22 -> 0.088150682 | K22: 1030734.3 | L22: =K22/$F22 -> 0.16052382 | M22: =I22+K22 -> 1596755.8 | N22: =M22/F22 -> 0.2486745 | O22: 204431.69 | P22: =O22/$F22 -> 0.031837647 | Q22: 172164.23 | R22: =Q22/$F22 -> 0.026812399 | S22: =O22+Q22 -> 376595.92 | T22: =S22/F22 -> 0.058650046 | U22: 564425.66 | V22: =U22/F22 -> 0.08790215 | W22: 126109.67 | X22: =W22/$F22 -> 0.019639984 | Y22: 734713.27 | Z22: =Y22/$F22 -> 0.11442229 | AA22: 546919.48 | AB22: =AA22/$F22 -> 0.085175784 | AC22: =Y22+AA22 -> 1281632.8 | AD22: =AC22/$F22 -> 0.19959807 | AE22: 1080430.9 | AF22: =AE22/F22 -> 0.16826343 | AG22: 104437.68 | AH22: =AG22/$F22 -> 0.016264846 | AI22: 1118197.2 | AJ22: =AI22/$F22 -> 0.17414506 | AK22: 172482.16 | AL22: =AK22/$F22 -> 0.026861912
D23: 45886 | E23: 日 | F23: =SUM(M23,S23,U23,W23,AC23,AE23,AG23,AI23,AK23) -> 8145084.9 | I23: 822755.01 | J23: =I23/$F23 -> 0.10101245 | K23: 1151709.1 | L23: =K23/$F23 -> 0.14139927 | M23: =I23+K23 -> 1974464.1 | N23: =M23/$F23 -> 0.24241172 | O23: 292053.28 | P23: =O23/$F23 -> 0.035856383 | Q23: 209484.59 | R23: =Q23/$F23 -> 0.025719141 | S23: =O23+Q23 -> 501537.87 | T23: =S23/$F23 -> 0.061575524 | U23: 737537.42 | V23: =U23/$F23 -> 0.090549998 | W23: 143713.23 | X23: =W23/$F23 -> 0.017644166 | Y23: 872798.68 | Z23: =Y23/$F23 -> 0.10715649 | AA23: 590584.6 | AB23: =AA23/$F23 -> 0.072508097 | AC23: =Y23+AA23 -> 1463383.3 | AD23: =AC23/$F23 -> 0.17966458 | AE23: 1637637.3 | AF23: =AE23/F23 -> 0.20105835 | AG23: 133307.84 | AH23: =AG23/$F23 -> 0.016366661 | AI23: 1353127.5 | AJ23: =AI23/$F23 -> 0.16612811 | AK23: 200376.28 | AL23: =AK23/$F23 -> 0.024600883
D24: 45887 | E24: 一 | F24: =SUM(M24,S24,U24,W24,AC24,AE24,AG24,AI24,AK24) -> 7989071.6 | I24: 814780.46 | J24: =I24/$F24 -> 0.10198688 | K24: 1220188.7 | L24: =K24/$F24 -> 0.15273223 | M24: =I24+K24 -> 2034969.2 | N24: =M24/F24 -> 0.25471911 | O24: 281514.66 | P24: =O24/$F24 -> 0.035237469 | Q24: 215920.9 | R24: =Q24/$F24 -> 0.027027033 | S24: =O24+Q24 -> 497435.56 | T24: =S24/F24 -> 0.062264502 | U24: 722096.91 | V24: =U24/F24 -> 0.090385586 | W24: 140073.84 | X24: =W24/$F24 -> 0.017533181 | Y24: 804543.45 | Z24: =Y24/$F24 -> 0.1007055 | AA24: 580810.69 | AB24: =AA24/$F24 -> 0.072700649 | AC24: =Y24+AA24 -> 1385354.1 | AD24: =AC24/$F24 -> 0.17340615 | AE24: 1580478.6 | AF24: =AE24/F24 -> 0.19783007 | AG24: 123651.44 | AH24: =AG24/$F24 -> 0.015477573 | AI24: 1313311.8 | AJ24: =AI24/$F24 -> 0.16438854 | AK24: 191700.1 | AL24: =AK24/$F24 -> 0.023995291
B25: =D26 -> 45889 | D25: 45888 | E25: 二 | F25: =SUM(M25,S25,U25,W25,AC25,AE25,AG25,AI25,AK25) -> 7909637 | G25: =SUM(F25:F31) -> 50567324 | I25: 875139.89 | J25: =I25/$F25 -> 0.11064223 | K25: 1199689.1 | L25: =K25/$F25 -> 0.15167435 | M25: =I25+K25 -> 2074829 | N25: =M25/$F25 -> 0.26231658 | O25: 386552.85 | P25: =O25/$F25 -> 0.048871124 | Q25: 213050.47 | R25: =Q25/$F25 -> 0.026935556 | S25: =O25+Q25 -> 599603.32 | T25: =S25/$F25 -> 0.075806679 | U25: 713433.99 | V25: =U25/$F25 -> 0.090198069 | W25: 115894.22 | X25: =W25/$F25 -> 0.01465228 | Y25: 808258.98 | Z25: =Y25/$F25 -> 0.10218661 | AA25: 555157.81 | AB25: =AA25/$F25 -> 0.07018752 | AC25: =Y25+AA25 -> 1363416.8 | AD25: =AC25/$F25 -> 0.17237413 | AE25: 1493682.2 | AF25: =AE25/F25 -> 0.18884333 | AG25: 104883.36 | AH25: =AG25/$F25 -> 0.013260199 | AI25: 1255426.7 | AJ25: =AI25/$F25 -> 0.15872115 | AK25: 188467.54 | AL25: =AK25/$F25 -> 0.023827584
D26: 45889 | E26: 三 | F26: =SUM(M26,S26,U26,W26,AC26,AE26,AG26,AI26,AK26) -> 7775987.8 | I26: 860655.66 | J26: =I26/$F26 -> 0.1106812 | K26: 1171588.6 | L26: =K26/$F26 -> 0.15066749 | M26: =I26+K26 -> 2032244.2 | N26: =M26/F26 -> 0.26134869 | O26: 342777.47 | P26: =O26/$F26 -> 0.044081534 | Q26: 206194.99 | R26: =Q26/$F26 -> 0.026516887 | S26: =O26+Q26 -> 548972.46 | T26: =S26/F26 -> 0.070598421 | U26: 704925.1 | V26: =U26/F26 -> 0.090654091 | W26: 109592.45 | X26: =W26/$F26 -> 0.014093701 | Y26: 808561.34 | Z26: =Y26/$F26 -> 0.10398182 | AA26: 523625.55 | AB26: =AA26/$F26 -> 0.067338783 | AC26: =Y26+AA26 -> 1332186.9 | AD26: =AC26/$F26 -> 0.1713206 | AE26: 1429884.7 | AF26: =AE26/F26 -> 0.18388464 | AG26: 108498.32 | AH26: =AG26/$F26 -> 0.013952995 | AI26: 1311648.6 | AJ26: =AI26/$F26 -> 0.16867936 | AK26: 198034.92 | AL26: =AK26/$F26 -> 0.025467494
D27: 45890 | E27: 四 | F27: =SUM(M27,S27,U27,W27,AC27,AE27,AG27,AI27,AK27) -> 7246465.3 | I27: 837051.52 | J27: =I27/$F27 -> 0.1155117 | K27: 1063532.9 | L27: =K27/$F27 -> 0.14676575 | M27: =I27+K27 -> 1900584.4 | N27: =M27/$F27 -> 0.26227745 | O27: 327033.76 | P27: =O27/$F27 -> 0.045130108 | Q27: 200389.36 | R27: =Q27/$F27 -> 0.027653394 | S27: =O27+Q27 -> 527423.12 | T27: =S27/$F27 -> 0.072783502 | U27: 650068.18 | V27: =U27/$F27 -> 0.089708313 | W27: 89651.69 | X27: =W27/$F27 -> 0.012371782 | Y27: 757874.34 | Z27: =Y27/$F27 -> 0.10458538 | AA27: 457038.84 | AB27: =AA27/$F27 -> 0.06307059 | AC27: =Y27+AA27 -> 1214913.2 | AD27: =AC27/$F27 -> 0.16765597 | AE27: 1326002.9 | AF27: =AE27/F27 -> 0.18298617 | AG27: 106368.96 | AH27: =AG27/$F27 -> 0.014678737 | AI27: 1246380.6 | AJ27: =AI27/$F27 -> 0.17199842 | AK27: 185072.24 | AL27: =AK27/$F27 -> 0.025539657
D28: 45891 | E28: 五 | F28: =SUM(M28,S28,U28,W28,AC28,AE28,AG28,AI28,AK28) -> 5933586.3 | I28: 647996.12 | J28: =I28/$F28 -> 0.10920817 | K28: 956263.61 | L28: =K28/$F28 -> 0.16116115 | M28: =I28+K28 -> 1604259.7 | N28: =M28/F28 -> 0.27036932 | O28: 278125.58 | P28: =O28/$F28 -> 0.046873099 | Q28: 172268.36 | R28: =Q28/$F28 -> 0.029032755 | S28: =O28+Q28 -> 450393.94 | T28: =S28/F28 -> 0.075905854 | U28: 533718.82 | V28: =U28/F28 -> 0.089948774 | W28: 86994.8 | X28: =W28/$F28 -> 0.01466142 | Y28: 608937.53 | Z28: =Y28/$F28 -> 0.10262554 | AA28: 447191.99 | AB28: =AA28/$F28 -> 0.075366223 | AC28: =Y28+AA28 -> 1056129.5 | AD28: =AC28/$F28 -> 0.17799177 | AE28: 956499.18 | AF28: =AE28/F28 -> 0.16120085 | AG28: 84629.68 | AH28: =AG28/$F28 -> 0.014262821 | AI28: 997418.16 | AJ28: =AI28/$F28 -> 0.16809702 | AK28: 163542.52 | AL28: =AK28/$F28 -> 0.027562171
D29: 45892 | E29: 六 | F29: =SUM(M29,S29,U29,W29,AC29,AE29,AG29,AI29,AK29) -> 6081229.5 | I29: 619306.15 | J29: =I29/$F29 -> 0.10183897 | K29: 1066731.6 | L29: =K29/$F29 -> 0.17541379 | M29: =I29+K29 -> 1686037.7 | N29: =M29/$F29 -> 0.27725276 | O29: 267588.99 | P29: =O29/$F29 -> 0.044002449 | Q29: 172897.79 | R29: =Q29/$F29 -> 0.028431387 | S29: =O29+Q29 -> 440486.78 | T29: =S29/$F29 -> 0.072433836 | U29: 514063.4 | V29: =U29/$F29 -> 0.084532807 | W29: 95936.6 | X29: =W29/$F29 -> 0.015775856 | Y29: 566519.53 | Z29: =Y29/$F29 -> 0.093158715 | AA29: 562403.13 | AB29: =AA29/$F29 -> 0.092481813 | AC29: =Y29+AA29 -> 1128922.7 | AD29: =AC29/$F29 -> 0.18564053 | AE29: 976636.64 | AF29: =AE29/F29 -> 0.16059855 | AG29: 89928.32 | AH29: =AG29/$F29 -> 0.014787852 | AI29: 983684.71 | AJ29: =AI29/$F29 -> 0.16175754 | AK29: 165532.72 | AL29: =AK29/$F29 -> 0.027220272
D30: 45893 | E30: 日 | F30: =SUM(M30,S30,U30,W30,AC30,AE30,AG30,AI30,AK30) -> 7894027 | I30: 872202.07 | J30: =I30/$F30 -> 0.11048886 | K30: 1195900.3 | L30: =K30/$F30 -> 0.15149433 | M30: =I30+K30 -> 2068102.4 | N30: =M30/F30 -> 0.26198319 | O30: 363786.14 | P30: =O30/$F30 -> 0.046083721 | Q30: 208411.41 | R30: =Q30/$F30 -> 0.026401152 | S30: =O30+Q30 -> 572197.55 | T30: =S30/F30 -> 0.072484873 | U30: 698698.72 | V30: =U30/F30 -> 0.088509796 | W30: 113281.8 | X30: =W30/$F30 -> 0.014350318 | Y30: 747412.49 | Z30: =Y30/$F30 -> 0.094680761 | AA30: 583843.15 | AB30: =AA30/$F30 -> 0.073960115 | AC30: =Y30+AA30 -> 1331255.6 | AD30: =AC30/$F30 -> 0.16864088 | AE30: 1488193.9 | AF30: =AE30/F30 -> 0.18852151 | AG30: 116718.64 | AH30: =AG30/$F30 -> 0.01478569 | AI30: 1314262 | AJ30: =AI30/$F30 -> 0.16648815 | AK30: 191316.38 | AL30: =AK30/$F30 -> 0.024235587
D31: 45894 | E31: 一 | F31: =SUM(M31,S31,U31,W31,AC31,AE31,AG31,AI31,AK31) -> 7726391.3 | I31: 861464.1 | J31: =I31/$F31 -> 0.11149631 | K31: 1178385.3 | L31: =K31/$F31 -> 0.15251431 | M31: =I31+K31 -> 2039849.4 | N31: =M31/$F31 -> 0.26401062 | O31: 335216.99 | P31: =O31/$F31 -> 0.043385971 | Q31: 212122.75 | R31: =Q31/$F31 -> 0.027454311 | S31: =O31+Q31 -> 547339.74 | T31: =S31/$F31 -> 0.070840282 | U31: 707385.36 | V31: =U31/$F31 -> 0.091554431 | W31: 105252.38 | X31: =W31/$F31 -> 0.01362245 | Y31: 751110.57 | Z31: =Y31/$F31 -> 0.097213633 | AA31: 562370.03 | AB31: =AA31/$F31 -> 0.072785601 | AC31: =Y31+AA31 -> 1313480.6 | AD31: =AC31/$F31 -> 0.16999923 | AE31: 1398384.2 | AF31: =AE31/F31 -> 0.18098802 | AG31: 114886.4 | AH31: =AG31/$F31 -> 0.014869348 | AI31: 1308832.2 | AJ31: =AI31/$F31 -> 0.16939761 | AK31: 190981.04 | AL31: =AK31/$F31 -> 0.024718013
B32: =D40 -> 45903 | D32: 45895 | E32: 二 | F32: =SUM(M32,S32,U32,W32,AC32,AE32,AG32,AI32,AK32) -> 7423824.2 | G32: =SUM(F32:F38) -> 48911413 | I32: 842650.86 | J32: =I32/$F32 -> 0.11350631 | K32: 1145762.5 | L32: =K32/$F32 -> 0.15433589 | M32: =I32+K32 -> 1988413.3 | N32: =M32/F32 -> 0.26784219 | O32: 320661.17 | P32: =O32/$F32 -> 0.04319353 | Q32: 207484.48 | R32: =Q32/$F32 -> 0.027948464 | S32: =O32+Q32 -> 528145.65 | T32: =S32/F32 -> 0.071141993 | U32: 682417.34 | V32: =U32/F32 -> 0.091922616 | W32: 82680.51 | X32: =W32/$F32 -> 0.011137186 | Y32: 733012.91 | Z32: =Y32/$F32 -> 0.098737913 | AA32: 533320.82 | AB32: =AA32/$F32 -> 0.071839096 | AC32: =Y32+AA32 -> 1266333.7 | AD32: =AC32/$F32 -> 0.17057701 | AE32: 1287486.1 | AF32: =AE32/F32 -> 0.17342626 | AG32: 107161.28 | AH32: =AG32/$F32 -> 0.014434781 | AI32: 1296175.7 | AJ32: =AI32/$F32 -> 0.17459677 | AK32: 185010.56 | AL32: =AK32/$F32 -> 0.024921194
D33: 45896 | E33: 三 | F33: =SUM(M33,S33,U33,W33,AC33,AE33,AG33,AI33,AK33) -> 7268105.9 | I33: 839770.28 | J33: =I33/$F33 -> 0.11554183 | K33: 1116611.5 | L33: =K33/$F33 -> 0.15363171 | M33: =I33+K33 -> 1956381.8 | N33: =M33/$F33 -> 0.26917354 | O33: 317414.83 | P33: =O33/$F33 -> 0.04367229 | Q33: 197560.26 | R33: =Q33/$F33 -> 0.027181808 | S33: =O33+Q33 -> 514975.09 | T33: =S33/$F33 -> 0.070854098 | U33: 667417.43 | V33: =U33/$F33 -> 0.091828248 | W33: 79724.71 | X33: =W33/$F33 -> 0.010969118 | Y33: 696912.67 | Z33: =Y33/$F33 -> 0.095886422 | AA33: 475648.24 | AB33: =AA33/$F33 -> 0.065443218 | AC33: =Y33+AA33 -> 1172560.9 | AD33: =AC33/$F33 -> 0.16132964 | AE33: 1293168.5 | AF33: =AE33/F33 -> 0.17792373 | AG33: 101516 | AH33: =AG33/$F33 -> 0.013967325 | AI33: 1299956.4 | AJ33: =AI33/$F33 -> 0.17885766 | AK33: 182405 | AL33: =AK33/$F33 -> 0.025096635
D34: 45897 | E34: 四 | F34: =SUM(M34,S34,U34,W34,AC34,AE34,AG34,AI34,AK34) -> 6765305.7 | I34: 827273.28 | J34: =I34/$F34 -> 0.12228173 | K34: 1028776 | L34: =K34/$F34 -> 0.15206644 | M34: =I34+K34 -> 1856049.3 | N34: =M34/F34 -> 0.27434817 | O34: 306488.28 | P34: =O34/$F34 -> 0.045302946 | Q34: 192799.86 | R34: =Q34/$F34 -> 0.028498322 | S34: =O34+Q34 -> 499288.14 | T34: =S34/F34 -> 0.073801268 | U34: 614875.06 | V34: =U34/F34 -> 0.090886515 | W34: 77381.76 | X34: =W34/$F34 -> 0.011438029 | Y34: 646786.2 | Z34: =Y34/$F34 -> 0.095603396 | AA34: 413163.04 | AB34: =AA34/$F34 -> 0.06107086 | AC34: =Y34+AA34 -> 1059949.2 | AD34: =AC34/$F34 -> 0.15667426 | AE34: 1163189.9 | AF34: =AE34/F34 -> 0.17193457 | AG34: 96861.12 | AH34: =AG34/$F34 -> 0.014317331 | AI34: 1219415 | AJ34: =AI34/$F34 -> 0.18024537 | AK34: 178296.2 | AL34: =AK34/$F34 -> 0.026354493
D35: 45898 | E35: 五 | F35: =SUM(M35,S35,U35,W35,AC35,AE35,AG35,AI35,AK35) -> 5760799.9 | I35: 629840.5 | J35: =I35/$F35 -> 0.10933213 | K35: 939469.28 | L35: =K35/$F35 -> 0.16307966 | M35: =I35+K35 -> 1569309.8 | N35: =M35/$F35 -> 0.27241178 | O35: 239787.18 | P35: =O35/$F35 -> 0.041623938 | Q35: 166844.3 | R35: =Q35/$F35 -> 0.028962002 | S35: =O35+Q35 -> 406631.48 | T35: =S35/$F35 -> 0.070585941 | U35: 528955.49 | V35: =U35/$F35 -> 0.091819799 | W35: 73950.1 | X35: =W35/$F35 -> 0.012836776 | Y35: 552893.37 | Z35: =Y35/$F35 -> 0.095975104 | AA35: 418581.21 | AB35: =AA35/$F35 -> 0.072660258 | AC35: =Y35+AA35 -> 971474.58 | AD35: =AC35/$F35 -> 0.16863536 | AE35: 869604.68 | AF35: =AE35/F35 -> 0.15095207 | AG35: 83193.6 | AH35: =AG35/$F35 -> 0.014441328 | AI35: 1099490.1 | AJ35: =AI35/$F35 -> 0.19085719 | AK35: 158190.1 | AL35: =AK35/$F35 -> 0.027459746
D36: 45899 | E36: 六 | F36: =SUM(M36,S36,U36,W36,AC36,AE36,AG36,AI36,AK36) -> 6161593.8 | I36: 604104.1 | J36: =I36/$F36 -> 0.09804348 | K36: 1074398.9 | L36: =K36/$F36 -> 0.17437028 | M36: =I36+K36 -> 1678503 | N36: =M36/F36 -> 0.27241376 | O36: 235559.91 | P36: =O36/$F36 -> 0.038230354 | Q36: 171855.07 | R36: =Q36/$F36 -> 0.027891334 | S36: =O36+Q36 -> 407414.98 | T36: =S36/F36 -> 0.066121688 | U36: 548781.84 | V36: =U36/F36 -> 0.089064917 | W36: 83288.54 | X36: =W36/$F36 -> 0.013517369 | Y36: 575890.97 | Z36: =Y36/$F36 -> 0.093464611 | AA36: 556021.18 | AB36: =AA36/$F36 -> 0.09023983 | AC36: =Y36+AA36 -> 1131912.1 | AD36: =AC36/$F36 -> 0.18370444 | AE36: 936764.86 | AF36: =AE36/F36 -> 0.15203288 | AG36: 90968.24 | AH36: =AG36/$F36 -> 0.014763752 | AI36: 1110801.5 | AJ36: =AI36/$F36 -> 0.18027827 | AK36: 173158.74 | AL36: =AK36/$F36 -> 0.028102914
D37: 45900 | E37: 日 | F37: =SUM(M37,S37,U37,W37,AC37,AE37,AG37,AI37,AK37) -> 7725142.4 | I37: 868294.42 | J37: =I37/$F37 -> 0.1123985 | K37: 1191648 | L37: =K37/$F37 -> 0.1542558 | M37: =I37+K37 -> 2059942.4 | N37: =M37/$F37 -> 0.2666543 | O37: 341134.58 | P37: =O37/$F37 -> 0.044159002 | Q37: 205826.31 | R37: =Q37/$F37 -> 0.026643691 | S37: =O37+Q37 -> 546960.89 | T37: =S37/$F37 -> 0.070802694 | U37: 712487.81 | V37: =U37/$F37 -> 0.092229732 | W37: 96736.97 | X37: =W37/$F37 -> 0.012522354 | Y37: 750918.44 | Z37: =Y37/$F37 -> 0.097204479 | AA37: 528276.45 | AB37: =AA37/$F37 -> 0.068384041 | AC37: =Y37+AA37 -> 1279194.9 | AD37: =AC37/$F37 -> 0.16558852 | AE37: 1424431.1 | AF37: =AE37/F37 -> 0.18438898 | AG37: 112757.04 | AH37: =AG37/$F37 -> 0.014596112 | AI37: 1302963.7 | AJ37: =AI37/$F37 -> 0.16866533 | AK37: 189667.54 | AL37: =AK37/$F37 -> 0.02455198
C38: 九 | D38: 45901 | E38: 一 | F38: =SUM(M38,S38,U38,W38,AC38,AE38,AG38,AI38,AK38) -> 7806641.3 | H38: =SUM(F38:F67) -> 2.1375147e+08 | I38: 848588.53 | J38: =I38/$F38 -> 0.10870085 | K38: 1224661.8 | L38: =K38/$F38 -> 0.15687435 | M38: =I38+K38 -> 2073250.3 | N38: =M38/F38 -> 0.2655752 | O38: 328547.87 | P38: =O38/$F38 -> 0.042085688 | Q38: 209476.46 | R38: =Q38/$F38 -> 0.026833109 | S38: =O38+Q38 -> 538024.33 | T38: =S38/F38 -> 0.068918797 | U38: 702181.23 | V38: =U38/F38 -> 0.089946649 | W38: 89181.09 | X38: =W38/$F38 -> 0.011423746 | Y38: 739848.56 | Z38: =Y38/$F38 -> 0.094771686 | AA38: 799901.73 | AB38: =AA38/$F38 -> 0.10246426 | AC38: =Y38+AA38 -> 1539750.3 | AD38: =AC38/$F38 -> 0.19723595 | AE38: 1311208.1 | AF38: =AE38/F38 -> 0.16796059 | AG38: 104536.72 | AH38: =AG38/$F38 -> 0.013390742 | AI38: 1261294.4 | AJ38: =AI38/$F38 -> 0.16156685 | AK38: 187214.86 | AL38: =AK38/$F38 -> 0.023981486
B39: =D47 -> 45910 | D39: 45902 | E39: 二 | F39: =SUM(M39,S39,U39,W39,AC39,AE39,AG39,AI39,AK39) -> 8169292.4 | G39: =SUM(F39:F45) -> 50724262 | I39: 1302143.7 | J39: =I39/$F39 -> 0.15939492 | K39: 1245426.8 | L39: =K39/$F39 -> 0.15245222 | M39: =I39+K39 -> 2547570.5 | N39: =M39/$F39 -> 0.31184714 | O39: 321541.51 | P39: =O39/$F39 -> 0.039359775 | Q39: 214295.64 | R39: =Q39/$F39 -> 0.026231848 | S39: =O39+Q39 -> 535837.15 | T39: =S39/$F39 -> 0.065591623 | U39: 681820.89 | V39: =U39/$F39 -> 0.083461438 | W39: 81275.72 | X39: =W39/$F39 -> 0.0099489302 | Y39: 715738.99 | Z39: =Y39/$F39 -> 0.087613339 | AA39: 839618.3 | AB39: =AA39/$F39 -> 0.10277736 | AC39: =Y39+AA39 -> 1555357.3 | AD39: =AC39/$F39 -> 0.1903907 | AE39: 1297300 | AF39: =AE39/F39 -> 0.158802 | AG39: 99436.16 | AH39: =AG39/$F39 -> 0.012171943 | AI39: 1187007.9 | AJ39: =AI39/$F39 -> 0.14530119 | AK39: 183686.8 | AL39: =AK39/$F39 -> 0.022485032
D40: 45903 | E40: 三 | F40: =SUM(M40,S40,U40,W40,AC40,AE40,AG40,AI40,AK40) -> 7774607.2 | I40: 1232066.8 | J40: =I40/$F40 -> 0.15847319 | K40: 1207209.5 | L40: =K40/$F40 -> 0.15527595 | M40: =I40+K40 -> 2439276.3 | N40: =M40/F40 -> 0.31374914 | O40: 296103.12 | P40: =O40/$F40 -> 0.038085927 | Q40: 203555.42 | R40: =Q40/$F40 -> 0.026182084 | S40: =O40+Q40 -> 499658.54 | T40: =S40/F40 -> 0.064268011 | U40: 654758.87 | V40: =U40/F40 -> 0.084217614 | W40: 79250.32 | X40: =W40/$F40 -> 0.010193482 | Y40: 673547.3 | Z40: =Y40/$F40 -> 0.086634255 | AA40: 730602 | AB40: =AA40/$F40 -> 0.093972851 | AC40: =Y40+AA40 -> 1404149.3 | AD40: =AC40/$F40 -> 0.18060711 | AE40: 1269715.2 | AF40: =AE40/F40 -> 0.16331567 | AG40: 98792.4 | AH40: =AG40/$F40 -> 0.01270706 | AI40: 1150287.3 | AJ40: =AI40/$F40 -> 0.1479544 | AK40: 178718.96 | AL40: =AK40/$F40 -> 0.022987523
D41: 45904 | E41: 四 | F41: =SUM(M41,S41,U41,W41,AC41,AE41,AG41,AI41,AK41) -> 6925705.3 | I41: 1129887.6 | J41: =I41/$F41 -> 0.16314405 | K41: 1068397.7 | L41: =K41/$F41 -> 0.15426554 | M41: =I41+K41 -> 2198285.3 | N41: =M41/$F41 -> 0.31740959 | O41: 278699.43 | P41: =O41/$F41 -> 0.040241306 | Q41: 205084.15 | R41: =Q41/$F41 -> 0.029612024 | S41: =O41+Q41 -> 483783.58 | T41: =S41/$F41 -> 0.06985333 | U41: 610503.39 | V41: =U41/$F41 -> 0.088150356 | W41: 75191.45 | X41: =W41/$F41 -> 0.010856865 | Y41: 614110.43 | Z41: =Y41/$F41 -> 0.088671175 | AA41: 502137.16 | AB41: =AA41/$F41 -> 0.072503397 | AC41: =Y41+AA41 -> 1116247.6 | AD41: =AC41/$F41 -> 0.16117457 | AE41: 1122214.9 | AF41: =AE41/F41 -> 0.16203618 | AG41: 88888.4 | AH41: =AG41/$F41 -> 0.012834563 | AI41: 1068726.1 | AJ41: =AI41/$F41 -> 0.15431297 | AK41: 161864.62 | AL41: =AK41/$F41 -> 0.023371572
D42: 45905 | E42: 五 | F42: =SUM(M42,S42,U42,W42,AC42,AE42,AG42,AI42,AK42) -> 5813361.8 | I42: 935237.59 | J42: =I42/$F42 -> 0.16087724 | K42: 978474.32 | L42: =K42/$F42 -> 0.16831471 | M42: =I42+K42 -> 1913711.9 | N42: =M42/F42 -> 0.32919195 | O42: 207142.36 | P42: =O42/$F42 -> 0.035632112 | Q42: 163173.46 | R42: =Q42/$F42 -> 0.028068692 | S42: =O42+Q42 -> 370315.82 | T42: =S42/F42 -> 0.063700804 | U42: 498335.7 | V42: =U42/F42 -> 0.085722464 | W42: 67415.44 | X42: =W42/$F42 -> 0.011596636 | Y42: 501696.74 | Z42: =Y42/$F42 -> 0.086300622 | AA42: 426918.92 | AB42: =AA42/$F42 -> 0.073437528 | AC42: =Y42+AA42 -> 928615.66 | AD42: =AC42/$F42 -> 0.15973815 | AE42: 816869.79 | AF42: =AE42/F42 -> 0.1405159 | AG42: 76458.88 | AH42: =AG42/$F42 -> 0.013152266 | AI42: 988349.56 | AJ42: =AI42/$F42 -> 0.17001343 | AK42: 153289.04 | AL42: =AK42/$F42 -> 0.026368398
D43: 45906 | E43: 六 | F43: =SUM(M43,S43,U43,W43,AC43,AE43,AG43,AI43,AK43) -> 6064269.1 | I43: 891347.31 | J43: =I43/$F43 -> 0.14698347 | K43: 1105874 | L43: =K43/$F43 -> 0.18235899 | M43: =I43+K43 -> 1997221.3 | N43: =M43/$F43 -> 0.32934246 | O43: 199443.64 | P43: =O43/$F43 -> 0.032888323 | Q43: 162642.39 | R43: =Q43/$F43 -> 0.026819784 | S43: =O43+Q43 -> 362086.03 | T43: =S43/$F43 -> 0.059708107 | U43: 479468.98 | V43: =U43/$F43 -> 0.079064595 | W43: 75939.59 | X43: =W43/$F43 -> 0.012522464 | Y43: 538128.39 | Z43: =Y43/$F43 -> 0.088737551 | AA43: 541563.71 | AB43: =AA43/$F43 -> 0.089304037 | AC43: =Y43+AA43 -> 1079692.1 | AD43: =AC43/$F43 -> 0.17804159 | AE43: 857602.14 | AF43: =AE43/F43 -> 0.14141888 | AG43: 82104.16 | AH43: =AG43/$F43 -> 0.013539003 | AI43: 976065.29 | AJ43: =AI43/$F43 -> 0.16095349 | AK43: 154089.5 | AL43: =AK43/$F43 -> 0.02540941
D44: 45907 | E44: 日 | F44: =SUM(M44,S44,U44,W44,AC44,AE44,AG44,AI44,AK44) -> 8031264.4 | I44: 1241590.4 | J44: =I44/$F44 -> 0.15459464 | K44: 1237217.1 | L44: =K44/$F44 -> 0.15405011 | M44: =I44+K44 -> 2478807.5 | N44: =M44/F44 -> 0.30864474 | O44: 303639.57 | P44: =O44/$F44 -> 0.037807194 | Q44: 205576.97 | R44: =Q44/$F44 -> 0.025597087 | S44: =O44+Q44 -> 509216.54 | T44: =S44/F44 -> 0.063404281 | U44: 691284.1 | V44: =U44/F44 -> 0.086074131 | W44: 104648.76 | X44: =W44/$F44 -> 0.013030172 | Y44: 721523.59 | Z44: =Y44/$F44 -> 0.089839353 | AA44: 648744.97 | AB44: =AA44/$F44 -> 0.080777439 | AC44: =Y44+AA44 -> 1370268.6 | AD44: =AC44/$F44 -> 0.17061679 | AE44: 1362030 | AF44: =AE44/F44 -> 0.16959098 | AG44: 103249.2 | AH44: =AG44/$F44 -> 0.012855909 | AI44: 1229529.8 | AJ44: =AI44/$F44 -> 0.15309293 | AK44: 182229.88 | AL44: =AK44/$F44 -> 0.022690061
D45: 45908 | E45: 一 | F45: =SUM(M45,S45,U45,W45,AC45,AE45,AG45,AI45,AK45) -> 7945762.3 | I45: 1193479.8 | J45: =I45/$F45 -> 0.15020332 | K45: 1266015.5 | L45: =K45/$F45 -> 0.15933217 | M45: =I45+K45 -> 2459495.4 | N45: =M45/$F45 -> 0.30953548 | O45: 289463.02 | P45: =O45/$F45 -> 0.036429862 | Q45: 206073.56 | R45: =Q45/$F45 -> 0.025935027 | S45: =O45+Q45 -> 495536.58 | T45: =S45/$F45 -> 0.062364889 | U45: 696132.26 | V45: =U45/$F45 -> 0.087610507 | W45: 96879.84 | X45: =W45/$F45 -> 0.012192643 | Y45: 715325.3 | Z45: =Y45/$F45 -> 0.090026013 | AA45: 655193.05 | AB45: =AA45/$F45 -> 0.082458174 | AC45: =Y45+AA45 -> 1370518.4 | AD45: =AC45/$F45 -> 0.17248419 | AE45: 1361107.4 | AF45: =AE45/F45 -> 0.17129979 | AG45: 105527.12 | AH45: =AG45/$F45 -> 0.013280931 | AI45: 1174642.2 | AJ45: =AI45/$F45 -> 0.14783253 | AK45: 185923.2 | AL45: =AK45/$F45 -> 0.023399039
B46: =D54 -> 45917 | D46: 45909 | E46: 二 | F46: =SUM(M46,S46,U46,W46,AC46,AE46,AG46,AI46,AK46) -> 7852972.2 | G46: =SUM(F46:F52) -> 50242376 | I46: 1348176.4 | J46: =I46/$F46 -> 0.17167722 | K46: 1207936 | L46: =K46/$F46 -> 0.15381895 | M46: =I46+K46 -> 2556112.4 | N46: =M46/$F46 -> 0.32549617 | O46: 267916.51 | P46: =O46/$F46 -> 0.034116574 | Q46: 201051.07 | R46: =Q46/$F46 -> 0.025601908 | S46: =O46+Q46 -> 468967.58 | T46: =S46/$F46 -> 0.059718482 | U46: 675816.54 | V46: =U46/$F46 -> 0.086058695 | W46: 84835.22 | X46: =W46/$F46 -> 0.010802944 | Y46: 681253.26 | Z46: =Y46/$F46 -> 0.086751009 | AA46: 646677.27 | AB46: =AA46/$F46 -> 0.082348091 | AC46: =Y46+AA46 -> 1327930.5 | AD46: =AC46/$F46 -> 0.1690991 | AE46: 1335847.9 | AF46: =AE46/F46 -> 0.1701073 | AG46: 96960.16 | AH46: =AG46/$F46 -> 0.012346938 | AI46: 1129523.4 | AJ46: =AI46/$F46 -> 0.14383388 | AK46: 176978.46 | AL46: =AK46/$F46 -> 0.022536494
D47: 45910 | E47: 三 | F47: =SUM(M47,S47,U47,W47,AC47,AE47,AG47,AI47,AK47) -> 7585453.3 | I47: 1342606.3 | J47: =I47/$F47 -> 0.17699751 | K47: 1179999.6 | L47: =K47/$F47 -> 0.15556085 | M47: =I47+K47 -> 2522605.9 | N47: =M47/F47 -> 0.33255836 | O47: 260695.59 | P47: =O47/$F47 -> 0.034367833 | Q47: 193633.79 | R47: =Q47/$F47 -> 0.02552699 | S47: =O47+Q47 -> 454329.38 | T47: =S47/F47 -> 0.059894823 | U47: 666359.16 | V47: =U47/F47 -> 0.08784698 | W47: 69206.61 | X47: =W47/$F47 -> 0.0091235958 | Y47: 653842.96 | Z47: =Y47/$F47 -> 0.086196953 | AA47: 562937.12 | AB47: =AA47/$F47 -> 0.07421272 | AC47: =Y47+AA47 -> 1216780.1 | AD47: =AC47/$F47 -> 0.16040967 | AE47: 1298908.7 | AF47: =AE47/F47 -> 0.17123679 | AG47: 95226.96 | AH47: =AG47/$F47 -> 0.012553892 | AI47: 1081157.5 | AJ47: =AI47/$F47 -> 0.14253037 | AK47: 180879.06 | AL47: =AK47/$F47 -> 0.023845518
D48: 45911 | E48: 四 | F48: =SUM(M48,S48,U48,W48,AC48,AE48,AG48,AI48,AK48) -> 6980689.6 | I48: 1267489.9 | J48: =I48/$F48 -> 0.18157087 | K48: 1047194.7 | L48: =K48/$F48 -> 0.15001307 | M48: =I48+K48 -> 2314684.6 | N48: =M48/$F48 -> 0.33158395 | O48: 251198.56 | P48: =O48/$F48 -> 0.035984777 | Q48: 187627.17 | R48: =Q48/$F48 -> 0.026878028 | S48: =O48+Q48 -> 438825.73 | T48: =S48/$F48 -> 0.062862805 | U48: 607730.96 | V48: =U48/$F48 -> 0.087058871 | W48: 68223.75 | X48: =W48/$F48 -> 0.0097732106 | Y48: 593420.44 | Z48: =Y48/$F48 -> 0.085008856 | AA48: 470331.48 | AB48: =AA48/$F48 -> 0.067376077 | AC48: =Y48+AA48 -> 1063751.9 | AD48: =AC48/$F48 -> 0.15238493 | AE48: 1176869.1 | AF48: =AE48/F48 -> 0.16858922 | AG48: 89334.08 | AH48: =AG48/$F48 -> 0.012797314 | AI48: 1056235.8 | AJ48: =AI48/$F48 -> 0.15130823 | AK48: 165033.72 | AL48: =AK48/$F48 -> 0.023641464
D49: 45912 | E49: 五 | F49: =SUM(M49,S49,U49,W49,AC49,AE49,AG49,AI49,AK49) -> 5798799.4 | I49: 935677.68 | J49: =I49/$F49 -> 0.16135714 | K49: 948931.21 | L49: =K49/$F49 -> 0.1636427 | M49: =I49+K49 -> 1884608.9 | N49: =M49/F49 -> 0.32499984 | O49: 194307.55 | P49: =O49/$F49 -> 0.033508238 | Q49: 162556.54 | R49: =Q49/$F49 -> 0.028032792 | S49: =O49+Q49 -> 356864.09 | T49: =S49/F49 -> 0.06154103 | U49: 492874.97 | V49: =U49/F49 -> 0.084996037 | W49: 65123.74 | X49: =W49/$F49 -> 0.011230556 | Y49: 505812.15 | Z49: =Y49/$F49 -> 0.087227047 | AA49: 485003.46 | AB49: =AA49/$F49 -> 0.083638599 | AC49: =Y49+AA49 -> 990815.61 | AD49: =AC49/$F49 -> 0.17086565 | AE49: 855097.72 | AF49: =AE49/F49 -> 0.14746116 | AG49: 75319.92 | AH49: =AG49/$F49 -> 0.012988882 | AI49: 930147.62 | AJ49: =AI49/$F49 -> 0.16040348 | AK49: 147946.88 | AL49: =AK49/$F49 -> 0.025513364
D50: 45913 | E50: 六 | F50: =SUM(M50,S50,U50,W50,AC50,AE50,AG50,AI50,AK50) -> 6087959.4 | I50: 881410.05 | J50: =I50/$F50 -> 0.14477923 | K50: 1100707.2 | L50: =K50/$F50 -> 0.18080068 | M50: =I50+K50 -> 1982117.3 | N50: =M50/$F50 -> 0.32557991 | O50: 192116.42 | P50: =O50/$F50 -> 0.031556784 | Q50: 161747.98 | R50: =Q50/$F50 -> 0.026568505 | S50: =O50+Q50 -> 353864.4 | T50: =S50/$F50 -> 0.058125289 | U50: 521666.66 | V50: =U50/$F50 -> 0.085688262 | W50: 75075.83 | X50: =W50/$F50 -> 0.012331855 | Y50: 551830.51 | Z50: =Y50/$F50 -> 0.090642936 | AA50: 551272.54 | AB50: =AA50/$F50 -> 0.090551284 | AC50: =Y50+AA50 -> 1103103 | AD50: =AC50/$F50 -> 0.18119422 | AE50: 887375.42 | AF50: =AE50/F50 -> 0.14575909 | AG50: 81708 | AH50: =AG50/$F50 -> 0.013421246 | AI50: 922849.26 | AJ50: =AI50/$F50 -> 0.15158598 | AK50: 160199.5 | AL50: =AK50/$F50 -> 0.026314154
D51: 45914 | E51: 日 | F51: =SUM(M51,S51,U51,W51,AC51,AE51,AG51,AI51,AK51) -> 8034432.2 | I51: 1358842.7 | J51: =I51/$F51 -> 0.1691274 | K51: 1237275.8 | L51: =K51/$F51 -> 0.15399667 | M51: =I51+K51 -> 2596118.5 | N51: =M51/F51 -> 0.32312407 | O51: 282289.93 | P51: =O51/$F51 -> 0.035135019 | Q51: 201818.13 | R51: =Q51/$F51 -> 0.025119153 | S51: =O51+Q51 -> 484108.06 | T51: =S51/F51 -> 0.060254172 | U51: 705962.05 | V51: =U51/F51 -> 0.087867074 | W51: 97603.31 | X51: =W51/$F51 -> 0.012148128 | Y51: 715963.24 | Z51: =Y51/$F51 -> 0.089111865 | AA51: 613579.49 | AB51: =AA51/$F51 -> 0.076368743 | AC51: =Y51+AA51 -> 1329542.7 | AD51: =AC51/$F51 -> 0.16548061 | AE51: 1381163.6 | AF51: =AE51/F51 -> 0.17190556 | AG51: 101714.08 | AH51: =AG51/$F51 -> 0.012659772 | AI51: 1153971.2 | AJ51: =AI51/$F51 -> 0.14362823 | AK51: 184248.68 | AL51: =AK51/$F51 -> 0.022932383
D52: 45915 | E52: 一 | F52: =SUM(M52,S52,U52,W52,AC52,AE52,AG52,AI52,AK52) -> 7902070 | I52: 1293960.7 | J52: =I52/$F52 -> 0.16374958 | K52: 1288664 | L52: =K52/$F52 -> 0.1630793 | M52: =I52+K52 -> 2582624.7 | N52: =M52/$F52 -> 0.32682888 | O52: 291429.19 | P52: =O52/$F52 -> 0.036880107 | Q52: 204852.59 | R52: =Q52/$F52 -> 0.025923915 | S52: =O52+Q52 -> 496281.78 | T52: =S52/$F52 -> 0.062804022 | U52: 717391.29 | V52: =U52/$F52 -> 0.090785236 | W52: 93185.36 | X52: =W52/$F52 -> 0.011792525 | Y52: 717310.3 | Z52: =Y52/$F52 -> 0.090774986 | AA52: 605465.8 | AB52: =AA52/$F52 -> 0.076621164 | AC52: =Y52+AA52 -> 1322776.1 | AD52: =AC52/$F52 -> 0.16739615 | AE52: 1310123.4 | AF52: =AE52/F52 -> 0.16579496 | AG52: 100872.24 | AH52: =AG52/$F52 -> 0.012765293 | AI52: 1093634.2 | AJ52: =AI52/$F52 -> 0.13839845 | AK52: 185180.98 | AL52: =AK52/$F52 -> 0.02343449
B53: =D61 -> 45924 | D53: 45916 | E53: 二 | F53: =SUM(M53,S53,U53,W53,AC53,AE53,AG53,AI53,AK53) -> 8643585.1 | G53: =SUM(F53:F59) -> 51456413 | I53: 1309985.9 | J53: =I53/$F53 -> 0.15155585 | K53: 1247482 | L53: =K53/$F53 -> 0.1443246 | M53: =I53+K53 -> 2557467.9 | N53: =M53/$F53 -> 0.29588045 | O53: 342117.06 | P53: =O53/$F53 -> 0.039580458 | Q53: 210390.33 | R53: =Q53/$F53 -> 0.024340633 | S53: =O53+Q53 -> 552507.39 | T53: =S53/$F53 -> 0.063921091 | U53: 774757.58 | V53: =U53/$F53 -> 0.089633823 | W53: 86350.32 | X53: =W53/$F53 -> 0.0099901047 | Y53: 932746.68 | Z53: =Y53/$F53 -> 0.10791201 | AA53: 562652.67 | AB53: =AA53/$F53 -> 0.065094826 | AC53: =Y53+AA53 -> 1495399.4 | AD53: =AC53/$F53 -> 0.17300684 | AE53: 1607276.5 | AF53: =AE53/F53 -> 0.18595021 | AG53: 91364.4 | AH53: =AG53/$F53 -> 0.010570197 | AI53: 1085790.4 | AJ53: =AI53/$F53 -> 0.12561807 | AK53: 392671.27 | AL53: =AK53/$F53 -> 0.045429213
D54: 45917 | E54: 三 | F54: =SUM(M54,S54,U54,W54,AC54,AE54,AG54,AI54,AK54) -> 8026958.5 | I54: 1289670.3 | J54: =I54/$F54 -> 0.16066737 | K54: 1222816 | L54: =K54/$F54 -> 0.15233865 | M54: =I54+K54 -> 2512486.3 | N54: =M54/F54 -> 0.31300602 | O54: 303054.68 | P54: =O54/$F54 -> 0.037754609 | Q54: 202678.24 | R54: =Q54/$F54 -> 0.025249693 | S54: =O54+Q54 -> 505732.92 | T54: =S54/F54 -> 0.063004302 | U54: 709947.46 | V54: =U54/F54 -> 0.088445388 | W54: 77002.78 | X54: =W54/$F54 -> 0.0095930208 | Y54: 780151.42 | Z54: =Y54/$F54 -> 0.09719141 | AA54: 511780.91 | AB54: =AA54/$F54 -> 0.063757762 | AC54: =Y54+AA54 -> 1291932.3 | AD54: =AC54/$F54 -> 0.16094917 | AE54: 1426274.4 | AF54: =AE54/F54 -> 0.17768553 | AG54: 91711.04 | AH54: =AG54/$F54 -> 0.011425379 | AI54: 1106562.1 | AJ54: =AI54/$F54 -> 0.13785572 | AK54: 305309.16 | AL54: =AK54/$F54 -> 0.038035472
D55: 45918 | E55: 四 | F55: =SUM(M55,S55,U55,W55,AC55,AE55,AG55,AI55,AK55) -> 7356981 | I55: 1197561.9 | J55: =I55/$F55 -> 0.16277899 | K55: 1086290.2 | L55: =K55/$F55 -> 0.14765435 | M55: =I55+K55 -> 2283852.1 | N55: =M55/$F55 -> 0.31043333 | O55: 290825.87 | P55: =O55/$F55 -> 0.0395306 | Q55: 195386.2 | R55: =Q55/$F55 -> 0.026557932 | S55: =O55+Q55 -> 486212.07 | T55: =S55/$F55 -> 0.066088532 | U55: 671309.79 | V55: =U55/$F55 -> 0.091247999 | W55: 68894.14 | X55: =W55/$F55 -> 0.0093644581 | Y55: 715758.32 | Z55: =Y55/$F55 -> 0.097289679 | AA55: 421922.52 | AB55: =AA55/$F55 -> 0.057349954 | AC55: =Y55+AA55 -> 1137680.8 | AD55: =AC55/$F55 -> 0.15463963 | AE55: 1296088.6 | AF55: =AE55/F55 -> 0.17617126 | AG55: 85818.16 | AH55: =AG55/$F55 -> 0.011664861 | AI55: 1036598.8 | AJ55: =AI55/$F55 -> 0.14090003 | AK55: 290526.46 | AL55: =AK55/$F55 -> 0.039489902
D56: 45919 | E56: 五 | F56: =SUM(M56,S56,U56,W56,AC56,AE56,AG56,AI56,AK56) -> 5796047.9 | I56: 876223.76 | J56: =I56/$F56 -> 0.15117607 | K56: 964979.89 | L56: =K56/$F56 -> 0.16648929 | M56: =I56+K56 -> 1841203.6 | N56: =M56/F56 -> 0.31766536 | O56: 241988.24 | P56: =O56/$F56 -> 0.041750559 | Q56: 161703.61 | R56: =Q56/$F56 -> 0.027898943 | S56: =O56+Q56 -> 403691.85 | T56: =S56/F56 -> 0.069649502 | U56: 512132.25 | V56: =U56/F56 -> 0.088358871 | W56: 58436.08 | X56: =W56/$F56 -> 0.010082056 | Y56: 563765.55 | Z56: =Y56/$F56 -> 0.097267234 | AA56: 419210.68 | AB56: =AA56/$F56 -> 0.072326987 | AC56: =Y56+AA56 -> 982976.23 | AD56: =AC56/$F56 -> 0.16959422 | AE56: 865213.07 | AF56: =AE56/F56 -> 0.14927638 | AG56: 71209.76 | AH56: =AG56/$F56 -> 0.012285916 | AI56: 855667.05 | AJ56: =AI56/$F56 -> 0.1476294 | AK56: 205517.98 | AL56: =AK56/$F56 -> 0.035458296
D57: 45920 | E57: 六 | F57: =SUM(M57,S57,U57,W57,AC57,AE57,AG57,AI57,AK57) -> 5974025.3 | I57: 818448.98 | J57: =I57/$F57 -> 0.13700126 | K57: 1072494.9 | L57: =K57/$F57 -> 0.17952633 | M57: =I57+K57 -> 1890943.8 | N57: =M57/$F57 -> 0.31652759 | O57: 236081.91 | P57: =O57/$F57 -> 0.039518063 | Q57: 158077.95 | R57: =Q57/$F57 -> 0.026460877 | S57: =O57+Q57 -> 394159.86 | T57: =S57/$F57 -> 0.065978941 | U57: 537269.49 | V57: =U57/$F57 -> 0.089934251 | W57: 68930.36 | X57: =W57/$F57 -> 0.011538344 | Y57: 616331.62 | Z57: =Y57/$F57 -> 0.10316857 | AA57: 498247.28 | AB57: =AA57/$F57 -> 0.083402271 | AC57: =Y57+AA57 -> 1114578.9 | AD57: =AC57/$F57 -> 0.18657084 | AE57: 861489.11 | AF57: =AE57/F57 -> 0.1442058 | AG57: 75666.56 | AH57: =AG57/$F57 -> 0.012665926 | AI57: 806451.98 | AJ57: =AI57/$F57 -> 0.13499306 | AK57: 224535.2 | AL57: =AK57/$F57 -> 0.037585244
D58: 45921 | E58: 日 | F58: =SUM(M58,S58,U58,W58,AC58,AE58,AG58,AI58,AK58) -> 7966442.2 | I58: 1230261.8 | J58: =I58/$F58 -> 0.15443052 | K58: 1225422.3 | L58: =K58/$F58 -> 0.15382304 | M58: =I58+K58 -> 2455684.1 | N58: =M58/F58 -> 0.30825355 | O58: 332058.89 | P58: =O58/$F58 -> 0.041682207 | Q58: 201302.14 | R58: =Q58/$F58 -> 0.025268763 | S58: =O58+Q58 -> 533361.03 | T58: =S58/F58 -> 0.06695097 | U58: 760638.65 | V58: =U58/F58 -> 0.095480345 | W58: 93957.94 | X58: =W58/$F58 -> 0.011794216 | Y58: 753629.09 | Z58: =Y58/$F58 -> 0.094600459 | AA58: 568578.62 | AB58: =AA58/$F58 -> 0.071371712 | AC58: =Y58+AA58 -> 1322207.7 | AD58: =AC58/$F58 -> 0.16597217 | AE58: 1410768.6 | AF58: =AE58/F58 -> 0.17708892 | AG58: 100327.52 | AH58: =AG58/$F58 -> 0.012593767 | AI58: 1046223.8 | AJ58: =AI58/$F58 -> 0.13132886 | AK58: 243272.84 | AL58: =AK58/$F58 -> 0.0305372
D59: 45922 | E59: 一 | F59: =SUM(M59,S59,U59,W59,AC59,AE59,AG59,AI59,AK59) -> 7692372.9 | I59: 1187779.1 | J59: =I59/$F59 -> 0.15440998 | K59: 1201906.3 | L59: =K59/$F59 -> 0.15624649 | M59: =I59+K59 -> 2389685.4 | N59: =M59/$F59 -> 0.31065647 | O59: 332175.19 | P59: =O59/$F59 -> 0.043182408 | Q59: 208686.87 | R59: =Q59/$F59 -> 0.027129063 | S59: =O59+Q59 -> 540862.06 | T59: =S59/$F59 -> 0.070311471 | U59: 717963.63 | V59: =U59/$F59 -> 0.09333448 | W59: 27881.61 | X59: =W59/$F59 -> 0.0036245786 | Y59: 741397.88 | Z59: =Y59/$F59 -> 0.096380907 | AA59: 565736.29 | AB59: =AA59/$F59 -> 0.073545094 | AC59: =Y59+AA59 -> 1307134.2 | AD59: =AC59/$F59 -> 0.169926 | AE59: 1360098 | AF59: =AE59/F59 -> 0.17681124 | AG59: 96762.08 | AH59: =AG59/$F59 -> 0.012578964 | AI59: 1010284.9 | AJ59: =AI59/$F59 -> 0.13133593 | AK59: 241701 | AL59: =AK59/$F59 -> 0.031420863
B60: =D68 -> 45931 | D60: 45923 | E60: 二 | F60: =SUM(M60,S60,U60,W60,AC60,AE60,AG60,AI60,AK60) -> 7459138 | G60: =SUM(F60:F66) -> 45017389 | I60: 1145811.9 | J60: =I60/$F60 -> 0.15361184 | K60: 1159795.1 | L60: =K60/$F60 -> 0.15548648 | M60: =I60+K60 -> 2305607.1 | N60: =M60/$F60 -> 0.30909833 | O60: 302899.54 | P60: =O60/$F60 -> 0.040607847 | Q60: 204739.13 | R60: =Q60/$F60 -> 0.027448095 | S60: =O60+Q60 -> 507638.67 | T60: =S60/$F60 -> 0.068055943 | U60: 696372.17 | V60: =U60/$F60 -> 0.093358263 | W60: 27641.94 | X60: =W60/$F60 -> 0.0037057821 | Y60: 726709.18 | Z60: =Y60/$F60 -> 0.097425356 | AA60: 537916.76 | AB60: =AA60/$F60 -> 0.072115137 | AC60: =Y60+AA60 -> 1264625.9 | AD60: =AC60/$F60 -> 0.16954049 | AE60: 1346565.7 | AF60: =AE60/F60 -> 0.18052565 | AG60: 86412.4 | AH60: =AG60/$F60 -> 0.01158477 | AI60: 986340.86 | AJ60: =AI60/$F60 -> 0.13223255 | AK60: 237933.26 | AL60: =AK60/$F60 -> 0.031898225
D61: 45924 | E61: 三 | F61: =SUM(M61,S61,U61,W61,AC61,AE61,AG61,AI61,AK61) -> 7098839 | I61: 1127505.2 | J61: =I61/$F61 -> 0.15882953 | K61: 1120668.4 | L61: =K61/$F61 -> 0.15786643 | M61: =I61+K61 -> 2248173.6 | N61: =M61/F61 -> 0.31669596 | O61: 297281.09 | P61: =O61/$F61 -> 0.041877424 | Q61: 187578.95 | R61: =Q61/$F61 -> 0.026423891 | S61: =O61+Q61 -> 484860.04 | T61: =S61/F61 -> 0.068301315 | U61: 691134.93 | V61: =U61/F61 -> 0.097358868 | W61: 25218.61 | X61: =W61/$F61 -> 0.0035524978 | Y61: 722478.43 | Z61: =Y61/$F61 -> 0.10177417 | AA61: 509202.92 | AB61: =AA61/$F61 -> 0.07173045 | AC61: =Y61+AA61 -> 1231681.4 | AD61: =AC61/$F61 -> 0.17350462 | AE61: 1321737.8 | AF61: =AE61/F61 -> 0.1861907 | AG61: 88888.4 | AH61: =AG61/$F61 -> 0.01252154 | AI61: 761040.1 | AJ61: =AI61/$F61 -> 0.10720628 | AK61: 246104.12 | AL61: =AK61/$F61 -> 0.034668221
D62: 45925 | E62: 四 | F62: =SUM(M62,S62,U62,W62,AC62,AE62,AG62,AI62,AK62) -> 6557727.1 | I62: 1051526.5 | J62: =I62/$F62 -> 0.16034923 | K62: 952950.58 | L62: =K62/$F62 -> 0.14531721 | M62: =I62+K62 -> 2004477.1 | N62: =M62/$F62 -> 0.30566644 | O62: 280003.86 | P62: =O62/$F62 -> 0.042698309 | Q62: 175683.74 | R62: =Q62/$F62 -> 0.02679034 | S62: =O62+Q62 -> 455687.6 | T62: =S62/$F62 -> 0.06948865 | U62: 681271.93 | V62: =U62/$F62 -> 0.10388842 | W62: 24579.49 | X62: =W62/$F62 -> 0.0037481721 | Y62: 686106.93 | Z62: =Y62/$F62 -> 0.10462572 | AA62: 464146.12 | AB62: =AA62/$F62 -> 0.070778505 | AC62: =Y62+AA62 -> 1150253 | AD62: =AC62/$F62 -> 0.17540423 | AE62: 1180856.8 | AF62: =AE62/F62 -> 0.18007105 | AG62: 79380.56 | AH62: =AG62/$F62 -> 0.012104889 | AI62: 751388.13 | AJ62: =AI62/$F62 -> 0.11458057 | AK62: 229832.48 | AL62: =AK62/$F62 -> 0.035047582
D63: 45926 | E63: 五 | F63: =SUM(M63,S63,U63,W63,AC63,AE63,AG63,AI63,AK63) -> 5226513.3 | I63: 663640.74 | J63: =I63/$F63 -> 0.12697581 | K63: 814220.59 | L63: =K63/$F63 -> 0.15578657 | M63: =I63+K63 -> 1477861.3 | N63: =M63/F63 -> 0.28276238 | O63: 208071.36 | P63: =O63/$F63 -> 0.03981074 | Q63: 148400.21 | R63: =Q63/$F63 -> 0.028393731 | S63: =O63+Q63 -> 356471.57 | T63: =S63/F63 -> 0.06820447 | U63: 529147.95 | V63: =U63/F63 -> 0.10124301 | W63: 21596.93 | X63: =W63/$F63 -> 0.004132187 | Y63: 573632.71 | Z63: =Y63/$F63 -> 0.10975438 | AA63: 441193.62 | AB63: =AA63/$F63 -> 0.084414522 | AC63: =Y63+AA63 -> 1014826.3 | AD63: =AC63/$F63 -> 0.1941689 | AE63: 804839.95 | AF63: =AE63/F63 -> 0.15399175 | AG63: 70021.28 | AH63: =AG63/$F63 -> 0.013397322 | AI63: 756584.91 | AJ63: =AI63/$F63 -> 0.14475901 | AK63: 195163.02 | AL63: =AK63/$F63 -> 0.037340959
D64: 45927 | E64: 六 | F64: =SUM(M64,S64,U64,W64,AC64,AE64,AG64,AI64,AK64) -> 5183430.2 | I64: 621017.6 | J64: =I64/$F64 -> 0.11980823 | K64: 796355.54 | L64: =K64/$F64 -> 0.15363485 | M64: =I64+K64 -> 1417373.1 | N64: =M64/$F64 -> 0.27344308 | O64: 208574.34 | P64: =O64/$F64 -> 0.04023867 | Q64: 147769.27 | R64: =Q64/$F64 -> 0.028508008 | S64: =O64+Q64 -> 356343.61 | T64: =S64/$F64 -> 0.068746678 | U64: 534736.19 | V64: =U64/$F64 -> 0.10316261 | W64: 22688.76 | X64: =W64/$F64 -> 0.0043771709 | Y64: 579160.9 | Z64: =Y64/$F64 -> 0.11173313 | AA64: 450834.03 | AB64: =AA64/$F64 -> 0.086976 | AC64: =Y64+AA64 -> 1029994.9 | AD64: =AC64/$F64 -> 0.19870913 | AE64: 754637.89 | AF64: =AE64/F64 -> 0.14558658 | AG64: 75270.4 | AH64: =AG64/$F64 -> 0.014521349 | AI64: 787823.87 | AJ64: =AI64/$F64 -> 0.1519889 | AK64: 204561.44 | AL64: =AK64/$F64 -> 0.039464492
D65: 45928 | E65: 日 | F65: =SUM(M65,S65,U65,W65,AC65,AE65,AG65,AI65,AK65) -> 5811925.4 | I65: 655805.91 | J65: =I65/$F65 -> 0.11283798 | K65: 961700.51 | L65: =K65/$F65 -> 0.16547021 | M65: =I65+K65 -> 1617506.4 | N65: =M65/F65 -> 0.27830819 | O65: 209998.13 | P65: =O65/$F65 -> 0.036132283 | Q65: 153595.35 | R65: =Q65/$F65 -> 0.026427619 | S65: =O65+Q65 -> 363593.48 | T65: =S65/F65 -> 0.062559902 | U65: 605147.46 | V65: =U65/F65 -> 0.10412168 | W65: 24845.79 | X65: =W65/$F65 -> 0.0042749672 | Y65: 616475.24 | Z65: =Y65/$F65 -> 0.10607074 | AA65: 517969.83 | AB65: =AA65/$F65 -> 0.0891219 | AC65: =Y65+AA65 -> 1134445.1 | AD65: =AC65/$F65 -> 0.19519264 | AE65: 873882.83 | AF65: =AE65/F65 -> 0.1503603 | AG65: 73339.12 | AH65: =AG65/$F65 -> 0.012618731 | AI65: 924078.69 | AJ65: =AI65/$F65 -> 0.158997 | AK65: 195086.5 | AL65: =AK65/$F65 -> 0.033566587
D66: 45929 | E66: 一 | F66: =SUM(M66,S66,U66,W66,AC66,AE66,AG66,AI66,AK66) -> 7679816.1 | I66: 1107238.3 | J66: =I66/$F66 -> 0.1441751 | K66: 1185895.1 | L66: =K66/$F66 -> 0.15441713 | M66: =I66+K66 -> 2293133.4 | N66: =M66/$F66 -> 0.29859223 | O66: 316890.14 | P66: =O66/$F66 -> 0.041262725 | Q66: 207273.1 | R66: =Q66/$F66 -> 0.026989331 | S66: =O66+Q66 -> 524163.24 | T66: =S66/$F66 -> 0.068252056 | U66: 774807.44 | V66: =U66/$F66 -> 0.1008888 | W66: 32382.08 | X66: =W66/$F66 -> 0.0042165176 | Y66: 763080.9 | Z66: =Y66/$F66 -> 0.099361872 | AA66: 577751.67 | AB66: =AA66/$F66 -> 0.075229884 | AC66: =Y66+AA66 -> 1340832.6 | AD66: =AC66/$F66 -> 0.17459176 | AE66: 1321695.1 | AF66: =AE66/F66 -> 0.17209983 | AG66: 99980.88 | AH66: =AG66/$F66 -> 0.013018656 | AI66: 1045609.9 | AJ66: =AI66/$F66 -> 0.13615038 | AK66: 247211.54 | AL66: =AK66/$F66 -> 0.032189773
B67: =B60+7 -> 45938 | D67: 45930 | E67: 二 | F67: =SUM(M67,S67,U67,W67,AC67,AE67,AG67,AI67,AK67) -> 8504391 | G67: =SUM(F67:F73) -> 48020962 | I67: 1096498.2 | J67: =I67/$F67 -> 0.12893318 | K67: 1147687.1 | L67: =K67/$F67 -> 0.1349523 | M67: =I67+K67 -> 2244185.3 | N67: =M67/$F67 -> 0.26388548 | O67: 348571.86 | P67: =O67/$F67 -> 0.040987281 | Q67: 210469.38 | R67: =Q67/$F67 -> 0.024748319 | S67: =O67+Q67 -> 559041.24 | T67: =S67/$F67 -> 0.0657356 | U67: 940768.19 | V67: =U67/$F67 -> 0.11062147 | W67: 26976.19 | X67: =W67/$F67 -> 0.0031720308 | Y67: 719308.83 | Z67: =Y67/$F67 -> 0.084580875 | AA67: 559886.06 | AB67: =AA67/$F67 -> 0.065834939 | AC67: =Y67+AA67 -> 1279194.9 | AD67: =AC67/$F67 -> 0.15041581 | AE67: 1901480.2 | AF67: =AE67/F67 -> 0.22358805 | AG67: 82747.92 | AH67: =AG67/$F67 -> 0.009730023 | AI67: 953678.2 | AJ67: =AI67/$F67 -> 0.11213951 | AK67: 516318.84 | AL67: =AK67/$F67 -> 0.06071203
C68: 十 | D68: 45931 | E68: 三 | F68: =SUM(M68,S68,U68,W68,AC68,AE68,AG68,AI68,AK68) -> 7759690.4 | I68: 1078340.6 | J68: =I68/$F68 -> 0.13896696 | K68: 1099087.7 | L68: =K68/$F68 -> 0.14164066 | M68: =I68+K68 -> 2177428.3 | N68: =M68/F68 -> 0.28060762 | O68: 314770.48 | P68: =O68/$F68 -> 0.040564825 | Q68: 199696.59 | R68: =Q68/$F68 -> 0.025735124 | S68: =O68+Q68 -> 514467.07 | T68: =S68/F68 -> 0.066299948 | U68: 826439.28 | V68: =U68/F68 -> 0.10650416 | W68: 23993.63 | X68: =W68/$F68 -> 0.003092086 | Y68: 681870.72 | Z68: =Y68/$F68 -> 0.087873444 | AA68: 508969.95 | AB68: =AA68/$F68 -> 0.065591528 | AC68: =Y68+AA68 -> 1190840.7 | AD68: =AC68/$F68 -> 0.15346497 | AE68: 1636798 | AF68: =AE68/F68 -> 0.210936 | AG68: 80915.68 | AH68: =AG68/$F68 -> 0.010427694 | AI68: 911944.48 | AJ68: =AI68/$F68 -> 0.11752331 | AK68: 396863.26 | AL68: =AK68/$F68 -> 0.051144213
D69: 45932 | E69: 四 | F69: =SUM(M69,S69,U69,W69,AC69,AE69,AG69,AI69,AK69) -> 7035393.4 | H69: =SUM(F68:F98) -> 2.1603387e+08 | I69: 976883.98 | J69: =I69/$F69 -> 0.13885279 | K69: 933940.39 | L69: =K69/$F69 -> 0.13274885 | M69: =I69+K69 -> 1910824.4 | N69: =M69/$F69 -> 0.27160164 | O69: 287529.38 | P69: =O69/$F69 -> 0.040868984 | Q69: 182554.48 | R69: =Q69/$F69 -> 0.025948013 | S69: =O69+Q69 -> 470083.86 | T69: =S69/$F69 -> 0.066816997 | U69: 785260.95 | V69: =U69/$F69 -> 0.11161578 | W69: 23407.77 | X69: =W69/$F69 -> 0.0033271444 | Y69: 623736.82 | Z69: =Y69/$F69 -> 0.088656993 | AA69: 436064.6 | AB69: =AA69/$F69 -> 0.061981552 | AC69: =Y69+AA69 -> 1059801.4 | AD69: =AC69/$F69 -> 0.15063854 | AE69: 1496543 | AF69: =AE69/F69 -> 0.21271632 | AG69: 79628.16 | AH69: =AG69/$F69 -> 0.011318224 | AI69: 840160.46 | AJ69: =AI69/$F69 -> 0.11941912 | AK69: 369683.42 | AL69: =AK69/$F69 -> 0.052546233
D70: 45933 | E70: 五 | F70: =SUM(M70,S70,U70,W70,AC70,AE70,AG70,AI70,AK70) -> 5457658.3 | I70: 632555.39 | J70: =I70/$F70 -> 0.11590234 | K70: 803058.58 | L70: =K70/$F70 -> 0.14714343 | M70: =I70+K70 -> 1435614 | N70: =M70/F70 -> 0.26304578 | O70: 232206.06 | P70: =O70/$F70 -> 0.04254683 | Q70: 145444.05 | R70: =Q70/$F70 -> 0.026649534 | S70: =O70+Q70 -> 377650.11 | T70: =S70/F70 -> 0.069196364 | U70: 560724.84 | V70: =U70/F70 -> 0.10274092 | W70: 18028.51 | X70: =W70/$F70 -> 0.0033033416 | Y70: 498143.46 | Z70: =Y70/$F70 -> 0.091274212 | AA70: 393210.52 | AB70: =AA70/$F70 -> 0.072047478 | AC70: =Y70+AA70 -> 891353.98 | AD70: =AC70/$F70 -> 0.16332169 | AE70: 1098315.5 | AF70: =AE70/F70 -> 0.201243 | AG70: 59869.68 | AH70: =AG70/$F70 -> 0.010969848 | AI70: 730027.05 | AJ70: =AI70/$F70 -> 0.13376196 | AK70: 286074.66 | AL70: =AK70/$F70 -> 0.052417107
D71: 45934 | E71: 六 | F71: =SUM(M71,S71,U71,W71,AC71,AE71,AG71,AI71,AK71) -> 5378162.1 | I71: 601966.07 | J71: =I71/$F71 -> 0.11192784 | K71: 779706.77 | L71: =K71/$F71 -> 0.14497644 | M71: =I71+K71 -> 1381672.8 | N71: =M71/$F71 -> 0.25690428 | O71: 232162.52 | P71: =O71/$F71 -> 0.043167632 | Q71: 147101.59 | R71: =Q71/$F71 -> 0.027351647 | S71: =O71+Q71 -> 379264.11 | T71: =S71/$F71 -> 0.070519279 | U71: 552690.12 | V71: =U71/$F71 -> 0.10276561 | W71: 17043.2 | X71: =W71/$F71 -> 0.0031689636 | Y71: 493464.44 | Z71: =Y71/$F71 -> 0.09175336 | AA71: 421461.72 | AB71: =AA71/$F71 -> 0.078365381 | AC71: =Y71+AA71 -> 914926.16 | AD71: =AC71/$F71 -> 0.17011874 | AE71: 1117659.2 | AF71: =AE71/F71 -> 0.20781435 | AG71: 65911.12 | AH71: =AG71/$F71 -> 0.012255324 | AI71: 718351.86 | AJ71: =AI71/$F71 -> 0.13356828 | AK71: 230643.42 | AL71: =AK71/$F71 -> 0.042885175
D72: 45935 | E72: 日 | F72: =SUM(M72,S72,U72,W72,AC72,AE72,AG72,AI72,AK72) -> 5928059 | I72: 652898.67 | J72: =I72/$F72 -> 0.11013701 | K72: 931510.93 | L72: =K72/$F72 -> 0.15713591 | M72: =I72+K72 -> 1584409.6 | N72: =M72/F72 -> 0.26727292 | O72: 230518.78 | P72: =O72/$F72 -> 0.038886047 | Q72: 147078.94 | R72: =Q72/$F72 -> 0.024810641 | S72: =O72+Q72 -> 377597.72 | T72: =S72/F72 -> 0.063696688 | U72: 665823.66 | V72: =U72/F72 -> 0.11231731 | W72: 16989.94 | X72: =W72/$F72 -> 0.0028660208 | Y72: 556939.01 | Z72: =Y72/$F72 -> 0.093949641 | AA72: 469913.84 | AB72: =AA72/$F72 -> 0.079269428 | AC72: =Y72+AA72 -> 1026852.8 | AD72: =AC72/$F72 -> 0.17321907 | AE72: 1258492.9 | AF72: =AE72/F72 -> 0.21229425 | AG72: 62989.44 | AH72: =AG72/$F72 -> 0.010625643 | AI72: 653306.57 | AJ72: =AI72/$F72 -> 0.11020582 | AK72: 281596.33 | AL72: =AK72/$F72 -> 0.047502282
D73: 45936 | E73: 一 | F73: =SUM(M73,S73,U73,W73,AC73,AE73,AG73,AI73,AK73) -> 7957607.8 | I73: 1030251.4 | J73: =I73/$F73 -> 0.12946748 | K73: 1183504.7 | L73: =K73/$F73 -> 0.1487262 | M73: =I73+K73 -> 2213756.1 | N73: =M73/$F73 -> 0.27819368 | O73: 319566.34 | P73: =O73/$F73 -> 0.040158594 | Q73: 204130.97 | R73: =Q73/$F73 -> 0.025652304 | S73: =O73+Q73 -> 523697.31 | T73: =S73/$F73 -> 0.065810898 | U73: 823523.69 | V73: =U73/$F73 -> 0.10348885 | W73: 30411.46 | X73: =W73/$F73 -> 0.0038216837 | Y73: 722780.71 | Z73: =Y73/$F73 -> 0.090828894 | AA73: 808201.02 | AB73: =AA73/$F73 -> 0.10156331 | AC73: =Y73+AA73 -> 1530981.7 | AD73: =AC73/$F73 -> 0.19239221 | AE73: 1661867.6 | AF73: =AE73/F73 -> 0.2088401 | AG73: 90968.24 | AH73: =AG73/$F73 -> 0.011431606 | AI73: 783467.76 | AJ73: =AI73/$F73 -> 0.098455187 | AK73: 298933.84 | AL73: =AK73/$F73 -> 0.037565792
B74: =D82 -> 45945 | D74: 45937 | E74: 二 | F74: =SUM(M74,S74,U74,W74,AC74,AE74,AG74,AI74,AK74) -> 7735533.3 | G74: =SUM(F74:F80) -> 46920812 | I74: 1000337.3 | J74: =I74/$F74 -> 0.12931717 | K74: 1128674.2 | L74: =K74/$F74 -> 0.14590774 | M74: =I74+K74 -> 2129011.5 | N74: =M74/$F74 -> 0.27522491 | O74: 317157.61 | P74: =O74/$F74 -> 0.041000096 | Q74: 199027.81 | R74: =Q74/$F74 -> 0.025729035 | S74: =O74+Q74 -> 516185.42 | T74: =S74/$F74 -> 0.066729131 | U74: 761996.22 | V74: =U74/$F74 -> 0.098505971 | W74: 28174.54 | X74: =W74/$F74 -> 0.0036422233 | Y74: 674581.99 | Z74: =Y74/$F74 -> 0.087205621 | AA74: 795066.84 | AB74: =AA74/$F74 -> 0.10278113 | AC74: =Y74+AA74 -> 1469648.8 | AD74: =AC74/$F74 -> 0.18998675 | AE74: 1766062.5 | AF74: =AE74/F74 -> 0.2283052 | AG74: 82054.64 | AH74: =AG74/$F74 -> 0.010607496 | AI74: 733869.39 | AJ74: =AI74/$F74 -> 0.094869915 | AK74: 248530.35 | AL74: =AK74/$F74 -> 0.032128405
D75: 45938 | E75: 三 | F75: =SUM(M75,S75,U75,W75,AC75,AE75,AG75,AI75,AK75) -> 6990078.6 | I75: 969552.49 | J75: =I75/$F75 -> 0.13870409 | K75: 950556.42 | L75: =K75/$F75 -> 0.13598651 | M75: =I75+K75 -> 1920108.9 | N75: =M75/F75 -> 0.2746906 | O75: 284558.5 | P75: =O75/$F75 -> 0.040708913 | Q75: 180760.27 | R75: =Q75/$F75 -> 0.025859548 | S75: =O75+Q75 -> 465318.77 | T75: =S75/F75 -> 0.066568461 | U75: 688985.94 | V75: =U75/F75 -> 0.098566265 | W75: 23114.84 | X75: =W75/$F75 -> 0.0033068069 | Y75: 618848.82 | Z75: =Y75/$F75 -> 0.088532455 | AA75: 684569.77 | AB75: =AA75/$F75 -> 0.097934488 | AC75: =Y75+AA75 -> 1303418.6 | AD75: =AC75/$F75 -> 0.18646694 | AE75: 1572839.1 | AF75: =AE75/F75 -> 0.22501022 | AG75: 78984.4 | AH75: =AG75/$F75 -> 0.011299501 | AI75: 696813.02 | AJ75: =AI75/$F75 -> 0.099686007 | AK75: 240494.97 | AL75: =AK75/$F75 -> 0.034405188
D76: 45939 | E76: 四 | F76: =SUM(M76,S76,U76,W76,AC76,AE76,AG76,AI76,AK76) -> 5629785.9 | I76: 625775.01 | J76: =I76/$F76 -> 0.11115432 | K76: 819815.29 | L76: =K76/$F76 -> 0.14562104 | M76: =I76+K76 -> 1445590.3 | N76: =M76/$F76 -> 0.25677536 | O76: 215334.65 | P76: =O76/$F76 -> 0.038249172 | Q76: 142682.52 | R76: =Q76/$F76 -> 0.025344218 | S76: =O76+Q76 -> 358017.17 | T76: =S76/$F76 -> 0.06359339 | U76: 607018.07 | V76: =U76/$F76 -> 0.10782259 | W76: 16297.56 | X76: =W76/$F76 -> 0.002894881 | Y76: 514318.7 | Z76: =Y76/$F76 -> 0.091356707 | AA76: 556938.58 | AB76: =AA76/$F76 -> 0.098927133 | AC76: =Y76+AA76 -> 1071257.3 | AD76: =AC76/$F76 -> 0.19028384 | AE76: 1272863.8 | AF76: =AE76/F76 -> 0.22609453 | AG76: 59374.48 | AH76: =AG76/$F76 -> 0.01054649 | AI76: 571154.51 | AJ76: =AI76/$F76 -> 0.10145226 | AK76: 228212.76 | AL76: =AK76/$F76 -> 0.040536668
D77: 45940 | E77: 五 | F77: =SUM(M77,S77,U77,W77,AC77,AE77,AG77,AI77,AK77) -> 5383668.6 | I77: 593377.21 | J77: =I77/$F77 -> 0.110218 | K77: 799858.45 | L77: =K77/$F77 -> 0.14857126 | M77: =I77+K77 -> 1393235.7 | N77: =M77/F77 -> 0.25878927 | O77: 215730.58 | P77: =O77/$F77 -> 0.040071296 | Q77: 142800.24 | R77: =Q77/$F77 -> 0.026524708 | S77: =O77+Q77 -> 358530.82 | T77: =S77/F77 -> 0.066596005 | U77: 551541.85 | V77: =U77/F77 -> 0.10244721 | W77: 16430.71 | X77: =W77/$F77 -> 0.0030519542 | Y77: 462506.54 | Z77: =Y77/$F77 -> 0.085909177 | AA77: 584825.78 | AB77: =AA77/$F77 -> 0.1086296 | AC77: =Y77+AA77 -> 1047332.3 | AD77: =AC77/$F77 -> 0.19453878 | AE77: 1108759.2 | AF77: =AE77/F77 -> 0.20594863 | AG77: 57195.6 | AH77: =AG77/$F77 -> 0.010623908 | AI77: 606871.11 | AJ77: =AI77/$F77 -> 0.11272445 | AK77: 243771.35 | AL77: =AK77/$F77 -> 0.045279784
D78: 45941 | E78: 六 | F78: =SUM(M78,S78,U78,W78,AC78,AE78,AG78,AI78,AK78) -> 5813078.6 | I78: 594642.88 | J78: =I78/$F78 -> 0.10229397 | K78: 964112.57 | L78: =K78/$F78 -> 0.16585232 | M78: =I78+K78 -> 1558755.5 | N78: =M78/$F78 -> 0.26814629 | O78: 214389.85 | P78: =O78/$F78 -> 0.036880604 | Q78: 147326.26 | R78: =Q78/$F78 -> 0.025343931 | S78: =O78+Q78 -> 361716.11 | T78: =S78/$F78 -> 0.062224535 | U78: 612310.43 | V78: =U78/$F78 -> 0.10533324 | W78: 19706.2 | X78: =W78/$F78 -> 0.0033899765 | Y78: 515440.34 | Z78: =Y78/$F78 -> 0.088669082 | AA78: 676918.14 | AB78: =AA78/$F78 -> 0.11644744 | AC78: =Y78+AA78 -> 1192358.5 | AD78: =AC78/$F78 -> 0.20511653 | AE78: 1138882.6 | AF78: =AE78/F78 -> 0.19591729 | AG78: 71754.48 | AH78: =AG78/$F78 -> 0.012343628 | AI78: 625901.96 | AJ78: =AI78/$F78 -> 0.10767134 | AK78: 231692.84 | AL78: =AK78/$F78 -> 0.039857166
D79: 45942 | E79: 日 | F79: =SUM(M79,S79,U79,W79,AC79,AE79,AG79,AI79,AK79) -> 7715093 | I79: 997900.3 | J79: =I79/$F79 -> 0.12934391 | K79: 1138992.4 | L79: =K79/$F79 -> 0.14763172 | M79: =I79+K79 -> 2136892.8 | N79: =M79/F79 -> 0.27697563 | O79: 305064 | P79: =O79/$F79 -> 0.039541195 | Q79: 197359.01 | R79: =Q79/$F79 -> 0.025580898 | S79: =O79+Q79 -> 502423.01 | T79: =S79/F79 -> 0.065122094 | U79: 783979.92 | V79: =U79/F79 -> 0.10161639 | W79: 25777.84 | X79: =W79/$F79 -> 0.0033412222 | Y79: 659314.68 | Z79: =Y79/$F79 -> 0.085457775 | AA79: 801125.63 | AB79: =AA79/$F79 -> 0.10383875 | AC79: =Y79+AA79 -> 1460440.3 | AD79: =AC79/$F79 -> 0.18929653 | AE79: 1747706.1 | AF79: =AE79/F79 -> 0.22653079 | AG79: 0 | AH79: =AG79/$F79 -> 0 | AI79: 807580.32 | AJ79: =AI79/$F79 -> 0.10467538 | AK79: 250292.76 | AL79: =AK79/$F79 -> 0.032441963
D80: 45943 | E80: 一 | F80: =SUM(M80,S80,U80,W80,AC80,AE80,AG80,AI80,AK80) -> 7653574.3 | I80: 984486.57 | J80: =I80/$F80 -> 0.12863095 | K80: 1128928.5 | L80: =K80/$F80 -> 0.14750343 | M80: =I80+K80 -> 2113415 | N80: =M80/$F80 -> 0.27613439 | O80: 307810.79 | P80: =O80/$F80 -> 0.040217913 | Q80: 201075.39 | R80: =Q80/$F80 -> 0.02627209 | S80: =O80+Q80 -> 508886.18 | T80: =S80/$F80 -> 0.066490003 | U80: 791078.81 | V80: =U80/$F80 -> 0.1033607 | W80: 28254.43 | X80: =W80/$F80 -> 0.0036916647 | Y80: 635188.65 | Z80: =Y80/$F80 -> 0.082992419 | AA80: 815488.34 | AB80: =AA80/$F80 -> 0.10655 | AC80: =Y80+AA80 -> 1450677 | AD80: =AC80/$F80 -> 0.18954242 | AE80: 1725086.3 | AF80: =AE80/F80 -> 0.22539617 | AG80: 0 | AH80: =AG80/$F80 -> 0 | AI80: 770481.06 | AJ80: =AI80/$F80 -> 0.10066944 | AK80: 265695.5 | AL80: =AK80/$F80 -> 0.034715218
B81: =D89 -> 45952 | D81: 45944 | E81: 二 | F81: =SUM(M81,S81,U81,W81,AC81,AE81,AG81,AI81,AK81) -> 8258006 | G81: =SUM(F81:F87) -> 52309638 | I81: 1065968.1 | J81: =I81/$F81 -> 0.12908298 | K81: 1129634 | L81: =K81/$F81 -> 0.13679259 | M81: =I81+K81 -> 2195602 | N81: =M81/$F81 -> 0.26587557 | O81: 442089.53 | P81: =O81/$F81 -> 0.053534658 | Q81: 210259.86 | R81: =Q81/$F81 -> 0.025461335 | S81: =O81+Q81 -> 652349.39 | T81: =S81/$F81 -> 0.078995994 | U81: 787863.54 | V81: =U81/$F81 -> 0.095406027 | W81: 27349.01 | X81: =W81/$F81 -> 0.0033118177 | Y81: 615058.75 | Z81: =Y81/$F81 -> 0.074480298 | AA81: 768662.45 | AB81: =AA81/$F81 -> 0.093080878 | AC81: =Y81+AA81 -> 1383721.2 | AD81: =AC81/$F81 -> 0.16756118 | AE81: 1638198.1 | AF81: =AE81/F81 -> 0.19837696 | AG81: 568059.5 | AH81: =AG81/$F81 -> 0.068788943 | AI81: 739128.44 | AJ81: =AI81/$F81 -> 0.089504469 | AK81: 265734.77 | AL81: =AK81/$F81 -> 0.032179048
D82: 45945 | E82: 三 | F82: =SUM(M82,S82,U82,W82,AC82,AE82,AG82,AI82,AK82) -> 8118705.1 | I82: 1040627.5 | J82: =I82/$F82 -> 0.12817654 | K82: 1112109.2 | L82: =K82/$F82 -> 0.1369811 | M82: =I82+K82 -> 2152736.7 | N82: =M82/F82 -> 0.26515764 | O82: 386230.2 | P82: =O82/$F82 -> 0.047572882 | Q82: 201880.55 | R82: =Q82/$F82 -> 0.024866102 | S82: =O82+Q82 -> 588110.75 | T82: =S82/F82 -> 0.072438984 | U82: 778286.11 | V82: =U82/F82 -> 0.09586333 | W82: 26576.74 | X82: =W82/$F82 -> 0.0032735196 | Y82: 604690.08 | Z82: =Y82/$F82 -> 0.074481099 | AA82: 714508.38 | AB82: =AA82/$F82 -> 0.088007677 | AC82: =Y82+AA82 -> 1319198.5 | AD82: =AC82/$F82 -> 0.16248878 | AE82: 1707440.6 | AF82: =AE82/F82 -> 0.21030947 | AG82: 514070.6 | AH82: =AG82/$F82 -> 0.063319285 | AI82: 752501.45 | AJ82: =AI82/$F82 -> 0.092687373 | AK82: 279783.77 | AL82: =AK82/$F82 -> 0.034461625
D83: 45946 | E83: 四 | F83: =SUM(M83,S83,U83,W83,AC83,AE83,AG83,AI83,AK83) -> 7400190.3 | I83: 1000084.7 | J83: =I83/$F83 -> 0.1351431 | K83: 995620.62 | L83: =K83/$F83 -> 0.13453987 | M83: =I83+K83 -> 1995705.3 | N83: =M83/$F83 -> 0.26968297 | O83: 366986.84 | P83: =O83/$F83 -> 0.049591541 | Q83: 199524.5 | R83: =Q83/$F83 -> 0.026962077 | S83: =O83+Q83 -> 566511.34 | T83: =S83/$F83 -> 0.076553618 | U83: 733461.95 | V83: =U83/$F83 -> 0.099113931 | W83: 22768.65 | X83: =W83/$F83 -> 0.0030767655 | Y83: 561160.57 | Z83: =Y83/$F83 -> 0.075830559 | AA83: 565965.81 | AB83: =AA83/$F83 -> 0.076479899 | AC83: =Y83+AA83 -> 1127126.4 | AD83: =AC83/$F83 -> 0.15231046 | AE83: 1493964.6 | AF83: =AE83/F83 -> 0.20188191 | AG83: 493448.7 | AH83: =AG83/$F83 -> 0.066680542 | AI83: 718798.09 | AJ83: =AI83/$F83 -> 0.097132379 | AK83: 248405.31 | AL83: =AK83/$F83 -> 0.033567422
D84: 45947 | E84: 五 | F84: =SUM(M84,S84,U84,W84,AC84,AE84,AG84,AI84,AK84) -> 6008294.2 | I84: 773126.91 | J84: =I84/$F84 -> 0.12867661 | K84: 883472.14 | L84: =K84/$F84 -> 0.14704209 | M84: =I84+K84 -> 1656599.1 | N84: =M84/F84 -> 0.2757187 | O84: 337199.87 | P84: =O84/$F84 -> 0.056122397 | Q84: 166707.17 | R84: =Q84/$F84 -> 0.027746173 | S84: =O84+Q84 -> 503907.04 | T84: =S84/F84 -> 0.083868569 | U84: 513892.08 | V84: =U84/F84 -> 0.085530445 | W84: 16910.05 | X84: =W84/$F84 -> 0.0028144511 | Y84: 486084.1 | Z84: =Y84/$F84 -> 0.08090218 | AA84: 547250.37 | AB84: =AA84/$F84 -> 0.091082485 | AC84: =Y84+AA84 -> 1033334.5 | AD84: =AC84/$F84 -> 0.17198467 | AE84: 1114391.1 | AF84: =AE84/F84 -> 0.18547545 | AG84: 326037 | AH84: =AG84/$F84 -> 0.054264486 | AI84: 655183.49 | AJ84: =AI84/$F84 -> 0.10904651 | AK84: 188039.97 | AL84: =AK84/$F84 -> 0.031296731
D85: 45948 | E85: 六 | F85: =SUM(M85,S85,U85,W85,AC85,AE85,AG85,AI85,AK85) -> 6172282.1 | I85: 744168.93 | J85: =I85/$F85 -> 0.12056625 | K85: 1030318.7 | L85: =K85/$F85 -> 0.16692671 | M85: =I85+K85 -> 1774487.7 | N85: =M85/$F85 -> 0.28749296 | O85: 318748.13 | P85: =O85/$F85 -> 0.05164186 | Q85: 158402.03 | R85: =Q85/$F85 -> 0.025663446 | S85: =O85+Q85 -> 477150.16 | T85: =S85/$F85 -> 0.077305306 | U85: 552329 | V85: =U85/$F85 -> 0.089485378 | W85: 19892.61 | X85: =W85/$F85 -> 0.0032228938 | Y85: 480837.43 | Z85: =Y85/$F85 -> 0.077902698 | AA85: 631874.29 | AB85: =AA85/$F85 -> 0.10237288 | AC85: =Y85+AA85 -> 1112711.7 | AD85: =AC85/$F85 -> 0.18027558 | AE85: 1079801.9 | AF85: =AE85/F85 -> 0.1749437 | AG85: 330162.6 | AH85: =AG85/$F85 -> 0.053491171 | AI85: 642137.83 | AJ85: =AI85/$F85 -> 0.10403572 | AK85: 183608.63 | AL85: =AK85/$F85 -> 0.029747284
D86: 45949 | E86: 日 | F86: =SUM(M86,S86,U86,W86,AC86,AE86,AG86,AI86,AK86) -> 8298386.9 | I86: 1103851.2 | J86: =I86/$F86 -> 0.13301997 | K86: 1174571.3 | L86: =K86/$F86 -> 0.14154213 | M86: =I86+K86 -> 2278422.6 | N86: =M86/F86 -> 0.2745621 | O86: 414070.54 | P86: =O86/$F86 -> 0.049897714 | Q86: 202380.9 | R86: =Q86/$F86 -> 0.024387981 | S86: =O86+Q86 -> 616451.44 | T86: =S86/F86 -> 0.074285695 | U86: 776514.9 | V86: =U86/F86 -> 0.093574198 | W86: 25351.76 | X86: =W86/$F86 -> 0.0030550226 | Y86: 621863.2 | Z86: =Y86/$F86 -> 0.074937841 | AA86: 737185.4 | AB86: =AA86/$F86 -> 0.088834783 | AC86: =Y86+AA86 -> 1359048.6 | AD86: =AC86/$F86 -> 0.16377262 | AE86: 1808897.1 | AF86: =AE86/F86 -> 0.21798178 | AG86: 408205.2 | AH86: =AG86/$F86 -> 0.049190909 | AI86: 774194.37 | AJ86: =AI86/$F86 -> 0.093294562 | AK86: 251300.96 | AL86: =AK86/$F86 -> 0.030283109
D87: 45950 | E87: 一 | F87: =SUM(M87,S87,U87,W87,AC87,AE87,AG87,AI87,AK87) -> 8053773.8 | I87: 1064755.5 | J87: =I87/$F87 -> 0.13220579 | K87: 1152617.5 | L87: =K87/$F87 -> 0.14311521 | M87: =I87+K87 -> 2217373 | N87: =M87/$F87 -> 0.275321 | O87: 393394.73 | P87: =O87/$F87 -> 0.048846012 | Q87: 205124.66 | R87: =Q87/$F87 -> 0.025469384 | S87: =O87+Q87 -> 598519.39 | T87: =S87/$F87 -> 0.074315396 | U87: 794944.91 | V87: =U87/$F87 -> 0.098704648 | W87: 25644.69 | X87: =W87/$F87 -> 0.003184183 | Y87: 627732.48 | Z87: =Y87/$F87 -> 0.077942651 | AA87: 747959.95 | AB87: =AA87/$F87 -> 0.092870742 | AC87: =Y87+AA87 -> 1375692.4 | AD87: =AC87/$F87 -> 0.17081339 | AE87: 1796208.9 | AF87: =AE87/F87 -> 0.22302699 | AG87: 408950.1 | AH87: =AG87/$F87 -> 0.05077745 | AI87: 576956.65 | AJ87: =AI87/$F87 -> 0.07163805 | AK87: 259483.69 | AL87: =AK87/$F87 -> 0.032218895
B88: =D96 -> 45959 | D88: 45951 | E88: 二 | F88: =SUM(M88,S88,U88,W88,AC88,AE88,AG88,AI88,AK88) -> 7924086.6 | G88: =SUM(F88:F94) -> 48473978 | I88: 1032492.1 | J88: =I88/$F88 -> 0.13029794 | K88: 1099704.3 | L88: =K88/$F88 -> 0.13877994 | M88: =I88+K88 -> 2132196.4 | N88: =M88/$F88 -> 0.26907788 | O88: 469071.76 | P88: =O88/$F88 -> 0.059195688 | Q88: 201929.42 | R88: =Q88/$F88 -> 0.02548299 | S88: =O88+Q88 -> 671001.18 | T88: =S88/$F88 -> 0.084678678 | U88: 773053.3 | V88: =U88/$F88 -> 0.097557402 | W88: 24792.53 | X88: =W88/$F88 -> 0.0031287556 | Y88: 620837.08 | Z88: =Y88/$F88 -> 0.078348094 | AA88: 722705.52 | AB88: =AA88/$F88 -> 0.091203637 | AC88: =Y88+AA88 -> 1343542.6 | AD88: =AC88/$F88 -> 0.16955173 | AE88: 1713610.6 | AF88: =AE88/F88 -> 0.2162534 | AG88: 483612 | AH88: =AG88/$F88 -> 0.06103063 | AI88: 521267.92 | AJ88: =AI88/$F88 -> 0.065782714 | AK88: 261010.01 | AL88: =AK88/$F88 -> 0.032938813
D89: 45952 | E89: 三 | F89: =SUM(M89,S89,U89,W89,AC89,AE89,AG89,AI89,AK89) -> 7371808.3 | I89: 1000144.3 | J89: =I89/$F89 -> 0.13567151 | K89: 946473.28 | L89: =K89/$F89 -> 0.12839092 | M89: =I89+K89 -> 1946617.6 | N89: =M89/F89 -> 0.26406243 | O89: 420913.48 | P89: =O89/$F89 -> 0.057097724 | Q89: 187194.65 | R89: =Q89/$F89 -> 0.025393315 | S89: =O89+Q89 -> 608108.13 | T89: =S89/F89 -> 0.082491039 | U89: 742780.64 | V89: =U89/F89 -> 0.10075962 | W89: 23327.88 | X89: =W89/$F89 -> 0.0031644718 | Y89: 591623.33 | Z89: =Y89/$F89 -> 0.080254844 | AA89: 648536.14 | AB89: =AA89/$F89 -> 0.087975176 | AC89: =Y89+AA89 -> 1240159.5 | AD89: =AC89/$F89 -> 0.16823002 | AE89: 1603726.7 | AF89: =AE89/F89 -> 0.21754862 | AG89: 417315.9 | AH89: =AG89/$F89 -> 0.056609706 | AI89: 527886.56 | AJ89: =AI89/$F89 -> 0.071608829 | AK89: 261885.44 | AL89: =AK89/$F89 -> 0.035525264
D90: 45953 | E90: 四 | F90: =SUM(M90,S90,U90,W90,AC90,AE90,AG90,AI90,AK90) -> 5768650.5 | I90: 664254.68 | J90: =I90/$F90 -> 0.11514906 | K90: 831029.44 | L90: =K90/$F90 -> 0.14405959 | M90: =I90+K90 -> 1495284.1 | N90: =M90/$F90 -> 0.25920865 | O90: 310766.57 | P90: =O90/$F90 -> 0.053871624 | Q90: 145729.28 | R90: =Q90/$F90 -> 0.025262283 | S90: =O90+Q90 -> 456495.85 | T90: =S90/$F90 -> 0.079133906 | U90: 631857.49 | V90: =U90/$F90 -> 0.10953298 | W90: 18161.66 | X90: =W90/$F90 -> 0.0031483377 | Y90: 499765.97 | Z90: =Y90/$F90 -> 0.086634815 | AA90: 575521.49 | AB90: =AA90/$F90 -> 0.099767092 | AC90: =Y90+AA90 -> 1075287.5 | AD90: =AC90/$F90 -> 0.18640191 | AE90: 1193168.3 | AF90: =AE90/F90 -> 0.20683665 | AG90: 228913.5 | AH90: =AG90/$F90 -> 0.039682331 | AI90: 452506.45 | AJ90: =AI90/$F90 -> 0.078442341 | AK90: 216975.66 | AL90: =AK90/$F90 -> 0.037612897
D91: 45954 | E91: 五 | F91: =SUM(M91,S91,U91,W91,AC91,AE91,AG91,AI91,AK91) -> 5491721.7 | I91: 621598 | J91: =I91/$F91 -> 0.11318818 | K91: 816912.57 | L91: =K91/$F91 -> 0.14875345 | M91: =I91+K91 -> 1438510.6 | N91: =M91/F91 -> 0.26194164 | O91: 319245.08 | P91: =O91/$F91 -> 0.058132058 | Q91: 149052.2 | R91: =Q91/$F91 -> 0.027141252 | S91: =O91+Q91 -> 468297.28 | T91: =S91/F91 -> 0.085273309 | U91: 555561.64 | V91: =U91/F91 -> 0.10116347 | W91: 18161.66 | X91: =W91/$F91 -> 0.0033070977 | Y91: 486576.72 | Z91: =Y91/$F91 -> 0.088601854 | AA91: 578598.17 | AB91: =AA91/$F91 -> 0.10535825 | AC91: =Y91+AA91 -> 1065174.9 | AD91: =AC91/$F91 -> 0.1939601 | AE91: 1032349.4 | AF91: =AE91/F91 -> 0.18798284 | AG91: 246218.1 | AH91: =AG91/$F91 -> 0.04483441 | AI91: 461867.44 | AJ91: =AI91/$F91 -> 0.084102485 | AK91: 205580.63 | AL91: =AK91/$F91 -> 0.037434641
D92: 45955 | E92: 六 | F92: =SUM(M92,S92,U92,W92,AC92,AE92,AG92,AI92,AK92) -> 5829561.6 | I92: 616907.93 | J92: =I92/$F92 -> 0.10582407 | K92: 964522.4 | L92: =K92/$F92 -> 0.16545368 | M92: =I92+K92 -> 1581430.3 | N92: =M92/$F92 -> 0.27127774 | O92: 311861.06 | P92: =O92/$F92 -> 0.053496485 | Q92: 146930.45 | R92: =Q92/$F92 -> 0.025204374 | S92: =O92+Q92 -> 458791.51 | T92: =S92/$F92 -> 0.078700859 | U92: 596976.56 | V92: =U92/$F92 -> 0.10240505 | W92: 20664.88 | X92: =W92/$F92 -> 0.0035448429 | Y92: 507407.73 | Z92: =Y92/$F92 -> 0.08704046 | AA92: 672136.59 | AB92: =AA92/$F92 -> 0.11529796 | AC92: =Y92+AA92 -> 1179544.3 | AD92: =AC92/$F92 -> 0.20233842 | AE92: 993501.91 | AF92: =AE92/F92 -> 0.17042481 | AG92: 328214.4 | AH92: =AG92/$F92 -> 0.056301729 | AI92: 454444.31 | AJ92: =AI92/$F92 -> 0.077955143 | AK92: 215993.43 | AL92: =AK92/$F92 -> 0.037051402
D93: 45956 | E93: 日 | F93: =SUM(M93,S93,U93,W93,AC93,AE93,AG93,AI93,AK93) -> 8112299.6 | I93: 1024434.8 | J93: =I93/$F93 -> 0.12628168 | K93: 1081212.6 | L93: =K93/$F93 -> 0.13328066 | M93: =I93+K93 -> 2105647.5 | N93: =M93/F93 -> 0.25956234 | O93: 454217.52 | P93: =O93/$F93 -> 0.055991216 | Q93: 196735.1 | R93: =Q93/$F93 -> 0.024251459 | S93: =O93+Q93 -> 650952.62 | T93: =S93/F93 -> 0.080242675 | U93: 810331.7 | V93: =U93/F93 -> 0.099889272 | W93: 25831.1 | X93: =W93/$F93 -> 0.0031841896 | Y93: 666548.68 | Z93: =Y93/$F93 -> 0.082165195 | AA93: 754113.63 | AB93: =AA93/$F93 -> 0.092959292 | AC93: =Y93+AA93 -> 1420662.3 | AD93: =AC93/$F93 -> 0.17512449 | AE93: 1831021.6 | AF93: =AE93/F93 -> 0.22570932 | AG93: 457368.6 | AH93: =AG93/$F93 -> 0.056379648 | AI93: 544860.76 | AJ93: =AI93/$F93 -> 0.067164773 | AK93: 265623.41 | AL93: =AK93/$F93 -> 0.032743294
D94: 45957 | E94: 一 | F94: =SUM(M94,S94,U94,W94,AC94,AE94,AG94,AI94,AK94) -> 7975849.5 | I94: 991718.51 | J94: =I94/$F94 -> 0.12434017 | K94: 1294535.2 | L94: =K94/$F94 -> 0.16230688 | M94: =I94+K94 -> 2286253.8 | N94: =M94/$F94 -> 0.28664705 | O94: 424136.44 | P94: =O94/$F94 -> 0.053177588 | Q94: 196916.73 | R94: =Q94/$F94 -> 0.024689123 | S94: =O94+Q94 -> 621053.17 | T94: =S94/$F94 -> 0.077866711 | U94: 775662.99 | V94: =U94/$F94 -> 0.097251457 | W94: 0 | X94: =W94/$F94 -> 0 | Y94: 640094.71 | Z94: =Y94/$F94 -> 0.08025411 | AA94: 706945.81 | AB94: =AA94/$F94 -> 0.088635801 | AC94: =Y94+AA94 -> 1347040.5 | AD94: =AC94/$F94 -> 0.16888991 | AE94: 1740663.9 | AF94: =AE94/F94 -> 0.21824182 | AG94: 444476.1 | AH94: =AG94/$F94 -> 0.055727744 | AI94: 508591.78 | AJ94: =AI94/$F94 -> 0.063766471 | AK94: 252107.29 | AL94: =AK94/$F94 -> 0.031608832
B95: =B88+7 -> 45966 | D95: 45958 | E95: 二 | F95: =SUM(M95,S95,U95,W95,AC95,AE95,AG95,AI95,AK95) -> 8366217.2 | G95: =SUM(F95:F101) -> 50222625 | I95: 1105396.2 | J95: =I95/$F95 -> 0.13212617 | K95: 1245693.7 | L95: =K95/$F95 -> 0.1488957 | M95: =I95+K95 -> 2351089.9 | N95: =M95/$F95 -> 0.28102186 | O95: 431419.54 | P95: =O95/$F95 -> 0.051566859 | Q95: 202341.53 | R95: =Q95/$F95 -> 0.024185546 | S95: =O95+Q95 -> 633761.07 | T95: =S95/$F95 -> 0.075752405 | U95: 757741.11 | V95: =U95/$F95 -> 0.090571533 | W95: 0 | X95: =W95/$F95 -> 0 | Y95: 608225.41 | Z95: =Y95/$F95 -> 0.07270017 | AA95: 673995.96 | AB95: =AA95/$F95 -> 0.080561614 | AC95: =Y95+AA95 -> 1282221.4 | AD95: =AC95/$F95 -> 0.15326178 | AE95: 1874810.1 | AF95: =AE95/F95 -> 0.22409293 | AG95: 373825.2 | AH95: =AG95/$F95 -> 0.044682703 | AI95: 565541.96 | AJ95: =AI95/$F95 -> 0.067598288 | AK95: 527226.39 | AL95: =AK95/$F95 -> 0.063018492
D96: 45959 | E96: 三 | F96: =SUM(M96,S96,U96,W96,AC96,AE96,AG96,AI96,AK96) -> 7818037.6 | I96: 1058838.3 | J96: =I96/$F96 -> 0.13543531 | K96: 1218139 | L96: =K96/$F96 -> 0.15581135 | M96: =I96+K96 -> 2276977.3 | N96: =M96/F96 -> 0.29124666 | O96: 423692.94 | P96: =O96/$F96 -> 0.054194283 | Q96: 199230.78 | R96: =Q96/$F96 -> 0.025483477 | S96: =O96+Q96 -> 622923.72 | T96: =S96/F96 -> 0.07967776 | U96: 749517.72 | V96: =U96/F96 -> 0.095870315 | W96: 0 | X96: =W96/$F96 -> 0 | Y96: 623825.62 | Z96: =Y96/$F96 -> 0.079793121 | AA96: 611355.06 | AB96: =AA96/$F96 -> 0.07819802 | AC96: =Y96+AA96 -> 1235180.7 | AD96: =AC96/$F96 -> 0.15799114 | AE96: 1688418.4 | AF96: =AE96/F96 -> 0.21596448 | AG96: 323057.4 | AH96: =AG96/$F96 -> 0.041322058 | AI96: 526582.76 | AJ96: =AI96/$F96 -> 0.067354852 | AK96: 395379.55 | AL96: =AK96/$F96 -> 0.050572736
D97: 45960 | E97: 四 | F97: =SUM(M97,S97,U97,W97,AC97,AE97,AG97,AI97,AK97) -> 6961611.1 | I97: 995278.05 | J97: =I97/$F97 -> 0.14296663 | K97: 1069700.9 | L97: =K97/$F97 -> 0.15365709 | M97: =I97+K97 -> 2064978.9 | N97: =M97/$F97 -> 0.29662371 | O97: 383220.13 | P97: =O97/$F97 -> 0.055047621 | Q97: 190592.38 | R97: =Q97/$F97 -> 0.027377625 | S97: =O97+Q97 -> 573812.51 | T97: =S97/$F97 -> 0.082425247 | U97: 698527.18 | V97: =U97/$F97 -> 0.10033987 | W97: 0 | X97: =W97/$F97 -> 0 | Y97: 538472.87 | Z97: =Y97/$F97 -> 0.077348887 | AA97: 508318.61 | AB97: =AA97/$F97 -> 0.073017381 | AC97: =Y97+AA97 -> 1046791.5 | AD97: =AC97/$F97 -> 0.15036627 | AE97: 1501638.3 | AF97: =AE97/F97 -> 0.2157027 | AG97: 235216.5 | AH97: =AG97/$F97 -> 0.033787653 | AI97: 456134.86 | AJ97: =AI97/$F97 -> 0.065521451 | AK97: 384511.27 | AL97: =AK97/$F97 -> 0.055233087
D98: 45961 | E98: 五 | F98: =SUM(M98,S98,U98,W98,AC98,AE98,AG98,AI98,AK98) -> 5667008.8 | I98: 769475.81 | J98: =I98/$F98 -> 0.13578165 | K98: 934336.88 | L98: =K98/$F98 -> 0.16487303 | M98: =I98+K98 -> 1703812.7 | N98: =M98/F98 -> 0.30065468 | O98: 302815.82 | P98: =O98/$F98 -> 0.05343486 | Q98: 156680.33 | R98: =Q98/$F98 -> 0.027647801 | S98: =O98+Q98 -> 459496.15 | T98: =S98/F98 -> 0.081082661 | U98: 490379.09 | V98: =U98/F98 -> 0.086532262 | W98: 0 | X98: =W98/$F98 -> 0 | Y98: 440585.87 | Z98: =Y98/$F98 -> 0.077745754 | AA98: 474371.88 | AB98: =AA98/$F98 -> 0.083707631 | AC98: =Y98+AA98 -> 914957.75 | AD98: =AC98/$F98 -> 0.16145339 | AE98: 1159559 | AF98: =AE98/F98 -> 0.2046157 | AG98: 211265.1 | AH98: =AG98/$F98 -> 0.037279826 | AI98: 421359.46 | AJ98: =AI98/$F98 -> 0.074353063 | AK98: 306179.55 | AL98: =AK98/$F98 -> 0.054028424
C99: 十一 | D99: 45962 | E99: 六 | F99: =SUM(M99,S99,U99,W99,AC99,AE99,AG99,AI99,AK99) -> 5815672.8 | I99: 726206.3 | J99: =I99/$F99 -> 0.12487056 | K99: 1016713.1 | L99: =K99/$F99 -> 0.17482295 | M99: =I99+K99 -> 1742919.4 | N99: =M99/$F99 -> 0.2996935 | O99: 271669.14 | P99: =O99/$F99 -> 0.046713278 | Q99: 147031.23 | R99: =Q99/$F99 -> 0.025281895 | S99: =O99+Q99 -> 418700.37 | T99: =S99/$F99 -> 0.071995173 | U99: 504530.49 | V99: =U99/$F99 -> 0.086753589 | W99: 0 | X99: =W99/$F99 -> 0 | Y99: 427481.84 | Z99: =Y99/$F99 -> 0.073505139 | AA99: 569225.89 | AB99: =AA99/$F99 -> 0.097877908 | AC99: =Y99+AA99 -> 996707.73 | AD99: =AC99/$F99 -> 0.17138305 | AE99: 1246130.5 | AF99: =AE99/F99 -> 0.21427108 | AG99: 238024.2 | AH99: =AG99/$F99 -> 0.040928059 | AI99: 345285.34 | AJ99: =AI99/$F99 -> 0.059371521 | AK99: 323374.86 | AL99: =AK99/$F99 -> 0.055604032
D100: 45963 | E100: 日 | F100: =SUM(M100,S100,U100,W100,AC100,AE100,AG100,AI100,AK100) -> 7928547.3 | H100: =SUM(F99:F128) -> 2.0797271e+08 | I100: 1071323.2 | J100: =I100/$F100 -> 0.13512226 | K100: 1141064 | L100: =K100/$F100 -> 0.14391842 | M100: =I100+K100 -> 2212387.2 | N100: =M100/F100 -> 0.27904068 | O100: 389927.43 | P100: =O100/$F100 -> 0.049180186 | Q100: 180699 | R100: =Q100/$F100 -> 0.022790934 | S100: =O100+Q100 -> 570626.43 | T100: =S100/F100 -> 0.07197112 | U100: 715822.22 | V100: =U100/F100 -> 0.090284158 | W100: 0 | X100: =W100/$F100 -> 0 | Y100: 579814.42 | Z100: =Y100/$F100 -> 0.073129969 | AA100: 659805.29 | AB100: =AA100/$F100 -> 0.083218938 | AC100: =Y100+AA100 -> 1239619.7 | AD100: =AC100/$F100 -> 0.15634891 | AE100: 1965107.8 | AF100: =AE100/F100 -> 0.24785219 | AG100: 301913.7 | AH100: =AG100/$F100 -> 0.038079321 | AI100: 519375.94 | AJ100: =AI100/$F100 -> 0.065507075 | AK100: 403694.29 | AL100: =AK100/$F100 -> 0.050916552
D101: 45964 | E101: 一 | F101: =SUM(M101,S101,U101,W101,AC101,AE101,AG101,AI101,AK101) -> 7665529.8 | I101: 1049753.3 | J101: =I101/$F101 -> 0.13694466 | K101: 1134333.4 | L101: =K101/$F101 -> 0.14797847 | M101: =I101+K101 -> 2184086.7 | N101: =M101/$F101 -> 0.28492313 | O101: 360678.96 | P101: =O101/$F101 -> 0.047052059 | Q101: 186025.49 | R101: =Q101/$F101 -> 0.024267793 | S101: =O101+Q101 -> 546704.45 | T101: =S101/$F101 -> 0.071319852 | U101: 736262.57 | V101: =U101/$F101 -> 0.09604849 | W101: 0 | X101: =W101/$F101 -> 0 | Y101: 580646.89 | Z101: =Y101/$F101 -> 0.075747783 | AA101: 657203.32 | AB101: =AA101/$F101 -> 0.085734885 | AC101: =Y101+AA101 -> 1237850.2 | AD101: =AC101/$F101 -> 0.16148267 | AE101: 1830017.6 | AF101: =AE101/F101 -> 0.23873334 | AG101: 296756.7 | AH101: =AG101/$F101 -> 0.038713136 | AI101: 495772.06 | AJ101: =AI101/$F101 -> 0.064675511 | AK101: 338079.56 | AL101: =AK101/$F101 -> 0.044103874
...

Sheet （４）訂單數量構成比
B2: （4）訂單數量構成比
B3: 資料繳交日 | C3: 月份 | D3: 日期 | F3: 訂單量 | I3: 品類訂單量
I4: 18℃-飯糰 | O4: 18℃-壽司手卷 | U4: 4℃-飯糰 | W4: 4℃-壽司手卷 | Y4: 主食 | AE4: 便當 | AG4: 熱食義麵 | AI4: 季節調理麵 | AK4: 微波小吃
F5: 日 | G5: 週累積 | H5: 月累積 | I5: 一配 | K5: 二配 | M5: 合計 | O5: 一配 | Q5: 二配 | S5: 合計 | U5: 一配 | W5: 一配 | Y5: 一配 | AA5: 二配 | AC5: 合計 | AE5: 一配 | AG5: 一配 | AI5: 一配 | AK5: 一配
I6: 訂單數 | J6: 比例(%) | K6: 訂單數 | L6: 比例(%) | M6: 訂單數 | N6: 比例(%) | O6: 訂單數 | P6: 比例(%) | Q6: 訂單數 | R6: 比例(%) | S6: 訂單數 | T6: 比例(%) | U6: 訂單數 | V6: 比例(%) | W6: 訂單數 | X6: 比例(%) | Y6: 訂單數 | Z6: 比例(%) | AA6: 訂單數 | AB6: 比例(%) | AC6: 訂單數 | AD6: 比例(%) | AE6: 訂單數 | AF6: 比例(%) | AG6: 訂單數 | AH6: 比例(%) | AI6: 訂單數 | AJ6: 比例(%) | AK6: 訂單數 | AL6: 比例(%)
B7: =D19 -> 45882 | C7: 八 | D7: 45870 | E7: 五 | F7: =SUM(M7,S7,U7,W7,AC7,AE7,AG7,AI7,AK7) -> 183531 | G7: =SUM(F7:F10) -> 876019 | H7: =SUM(F7:F37) -> 7168725 | I7: 31628 | J7: =I7/$F7 -> 0.17233056 | K7: 50104 | L7: =K7/$F7 -> 0.2730002 | M7: =I7+K7 -> 81732 | N7: =M7/$F7 -> 0.44533076 | O7: 9137 | P7: =O7/$F7 -> 0.049784505 | Q7: 6171 | R7: =Q7/$F7 -> 0.033623747 | S7: =O7+Q7 -> 15308 | T7: =S7/$F7 -> 0.083408253 | U7: 13104 | V7: =U7/$F7 -> 0.071399382 | W7: 1539 | X7: =W7/$F7 -> 0.0083855044 | Y7: 6704 | Z7: =Y7/$F7 -> 0.036527889 | AA7: 9062 | AB7: =AA7/$F7 -> 0.049375855 | AC7: =Y7+AA7 -> 15766 | AD7: =AC7/$F7 -> 0.085903744 | AE7: 17811 | AF7: =AE7/$F7 -> 0.097046276 | AG7: 2890 | AH7: =AG7/$F7 -> 0.015746659 | AI7: 29829 | AJ7: =AI7/$F7 -> 0.1625284 | AK7: 5552 | AL7: =AK7/$F7 -> 0.03025102
D8: 45871 | E8: 六 | F8: =SUM(M8,S8,U8,W8,AC8,AE8,AG8,AI8,AK8) -> 197498 | I8: 30584 | J8: =I8/$F8 -> 0.15485726 | K8: 57366 | L8: =K8/$F8 -> 0.2904637 | M8: =I8+K8 -> 87950 | N8: =M8/$F8 -> 0.44532097 | O8: 9109 | P8: =O8/$F8 -> 0.046121986 | Q8: 6337 | R8: =Q8/$F8 -> 0.032086401 | S8: =O8+Q8 -> 15446 | T8: =S8/$F8 -> 0.078208387 | U8: 13610 | V8: =U8/$F8 -> 0.06891209 | W8: 1716 | X8: =W8/$F8 -> 0.0086886956 | Y8: 7259 | Z8: =Y8/$F8 -> 0.036754803 | AA8: 11318 | AB8: =AA8/$F8 -> 0.057306909 | AC8: =Y8+AA8 -> 18577 | AD8: =AC8/$F8 -> 0.094061712 | AE8: 18950 | AF8: =AE8/$F8 -> 0.095950339 | AG8: 2878 | AH8: =AG8/$F8 -> 0.014572299 | AI8: 32821 | AJ8: =AI8/$F8 -> 0.16618396 | AK8: 5550 | AL8: =AK8/$F8 -> 0.02810155
D9: 45872 | E9: 日 | F9: =SUM(M9,S9,U9,W9,AC9,AE9,AG9,AI9,AK9) -> 248740 | I9: 43663 | J9: =I9/$F9 -> 0.1755367 | K9: 64329 | L9: =K9/$F9 -> 0.25861944 | M9: =I9+K9 -> 107992 | N9: =M9/$F9 -> 0.43415615 | O9: 12596 | P9: =O9/$F9 -> 0.050639222 | Q9: 7438 | R9: =Q9/$F9 -> 0.02990271 | S9: =O9+Q9 -> 20034 | T9: =S9/$F9 -> 0.080541931 | U9: 18717 | V9: =U9/$F9 -> 0.075247246 | W9: 1998 | X9: =W9/$F9 -> 0.0080324837 | Y9: 8559 | Z9: =Y9/$F9 -> 0.034409423 | AA9: 12290 | AB9: =AA9/$F9 -> 0.049409021 | AC9: =Y9+AA9 -> 20849 | AD9: =AC9/$F9 -> 0.083818445 | AE9: 28048 | AF9: =AE9/$F9 -> 0.11276031 | AG9: 3351 | AH9: =AG9/$F9 -> 0.013471898 | AI9: 41556 | AJ9: =AI9/$F9 -> 0.16706601 | AK9: 6195 | AL9: =AK9/$F9 -> 0.024905524
D10: 45873 | E10: 一 | F10: =SUM(M10,S10,U10,W10,AC10,AE10,AG10,AI10,AK10) -> 246250 | I10: 43377 | J10: =I10/$F10 -> 0.17615025 | K10: 63250 | L10: =K10/$F10 -> 0.25685279 | M10: =I10+K10 -> 106627 | N10: =M10/$F10 -> 0.43300305 | O10: 12092 | P10: =O10/$F10 -> 0.049104569 | Q10: 7586 | R10: =Q10/$F10 -> 0.030806091 | S10: =O10+Q10 -> 19678 | T10: =S10/$F10 -> 0.07991066 | U10: 19443 | V10: =U10/$F10 -> 0.078956345 | W10: 1856 | X10: =W10/$F10 -> 0.0075370558 | Y10: 8918 | Z10: =Y10/$F10 -> 0.036215228 | AA10: 11569 | AB10: =AA10/$F10 -> 0.046980711 | AC10: =Y10+AA10 -> 20487 | AD10: =AC10/$F10 -> 0.083195939 | AE10: 26987 | AF10: =AE10/$F10 -> 0.10959188 | AG10: 3113 | AH10: =AG10/$F10 -> 0.012641624 | AI10: 41656 | AJ10: =AI10/$F10 -> 0.16916142 | AK10: 6403 | AL10: =AK10/$F10 -> 0.02600203
D11: 45874 | E11: 二 | F11: =SUM(M11,S11,U11,W11,AC11,AE11,AG11,AI11,AK11) -> 275843 | G11: =SUM(F11:F17) -> 1673202 | I11: 42989 | J11: =I11/$F11 -> 0.1558459 | K11: 62404 | L11: =K11/$F11 -> 0.22623014 | M11: =I11+K11 -> 105393 | N11: =M11/$F11 -> 0.38207604 | O11: 11704 | P11: =O11/$F11 -> 0.042429933 | Q11: 7424 | R11: =Q11/$F11 -> 0.02691386 | S11: =O11+Q11 -> 19128 | T11: =S11/$F11 -> 0.069343793 | U11: 29523 | V11: =U11/$F11 -> 0.10702827 | W11: 9414 | X11: =W11/$F11 -> 0.034128109 | Y11: 25589 | Z11: =Y11/$F11 -> 0.092766537 | AA11: 11263 | AB11: =AA11/$F11 -> 0.040831197 | AC11: =Y11+AA11 -> 36852 | AD11: =AC11/$F11 -> 0.13359773 | AE11: 27355 | AF11: =AE11/$F11 -> 0.09916873 | AG11: 2867 | AH11: =AG11/$F11 -> 0.010393593 | AI11: 39391 | AJ11: =AI11/$F11 -> 0.14280225 | AK11: 5920 | AL11: =AK11/$F11 -> 0.021461484
D12: 45875 | E12: 三 | F12: =SUM(M12,S12,U12,W12,AC12,AE12,AG12,AI12,AK12) -> 255183 | I12: 42838 | J12: =I12/$F12 -> 0.16787168 | K12: 61055 | L12: =K12/$F12 -> 0.23925967 | M12: =I12+K12 -> 103893 | N12: =M12/$F12 -> 0.40713135 | O12: 11685 | P12: =O12/$F12 -> 0.045790668 | Q12: 7411 | R12: =Q12/$F12 -> 0.029041903 | S12: =O12+Q12 -> 19096 | T12: =S12/$F12 -> 0.074832571 | U12: 25259 | V12: =U12/$F12 -> 0.098983866 | W12: 6190 | X12: =W12/$F12 -> 0.024257102 | Y12: 17745 | Z12: =Y12/$F12 -> 0.069538331 | AA12: 10845 | AB12: =AA12/$F12 -> 0.042498913 | AC12: =Y12+AA12 -> 28590 | AD12: =AC12/$F12 -> 0.11203724 | AE12: 27217 | AF12: =AE12/$F12 -> 0.10665679 | AG12: 2940 | AH12: =AG12/$F12 -> 0.011521144 | AI12: 35679 | AJ12: =AI12/$F12 -> 0.13981731 | AK12: 6319 | AL12: =AK12/$F12 -> 0.024762621
D13: 45876 | E13: 四 | F13: =SUM(M13,S13,U13,W13,AC13,AE13,AG13,AI13,AK13) -> 235184 | I13: 41462 | J13: =I13/$F13 -> 0.17629601 | K13: 56328 | L13: =K13/$F13 -> 0.23950609 | M13: =I13+K13 -> 97790 | N13: =M13/$F13 -> 0.4158021 | O13: 11332 | P13: =O13/$F13 -> 0.04818355 | Q13: 6941 | R13: =Q13/$F13 -> 0.029513062 | S13: =O13+Q13 -> 18273 | T13: =S13/$F13 -> 0.077696612 | U13: 23639 | V13: =U13/$F13 -> 0.10051279 | W13: 5574 | X13: =W13/$F13 -> 0.023700592 | Y13: 13739 | Z13: =Y13/$F13 -> 0.05841809 | AA13: 9339 | AB13: =AA13/$F13 -> 0.039709334 | AC13: =Y13+AA13 -> 23078 | AD13: =AC13/$F13 -> 0.098127424 | AE13: 24817 | AF13: =AE13/$F13 -> 0.10552163 | AG13: 2739 | AH13: =AG13/$F13 -> 0.0116462 | AI13: 33465 | AJ13: =AI13/$F13 -> 0.14229284 | AK13: 5809 | AL13: =AK13/$F13 -> 0.02469981
D14: 45877 | E14: 五 | F14: =SUM(M14,S14,U14,W14,AC14,AE14,AG14,AI14,AK14) -> 195967 | I14: 30891 | J14: =I14/$F14 -> 0.15763368 | K14: 51605 | L14: =K14/$F14 -> 0.26333515 | M14: =I14+K14 -> 82496 | N14: =M14/$F14 -> 0.42096884 | O14: 8920 | P14: =O14/$F14 -> 0.045517868 | Q14: 6304 | R14: =Q14/$F14 -> 0.032168681 | S14: =O14+Q14 -> 15224 | T14: =S14/$F14 -> 0.077686549 | U14: 18568 | V14: =U14/$F14 -> 0.094750647 | W14: 4518 | X14: =W14/$F14 -> 0.023054902 | Y14: 10174 | Z14: =Y14/$F14 -> 0.051916904 | AA14: 9000 | AB14: =AA14/$F14 -> 0.0459261 | AC14: =Y14+AA14 -> 19174 | AD14: =AC14/$F14 -> 0.097843004 | AE14: 18188 | AF14: =AE14/$F14 -> 0.092811545 | AG14: 2252 | AH14: =AG14/$F14 -> 0.011491731 | AI14: 30376 | AJ14: =AI14/$F14 -> 0.15500569 | AK14: 5171 | AL14: =AK14/$F14 -> 0.026387096
D15: 45878 | E15: 六 | F15: =SUM(M15,S15,U15,W15,AC15,AE15,AG15,AI15,AK15) -> 208309 | I15: 29723 | J15: =I15/$F15 -> 0.14268707 | K15: 58111 | L15: =K15/$F15 -> 0.27896538 | M15: =I15+K15 -> 87834 | N15: =M15/$F15 -> 0.42165245 | O15: 8738 | P15: =O15/$F15 -> 0.041947299 | Q15: 6217 | R15: =Q15/$F15 -> 0.029845086 | S15: =O15+Q15 -> 14955 | T15: =S15/$F15 -> 0.071792385 | U15: 20225 | V15: =U15/$F15 -> 0.09709134 | W15: 5625 | X15: =W15/$F15 -> 0.027003154 | Y15: 11151 | Z15: =Y15/$F15 -> 0.053531052 | AA15: 10858 | AB15: =AA15/$F15 -> 0.052124488 | AC15: =Y15+AA15 -> 22009 | AD15: =AC15/$F15 -> 0.10565554 | AE15: 18047 | AF15: =AE15/$F15 -> 0.086635719 | AG15: 2379 | AH15: =AG15/$F15 -> 0.011420534 | AI15: 32030 | AJ15: =AI15/$F15 -> 0.15376196 | AK15: 5205 | AL15: =AK15/$F15 -> 0.024986918
D16: 45879 | E16: 日 | F16: =SUM(M16,S16,U16,W16,AC16,AE16,AG16,AI16,AK16) -> 256296 | I16: 42993 | J16: =I16/$F16 -> 0.16774745 | K16: 65161 | L16: =K16/$F16 -> 0.25424119 | M16: =I16+K16 -> 108154 | N16: =M16/$F16 -> 0.42198864 | O16: 12252 | P16: =O16/$F16 -> 0.047804102 | Q16: 7323 | R16: =Q16/$F16 -> 0.028572432 | S16: =O16+Q16 -> 19575 | T16: =S16/$F16 -> 0.076376533 | U16: 25546 | V16: =U16/$F16 -> 0.099673815 | W16: 6353 | X16: =W16/$F16 -> 0.024787745 | Y16: 11767 | Z16: =Y16/$F16 -> 0.045911758 | AA16: 11643 | AB16: =AA16/$F16 -> 0.045427943 | AC16: =Y16+AA16 -> 23410 | AD16: =AC16/$F16 -> 0.091339701 | AE16: 27287 | AF16: =AE16/$F16 -> 0.10646674 | AG16: 3008 | AH16: =AG16/$F16 -> 0.01173643 | AI16: 37394 | AJ16: =AI16/$F16 -> 0.14590161 | AK16: 5569 | AL16: =AK16/$F16 -> 0.021728782
D17: 45880 | E17: 一 | F17: =SUM(M17,S17,U17,W17,AC17,AE17,AG17,AI17,AK17) -> 246420 | I17: 42417 | J17: =I17/$F17 -> 0.17213294 | K17: 63284 | L17: =K17/$F17 -> 0.25681357 | M17: =I17+K17 -> 105701 | N17: =M17/$F17 -> 0.42894651 | O17: 11705 | P17: =O17/$F17 -> 0.047500203 | Q17: 7503 | R17: =Q17/$F17 -> 0.030448016 | S17: =O17+Q17 -> 19208 | T17: =S17/$F17 -> 0.077948218 | U17: 23940 | V17: =U17/$F17 -> 0.097151205 | W17: 4610 | X17: =W17/$F17 -> 0.018707897 | Y17: 11717 | Z17: =Y17/$F17 -> 0.0475489 | AA17: 11132 | AB17: =AA17/$F17 -> 0.045174905 | AC17: =Y17+AA17 -> 22849 | AD17: =AC17/$F17 -> 0.092723805 | AE17: 25127 | AF17: =AE17/$F17 -> 0.10196818 | AG17: 2659 | AH17: =AG17/$F17 -> 0.01079052 | AI17: 36456 | AJ17: =AI17/$F17 -> 0.14794254 | AK17: 5870 | AL17: =AK17/$F17 -> 0.023821118
B18: =D26 -> 45889 | D18: 45881 | E18: 二 | F18: =SUM(M18,S18,U18,W18,AC18,AE18,AG18,AI18,AK18) -> 239747 | G18: =SUM(F18:F24) -> 1628812 | I18: 38430 | J18: =I18/$F18 -> 0.16029398 | K18: 59833 | L18: =K18/$F18 -> 0.24956725 | M18: =I18+K18 -> 98263 | N18: =M18/$F18 -> 0.40986123 | O18: 10694 | P18: =O18/$F18 -> 0.044605355 | Q18: 7088 | R18: =Q18/$F18 -> 0.029564499 | S18: =O18+Q18 -> 17782 | T18: =S18/$F18 -> 0.074169854 | U18: 22429 | V18: =U18/$F18 -> 0.093552787 | W18: 4275 | X18: =W18/$F18 -> 0.017831297 | Y18: 17802 | Z18: =Y18/$F18 -> 0.074253275 | AA18: 11137 | AB18: =AA18/$F18 -> 0.046453136 | AC18: =Y18+AA18 -> 28939 | AD18: =AC18/$F18 -> 0.12070641 | AE18: 25364 | AF18: =AE18/$F18 -> 0.10579486 | AG18: 2453 | AH18: =AG18/$F18 -> 0.010231619 | AI18: 34576 | AJ18: =AI18/$F18 -> 0.1442187 | AK18: 5666 | AL18: =AK18/$F18 -> 0.023633247
D19: 45882 | E19: 三 | F19: =SUM(M19,S19,U19,W19,AC19,AE19,AG19,AI19,AK19) -> 246278 | I19: 41211 | J19: =I19/$F19 -> 0.16733529 | K19: 59689 | L19: =K19/$F19 -> 0.24236432 | M19: =I19+K19 -> 100900 | N19: =M19/$F19 -> 0.40969961 | O19: 11089 | P19: =O19/$F19 -> 0.045026352 | Q19: 7092 | R19: =Q19/$F19 -> 0.028796726 | S19: =O19+Q19 -> 18181 | T19: =S19/$F19 -> 0.073823078 | U19: 23733 | V19: =U19/$F19 -> 0.096366708 | W19: 5388 | X19: =W19/$F19 -> 0.021877715 | Y19: 16816 | Z19: =Y19/$F19 -> 0.068280561 | AA19: 10778 | AB19: =AA19/$F19 -> 0.043763552 | AC19: =Y19+AA19 -> 27594 | AD19: =AC19/$F19 -> 0.11204411 | AE19: 25484 | AF19: =AE19/$F19 -> 0.10347656 | AG19: 2577 | AH19: =AG19/$F19 -> 0.010463785 | AI19: 36617 | AJ19: =AI19/$F19 -> 0.14868157 | AK19: 5804 | AL19: =AK19/$F19 -> 0.023566863
D20: 45883 | E20: 四 | F20: =SUM(M20,S20,U20,W20,AC20,AE20,AG20,AI20,AK20) -> 233538 | I20: 40749 | J20: =I20/$F20 -> 0.17448552 | K20: 55720 | L20: =K20/$F20 -> 0.23859072 | M20: =I20+K20 -> 96469 | N20: =M20/$F20 -> 0.41307624 | O20: 10835 | P20: =O20/$F20 -> 0.046395019 | Q20: 6926 | R20: =Q20/$F20 -> 0.029656844 | S20: =O20+Q20 -> 17761 | T20: =S20/$F20 -> 0.076051863 | U20: 22724 | V20: =U20/$F20 -> 0.097303223 | W20: 5340 | X20: =W20/$F20 -> 0.022865658 | Y20: 14789 | Z20: =Y20/$F20 -> 0.063325883 | AA20: 9553 | AB20: =AA20/$F20 -> 0.040905549 | AC20: =Y20+AA20 -> 24342 | AD20: =AC20/$F20 -> 0.10423143 | AE20: 22909 | AF20: =AE20/$F20 -> 0.098095385 | AG20: 2503 | AH20: =AG20/$F20 -> 0.010717742 | AI20: 35648 | AJ20: =AI20/$F20 -> 0.15264325 | AK20: 5842 | AL20: =AK20/$F20 -> 0.025015201
D21: 45884 | E21: 五 | F21: =SUM(M21,S21,U21,W21,AC21,AE21,AG21,AI21,AK21) -> 198328 | I21: 30430 | J21: =I21/$F21 -> 0.1534327 | K21: 50538 | L21: =K21/$F21 -> 0.2548203 | M21: =I21+K21 -> 80968 | N21: =M21/$F21 -> 0.408253 | O21: 8643 | P21: =O21/$F21 -> 0.043579323 | Q21: 6063 | R21: =Q21/$F21 -> 0.03057057 | S21: =O21+Q21 -> 14706 | T21: =S21/$F21 -> 0.074149893 | U21: 18690 | V21: =U21/$F21 -> 0.094237828 | W21: 4427 | X21: =W21/$F21 -> 0.022321609 | Y21: 12785 | Z21: =Y21/$F21 -> 0.064463918 | AA21: 9273 | AB21: =AA21/$F21 -> 0.046755879 | AC21: =Y21+AA21 -> 22058 | AD21: =AC21/$F21 -> 0.1112198 | AE21: 17812 | AF21: =AE21/$F21 -> 0.089810818 | AG21: 2086 | AH21: =AG21/$F21 -> 0.01051793 | AI21: 32073 | AJ21: =AI21/$F21 -> 0.16171695 | AK21: 5508 | AL21: =AK21/$F21 -> 0.027772175
D22: 45885 | E22: 六 | F22: =SUM(M22,S22,U22,W22,AC22,AE22,AG22,AI22,AK22) -> 202709 | I22: 29187 | J22: =I22/$F22 -> 0.14398473 | K22: 56899 | L22: =K22/$F22 -> 0.28069301 | M22: =I22+K22 -> 86086 | N22: =M22/$F22 -> 0.42467774 | O22: 8492 | P22: =O22/$F22 -> 0.041892565 | Q22: 6080 | R22: =Q22/$F22 -> 0.029993735 | S22: =O22+Q22 -> 14572 | T22: =S22/$F22 -> 0.0718863 | U22: 18017 | V22: =U22/$F22 -> 0.088881105 | W22: 4221 | X22: =W22/$F22 -> 0.020822953 | Y22: 13058 | Z22: =Y22/$F22 -> 0.064417465 | AA22: 10739 | AB22: =AA22/$F22 -> 0.052977421 | AC22: =Y22+AA22 -> 23797 | AD22: =AC22/$F22 -> 0.11739489 | AE22: 17495 | AF22: =AE22/$F22 -> 0.086305985 | AG22: 2109 | AH22: =AG22/$F22 -> 0.010404077 | AI22: 31224 | AJ22: =AI22/$F22 -> 0.15403361 | AK22: 5188 | AL22: =AK22/$F22 -> 0.025593338
D23: 45886 | E23: 日 | F23: =SUM(M23,S23,U23,W23,AC23,AE23,AG23,AI23,AK23) -> 254386 | I23: 42588 | J23: =I23/$F23 -> 0.16741487 | K23: 63843 | L23: =K23/$F23 -> 0.250969 | M23: =I23+K23 -> 106431 | N23: =M23/$F23 -> 0.41838387 | O23: 12152 | P23: =O23/$F23 -> 0.047769924 | Q23: 7405 | R23: =Q23/$F23 -> 0.029109306 | S23: =O23+Q23 -> 19557 | T23: =S23/$F23 -> 0.076879231 | U23: 23455 | V23: =U23/$F23 -> 0.092202401 | W23: 4816 | X23: =W23/$F23 -> 0.018931859 | Y23: 15520 | Z23: =Y23/$F23 -> 0.061009647 | AA23: 11577 | AB23: =AA23/$F23 -> 0.04550958 | AC23: =Y23+AA23 -> 27097 | AD23: =AC23/$F23 -> 0.10651923 | AE23: 26601 | AF23: =AE23/$F23 -> 0.10456943 | AG23: 2692 | AH23: =AG23/$F23 -> 0.010582343 | AI23: 37901 | AJ23: =AI23/$F23 -> 0.14899012 | AK23: 5836 | AL23: =AK23/$F23 -> 0.022941514
D24: 45887 | E24: 一 | F24: =SUM(M24,S24,U24,W24,AC24,AE24,AG24,AI24,AK24) -> 253826 | I24: 42235 | J24: =I24/$F24 -> 0.16639351 | K24: 68514 | L24: =K24/$F24 -> 0.26992507 | M24: =I24+K24 -> 110749 | N24: =M24/$F24 -> 0.43631858 | O24: 11683 | P24: =O24/$F24 -> 0.046027594 | Q24: 7636 | R24: =Q24/$F24 -> 0.030083601 | S24: =O24+Q24 -> 19319 | T24: =S24/$F24 -> 0.076111194 | U24: 22827 | V24: =U24/$F24 -> 0.089931685 | W24: 4685 | X24: =W24/$F24 -> 0.018457526 | Y24: 14300 | Z24: =Y24/$F24 -> 0.056337806 | AA24: 11357 | AB24: =AA24/$F24 -> 0.044743249 | AC24: =Y24+AA24 -> 25657 | AD24: =AC24/$F24 -> 0.10108106 | AE24: 25695 | AF24: =AE24/$F24 -> 0.10123076 | AG24: 2497 | AH24: =AG24/$F24 -> 0.0098374477 | AI24: 36840 | AJ24: =AI24/$F24 -> 0.1451388 | AK24: 5557 | AL24: =AK24/$F24 -> 0.02189295
B25: =D26 -> 45889 | D25: 45888 | E25: 二 | F25: =SUM(M25,S25,U25,W25,AC25,AE25,AG25,AI25,AK25) -> 255899 | G25: =SUM(F25:F31) -> 1643193 | I25: 46352 | J25: =I25/$F25 -> 0.18113396 | K25: 67269 | L25: =K25/$F25 -> 0.26287324 | M25: =I25+K25 -> 113621 | N25: =M25/$F25 -> 0.44400721 | O25: 16029 | P25: =O25/$F25 -> 0.062637994 | Q25: 7516 | R25: =Q25/$F25 -> 0.029370963 | S25: =O25+Q25 -> 23545 | T25: =S25/$F25 -> 0.092008957 | U25: 22469 | V25: =U25/$F25 -> 0.087804173 | W25: 3893 | X25: =W25/$F25 -> 0.015213033 | Y25: 14371 | Z25: =Y25/$F25 -> 0.056158875 | AA25: 10857 | AB25: =AA25/$F25 -> 0.042426895 | AC25: =Y25+AA25 -> 25228 | AD25: =AC25/$F25 -> 0.09858577 | AE25: 24265 | AF25: =AE25/$F25 -> 0.094822567 | AG25: 2118 | AH25: =AG25/$F25 -> 0.0082767029 | AI25: 35191 | AJ25: =AI25/$F25 -> 0.1375191 | AK25: 5569 | AL25: =AK25/$F25 -> 0.021762492
D26: 45889 | E26: 三 | F26: =SUM(M26,S26,U26,W26,AC26,AE26,AG26,AI26,AK26) -> 251326 | I26: 45381 | J26: =I26/$F26 -> 0.18056628 | K26: 65750 | L26: =K26/$F26 -> 0.26161241 | M26: =I26+K26 -> 111131 | N26: =M26/$F26 -> 0.44217868 | O26: 14229 | P26: =O26/$F26 -> 0.05661571 | Q26: 7267 | R26: =Q26/$F26 -> 0.028914637 | S26: =O26+Q26 -> 21496 | T26: =S26/$F26 -> 0.085530347 | U26: 22259 | V26: =U26/$F26 -> 0.088566245 | W26: 3682 | X26: =W26/$F26 -> 0.014650295 | Y26: 14376 | Z26: =Y26/$F26 -> 0.057200608 | AA26: 10248 | AB26: =AA26/$F26 -> 0.040775726 | AC26: =Y26+AA26 -> 24624 | AD26: =AC26/$F26 -> 0.097976334 | AE26: 23255 | AF26: =AE26/$F26 -> 0.092529225 | AG26: 2191 | AH26: =AG26/$F26 -> 0.008717761 | AI26: 36754 | AJ26: =AI26/$F26 -> 0.14624034 | AK26: 5934 | AL26: =AK26/$F26 -> 0.023610768
D27: 45890 | E27: 四 | F27: =SUM(M27,S27,U27,W27,AC27,AE27,AG27,AI27,AK27) -> 234557 | I27: 44162 | J27: =I27/$F27 -> 0.18827833 | K27: 59669 | L27: =K27/$F27 -> 0.25439019 | M27: =I27+K27 -> 103831 | N27: =M27/$F27 -> 0.44266852 | O27: 13560 | P27: =O27/$F27 -> 0.057811108 | Q27: 7066 | R27: =Q27/$F27 -> 0.030124874 | S27: =O27+Q27 -> 20626 | T27: =S27/$F27 -> 0.087935981 | U27: 20555 | V27: =U27/$F27 -> 0.087633283 | W27: 3021 | X27: =W27/$F27 -> 0.012879599 | Y27: 13477 | Z27: =Y27/$F27 -> 0.057457249 | AA27: 8935 | AB27: =AA27/$F27 -> 0.038093086 | AC27: =Y27+AA27 -> 22412 | AD27: =AC27/$F27 -> 0.095550335 | AE27: 21520 | AF27: =AE27/$F27 -> 0.091747422 | AG27: 2148 | AH27: =AG27/$F27 -> 0.0091576887 | AI27: 34868 | AJ27: =AI27/$F27 -> 0.1486547 | AK27: 5576 | AL27: =AK27/$F27 -> 0.023772473
D28: 45891 | E28: 五 | F28: =SUM(M28,S28,U28,W28,AC28,AE28,AG28,AI28,AK28) -> 195333 | I28: 34445 | J28: =I28/$F28 -> 0.17633989 | K28: 53446 | L28: =K28/$F28 -> 0.2736148 | M28: =I28+K28 -> 87891 | N28: =M28/$F28 -> 0.44995469 | O28: 11319 | P28: =O28/$F28 -> 0.057947198 | Q28: 6079 | R28: =Q28/$F28 -> 0.031121214 | S28: =O28+Q28 -> 17398 | T28: =S28/$F28 -> 0.089068411 | U28: 16878 | V28: =U28/$F28 -> 0.086406291 | W28: 2926 | X28: =W28/$F28 -> 0.014979548 | Y28: 10823 | Z28: =Y28/$F28 -> 0.055407944 | AA28: 8734 | AB28: =AA28/$F28 -> 0.044713387 | AC28: =Y28+AA28 -> 19557 | AD28: =AC28/$F28 -> 0.10012133 | AE28: 15588 | AF28: =AE28/$F28 -> 0.079802184 | AG28: 1709 | AH28: =AG28/$F28 -> 0.0087491617 | AI28: 28192 | AJ28: =AI28/$F28 -> 0.14432789 | AK28: 5194 | AL28: =AK28/$F28 -> 0.026590489
D29: 45892 | E29: 六 | F29: =SUM(M29,S29,U29,W29,AC29,AE29,AG29,AI29,AK29) -> 200546 | I29: 32892 | J29: =I29/$F29 -> 0.16401225 | K29: 59472 | L29: =K29/$F29 -> 0.29655042 | M29: =I29+K29 -> 92364 | N29: =M29/$F29 -> 0.46056266 | O29: 10836 | P29: =O29/$F29 -> 0.054032491 | Q29: 6107 | R29: =Q29/$F29 -> 0.030451866 | S29: =O29+Q29 -> 16943 | T29: =S29/$F29 -> 0.084484358 | U29: 16422 | V29: =U29/$F29 -> 0.08188645 | W29: 3226 | X29: =W29/$F29 -> 0.016086085 | Y29: 10080 | Z29: =Y29/$F29 -> 0.050262783 | AA29: 11012 | AB29: =AA29/$F29 -> 0.054910095 | AC29: =Y29+AA29 -> 21092 | AD29: =AC29/$F29 -> 0.10517288 | AE29: 15831 | AF29: =AE29/$F29 -> 0.078939495 | AG29: 1816 | AH29: =AG29/$F29 -> 0.0090552791 | AI29: 27826 | AJ29: =AI29/$F29 -> 0.13875121 | AK29: 5026 | AL29: =AK29/$F29 -> 0.025061582
D30: 45893 | E30: 日 | F30: =SUM(M30,S30,U30,W30,AC30,AE30,AG30,AI30,AK30) -> 255114 | I30: 46173 | J30: =I30/$F30 -> 0.18098968 | K30: 66946 | L30: =K30/$F30 -> 0.26241602 | M30: =I30+K30 -> 113119 | N30: =M30/$F30 -> 0.44340569 | O30: 14866 | P30: =O30/$F30 -> 0.058271988 | Q30: 7356 | R30: =Q30/$F30 -> 0.028834168 | S30: =O30+Q30 -> 22222 | T30: =S30/$F30 -> 0.087106156 | U30: 22248 | V30: =U30/$F30 -> 0.087208072 | W30: 3811 | X30: =W30/$F30 -> 0.01493842 | Y30: 13293 | Z30: =Y30/$F30 -> 0.052106117 | AA30: 11430 | AB30: =AA30/$F30 -> 0.0448035 | AC30: =Y30+AA30 -> 24723 | AD30: =AC30/$F30 -> 0.096909617 | AE30: 24216 | AF30: =AE30/$F30 -> 0.09492227 | AG30: 2357 | AH30: =AG30/$F30 -> 0.0092390069 | AI30: 36887 | AJ30: =AI30/$F30 -> 0.14459026 | AK30: 5531 | AL30: =AK30/$F30 -> 0.021680504
D31: 45894 | E31: 一 | F31: =SUM(M31,S31,U31,W31,AC31,AE31,AG31,AI31,AK31) -> 250418 | I31: 45603 | J31: =I31/$F31 -> 0.18210752 | K31: 66004 | L31: =K31/$F31 -> 0.2635753 | M31: =I31+K31 -> 111607 | N31: =M31/$F31 -> 0.44568282 | O31: 13711 | P31: =O31/$F31 -> 0.054752454 | Q31: 7487 | R31: =Q31/$F31 -> 0.029898011 | S31: =O31+Q31 -> 21198 | T31: =S31/$F31 -> 0.084650464 | U31: 22401 | V31: =U31/$F31 -> 0.089454432 | W31: 3539 | X31: =W31/$F31 -> 0.014132371 | Y31: 13357 | Z31: =Y31/$F31 -> 0.053338817 | AA31: 11016 | AB31: =AA31/$F31 -> 0.043990448 | AC31: =Y31+AA31 -> 24373 | AD31: =AC31/$F31 -> 0.097329265 | AE31: 22730 | AF31: =AE31/$F31 -> 0.090768236 | AG31: 2320 | AH31: =AG31/$F31 -> 0.0092645097 | AI31: 36692 | AJ31: =AI31/$F31 -> 0.14652301 | AK31: 5558 | AL31: =AK31/$F31 -> 0.02219489
B32: =D40 -> 45903 | D32: 45895 | E32: 二 | F32: =SUM(M32,S32,U32,W32,AC32,AE32,AG32,AI32,AK32) -> 242071 | G32: =SUM(F32:F38) -> 1600303 | I32: 44645 | J32: =I32/$F32 -> 0.18442936 | K32: 64295 | L32: =K32/$F32 -> 0.26560389 | M32: =I32+K32 -> 108940 | N32: =M32/$F32 -> 0.45003325 | O32: 13118 | P32: =O32/$F32 -> 0.054190713 | Q32: 7318 | R32: =Q32/$F32 -> 0.0302308 | S32: =O32+Q32 -> 20436 | T32: =S32/$F32 -> 0.084421513 | U32: 21453 | V32: =U32/$F32 -> 0.088622759 | W32: 2795 | X32: =W32/$F32 -> 0.011546199 | Y32: 13045 | Z32: =Y32/$F32 -> 0.053889148 | AA32: 10398 | AB32: =AA32/$F32 -> 0.04295434 | AC32: =Y32+AA32 -> 23443 | AD32: =AC32/$F32 -> 0.096843488 | AE32: 20880 | AF32: =AE32/$F32 -> 0.086255685 | AG32: 2164 | AH32: =AG32/$F32 -> 0.008939526 | AI32: 36348 | AJ32: =AI32/$F32 -> 0.15015429 | AK32: 5612 | AL32: =AK32/$F32 -> 0.023183281
D33: 45896 | E33: 三 | F33: =SUM(M33,S33,U33,W33,AC33,AE33,AG33,AI33,AK33) -> 237593 | I33: 44466 | J33: =I33/$F33 -> 0.18715198 | K33: 62684 | L33: =K33/$F33 -> 0.26382932 | M33: =I33+K33 -> 107150 | N33: =M33/$F33 -> 0.4509813 | O33: 13002 | P33: =O33/$F33 -> 0.054723834 | Q33: 6967 | R33: =Q33/$F33 -> 0.029323254 | S33: =O33+Q33 -> 19969 | T33: =S33/$F33 -> 0.084047089 | U33: 20993 | V33: =U33/$F33 -> 0.08835698 | W33: 2701 | X33: =W33/$F33 -> 0.01136818 | Y33: 12402 | Z33: =Y33/$F33 -> 0.052198508 | AA33: 9273 | AB33: =AA33/$F33 -> 0.039028928 | AC33: =Y33+AA33 -> 21675 | AD33: =AC33/$F33 -> 0.091227435 | AE33: 21042 | AF33: =AE33/$F33 -> 0.088563215 | AG33: 2050 | AH33: =AG33/$F33 -> 0.0086282003 | AI33: 36455 | AJ33: =AI33/$F33 -> 0.15343466 | AK33: 5558 | AL33: =AK33/$F33 -> 0.023392945
D34: 45897 | E34: 四 | F34: =SUM(M34,S34,U34,W34,AC34,AE34,AG34,AI34,AK34) -> 223084 | I34: 43825 | J34: =I34/$F34 -> 0.19645066 | K34: 57801 | L34: =K34/$F34 -> 0.25909971 | M34: =I34+K34 -> 101626 | N34: =M34/$F34 -> 0.45555038 | O34: 12504 | P34: =O34/$F34 -> 0.056050636 | Q34: 6802 | R34: =Q34/$F34 -> 0.030490757 | S34: =O34+Q34 -> 19306 | T34: =S34/$F34 -> 0.086541392 | U34: 19323 | V34: =U34/$F34 -> 0.086617597 | W34: 2616 | X34: =W34/$F34 -> 0.011726525 | Y34: 11510 | Z34: =Y34/$F34 -> 0.051594915 | AA34: 8036 | AB34: =AA34/$F34 -> 0.036022305 | AC34: =Y34+AA34 -> 19546 | AD34: =AC34/$F34 -> 0.08761722 | AE34: 18874 | AF34: =AE34/$F34 -> 0.084604902 | AG34: 1956 | AH34: =AG34/$F34 -> 0.0087679977 | AI34: 34243 | AJ34: =AI34/$F34 -> 0.15349823 | AK34: 5594 | AL34: =AK34/$F34 -> 0.025075756
D35: 45898 | E35: 五 | F35: =SUM(M35,S35,U35,W35,AC35,AE35,AG35,AI35,AK35) -> 190353 | I35: 33358 | J35: =I35/$F35 -> 0.17524284 | K35: 52547 | L35: =K35/$F35 -> 0.27605029 | M35: =I35+K35 -> 85905 | N35: =M35/$F35 -> 0.45129312 | O35: 9771 | P35: =O35/$F35 -> 0.051330948 | Q35: 5885 | R35: =Q35/$F35 -> 0.030916245 | S35: =O35+Q35 -> 15656 | T35: =S35/$F35 -> 0.082247193 | U35: 16566 | V35: =U35/$F35 -> 0.087027785 | W35: 2501 | X35: =W35/$F35 -> 0.013138747 | Y35: 9840 | Z35: =Y35/$F35 -> 0.051693433 | AA35: 8154 | AB35: =AA35/$F35 -> 0.042836204 | AC35: =Y35+AA35 -> 17994 | AD35: =AC35/$F35 -> 0.094529637 | AE35: 14124 | AF35: =AE35/$F35 -> 0.074198988 | AG35: 1680 | AH35: =AG35/$F35 -> 0.008825708 | AI35: 30946 | AJ35: =AI35/$F35 -> 0.16257164 | AK35: 4981 | AL35: =AK35/$F35 -> 0.026167174
D36: 45899 | E36: 六 | F36: =SUM(M36,S36,U36,W36,AC36,AE36,AG36,AI36,AK36) -> 202704 | I36: 31990 | J36: =I36/$F36 -> 0.15781632 | K36: 60019 | L36: =K36/$F36 -> 0.29609184 | M36: =I36+K36 -> 92009 | N36: =M36/$F36 -> 0.45390816 | O36: 9569 | P36: =O36/$F36 -> 0.047206765 | Q36: 6063 | R36: =Q36/$F36 -> 0.029910609 | S36: =O36+Q36 -> 15632 | T36: =S36/$F36 -> 0.077117373 | U36: 17298 | V36: =U36/$F36 -> 0.085336254 | W36: 2815 | X36: =W36/$F36 -> 0.013887244 | Y36: 10252 | Z36: =Y36/$F36 -> 0.05057621 | AA36: 10848 | AB36: =AA36/$F36 -> 0.053516457 | AC36: =Y36+AA36 -> 21100 | AD36: =AC36/$F36 -> 0.10409267 | AE36: 15254 | AF36: =AE36/$F36 -> 0.075252585 | AG36: 1837 | AH36: =AG36/$F36 -> 0.0090624753 | AI36: 31266 | AJ36: =AI36/$F36 -> 0.15424461 | AK36: 5493 | AL36: =AK36/$F36 -> 0.027098627
D37: 45900 | E37: 日 | F37: =SUM(M37,S37,U37,W37,AC37,AE37,AG37,AI37,AK37) -> 251694 | I37: 46665 | J37: =I37/$F37 -> 0.1854037 | K37: 67311 | L37: =K37/$F37 -> 0.26743188 | M37: =I37+K37 -> 113976 | N37: =M37/$F37 -> 0.45283559 | O37: 13962 | P37: =O37/$F37 -> 0.055472121 | Q37: 7260 | R37: =Q37/$F37 -> 0.028844549 | S37: =O37+Q37 -> 21222 | T37: =S37/$F37 -> 0.08431667 | U37: 22122 | V37: =U37/$F37 -> 0.087892441 | W37: 3265 | X37: =W37/$F37 -> 0.012972101 | Y37: 13368 | Z37: =Y37/$F37 -> 0.053112112 | AA37: 10282 | AB37: =AA37/$F37 -> 0.040851192 | AC37: =Y37+AA37 -> 23650 | AD37: =AC37/$F37 -> 0.093963305 | AE37: 23033 | AF37: =AE37/$F37 -> 0.091511915 | AG37: 2277 | AH37: =AG37/$F37 -> 0.0090466996 | AI37: 36568 | AJ37: =AI37/$F37 -> 0.14528753 | AK37: 5581 | AL37: =AK37/$F37 -> 0.022173751
C38: 九 | D38: 45901 | E38: 一 | F38: =SUM(M38,S38,U38,W38,AC38,AE38,AG38,AI38,AK38) -> 252804 | H38: =SUM(F38:F67) -> 7022371 | I38: 45588 | J38: =I38/$F38 -> 0.18032943 | K38: 68384 | L38: =K38/$F38 -> 0.27050205 | M38: =I38+K38 -> 113972 | N38: =M38/$F38 -> 0.45083147 | O38: 13376 | P38: =O38/$F38 -> 0.052910555 | Q38: 7389 | R38: =Q38/$F38 -> 0.029228177 | S38: =O38+Q38 -> 20765 | T38: =S38/$F38 -> 0.082138732 | U38: 21728 | V38: =U38/$F38 -> 0.085948007 | W38: 3016 | X38: =W38/$F38 -> 0.011930191 | Y38: 13161 | Z38: =Y38/$F38 -> 0.052060094 | AA38: 15893 | AB38: =AA38/$F38 -> 0.062866885 | AC38: =Y38+AA38 -> 29054 | AD38: =AC38/$F38 -> 0.11492698 | AE38: 21186 | AF38: =AE38/$F38 -> 0.083804054 | AG38: 2111 | AH38: =AG38/$F38 -> 0.0083503426 | AI38: 35403 | AJ38: =AI38/$F38 -> 0.1400413 | AK38: 5569 | AL38: =AK38/$F38 -> 0.022028924
B39: =D47 -> 45910 | D39: 45902 | E39: 二 | F39: =SUM(M39,S39,U39,W39,AC39,AE39,AG39,AI39,AK39) -> 267176 | G39: =SUM(F39:F45) -> 1673814 | I39: 62588 | J39: =I39/$F39 -> 0.23425757 | K39: 68995 | L39: =K39/$F39 -> 0.25823802 | M39: =I39+K39 -> 131583 | N39: =M39/$F39 -> 0.49249558 | O39: 13154 | P39: =O39/$F39 -> 0.049233464 | Q39: 7534 | R39: =Q39/$F39 -> 0.028198641 | S39: =O39+Q39 -> 20688 | T39: =S39/$F39 -> 0.077432105 | U39: 21093 | V39: =U39/$F39 -> 0.078947959 | W39: 2750 | X39: =W39/$F39 -> 0.010292841 | Y39: 12742 | Z39: =Y39/$F39 -> 0.047691409 | AA39: 16438 | AB39: =AA39/$F39 -> 0.061524987 | AC39: =Y39+AA39 -> 29180 | AD39: =AC39/$F39 -> 0.1092164 | AE39: 21012 | AF39: =AE39/$F39 -> 0.078644788 | AG39: 2008 | AH39: =AG39/$F39 -> 0.0075156451 | AI39: 33296 | AJ39: =AI39/$F39 -> 0.12462197 | AK39: 5566 | AL39: =AK39/$F39 -> 0.02083271
D40: 45903 | E40: 三 | F40: =SUM(M40,S40,U40,W40,AC40,AE40,AG40,AI40,AK40) -> 255665 | I40: 59905 | J40: =I40/$F40 -> 0.23431052 | K40: 67120 | L40: =K40/$F40 -> 0.26253105 | M40: =I40+K40 -> 127025 | N40: =M40/$F40 -> 0.49684157 | O40: 11962 | P40: =O40/$F40 -> 0.046787789 | Q40: 7158 | R40: =Q40/$F40 -> 0.027997575 | S40: =O40+Q40 -> 19120 | T40: =S40/$F40 -> 0.074785364 | U40: 20282 | V40: =U40/$F40 -> 0.079330374 | W40: 2689 | X40: =W40/$F40 -> 0.01051767 | Y40: 11996 | Z40: =Y40/$F40 -> 0.046920775 | AA40: 14318 | AB40: =AA40/$F40 -> 0.056002973 | AC40: =Y40+AA40 -> 26314 | AD40: =AC40/$F40 -> 0.10292375 | AE40: 20569 | AF40: =AE40/$F40 -> 0.080452936 | AG40: 1995 | AH40: =AG40/$F40 -> 0.0078031799 | AI40: 32305 | AJ40: =AI40/$F40 -> 0.12635676 | AK40: 5366 | AL40: =AK40/$F40 -> 0.020988403
D41: 45904 | E41: 四 | F41: =SUM(M41,S41,U41,W41,AC41,AE41,AG41,AI41,AK41) -> 230570 | I41: 55264 | J41: =I41/$F41 -> 0.23968426 | K41: 59591 | L41: =K41/$F41 -> 0.2584508 | M41: =I41+K41 -> 114855 | N41: =M41/$F41 -> 0.49813506 | O41: 11268 | P41: =O41/$F41 -> 0.048870191 | Q41: 7201 | R41: =Q41/$F41 -> 0.031231296 | S41: =O41+Q41 -> 18469 | T41: =S41/$F41 -> 0.080101488 | U41: 18929 | V41: =U41/$F41 -> 0.082096543 | W41: 2550 | X41: =W41/$F41 -> 0.011059548 | Y41: 10937 | Z41: =Y41/$F41 -> 0.047434619 | AA41: 9789 | AB41: =AA41/$F41 -> 0.042455653 | AC41: =Y41+AA41 -> 20726 | AD41: =AC41/$F41 -> 0.089890272 | AE41: 18183 | AF41: =AE41/$F41 -> 0.078861083 | AG41: 1795 | AH41: =AG41/$F41 -> 0.0077850544 | AI41: 30052 | AJ41: =AI41/$F41 -> 0.13033786 | AK41: 5011 | AL41: =AK41/$F41 -> 0.021733096
D42: 45905 | E42: 五 | F42: =SUM(M42,S42,U42,W42,AC42,AE42,AG42,AI42,AK42) -> 194911 | I42: 44032 | J42: =I42/$F42 -> 0.22590824 | K42: 54403 | L42: =K42/$F42 -> 0.27911714 | M42: =I42+K42 -> 98435 | N42: =M42/$F42 -> 0.50502537 | O42: 8354 | P42: =O42/$F42 -> 0.042860588 | Q42: 5755 | R42: =Q42/$F42 -> 0.029526297 | S42: =O42+Q42 -> 14109 | T42: =S42/$F42 -> 0.072386884 | U42: 15413 | V42: =U42/$F42 -> 0.079077117 | W42: 2282 | X42: =W42/$F42 -> 0.011707908 | Y42: 8929 | Z42: =Y42/$F42 -> 0.045810652 | AA42: 8319 | AB42: =AA42/$F42 -> 0.042681019 | AC42: =Y42+AA42 -> 17248 | AD42: =AC42/$F42 -> 0.088491671 | AE42: 13178 | AF42: =AE42/$F42 -> 0.067610345 | AG42: 1544 | AH42: =AG42/$F42 -> 0.0079215642 | AI42: 27810 | AJ42: =AI42/$F42 -> 0.14268051 | AK42: 4892 | AL42: =AK42/$F42 -> 0.025098635
D43: 45906 | E43: 六 | F43: =SUM(M43,S43,U43,W43,AC43,AE43,AG43,AI43,AK43) -> 202561 | I43: 42040 | J43: =I43/$F43 -> 0.20754242 | K43: 61363 | L43: =K43/$F43 -> 0.30293591 | M43: =I43+K43 -> 103403 | N43: =M43/$F43 -> 0.51047833 | O43: 7993 | P43: =O43/$F43 -> 0.039459718 | Q43: 5731 | R43: =Q43/$F43 -> 0.028292712 | S43: =O43+Q43 -> 13724 | T43: =S43/$F43 -> 0.06775243 | U43: 14949 | V43: =U43/$F43 -> 0.073799991 | W43: 2569 | X43: =W43/$F43 -> 0.012682599 | Y43: 9579 | Z43: =Y43/$F43 -> 0.047289458 | AA43: 10597 | AB43: =AA43/$F43 -> 0.052315105 | AC43: =Y43+AA43 -> 20176 | AD43: =AC43/$F43 -> 0.099604564 | AE43: 13837 | AF43: =AE43/$F43 -> 0.068310287 | AG43: 1658 | AH43: =AG43/$F43 -> 0.0081851887 | AI43: 27464 | AJ43: =AI43/$F43 -> 0.13558385 | AK43: 4781 | AL43: =AK43/$F43 -> 0.023602767
D44: 45907 | E44: 日 | F44: =SUM(M44,S44,U44,W44,AC44,AE44,AG44,AI44,AK44) -> 262932 | I44: 59634 | J44: =I44/$F44 -> 0.22680389 | K44: 69271 | L44: =K44/$F44 -> 0.26345595 | M44: =I44+K44 -> 128905 | N44: =M44/$F44 -> 0.49025984 | O44: 12328 | P44: =O44/$F44 -> 0.046886647 | Q44: 7241 | R44: =Q44/$F44 -> 0.02753944 | S44: =O44+Q44 -> 19569 | T44: =S44/$F44 -> 0.074426087 | U44: 21484 | V44: =U44/$F44 -> 0.081709339 | W44: 3546 | X44: =W44/$F44 -> 0.013486377 | Y44: 12855 | Z44: =Y44/$F44 -> 0.048890968 | AA44: 12659 | AB44: =AA44/$F44 -> 0.048145528 | AC44: =Y44+AA44 -> 25514 | AD44: =AC44/$F44 -> 0.097036496 | AE44: 21915 | AF44: =AE44/$F44 -> 0.083348546 | AG44: 2085 | AH44: =AG44/$F44 -> 0.0079298069 | AI44: 34510 | AJ44: =AI44/$F44 -> 0.13125067 | AK44: 5404 | AL44: =AK44/$F44 -> 0.020552843
D45: 45908 | E45: 一 | F45: =SUM(M45,S45,U45,W45,AC45,AE45,AG45,AI45,AK45) -> 259999 | I45: 57617 | J45: =I45/$F45 -> 0.2216047 | K45: 70337 | L45: =K45/$F45 -> 0.27052796 | M45: =I45+K45 -> 127954 | N45: =M45/$F45 -> 0.49213266 | O45: 11714 | P45: =O45/$F45 -> 0.045054019 | Q45: 7257 | R45: =Q45/$F45 -> 0.027911646 | S45: =O45+Q45 -> 18971 | T45: =S45/$F45 -> 0.072965665 | U45: 21566 | V45: =U45/$F45 -> 0.082946473 | W45: 3289 | X45: =W45/$F45 -> 0.012650049 | Y45: 12741 | Z45: =Y45/$F45 -> 0.049004035 | AA45: 12789 | AB45: =AA45/$F45 -> 0.049188651 | AC45: =Y45+AA45 -> 25530 | AD45: =AC45/$F45 -> 0.098192685 | AE45: 21983 | AF45: =AE45/$F45 -> 0.084550325 | AG45: 2131 | AH45: =AG45/$F45 -> 0.0081961854 | AI45: 32977 | AJ45: =AI45/$F45 -> 0.1268351 | AK45: 5598 | AL45: =AK45/$F45 -> 0.021530852
B46: =D54 -> 45917 | D46: 45909 | E46: 二 | F46: =SUM(M46,S46,U46,W46,AC46,AE46,AG46,AI46,AK46) -> 258026 | G46: =SUM(F46:F52) -> 1658017 | I46: 63789 | J46: =I46/$F46 -> 0.24721927 | K46: 67110 | L46: =K46/$F46 -> 0.26009007 | M46: =I46+K46 -> 130899 | N46: =M46/$F46 -> 0.50730934 | O46: 10863 | P46: =O46/$F46 -> 0.042100408 | Q46: 7079 | R46: =Q46/$F46 -> 0.02743522 | S46: =O46+Q46 -> 17942 | T46: =S46/$F46 -> 0.069535628 | U46: 20848 | V46: =U46/$F46 -> 0.080798059 | W46: 2878 | X46: =W46/$F46 -> 0.011153915 | Y46: 12134 | Z46: =Y46/$F46 -> 0.047026269 | AA46: 12627 | AB46: =AA46/$F46 -> 0.048936929 | AC46: =Y46+AA46 -> 24761 | AD46: =AC46/$F46 -> 0.095963198 | AE46: 21575 | AF46: =AE46/$F46 -> 0.083615605 | AG46: 1958 | AH46: =AG46/$F46 -> 0.0075883826 | AI46: 31708 | AJ46: =AI46/$F46 -> 0.12288684 | AK46: 5457 | AL46: =AK46/$F46 -> 0.021149031
D47: 45910 | E47: 三 | F47: =SUM(M47,S47,U47,W47,AC47,AE47,AG47,AI47,AK47) -> 250306 | I47: 63522 | J47: =I47/$F47 -> 0.25377738 | K47: 65698 | L47: =K47/$F47 -> 0.26247074 | M47: =I47+K47 -> 129220 | N47: =M47/$F47 -> 0.51624811 | O47: 10600 | P47: =O47/$F47 -> 0.042348166 | Q47: 6804 | R47: =Q47/$F47 -> 0.027182728 | S47: =O47+Q47 -> 17404 | T47: =S47/$F47 -> 0.069530894 | U47: 20624 | V47: =U47/$F47 -> 0.082395148 | W47: 2343 | X47: =W47/$F47 -> 0.0093605427 | Y47: 11646 | Z47: =Y47/$F47 -> 0.046527051 | AA47: 10991 | AB47: =AA47/$F47 -> 0.043910254 | AC47: =Y47+AA47 -> 22637 | AD47: =AC47/$F47 -> 0.090437305 | AE47: 21001 | AF47: =AE47/$F47 -> 0.083901305 | AG47: 1923 | AH47: =AG47/$F47 -> 0.0076825965 | AI47: 29499 | AJ47: =AI47/$F47 -> 0.11785175 | AK47: 5655 | AL47: =AK47/$F47 -> 0.022592347
D48: 45911 | E48: 四 | F48: =SUM(M48,S48,U48,W48,AC48,AE48,AG48,AI48,AK48) -> 231245 | I48: 60148 | J48: =I48/$F48 -> 0.26010508 | K48: 58415 | L48: =K48/$F48 -> 0.25261087 | M48: =I48+K48 -> 118563 | N48: =M48/$F48 -> 0.51271595 | O48: 10208 | P48: =O48/$F48 -> 0.044143657 | Q48: 6605 | R48: =Q48/$F48 -> 0.02856278 | S48: =O48+Q48 -> 16813 | T48: =S48/$F48 -> 0.072706437 | U48: 18870 | V48: =U48/$F48 -> 0.081601764 | W48: 2321 | X48: =W48/$F48 -> 0.010036974 | Y48: 10570 | Z48: =Y48/$F48 -> 0.045709096 | AA48: 9161 | AB48: =AA48/$F48 -> 0.039615992 | AC48: =Y48+AA48 -> 19731 | AD48: =AC48/$F48 -> 0.085325088 | AE48: 18995 | AF48: =AE48/$F48 -> 0.082142317 | AG48: 1804 | AH48: =AG48/$F48 -> 0.0078012498 | AI48: 28862 | AJ48: =AI48/$F48 -> 0.12481135 | AK48: 5286 | AL48: =AK48/$F48 -> 0.022858873
D49: 45912 | E49: 五 | F49: =SUM(M49,S49,U49,W49,AC49,AE49,AG49,AI49,AK49) -> 191700 | I49: 43774 | J49: =I49/$F49 -> 0.22834637 | K49: 52868 | L49: =K49/$F49 -> 0.27578508 | M49: =I49+K49 -> 96642 | N49: =M49/$F49 -> 0.50413146 | O49: 7864 | P49: =O49/$F49 -> 0.041022431 | Q49: 5726 | R49: =Q49/$F49 -> 0.029869588 | S49: =O49+Q49 -> 13590 | T49: =S49/$F49 -> 0.070892019 | U49: 15285 | V49: =U49/$F49 -> 0.079733959 | W49: 2211 | X49: =W49/$F49 -> 0.011533646 | Y49: 9006 | Z49: =Y49/$F49 -> 0.046979656 | AA49: 9467 | AB49: =AA49/$F49 -> 0.049384455 | AC49: =Y49+AA49 -> 18473 | AD49: =AC49/$F49 -> 0.096364111 | AE49: 13824 | AF49: =AE49/$F49 -> 0.072112676 | AG49: 1521 | AH49: =AG49/$F49 -> 0.0079342723 | AI49: 25406 | AJ49: =AI49/$F49 -> 0.13252999 | AK49: 4748 | AL49: =AK49/$F49 -> 0.024767866
D50: 45913 | E50: 六 | F50: =SUM(M50,S50,U50,W50,AC50,AE50,AG50,AI50,AK50) -> 201547 | I50: 41255 | J50: =I50/$F50 -> 0.20469171 | K50: 61154 | L50: =K50/$F50 -> 0.30342302 | M50: =I50+K50 -> 102409 | N50: =M50/$F50 -> 0.50811473 | O50: 7744 | P50: =O50/$F50 -> 0.0384228 | Q50: 5693 | R50: =Q50/$F50 -> 0.028246513 | S50: =O50+Q50 -> 13437 | T50: =S50/$F50 -> 0.066669313 | U50: 16173 | V50: =U50/$F50 -> 0.08024431 | W50: 2547 | X50: =W50/$F50 -> 0.012637251 | Y50: 9829 | Z50: =Y50/$F50 -> 0.048767781 | AA50: 10762 | AB50: =AA50/$F50 -> 0.053396974 | AC50: =Y50+AA50 -> 20591 | AD50: =AC50/$F50 -> 0.10216476 | AE50: 14451 | AF50: =AE50/$F50 -> 0.071700397 | AG50: 1650 | AH50: =AG50/$F50 -> 0.0081866761 | AI50: 25206 | AJ50: =AI50/$F50 -> 0.12506264 | AK50: 5083 | AL50: =AK50/$F50 -> 0.025219924
D51: 45914 | E51: 日 | F51: =SUM(M51,S51,U51,W51,AC51,AE51,AG51,AI51,AK51) -> 263020 | I51: 63962 | J51: =I51/$F51 -> 0.24318303 | K51: 68861 | L51: =K51/$F51 -> 0.26180899 | M51: =I51+K51 -> 132823 | N51: =M51/$F51 -> 0.50499202 | O51: 11455 | P51: =O51/$F51 -> 0.043551821 | Q51: 7094 | R51: =Q51/$F51 -> 0.026971333 | S51: =O51+Q51 -> 18549 | T51: =S51/$F51 -> 0.070523154 | U51: 21928 | V51: =U51/$F51 -> 0.083370086 | W51: 3319 | X51: =W51/$F51 -> 0.012618812 | Y51: 12748 | Z51: =Y51/$F51 -> 0.048467797 | AA51: 11956 | AB51: =AA51/$F51 -> 0.045456619 | AC51: =Y51+AA51 -> 24704 | AD51: =AC51/$F51 -> 0.093924416 | AE51: 22607 | AF51: =AE51/$F51 -> 0.085951639 | AG51: 2054 | AH51: =AG51/$F51 -> 0.0078092921 | AI51: 31448 | AJ51: =AI51/$F51 -> 0.11956505 | AK51: 5588 | AL51: =AK51/$F51 -> 0.021245533
D52: 45915 | E52: 一 | F52: =SUM(M52,S52,U52,W52,AC52,AE52,AG52,AI52,AK52) -> 262173 | I52: 61247 | J52: =I52/$F52 -> 0.23361292 | K52: 73461 | L52: =K52/$F52 -> 0.28020048 | M52: =I52+K52 -> 134708 | N52: =M52/$F52 -> 0.5138134 | O52: 11662 | P52: =O52/$F52 -> 0.044482079 | Q52: 7204 | R52: =Q52/$F52 -> 0.027478039 | S52: =O52+Q52 -> 18866 | T52: =S52/$F52 -> 0.071960118 | U52: 22186 | V52: =U52/$F52 -> 0.084623512 | W52: 3161 | X52: =W52/$F52 -> 0.012056924 | Y52: 12783 | Z52: =Y52/$F52 -> 0.048757881 | AA52: 11803 | AB52: =AA52/$F52 -> 0.045019891 | AC52: =Y52+AA52 -> 24586 | AD52: =AC52/$F52 -> 0.093777773 | AE52: 21437 | AF52: =AE52/$F52 -> 0.08176662 | AG52: 2037 | AH52: =AG52/$F52 -> 0.0077696788 | AI52: 29467 | AJ52: =AI52/$F52 -> 0.11239525 | AK52: 5725 | AL52: =AK52/$F52 -> 0.021836726
B53: =D61 -> 45924 | D53: 45916 | E53: 二 | F53: =SUM(M53,S53,U53,W53,AC53,AE53,AG53,AI53,AK53) -> 281350 | G53: =SUM(F53:F59) -> 1699029 | I53: 62886 | J53: =I53/$F53 -> 0.22351519 | K53: 71015 | L53: =K53/$F53 -> 0.25240803 | M53: =I53+K53 -> 133901 | N53: =M53/$F53 -> 0.47592323 | O53: 15457 | P53: =O53/$F53 -> 0.054938688 | Q53: 7383 | R53: =Q53/$F53 -> 0.026241336 | S53: =O53+Q53 -> 22840 | T53: =S53/$F53 -> 0.081180025 | U53: 26199 | V53: =U53/$F53 -> 0.093118891 | W53: 2934 | X53: =W53/$F53 -> 0.010428292 | Y53: 16751 | Z53: =Y53/$F53 -> 0.059537942 | AA53: 10942 | AB53: =AA53/$F53 -> 0.038891061 | AC53: =Y53+AA53 -> 27693 | AD53: =AC53/$F53 -> 0.098429003 | AE53: 26160 | AF53: =AE53/$F53 -> 0.092980274 | AG53: 1845 | AH53: =AG53/$F53 -> 0.0065576684 | AI53: 29267 | AJ53: =AI53/$F53 -> 0.10402346 | AK53: 10511 | AL53: =AK53/$F53 -> 0.037359161
D54: 45917 | E54: 三 | F54: =SUM(M54,S54,U54,W54,AC54,AE54,AG54,AI54,AK54) -> 265157 | I54: 61854 | J54: =I54/$F54 -> 0.23327312 | K54: 69666 | L54: =K54/$F54 -> 0.26273491 | M54: =I54+K54 -> 131520 | N54: =M54/$F54 -> 0.49600803 | O54: 13102 | P54: =O54/$F54 -> 0.049412235 | Q54: 7111 | R54: =Q54/$F54 -> 0.026818074 | S54: =O54+Q54 -> 20213 | T54: =S54/$F54 -> 0.076230309 | U54: 23510 | V54: =U54/$F54 -> 0.088664452 | W54: 2621 | X54: =W54/$F54 -> 0.0098847098 | Y54: 13985 | Z54: =Y54/$F54 -> 0.052742338 | AA54: 9970 | AB54: =AA54/$F54 -> 0.037600365 | AC54: =Y54+AA54 -> 23955 | AD54: =AC54/$F54 -> 0.090342703 | AE54: 23199 | AF54: =AE54/$F54 -> 0.087491562 | AG54: 1852 | AH54: =AG54/$F54 -> 0.0069845412 | AI54: 29817 | AJ54: =AI54/$F54 -> 0.11245036 | AK54: 8470 | AL54: =AK54/$F54 -> 0.031943339
D55: 45918 | E55: 四 | F55: =SUM(M55,S55,U55,W55,AC55,AE55,AG55,AI55,AK55) -> 243355 | I55: 57970 | J55: =I55/$F55 -> 0.23821167 | K55: 61719 | L55: =K55/$F55 -> 0.25361714 | M55: =I55+K55 -> 119689 | N55: =M55/$F55 -> 0.49182881 | O55: 12535 | P55: =O55/$F55 -> 0.051509112 | Q55: 6858 | R55: =Q55/$F55 -> 0.028181052 | S55: =O55+Q55 -> 19393 | T55: =S55/$F55 -> 0.079690165 | U55: 22047 | V55: =U55/$F55 -> 0.090596043 | W55: 2342 | X55: =W55/$F55 -> 0.0096238006 | Y55: 12831 | Z55: =Y55/$F55 -> 0.052725442 | AA55: 8212 | AB55: =AA55/$F55 -> 0.033744941 | AC55: =Y55+AA55 -> 21043 | AD55: =AC55/$F55 -> 0.086470383 | AE55: 20968 | AF55: =AE55/$F55 -> 0.086162191 | AG55: 1733 | AH55: =AG55/$F55 -> 0.0071212837 | AI55: 27950 | AJ55: =AI55/$F55 -> 0.11485279 | AK55: 8190 | AL55: =AK55/$F55 -> 0.033654538
D56: 45919 | E56: 五 | F56: =SUM(M56,S56,U56,W56,AC56,AE56,AG56,AI56,AK56) -> 194339 | I56: 42159 | J56: =I56/$F56 -> 0.21693536 | K56: 54596 | L56: =K56/$F56 -> 0.28093177 | M56: =I56+K56 -> 96755 | N56: =M56/$F56 -> 0.49786713 | O56: 10665 | P56: =O56/$F56 -> 0.054878331 | Q56: 5689 | R56: =Q56/$F56 -> 0.029273589 | S56: =O56+Q56 -> 16354 | T56: =S56/$F56 -> 0.08415192 | U56: 16391 | V56: =U56/$F56 -> 0.084342309 | W56: 1987 | X56: =W56/$F56 -> 0.010224402 | Y56: 10009 | Z56: =Y56/$F56 -> 0.051502786 | AA56: 8157 | AB56: =AA56/$F56 -> 0.041973047 | AC56: =Y56+AA56 -> 18166 | AD56: =AC56/$F56 -> 0.093475833 | AE56: 14052 | AF56: =AE56/$F56 -> 0.072306639 | AG56: 1438 | AH56: =AG56/$F56 -> 0.0073994412 | AI56: 23099 | AJ56: =AI56/$F56 -> 0.11885931 | AK56: 6097 | AL56: =AK56/$F56 -> 0.031373013
D57: 45920 | E57: 六 | F57: =SUM(M57,S57,U57,W57,AC57,AE57,AG57,AI57,AK57) -> 199506 | I57: 39354 | J57: =I57/$F57 -> 0.19725723 | K57: 60277 | L57: =K57/$F57 -> 0.30213126 | M57: =I57+K57 -> 99631 | N57: =M57/$F57 -> 0.49938849 | O57: 10368 | P57: =O57/$F57 -> 0.051968362 | Q57: 5561 | R57: =Q57/$F57 -> 0.027873848 | S57: =O57+Q57 -> 15929 | T57: =S57/$F57 -> 0.07984221 | U57: 17286 | V57: =U57/$F57 -> 0.086644011 | W57: 2345 | X57: =W57/$F57 -> 0.011754032 | Y57: 10938 | Z57: =Y57/$F57 -> 0.054825419 | AA57: 9723 | AB57: =AA57/$F57 -> 0.048735376 | AC57: =Y57+AA57 -> 20661 | AD57: =AC57/$F57 -> 0.1035608 | AE57: 13933 | AF57: =AE57/$F57 -> 0.069837499 | AG57: 1528 | AH57: =AG57/$F57 -> 0.0076589175 | AI57: 21757 | AJ57: =AI57/$F57 -> 0.10905436 | AK57: 6436 | AL57: =AK57/$F57 -> 0.032259681
D58: 45921 | E58: 日 | F58: =SUM(M58,S58,U58,W58,AC58,AE58,AG58,AI58,AK58) -> 262326 | I58: 59551 | J58: =I58/$F58 -> 0.22701143 | K58: 68980 | L58: =K58/$F58 -> 0.26295525 | M58: =I58+K58 -> 128531 | N58: =M58/$F58 -> 0.48996668 | O58: 14435 | P58: =O58/$F58 -> 0.055026951 | Q58: 7073 | R58: =Q58/$F58 -> 0.026962634 | S58: =O58+Q58 -> 21508 | T58: =S58/$F58 -> 0.081989585 | U58: 24660 | V58: =U58/$F58 -> 0.094005169 | W58: 3200 | X58: =W58/$F58 -> 0.012198562 | Y58: 13389 | Z58: =Y58/$F58 -> 0.051039546 | AA58: 11069 | AB58: =AA58/$F58 -> 0.042195589 | AC58: =Y58+AA58 -> 24458 | AD58: =AC58/$F58 -> 0.093235135 | AE58: 22858 | AF58: =AE58/$F58 -> 0.087135854 | AG58: 2026 | AH58: =AG58/$F58 -> 0.0077232146 | AI58: 28207 | AJ58: =AI58/$F58 -> 0.10752651 | AK58: 6878 | AL58: =AK58/$F58 -> 0.026219284
D59: 45922 | E59: 一 | F59: =SUM(M59,S59,U59,W59,AC59,AE59,AG59,AI59,AK59) -> 252996 | I59: 57704 | J59: =I59/$F59 -> 0.22808266 | K59: 67668 | L59: =K59/$F59 -> 0.26746668 | M59: =I59+K59 -> 125372 | N59: =M59/$F59 -> 0.49554934 | O59: 14215 | P59: =O59/$F59 -> 0.056186659 | Q59: 7344 | R59: =Q59/$F59 -> 0.029028127 | S59: =O59+Q59 -> 21559 | T59: =S59/$F59 -> 0.085214786 | U59: 22588 | V59: =U59/$F59 -> 0.089282044 | W59: 1047 | X59: =W59/$F59 -> 0.0041384054 | Y59: 13174 | Z59: =Y59/$F59 -> 0.05207197 | AA59: 10994 | AB59: =AA59/$F59 -> 0.043455232 | AC59: =Y59+AA59 -> 24168 | AD59: =AC59/$F59 -> 0.095527202 | AE59: 22084 | AF59: =AE59/$F59 -> 0.087289918 | AG59: 1954 | AH59: =AG59/$F59 -> 0.0077234423 | AI59: 27252 | AJ59: =AI59/$F59 -> 0.10771712 | AK59: 6972 | AL59: =AK59/$F59 -> 0.027557748
B60: =D68 -> 45931 | D60: 45923 | E60: 二 | F60: =SUM(M60,S60,U60,W60,AC60,AE60,AG60,AI60,AK60) -> 244725 | G60: =SUM(F60:F66) -> 1470690 | I60: 55846 | J60: =I60/$F60 -> 0.228199 | K60: 65411 | L60: =K60/$F60 -> 0.26728369 | M60: =I60+K60 -> 121257 | N60: =M60/$F60 -> 0.49548268 | O60: 13182 | P60: =O60/$F60 -> 0.053864542 | Q60: 7200 | R60: =Q60/$F60 -> 0.029420778 | S60: =O60+Q60 -> 20382 | T60: =S60/$F60 -> 0.08328532 | U60: 21734 | V60: =U60/$F60 -> 0.088809889 | W60: 1038 | X60: =W60/$F60 -> 0.0042414956 | Y60: 12907 | Z60: =Y60/$F60 -> 0.052740832 | AA60: 10458 | AB60: =AA60/$F60 -> 0.042733681 | AC60: =Y60+AA60 -> 23365 | AD60: =AC60/$F60 -> 0.095474512 | AE60: 21845 | AF60: =AE60/$F60 -> 0.089263459 | AG60: 1745 | AH60: =AG60/$F60 -> 0.0071304525 | AI60: 26598 | AJ60: =AI60/$F60 -> 0.10868526 | AK60: 6761 | AL60: =AK60/$F60 -> 0.027626928
D61: 45924 | E61: 三 | F61: =SUM(M61,S61,U61,W61,AC61,AE61,AG61,AI61,AK61) -> 234032 | I61: 54981 | J61: =I61/$F61 -> 0.23492941 | K61: 63294 | L61: =K61/$F61 -> 0.27045019 | M61: =I61+K61 -> 118275 | N61: =M61/$F61 -> 0.50537961 | O61: 12931 | P61: =O61/$F61 -> 0.055253128 | Q61: 6593 | R61: =Q61/$F61 -> 0.028171361 | S61: =O61+Q61 -> 19524 | T61: =S61/$F61 -> 0.083424489 | U61: 21751 | V61: =U61/$F61 -> 0.092940282 | W61: 947 | X61: =W61/$F61 -> 0.0040464552 | Y61: 12828 | Z61: =Y61/$F61 -> 0.054813017 | AA61: 9894 | AB61: =AA61/$F61 -> 0.04227627 | AC61: =Y61+AA61 -> 22722 | AD61: =AC61/$F61 -> 0.097089287 | AE61: 21466 | AF61: =AE61/$F61 -> 0.091722499 | AG61: 1795 | AH61: =AG61/$F61 -> 0.0076698913 | AI61: 20510 | AJ61: =AI61/$F61 -> 0.087637588 | AK61: 7042 | AL61: =AK61/$F61 -> 0.030089902
D62: 45925 | E62: 四 | F62: =SUM(M62,S62,U62,W62,AC62,AE62,AG62,AI62,AK62) -> 214931 | I62: 51553 | J62: =I62/$F62 -> 0.23985837 | K62: 53884 | L62: =K62/$F62 -> 0.25070371 | M62: =I62+K62 -> 105437 | N62: =M62/$F62 -> 0.49056209 | O62: 12158 | P62: =O62/$F62 -> 0.056566991 | Q62: 6168 | R62: =Q62/$F62 -> 0.028697582 | S62: =O62+Q62 -> 18326 | T62: =S62/$F62 -> 0.085264573 | U62: 21342 | V62: =U62/$F62 -> 0.099296984 | W62: 923 | X62: =W62/$F62 -> 0.0042944015 | Y62: 12183 | Z62: =Y62/$F62 -> 0.056683308 | AA62: 9011 | AB62: =AA62/$F62 -> 0.041925083 | AC62: =Y62+AA62 -> 21194 | AD62: =AC62/$F62 -> 0.098608391 | AE62: 19170 | AF62: =AE62/$F62 -> 0.089191415 | AG62: 1603 | AH62: =AG62/$F62 -> 0.0074582075 | AI62: 20246 | AJ62: =AI62/$F62 -> 0.094197673 | AK62: 6690 | AL62: =AK62/$F62 -> 0.031126268
D63: 45926 | E63: 五 | F63: =SUM(M63,S63,U63,W63,AC63,AE63,AG63,AI63,AK63) -> 169827 | I63: 32640 | J63: =I63/$F63 -> 0.19219559 | K63: 45910 | L63: =K63/$F63 -> 0.27033393 | M63: =I63+K63 -> 78550 | N63: =M63/$F63 -> 0.46252952 | O63: 8953 | P63: =O63/$F63 -> 0.052718355 | Q63: 5230 | R63: =Q63/$F63 -> 0.030796045 | S63: =O63+Q63 -> 14183 | T63: =S63/$F63 -> 0.0835144 | U63: 16620 | V63: =U63/$F63 -> 0.097864297 | W63: 811 | X63: =W63/$F63 -> 0.004775448 | Y63: 10192 | Z63: =Y63/$F63 -> 0.060014014 | AA63: 8571 | AB63: =AA63/$F63 -> 0.050469007 | AC63: =Y63+AA63 -> 18763 | AD63: =AC63/$F63 -> 0.11048302 | AE63: 13258 | AF63: =AE63/$F63 -> 0.078067681 | AG63: 1414 | AH63: =AG63/$F63 -> 0.0083261201 | AI63: 20395 | AJ63: =AI63/$F63 -> 0.1200928 | AK63: 5833 | AL63: =AK63/$F63 -> 0.034346718
D64: 45927 | E64: 六 | F64: =SUM(M64,S64,U64,W64,AC64,AE64,AG64,AI64,AK64) -> 167413 | I64: 30560 | J64: =I64/$F64 -> 0.18254257 | K64: 44789 | L64: =K64/$F64 -> 0.26753597 | M64: =I64+K64 -> 75349 | N64: =M64/$F64 -> 0.45007855 | O64: 8935 | P64: =O64/$F64 -> 0.053371005 | Q64: 5208 | R64: =Q64/$F64 -> 0.031108695 | S64: =O64+Q64 -> 14143 | T64: =S64/$F64 -> 0.0844797 | U64: 16809 | V64: =U64/$F64 -> 0.10040439 | W64: 852 | X64: =W64/$F64 -> 0.0050892105 | Y64: 10301 | Z64: =Y64/$F64 -> 0.061530467 | AA64: 8760 | AB64: =AA64/$F64 -> 0.052325686 | AC64: =Y64+AA64 -> 19061 | AD64: =AC64/$F64 -> 0.11385615 | AE64: 12338 | AF64: =AE64/$F64 -> 0.07369798 | AG64: 1520 | AH64: =AG64/$F64 -> 0.0090793427 | AI64: 21253 | AJ64: =AI64/$F64 -> 0.12694952 | AK64: 6088 | AL64: =AK64/$F64 -> 0.036365157
D65: 45928 | E65: 日 | F65: =SUM(M65,S65,U65,W65,AC65,AE65,AG65,AI65,AK65) -> 187314 | I65: 32362 | J65: =I65/$F65 -> 0.17276872 | K65: 53432 | L65: =K65/$F65 -> 0.28525364 | M65: =I65+K65 -> 85794 | N65: =M65/$F65 -> 0.45802236 | O65: 9053 | P65: =O65/$F65 -> 0.048330611 | Q65: 5402 | R65: =Q65/$F65 -> 0.028839275 | S65: =O65+Q65 -> 14455 | T65: =S65/$F65 -> 0.077169886 | U65: 18867 | V65: =U65/$F65 -> 0.10072392 | W65: 933 | X65: =W65/$F65 -> 0.0049809411 | Y65: 10955 | Z65: =Y65/$F65 -> 0.058484683 | AA65: 10054 | AB65: =AA65/$F65 -> 0.053674579 | AC65: =Y65+AA65 -> 21009 | AD65: =AC65/$F65 -> 0.11215926 | AE65: 14278 | AF65: =AE65/$F65 -> 0.076224948 | AG65: 1481 | AH65: =AG65/$F65 -> 0.0079065099 | AI65: 24836 | AJ65: =AI65/$F65 -> 0.1325902 | AK65: 5661 | AL65: =AK65/$F65 -> 0.03022198
D66: 45929 | E66: 一 | F66: =SUM(M66,S66,U66,W66,AC66,AE66,AG66,AI66,AK66) -> 252448 | I66: 54409 | J66: =I66/$F66 -> 0.21552557 | K66: 67817 | L66: =K66/$F66 -> 0.2686375 | M66: =I66+K66 -> 122226 | N66: =M66/$F66 -> 0.48416308 | O66: 13803 | P66: =O66/$F66 -> 0.054676607 | Q66: 7282 | R66: =Q66/$F66 -> 0.028845544 | S66: =O66+Q66 -> 21085 | T66: =S66/$F66 -> 0.083522151 | U66: 24390 | V66: =U66/$F66 -> 0.096613956 | W66: 1216 | X66: =W66/$F66 -> 0.0048168336 | Y66: 13559 | Z66: =Y66/$F66 -> 0.053710071 | AA66: 11235 | AB66: =AA66/$F66 -> 0.044504215 | AC66: =Y66+AA66 -> 24794 | AD66: =AC66/$F66 -> 0.098214286 | AE66: 21491 | AF66: =AE66/$F66 -> 0.085130403 | AG66: 2019 | AH66: =AG66/$F66 -> 0.0079976867 | AI66: 28070 | AJ66: =AI66/$F66 -> 0.11119122 | AK66: 7157 | AL66: =AK66/$F66 -> 0.028350393
B67: =B60+7 -> 45938 | D67: 45930 | E67: 二 | F67: =SUM(M67,S67,U67,W67,AC67,AE67,AG67,AI67,AK67) -> 268017 | G67: =SUM(F67:F73) -> 1525437 | I67: 54840 | J67: =I67/$F67 -> 0.20461389 | K67: 66308 | L67: =K67/$F67 -> 0.24740222 | M67: =I67+K67 -> 121148 | N67: =M67/$F67 -> 0.4520161 | O67: 16677 | P67: =O67/$F67 -> 0.062223665 | Q67: 7384 | R67: =Q67/$F67 -> 0.027550491 | S67: =O67+Q67 -> 24061 | T67: =S67/$F67 -> 0.089774156 | U67: 28016 | V67: =U67/$F67 -> 0.10453068 | W67: 1013 | X67: =W67/$F67 -> 0.003779611 | Y67: 12780 | Z67: =Y67/$F67 -> 0.047683542 | AA67: 10875 | AB67: =AA67/$F67 -> 0.040575784 | AC67: =Y67+AA67 -> 23655 | AD67: =AC67/$F67 -> 0.088259327 | AE67: 30788 | AF67: =AE67/$F67 -> 0.11487331 | AG67: 1671 | AH67: =AG67/$F67 -> 0.0062346791 | AI67: 25712 | AJ67: =AI67/$F67 -> 0.095934213 | AK67: 11953 | AL67: =AK67/$F67 -> 0.044597917
C68: 十 | D68: 45931 | E68: 三 | F68: =SUM(M68,S68,U68,W68,AC68,AE68,AG68,AI68,AK68) -> 249452 | I68: 53949 | J68: =I68/$F68 -> 0.21627006 | K68: 63637 | L68: =K68/$F68 -> 0.25510719 | M68: =I68+K68 -> 117586 | N68: =M68/$F68 -> 0.47137726 | O68: 14451 | P68: =O68/$F68 -> 0.057930985 | Q68: 7007 | R68: =Q68/$F68 -> 0.028089572 | S68: =O68+Q68 -> 21458 | T68: =S68/$F68 -> 0.086020557 | U68: 24931 | V68: =U68/$F68 -> 0.099943075 | W68: 901 | X68: =W68/$F68 -> 0.0036119173 | Y68: 12115 | Z68: =Y68/$F68 -> 0.048566458 | AA68: 9884 | AB68: =AA68/$F68 -> 0.039622853 | AC68: =Y68+AA68 -> 21999 | AD68: =AC68/$F68 -> 0.088189311 | AE68: 26537 | AF68: =AE68/$F68 -> 0.10638119 | AG68: 1634 | AH68: =AG68/$F68 -> 0.0065503584 | AI68: 24640 | AJ68: =AI68/$F68 -> 0.098776518 | AK68: 9766 | AL68: =AK68/$F68 -> 0.039149816
D69: 45932 | E69: 四 | F69: =SUM(M69,S69,U69,W69,AC69,AE69,AG69,AI69,AK69) -> 223624 | H69: =SUM(F68:F98) -> 6846388 | I69: 48643 | J69: =I69/$F69 -> 0.21752138 | K69: 53386 | L69: =K69/$F69 -> 0.23873108 | M69: =I69+K69 -> 102029 | N69: =M69/$F69 -> 0.45625246 | O69: 13157 | P69: =O69/$F69 -> 0.058835367 | Q69: 6405 | R69: =Q69/$F69 -> 0.028641827 | S69: =O69+Q69 -> 19562 | T69: =S69/$F69 -> 0.087477194 | U69: 23782 | V69: =U69/$F69 -> 0.10634816 | W69: 879 | X69: =W69/$F69 -> 0.0039307051 | Y69: 11085 | Z69: =Y69/$F69 -> 0.049569814 | AA69: 8467 | AB69: =AA69/$F69 -> 0.037862662 | AC69: =Y69+AA69 -> 19552 | AD69: =AC69/$F69 -> 0.087432476 | AE69: 24268 | AF69: =AE69/$F69 -> 0.10852145 | AG69: 1608 | AH69: =AG69/$F69 -> 0.0071906414 | AI69: 22711 | AJ69: =AI69/$F69 -> 0.10155887 | AK69: 9233 | AL69: =AK69/$F69 -> 0.041288055
D70: 45933 | E70: 五 | F70: =SUM(M70,S70,U70,W70,AC70,AE70,AG70,AI70,AK70) -> 173626 | I70: 31605 | J70: =I70/$F70 -> 0.18202919 | K70: 46034 | L70: =K70/$F70 -> 0.2651331 | M70: =I70+K70 -> 77639 | N70: =M70/$F70 -> 0.44716229 | O70: 10902 | P70: =O70/$F70 -> 0.062790135 | Q70: 5104 | R70: =Q70/$F70 -> 0.029396519 | S70: =O70+Q70 -> 16006 | T70: =S70/$F70 -> 0.092186654 | U70: 16852 | V70: =U70/$F70 -> 0.097059196 | W70: 677 | X70: =W70/$F70 -> 0.0038991856 | Y70: 8857 | Z70: =Y70/$F70 -> 0.051011945 | AA70: 7634 | AB70: =AA70/$F70 -> 0.043968069 | AC70: =Y70+AA70 -> 16491 | AD70: =AC70/$F70 -> 0.094980015 | AE70: 17571 | AF70: =AE70/$F70 -> 0.10120028 | AG70: 1209 | AH70: =AG70/$F70 -> 0.0069632428 | AI70: 19746 | AJ70: =AI70/$F70 -> 0.11372721 | AK70: 7435 | AL70: =AK70/$F70 -> 0.042821928
D71: 45934 | E71: 六 | F71: =SUM(M71,S71,U71,W71,AC71,AE71,AG71,AI71,AK71) -> 169667 | I71: 30056 | J71: =I71/$F71 -> 0.177147 | K71: 44540 | L71: =K71/$F71 -> 0.26251422 | M71: =I71+K71 -> 74596 | N71: =M71/$F71 -> 0.43966122 | O71: 10831 | P71: =O71/$F71 -> 0.06383681 | Q71: 5171 | R71: =Q71/$F71 -> 0.030477347 | S71: =O71+Q71 -> 16002 | T71: =S71/$F71 -> 0.094314157 | U71: 16591 | V71: =U71/$F71 -> 0.097785663 | W71: 640 | X71: =W71/$F71 -> 0.0037720948 | Y71: 8776 | Z71: =Y71/$F71 -> 0.051724849 | AA71: 8178 | AB71: =AA71/$F71 -> 0.048200298 | AC71: =Y71+AA71 -> 16954 | AD71: =AC71/$F71 -> 0.099925147 | AE71: 17877 | AF71: =AE71/$F71 -> 0.10536522 | AG71: 1331 | AH71: =AG71/$F71 -> 0.0078447783 | AI71: 19448 | AJ71: =AI71/$F71 -> 0.11462453 | AK71: 6228 | AL71: =AK71/$F71 -> 0.036707197
D72: 45935 | E72: 日 | F72: =SUM(M72,S72,U72,W72,AC72,AE72,AG72,AI72,AK72) -> 187872 | I72: 33191 | J72: =I72/$F72 -> 0.17666816 | K72: 53285 | L72: =K72/$F72 -> 0.28362396 | M72: =I72+K72 -> 86476 | N72: =M72/$F72 -> 0.46029211 | O72: 10841 | P72: =O72/$F72 -> 0.057704182 | Q72: 5162 | R72: =Q72/$F72 -> 0.027476154 | S72: =O72+Q72 -> 16003 | T72: =S72/$F72 -> 0.085180336 | U72: 19786 | V72: =U72/$F72 -> 0.10531639 | W72: 638 | X72: =W72/$F72 -> 0.0033959291 | Y72: 9902 | Z72: =Y72/$F72 -> 0.052706098 | AA72: 9113 | AB72: =AA72/$F72 -> 0.04850643 | AC72: =Y72+AA72 -> 19015 | AD72: =AC72/$F72 -> 0.10121253 | AE72: 20054 | AF72: =AE72/$F72 -> 0.10674289 | AG72: 1272 | AH72: =AG72/$F72 -> 0.0067705672 | AI72: 17741 | AJ72: =AI72/$F72 -> 0.094431315 | AK72: 6887 | AL72: =AK72/$F72 -> 0.036657937
D73: 45936 | E73: 一 | F73: =SUM(M73,S73,U73,W73,AC73,AE73,AG73,AI73,AK73) -> 253179 | I73: 51374 | J73: =I73/$F73 -> 0.20291572 | K73: 67984 | L73: =K73/$F73 -> 0.26852148 | M73: =I73+K73 -> 119358 | N73: =M73/$F73 -> 0.4714372 | O73: 14643 | P73: =O73/$F73 -> 0.05783655 | Q73: 7163 | R73: =Q73/$F73 -> 0.028292236 | S73: =O73+Q73 -> 21806 | T73: =S73/$F73 -> 0.086128786 | U73: 25097 | V73: =U73/$F73 -> 0.099127495 | W73: 1142 | X73: =W73/$F73 -> 0.0045106427 | Y73: 12858 | Z73: =Y73/$F73 -> 0.050786203 | AA73: 15352 | AB73: =AA73/$F73 -> 0.060636941 | AC73: =Y73+AA73 -> 28210 | AD73: =AC73/$F73 -> 0.11142314 | AE73: 26592 | AF73: =AE73/$F73 -> 0.10503241 | AG73: 1837 | AH73: =AG73/$F73 -> 0.0072557361 | AI73: 21258 | AJ73: =AI73/$F73 -> 0.08396431 | AK73: 7879 | AL73: =AK73/$F73 -> 0.031120275
B74: =D82 -> 45945 | D74: 45937 | E74: 二 | F74: =SUM(M74,S74,U74,W74,AC74,AE74,AG74,AI74,AK74) -> 244889 | G74: =SUM(F74:F80) -> 1478940 | I74: 49958 | J74: =I74/$F74 -> 0.20400263 | K74: 64833 | L74: =K74/$F74 -> 0.26474444 | M74: =I74+K74 -> 114791 | N74: =M74/$F74 -> 0.46874706 | O74: 14563 | P74: =O74/$F74 -> 0.059467759 | Q74: 6988 | R74: =Q74/$F74 -> 0.028535377 | S74: =O74+Q74 -> 21551 | T74: =S74/$F74 -> 0.088003136 | U74: 23291 | V74: =U74/$F74 -> 0.095108396 | W74: 1058 | X74: =W74/$F74 -> 0.0043203247 | Y74: 11989 | Z74: =Y74/$F74 -> 0.048956874 | AA74: 15078 | AB74: =AA74/$F74 -> 0.061570752 | AC74: =Y74+AA74 -> 27067 | AD74: =AC74/$F74 -> 0.11052763 | AE74: 28864 | AF74: =AE74/$F74 -> 0.11786565 | AG74: 1657 | AH74: =AG74/$F74 -> 0.0067663309 | AI74: 19921 | AJ74: =AI74/$F74 -> 0.081347059 | AK74: 6689 | AL74: =AK74/$F74 -> 0.027314416
D75: 45938 | E75: 三 | F75: =SUM(M75,S75,U75,W75,AC75,AE75,AG75,AI75,AK75) -> 220946 | I75: 48524 | J75: =I75/$F75 -> 0.21961927 | K75: 54787 | L75: =K75/$F75 -> 0.24796557 | M75: =I75+K75 -> 103311 | N75: =M75/$F75 -> 0.46758484 | O75: 12974 | P75: =O75/$F75 -> 0.05872023 | Q75: 6342 | R75: =Q75/$F75 -> 0.028703846 | S75: =O75+Q75 -> 19316 | T75: =S75/$F75 -> 0.087424076 | U75: 20928 | V75: =U75/$F75 -> 0.094719977 | W75: 868 | X75: =W75/$F75 -> 0.0039285617 | Y75: 11003 | Z75: =Y75/$F75 -> 0.049799499 | AA75: 12954 | AB75: =AA75/$F75 -> 0.05862971 | AC75: =Y75+AA75 -> 23957 | AD75: =AC75/$F75 -> 0.10842921 | AE75: 25511 | AF75: =AE75/$F75 -> 0.1154626 | AG75: 1595 | AH75: =AG75/$F75 -> 0.0072189585 | AI75: 18936 | AJ75: =AI75/$F75 -> 0.085704199 | AK75: 6524 | AL75: =AK75/$F75 -> 0.029527577
D76: 45939 | E76: 四 | F76: =SUM(M76,S76,U76,W76,AC76,AE76,AG76,AI76,AK76) -> 175392 | I76: 31725 | J76: =I76/$F76 -> 0.18088054 | K76: 47118 | L76: =K76/$F76 -> 0.26864395 | M76: =I76+K76 -> 78843 | N76: =M76/$F76 -> 0.44952449 | O76: 9893 | P76: =O76/$F76 -> 0.056405081 | Q76: 5004 | R76: =Q76/$F76 -> 0.028530378 | S76: =O76+Q76 -> 14897 | T76: =S76/$F76 -> 0.084935459 | U76: 17955 | V76: =U76/$F76 -> 0.10237069 | W76: 612 | X76: =W76/$F76 -> 0.0034893268 | Y76: 9149 | Z76: =Y76/$F76 -> 0.052163155 | AA76: 10400 | AB76: =AA76/$F76 -> 0.059295749 | AC76: =Y76+AA76 -> 19549 | AD76: =AC76/$F76 -> 0.1114589 | AE76: 20621 | AF76: =AE76/$F76 -> 0.11757093 | AG76: 1199 | AH76: =AG76/$F76 -> 0.0068361157 | AI76: 15488 | AJ76: =AI76/$F76 -> 0.088305054 | AK76: 6228 | AL76: =AK76/$F76 -> 0.035509031
D77: 45940 | E77: 五 | F77: =SUM(M77,S77,U77,W77,AC77,AE77,AG77,AI77,AK77) -> 168610 | I77: 29727 | J77: =I77/$F77 -> 0.17630627 | K77: 45862 | L77: =K77/$F77 -> 0.27200047 | M77: =I77+K77 -> 75589 | N77: =M77/$F77 -> 0.44830674 | O77: 9835 | P77: =O77/$F77 -> 0.058329874 | Q77: 5014 | R77: =Q77/$F77 -> 0.029737264 | S77: =O77+Q77 -> 14849 | T77: =S77/$F77 -> 0.088067137 | U77: 16379 | V77: =U77/$F77 -> 0.097141332 | W77: 617 | X77: =W77/$F77 -> 0.0036593322 | Y77: 8240 | Z77: =Y77/$F77 -> 0.048870174 | AA77: 10952 | AB77: =AA77/$F77 -> 0.064954629 | AC77: =Y77+AA77 -> 19192 | AD77: =AC77/$F77 -> 0.1138248 | AE77: 17849 | AF77: =AE77/$F77 -> 0.10585968 | AG77: 1155 | AH77: =AG77/$F77 -> 0.0068501275 | AI77: 16463 | AJ77: =AI77/$F77 -> 0.097639523 | AK77: 6517 | AL77: =AK77/$F77 -> 0.038651326
D78: 45941 | E78: 六 | F78: =SUM(M78,S78,U78,W78,AC78,AE78,AG78,AI78,AK78) -> 183752 | I78: 29744 | J78: =I78/$F78 -> 0.16187035 | K78: 55132 | L78: =K78/$F78 -> 0.30003483 | M78: =I78+K78 -> 84876 | N78: =M78/$F78 -> 0.46190518 | O78: 9683 | P78: =O78/$F78 -> 0.052696025 | Q78: 5177 | R78: =Q78/$F78 -> 0.028173843 | S78: =O78+Q78 -> 14860 | T78: =S78/$F78 -> 0.080869868 | U78: 18171 | V78: =U78/$F78 -> 0.09888872 | W78: 740 | X78: =W78/$F78 -> 0.0040271671 | Y78: 9189 | Z78: =Y78/$F78 -> 0.050007619 | AA78: 12721 | AB78: =AA78/$F78 -> 0.069229178 | AC78: =Y78+AA78 -> 21910 | AD78: =AC78/$F78 -> 0.1192368 | AE78: 18473 | AF78: =AE78/$F78 -> 0.10053224 | AG78: 1449 | AH78: =AG78/$F78 -> 0.0078856285 | AI78: 16982 | AJ78: =AI78/$F78 -> 0.092418042 | AK78: 6291 | AL78: =AK78/$F78 -> 0.034236362
D79: 45942 | E79: 日 | F79: =SUM(M79,S79,U79,W79,AC79,AE79,AG79,AI79,AK79) -> 243434 | I79: 49650 | J79: =I79/$F79 -> 0.20395672 | K79: 65172 | L79: =K79/$F79 -> 0.26771938 | M79: =I79+K79 -> 114822 | N79: =M79/$F79 -> 0.4716761 | O79: 13639 | P79: =O79/$F79 -> 0.056027506 | Q79: 6937 | R79: =Q79/$F79 -> 0.02849643 | S79: =O79+Q79 -> 20576 | T79: =S79/$F79 -> 0.084523937 | U79: 23476 | V79: =U79/$F79 -> 0.096436817 | W79: 968 | X79: =W79/$F79 -> 0.0039764371 | Y79: 11751 | Z79: =Y79/$F79 -> 0.048271811 | AA79: 15023 | AB79: =AA79/$F79 -> 0.061712826 | AC79: =Y79+AA79 -> 26774 | AD79: =AC79/$F79 -> 0.10998464 | AE79: 28223 | AF79: =AE79/$F79 -> 0.11593697 | AG79: 0 | AH79: =AG79/$F79 -> 0 | AI79: 21886 | AJ79: =AI79/$F79 -> 0.089905272 | AK79: 6709 | AL79: =AK79/$F79 -> 0.027559831
D80: 45943 | E80: 一 | F80: =SUM(M80,S80,U80,W80,AC80,AE80,AG80,AI80,AK80) -> 241917 | I80: 49106 | J80: =I80/$F80 -> 0.20298697 | K80: 64691 | L80: =K80/$F80 -> 0.2674099 | M80: =I80+K80 -> 113797 | N80: =M80/$F80 -> 0.47039687 | O80: 13879 | P80: =O80/$F80 -> 0.057370916 | Q80: 7055 | R80: =Q80/$F80 -> 0.029162895 | S80: =O80+Q80 -> 20934 | T80: =S80/$F80 -> 0.086533811 | U80: 23635 | V80: =U80/$F80 -> 0.097698798 | W80: 1061 | X80: =W80/$F80 -> 0.0043858017 | Y80: 11318 | Z80: =Y80/$F80 -> 0.046784641 | AA80: 15265 | AB80: =AA80/$F80 -> 0.063100154 | AC80: =Y80+AA80 -> 26583 | AD80: =AC80/$F80 -> 0.1098848 | AE80: 27775 | AF80: =AE80/$F80 -> 0.1148121 | AG80: 0 | AH80: =AG80/$F80 -> 0 | AI80: 20865 | AJ80: =AI80/$F80 -> 0.086248589 | AK80: 7267 | AL80: =AK80/$F80 -> 0.030039228
B81: =D89 -> 45952 | D81: 45944 | E81: 二 | F81: =SUM(M81,S81,U81,W81,AC81,AE81,AG81,AI81,AK81) -> 261956 | G81: =SUM(F81:F87) -> 1663833 | I81: 53268 | J81: =I81/$F81 -> 0.20334713 | K81: 64623 | L81: =K81/$F81 -> 0.2466941 | M81: =I81+K81 -> 117891 | N81: =M81/$F81 -> 0.45004123 | O81: 22444 | P81: =O81/$F81 -> 0.085678511 | Q81: 7379 | R81: =Q81/$F81 -> 0.028168853 | S81: =O81+Q81 -> 29823 | T81: =S81/$F81 -> 0.11384736 | U81: 23648 | V81: =U81/$F81 -> 0.090274703 | W81: 1027 | X81: =W81/$F81 -> 0.0039205057 | Y81: 10957 | Z81: =Y81/$F81 -> 0.041827635 | AA81: 14473 | AB81: =AA81/$F81 -> 0.055249737 | AC81: =Y81+AA81 -> 25430 | AD81: =AC81/$F81 -> 0.097077372 | AE81: 26392 | AF81: =AE81/$F81 -> 0.10074974 | AG81: 10385 | AH81: =AG81/$F81 -> 0.039644062 | AI81: 20004 | AJ81: =AI81/$F81 -> 0.07636397 | AK81: 7356 | AL81: =AK81/$F81 -> 0.028081052
D82: 45945 | E82: 三 | F82: =SUM(M82,S82,U82,W82,AC82,AE82,AG82,AI82,AK82) -> 255292 | I82: 52024 | J82: =I82/$F82 -> 0.20378234 | K82: 63628 | L82: =K82/$F82 -> 0.24923617 | M82: =I82+K82 -> 115652 | N82: =M82/$F82 -> 0.4530185 | O82: 18846 | P82: =O82/$F82 -> 0.07382135 | Q82: 7079 | R82: =Q82/$F82 -> 0.027729032 | S82: =O82+Q82 -> 25925 | T82: =S82/$F82 -> 0.10155038 | U82: 23455 | V82: =U82/$F82 -> 0.091875186 | W82: 998 | X82: =W82/$F82 -> 0.003909249 | Y82: 10784 | Z82: =Y82/$F82 -> 0.042241825 | AA82: 13454 | AB82: =AA82/$F82 -> 0.052700437 | AC82: =Y82+AA82 -> 24238 | AD82: =AC82/$F82 -> 0.094942262 | AE82: 27537 | AF82: =AE82/$F82 -> 0.10786472 | AG82: 9398 | AH82: =AG82/$F82 -> 0.036812748 | AI82: 20436 | AJ82: =AI82/$F82 -> 0.080049512 | AK82: 7653 | AL82: =AK82/$F82 -> 0.029977438
D83: 45946 | E83: 四 | F83: =SUM(M83,S83,U83,W83,AC83,AE83,AG83,AI83,AK83) -> 234908 | I83: 50007 | J83: =I83/$F83 -> 0.21287908 | K83: 56988 | L83: =K83/$F83 -> 0.2425971 | M83: =I83+K83 -> 106995 | N83: =M83/$F83 -> 0.45547619 | O83: 17734 | P83: =O83/$F83 -> 0.075493385 | Q83: 7001 | R83: =Q83/$F83 -> 0.029803157 | S83: =O83+Q83 -> 24735 | T83: =S83/$F83 -> 0.10529654 | U83: 22067 | V83: =U83/$F83 -> 0.093938904 | W83: 855 | X83: =W83/$F83 -> 0.0036397228 | Y83: 10006 | Z83: =Y83/$F83 -> 0.042595399 | AA83: 10671 | AB83: =AA83/$F83 -> 0.045426295 | AC83: =Y83+AA83 -> 20677 | AD83: =AC83/$F83 -> 0.088021694 | AE83: 24116 | AF83: =AE83/$F83 -> 0.10266147 | AG83: 9021 | AH83: =AG83/$F83 -> 0.038402268 | AI83: 19520 | AJ83: =AI83/$F83 -> 0.083096361 | AK83: 6922 | AL83: =AK83/$F83 -> 0.029466855
D84: 45947 | E84: 五 | F84: =SUM(M84,S84,U84,W84,AC84,AE84,AG84,AI84,AK84) -> 193551 | I84: 38238 | J84: =I84/$F84 -> 0.19756033 | K84: 50511 | L84: =K84/$F84 -> 0.26096998 | M84: =I84+K84 -> 88749 | N84: =M84/$F84 -> 0.45853031 | O84: 16516 | P84: =O84/$F84 -> 0.085331515 | Q84: 5853 | R84: =Q84/$F84 -> 0.030240092 | S84: =O84+Q84 -> 22369 | T84: =S84/$F84 -> 0.11557161 | U84: 15640 | V84: =U84/$F84 -> 0.080805576 | W84: 635 | X84: =W84/$F84 -> 0.003280789 | Y84: 8665 | Z84: =Y84/$F84 -> 0.044768562 | AA84: 10314 | AB84: =AA84/$F84 -> 0.053288281 | AC84: =Y84+AA84 -> 18979 | AD84: =AC84/$F84 -> 0.098056843 | AE84: 17999 | AF84: =AE84/$F84 -> 0.092993578 | AG84: 5690 | AH84: =AG84/$F84 -> 0.029397936 | AI84: 17798 | AJ84: =AI84/$F84 -> 0.091955092 | AK84: 5692 | AL84: =AK84/$F84 -> 0.02940827
D85: 45948 | E85: 六 | F85: =SUM(M85,S85,U85,W85,AC85,AE85,AG85,AI85,AK85) -> 201109 | I85: 37011 | J85: =I85/$F85 -> 0.18403453 | K85: 58747 | L85: =K85/$F85 -> 0.29211522 | M85: =I85+K85 -> 95758 | N85: =M85/$F85 -> 0.47614975 | O85: 15570 | P85: =O85/$F85 -> 0.077420702 | Q85: 5564 | R85: =Q85/$F85 -> 0.027666589 | S85: =O85+Q85 -> 21134 | T85: =S85/$F85 -> 0.10508729 | U85: 16770 | V85: =U85/$F85 -> 0.083387616 | W85: 747 | X85: =W85/$F85 -> 0.0037144036 | Y85: 8575 | Z85: =Y85/$F85 -> 0.042638569 | AA85: 11909 | AB85: =AA85/$F85 -> 0.059216644 | AC85: =Y85+AA85 -> 20484 | AD85: =AC85/$F85 -> 0.10185521 | AE85: 17471 | AF85: =AE85/$F85 -> 0.086873288 | AG85: 5762 | AH85: =AG85/$F85 -> 0.028651129 | AI85: 17439 | AJ85: =AI85/$F85 -> 0.08671417 | AK85: 5544 | AL85: =AK85/$F85 -> 0.02756714
