Workbook

Sheet 日別報廢率總表 
A1: 大溪廠半成品管理日別總表 | V1: 半成品品項數
A2: 日期 | B2: 營業額 | C2: 報廢額 | D2: 報廢率 KPI 0.25% | E2: 超用額 | F2: 超用率 | G2: 廢棄前10名 | I2: 超用前10名 | K2: 共用類廢棄
G3: 金額總計 | H3: 構成比 | I3: 金額總計 | J3: 構成比 | K3: 金額總計 | L3: 構成比 KPI 15%
A4: 45901 | B4: ='0901分析標準表'!$C$3 -> 7806641.3 | C4: ='0901分析標準表'!$D$5 -> 18890.799 | D4: =C4/B4 -> 0.0024198369 | E4: ='0901分析標準表'!$F$5 -> 57786.602 | F4: =E4/B4 -> 0.0074022361 | G4: ='0901分析標準表'!$H$5 -> 4046.0189 | H4: =G4/C4 -> 0.21417934 | I4: ='0901分析標準表'!$J$5 -> 13156.282 | J4: =I4/E4 -> 0.22767011 | K4: ='0901分析標準表'!$L$5 -> 2627.0037 | L4: =K4/C4 -> 0.1390626 | M4: 1.5i為取樣不穩 2.2i展開量105% 3.1i研發設定，小片的規格不符合指示書設定重量 4.2i製程不穩 | V4: 165
A5: =A4+1 -> 45902 | B5: ='0902分析標準表'!$C$3 -> 8169292.4 | C5: ='0902分析標準表'!$D$5 -> 19804.524 | D5: =C5/B5 -> 0.0024242643 | E5: ='0902分析標準表'!$F$5 -> 60496.908 | F5: =E5/B5 -> 0.0074054037 | G5: ='0902分析標準表'!$H$5 -> 4567.9905 | H5: =G5/C5 -> 0.23065389 | I5: ='0902分析標準表'!$J$5 -> 16402.993 | J5: =I5/E5 -> 0.2711377 | K5: ='0902分析標準表'!$L$5 -> 2613.1789 | L5: =K5/C5 -> 0.13194859 | M5: 1.3i為取樣不穩 2.4i展開量105% 3.1i研發設定，小片的規格不符合指示書設定重量 4.2i製程不穩 | V5: 168
A6: =A5+1 -> 45903 | B6: ='0903分析標準表'!$C$3 -> 7774607.2 | C6: ='0903分析標準表'!$D$5 -> 18796.061 | D6: =C6/B6 -> 0.0024176219 | E6: ='0903分析標準表'!$F$5 -> 57180.863 | F6: =E6/B6 -> 0.0073548234 | G6: ='0903分析標準表'!$H$5 -> 4000.8863 | H6: =G6/C6 -> 0.2128577 | I6: ='0903分析標準表'!$J$5 -> 14191.893 | J6: =I6/E6 -> 0.24819306 | K6: ='0903分析標準表'!$L$5 -> 2163.5179 | L6: =K6/C6 -> 0.11510486 | M6: 1.3i為取樣不穩 2.3i展開量105% 3.1i研發設定，小片的規格不符合指示書設定重量 4.2i製程不穩 5.1i原物料規格 | V6: 168
A7: =A6+1 -> 45904 | B7: ='0904分析標準表'!$C$3 -> 6925705.3 | C7: ='0904分析標準表'!$D$5 -> 16721.351 | D7: =C7/B7 -> 0.0024143896 | E7: ='0904分析標準表'!$F$5 -> 50847.621 | F7: =E7/B7 -> 0.007341869 | G7: ='0904分析標準表'!$H$5 -> 4283.4053 | H7: =G7/C7 -> 0.25616383 | I7: ='0904分析標準表'!$J$5 -> 19270.511 | J7: =I7/E7 -> 0.37898549 | K7: ='0904分析標準表'!$L$5 -> 2640.4546 | L7: =K7/C7 -> 0.15790917 | M7: 1.2i為取樣不穩 2.4i展開量105% 3.1i研發設定，小片的規格不符合指示書設定重量 4.2i製程不穩 5.1i原物料規格 | V7: 168
A8: =A7+1 -> 45905 | B8: ='0905分析標準表'!$C$3 -> 5813361.8 | C8: ='0905分析標準表'!$D$5 -> 14011.298 | D8: =C8/B8 -> 0.0024101885 | E8: ='0905分析標準表'!$F$5 -> 41910.745 | F8: =E8/B8 -> 0.0072093819 | G8: ='0905分析標準表'!$H$5 -> 3162.0398 | H8: =G8/C8 -> 0.22567787 | I8: ='0905分析標準表'!$J$5 -> 16692.996 | J8: =I8/E8 -> 0.3982987 | K8: ='0905分析標準表'!$L$5 -> 2269.5211 | L8: =K8/C8 -> 0.16197794 | M8: 1.2i為取樣不穩 2.2i展開量105% 3.1i研發設定，小片的規格不符合指示書設定重量 4.3i製程不穩 5.2i原物料規格 | V8: 168
A9: =A8+1 -> 45906 | B9: ='0906分析標準表'!$C$3 -> 6064269.1 | C9: ='0906分析標準表'!$D$5 -> 14614.187 | D9: =C9/B9 -> 0.0024098843 | E9: ='0906分析標準表'!$F$5 -> 43815.584 | F9: =E9/B9 -> 0.0072252045 | G9: ='0906分析標準表'!$H$5 -> 4195.5954 | H9: =G9/C9 -> 0.28709058 | I9: ='0906分析標準表'!$J$5 -> 19012.177 | J9: =I9/E9 -> 0.43391359 | K9: ='0906分析標準表'!$L$5 -> 2184.1961 | L9: =K9/C9 -> 0.14945724 | M9: 1.4i為取樣不穩 2.1i展開量105% 3.1i研發設定，小片的規格不符合指示書設定重量 4.3i製程不穩 5.1i原物料規格 | V9: 168
A10: =A9+1 -> 45907 | B10: ='0907分析標準表'!$C$3 -> 8031264.4 | C10: ='0907分析標準表'!$D$5 -> 19417.673 | D10: =C10/B10 -> 0.0024177604 | E10: ='0907分析標準表'!$F$5 -> 58646.034 | F10: =E10/B10 -> 0.0073022168 | G10: ='0907分析標準表'!$H$5 -> 2976.0915 | H10: =G10/C10 -> 0.15326716 | I10: ='0907分析標準表'!$J$5 -> 18030.284 | J10: =I10/E10 -> 0.30744252 | K10: ='0907分析標準表'!$L$5 -> 2858.7592 | L10: =K10/C10 -> 0.1472246 | M10: 1.5i為取樣不穩 2.1i展開量105% 3.1i研發設定，小片的規格不符合指示書設定重量 4.2i製程不穩 5.2i原物料規格 | V10: 168
A11: =A10+1 -> 45908 | B11: ='0908分析標準表'!$C$3 -> 7945762.3 | C11: ='0908分析標準表'!$D$5 -> 19226.28 | D11: =C11/B11 -> 0.0024196898 | E11: ='0908分析標準表'!$F$5 -> 57407.437 | F11: =E11/B11 -> 0.0072249125 | G11: ='0908分析標準表'!$H$5 -> 3542.9086 | H11: =G11/C11 -> 0.18427427 | I11: ='0908分析標準表'!$J$5 -> 15998.35 | J11: =I11/E11 -> 0.27868078 | K11: ='0908分析標準表'!$L$5 -> 2450.7745 | L11: =K11/C11 -> 0.12747003 | M11: 1.3i為取樣不穩 2.3i展開量105% 3.1i研發設定，小片的規格不符合指示書設定重量 4.2i製程不穩 5.1i原物料規格 | V11: 169
A12: =A11+1 -> 45909 | B12: ='0909分析標準表'!$C$3 -> 7852972.2 | C12: ='0909分析標準表'!$D$5 -> 18989.068 | D12: =C12/B12 -> 0.002418074 | E12: ='0909分析標準表'!$F$5 -> 56792.052 | F12: =E12/B12 -> 0.0072319181 | G12: ='0909分析標準表'!$H$5 -> 6211.8668 | H12: =G12/C12 -> 0.32712858 | I12: ='0909分析標準表'!$J$5 -> 13180.342 | J12: =I12/E12 -> 0.23208074 | K12: ='0909分析標準表'!$L$5 -> 3586.7374 | L12: =K12/C12 -> 0.18888433 | M12: 1.2i為取樣不穩 2.4i展開量105% 3.1i研發設定，小片的規格不符合指示書設定重量 4.1i製程不穩 5.2i原物料規格 | V12: 170
A13: =A12+1 -> 45910 | B13: ='0910分析標準表'!$C$3 -> 7585453.3 | C13: ='0910分析標準表'!$D$5 -> 18325.581 | D13: =C13/B13 -> 0.0024158847 | E13: ='0910分析標準表'!$F$5 -> 54158.093 | F13: =E13/B13 -> 0.0071397306 | G13: ='0910分析標準表'!$H$5 -> 4007.0428 | H13: =G13/C13 -> 0.21865844 | I13: ='0910分析標準表'!$J$5 -> 14337.106 | J13: =I13/E13 -> 0.26472694 | K13: ='0910分析標準表'!$L$5 -> 2265.1703 | L13: =K13/C13 -> 0.12360701 | M13: 1.5i為取樣不穩 2.1i展開量105% 3.1i研發設定，小片的規格不符合指示書設定重量 4.3i製程不穩 | V13: 168
A14: =A13+1 -> 45911 | B14: ='0911分析標準表'!$C$3 -> 6980689.7 | C14: ='0911分析標準表'!$D$5 -> 16847.966 | D14: =C14/B14 -> 0.0024135103 | E14: ='0911分析標準表'!$F$5 -> 49744.602 | F14: =E14/B14 -> 0.0071260297 | G14: ='0911分析標準表'!$H$5 -> 3838.4942 | H14: =G14/C14 -> 0.22783131 | I14: ='0911分析標準表'!$J$5 -> 19399.405 | J14: =I14/E14 -> 0.38998011 | K14: ='0911分析標準表'!$L$5 -> 2555.1956 | L14: =K14/C14 -> 0.15166196 | M14: 1.5i為取樣不穩 2.2i展開量105% 3.1i研發設定，小片的規格不符合指示書設定重量 4.1i製程不穩 5.1i原物料規格 | V14: 168
A15: =A14+1 -> 45912 | B15: ='0912分析標準表'!$C$3 -> 5798799.4 | C15: ='0912分析標準表'!$D$5 -> 13984.861 | D15: =C15/B15 -> 0.0024116822 | E15: ='0912分析標準表'!$F$5 -> 41420.318 | F15: =E15/B15 -> 0.0071429126 | G15: ='0912分析標準表'!$H$5 -> 6707.2372 | H15: =G15/C15 -> 0.47960698 | I15: ='0912分析標準表'!$J$5 -> 18841.758 | J15: =I15/E15 -> 0.45489167 | K15: ='0912分析標準表'!$L$5 -> 1633.6051 | L15: =K15/C15 -> 0.11681239 | M15: 1.5i為取樣不穩 2.2i展開量105% 3.1i研發設定，小片的規格不符合指示書設定重量 4.1i製程不穩 5.1i其他原因 | V15: 168
A16: =A15+1 -> 45913 | B16: ='0913分析標準表'!$C$3 -> 6087959.4 | C16: ='0913分析標準表'!$D$5 -> 14694.913 | D16: =C16/B16 -> 0.0024137665 | E16: ='0913分析標準表'!$F$5 -> 43322.471 | F16: =E16/B16 -> 0.0071160907 | G16: ='0913分析標準表'!$H$5 -> 5166.7466 | H16: =G16/C16 -> 0.35160104 | I16: ='0913分析標準表'!$J$5 -> 15600.561 | J16: =I16/E16 -> 0.36010322 | K16: ='0913分析標準表'!$L$5 -> 1361.5699 | L16: =K16/C16 -> 0.092655869 | M16: 1.3i為取樣不穩 2.4i展開量105% 3.1i研發設定，小片的規格不符合指示書設定重量 4.2i製程不穩 | V16: 168
A17: =A16+1 -> 45914 | B17: ='0914分析標準表'!$C$3 -> 8034432.2 | C17: ='0914分析標準表'!$D$5 -> 19430.678 | D17: =C17/B17 -> 0.0024184258 | E17: ='0914分析標準表'!$F$5 -> 57482.401 | F17: =E17/B17 -> 0.0071545069 | G17: ='0914分析標準表'!$H$5 -> 4041.6025 | H17: =G17/C17 -> 0.20800111 | I17: ='0914分析標準表'!$J$5 -> 12757.079 | J17: =I17/E17 -> 0.22193018 | K17: ='0914分析標準表'!$L$5 -> 2790.8796 | L17: =K17/C17 -> 0.14363264 | M17: 1.4i為取樣不穩 2.2i展開量105% 3.1i研發設定，小片的規格不符合指示書設定重量 4.2i製程不穩 5.1i原物料規格 | V17: 160
A18: =A17+1 -> 45915 | B18: ='0915分析標準表'!$C$3 -> 7902070 | C18: ='0915分析標準表'!$D$5 -> 19089.992 | D18: =C18/B18 -> 0.0024158217 | E18: ='0915分析標準表'!$F$5 -> 56342.009 | F18: =E18/B18 -> 0.0071300317 | G18: ='0915分析標準表'!$H$5 -> 4866.0188 | H18: =G18/C18 -> 0.25489894 | I18: ='0915分析標準表'!$J$5 -> 20849.636 | J18: =I18/E18 -> 0.37005489 | K18: ='0915分析標準表'!$L$5 -> 3670.1785 | L18: =K18/C18 -> 0.19225668 | M18: 1.5i為取樣不穩 2.1i展開量105% 3.1i研發設定，小片的規格不符合指示書設定重量 4.1i製程不穩 5.2i原物料規格 | V18: 158
A19: =A18+1 -> 45916 | B19: ='0916分析標準表'!$C$3 -> 8643585.1 | C19: ='0916分析標準表'!$D$5 -> 21007.84 | D19: =C19/B19 -> 0.0024304544 | E19: ='0916分析標準表'!$F$5 -> 62334.438 | F19: =E19/B19 -> 0.0072116417 | G19: ='0916分析標準表'!$H$5 -> 7198.9206 | H19: =G19/C19 -> 0.34267782 | I19: ='0916分析標準表'!$J$5 -> 26760.536 | J19: =I19/E19 -> 0.4293058 | K19: ='0916分析標準表'!$L$5 -> 3222.8437 | L19: =K19/C19 -> 0.15341148 | M19: 1.4i為取樣不穩 2.5i展開量105% 3.1i研發設定，小片的規格不符合指示書設定重量 | V19: 174
A20: =A19+1 -> 45917 | B20: ='0917分析標準表'!$C$3 -> 8026958.5 | C20: ='0917分析標準表'!$D$5 -> 19476.861 | D20: =C20/B20 -> 0.002426431 | E20: ='0917分析標準表'!$F$5 -> 57892.892 | F20: =E20/B20 -> 0.0072123074 | G20: ='0917分析標準表'!$H$5 -> 5695.657 | H20: =G20/C20 -> 0.29243197 | I20: ='0917分析標準表'!$J$5 -> 25858.326 | J20: =I20/E20 -> 0.44665805 | K20: ='0917分析標準表'!$L$5 -> 3625.0326 | L20: =K20/C20 -> 0.18611996 | M20: 1.2i為取樣不穩 2.6i展開量105% 3.1i研發設定，小片的規格不符合指示書設定重量 4.1i原物料規格 | V20: 174
A21: =A20+1 -> 45918 | B21: ='0918分析標準表'!$C$3 -> 7356981 | C21: ='0918分析標準表'!$D$5 -> 17831.618 | D21: =C21/B21 -> 0.0024237684 | E21: ='0918分析標準表'!$F$5 -> 53044.101 | F21: =E21/B21 -> 0.0072100365 | G21: ='0918分析標準表'!$H$5 -> 5863.3725 | H21: =G21/C21 -> 0.32881887 | I21: ='0918分析標準表'!$J$5 -> 23351.343 | J21: =I21/E21 -> 0.44022506 | K21: ='0918分析標準表'!$L$5 -> 3415.2734 | L21: =K21/C21 -> 0.19152908 | M21: 1.6i為取樣不穩 2.2i展開量105% 3.1i研發設定，小片的規格不符合指示書設定重量 4.1i原物料規格 | V21: 174
A22: =A21+1 -> 45919 | B22: ='0919分析標準表'!$C$3 -> 5796047.9 | C22: ='0919分析標準表'!$D$5 -> 14036.895 | D22: =C22/B22 -> 0.0024218046 | E22: ='0919分析標準表'!$F$5 -> 41419.956 | F22: =E22/B22 -> 0.0071462412 | G22: ='0919分析標準表'!$H$5 -> 4383.8855 | H22: =G22/C22 -> 0.31231161 | I22: ='0919分析標準表'!$J$5 -> 13311.998 | J22: =I22/E22 -> 0.32139092 | K22: ='0919分析標準表'!$L$5 -> 2181.3901 | L22: =K22/C22 -> 0.15540403 | M22: 1.5i為取樣不穩 2.4i展開量105% 3.1i研發設定，小片的規格不符合指示書設定重量 | V22: 174
A23: =A22+1 -> 45920 | B23: ='0920分析標準表'!$C$3 -> 5974025.3 | C23: ='0920分析標準表'!$D$5 -> 14470.434 | D23: =C23/B23 -> 0.002422225 | E23: ='0920分析標準表'!$F$5 -> 42713.631 | F23: =E23/B23 -> 0.0071498913 | G23: ='0920分析標準表'!$H$5 -> 3120.7277 | H23: =G23/C23 -> 0.21566235 | I23: ='0920分析標準表'!$J$5 -> 15543.565 | J23: =I23/E23 -> 0.36390174 | K23: ='0920分析標準表'!$L$5 -> 2506.6467 | L23: =K23/C23 -> 0.1732254 | M23: 1.4i為取樣不穩 2.4i展開量105% 3.1i研發設定，小片的規格不符合指示書設定重量 4.1i原物料規格 | V23: 174
A24: =A23+1 -> 45921 | B24: ='0921分析標準表'!$C$3 -> 7966442.2 | C24: ='0921分析標準表'!$D$5 -> 19329.103 | D24: =C24/B24 -> 0.0024263156 | E24: ='0921分析標準表'!$F$5 -> 57386.624 | F24: =E24/B24 -> 0.0072035449 | G24: ='0921分析標準表'!$H$5 -> 5551.8348 | H24: =G24/C24 -> 0.28722672 | I24: ='0921分析標準表'!$J$5 -> 15889.63 | J24: =I24/E24 -> 0.27688734 | K24: ='0921分析標準表'!$L$5 -> 2023.2663 | L24: =K24/C24 -> 0.10467461 | M24: 1.5i為取樣不穩 2.4i展開量105% 3.1i研發設定，小片的規格不符合指示書設定重量 | V24: 174
A25: =A24+1 -> 45922 | B25: ='0922分析標準表'!$C$3 -> 7692372.9 | C25: ='0922分析標準表'!$D$5 -> 18648.763 | D25: =C25/B25 -> 0.0024243187 | E25: ='0922分析標準表'!$F$5 -> 55273.626 | F25: =E25/B25 -> 0.0071855104 | G25: ='0922分析標準表'!$H$5 -> 4858.09 | H25: =G25/C25 -> 0.26050468 | I25: ='0922分析標準表'!$J$5 -> 17210.06 | J25: =I25/E25 -> 0.31136116 | K25: ='0922分析標準表'!$L$5 -> 3705.746 | L25: =K25/C25 -> 0.1987127 | M25: 1.6i為取樣不穩 2.3i展開量105% 3.1i研發設定，小片的規格不符合指示書設定重量 | V25: 174
A26: =A25+1 -> 45923 | B26: ='0923分析標準表'!$C$3 -> 7459138 | C26: ='0923分析標準表'!$D$5 -> 18065.41 | D26: =C26/B26 -> 0.0024219166 | E26: ='0923分析標準表'!$F$5 -> 54022.948 | F26: =E26/B26 -> 0.0072425189 | G26: ='0923分析標準表'!$H$5 -> 3771.3058 | H26: =G26/C26 -> 0.20875838 | I26: ='0923分析標準表'!$J$5 -> 22897.348 | J26: =I26/E26 -> 0.42384484 | K26: ='0923分析標準表'!$L$5 -> 2962.7928 | L26: =K26/C26 -> 0.16400363 | M26: 1.6i為取樣不穩 2.2i展開量105% 3.1i研發設定，小片的規格不符合指示書設定重量 4.1i原物料規格 | V26: 174
A27: =A26+1 -> 45924 | B27: ='0924分析標準表'!$C$3 -> 7098839 | C27: ='0924分析標準表'!$D$5 -> 17168.15 | D27: =C27/B27 -> 0.0024184448 | E27: ='0924分析標準表'!$F$5 -> 50583.885 | F27: =E27/B27 -> 0.007125656 | G27: ='0924分析標準表'!$H$5 -> 3368.697 | H27: =G27/C27 -> 0.19621782 | I27: ='0924分析標準表'!$J$5 -> 21401.144 | J27: =I27/E27 -> 0.42308226 | K27: ='0924分析標準表'!$L$5 -> 2233.6144 | L27: =K27/C27 -> 0.13010222 | M27: 1.5i為取樣不穩 2.4i展開量105% 3.1i研發設定，小片的規格不符合指示書設定重量 | V27: 174
A28: =A27+1 -> 45925 | B28: ='0925分析標準表'!$C$3 -> 6557727.1 | C28: ='0925分析標準表'!$D$5 -> 15819.225 | D28: =C28/B28 -> 0.0024123031 | E28: ='0925分析標準表'!$F$5 -> 46633.562 | F28: =E28/B28 -> 0.0071112386 | G28: ='0925分析標準表'!$H$5 -> 4625.5322 | H28: =G28/C28 -> 0.29239942 | I28: ='0925分析標準表'!$J$5 -> 16899.604 | J28: =I28/E28 -> 0.36239144 | K28: ='0925分析標準表'!$L$5 -> 4091.5539 | L28: =K28/C28 -> 0.25864439 | M28: 1.7i為取樣不穩 2.1i展開量105% 3.1i研發設定，小片的規格不符合指示書設定重量 4.1i原物料規格 | V28: 174
A29: =A28+1 -> 45926 | B29: ='0926分析標準表'!$C$3 -> 5226513.3 | C29: ='0926分析標準表'!$D$5 -> 12595.986 | D29: =C29/B29 -> 0.002410017 | E29: ='0926分析標準表'!$F$5 -> 37138 | F29: =E29/B29 -> 0.0071056933 | G29: ='0926分析標準表'!$H$5 -> 3258.012 | H29: =G29/C29 -> 0.25865479 | I29: ='0926分析標準表'!$J$5 -> 18684.236 | J29: =I29/E29 -> 0.5031029 | K29: ='0926分析標準表'!$L$5 -> 2389.5566 | L29: =K29/C29 -> 0.18970779 | M29: 1.4i為取樣不穩 2.5i展開量105% 3.1i研發設定，小片的規格不符合指示書設定重量 | V29: 174
A30: =A29+1 -> 45927 | B30: ='0927分析標準表'!$C$3 -> 5183430.2 | C30: ='0927分析標準表'!$D$5 -> 12493.837 | D30: =C30/B30 -> 0.0024103416 | E30: ='0927分析標準表'!$F$5 -> 36775.807 | F30: =E30/B30 -> 0.0070948784 | G30: ='0927分析標準表'!$H$5 -> 3846.5122 | H30: =G30/C30 -> 0.30787276 | I30: ='0927分析標準表'!$J$5 -> 17045.617 | J30: =I30/E30 -> 0.46350081 | K30: ='0927分析標準表'!$L$5 -> 2265.2746 | L30: =K30/C30 -> 0.18131136 | M30: 1.5i為取樣不穩 2.3i展開量105% 3.1i研發設定，小片的規格不符合指示書設定重量 4.1i原物料規格 | V30: 174
A31: =A30+1 -> 45928 | B31: ='0928分析標準表'!$C$3 -> 5811925.4 | C31: ='0928分析標準表'!$D$5 -> 14019.259 | D31: =C31/B31 -> 0.0024121541 | E31: ='0928分析標準表'!$F$5 -> 41276.034 | F31: =E31/B31 -> 0.0071019553 | G31: ='0928分析標準表'!$H$5 -> 5539.4813 | H31: =G31/C31 -> 0.39513366 | I31: ='0928分析標準表'!$J$5 -> 16378.96 | J31: =I31/E31 -> 0.39681525 | K31: ='0928分析標準表'!$L$5 -> 3326.6535 | L31: =K31/C31 -> 0.23729167 | M31: 1.3i為取樣不穩 2.5i展開量105% 3.1i研發設定，小片的規格不符合指示書設定重量 4.1i原物料規格 | V31: 170
A32: =A31+1 -> 45929 | B32: ='0929分析標準表'!$C$3 -> 7679816.1 | C32: ='0929分析標準表'!$D$5 -> 18535.723 | D32: =C32/B32 -> 0.0024135634 | E32: ='0929分析標準表'!$F$5 -> 54681.688 | F32: =E32/B32 -> 0.0071201819 | G32: ='0929分析標準表'!$H$5 -> 5601.3797 | H32: =G32/C32 -> 0.30219375 | I32: ='0929分析標準表'!$J$5 -> 20571.504 | J32: =I32/E32 -> 0.37620464 | K32: ='0929分析標準表'!$L$5 -> 2344.9751 | L32: =K32/C32 -> 0.12651112 | M32: 1.7i為取樣不穩 2.1i研發設定，小片的規格不符合指示書設定重量 3.2i原物料規格 | V32: 171
A33: =A32+1 -> 45930 | B33: ='0930分析標準表'!$C$3 -> 8504391 | C33: ='0930分析標準表'!$D$5 -> 20545.406 | D33: =C33/B33 -> 0.0024158586 | E33: ='0930分析標準表'!$F$5 -> 60659.852 | F33: =E33/B33 -> 0.0071327685 | G33: ='0930分析標準表'!$H$5 -> 4665.3513 | H33: =G33/C33 -> 0.22707516 | I33: ='0930分析標準表'!$J$5 -> 22203.494 | J33: =I33/E33 -> 0.36603278 | K33: ='0930分析標準表'!$L$5 -> 3042.6479 | L33: =K33/C33 -> 0.14809383 | M33: 1.7i為取樣不穩 2.1i研發設定，小片的規格不符合指示書設定重量 3.2i原物料規格 | V33: 182
A35: ※淺黃色為工廠自填項目
A36: ※日期紅色為新品日

Sheet 0930分析標準表
A1: 大溪廠半成品管理分析
A2: 日期 | C2: 營業額 | D2: 報廢展開 | F2: 超用展開 | H2: 報廢展開 | J2: 超用展開 | L2: 報廢展開
A3: 45930 | C3: 8504391 | D3: 總報廢 | F3: 總超用 | H3: 報廢-前10名 | J3: 超用-前10名 | L3: 共用類-總報廢
D4: 金額 | E4: 占比(營業額) | F4: 金額 | G4: 占比(營業額) | H4: 金額 | I4: 占比(總報廢) | J4: 金額 | K4: 占比(總超用) | L4: 金額 | M4: 占比(總報廢)
A5: 年度KPI目標0.25% | D5: 20545.406 | E5: =D5/C3 -> 0.0024158586 | F5: 60659.852 | G5: =F5/C3 -> 0.0071327685 | H5: =SUM(C12:C21) -> 4665.3513 | I5: =H5/D5 -> 0.22707516 | J5: =SUM(C28:C37) -> 22203.494 | K5: =J5/F5 -> 0.36603278 | L5: 3042.6479 | M5: =L5/D5 -> 0.14809383
A7: 報廢金額前十名半成品
A8: 明細展開 | D8: 生產資訊 | O8: 類別 | P8: 分析原因 (請填寫8大原因) | Q8: 其他原因說明 | R8: 備註-商品名稱
A9: 排序 | B9: 半成品 | D9: 生產端 | J9: 組合端
B10: 名稱 | C10: 報廢金額 排序 | D10: 產出量 | J10: 報廢 | L10: 超用
D11: 訂單需求 (kg) | E11: 實際產出 (kg) | F11: 補單 (kg) | G11: 單價 (元) | H11: 實際生產 (對比訂單需求) | I11: 差異 (元) | J11: kg | K11: 占比 | L11: kg | M11: 占比 | N11: 金額 (元)
A12: 1 | B12: 烤銀鮭魚肚 | C12: 1081.5 | D12: 3901 | E12: 3971 | F12: 0 | G12: 15.45 | H12: =(E12+F12)/D12 -> 1.0179441 | I12: 1081.5 | J12: 70 | K12: =J12/D12 -> 0.017944117 | L12: =((E12+F12)-D12)-J12 -> 0 | M12: =L12/D12 -> 0 | N12: =L12*G12 -> 0 | O12: 調理端 | P12: 研發設定 | Q12: 研發設定，小片的規格不符合指示書設定重量 | R12: 一配贅沢鮭魚肚飯糰
A13: 2 | B13: 8切蒸四角魚板 | C13: 915.12 | D13: 10216 | E13: 10960 | F13: 0 | G13: 1.23 | H13: =(E13+F13)/D13 -> 1.0728269 | I13: 915.12 | J13: 744 | K13: =J13/D13 -> 0.072826938 | L13: =((E13+F13)-D13)-J13 -> 0 | M13: =L13/D13 -> 0 | N13: =L13*G13 -> 0 | O13: 調理端 | P13: 原物料規格 | Q13: 破損 | R13: 韓式部隊鍋
A14: 3 | B14: 部隊鍋湯凍 | C14: 389.025 | D14: 1225.92 | E14: 1247.22 | F14: 40.2 | G14: 51.87 | H14: =(E14+F14)/D14 -> 1.0501664 | I14: 3190.005 | J14: 7.5 | K14: =J14/D14 -> 0.0061178543 | L14: =((E14+F14)-D14)-J14 -> 54 | M14: =L14/D14 -> 0.044048551 | N14: =L14*G14 -> 2800.98 | O14: 調理端 | P14: 取樣不穩 | R14: 韓式部隊鍋
A15: 4 | B15: (V)消毒小黃瓜絲 | C15: 367.792 | D15: 263.02 | E15: 266.53 | F15: 0 | G15: 144.8 | H15: =(E15+F15)/D15 -> 1.013345 | I15: 508.248 | J15: 2.54 | K15: =J15/D15 -> 0.0096570603 | L15: =((E15+F15)-D15)-J15 -> 0.97 | M15: =L15/D15 -> 0.0036879325 | N15: =L15*G15 -> 140.456 | O15: 調理端 | P15: 取樣不穩 | R15: 共用類
A16: 5 | B16: 薑炒筍尾 | C16: 367.3 | D16: 54.13 | E16: 56.2 | F16: 0 | G16: 183.65 | H16: =(E16+F16)/D16 -> 1.0382413 | I16: 380.1555 | J16: 2 | K16: =J16/D16 -> 0.036948088 | L16: =((E16+F16)-D16)-J16 -> 0.07 | M16: =L16/D16 -> 0.0012931831 | N16: =L16*G16 -> 12.8555 | O16: 調理端 | P16: 取樣不穩 | R16: 經典滷肉飯
A17: 6 | B17: 煮日製細扁麵 | C17: 329.5875 | D17: 317.68 | E17: 327.1 | F17: 0 | G17: 39.95 | H17: =(E17+F17)/D17 -> 1.0296525 | I17: 376.329 | J17: 8.25 | K17: =J17/D17 -> 0.025969529 | L17: =((E17+F17)-D17)-J17 -> 1.17 | M17: =L17/D17 -> 0.0036829514 | N17: =L17*G17 -> 46.7415 | O17: 調理端 | P17: 取樣不穩 | R17: 金沙豆腐細扁麵
A18: 7 | B18: 奶油蕈菇起司醬(113年) | C18: 313.775 | D18: 166.81 | E18: 169.56 | F18: 0 | G18: 114.1 | H18: =(E18+F18)/D18 -> 1.0164858 | I18: 313.775 | J18: 2.75 | K18: =J18/D18 -> 0.016485822 | L18: =((E18+F18)-D18)-J18 -> 0 | M18: =L18/D18 -> 0 | N18: =L18*G18 -> 0 | O18: 調理端 | P18: 取樣不穩 | R18: 大口法式蕈菇起司雞排飯糰(113年)
A19: 8 | B19: 消毒青蔥絲 | C19: 303.1212 | D19: 49.95 | E19: 51.99 | F19: 0 | G19: 248.46 | H19: =(E19+F19)/D19 -> 1.0408408 | I19: 506.8584 | J19: 1.22 | K19: =J19/D19 -> 0.024424424 | L19: =((E19+F19)-D19)-J19 -> 0.82 | M19: =L19/D19 -> 0.016416416 | N19: =L19*G19 -> 203.7372 | O19: 調理端 | P19: 取樣不穩 | R19: 共用類
A20: 9 | B20: 炸馬鈴薯塊 | C20: 300.322 | D20: 59.93 | E20: 60.86 | F20: 1.82 | G20: 176.66 | H20: =(E20+F20)/D20 -> 1.0458869 | I20: 485.815 | J20: 1.7 | K20: =J20/D20 -> 0.028366427 | L20: =((E20+F20)-D20)-J20 -> 1.05 | M20: =L20/D20 -> 0.017520441 | N20: =L20*G20 -> 185.493 | O20: 調理端 | P20: 取樣不穩 | R20: 妮妮家漢堡排
A21: 10 | B21: (V)川燙小青花菜 | C21: 297.8086 | D21: 1122.6 | E21: 1125.77 | F21: 6.04 | G21: 147.43 | H21: =(E21+F21)/D21 -> 1.0082042 | I21: 1357.8303 | J21: 2.02 | K21: =J21/D21 -> 0.0017993943 | L21: =((E21+F21)-D21)-J21 -> 7.19 | M21: =L21/D21 -> 0.0064047746 | N21: =L21*G21 -> 1060.0217 | O21: 調理端 | P21: 原物料規格 | Q21: 大顆比例高 | R21: 共用類
A23: 超用金額前十名半成品
A24: 明細展開 | D24: 生產資訊 | O24: 類別 | P24: 分析原因 (請填寫8大原因) | Q24: 其他原因說明 | R24: 備註-商品名稱
A25: 排序 | B25: 半成品 | D25: 生產端 | J25: 組合端
B26: 名稱 | C26: 超用金額 排序 | D26: 產出量 | J26: 報廢 | M26: 超用
D27: 訂單需求 (kg) | E27: 實際產出 (kg) | F27: 補單 (kg) | G27: 單價 (元) | H27: 實際生產 (對比訂單需求) | I27: 差異 (元) | J27: kg | K27: 占比 | L27: 金額 (元) | M27: kg | N27: 占比
A28: 1 | B28: 炙燒韓式牛五花 | C28: 3774 | D28: 58.18 | E28: 60.98 | F28: 3.2 | G28: 629 | H28: =(E28+F28)/D28 -> 1.1031282 | I28: 3774 | J28: 0 | K28: =J28/D28 -> 0 | L28: =J28*G28 -> 0 | M28: =((E28+F28)-D28)-J28 -> 6 | N28: =M28/D28 -> 0.10312822 | O28: 組合室 | P28: 取樣不穩 | R28: 壹號醬炙烤牛飯糰
A29: 2 | B29: 焙炒芝麻肉鬆 | C29: 3286.7814 | D29: 498.2 | E29: 506.32 | F29: 9.1 | G29: 190.87 | H29: =(E29+F29)/D29 -> 1.0345644 | I29: 3286.7814 | J29: 0 | K29: =J29/D29 -> 0 | L29: =J29*G29 -> 0 | M29: =((E29+F29)-D29)-J29 -> 17.22 | N29: =M29/D29 -> 0.034564432 | O29: 組合室 | P29: 取樣不穩 | R29: 經典肉鬆飯糰(114年)
A30: 3 | B30: 部隊鍋湯凍 | C30: 2800.98 | D30: 1225.92 | E30: 1247.22 | F30: 40.2 | G30: 51.87 | H30: =(E30+F30)/D30 -> 1.0501664 | I30: 3190.005 | J30: 7.5 | K30: =J30/D30 -> 0.0061178543 | L30: =J30*G30 -> 389.025 | M30: =((E30+F30)-D30)-J30 -> 54 | N30: =M30/D30 -> 0.044048551 | O30: 組合室 | P30: 取樣不穩 | R30: 韓式部隊鍋
A31: 4 | B31: 炒照燒牛蒡腿丁 | C31: 2535.0805 | D31: 66.04 | E31: 60.77 | F31: 12.6 | G31: 345.85 | H31: =(E31+F31)/D31 -> 1.1109933 | I31: 2535.0805 | J31: 0 | K31: =J31/D31 -> 0 | L31: =J31*G31 -> 0 | M31: =((E31+F31)-D31)-J31 -> 7.33 | N31: =M31/D31 -> 0.11099334 | O31: 組合室 | P31: 取樣不穩 | R31: 一配照燒雞肉飯糰
A32: 5 | B32: 煮中華冷麵(110年) | C32: 2446.5129 | D32: 5223.99 | E32: 5203.9 | F32: 82.2 | G32: 39.39 | H32: =(E32+F32)/D32 -> 1.0118894 | I32: 2446.5129 | J32: 0 | K32: =J32/D32 -> 0 | L32: =J32*G32 -> 0 | M32: =((E32+F32)-D32)-J32 -> 62.11 | N32: =M32/D32 -> 0.01188938 | O32: 組合室 | P32: 研發設定 | Q32: 雙圈秤重範圍 | R32: 共用類
A33: 6 | B33: 烤照燒雞腿丁 | C33: 1851.7442 | D33: 119.88 | E33: 120.07 | F33: 4.84 | G33: 368.14 | H33: =(E33+F33)/D33 -> 1.0419586 | I33: 1851.7442 | J33: 0 | K33: =J33/D33 -> 0 | L33: =J33*G33 -> 0 | M33: =((E33+F33)-D33)-J33 -> 5.03 | N33: =M33/D33 -> 0.041958625 | O33: 組合室 | P33: 取樣不穩 | R33: 海陸雙拼肉肉餐盒
A34: 7 | B34: 切-究極燒肉片 | C34: 1655.2901 | D34: 49.09 | E34: 48.78 | F34: 2.7 | G34: 692.59 | H34: =(E34+F34)/D34 -> 1.0486861 | I34: 1655.2901 | J34: 0 | K34: =J34/D34 -> 0 | L34: =J34*G34 -> 0 | M34: =((E34+F34)-D34)-J34 -> 2.39 | N34: =M34/D34 -> 0.048686087 | O34: 組合室 | P34: 取樣不穩 | R34: 壹號醬雞豚雙拼
A35: 8 | B35: 歐姆蛋-黑咖哩醬 | C35: 1377.4879 | D35: 356.86 | E35: 352.49 | F35: 25.2 | G35: 66.13 | H35: =(E35+F35)/D35 -> 1.0583702 | I35: 1377.4879 | J35: 0 | K35: =J35/D35 -> 0 | L35: =J35*G35 -> 0 | M35: =((E35+F35)-D35)-J35 -> 20.83 | N35: =M35/D35 -> 0.058370229 | O35: 組合室 | P35: 取樣不穩 | R35: 二配里肌豬排可可咖哩歐姆蛋飯
A36: 9 | B36: 烤BBQ雞丁(112年) | C36: 1295.3922 | D36: 117.06 | E36: 115.27 | F36: 5.33 | G36: 365.93 | H36: =(E36+F36)/D36 -> 1.0302409 | I36: 1295.3922 | J36: 0 | K36: =J36/D36 -> 0 | L36: =J36*G36 -> 0 | M36: =((E36+F36)-D36)-J36 -> 3.54 | N36: =M36/D36 -> 0.030240902 | O36: 組合室 | P36: 取樣不穩 | R36: 美式雞丁餐盒(113年)
A37: 10 | B37: 蒸-醬香雞肉絲CL | C37: 1180.2252 | D37: 149.84 | E37: 149.66 | F37: 3.36 | G37: 371.14 | H37: =(E37+F37)/D37 -> 1.0212226 | I37: 1180.2252 | J37: 0 | K37: =J37/D37 -> 0 | L37: =J37*G37 -> 0 | M37: =((E37+F37)-D37)-J37 -> 3.18 | N37: =M37/D37 -> 0.021222637 | O37: 組合室 | P37: 取樣不穩 | R37: 共用類
A39: 共用類報廢金額前十名半成品
A40: 明細展開
A41: 排序 | B41: 半成品
B42: 名稱 | C42: 報廢金額 排序 | D42: 共用類總金額 占比
A44: 1 | B44: (V)消毒小黃瓜絲 | C44: 367.792 | D44: =C44/$L$5 -> 0.12087892
A45: 2 | B45: 消毒青蔥絲 | C45: 303.1212 | D45: =C45/$L$5 -> 0.099624146
A46: 3 | B46: (V)川燙小青花菜 | C46: 297.8086 | D46: =C46/$L$5 -> 0.097878102
A47: 4 | B47: 烤12切家常豆腐 | C47: 296.01 | D47: =C47/$L$5 -> 0.097286972
A48: 5 | B48: 烤大口蛋皮(111年) | C48: 263.6 | D48: =C48/$L$5 -> 0.086635065
A49: 6 | B49: 消毒蔥花 | C49: 259.536 | D49: =C49/$L$5 -> 0.085299387
A50: 7 | B50: 60切-烤豆腐蛋白丁 | C50: 230.3 | D50: =C50/$L$5 -> 0.075690651
A51: 8 | B51: 消毒細切紅蘿蔔絲 | C51: 214.74 | D51: =C51/$L$5 -> 0.070576684
A52: 9 | B52: 川燙毛豆玉米 | C52: 209.9671 | D52: =C52/$L$5 -> 0.069008018
A53: 10 | B53: 歐姆蛋(110年) | C53: 146.0385 | D53: =C53/$L$5 -> 0.047997174
A54: ※炊飯類不納入半成品廢棄計算
A56: ※淺黃色為工廠自填項目

Sheet 0929分析標準表
A1: 大溪廠半成品管理分析
A2: 日期 | C2: 營業額 | D2: 報廢展開 | F2: 超用展開 | H2: 報廢展開 | J2: 超用展開 | L2: 報廢展開
A3: 45929 | C3: 7679816.1 | D3: 總報廢 | F3: 總超用 | H3: 報廢-前10名 | J3: 超用-前10名 | L3: 共用類-總報廢
D4: 金額 | E4: 占比(營業額) | F4: 金額 | G4: 占比(營業額) | H4: 金額 | I4: 占比(總報廢) | J4: 金額 | K4: 占比(總超用) | L4: 金額 | M4: 占比(總報廢)
A5: 年度KPI目標0.25% | D5: 18535.723 | E5: =D5/C3 -> 0.0024135634 | F5: 54681.688 | G5: =F5/C3 -> 0.0071201819 | H5: =SUM(C12:C21) -> 5601.3797 | I5: =H5/D5 -> 0.30219375 | J5: =SUM(C28:C37) -> 20571.504 | K5: =J5/F5 -> 0.37620464 | L5: 2344.9751 | M5: =L5/D5 -> 0.12651112
A7: 報廢金額前十名半成品
A8: 明細展開 | D8: 生產資訊 | O8: 類別 | P8: 分析原因 (請填寫8大原因) | Q8: 其他原因說明 | R8: 備註-商品名稱
A9: 排序 | B9: 半成品 | D9: 生產端 | J9: 組合端
B10: 名稱 | C10: 報廢金額 排序 | D10: 產出量 | J10: 報廢 | L10: 超用
D11: 訂單需求 (kg) | E11: 實際產出 (kg) | F11: 補單 (kg) | G11: 單價 (元) | H11: 實際生產 (對比訂單需求) | I11: 差異 (元) | J11: kg | K11: 占比 | L11: kg | M11: 占比 | N11: 金額 (元)
A12: 1 | B12: 煮烏龍冷麵(113年) | C12: 1114.1832 | D12: 505.78 | E12: 509.96 | F12: 14.44 | G12: 82.41 | H12: =(E12+F12)/D12 -> 1.0368144 | I12: 1534.4742 | J12: 13.52 | K12: =J12/D12 -> 0.02673099 | L12: =((E12+F12)-D12)-J12 -> 5.1 | M12: =L12/D12 -> 0.010083435 | N12: =L12*G12 -> 420.291 | O12: 調理端 | P12: 取樣不穩 | R12: 芝麻鰹魚烏龍冷麵
A13: 2 | B13: 切-烤台式肉片 | C13: 1059.8666 | D13: 35.57 | E13: 37.26 | F13: 0 | G13: 627.14 | H13: =(E13+F13)/D13 -> 1.0475119 | I13: 1059.8666 | J13: 1.69 | K13: =J13/D13 -> 0.047511948 | L13: =((E13+F13)-D13)-J13 -> -2.220446e-15 | M13: =L13/D13 -> -6.2424685e-17 | N13: =L13*G13 -> -1.3925305e-12 | O13: 調理端 | P13: 取樣不穩 | R13: 姨次滿足熟成牛豚雙拼
A14: 3 | B14: 清炒高麗菜 | C14: 908.868 | D14: 190.32 | E14: 197.72 | F14: 0 | G14: 122.82 | H14: =(E14+F14)/D14 -> 1.0388819 | I14: 908.868 | J14: 7.4 | K14: =J14/D14 -> 0.038881883 | L14: =((E14+F14)-D14)-J14 -> 0 | M14: =L14/D14 -> 0 | N14: =L14*G14 -> 0 | O14: 調理端 | P14: 取樣不穩 | R14: 美式雞丁餐盒(113年)
A15: 4 | B15: 烤銀鮭魚肚 | C15: 695.25 | D15: 3956 | E15: 4001 | F15: 0 | G15: 15.45 | H15: =(E15+F15)/D15 -> 1.0113751 | I15: 695.25 | J15: 45 | K15: =J15/D15 -> 0.011375126 | L15: =((E15+F15)-D15)-J15 -> 0 | M15: =L15/D15 -> 0 | N15: =L15*G15 -> 0 | O15: 調理端 | P15: 研發設定 | Q15: 研發設定，小片的規格不符合指示書設定重量 | R15: 一配贅沢鮭魚肚飯糰
A16: 5 | B16: 炒油蔥醬 | C16: 316.1925 | D16: 203.38 | E16: 208.84 | F16: 0 | G16: 152.75 | H16: =(E16+F16)/D16 -> 1.0268463 | I16: 834.015 | J16: 2.07 | K16: =J16/D16 -> 0.010177992 | L16: =((E16+F16)-D16)-J16 -> 3.39 | M16: =L16/D16 -> 0.016668306 | N16: =L16*G16 -> 517.8225 | O16: 調理端 | P16: 取樣不穩 | R16: 雞肉飯飯糰
A17: 6 | B17: 消毒青蔥絲 | C17: 313.0596 | D17: 47.43 | E17: 49.59 | F17: 0 | G17: 248.46 | H17: =(E17+F17)/D17 -> 1.0455408 | I17: 536.6736 | J17: 1.26 | K17: =J17/D17 -> 0.026565465 | L17: =((E17+F17)-D17)-J17 -> 0.9 | M17: =L17/D17 -> 0.018975332 | N17: =L17*G17 -> 223.614 | O17: 調理端 | P17: 取樣不穩 | R17: 共用類
A18: 7 | B18: 烤黑胡椒洋蔥絲 | C18: 300.3404 | D18: 112.2 | E18: 114.62 | F18: 0 | G18: 141.67 | H18: =(E18+F18)/D18 -> 1.0215686 | I18: 342.8414 | J18: 2.12 | K18: =J18/D18 -> 0.018894831 | L18: =((E18+F18)-D18)-J18 -> 0.3 | M18: =L18/D18 -> 0.0026737968 | N18: =L18*G18 -> 42.501 | O18: 調理端 | P18: 取樣不穩 | R18: 糖燻野郎三十天熟成牛飯
A19: 8 | B19: 熟化去皮馬鈴薯滾刀17-23g | C19: 299.52 | D19: 148.96 | E19: 152.08 | F19: 0 | G19: 96 | H19: =(E19+F19)/D19 -> 1.0209452 | I19: 299.52 | J19: 3.12 | K19: =J19/D19 -> 0.02094522 | L19: =((E19+F19)-D19)-J19 -> 4.4408921e-15 | M19: =L19/D19 -> 2.9812648e-17 | N19: =L19*G19 -> 4.2632564e-13 | O19: 調理端 | P19: 原物料規格 | R19: 嫩烤香料雞胸排蔬滿盒
A20: 9 | B20: (V)川燙小青花菜 | C20: 297.8086 | D20: 802.38 | E20: 798.24 | F20: 12.96 | G20: 147.43 | H20: =(E20+F20)/D20 -> 1.0109923 | I20: 1300.3326 | J20: 2.02 | K20: =J20/D20 -> 0.0025175104 | L20: =((E20+F20)-D20)-J20 -> 6.8 | M20: =L20/D20 -> 0.0084747875 | N20: =L20*G20 -> 1002.524 | O20: 調理端 | P20: 原物料規格 | Q20: 大顆比例高 | R20: 共用類
A21: 10 | B21: 蒜炒洋菇片 | C21: 296.2908 | D21: 46.8 | E21: 48.36 | F21: 0 | G21: 189.93 | H21: =(E21+F21)/D21 -> 1.0333333 | I21: 296.2908 | J21: 1.56 | K21: =J21/D21 -> 0.033333333 | L21: =((E21+F21)-D21)-J21 -> 2.220446e-15 | M21: =L21/D21 -> 4.7445428e-17 | N21: =L21*G21 -> 4.2172932e-13 | O21: 調理端 | P21: 取樣不穩 | R21: 美式雞丁餐盒(113年)
A23: 超用金額前十名半成品
A24: 明細展開 | D24: 生產資訊 | O24: 類別 | P24: 分析原因 (請填寫8大原因) | Q24: 其他原因說明 | R24: 備註-商品名稱
A25: 排序 | B25: 半成品 | D25: 生產端 | J25: 組合端
B26: 名稱 | C26: 超用金額 排序 | D26: 產出量 | J26: 報廢 | M26: 超用
D27: 訂單需求 (kg) | E27: 實際產出 (kg) | F27: 補單 (kg) | G27: 單價 (元) | H27: 實際生產 (對比訂單需求) | I27: 差異 (元) | J27: kg | K27: 占比 | L27: 金額 (元) | M27: kg | N27: 占比
A28: 1 | B28: 切筋子1cm | C28: 3514.8624 | D28: 14.04 | E28: 14.92 | F28: 0.8 | G28: 2092.18 | H28: =(E28+F28)/D28 -> 1.1196581 | I28: 3514.8624 | J28: 0 | K28: =J28/D28 -> 0 | L28: =J28*G28 -> 0 | M28: =((E28+F28)-D28)-J28 -> 1.68 | N28: =M28/D28 -> 0.11965812 | O28: 組合室 | P28: 取樣不穩 | R28: 一配筋子銀鮭飯糰
A29: 2 | B29: 拌鹽烤豬肉片(114年) | C29: 2886.4752 | D29: 376.16 | E29: 383.39 | F29: 3.61 | G29: 266.28 | H29: =(E29+F29)/D29 -> 1.0288175 | I29: 2886.4752 | J29: 0 | K29: =J29/D29 -> 0 | L29: =J29*G29 -> 0 | M29: =((E29+F29)-D29)-J29 -> 10.84 | N29: =M29/D29 -> 0.028817524 | O29: 組合室 | P29: 取樣不穩 | R29: 鹽蔥燒肉飯糰
A30: 3 | B30: 切-烤牛五花(112年) | C30: 2707.8366 | D30: 201.03 | E30: 199.91 | F30: 5.59 | G30: 605.78 | H30: =(E30+F30)/D30 -> 1.0222355 | I30: 2707.8366 | J30: 0 | K30: =J30/D30 -> 0 | L30: =J30*G30 -> 0 | M30: =((E30+F30)-D30)-J30 -> 4.47 | N30: =M30/D30 -> 0.022235487 | O30: 組合室 | P30: 研發設定 | Q30: 雙圈秤重範圍 | R30: 糖燻野郎三十天熟成牛飯
A31: 4 | B31: 碳香燒肉醬 | C31: 2622.4261 | D31: 109.71 | E31: 107.28 | F31: 25.46 | G31: 113.87 | H31: =(E31+F31)/D31 -> 1.2099171 | I31: 2622.4261 | J31: 0 | K31: =J31/D31 -> 0 | L31: =J31*G31 -> 0 | M31: =((E31+F31)-D31)-J31 -> 23.03 | N31: =M31/D31 -> 0.20991705 | O31: 組合室 | P31: 取樣不穩 | R31: 壹號醬雞豚雙拼
A32: 5 | B32: 煮中華冷麵(110年) | C32: 1675.2567 | D32: 5243.67 | E32: 5207.9 | F32: 78.3 | G32: 39.39 | H32: =(E32+F32)/D32 -> 1.0081107 | I32: 1675.2567 | J32: 0 | K32: =J32/D32 -> 0 | L32: =J32*G32 -> 0 | M32: =((E32+F32)-D32)-J32 -> 42.53 | N32: =M32/D32 -> 0.0081107316 | O32: 組合室 | P32: 研發設定 | Q32: 雙圈秤重範圍 | R32: 共用類
A33: 6 | B33: 古早味肉燥（真空包） | C33: 1506.4104 | D33: 32.49 | E33: 32.63 | F33: 3.3 | G33: 437.91 | H33: =(E33+F33)/D33 -> 1.1058787 | I33: 1506.4104 | J33: 0 | K33: =J33/D33 -> 0 | L33: =J33*G33 -> 0 | M33: =((E33+F33)-D33)-J33 -> 3.44 | N33: =M33/D33 -> 0.10587873 | O33: 組合室 | P33: 取樣不穩 | R33: 擔仔炊粉湯
A34: 7 | B34: 鮮食雙色起司絲 | C34: 1488 | D34: 140.57 | E34: 140.78 | F34: 7.23 | G34: 200 | H34: =(E34+F34)/D34 -> 1.0529274 | I34: 1488 | J34: 0 | K34: =J34/D34 -> 0 | L34: =J34*G34 -> 0 | M34: =((E34+F34)-D34)-J34 -> 7.44 | N34: =M34/D34 -> 0.052927367 | O34: 組合室 | P34: 取樣不穩 | R34: 共用類
A35: 8 | B35: 焗飯-奶香白醬(114年) | C35: 1464.7892 | D35: 357.84 | E35: 338.52 | F35: 40.18 | G35: 70.22 | H35: =(E35+F35)/D35 -> 1.0582942 | I35: 1464.7892 | J35: 0 | K35: =J35/D35 -> 0 | L35: =J35*G35 -> 0 | M35: =((E35+F35)-D35)-J35 -> 20.86 | N35: =M35/D35 -> 0.05829421 | O35: 組合室 | P35: 取樣不穩 | R35: 二配哞哞培根奶香海陸焗飯
A36: 9 | B36: 切-究極燒肉片 | C36: 1392.1059 | D36: 51.97 | E36: 50.38 | F36: 3.6 | G36: 692.59 | H36: =(E36+F36)/D36 -> 1.0386762 | I36: 1392.1059 | J36: 0 | K36: =J36/D36 -> 0 | L36: =J36*G36 -> 0 | M36: =((E36+F36)-D36)-J36 -> 2.01 | N36: =M36/D36 -> 0.038676159 | O36: 組合室 | P36: 取樣不穩 | R36: 壹號醬雞豚雙拼
A37: 10 | B37: 歐姆蛋-黑咖哩醬 | C37: 1313.3418 | D37: 359.94 | E37: 358.8 | F37: 21 | G37: 66.13 | H37: =(E37+F37)/D37 -> 1.0551759 | I37: 1313.3418 | J37: 0 | K37: =J37/D37 -> 0 | L37: =J37*G37 -> 0 | M37: =((E37+F37)-D37)-J37 -> 19.86 | N37: =M37/D37 -> 0.055175863 | O37: 組合室 | P37: 取樣不穩 | R37: 二配里肌豬排可可咖哩歐姆蛋飯
A39: 共用類報廢金額前十名半成品
A40: 明細展開
A41: 排序 | B41: 半成品
B42: 名稱 | C42: 報廢金額 排序 | D42: 共用類總金額 占比
A44: 1 | B44: 消毒青蔥絲 | C44: 313.0596 | D44: =C44/$L$5 -> 0.13350231
A45: 2 | B45: (V)川燙小青花菜 | C45: 297.8086 | D45: =C45/$L$5 -> 0.12699862
A46: 3 | B46: 60切-烤豆腐蛋白丁 | C46: 294 | D46: =C46/$L$5 -> 0.12537447
A47: 4 | B47: 消毒蔥花 | C47: 259.536 | D47: =C47/$L$5 -> 0.11067751
A48: 5 | B48: 烤12切家常豆腐 | C48: 231.66 | D48: =C48/$L$5 -> 0.098789962
A49: 6 | B49: 川燙毛豆玉米 | C49: 209.9671 | D49: =C49/$L$5 -> 0.08953916
A50: 7 | B50: 消毒細切紅蘿蔔絲 | C50: 202.3328 | D50: =C50/$L$5 -> 0.08628356
A51: 8 | B51: 蒸-醬香雞肉絲CL | C51: 185.57 | D51: =C51/$L$5 -> 0.079135169
A52: 9 | B52: 歐姆蛋(110年) | C52: 146.0385 | D52: =C52/$L$5 -> 0.062277207
A53: 10 | B53: (V)消毒小黃瓜絲 | C53: 86.88 | D53: =C53/$L$5 -> 0.037049434
A54: ※炊飯類不納入半成品廢棄計算
A56: ※淺黃色為工廠自填項目

Sheet 0928分析標準表
A1: 大溪廠半成品管理分析
A2: 日期 | C2: 營業額 | D2: 報廢展開 | F2: 超用展開 | H2: 報廢展開 | J2: 超用展開 | L2: 報廢展開
A3: 45928 | C3: 5811925.4 | D3: 總報廢 | F3: 總超用 | H3: 報廢-前10名 | J3: 超用-前10名 | L3: 共用類-總報廢
D4: 金額 | E4: 占比(營業額) | F4: 金額 | G4: 占比(營業額) | H4: 金額 | I4: 占比(總報廢) | J4: 金額 | K4: 占比(總超用) | L4: 金額 | M4: 占比(總報廢)
A5: 年度KPI目標0.25% | D5: 14019.259 | E5: =D5/C3 -> 0.0024121541 | F5: 41276.034 | G5: =F5/C3 -> 0.0071019553 | H5: =SUM(C12:C21) -> 5539.4813 | I5: =H5/D5 -> 0.39513366 | J5: =SUM(C28:C37) -> 16378.96 | K5: =J5/F5 -> 0.39681525 | L5: 3326.6535 | M5: =L5/D5 -> 0.23729167
A7: 報廢金額前十名半成品
A8: 明細展開 | D8: 生產資訊 | O8: 類別 | P8: 分析原因 (請填寫8大原因) | Q8: 其他原因說明 | R8: 備註-商品名稱
A9: 排序 | B9: 半成品 | D9: 生產端 | J9: 組合端
B10: 名稱 | C10: 報廢金額 排序 | D10: 產出量 | J10: 報廢 | L10: 超用
D11: 訂單需求 (kg) | E11: 實際產出 (kg) | F11: 補單 (kg) | G11: 單價 (元) | H11: 實際生產 (對比訂單需求) | I11: 差異 (元) | J11: kg | K11: 占比 | L11: kg | M11: 占比 | N11: 金額 (元)
A12: 1 | B12: 奶油蕈菇起司醬(113年) | C12: 868.301 | D12: 146.45 | E12: 154.06 | F12: 0 | G12: 114.1 | H12: =(E12+F12)/D12 -> 1.0519631 | I12: 868.301 | J12: 7.61 | K12: =J12/D12 -> 0.051963127 | L12: =((E12+F12)-D12)-J12 -> 1.3322676e-14 | M12: =L12/D12 -> 9.0970818e-17 | N12: =L12*G12 -> 1.5201174e-12 | O12: 調理端 | P12: 展開量105% | R12: 大口法式蕈菇起司雞排飯糰(113年)
A13: 2 | B13: 消毒細切紅蘿蔔絲 | C13: 774.9728 | D13: 272.03 | E13: 280.27 | F13: 0 | G13: 95.44 | H13: =(E13+F13)/D13 -> 1.0302908 | I13: 786.4256 | J13: 8.12 | K13: =J13/D13 -> 0.029849649 | L13: =((E13+F13)-D13)-J13 -> 0.12 | M13: =L13/D13 -> 0.00044112782 | N13: =L13*G13 -> 11.4528 | O13: 調理端 | P13: 取樣不穩 | R13: 共用類
A14: 3 | B14: 消毒青蔥絲 | C14: 723.0186 | D14: 40.18 | E14: 43.09 | F14: 0 | G14: 248.46 | H14: =(E14+F14)/D14 -> 1.0724241 | I14: 723.0186 | J14: 2.91 | K14: =J14/D14 -> 0.072424092 | L14: =((E14+F14)-D14)-J14 -> -3.5527137e-15 | M14: =L14/D14 -> -8.8419952e-17 | N14: =L14*G14 -> -8.8270724e-13 | O14: 調理端 | P14: 展開量105% | R14: 共用類
A15: 4 | B15: 烤銀鮭魚肚 | C15: 710.7 | D15: 2471 | E15: 2517 | F15: 0 | G15: 15.45 | H15: =(E15+F15)/D15 -> 1.0186159 | I15: 710.7 | J15: 46 | K15: =J15/D15 -> 0.018615945 | L15: =((E15+F15)-D15)-J15 -> 0 | M15: =L15/D15 -> 0 | N15: =L15*G15 -> 0 | O15: 調理端 | P15: 研發設定 | Q15: 研發設定，小片的規格不符合指示書設定重量 | R15: 一配贅沢鮭魚肚飯糰
A16: 5 | B16: 熟化去皮馬鈴薯滾刀17-23g | C16: 580.8 | D16: 91.24 | E16: 97.29 | F16: 0 | G16: 96 | H16: =(E16+F16)/D16 -> 1.0663086 | I16: 580.8 | J16: 6.05 | K16: =J16/D16 -> 0.066308637 | L16: =((E16+F16)-D16)-J16 -> 0 | M16: =L16/D16 -> 0 | N16: =L16*G16 -> 0 | O16: 調理端 | P16: 原物料規格 | R16: 嫩烤香料雞胸排蔬滿盒
A17: 6 | B17: 切-究極燒肉片 | C17: 464.0353 | D17: 39.19 | E17: 38.49 | F17: 3.6 | G17: 692.59 | H17: =(E17+F17)/D17 -> 1.0739985 | I17: 2008.511 | J17: 0.67 | K17: =J17/D17 -> 0.017096198 | L17: =((E17+F17)-D17)-J17 -> 2.23 | M17: =L17/D17 -> 0.056902271 | N17: =L17*G17 -> 1544.4757 | O17: 調理端 | P17: 展開量105% | R17: 壹號醬雞豚雙拼
A18: 7 | B18: (V)炒素雞肉絲(114年) | C18: 446.661 | D18: 11 | E18: 11.9 | F18: 0 | G18: 496.29 | H18: =(E18+F18)/D18 -> 1.0818182 | I18: 446.661 | J18: 0.9 | K18: =J18/D18 -> 0.081818182 | L18: =((E18+F18)-D18)-J18 -> 0 | M18: =L18/D18 -> 0 | N18: =L18*G18 -> 0 | O18: 調理端 | P18: 展開量105% | R18: 二配油蔥G絲飯糰
A19: 8 | B19: 消毒蔥花 | C19: 359.0248 | D19: 25.53 | E19: 27.19 | F19: 0 | G19: 216.28 | H19: =(E19+F19)/D19 -> 1.0650215 | I19: 359.0248 | J19: 1.66 | K19: =J19/D19 -> 0.065021543 | L19: =((E19+F19)-D19)-J19 -> 0 | M19: =L19/D19 -> 0 | N19: =L19*G19 -> 0 | O19: 調理端 | P19: 展開量105% | R19: 共用類
A20: 9 | B20: 炸馬鈴薯塊 | C20: 351.5534 | D20: 47.65 | E20: 49.64 | F20: 0 | G20: 176.66 | H20: =(E20+F20)/D20 -> 1.0417629 | I20: 351.5534 | J20: 1.99 | K20: =J20/D20 -> 0.041762854 | L20: =((E20+F20)-D20)-J20 -> 1.9984014e-15 | M20: =L20/D20 -> 4.193917e-17 | N20: =L20*G20 -> 3.530376e-13 | O20: 調理端 | P20: 取樣不穩 | R20: 妮妮家漢堡排
A21: 10 | B21: 113年川燙綠豆芽 | C21: 260.4144 | D21: 48.52 | E21: 47.53 | F21: 3.38 | G21: 108.96 | H21: =(E21+F21)/D21 -> 1.049258 | I21: 260.4144 | J21: 2.39 | K21: =J21/D21 -> 0.049258038 | L21: =((E21+F21)-D21)-J21 -> 7.5495166e-15 | M21: =L21/D21 -> 1.5559597e-16 | N21: =L21*G21 -> 8.2259533e-13 | O21: 調理端 | P21: 取樣不穩 | R21: 越式牛肉寬粉
A23: 超用金額前十名半成品
A24: 明細展開 | D24: 生產資訊 | O24: 類別 | P24: 分析原因 (請填寫8大原因) | Q24: 其他原因說明 | R24: 備註-商品名稱
A25: 排序 | B25: 半成品 | D25: 生產端 | J25: 組合端
B26: 名稱 | C26: 超用金額 排序 | D26: 產出量 | J26: 報廢 | M26: 超用
D27: 訂單需求 (kg) | E27: 實際產出 (kg) | F27: 補單 (kg) | G27: 單價 (元) | H27: 實際生產 (對比訂單需求) | I27: 差異 (元) | J27: kg | K27: 占比 | L27: 金額 (元) | M27: kg | N27: 占比
A28: 1 | B28: (V)川燙小青花菜 | C28: 2394.2632 | D28: 531.09 | E28: 531.51 | F28: 15.82 | G28: 147.43 | H28: =(E28+F28)/D28 -> 1.0305786 | I28: 2394.2632 | J28: 0 | K28: =J28/D28 -> 0 | L28: =J28*G28 -> 0 | M28: =((E28+F28)-D28)-J28 -> 16.24 | N28: =M28/D28 -> 0.030578621 | O28: 組合室 | P28: 原物料規格 | Q28: 大顆比例高 | R28: 共用類
A29: 2 | B29: 切-烤牛五花(112年) | C29: 1859.7446 | D29: 168.34 | E29: 164.53 | F29: 6.88 | G29: 605.78 | H29: =(E29+F29)/D29 -> 1.0182369 | I29: 1859.7446 | J29: 0 | K29: =J29/D29 -> 0 | L29: =J29*G29 -> 0 | M29: =((E29+F29)-D29)-J29 -> 3.07 | N29: =M29/D29 -> 0.018236902 | O29: 組合室 | P29: 研發設定 | Q29: 雙圈秤重範圍 | R29: 糖燻野郎三十天熟成牛飯
A30: 3 | B30: 蒸-醬香雞肉絲CL | C30: 1811.1632 | D30: 120.52 | E30: 120.99 | F30: 4.41 | G30: 371.14 | H30: =(E30+F30)/D30 -> 1.0404912 | I30: 1811.1632 | J30: 0 | K30: =J30/D30 -> 0 | L30: =J30*G30 -> 0 | M30: =((E30+F30)-D30)-J30 -> 4.88 | N30: =M30/D30 -> 0.040491205 | O30: 組合室 | P30: 取樣不穩 | R30: 共用類
A31: 4 | B31: 切筋子1cm | C31: 1694.6658 | D31: 8.37 | E31: 7.98 | F31: 1.2 | G31: 2092.18 | H31: =(E31+F31)/D31 -> 1.0967742 | I31: 1694.6658 | J31: 0 | K31: =J31/D31 -> 0 | L31: =J31*G31 -> 0 | M31: =((E31+F31)-D31)-J31 -> 0.81 | N31: =M31/D31 -> 0.096774194 | O31: 組合室 | P31: 取樣不穩 | R31: 一配筋子銀鮭飯糰
A32: 5 | B32: 煮中華冷麵(110年) | C32: 1672.8933 | D32: 4725.93 | E32: 4706.3 | F32: 62.1 | G32: 39.39 | H32: =(E32+F32)/D32 -> 1.0089866 | I32: 1672.8933 | J32: 0 | K32: =J32/D32 -> 0 | L32: =J32*G32 -> 0 | M32: =((E32+F32)-D32)-J32 -> 42.47 | N32: =M32/D32 -> 0.008986591 | O32: 組合室 | P32: 取樣不穩 | R32: 共用類
A33: 6 | B33: 切-究極燒肉片 | C33: 1544.4757 | D33: 39.19 | E33: 38.49 | F33: 3.6 | G33: 692.59 | H33: =(E33+F33)/D33 -> 1.0739985 | I33: 2008.511 | J33: 0.67 | K33: =J33/D33 -> 0.017096198 | L33: =J33*G33 -> 464.0353 | M33: =((E33+F33)-D33)-J33 -> 2.23 | N33: =M33/D33 -> 0.056902271 | O33: 組合室 | P33: 取樣不穩 | R33: 壹號醬雞豚雙拼
A34: 7 | B34: 蘑菇湯凍 | C34: 1490.7402 | D34: 256.32 | E34: 246.09 | F34: 24 | G34: 108.26 | H34: =(E34+F34)/D34 -> 1.0537219 | I34: 1490.7402 | J34: 0 | K34: =J34/D34 -> 0 | L34: =J34*G34 -> 0 | M34: =((E34+F34)-D34)-J34 -> 13.77 | N34: =M34/D34 -> 0.05372191 | O34: 組合室 | P34: 取樣不穩 | R34: 二配鐵板蘑菇肉醬起司焗飯
A35: 8 | B35: 煮牛肉片(A7) | C35: 1402.4918 | D35: 41.59 | E35: 41.93 | F35: 1.8 | G35: 655.37 | H35: =(E35+F35)/D35 -> 1.0514547 | I35: 1402.4918 | J35: 0 | K35: =J35/D35 -> 0 | L35: =J35*G35 -> 0 | M35: =((E35+F35)-D35)-J35 -> 2.14 | N35: =M35/D35 -> 0.051454677 | O35: 組合室 | P35: 取樣不穩 | R35: 越式牛肉寬粉
A36: 9 | B36: 蒸金沙醬 | C36: 1316.13 | D36: 14.82 | E36: 15.82 | F36: 0 | G36: 1316.13 | H36: =(E36+F36)/D36 -> 1.0674764 | I36: 1316.13 | J36: 0 | K36: =J36/D36 -> 0 | L36: =J36*G36 -> 0 | M36: =((E36+F36)-D36)-J36 -> 1 | N36: =M36/D36 -> 0.067476383 | O36: 組合室 | P36: 取樣不穩 | R36: 金沙豆腐細扁麵
A37: 10 | B37: 切-鹽烤牛肉 | C37: 1192.392 | D37: 47.98 | E37: 48.4 | F37: 1.38 | G37: 662.44 | H37: =(E37+F37)/D37 -> 1.0375156 | I37: 1192.392 | J37: 0 | K37: =J37/D37 -> 0 | L37: =J37*G37 -> 0 | M37: =((E37+F37)-D37)-J37 -> 1.8 | N37: =M37/D37 -> 0.037515632 | O37: 組合室 | P37: 取樣不穩 | R37: 共用類
A39: 共用類報廢金額前十名半成品
A40: 明細展開
A41: 排序 | B41: 半成品
B42: 名稱 | C42: 報廢金額 排序 | D42: 共用類總金額 占比
A44: 1 | B44: 消毒細切紅蘿蔔絲 | C44: 774.9728 | D44: =C44/$L$5 -> 0.23295868
A45: 2 | B45: 消毒青蔥絲 | C45: 723.0186 | D45: =C45/$L$5 -> 0.21734112
A46: 3 | B46: 消毒蔥花 | C46: 359.0248 | D46: =C46/$L$5 -> 0.10792371
A47: 4 | B47: 烤大口蛋皮(111年) | C47: 243.83 | D47: =C47/$L$5 -> 0.073295881
A48: 5 | B48: 川燙毛豆玉米 | C48: 209.9671 | D48: =C48/$L$5 -> 0.063116613
A49: 6 | B49: 60切-烤豆腐蛋白丁 | C49: 188.65 | D49: =C49/$L$5 -> 0.056708641
A50: 7 | B50: 鮮食雙色起司絲 | C50: 186 | D50: =C50/$L$5 -> 0.055912045
A51: 8 | B51: 烤12切家常豆腐 | C51: 171.99 | D51: =C51/$L$5 -> 0.051700605
A52: 9 | B52: 蒜炒紅k高麗菜(111年) | C52: 163.6352 | D52: =C52/$L$5 -> 0.049189133
A53: 10 | B53: 歐姆蛋(110年) | C53: 146.0385 | D53: =C53/$L$5 -> 0.043899522
A54: ※炊飯類不納入半成品廢棄計算
A56: ※淺黃色為工廠自填項目

Sheet 0927分析標準表
A1: 大溪廠半成品管理分析
A2: 日期 | C2: 營業額 | D2: 報廢展開 | F2: 超用展開 | H2: 報廢展開 | J2: 超用展開 | L2: 報廢展開
A3: 45927 | C3: 5183430.2 | D3: 總報廢 | F3: 總超用 | H3: 報廢-前10名 | J3: 超用-前10名 | L3: 共用類-總報廢
D4: 金額 | E4: 占比(營業額) | F4: 金額 | G4: 占比(營業額) | H4: 金額 | I4: 占比(總報廢) | J4: 金額 | K4: 占比(總超用) | L4: 金額 | M4: 占比(總報廢)
A5: 年度KPI目標0.25% | D5: 12493.837 | E5: =D5/C3 -> 0.0024103416 | F5: 36775.807 | G5: =F5/C3 -> 0.0070948784 | H5: =SUM(C12:C21) -> 3846.5122 | I5: =H5/D5 -> 0.30787276 | J5: =SUM(C28:C37) -> 17045.617 | K5: =J5/F5 -> 0.46350081 | L5: 2265.2746 | M5: =L5/D5 -> 0.18131136
A7: 報廢金額前十名半成品
A8: 明細展開 | D8: 生產資訊 | O8: 類別 | P8: 分析原因 (請填寫8大原因) | Q8: 其他原因說明 | R8: 備註-商品名稱
A9: 排序 | B9: 半成品 | D9: 生產端 | J9: 組合端
B10: 名稱 | C10: 報廢金額 排序 | D10: 產出量 | J10: 報廢 | L10: 超用
D11: 訂單需求 (kg) | E11: 實際產出 (kg) | F11: 補單 (kg) | G11: 單價 (元) | H11: 實際生產 (對比訂單需求) | I11: 差異 (元) | J11: kg | K11: 占比 | L11: kg | M11: 占比 | N11: 金額 (元)
A12: 1 | B12: 鹽麴銀鮭熟肉 | C12: 839.5 | D12: 7.97 | E12: 9.12 | F12: 0 | G12: 730 | H12: =(E12+F12)/D12 -> 1.1442911 | I12: 839.5 | J12: 1.15 | K12: =J12/D12 -> 0.14429109 | L12: =((E12+F12)-D12)-J12 -> 0 | M12: =L12/D12 -> 0 | N12: =L12*G12 -> 0 | O12: 調理端 | P12: 展開量105% | R12: 一配筋子銀鮭飯糰
A13: 2 | B13: 烤銀鮭魚肚 | C13: 463.5 | D13: 2361 | E13: 2391 | F13: 0 | G13: 15.45 | H13: =(E13+F13)/D13 -> 1.0127065 | I13: 463.5 | J13: 30 | K13: =J13/D13 -> 0.01270648 | L13: =((E13+F13)-D13)-J13 -> 0 | M13: =L13/D13 -> 0 | N13: =L13*G13 -> 0 | O13: 調理端 | P13: 研發設定 | Q13: 研發設定，小片的規格不符合指示書設定重量 | R13: 一配贅沢鮭魚肚飯糰
A14: 3 | B14: 烤黑胡椒洋蔥絲 | C14: 355.5917 | D14: 83.54 | E14: 87.02 | F14: 0 | G14: 141.67 | H14: =(E14+F14)/D14 -> 1.0416567 | I14: 493.0116 | J14: 2.51 | K14: =J14/D14 -> 0.030045487 | L14: =((E14+F14)-D14)-J14 -> 0.97 | M14: =L14/D14 -> 0.011611204 | N14: =L14*G14 -> 137.4199 | O14: 調理端 | P14: 取樣不穩 | R14: 糖燻野郎三十天熟成牛飯
A15: 4 | B15: 清炒高麗菜 | C15: 337.755 | D15: 115.11 | E15: 121.57 | F15: 0 | G15: 122.82 | H15: =(E15+F15)/D15 -> 1.0561202 | I15: 793.4172 | J15: 2.75 | K15: =J15/D15 -> 0.023890192 | L15: =((E15+F15)-D15)-J15 -> 3.71 | M15: =L15/D15 -> 0.032230041 | N15: =L15*G15 -> 455.6622 | O15: 調理端 | P15: 展開量105% | R15: 美式雞丁餐盒(113年)
A16: 5 | B16: (V)川燙小青花菜 | C16: 324.346 | D16: 449.78 | E16: 450.23 | F16: 5.92 | G16: 147.43 | H16: =(E16+F16)/D16 -> 1.0141625 | I16: 939.1291 | J16: 2.2 | K16: =J16/D16 -> 0.0048912802 | L16: =((E16+F16)-D16)-J16 -> 4.17 | M16: =L16/D16 -> 0.0092711993 | N16: =L16*G16 -> 614.7831 | O16: 調理端 | P16: 原物料規格 | Q16: 大顆比例高 | R16: 共用類
A17: 6 | B17: 妮妮-烤漢堡排肉 | C17: 318.9 | D17: 2854 | E17: 2844 | F17: 40 | G17: 10.63 | H17: =(E17+F17)/D17 -> 1.0105116 | I17: 318.9 | J17: 30 | K17: =J17/D17 -> 0.010511563 | L17: =((E17+F17)-D17)-J17 -> 0 | M17: =L17/D17 -> 0 | N17: =L17*G17 -> 0 | O17: 調理端 | P17: 取樣不穩 | R17: 妮妮家漢堡排
A18: 7 | B18: 煮紅蘿蔔塊(VN101) | C18: 310.9827 | D18: 73.21 | E18: 76.02 | F18: 0 | G18: 110.67 | H18: =(E18+F18)/D18 -> 1.0383827 | I18: 310.9827 | J18: 2.81 | K18: =J18/D18 -> 0.038382735 | L18: =((E18+F18)-D18)-J18 -> 0 | M18: =L18/D18 -> 0 | N18: =L18*G18 -> 0 | O18: 調理端 | P18: 取樣不穩 | R18: 健身G肉餐盒(113年)
A19: 8 | B19: 蒜炒紅k高麗菜(111年) | C19: 304.2592 | D19: 339.26 | E19: 332.84 | F19: 13.5 | G19: 127.84 | H19: =(E19+F19)/D19 -> 1.020869 | I19: 905.1072 | J19: 2.38 | K19: =J19/D19 -> 0.0070152685 | L19: =((E19+F19)-D19)-J19 -> 4.7 | M19: =L19/D19 -> 0.013853682 | N19: =L19*G19 -> 600.848 | O19: 調理端 | P19: 取樣不穩 | R19: 共用類
A20: 9 | B20: 川燙毛豆玉米 | C20: 296.7956 | D20: 186.62 | E20: 186.04 | F20: 3.36 | G20: 157.87 | H20: =(E20+F20)/D20 -> 1.0148966 | I20: 438.8786 | J20: 1.88 | K20: =J20/D20 -> 0.010073947 | L20: =((E20+F20)-D20)-J20 -> 0.9 | M20: =L20/D20 -> 0.0048226342 | N20: =L20*G20 -> 142.083 | O20: 調理端 | P20: 取樣不穩 | R20: 共用類
A21: 10 | B21: 川燙韭菜綠豆芽A7 | C21: 294.882 | D21: 24.49 | E21: 21.54 | F21: 5.4 | G21: 120.36 | H21: =(E21+F21)/D21 -> 1.1000408 | I21: 294.882 | J21: 2.45 | K21: =J21/D21 -> 0.10004083 | L21: =((E21+F21)-D21)-J21 -> 0 | M21: =L21/D21 -> 0 | N21: =L21*G21 -> 0 | O21: 調理端 | P21: 展開量105% | R21: 擔仔炊粉湯
A23: 超用金額前十名半成品
A24: 明細展開 | D24: 生產資訊 | O24: 類別 | P24: 分析原因 (請填寫8大原因) | Q24: 其他原因說明 | R24: 備註-商品名稱
A25: 排序 | B25: 半成品 | D25: 生產端 | J25: 組合端
B26: 名稱 | C26: 超用金額 排序 | D26: 產出量 | J26: 報廢 | M26: 超用
D27: 訂單需求 (kg) | E27: 實際產出 (kg) | F27: 補單 (kg) | G27: 單價 (元) | H27: 實際生產 (對比訂單需求) | I27: 差異 (元) | J27: kg | K27: 占比 | L27: 金額 (元) | M27: kg | N27: 占比
A28: 1 | B28: 蒸-全熟雞肉絲CL(113年) | C28: 3823.1424 | D28: 152.06 | E28: 158.42 | F28: 2.6 | G28: 426.69 | H28: =(E28+F28)/D28 -> 1.0589241 | I28: 3823.1424 | J28: 0 | K28: =J28/D28 -> 0 | L28: =J28*G28 -> 0 | M28: =((E28+F28)-D28)-J28 -> 8.96 | N28: =M28/D28 -> 0.058924109 | O28: 組合室 | P28: 取樣不穩 | R28: 雞肉飯飯糰
A29: 2 | B29: 切-烤牛五花(112年) | C29: 2980.4376 | D29: 149.68 | E29: 151.16 | F29: 3.44 | G29: 605.78 | H29: =(E29+F29)/D29 -> 1.0328701 | I29: 2980.4376 | J29: 0 | K29: =J29/D29 -> 0 | L29: =J29*G29 -> 0 | M29: =((E29+F29)-D29)-J29 -> 4.92 | N29: =M29/D29 -> 0.032870123 | O29: 組合室 | P29: 研發設定 | Q29: 雙圈秤重範圍 | R29: 糖燻野郎三十天熟成牛飯
A30: 3 | B30: 炙燒韓式牛五花 | C30: 2126.02 | D30: 36.84 | E30: 38.09 | F30: 2.56 | G30: 629 | H30: =(E30+F30)/D30 -> 1.1034202 | I30: 2396.49 | J30: 0.43 | K30: =J30/D30 -> 0.011672096 | L30: =J30*G30 -> 270.47 | M30: =((E30+F30)-D30)-J30 -> 3.38 | N30: =M30/D30 -> 0.0917481 | O30: 組合室 | P30: 取樣不穩 | R30: 壹號醬炙烤牛飯糰
A31: 4 | B31: 分切炙燒炭火燒肉片(主食) | C31: 1729.64 | D31: 52.78 | E31: 52.87 | F31: 2.66 | G31: 628.96 | H31: =(E31+F31)/D31 -> 1.0521031 | I31: 1729.64 | J31: 0 | K31: =J31/D31 -> 0 | L31: =J31*G31 -> 0 | M31: =((E31+F31)-D31)-J31 -> 2.75 | N31: =M31/D31 -> 0.052103069 | O31: 組合室 | P31: 研發設定 | Q31: 雙圈秤重範圍 | R31: 蒜蒜燒豚飯
A32: 5 | B32: 煮中華冷麵(110年) | C32: 1204.1523 | D32: 3409.53 | E32: 3393 | F32: 47.1 | G32: 39.39 | H32: =(E32+F32)/D32 -> 1.008966 | I32: 1204.1523 | J32: 0 | K32: =J32/D32 -> 0 | L32: =J32*G32 -> 0 | M32: =((E32+F32)-D32)-J32 -> 30.57 | N32: =M32/D32 -> 0.0089660452 | O32: 組合室 | P32: 取樣不穩 | R32: 共用類
A33: 6 | B33: 川燙白蝦仁6號 | C33: 1186.636 | D33: 1113 | E33: 982.69 | F33: 400 | G33: 4.4 | H33: =(E33+F33)/D33 -> 1.2423091 | I33: 1186.636 | J33: 0 | K33: =J33/D33 -> 0 | L33: =J33*G33 -> 0 | M33: =((E33+F33)-D33)-J33 -> 269.69 | N33: =M33/D33 -> 0.24230907 | O33: 組合室 | P33: 取樣不穩 | R33: 擔仔炊粉湯
A34: 7 | B34: 鮮食雙色起司絲 | C34: 1052 | D34: 108.52 | E34: 108.65 | F34: 5.35 | G34: 200 | H34: =(E34+F34)/D34 -> 1.0504976 | I34: 1096 | J34: 0.22 | K34: =J34/D34 -> 0.0020272761 | L34: =J34*G34 -> 44 | M34: =((E34+F34)-D34)-J34 -> 5.26 | N34: =M34/D34 -> 0.048470328 | O34: 組合室 | P34: 取樣不穩 | R34: 共用類
A35: 8 | B35: 歐姆蛋-黑咖哩醬 | C35: 1004.5147 | D35: 283.5 | E35: 277.69 | F35: 21 | G35: 66.13 | H35: =(E35+F35)/D35 -> 1.0535802 | I35: 1004.5147 | J35: 0 | K35: =J35/D35 -> 0 | L35: =J35*G35 -> 0 | M35: =((E35+F35)-D35)-J35 -> 15.19 | N35: =M35/D35 -> 0.053580247 | O35: 組合室 | P35: 取樣不穩 | R35: 二配里肌豬排可可咖哩歐姆蛋飯
A36: 9 | B36: 煮牛肉片(A7) | C36: 1002.7161 | D36: 41.69 | E36: 40.22 | F36: 3 | G36: 655.37 | H36: =(E36+F36)/D36 -> 1.0366994 | I36: 1002.7161 | J36: 0 | K36: =J36/D36 -> 0 | L36: =J36*G36 -> 0 | M36: =((E36+F36)-D36)-J36 -> 1.53 | N36: =M36/D36 -> 0.036699448 | O36: 組合室 | P36: 取樣不穩 | R36: 越式牛肉寬粉
A37: 10 | B37: 炒油蔥醬 | C37: 936.3575 | D37: 123.56 | E37: 129.04 | F37: 0.65 | G37: 152.75 | H37: =(E37+F37)/D37 -> 1.0496115 | I37: 936.3575 | J37: 0 | K37: =J37/D37 -> 0 | L37: =J37*G37 -> 0 | M37: =((E37+F37)-D37)-J37 -> 6.13 | N37: =M37/D37 -> 0.049611525 | O37: 組合室 | P37: 取樣不穩 | R37: 雞肉飯飯糰
A39: 共用類報廢金額前十名半成品
A40: 明細展開
A41: 排序 | B41: 半成品
B42: 名稱 | C42: 報廢金額 排序 | D42: 共用類總金額 占比
A44: 1 | B44: (V)川燙小青花菜 | C44: 324.346 | D44: =C44/$L$5 -> 0.14318176
A45: 2 | B45: 蒜炒紅k高麗菜(111年) | C45: 304.2592 | D45: =C45/$L$5 -> 0.13431449
A46: 3 | B46: 川燙毛豆玉米 | C46: 296.7956 | D46: =C46/$L$5 -> 0.1310197
A47: 4 | B47: 60切-烤豆腐蛋白丁 | C47: 269.5 | D47: =C47/$L$5 -> 0.11897012
A48: 5 | B48: 烤12切家常豆腐 | C48: 259.74 | D48: =C48/$L$5 -> 0.1146616
A49: 6 | B49: 烤大口蛋皮(111年) | C49: 230.65 | D49: =C49/$L$5 -> 0.10181989
A50: 7 | B50: 歐姆蛋(110年) | C50: 146.0385 | D50: =C50/$L$5 -> 0.064468343
A51: 8 | B51: 消毒細切紅蘿蔔絲 | C51: 102.1208 | D51: =C51/$L$5 -> 0.04508098
A52: 9 | B52: (V)消毒小黃瓜絲 | C52: 86.88 | D52: =C52/$L$5 -> 0.038352966
A53: 10 | B53: 蒸-醬香雞肉絲CL | C53: 74.228 | D53: =C53/$L$5 -> 0.032767771
A54: ※炊飯類不納入半成品廢棄計算
A56: ※淺黃色為工廠自填項目

Sheet 0926分析標準表
A1: 大溪廠半成品管理分析
A2: 日期 | C2: 營業額 | D2: 報廢展開 | F2: 超用展開 | H2: 報廢展開 | J2: 超用展開 | L2: 報廢展開
A3: 45926 | C3: 5226513.3 | D3: 總報廢 | F3: 總超用 | H3: 報廢-前10名 | J3: 超用-前10名 | L3: 共用類-總報廢
D4: 金額 | E4: 占比(營業額) | F4: 金額 | G4: 占比(營業額) | H4: 金額 | I4: 占比(總報廢) | J4: 金額 | K4: 占比(總超用) | L4: 金額 | M4: 占比(總報廢)
A5: 年度KPI目標0.25% | D5: 12595.986 | E5: =D5/C3 -> 0.002410017 | F5: 37138 | G5: =F5/C3 -> 0.0071056933 | H5: =SUM(C12:C21) -> 3258.012 | I5: =H5/D5 -> 0.25865479 | J5: =SUM(C28:C37) -> 18684.236 | K5: =J5/F5 -> 0.5031029 | L5: 2389.5566 | M5: =L5/D5 -> 0.18970779
A7: 報廢金額前十名半成品
A8: 明細展開 | D8: 生產資訊 | O8: 類別 | P8: 分析原因 (請填寫8大原因) | Q8: 其他原因說明 | R8: 備註-商品名稱
A9: 排序 | B9: 半成品 | D9: 生產端 | J9: 組合端
B10: 名稱 | C10: 報廢金額 排序 | D10: 產出量 | J10: 報廢 | L10: 超用
D11: 訂單需求 (kg) | E11: 實際產出 (kg) | F11: 補單 (kg) | G11: 單價 (元) | H11: 實際生產 (對比訂單需求) | I11: 差異 (元) | J11: kg | K11: 占比 | L11: kg | M11: 占比 | N11: 金額 (元)
A12: 1 | B12: 烤銀鮭魚肚 | C12: 556.2 | D12: 2503 | E12: 2539 | F12: 0 | G12: 15.45 | H12: =(E12+F12)/D12 -> 1.0143827 | I12: 556.2 | J12: 36 | K12: =J12/D12 -> 0.014382741 | L12: =((E12+F12)-D12)-J12 -> 0 | M12: =L12/D12 -> 0 | N12: =L12*G12 -> 0 | O12: 調理端 | P12: 研發設定 | Q12: 研發設定，小片的規格不符合指示書設定重量 | R12: 一配贅沢鮭魚肚飯糰
A13: 2 | B13: (V)消毒小黃瓜絲 | C13: 330.144 | D13: 185.72 | E13: 188 | F13: 0 | G13: 144.8 | H13: =(E13+F13)/D13 -> 1.0122765 | I13: 330.144 | J13: 2.28 | K13: =J13/D13 -> 0.012276545 | L13: =((E13+F13)-D13)-J13 -> 0 | M13: =L13/D13 -> 0 | N13: =L13*G13 -> 0 | O13: 調理端 | P13: 取樣不穩 | R13: 共用類
A14: 3 | B14: 炒洋菇片(烘焙油) | C14: 306.9154 | D14: 22.56 | E14: 23.78 | F14: 0 | G14: 251.57 | H14: =(E14+F14)/D14 -> 1.054078 | I14: 306.9154 | J14: 1.22 | K14: =J14/D14 -> 0.054078014 | L14: =((E14+F14)-D14)-J14 -> 2.4424907e-15 | M14: =L14/D14 -> 1.0826643e-16 | N14: =L14*G14 -> 6.1445737e-13 | O14: 調理端 | P14: 展開量105% | R14: 二配鐵板蘑菇肉醬起司焗飯
A15: 4 | B15: 113年川燙綠豆芽 | C15: 305.088 | D15: 45.39 | E15: 48.19 | F15: 0 | G15: 108.96 | H15: =(E15+F15)/D15 -> 1.0616876 | I15: 305.088 | J15: 2.8 | K15: =J15/D15 -> 0.061687596 | L15: =((E15+F15)-D15)-J15 -> 0 | M15: =L15/D15 -> 0 | N15: =L15*G15 -> 0 | O15: 調理端 | P15: 展開量105% | R15: 越式牛肉寬粉
A16: 5 | B16: 清炒高麗菜 | C16: 299.6808 | D16: 120.11 | E16: 122.55 | F16: 0 | G16: 122.82 | H16: =(E16+F16)/D16 -> 1.0203147 | I16: 299.6808 | J16: 2.44 | K16: =J16/D16 -> 0.020314712 | L16: =((E16+F16)-D16)-J16 -> 0 | M16: =L16/D16 -> 0 | N16: =L16*G16 -> 0 | O16: 調理端 | P16: 取樣不穩 | R16: 美式雞丁餐盒(113年)
A17: 6 | B17: 蒸-醬香雞肉絲CL | C17: 296.912 | D17: 81.78 | E17: 81.83 | F17: 2.1 | G17: 371.14 | H17: =(E17+F17)/D17 -> 1.02629 | I17: 797.951 | J17: 0.8 | K17: =J17/D17 -> 0.0097823429 | L17: =((E17+F17)-D17)-J17 -> 1.35 | M17: =L17/D17 -> 0.016507704 | N17: =L17*G17 -> 501.039 | O17: 調理端 | P17: 取樣不穩 | R17: 共用類
A18: 7 | B18: 奶油蕈菇起司醬(113年) | C18: 296.66 | D18: 122.72 | E18: 125.32 | F18: 0 | G18: 114.1 | H18: =(E18+F18)/D18 -> 1.0211864 | I18: 296.66 | J18: 2.6 | K18: =J18/D18 -> 0.021186441 | L18: =((E18+F18)-D18)-J18 -> -5.7731597e-15 | M18: =L18/D18 -> -4.7043349e-17 | N18: =L18*G18 -> -6.5871752e-13 | O18: 調理端 | P18: 取樣不穩 | R18: 大口法式蕈菇起司雞排飯糰(113年)
A19: 8 | B19: 炒紅K高麗菜(飯糰) | C19: 296.583 | D19: 31.2 | E19: 34.1 | F19: 0 | G19: 102.27 | H19: =(E19+F19)/D19 -> 1.0929487 | I19: 296.583 | J19: 2.9 | K19: =J19/D19 -> 0.092948718 | L19: =((E19+F19)-D19)-J19 -> -4.8849813e-15 | M19: =L19/D19 -> -1.5656991e-16 | N19: =L19*G19 -> -4.9958704e-13 | O19: 調理端 | P19: 展開量105% | R19: 大口蒜味香腸燒肉雙拼飯糰
A20: 9 | B20: 消毒細切紅蘿蔔絲 | C20: 293.0008 | D20: 189.15 | E20: 188.41 | F20: 11.2 | G20: 95.44 | H20: =(E20+F20)/D20 -> 1.0553 | I20: 998.3024 | J20: 3.07 | K20: =J20/D20 -> 0.016230505 | L20: =((E20+F20)-D20)-J20 -> 7.39 | M20: =L20/D20 -> 0.039069522 | N20: =L20*G20 -> 705.3016 | O20: 調理端 | P20: 展開量105% | R20: 共用類
A21: 10 | B21: 川燙韭菜綠豆芽A7 | C21: 276.828 | D21: 23.94 | E21: 23.92 | F21: 2.32 | G21: 120.36 | H21: =(E21+F21)/D21 -> 1.0960735 | I21: 276.828 | J21: 2.3 | K21: =J21/D21 -> 0.096073517 | L21: =((E21+F21)-D21)-J21 -> 0 | M21: =L21/D21 -> 0 | N21: =L21*G21 -> 0 | O21: 調理端 | P21: 展開量105% | R21: 擔仔炊粉湯
A23: 超用金額前十名半成品
A24: 明細展開 | D24: 生產資訊 | O24: 類別 | P24: 分析原因 (請填寫8大原因) | Q24: 其他原因說明 | R24: 備註-商品名稱
A25: 排序 | B25: 半成品 | D25: 生產端 | J25: 組合端
B26: 名稱 | C26: 超用金額 排序 | D26: 產出量 | J26: 報廢 | M26: 超用
D27: 訂單需求 (kg) | E27: 實際產出 (kg) | F27: 補單 (kg) | G27: 單價 (元) | H27: 實際生產 (對比訂單需求) | I27: 差異 (元) | J27: kg | K27: 占比 | L27: 金額 (元) | M27: kg | N27: 占比
A28: 1 | B28: 蒸-全熟雞肉絲CL(113年) | C28: 3515.9256 | D28: 159.24 | E28: 165.4 | F28: 2.08 | G28: 426.69 | H28: =(E28+F28)/D28 -> 1.0517458 | I28: 3515.9256 | J28: 0 | K28: =J28/D28 -> 0 | L28: =J28*G28 -> 0 | M28: =((E28+F28)-D28)-J28 -> 8.24 | N28: =M28/D28 -> 0.051745793 | O28: 組合室 | P28: 取樣不穩 | R28: 雞肉飯飯糰
A29: 2 | B29: 切-烤牛五花(112年) | C29: 3053.1312 | D29: 150.54 | E29: 151.48 | F29: 4.1 | G29: 605.78 | H29: =(E29+F29)/D29 -> 1.0334795 | I29: 3053.1312 | J29: 0 | K29: =J29/D29 -> 0 | L29: =J29*G29 -> 0 | M29: =((E29+F29)-D29)-J29 -> 5.04 | N29: =M29/D29 -> 0.033479474 | O29: 組合室 | P29: 研發設定 | Q29: 雙圈秤重範圍 | R29: 糖燻野郎三十天熟成牛飯
A30: 3 | B30: 炙燒韓式牛五花 | C30: 2490.84 | D30: 37.2 | E30: 39.96 | F30: 1.2 | G30: 629 | H30: =(E30+F30)/D30 -> 1.1064516 | I30: 2490.84 | J30: 0 | K30: =J30/D30 -> 0 | L30: =J30*G30 -> 0 | M30: =((E30+F30)-D30)-J30 -> 3.96 | N30: =M30/D30 -> 0.10645161 | O30: 組合室 | P30: 取樣不穩 | R30: 壹號醬炙烤牛飯糰
A31: 4 | B31: 蘑菇湯凍 | C31: 2043.9488 | D31: 240.64 | E31: 236.32 | F31: 23.2 | G31: 108.26 | H31: =(E31+F31)/D31 -> 1.0784574 | I31: 2043.9488 | J31: 0 | K31: =J31/D31 -> 0 | L31: =J31*G31 -> 0 | M31: =((E31+F31)-D31)-J31 -> 18.88 | N31: =M31/D31 -> 0.078457447 | O31: 組合室 | P31: 研發設定 | Q31: 雙圈秤重範圍 | R31: 二配鐵板蘑菇肉醬起司焗飯
A32: 5 | B32: 粗剝-蒸鰤魚 | C32: 1706.5375 | D32: 6.55 | E32: 6.6 | F32: 1.2 | G32: 1365.23 | H32: =(E32+F32)/D32 -> 1.1908397 | I32: 1706.5375 | J32: 0 | K32: =J32/D32 -> 0 | L32: =J32*G32 -> 0 | M32: =((E32+F32)-D32)-J32 -> 1.25 | N32: =M32/D32 -> 0.19083969 | O32: 組合室 | P32: 取樣不穩 | R32: 一配照燒鰤魚大根飯糰
A33: 6 | B33: (V)川燙小青花菜 | C33: 1379.9448 | D33: 481.13 | E33: 478.71 | F33: 11.78 | G33: 147.43 | H33: =(E33+F33)/D33 -> 1.0194542 | I33: 1379.9448 | J33: 0 | K33: =J33/D33 -> 0 | L33: =J33*G33 -> 0 | M33: =((E33+F33)-D33)-J33 -> 9.36 | N33: =M33/D33 -> 0.019454202 | O33: 組合室 | P33: 原物料規格 | Q33: 大顆比例高 | R33: 共用類
A34: 7 | B34: 切-鹽烤牛肉 | C34: 1172.5188 | D34: 45.22 | E34: 45.84 | F34: 1.15 | G34: 662.44 | H34: =(E34+F34)/D34 -> 1.039142 | I34: 1172.5188 | J34: 0 | K34: =J34/D34 -> 0 | L34: =J34*G34 -> 0 | M34: =((E34+F34)-D34)-J34 -> 1.77 | N34: =M34/D34 -> 0.039141973 | O34: 組合室 | P34: 取樣不穩 | R34: 共用類
A35: 8 | B35: 拌鹽烤豬肉片(114年) | C35: 1139.6784 | D35: 246.08 | E35: 248.84 | F35: 1.52 | G35: 266.28 | H35: =(E35+F35)/D35 -> 1.0173927 | I35: 1139.6784 | J35: 0 | K35: =J35/D35 -> 0 | L35: =J35*G35 -> 0 | M35: =((E35+F35)-D35)-J35 -> 4.28 | N35: =M35/D35 -> 0.017392718 | O35: 組合室 | P35: 取樣不穩 | R35: 鹽蔥燒肉飯糰
A36: 9 | B36: 切-究極燒肉片 | C36: 1135.8476 | D36: 35.93 | E36: 35.77 | F36: 1.8 | G36: 692.59 | H36: =(E36+F36)/D36 -> 1.0456443 | I36: 1135.8476 | J36: 0 | K36: =J36/D36 -> 0 | L36: =J36*G36 -> 0 | M36: =((E36+F36)-D36)-J36 -> 1.64 | N36: =M36/D36 -> 0.045644308 | O36: 組合室 | P36: 取樣不穩 | R36: 壹號醬雞豚雙拼
A37: 10 | B37: 炒培根片(114年) | C37: 1045.863 | D37: 18.33 | E37: 18.93 | F37: 1.35 | G37: 536.34 | H37: =(E37+F37)/D37 -> 1.106383 | I37: 1045.863 | J37: 0 | K37: =J37/D37 -> 0 | L37: =J37*G37 -> 0 | M37: =((E37+F37)-D37)-J37 -> 1.95 | N37: =M37/D37 -> 0.10638298 | O37: 組合室 | P37: 取樣不穩 | R37: 二配哞哞培根奶香海陸焗飯
A39: 共用類報廢金額前十名半成品
A40: 明細展開
A41: 排序 | B41: 半成品
B42: 名稱 | C42: 報廢金額 排序 | D42: 共用類總金額 占比
A44: 1 | B44: (V)消毒小黃瓜絲 | C44: 330.144 | D44: =C44/$L$5 -> 0.1381612
A45: 2 | B45: 蒸-醬香雞肉絲CL | C45: 296.912 | D45: =C45/$L$5 -> 0.12425401
A46: 3 | B46: 消毒細切紅蘿蔔絲 | C46: 293.0008 | D46: =C46/$L$5 -> 0.12261723
A47: 4 | B47: 鮮食雙色起司絲 | C47: 272 | D47: =C47/$L$5 -> 0.11382865
A48: 5 | B48: 60切-烤豆腐蛋白丁 | C48: 249.9 | D48: =C48/$L$5 -> 0.10458007
A49: 6 | B49: 烤12切家常豆腐 | C49: 228.15 | D49: =C49/$L$5 -> 0.095477964
A50: 7 | B50: 川燙毛豆玉米 | C50: 200.4949 | D50: =C50/$L$5 -> 0.083904646
A51: 8 | B51: 蒜炒紅k高麗菜(111年) | C51: 191.76 | D51: =C51/$L$5 -> 0.080249198
A52: 9 | B52: 歐姆蛋(110年) | C52: 146.0385 | D52: =C52/$L$5 -> 0.061115313
A53: 10 | B53: 川燙紅蘿蔔塊2cm | C53: 72.6465 | D53: =C53/$L$5 -> 0.030401665
A54: ※炊飯類不納入半成品廢棄計算
A56: ※淺黃色為工廠自填項目

Sheet 0925分析標準表
A1: 大溪廠半成品管理分析
A2: 日期 | C2: 營業額 | D2: 報廢展開 | F2: 超用展開 | H2: 報廢展開 | J2: 超用展開 | L2: 報廢展開
A3: 45925 | C3: 6557727.1 | D3: 總報廢 | F3: 總超用 | H3: 報廢-前10名 | J3: 超用-前10名 | L3: 共用類-總報廢
D4: 金額 | E4: 占比(營業額) | F4: 金額 | G4: 占比(營業額) | H4: 金額 | I4: 占比(總報廢) | J4: 金額 | K4: 占比(總超用) | L4: 金額 | M4: 占比(總報廢)
A5: 年度KPI目標0.25% | D5: 15819.225 | E5: =D5/C3 -> 0.0024123031 | F5: 46633.562 | G5: =F5/C3 -> 0.0071112386 | H5: =SUM(C12:C21) -> 4625.5322 | I5: =H5/D5 -> 0.29239942 | J5: =SUM(C28:C37) -> 16899.604 | K5: =J5/F5 -> 0.36239144 | L5: 4091.5539 | M5: =L5/D5 -> 0.25864439
A7: 報廢金額前十名半成品
A8: 明細展開 | D8: 生產資訊 | O8: 類別 | P8: 分析原因 (請填寫8大原因) | Q8: 其他原因說明 | R8: 備註-商品名稱
A9: 排序 | B9: 半成品 | D9: 生產端 | J9: 組合端
B10: 名稱 | C10: 報廢金額 排序 | D10: 產出量 | J10: 報廢 | L10: 超用
D11: 訂單需求 (kg) | E11: 實際產出 (kg) | F11: 補單 (kg) | G11: 單價 (元) | H11: 實際生產 (對比訂單需求) | I11: 差異 (元) | J11: kg | K11: 占比 | L11: kg | M11: 占比 | N11: 金額 (元)
A12: 1 | B12: (V)川燙小青花菜 | C12: 1480.1972 | D12: 716.94 | E12: 726.98 | F12: 0 | G12: 147.43 | H12: =(E12+F12)/D12 -> 1.014004 | I12: 1480.1972 | J12: 10.04 | K12: =J12/D12 -> 0.014003961 | L12: =((E12+F12)-D12)-J12 -> -3.5527137e-14 | M12: =L12/D12 -> -4.9553849e-17 | N12: =L12*G12 -> -5.2377658e-12 | O12: 調理端 | P12: 原物料規格 | Q12: 大顆比例高 | R12: 共用類
A13: 2 | B13: 烤銀鮭魚肚 | C13: 849.75 | D13: 3759 | E13: 3814 | F13: 0 | G13: 15.45 | H13: =(E13+F13)/D13 -> 1.0146316 | I13: 849.75 | J13: 55 | K13: =J13/D13 -> 0.014631551 | L13: =((E13+F13)-D13)-J13 -> 0 | M13: =L13/D13 -> 0 | N13: =L13*G13 -> 0 | O13: 調理端 | P13: 研發設定 | Q13: 研發設定，小片的規格不符合指示書設定重量 | R13: 一配贅沢鮭魚肚飯糰
A14: 3 | B14: 消毒細切紅蘿蔔絲 | C14: 386.532 | D14: 182.38 | E14: 186.43 | F14: 0 | G14: 95.44 | H14: =(E14+F14)/D14 -> 1.0222064 | I14: 386.532 | J14: 4.05 | K14: =J14/D14 -> 0.022206382 | L14: =((E14+F14)-D14)-J14 -> 1.1546319e-14 | M14: =L14/D14 -> 6.3309132e-17 | N14: =L14*G14 -> 1.1019807e-12 | O14: 調理端 | P14: 取樣不穩 | R14: 共用類
A15: 4 | B15: 113年川燙綠豆芽 | C15: 276.7584 | D15: 51.66 | E15: 54.2 | F15: 0 | G15: 108.96 | H15: =(E15+F15)/D15 -> 1.0491676 | I15: 276.7584 | J15: 2.54 | K15: =J15/D15 -> 0.049167635 | L15: =((E15+F15)-D15)-J15 -> 6.2172489e-15 | M15: =L15/D15 -> 1.2034938e-16 | N15: =L15*G15 -> 6.7743144e-13 | O15: 調理端 | P15: 取樣不穩 | R15: 越式牛肉寬粉
A16: 5 | B16: 炸馬鈴薯塊 | C16: 273.823 | D16: 65.21 | E16: 66.76 | F16: 0 | G16: 176.66 | H16: =(E16+F16)/D16 -> 1.0237694 | I16: 273.823 | J16: 1.55 | K16: =J16/D16 -> 0.023769361 | L16: =((E16+F16)-D16)-J16 -> 1.1324275e-14 | M16: =L16/D16 -> 1.7365856e-16 | N16: =L16*G16 -> 2.0005464e-12 | O16: 調理端 | P16: 取樣不穩 | R16: 妮妮家漢堡排
A17: 6 | B17: 消毒青蔥絲 | C17: 273.306 | D17: 29.9 | E17: 31 | F17: 0 | G17: 248.46 | H17: =(E17+F17)/D17 -> 1.0367893 | I17: 273.306 | J17: 1.1 | K17: =J17/D17 -> 0.036789298 | L17: =((E17+F17)-D17)-J17 -> 0 | M17: =L17/D17 -> 0 | N17: =L17*G17 -> 0 | O17: 調理端 | P17: 取樣不穩 | R17: 共用類
A18: 7 | B18: (V)消毒小黃瓜絲 | C18: 272.224 | D18: 180.11 | E18: 181.99 | F18: 0 | G18: 144.8 | H18: =(E18+F18)/D18 -> 1.0104381 | I18: 272.224 | J18: 1.88 | K18: =J18/D18 -> 0.010438066 | L18: =((E18+F18)-D18)-J18 -> -4.4408921e-15 | M18: =L18/D18 -> -2.4656555e-17 | N18: =L18*G18 -> -6.4304118e-13 | O18: 調理端 | P18: 取樣不穩 | R18: 共用類
A19: 8 | B19: 大口椒麻醬 | C19: 271.8298 | D19: 25.63 | E19: 27.2 | F19: 0 | G19: 173.14 | H19: =(E19+F19)/D19 -> 1.0612563 | I19: 271.8298 | J19: 1.57 | K19: =J19/D19 -> 0.06125634 | L19: =((E19+F19)-D19)-J19 -> 0 | M19: =L19/D19 -> 0 | N19: =L19*G19 -> 0 | O19: 調理端 | P19: 展開量105% | R19: 大口花椒香麻雞飯糰
A20: 9 | B20: 洋蔥壹號醬 | C20: 271.1463 | D20: 42.52 | E20: 44.55 | F20: 0 | G20: 153.19 | H20: =(E20+F20)/D20 -> 1.0477422 | I20: 310.9757 | J20: 1.77 | K20: =J20/D20 -> 0.041627469 | L20: =((E20+F20)-D20)-J20 -> 0.26 | M20: =L20/D20 -> 0.0061147695 | N20: =L20*G20 -> 39.8294 | O20: 調理端 | P20: 取樣不穩 | R20: 壹號醬炙烤牛飯糰
A21: 10 | B21: 薑炒筍尾 | C21: 269.9655 | D21: 44.95 | E21: 44.3 | F21: 2.6 | G21: 183.65 | H21: =(E21+F21)/D21 -> 1.0433815 | I21: 358.1175 | J21: 1.47 | K21: =J21/D21 -> 0.032703003 | L21: =((E21+F21)-D21)-J21 -> 0.48 | M21: =L21/D21 -> 0.010678532 | N21: =L21*G21 -> 88.152 | O21: 調理端 | P21: 取樣不穩 | R21: 經典滷肉飯
A23: 超用金額前十名半成品
A24: 明細展開 | D24: 生產資訊 | O24: 類別 | P24: 分析原因 (請填寫8大原因) | Q24: 其他原因說明 | R24: 備註-商品名稱
A25: 排序 | B25: 半成品 | D25: 生產端 | J25: 組合端
B26: 名稱 | C26: 超用金額 排序 | D26: 產出量 | J26: 報廢 | M26: 超用
D27: 訂單需求 (kg) | E27: 實際產出 (kg) | F27: 補單 (kg) | G27: 單價 (元) | H27: 實際生產 (對比訂單需求) | I27: 差異 (元) | J27: kg | K27: 占比 | L27: 金額 (元) | M27: kg | N27: 占比
A28: 1 | B28: 炒照燒牛蒡腿丁 | C28: 3586.4645 | D28: 63.59 | E28: 63.18 | F28: 11.2 | G28: 345.85 | H28: =(E28+F28)/D28 -> 1.1696808 | I28: 3731.7215 | J28: 0.42 | K28: =J28/D28 -> 0.0066048121 | L28: =J28*G28 -> 145.257 | M28: =((E28+F28)-D28)-J28 -> 10.37 | N28: =M28/D28 -> 0.16307596 | O28: 組合室 | P28: 取樣不穩 | R28: 一配照燒雞肉飯糰
A29: 2 | B29: 切烤雞胸肉(111年) | C29: 2413.8208 | D29: 214.66 | E29: 213.58 | F29: 7 | G29: 407.74 | H29: =(E29+F29)/D29 -> 1.0275785 | I29: 2413.8208 | J29: 0 | K29: =J29/D29 -> 0 | L29: =J29*G29 -> 0 | M29: =((E29+F29)-D29)-J29 -> 5.92 | N29: =M29/D29 -> 0.027578496 | O29: 組合室 | P29: 研發設定 | Q29: 雙圈秤重範圍 | R29: 健身G肉餐盒(113年)
A30: 3 | B30: 蒸-醬香雞肉絲CL | C30: 1981.8876 | D30: 89.69 | E30: 89.78 | F30: 5.25 | G30: 371.14 | H30: =(E30+F30)/D30 -> 1.0595384 | I30: 1981.8876 | J30: 0 | K30: =J30/D30 -> 0 | L30: =J30*G30 -> 0 | M30: =((E30+F30)-D30)-J30 -> 5.34 | N30: =M30/D30 -> 0.05953841 | O30: 組合室 | P30: 取樣不穩 | R30: 共用類
A31: 4 | B31: 切-烤牛五花(112年) | C31: 1678.0106 | D31: 175.53 | E31: 172.28 | F31: 6.02 | G31: 605.78 | H31: =(E31+F31)/D31 -> 1.0157808 | I31: 1678.0106 | J31: 0 | K31: =J31/D31 -> 0 | L31: =J31*G31 -> 0 | M31: =((E31+F31)-D31)-J31 -> 2.77 | N31: =M31/D31 -> 0.015780778 | O31: 組合室 | P31: 研發設定 | Q31: 雙圈秤重範圍 | R31: 糖燻野郎三十天熟成牛飯
A32: 5 | B32: 切-究極燒肉片 | C32: 1378.2541 | D32: 44.3 | E32: 44.49 | F32: 1.8 | G32: 692.59 | H32: =(E32+F32)/D32 -> 1.044921 | I32: 1378.2541 | J32: 0 | K32: =J32/D32 -> 0 | L32: =J32*G32 -> 0 | M32: =((E32+F32)-D32)-J32 -> 1.99 | N32: =M32/D32 -> 0.044920993 | O32: 組合室 | P32: 取樣不穩 | R32: 壹號醬雞豚雙拼
A33: 6 | B33: 蘑菇白醬 | C33: 1277.7084 | D33: 210.72 | E33: 207.96 | F33: 15.6 | G33: 99.51 | H33: =(E33+F33)/D33 -> 1.0609339 | I33: 1277.7084 | J33: 0 | K33: =J33/D33 -> 0 | L33: =J33*G33 -> 0 | M33: =((E33+F33)-D33)-J33 -> 12.84 | N33: =M33/D33 -> 0.060933941 | O33: 組合室 | P33: 取樣不穩 | R33: 二配黃金雞排蘑菇白醬歐姆蛋飯
A34: 7 | B34: 煮牛肉片(A7) | C34: 1218.9882 | D34: 44.28 | E34: 43.02 | F34: 3.12 | G34: 655.37 | H34: =(E34+F34)/D34 -> 1.0420054 | I34: 1218.9882 | J34: 0 | K34: =J34/D34 -> 0 | L34: =J34*G34 -> 0 | M34: =((E34+F34)-D34)-J34 -> 1.86 | N34: =M34/D34 -> 0.04200542 | O34: 組合室 | P34: 取樣不穩 | R34: 越式牛肉寬粉
A35: 8 | B35: 煮中華冷麵(110年) | C35: 1192.3353 | D35: 3145.53 | E35: 3132.3 | F35: 43.5 | G35: 39.39 | H35: =(E35+F35)/D35 -> 1.0096232 | I35: 1192.3353 | J35: 0 | K35: =J35/D35 -> 0 | L35: =J35*G35 -> 0 | M35: =((E35+F35)-D35)-J35 -> 30.27 | N35: =M35/D35 -> 0.0096231796 | O35: 組合室 | P35: 研發設定 | Q35: 雙圈秤重範圍 | R35: 共用類
A36: 9 | B36: 112炒高級芝麻肉鬆 | C36: 1110.1344 | D36: 236.11 | E36: 236.88 | F36: 5.1 | G36: 189.12 | H36: =(E36+F36)/D36 -> 1.0248613 | I36: 1110.1344 | J36: 0 | K36: =J36/D36 -> 0 | L36: =J36*G36 -> 0 | M36: =((E36+F36)-D36)-J36 -> 5.87 | N36: =M36/D36 -> 0.024861293 | O36: 組合室 | P36: 取樣不穩 | R36: 經典肉鬆飯糰
A37: 10 | B37: 鮮食雙色起司絲 | C37: 1062 | D37: 114.89 | E37: 116.14 | F37: 4.86 | G37: 200 | H37: =(E37+F37)/D37 -> 1.0531813 | I37: 1222 | J37: 0.8 | K37: =J37/D37 -> 0.0069631822 | L37: =J37*G37 -> 160 | M37: =((E37+F37)-D37)-J37 -> 5.31 | N37: =M37/D37 -> 0.046218122 | O37: 組合室 | P37: 取樣不穩 | R37: 共用類
A39: 共用類報廢金額前十名半成品
A40: 明細展開
A41: 排序 | B41: 半成品
B42: 名稱 | C42: 報廢金額 排序 | D42: 共用類總金額 占比
A44: 1 | B44: (V)川燙小青花菜 | C44: 1480.1972 | D44: =C44/$L$5 -> 0.36176896
A45: 2 | B45: 消毒細切紅蘿蔔絲 | C45: 386.532 | D45: =C45/$L$5 -> 0.09447071
A46: 3 | B46: 消毒青蔥絲 | C46: 273.306 | D46: =C46/$L$5 -> 0.066797605
A47: 4 | B47: (V)消毒小黃瓜絲 | C47: 272.224 | D47: =C47/$L$5 -> 0.066533157
A48: 5 | B48: 透明湯凍(明膠) | C48: 260.11 | D48: =C48/$L$5 -> 0.063572424
A49: 6 | B49: 烤12切家常豆腐 | C49: 221.13 | D49: =C49/$L$5 -> 0.054045481
A50: 7 | B50: 川燙毛豆玉米 | C50: 200.4949 | D50: =C50/$L$5 -> 0.049002141
A51: 8 | B51: 60切-烤豆腐蛋白丁 | C51: 198.45 | D51: =C51/$L$5 -> 0.048502355
A52: 9 | B52: 蒜炒紅k高麗菜(111年) | C52: 191.76 | D52: =C52/$L$5 -> 0.046867279
A53: 10 | B53: 鮮食雙色起司絲 | C53: 160 | D53: =C53/$L$5 -> 0.039104947
A54: ※炊飯類不納入半成品廢棄計算
A56: ※淺黃色為工廠自填項目

Sheet 0924分析標準表
A1: 大溪廠半成品管理分析
A2: 日期 | C2: 營業額 | D2: 報廢展開 | F2: 超用展開 | H2: 報廢展開 | J2: 超用展開 | L2: 報廢展開
A3: 45924 | C3: 7098839 | D3: 總報廢 | F3: 總超用 | H3: 報廢-前10名 | J3: 超用-前10名 | L3: 共用類-總報廢
D4: 金額 | E4: 占比(營業額) | F4: 金額 | G4: 占比(營業額) | H4: 金額 | I4: 占比(總報廢) | J4: 金額 | K4: 占比(總超用) | L4: 金額 | M4: 占比(總報廢)
A5: 年度KPI目標0.25% | D5: 17168.15 | E5: =D5/C3 -> 0.0024184448 | F5: 50583.885 | G5: =F5/C3 -> 0.007125656 | H5: =SUM(C12:C21) -> 3368.697 | I5: =H5/D5 -> 0.19621782 | J5: =SUM(C28:C37) -> 21401.144 | K5: =J5/F5 -> 0.42308226 | L5: 2233.6144 | M5: =L5/D5 -> 0.13010222
A7: 報廢金額前十名半成品
A8: 明細展開 | D8: 生產資訊 | O8: 類別 | P8: 分析原因 (請填寫8大原因) | Q8: 其他原因說明 | R8: 備註-商品名稱
A9: 排序 | B9: 半成品 | D9: 生產端 | J9: 組合端
B10: 名稱 | C10: 報廢金額 排序 | D10: 產出量 | J10: 報廢 | L10: 超用
D11: 訂單需求 (kg) | E11: 實際產出 (kg) | F11: 補單 (kg) | G11: 單價 (元) | H11: 實際生產 (對比訂單需求) | I11: 差異 (元) | J11: kg | K11: 占比 | L11: kg | M11: 占比 | N11: 金額 (元)
A12: 1 | B12: 烤銀鮭魚肚 | C12: 695.25 | D12: 4033 | E12: 4003 | F12: 75 | G12: 15.45 | H12: =(E12+F12)/D12 -> 1.0111579 | I12: 695.25 | J12: 45 | K12: =J12/D12 -> 0.011157947 | L12: =((E12+F12)-D12)-J12 -> 0 | M12: =L12/D12 -> 0 | N12: =L12*G12 -> 0 | O12: 調理端 | P12: 研發設定 | Q12: 研發設定，小片的規格不符合指示書設定重量 | R12: 一配贅沢鮭魚肚飯糰
A13: 2 | B13: 大口椒麻醬 | C13: 360.1312 | D13: 27.83 | E13: 29.91 | F13: 0 | G13: 173.14 | H13: =(E13+F13)/D13 -> 1.0747395 | I13: 360.1312 | J13: 2.08 | K13: =J13/D13 -> 0.07473949 | L13: =((E13+F13)-D13)-J13 -> 0 | M13: =L13/D13 -> 0 | N13: =L13*G13 -> 0 | O13: 調理端 | P13: 展開量105% | R13: 大口花椒香麻雞飯糰
A14: 3 | B14: 拌燒肉片 | C14: 330.4119 | D14: 28.78 | E14: 29.69 | F14: 0 | G14: 363.09 | H14: =(E14+F14)/D14 -> 1.0316192 | I14: 330.4119 | J14: 0.91 | K14: =J14/D14 -> 0.03161918 | L14: =((E14+F14)-D14)-J14 -> 0 | M14: =L14/D14 -> 0 | N14: =L14*G14 -> 0 | O14: 調理端 | P14: 取樣不穩 | R14: 大口蒜味香腸燒肉雙拼飯糰
A15: 4 | B15: 奶油蕈菇起司醬(113年) | C15: 300.083 | D15: 148.12 | E15: 150.75 | F15: 0 | G15: 114.1 | H15: =(E15+F15)/D15 -> 1.0177559 | I15: 300.083 | J15: 2.63 | K15: =J15/D15 -> 0.017755874 | L15: =((E15+F15)-D15)-J15 -> -4.4408921e-15 | M15: =L15/D15 -> -2.9981718e-17 | N15: =L15*G15 -> -5.0670579e-13 | O15: 調理端 | P15: 取樣不穩 | R15: 大口法式蕈菇起司雞排飯糰(113年)
A16: 5 | B16: 清炒高麗菜 | C16: 299.6808 | D16: 165.55 | E16: 168.05 | F16: 3.05 | G16: 122.82 | H16: =(E16+F16)/D16 -> 1.0335246 | I16: 681.651 | J16: 2.44 | K16: =J16/D16 -> 0.01473875 | L16: =((E16+F16)-D16)-J16 -> 3.11 | M16: =L16/D16 -> 0.018785865 | N16: =L16*G16 -> 381.9702 | O16: 調理端 | P16: 取樣不穩 | R16: 美式雞丁餐盒(113年)
A17: 6 | B17: 消毒青蔥絲 | C17: 290.6982 | D17: 29.05 | E17: 30.52 | F17: 0 | G17: 248.46 | H17: =(E17+F17)/D17 -> 1.0506024 | I17: 365.2362 | J17: 1.17 | K17: =J17/D17 -> 0.040275387 | L17: =((E17+F17)-D17)-J17 -> 0.3 | M17: =L17/D17 -> 0.010327022 | N17: =L17*G17 -> 74.538 | O17: 調理端 | P17: 展開量105% | R17: 共用類
A18: 7 | B18: 烤帶皮南瓜丁(114.6) | C18: 287.8128 | D18: 28.74 | E18: 30.58 | F18: 0 | G18: 208.56 | H18: =(E18+F18)/D18 -> 1.0640223 | I18: 383.7504 | J18: 1.38 | K18: =J18/D18 -> 0.048016701 | L18: =((E18+F18)-D18)-J18 -> 0.46 | M18: =L18/D18 -> 0.016005567 | N18: =L18*G18 -> 95.9376 | O18: 調理端 | P18: 展開量105% | R18: 金沙豆腐細扁麵
A19: 8 | B19: 川味秋木耳 | C19: 279.312 | D19: 42.34 | E19: 43.59 | F19: 0 | G19: 253.92 | H19: =(E19+F19)/D19 -> 1.0295229 | I19: 317.4 | J19: 1.1 | K19: =J19/D19 -> 0.025980161 | L19: =((E19+F19)-D19)-J19 -> 0.15 | M19: =L19/D19 -> 0.0035427492 | N19: =L19*G19 -> 38.088 | O19: 調理端 | P19: 取樣不穩 | R19: 經典滷肉飯
A20: 9 | B20: 113年川燙綠豆芽 | C20: 272.4 | D20: 57.88 | E20: 60.38 | F20: 0 | G20: 108.96 | H20: =(E20+F20)/D20 -> 1.0431928 | I20: 272.4 | J20: 2.5 | K20: =J20/D20 -> 0.043192813 | L20: =((E20+F20)-D20)-J20 -> 0 | M20: =L20/D20 -> 0 | N20: =L20*G20 -> 0 | O20: 調理端 | P20: 取樣不穩 | R20: 越式牛肉寬粉
A21: 10 | B21: 煮海帶芽(厚) | C21: 252.9171 | D21: 33.63 | E21: 36.46 | F21: 0 | G21: 89.37 | H21: =(E21+F21)/D21 -> 1.0841511 | I21: 252.9171 | J21: 2.83 | K21: =J21/D21 -> 0.084151056 | L21: =((E21+F21)-D21)-J21 -> 0 | M21: =L21/D21 -> 0 | N21: =L21*G21 -> 0 | O21: 調理端 | P21: 展開量105% | R21: 日式蕎麥沾麵
A23: 超用金額前十名半成品
A24: 明細展開 | D24: 生產資訊 | O24: 類別 | P24: 分析原因 (請填寫8大原因) | Q24: 其他原因說明 | R24: 備註-商品名稱
A25: 排序 | B25: 半成品 | D25: 生產端 | J25: 組合端
B26: 名稱 | C26: 超用金額 排序 | D26: 產出量 | J26: 報廢 | M26: 超用
D27: 訂單需求 (kg) | E27: 實際產出 (kg) | F27: 補單 (kg) | G27: 單價 (元) | H27: 實際生產 (對比訂單需求) | I27: 差異 (元) | J27: kg | K27: 占比 | L27: 金額 (元) | M27: kg | N27: 占比
A28: 1 | B28: 112炒高級芝麻肉鬆 | C28: 3262.32 | D28: 259.28 | E28: 259.53 | F28: 17 | G28: 189.12 | H28: =(E28+F28)/D28 -> 1.0665304 | I28: 3262.32 | J28: 0 | K28: =J28/D28 -> 0 | L28: =J28*G28 -> 0 | M28: =((E28+F28)-D28)-J28 -> 17.25 | N28: =M28/D28 -> 0.066530392 | O28: 組合室 | P28: 取樣不穩 | R28: 經典肉鬆飯糰
A29: 2 | B29: 切筋子1cm | C29: 3159.1918 | D29: 14.88 | E29: 16.39 | F29: 0 | G29: 2092.18 | H29: =(E29+F29)/D29 -> 1.1014785 | I29: 3159.1918 | J29: 0 | K29: =J29/D29 -> 0 | L29: =J29*G29 -> 0 | M29: =((E29+F29)-D29)-J29 -> 1.51 | N29: =M29/D29 -> 0.10147849 | O29: 組合室 | P29: 取樣不穩 | R29: 一配筋子銀鮭飯糰
A30: 3 | B30: 炒照燒牛蒡腿丁 | C30: 2884.389 | D30: 68.46 | E30: 68.4 | F30: 8.4 | G30: 345.85 | H30: =(E30+F30)/D30 -> 1.121823 | I30: 2884.389 | J30: 0 | K30: =J30/D30 -> 0 | L30: =J30*G30 -> 0 | M30: =((E30+F30)-D30)-J30 -> 8.34 | N30: =M30/D30 -> 0.12182296 | O30: 組合室 | P30: 取樣不穩 | R30: 一配照燒雞肉飯糰
A31: 4 | B31: 炙燒韓式牛五花 | C31: 2591.48 | D31: 55.04 | E31: 57.56 | F31: 1.6 | G31: 629 | H31: =(E31+F31)/D31 -> 1.0748547 | I31: 2591.48 | J31: 0 | K31: =J31/D31 -> 0 | L31: =J31*G31 -> 0 | M31: =((E31+F31)-D31)-J31 -> 4.12 | N31: =M31/D31 -> 0.074854651 | O31: 組合室 | P31: 取樣不穩 | R31: 壹號醬炙烤牛飯糰
A32: 5 | B32: 切-烤牛五花(112年) | C32: 1932.4382 | D32: 189.24 | E32: 185.98 | F32: 6.45 | G32: 605.78 | H32: =(E32+F32)/D32 -> 1.0168569 | I32: 1932.4382 | J32: 0 | K32: =J32/D32 -> 0 | L32: =J32*G32 -> 0 | M32: =((E32+F32)-D32)-J32 -> 3.19 | N32: =M32/D32 -> 0.016856901 | O32: 組合室 | P32: 研發設定 | Q32: 雙圈秤重範圍 | R32: 糖燻野郎三十天熟成牛飯
A33: 6 | B33: 切-究極燒肉片 | C33: 1911.5484 | D33: 47.88 | E33: 45.96 | F33: 4.68 | G33: 692.59 | H33: =(E33+F33)/D33 -> 1.0576441 | I33: 1911.5484 | J33: 0 | K33: =J33/D33 -> 0 | L33: =J33*G33 -> 0 | M33: =((E33+F33)-D33)-J33 -> 2.76 | N33: =M33/D33 -> 0.05764411 | O33: 組合室 | P33: 取樣不穩 | R33: 壹號醬雞豚雙拼
A34: 7 | B34: 蒸金沙醬 | C34: 1513.5495 | D34: 17.96 | E34: 17.11 | F34: 2 | G34: 1316.13 | H34: =(E34+F34)/D34 -> 1.0640312 | I34: 1513.5495 | J34: 0 | K34: =J34/D34 -> 0 | L34: =J34*G34 -> 0 | M34: =((E34+F34)-D34)-J34 -> 1.15 | N34: =M34/D34 -> 0.06403118 | O34: 組合室 | P34: 取樣不穩 | R34: 金沙豆腐細扁麵
A35: 8 | B35: 越式湯凍(114年) | C35: 1450.3473 | D35: 527.09 | E35: 520 | F35: 51 | G35: 33.03 | H35: =(E35+F35)/D35 -> 1.0833065 | I35: 1450.3473 | J35: 0 | K35: =J35/D35 -> 0 | L35: =J35*G35 -> 0 | M35: =((E35+F35)-D35)-J35 -> 43.91 | N35: =M35/D35 -> 0.083306456 | O35: 組合室 | P35: 取樣不穩 | R35: 越式牛肉寬粉
A36: 9 | B36: 拌鹽烤豬肉片(114年) | C36: 1379.3304 | D36: 177.97 | E36: 181.25 | F36: 1.9 | G36: 266.28 | H36: =(E36+F36)/D36 -> 1.029106 | I36: 1379.3304 | J36: 0 | K36: =J36/D36 -> 0 | L36: =J36*G36 -> 0 | M36: =((E36+F36)-D36)-J36 -> 5.18 | N36: =M36/D36 -> 0.029106029 | O36: 組合室 | P36: 取樣不穩 | R36: 鹽蔥燒肉飯糰
A37: 10 | B37: (V)川燙小青花菜 | C37: 1316.5499 | D37: 797.31 | E37: 793.42 | F37: 12.82 | G37: 147.43 | H37: =(E37+F37)/D37 -> 1.0112002 | I37: 1316.5499 | J37: 0 | K37: =J37/D37 -> 0 | L37: =J37*G37 -> 0 | M37: =((E37+F37)-D37)-J37 -> 8.93 | N37: =M37/D37 -> 0.011200161 | O37: 組合室 | P37: 原物料規格 | Q37: 大顆比例高 | R37: 共用類
A39: 共用類報廢金額前十名半成品
A40: 明細展開
A41: 排序 | B41: 半成品
B42: 名稱 | C42: 報廢金額 排序 | D42: 共用類總金額 占比
A44: 1 | B44: 消毒青蔥絲 | C44: 290.6982 | D44: =C44/$L$5 -> 0.13014699
A45: 2 | B45: 消毒蔥花 | C45: 237.908 | D45: =C45/$L$5 -> 0.10651257
A46: 3 | B46: 烤12切家常豆腐 | C46: 224.64 | D46: =C46/$L$5 -> 0.10057242
A47: 4 | B47: 蒸-醬香雞肉絲CL | C47: 215.2612 | D47: =C47/$L$5 -> 0.096373483
A48: 5 | B48: 川燙毛豆玉米 | C48: 200.4949 | D48: =C48/$L$5 -> 0.089762539
A49: 6 | B49: 蒜炒紅k高麗菜(111年) | C49: 191.76 | D49: =C49/$L$5 -> 0.085851882
A50: 7 | B50: 消毒細切紅蘿蔔絲 | C50: 174.6552 | D50: =C50/$L$5 -> 0.07819398
A51: 8 | B51: 透明湯凍(明膠) | C51: 153.1911 | D51: =C51/$L$5 -> 0.068584398
A52: 9 | B52: 歐姆蛋(110年) | C52: 146.0385 | D52: =C52/$L$5 -> 0.065382145
A53: 10 | B53: 60切-烤豆腐蛋白丁 | C53: 134.75 | D53: =C53/$L$5 -> 0.060328229
A54: ※炊飯類不納入半成品廢棄計算
A56: ※淺黃色為工廠自填項目

Sheet 0923分析標準表
A1: 大溪廠半成品管理分析
A2: 日期 | C2: 營業額 | D2: 報廢展開 | F2: 超用展開 | H2: 報廢展開 | J2: 超用展開 | L2: 報廢展開
A3: 45923 | C3: 7459138 | D3: 總報廢 | F3: 總超用 | H3: 報廢-前10名 | J3: 超用-前10名 | L3: 共用類-總報廢
D4: 金額 | E4: 占比(營業額) | F4: 金額 | G4: 占比(營業額) | H4: 金額 | I4: 占比(總報廢) | J4: 金額 | K4: 占比(總超用) | L4: 金額 | M4: 占比(總報廢)
A5: 年度KPI目標0.25% | D5: 18065.41 | E5: =D5/C3 -> 0.0024219166 | F5: 54022.948 | G5: =F5/C3 -> 0.0072425189 | H5: =SUM(C12:C21) -> 3771.3058 | I5: =H5/D5 -> 0.20875838 | J5: =SUM(C28:C37) -> 22897.348 | K5: =J5/F5 -> 0.42384484 | L5: 2962.7928 | M5: =L5/D5 -> 0.16400363
A7: 報廢金額前十名半成品
A8: 明細展開 | D8: 生產資訊 | O8: 類別 | P8: 分析原因 (請填寫8大原因) | Q8: 其他原因說明 | R8: 備註-商品名稱
A9: 排序 | B9: 半成品 | D9: 生產端 | J9: 組合端
B10: 名稱 | C10: 報廢金額 排序 | D10: 產出量 | J10: 報廢 | L10: 超用
D11: 訂單需求 (kg) | E11: 實際產出 (kg) | F11: 補單 (kg) | G11: 單價 (元) | H11: 實際生產 (對比訂單需求) | I11: 差異 (元) | J11: kg | K11: 占比 | L11: kg | M11: 占比 | N11: 金額 (元)
A12: 1 | B12: 奶油蕈菇起司醬(113年) | C12: 693.728 | D12: 151.28 | E12: 157.36 | F12: 0 | G12: 114.1 | H12: =(E12+F12)/D12 -> 1.0401904 | I12: 693.728 | J12: 6.08 | K12: =J12/D12 -> 0.040190375 | L12: =((E12+F12)-D12)-J12 -> 1.2434498e-14 | M12: =L12/D12 -> 8.2195253e-17 | N12: =L12*G12 -> 1.4187762e-12 | O12: 調理端 | P12: 取樣不穩 | R12: 大口法式蕈菇起司雞排飯糰(113年)
A13: 2 | B13: 川燙毛豆玉米 | C13: 468.8739 | D13: 386.66 | E13: 390.67 | F13: 0 | G13: 157.87 | H13: =(E13+F13)/D13 -> 1.0103709 | I13: 633.0587 | J13: 2.97 | K13: =J13/D13 -> 0.0076811669 | L13: =((E13+F13)-D13)-J13 -> 1.04 | M13: =L13/D13 -> 0.0026897015 | N13: =L13*G13 -> 164.1848 | O13: 調理端 | P13: 取樣不穩 | R13: 共用類
A14: 3 | B14: 烤銀鮭魚肚 | C14: 463.5 | D14: 4003 | E14: 4033 | F14: 0 | G14: 15.45 | H14: =(E14+F14)/D14 -> 1.0074944 | I14: 463.5 | J14: 30 | K14: =J14/D14 -> 0.0074943792 | L14: =((E14+F14)-D14)-J14 -> 0 | M14: =L14/D14 -> 0 | N14: =L14*G14 -> 0 | O14: 調理端 | P14: 研發設定 | Q14: 研發設定，小片的規格不符合指示書設定重量 | R14: 一配贅沢鮭魚肚飯糰
A15: 4 | B15: (V)川燙小青花菜 | C15: 389.2152 | D15: 809.63 | E15: 810.3 | F15: 13.64 | G15: 147.43 | H15: =(E15+F15)/D15 -> 1.0176747 | I15: 2109.7233 | J15: 2.64 | K15: =J15/D15 -> 0.0032607487 | L15: =((E15+F15)-D15)-J15 -> 11.67 | M15: =L15/D15 -> 0.014413992 | N15: =L15*G15 -> 1720.5081 | O15: 調理端 | P15: 原物料規格 | Q15: 大顆比例高 | R15: 共用類
A16: 5 | B16: 川味秋木耳 | C16: 378.3408 | D16: 42.04 | E16: 43.94 | F16: 2.1 | G16: 253.92 | H16: =(E16+F16)/D16 -> 1.0951475 | I16: 1015.68 | J16: 1.49 | K16: =J16/D16 -> 0.035442436 | L16: =((E16+F16)-D16)-J16 -> 2.51 | M16: =L16/D16 -> 0.059705043 | N16: =L16*G16 -> 637.3392 | O16: 調理端 | P16: 展開量105% | R16: 經典滷肉飯
A17: 6 | B17: 薑炒筍尾 | C17: 288.3305 | D17: 52.05 | E17: 55.17 | F17: 0 | G17: 183.65 | H17: =(E17+F17)/D17 -> 1.0599424 | I17: 572.988 | J17: 1.57 | K17: =J17/D17 -> 0.030163305 | L17: =((E17+F17)-D17)-J17 -> 1.55 | M17: =L17/D17 -> 0.029779059 | N17: =L17*G17 -> 284.6575 | O17: 調理端 | P17: 展開量105% | R17: 經典滷肉飯
A18: 7 | B18: 消毒青蔥絲 | C18: 283.2444 | D18: 37.76 | E18: 39.3 | F18: 0 | G18: 248.46 | H18: =(E18+F18)/D18 -> 1.0407839 | I18: 382.6284 | J18: 1.14 | K18: =J18/D18 -> 0.030190678 | L18: =((E18+F18)-D18)-J18 -> 0.4 | M18: =L18/D18 -> 0.01059322 | N18: =L18*G18 -> 99.384 | O18: 調理端 | P18: 取樣不穩 | R18: 共用類
A19: 8 | B19: 炒紅K碎蛋 | C19: 279.9864 | D19: 103.16 | E19: 105.18 | F19: 0 | G19: 189.18 | H19: =(E19+F19)/D19 -> 1.0195812 | I19: 382.1436 | J19: 1.48 | K19: =J19/D19 -> 0.014346646 | L19: =((E19+F19)-D19)-J19 -> 0.54 | M19: =L19/D19 -> 0.005234587 | N19: =L19*G19 -> 102.1572 | O19: 調理端 | P19: 取樣不穩 | R19: 烤蛋白餐盒
A20: 9 | B20: 洋蔥壹號醬 | C20: 266.5506 | D20: 49.52 | E20: 51.44 | F20: 0 | G20: 153.19 | H20: =(E20+F20)/D20 -> 1.0387722 | I20: 294.1248 | J20: 1.74 | K20: =J20/D20 -> 0.035137318 | L20: =((E20+F20)-D20)-J20 -> 0.18 | M20: =L20/D20 -> 0.003634895 | N20: =L20*G20 -> 27.5742 | O20: 調理端 | P20: 取樣不穩 | R20: 壹號醬炙烤牛飯糰
A21: 10 | B21: 消毒蔥花 | C21: 259.536 | D21: 50.61 | E21: 50.86 | F21: 1.5 | G21: 216.28 | H21: =(E21+F21)/D21 -> 1.0345781 | I21: 378.49 | J21: 1.2 | K21: =J21/D21 -> 0.023710729 | L21: =((E21+F21)-D21)-J21 -> 0.55 | M21: =L21/D21 -> 0.010867418 | N21: =L21*G21 -> 118.954 | O21: 調理端 | P21: 取樣不穩 | R21: 共用類
A23: 超用金額前十名半成品
A24: 明細展開 | D24: 生產資訊 | O24: 類別 | P24: 分析原因 (請填寫8大原因) | Q24: 其他原因說明 | R24: 備註-商品名稱
A25: 排序 | B25: 半成品 | D25: 生產端 | J25: 組合端
B26: 名稱 | C26: 超用金額 排序 | D26: 產出量 | J26: 報廢 | M26: 超用
D27: 訂單需求 (kg) | E27: 實際產出 (kg) | F27: 補單 (kg) | G27: 單價 (元) | H27: 實際生產 (對比訂單需求) | I27: 差異 (元) | J27: kg | K27: 占比 | L27: 金額 (元) | M27: kg | N27: 占比
A28: 1 | B28: 112炒高級芝麻肉鬆 | C28: 3585.7152 | D28: 529.24 | E28: 548.2 | F28: 0 | G28: 189.12 | H28: =(E28+F28)/D28 -> 1.035825 | I28: 3585.7152 | J28: 0 | K28: =J28/D28 -> 0 | L28: =J28*G28 -> 0 | M28: =((E28+F28)-D28)-J28 -> 18.96 | N28: =M28/D28 -> 0.035824957 | O28: 組合室 | P28: 取樣不穩 | R28: 經典肉鬆飯糰
A29: 2 | B29: 切-烤牛五花(112年) | C29: 3368.1368 | D29: 191.13 | E29: 191.15 | F29: 5.54 | G29: 605.78 | H29: =(E29+F29)/D29 -> 1.0290901 | I29: 3368.1368 | J29: 0 | K29: =J29/D29 -> 0 | L29: =J29*G29 -> 0 | M29: =((E29+F29)-D29)-J29 -> 5.56 | N29: =M29/D29 -> 0.029090148 | O29: 組合室 | P29: 研發設定 | Q29: 雙圈秤重範圍 | R29: 糖燻野郎三十天熟成牛飯
A30: 3 | B30: 煮牛肉片(A7) | C30: 2588.7115 | D30: 47.74 | E30: 47.41 | F30: 4.28 | G30: 655.37 | H30: =(E30+F30)/D30 -> 1.0827398 | I30: 2588.7115 | J30: 0 | K30: =J30/D30 -> 0 | L30: =J30*G30 -> 0 | M30: =((E30+F30)-D30)-J30 -> 3.95 | N30: =M30/D30 -> 0.082739841 | O30: 組合室 | P30: 取樣不穩 | R30: 越式牛肉寬粉
A31: 4 | B31: 鹽麴銀鮭熟肉 | C31: 2328.7 | D31: 14.95 | E31: 15.22 | F31: 2.92 | G31: 730 | H31: =(E31+F31)/D31 -> 1.2133779 | I31: 2328.7 | J31: 0 | K31: =J31/D31 -> 0 | L31: =J31*G31 -> 0 | M31: =((E31+F31)-D31)-J31 -> 3.19 | N31: =M31/D31 -> 0.21337793 | O31: 組合室 | P31: 取樣不穩 | R31: 一配筋子銀鮭飯糰
A32: 5 | B32: 切筋子1cm | C32: 2301.398 | D32: 14.95 | E32: 14.95 | F32: 1.1 | G32: 2092.18 | H32: =(E32+F32)/D32 -> 1.0735786 | I32: 2301.398 | J32: 0 | K32: =J32/D32 -> 0 | L32: =J32*G32 -> 0 | M32: =((E32+F32)-D32)-J32 -> 1.1 | N32: =M32/D32 -> 0.073578595 | O32: 組合室 | P32: 取樣不穩 | R32: 一配筋子銀鮭飯糰
A33: 6 | B33: (V)消毒小黃瓜絲 | C33: 1792.624 | D33: 238.97 | E33: 238.35 | F33: 13 | G33: 144.8 | H33: =(E33+F33)/D33 -> 1.0518057 | I33: 1792.624 | J33: 0 | K33: =J33/D33 -> 0 | L33: =J33*G33 -> 0 | M33: =((E33+F33)-D33)-J33 -> 12.38 | N33: =M33/D33 -> 0.051805666 | O33: 組合室 | P33: 取樣不穩 | R33: 共用類
A34: 7 | B34: 炒培根片(114年) | C34: 1791.3756 | D34: 21.81 | E34: 21.91 | F34: 3.24 | G34: 536.34 | H34: =(E34+F34)/D34 -> 1.1531408 | I34: 1791.3756 | J34: 0 | K34: =J34/D34 -> 0 | L34: =J34*G34 -> 0 | M34: =((E34+F34)-D34)-J34 -> 3.34 | N34: =M34/D34 -> 0.15314076 | O34: 組合室 | P34: 取樣不穩 | R34: 二配哞哞培根奶香海陸焗飯
A35: 8 | B35: 蒸-全熟雞肉絲CL(113年) | C35: 1757.9628 | D35: 120.56 | E35: 120.68 | F35: 4 | G35: 426.69 | H35: =(E35+F35)/D35 -> 1.0341739 | I35: 1757.9628 | J35: 0 | K35: =J35/D35 -> 0 | L35: =J35*G35 -> 0 | M35: =((E35+F35)-D35)-J35 -> 4.12 | N35: =M35/D35 -> 0.034173855 | O35: 組合室 | P35: 取樣不穩 | R35: 雞肉飯飯糰
A36: 9 | B36: (V)川燙小青花菜 | C36: 1720.5081 | D36: 809.63 | E36: 810.3 | F36: 13.64 | G36: 147.43 | H36: =(E36+F36)/D36 -> 1.0176747 | I36: 2109.7233 | J36: 2.64 | K36: =J36/D36 -> 0.0032607487 | L36: =J36*G36 -> 389.2152 | M36: =((E36+F36)-D36)-J36 -> 11.67 | N36: =M36/D36 -> 0.014413992 | O36: 組合室 | P36: 原物料規格 | Q36: 大顆比例高 | R36: 共用類
A37: 10 | B37: 切-究極燒肉片 | C37: 1662.216 | D37: 48.91 | E37: 48.25 | F37: 3.06 | G37: 692.59 | H37: =(E37+F37)/D37 -> 1.0490697 | I37: 1662.216 | J37: 0 | K37: =J37/D37 -> 0 | L37: =J37*G37 -> 0 | M37: =((E37+F37)-D37)-J37 -> 2.4 | N37: =M37/D37 -> 0.04906972 | O37: 組合室 | P37: 取樣不穩 | R37: 壹號醬雞豚雙拼
A39: 共用類報廢金額前十名半成品
A40: 明細展開
A41: 排序 | B41: 半成品
B42: 名稱 | C42: 報廢金額 排序 | D42: 共用類總金額 占比
A44: 1 | B44: 川燙毛豆玉米 | C44: 468.8739 | D44: =C44/$L$5 -> 0.15825403
A45: 2 | B45: (V)川燙小青花菜 | C45: 389.2152 | D45: =C45/$L$5 -> 0.13136767
A46: 3 | B46: 消毒青蔥絲 | C46: 283.2444 | D46: =C46/$L$5 -> 0.095600475
A47: 4 | B47: 消毒蔥花 | C47: 259.536 | D47: =C47/$L$5 -> 0.087598431
A48: 5 | B48: 烤12切家常豆腐 | C48: 228.15 | D48: =C48/$L$5 -> 0.077005047
A49: 6 | B49: 蒸-醬香雞肉絲CL | C49: 215.2612 | D49: =C49/$L$5 -> 0.072654828
A50: 7 | B50: 蒜炒紅k高麗菜(111年) | C50: 191.76 | D50: =C50/$L$5 -> 0.064722717
A51: 8 | B51: 60切-烤豆腐蛋白丁 | C51: 188.65 | D51: =C51/$L$5 -> 0.063673032
A52: 9 | B52: 消毒細切紅蘿蔔絲 | C52: 174.6552 | D52: =C52/$L$5 -> 0.058949515
A53: 10 | B53: 透明湯凍(明膠) | C53: 153.1911 | D53: =C53/$L$5 -> 0.051704966
A54: ※炊飯類不納入半成品廢棄計算
A56: ※淺黃色為工廠自填項目

Sheet 0922分析標準表
A1: 大溪廠半成品管理分析
A2: 日期 | C2: 營業額 | D2: 報廢展開 | F2: 超用展開 | H2: 報廢展開 | J2: 超用展開 | L2: 報廢展開
A3: 45922 | C3: 7692372.9 | D3: 總報廢 | F3: 總超用 | H3: 報廢-前10名 | J3: 超用-前10名 | L3: 共用類-總報廢
D4: 金額 | E4: 占比(營業額) | F4: 金額 | G4: 占比(營業額) | H4: 金額 | I4: 占比(總報廢) | J4: 金額 | K4: 占比(總超用) | L4: 金額 | M4: 占比(總報廢)
A5: 年度KPI目標0.25% | D5: 18648.763 | E5: =D5/C3 -> 0.0024243187 | F5: 55273.626 | G5: =F5/C3 -> 0.0071855104 | H5: =SUM(C12:C21) -> 4858.09 | I5: =H5/D5 -> 0.26050468 | J5: =SUM(C28:C37) -> 17210.06 | K5: =J5/F5 -> 0.31136116 | L5: 3705.746 | M5: =L5/D5 -> 0.1987127
A7: 報廢金額前十名半成品
A8: 明細展開 | D8: 生產資訊 | O8: 類別 | P8: 分析原因 (請填寫8大原因) | Q8: 其他原因說明 | R8: 備註-商品名稱
A9: 排序 | B9: 半成品 | D9: 生產端 | J9: 組合端
B10: 名稱 | C10: 報廢金額 排序 | D10: 產出量 | J10: 報廢 | L10: 超用
D11: 訂單需求 (kg) | E11: 實際產出 (kg) | F11: 補單 (kg) | G11: 單價 (元) | H11: 實際生產 (對比訂單需求) | I11: 差異 (元) | J11: kg | K11: 占比 | L11: kg | M11: 占比 | N11: 金額 (元)
A12: 1 | B12: 川燙毛豆玉米 | C12: 1090.8817 | D12: 390.44 | E12: 397.35 | F12: 0 | G12: 157.87 | H12: =(E12+F12)/D12 -> 1.017698 | I12: 1090.8817 | J12: 6.91 | K12: =J12/D12 -> 0.017697982 | L12: =((E12+F12)-D12)-J12 -> 2.4868996e-14 | M12: =L12/D12 -> 6.3694795e-17 | N12: =L12*G12 -> 3.9260684e-12 | O12: 調理端 | P12: 取樣不穩 | R12: 共用類
A13: 2 | B13: 消毒細切紅蘿蔔絲 | C13: 565.9592 | D13: 252.72 | E13: 258.65 | F13: 0 | G13: 95.44 | H13: =(E13+F13)/D13 -> 1.0234647 | I13: 565.9592 | J13: 5.93 | K13: =J13/D13 -> 0.023464704 | L13: =((E13+F13)-D13)-J13 -> -2.1316282e-14 | M13: =L13/D13 -> -8.4347428e-17 | N13: =L13*G13 -> -2.034426e-12 | O13: 調理端 | P13: 取樣不穩 | R13: 共用類
A14: 3 | B14: 烤帶皮南瓜丁(114.6) | C14: 556.8552 | D14: 31.28 | E14: 33.95 | F14: 0 | G14: 208.56 | H14: =(E14+F14)/D14 -> 1.0853581 | I14: 556.8552 | J14: 2.67 | K14: =J14/D14 -> 0.085358056 | L14: =((E14+F14)-D14)-J14 -> 0 | M14: =L14/D14 -> 0 | N14: =L14*G14 -> 0 | O14: 調理端 | P14: 展開量105% | R14: 金沙豆腐細扁麵
A15: 4 | B15: 烤銀鮭魚肚 | C15: 463.5 | D15: 4130 | E15: 4160 | F15: 0 | G15: 15.45 | H15: =(E15+F15)/D15 -> 1.0072639 | I15: 463.5 | J15: 30 | K15: =J15/D15 -> 0.0072639225 | L15: =((E15+F15)-D15)-J15 -> 0 | M15: =L15/D15 -> 0 | N15: =L15*G15 -> 0 | O15: 調理端 | P15: 研發設定 | Q15: 研發設定，小片的規格不符合指示書設定重量 | R15: 一配贅沢鮭魚肚飯糰
A16: 5 | B16: 烤黑胡椒洋蔥絲 | C16: 463.2609 | D16: 107.02 | E16: 111.67 | F16: 0 | G16: 141.67 | H16: =(E16+F16)/D16 -> 1.0434498 | I16: 658.7655 | J16: 3.27 | K16: =J16/D16 -> 0.030555036 | L16: =((E16+F16)-D16)-J16 -> 1.38 | M16: =L16/D16 -> 0.012894786 | N16: =L16*G16 -> 195.5046 | O16: 調理端 | P16: 取樣不穩 | R16: 糖燻野郎三十天熟成牛飯
A17: 6 | B17: 蒸-全熟雞肉絲CL(113年) | C17: 358.4196 | D17: 122.99 | E17: 123.83 | F17: 0 | G17: 426.69 | H17: =(E17+F17)/D17 -> 1.0068298 | I17: 358.4196 | J17: 0.84 | K17: =J17/D17 -> 0.0068298236 | L17: =((E17+F17)-D17)-J17 -> 3.4416914e-15 | M17: =L17/D17 -> 2.7983506e-17 | N17: =L17*G17 -> 1.4685353e-12 | O17: 調理端 | P17: 取樣不穩 | R17: 雞肉飯飯糰
A18: 7 | B18: 川燙韭菜綠豆芽A7 | C18: 345.4332 | D18: 31.7 | E18: 31.6 | F18: 3.52 | G18: 120.36 | H18: =(E18+F18)/D18 -> 1.1078864 | I18: 411.6312 | J18: 2.87 | K18: =J18/D18 -> 0.090536278 | L18: =((E18+F18)-D18)-J18 -> 0.55 | M18: =L18/D18 -> 0.017350158 | N18: =L18*G18 -> 66.198 | O18: 調理端 | P18: 展開量105% | R18: 擔仔炊粉湯
A19: 8 | B19: 消毒青蔥絲 | C19: 340.3902 | D19: 38.38 | E19: 40.74 | F19: 0 | G19: 248.46 | H19: =(E19+F19)/D19 -> 1.0614904 | I19: 586.3656 | J19: 1.37 | K19: =J19/D19 -> 0.035695675 | L19: =((E19+F19)-D19)-J19 -> 0.99 | M19: =L19/D19 -> 0.025794685 | N19: =L19*G19 -> 245.9754 | O19: 調理端 | P19: 展開量105% | R19: 共用類
A20: 9 | B20: 奶油蕈菇起司醬(113年) | C20: 337.736 | D20: 157.09 | E20: 160.05 | F20: 0 | G20: 114.1 | H20: =(E20+F20)/D20 -> 1.0188427 | I20: 337.736 | J20: 2.96 | K20: =J20/D20 -> 0.018842702 | L20: =((E20+F20)-D20)-J20 -> 7.9936058e-15 | M20: =L20/D20 -> 5.0885516e-17 | N20: =L20*G20 -> 9.1207042e-13 | O20: 調理端 | P20: 取樣不穩 | R20: 大口法式蕈菇起司雞排飯糰(113年)
A21: 10 | B21: 炸馬鈴薯塊 | C21: 335.654 | D21: 60.49 | E21: 62.39 | F21: 0 | G21: 176.66 | H21: =(E21+F21)/D21 -> 1.0314102 | I21: 335.654 | J21: 1.9 | K21: =J21/D21 -> 0.03141015 | L21: =((E21+F21)-D21)-J21 -> 0 | M21: =L21/D21 -> 0 | N21: =L21*G21 -> 0 | O21: 調理端 | P21: 取樣不穩 | R21: 妮妮家漢堡排
A23: 超用金額前十名半成品
A24: 明細展開 | D24: 生產資訊 | O24: 類別 | P24: 分析原因 (請填寫8大原因) | Q24: 其他原因說明 | R24: 備註-商品名稱
A25: 排序 | B25: 半成品 | D25: 生產端 | J25: 組合端
B26: 名稱 | C26: 超用金額 排序 | D26: 產出量 | J26: 報廢 | M26: 超用
D27: 訂單需求 (kg) | E27: 實際產出 (kg) | F27: 補單 (kg) | G27: 單價 (元) | H27: 實際生產 (對比訂單需求) | I27: 差異 (元) | J27: kg | K27: 占比 | L27: 金額 (元) | M27: kg | N27: 占比
A28: 1 | B28: (V)川燙小青花菜 | C28: 2265.9991 | D28: 819.64 | E28: 817.95 | F28: 17.06 | G28: 147.43 | H28: =(E28+F28)/D28 -> 1.0187521 | I28: 2265.9991 | J28: 0 | K28: =J28/D28 -> 0 | L28: =J28*G28 -> 0 | M28: =((E28+F28)-D28)-J28 -> 15.37 | N28: =M28/D28 -> 0.018752135 | O28: 組合室 | P28: 原物料規格 | Q28: 大顆比例高 | R28: 共用類
A29: 2 | B29: 煮牛肉片(A7) | C29: 2254.4728 | D29: 50.06 | E29: 50.02 | F29: 3.48 | G29: 655.37 | H29: =(E29+F29)/D29 -> 1.0687175 | I29: 2254.4728 | J29: 0 | K29: =J29/D29 -> 0 | L29: =J29*G29 -> 0 | M29: =((E29+F29)-D29)-J29 -> 3.44 | N29: =M29/D29 -> 0.068717539 | O29: 組合室 | P29: 取樣不穩 | R29: 越式牛肉寬粉
A30: 3 | B30: 切-烤牛五花(112年) | C30: 2156.5768 | D30: 191.74 | E30: 190.14 | F30: 5.16 | G30: 605.78 | H30: =(E30+F30)/D30 -> 1.0185668 | I30: 2156.5768 | J30: 0 | K30: =J30/D30 -> 0 | L30: =J30*G30 -> 0 | M30: =((E30+F30)-D30)-J30 -> 3.56 | N30: =M30/D30 -> 0.018566809 | O30: 組合室 | P30: 研發設定 | Q30: 雙圈秤重範圍 | R30: 糖燻野郎三十天熟成牛飯
A31: 4 | B31: 煮中華冷麵(110年) | C31: 1944.2904 | D31: 4361.25 | E31: 4345.83 | F31: 66.9 | G31: 39.39 | H31: =(E31+F31)/D31 -> 1.011804 | I31: 2027.7972 | J31: 2.12 | K31: =J31/D31 -> 0.00048609917 | L31: =J31*G31 -> 83.5068 | M31: =((E31+F31)-D31)-J31 -> 49.36 | N31: =M31/D31 -> 0.011317856 | O31: 組合室 | P31: 研發設定 | Q31: 雙圈秤重範圍 | R31: 共用類
A32: 5 | B32: 蒸-醬香雞肉絲CL | C32: 1655.2844 | D32: 115.12 | E32: 114.75 | F32: 4.83 | G32: 371.14 | H32: =(E32+F32)/D32 -> 1.0387422 | I32: 1655.2844 | J32: 0 | K32: =J32/D32 -> 0 | L32: =J32*G32 -> 0 | M32: =((E32+F32)-D32)-J32 -> 4.46 | N32: =M32/D32 -> 0.038742182 | O32: 組合室 | P32: 取樣不穩 | R32: 共用類
A33: 6 | B33: 炒照燒牛蒡腿丁 | C33: 1583.993 | D33: 72.49 | E33: 70.49 | F33: 6.58 | G33: 345.85 | H33: =(E33+F33)/D33 -> 1.0631811 | I33: 1583.993 | J33: 0 | K33: =J33/D33 -> 0 | L33: =J33*G33 -> 0 | M33: =((E33+F33)-D33)-J33 -> 4.58 | N33: =M33/D33 -> 0.063181128 | O33: 組合室 | P33: 取樣不穩 | R33: 一配照燒雞肉飯糰
A34: 7 | B34: 蒜炒紅k高麗菜(111年) | C34: 1527.688 | D34: 623.26 | E34: 607.71 | F34: 27.5 | G34: 127.84 | H34: =(E34+F34)/D34 -> 1.0191734 | I34: 1527.688 | J34: 0 | K34: =J34/D34 -> 0 | L34: =J34*G34 -> 0 | M34: =((E34+F34)-D34)-J34 -> 11.95 | N34: =M34/D34 -> 0.019173379 | O34: 組合室 | P34: 取樣不穩 | R34: 共用類
A35: 8 | B35: 越式湯凍(114年) | C35: 1400.1417 | D35: 531.93 | E35: 520.77 | F35: 53.55 | G35: 33.03 | H35: =(E35+F35)/D35 -> 1.0796909 | I35: 1400.1417 | J35: 0 | K35: =J35/D35 -> 0 | L35: =J35*G35 -> 0 | M35: =((E35+F35)-D35)-J35 -> 42.39 | N35: =M35/D35 -> 0.079690937 | O35: 組合室 | P35: 取樣不穩 | R35: 越式牛肉寬粉
A36: 9 | B36: 切-鹽烤牛肉 | C36: 1371.2508 | D36: 59.43 | E36: 61.5 | F36: 0 | G36: 662.44 | H36: =(E36+F36)/D36 -> 1.0348309 | I36: 1371.2508 | J36: 0 | K36: =J36/D36 -> 0 | L36: =J36*G36 -> 0 | M36: =((E36+F36)-D36)-J36 -> 2.07 | N36: =M36/D36 -> 0.034830893 | O36: 組合室 | P36: 取樣不穩 | R36: 共用類
A37: 10 | B37: 分切炙燒炭火燒肉片(主食) | C37: 1050.3632 | D37: 61.29 | E37: 60.3 | F37: 2.66 | G37: 628.96 | H37: =(E37+F37)/D37 -> 1.0272475 | I37: 1050.3632 | J37: 0 | K37: =J37/D37 -> 0 | L37: =J37*G37 -> 0 | M37: =((E37+F37)-D37)-J37 -> 1.67 | N37: =M37/D37 -> 0.027247512 | O37: 組合室 | P37: 取樣不穩 | R37: 蒜蒜燒豚飯
A39: 共用類報廢金額前十名半成品
A40: 明細展開
A41: 排序 | B41: 半成品
B42: 名稱 | C42: 報廢金額 排序 | D42: 共用類總金額 占比
A44: 1 | B44: 川燙毛豆玉米 | C44: 1090.8817 | D44: =C44/$L$5 -> 0.29437573
A45: 2 | B45: 消毒細切紅蘿蔔絲 | C45: 565.9592 | D45: =C45/$L$5 -> 0.15272477
A46: 3 | B46: 消毒青蔥絲 | C46: 340.3902 | D46: =C46/$L$5 -> 0.091854703
A47: 4 | B47: 60切-烤豆腐蛋白丁 | C47: 318.5 | D47: =C47/$L$5 -> 0.085947607
A48: 5 | B48: 烤12切家常豆腐 | C48: 294.84 | D48: =C48/$L$5 -> 0.079562927
A49: 6 | B49: (V)消毒小黃瓜絲 | C49: 289.6 | D49: =C49/$L$5 -> 0.078148907
A50: 7 | B50: 消毒蔥花 | C50: 259.536 | D50: =C50/$L$5 -> 0.070036101
A51: 8 | B51: 透明湯凍(明膠) | C51: 153.1911 | D51: =C51/$L$5 -> 0.041338802
A52: 9 | B52: 歐姆蛋(110年) | C52: 146.0385 | D52: =C52/$L$5 -> 0.039408664
A53: 10 | B53: 煮中華冷麵(110年) | C53: 83.5068 | D53: =C53/$L$5 -> 0.02253441
A54: ※炊飯類不納入半成品廢棄計算
A56: ※淺黃色為工廠自填項目

Sheet 0921分析標準表
A1: 大溪廠半成品管理分析
A2: 日期 | C2: 營業額 | D2: 報廢展開 | F2: 超用展開 | H2: 報廢展開 | J2: 超用展開 | L2: 報廢展開
A3: 45921 | C3: 7966442.2 | D3: 總報廢 | F3: 總超用 | H3: 報廢-前10名 | J3: 超用-前10名 | L3: 共用類-總報廢
D4: 金額 | E4: 占比(營業額) | F4: 金額 | G4: 占比(營業額) | H4: 金額 | I4: 占比(總報廢) | J4: 金額 | K4: 占比(總超用) | L4: 金額 | M4: 占比(總報廢)
A5: 年度KPI目標0.25% | D5: 19329.103 | E5: =D5/C3 -> 0.0024263156 | F5: =VLOOKUP("總計",'[1]0921'!N:R,5,0) -> 57386.624 | G5: =F5/C3 -> 0.0072035449 | H5: =SUM(C12:C21) -> 5551.8348 | I5: =H5/D5 -> 0.28722672 | J5: =SUM(C28:C37) -> 15889.63 | K5: =J5/F5 -> 0.27688734 | L5: 2023.2663 | M5: =L5/D5 -> 0.10467461
A7: 報廢金額前十名半成品
A8: 明細展開 | D8: 生產資訊 | O8: 類別 | P8: 分析原因 (請填寫8大原因) | Q8: 其他原因說明 | R8: 備註-商品名稱
A9: 排序 | B9: 半成品 | D9: 生產端 | J9: 組合端
B10: 名稱 | C10: 報廢金額 排序 | D10: 產出量 | J10: 報廢 | L10: 超用
D11: 訂單需求 (kg) | E11: 實際產出 (kg) | F11: 補單 (kg) | G11: 單價 (元) | H11: 實際生產 (對比訂單需求) | I11: 差異 (元) | J11: kg | K11: 占比 | L11: kg | M11: 占比 | N11: 金額 (元)
A12: 1 | B12: 烤銀鮭魚肚 | C12: 1545 | D12: 4222 | E12: 4322 | F12: 0 | G12: 15.45 | H12: =(E12+F12)/D12 -> 1.0236855 | I12: 1545 | J12: 100 | K12: =J12/D12 -> 0.023685457 | L12: =((E12+F12)-D12)-J12 -> 0 | M12: =L12/D12 -> 0 | N12: =L12*G12 -> 0 | O12: 調理端 | P12: 研發設定 | Q12: 研發設定，小片的規格不符合指示書設定重量 | R12: 一配贅沢鮭魚肚飯糰
A13: 2 | B13: 煮日製細扁麵 | C13: 990.76 | D13: 385.13 | E13: 409.93 | F13: 0 | G13: 39.95 | H13: =(E13+F13)/D13 -> 1.0643938 | I13: 990.76 | J13: 24.8 | K13: =J13/D13 -> 0.064393841 | L13: =((E13+F13)-D13)-J13 -> 0 | M13: =L13/D13 -> 0 | N13: =L13*G13 -> 0 | O13: 調理端 | P13: 展開量105% | R13: 金沙豆腐細扁麵
A14: 3 | B14: 薑炒筍尾 | C14: 679.505 | D14: 54.16 | E14: 58.99 | F14: 0 | G14: 183.65 | H14: =(E14+F14)/D14 -> 1.0891802 | I14: 887.0295 | J14: 3.7 | K14: =J14/D14 -> 0.0683161 | L14: =((E14+F14)-D14)-J14 -> 1.13 | M14: =L14/D14 -> 0.020864106 | N14: =L14*G14 -> 207.5245 | O14: 調理端 | P14: 展開量105% | R14: 經典滷肉飯
A15: 4 | B15: 112炒高級芝麻肉鬆 | C15: 548.448 | D15: 270.86 | E15: 273.76 | F15: 0 | G15: 189.12 | H15: =(E15+F15)/D15 -> 1.0107066 | I15: 548.448 | J15: 2.9 | K15: =J15/D15 -> 0.010706638 | L15: =((E15+F15)-D15)-J15 -> -2.264855e-14 | M15: =L15/D15 -> -8.3617181e-17 | N15: =L15*G15 -> -4.2832937e-12 | O15: 調理端 | P15: 取樣不穩 | R15: 經典肉鬆飯糰
A16: 5 | B16: 妮妮-烤漢堡排肉 | C16: 425.2 | D16: 3956 | E16: 3996 | F16: 0 | G16: 10.63 | H16: =(E16+F16)/D16 -> 1.0101112 | I16: 425.2 | J16: 40 | K16: =J16/D16 -> 0.010111223 | L16: =((E16+F16)-D16)-J16 -> 0 | M16: =L16/D16 -> 0 | N16: =L16*G16 -> 0 | O16: 調理端 | P16: 取樣不穩 | R16: 妮妮家漢堡排
A17: 6 | B17: 蒜味燒烤醬 | C17: 298.5408 | D17: 39.66 | E17: 42.58 | F17: 0 | G17: 102.24 | H17: =(E17+F17)/D17 -> 1.0736258 | I17: 298.5408 | J17: 2.92 | K17: =J17/D17 -> 0.073625819 | L17: =((E17+F17)-D17)-J17 -> 0 | M17: =L17/D17 -> 0 | N17: =L17*G17 -> 0 | O17: 調理端 | P17: 展開量105% | R17: 大口蒜味香腸燒肉雙拼飯糰
A18: 7 | B18: 消毒細切紅蘿蔔絲 | C18: 272.004 | D18: 261.9 | E18: 264.75 | F18: 0 | G18: 95.44 | H18: =(E18+F18)/D18 -> 1.010882 | I18: 272.004 | J18: 2.85 | K18: =J18/D18 -> 0.010882016 | L18: =((E18+F18)-D18)-J18 -> 2.264855e-14 | M18: =L18/D18 -> 8.6477853e-17 | N18: =L18*G18 -> 2.1615776e-12 | O18: 調理端 | P18: 取樣不穩 | R18: 共用類
A19: 8 | B19: (V)消毒小黃瓜絲 | C19: 266.432 | D19: 254.35 | E19: 254.63 | F19: 5.6 | G19: 144.8 | H19: =(E19+F19)/D19 -> 1.0231178 | I19: 851.424 | J19: 1.84 | K19: =J19/D19 -> 0.0072341262 | L19: =((E19+F19)-D19)-J19 -> 4.04 | M19: =L19/D19 -> 0.015883625 | N19: =L19*G19 -> 584.992 | O19: 調理端 | P19: 取樣不穩 | R19: 共用類
A20: 9 | B20: 煮2024蕎麥麵 | C20: 266.1792 | D20: 800.73 | E20: 796.59 | F20: 10.29 | G20: 65.24 | H20: =(E20+F20)/D20 -> 1.0076805 | I20: 401.226 | J20: 4.08 | K20: =J20/D20 -> 0.0050953505 | L20: =((E20+F20)-D20)-J20 -> 2.07 | M20: =L20/D20 -> 0.0025851411 | N20: =L20*G20 -> 135.0468 | O20: 調理端 | P20: 取樣不穩 | R20: 日式蕎麥沾麵
A21: 10 | B21: 炒紅K高麗菜(飯糰) | C21: 259.7658 | D21: 39.66 | E21: 42.2 | F21: 0 | G21: 102.27 | H21: =(E21+F21)/D21 -> 1.0640444 | I21: 259.7658 | J21: 2.54 | K21: =J21/D21 -> 0.064044377 | L21: =((E21+F21)-D21)-J21 -> 6.2172489e-15 | M21: =L21/D21 -> 1.5676372e-16 | N21: =L21*G21 -> 6.3583805e-13 | O21: 調理端 | P21: 展開量105% | R21: 大口蒜味香腸燒肉雙拼飯糰
A23: 超用金額前十名半成品
A24: 明細展開 | D24: 生產資訊 | O24: 類別 | P24: 分析原因 (請填寫8大原因) | Q24: 其他原因說明 | R24: 備註-商品名稱
A25: 排序 | B25: 半成品 | D25: 生產端 | J25: 組合端
B26: 名稱 | C26: 超用金額 排序 | D26: 產出量 | J26: 報廢 | M26: 超用
D27: 訂單需求 (kg) | E27: 實際產出 (kg) | F27: 補單 (kg) | G27: 單價 (元) | H27: 實際生產 (對比訂單需求) | I27: 差異 (元) | J27: kg | K27: 占比 | L27: 金額 (元) | M27: kg | N27: 占比
A28: 1 | B28: 蒸-全熟雞肉絲CL(113年) | C28: 2551.6062 | D28: 124.99 | E28: 126.97 | F28: 4 | G28: 426.69 | H28: =(E28+F28)/D28 -> 1.0478438 | I28: 2551.6062 | J28: 0 | K28: =J28/D28 -> 0 | L28: =J28*G28 -> 0 | M28: =((E28+F28)-D28)-J28 -> 5.98 | N28: =M28/D28 -> 0.047843828 | O28: 組合室 | P28: 取樣不穩 | R28: 雞肉飯飯糰
A29: 2 | B29: 煮中華冷麵(110年) | C29: 1952.1684 | D29: 4523.82 | E29: 4494.34 | F29: 79.5 | G29: 39.39 | H29: =(E29+F29)/D29 -> 1.011057 | I29: 1970.2878 | J29: 0.46 | K29: =J29/D29 -> 0.00010168398 | L29: =J29*G29 -> 18.1194 | M29: =((E29+F29)-D29)-J29 -> 49.56 | N29: =M29/D29 -> 0.010955343 | O29: 組合室 | P29: 研發設定 | Q29: 雙圈秤重範圍 | R29: 共用類
A30: 3 | B30: (V)川燙小青花菜 | C30: 1925.4358 | D30: 853.4 | E30: 854.68 | F30: 11.78 | G30: 147.43 | H30: =(E30+F30)/D30 -> 1.0153035 | I30: 1925.4358 | J30: 0 | K30: =J30/D30 -> 0 | L30: =J30*G30 -> 0 | M30: =((E30+F30)-D30)-J30 -> 13.06 | N30: =M30/D30 -> 0.015303492 | O30: 組合室 | P30: 原物料規格 | Q30: 大顆比例高 | R30: 共用類
A31: 4 | B31: 切-烤牛五花(112年) | C31: 1684.0684 | D31: 186.88 | E31: 182.35 | F31: 7.31 | G31: 605.78 | H31: =(E31+F31)/D31 -> 1.0148759 | I31: 1684.0684 | J31: 0 | K31: =J31/D31 -> 0 | L31: =J31*G31 -> 0 | M31: =((E31+F31)-D31)-J31 -> 2.78 | N31: =M31/D31 -> 0.014875856 | O31: 組合室 | P31: 研發設定 | Q31: 雙圈秤重範圍 | R31: 糖燻野郎三十天熟成牛飯
A32: 5 | B32: 炒照燒牛蒡腿丁 | C32: 1514.823 | D32: 77.32 | E32: 75.4 | F32: 6.3 | G32: 345.85 | H32: =(E32+F32)/D32 -> 1.0566477 | I32: 1514.823 | J32: 0 | K32: =J32/D32 -> 0 | L32: =J32*G32 -> 0 | M32: =((E32+F32)-D32)-J32 -> 4.38 | N32: =M32/D32 -> 0.056647698 | O32: 組合室 | P32: 取樣不穩 | R32: 一配照燒雞肉飯糰
A33: 6 | B33: 焗飯-義式蕃茄紅醬 | C33: 1487.895 | D33: 258.87 | E33: 259.27 | F33: 17.25 | G33: 84.3 | H33: =(E33+F33)/D33 -> 1.0681809 | I33: 1487.895 | J33: 0 | K33: =J33/D33 -> 0 | L33: =J33*G33 -> 0 | M33: =((E33+F33)-D33)-J33 -> 17.65 | N33: =M33/D33 -> 0.06818094 | O33: 組合室 | P33: 取樣不穩 | R33: 二配乳酪燻腸紅醬焗飯
A34: 7 | B34: 切-鹽烤牛肉 | C34: 1358.002 | D34: 62.74 | E34: 62.49 | F34: 2.3 | G34: 662.44 | H34: =(E34+F34)/D34 -> 1.0326745 | I34: 1358.002 | J34: 0 | K34: =J34/D34 -> 0 | L34: =J34*G34 -> 0 | M34: =((E34+F34)-D34)-J34 -> 2.05 | N34: =M34/D34 -> 0.03267453 | O34: 組合室 | P34: 取樣不穩 | R34: 共用類
A35: 8 | B35: 越式湯凍(114年) | C35: 1173.8862 | D35: 539.33 | E35: 525.14 | F35: 49.73 | G35: 33.03 | H35: =(E35+F35)/D35 -> 1.0658966 | I35: 1173.8862 | J35: 0 | K35: =J35/D35 -> 0 | L35: =J35*G35 -> 0 | M35: =((E35+F35)-D35)-J35 -> 35.54 | N35: =M35/D35 -> 0.065896575 | O35: 組合室 | P35: 取樣不穩 | R35: 越式牛肉寬粉
A36: 9 | B36: 碳香燒肉醬 | C36: 1160.3353 | D36: 102.79 | E36: 95.88 | F36: 17.1 | G36: 113.87 | H36: =(E36+F36)/D36 -> 1.0991342 | I36: 1160.3353 | J36: 0 | K36: =J36/D36 -> 0 | L36: =J36*G36 -> 0 | M36: =((E36+F36)-D36)-J36 -> 10.19 | N36: =M36/D36 -> 0.099134157 | O36: 組合室 | P36: 取樣不穩 | R36: 壹號醬雞豚雙拼
A37: 10 | B37: 川燙毛豆玉米 | C37: 1081.4095 | D37: 409.22 | E37: 408.87 | F37: 7.2 | G37: 157.87 | H37: =(E37+F37)/D37 -> 1.0167392 | I37: 1081.4095 | J37: 0 | K37: =J37/D37 -> 0 | L37: =J37*G37 -> 0 | M37: =((E37+F37)-D37)-J37 -> 6.85 | N37: =M37/D37 -> 0.016739162 | O37: 組合室 | P37: 取樣不穩 | R37: 共用類
A39: 共用類報廢金額前十名半成品
A40: 明細展開
A41: 排序 | B41: 半成品
B42: 名稱 | C42: 報廢金額 排序 | D42: 共用類總金額 占比
A44: 1 | B44: 消毒細切紅蘿蔔絲 | C44: 272.004 | D44: =C44/$L$5 -> 0.13443806
A45: 2 | B45: (V)消毒小黃瓜絲 | C45: 266.432 | D45: =C45/$L$5 -> 0.1316841
A46: 3 | B46: 60切-烤豆腐蛋白丁 | C46: 247.45 | D46: =C46/$L$5 -> 0.12230224
A47: 4 | B47: 烤12切家常豆腐 | C47: 245.7 | D47: =C47/$L$5 -> 0.1214373
A48: 5 | B48: 鮮食雙色起司絲 | C48: 242 | D48: =C48/$L$5 -> 0.11960858
A49: 6 | B49: 歐姆蛋(110年) | C49: 238.7412 | D49: =C49/$L$5 -> 0.11799791
A50: 7 | B50: 消毒青蔥絲 | C50: 203.7372 | D50: =C50/$L$5 -> 0.10069717
A51: 8 | B51: 蒸-醬香雞肉絲CL | C51: 148.456 | D51: =C51/$L$5 -> 0.073374424
A52: 9 | B52: 透明湯凍(明膠) | C52: 98.568 | D52: =C52/$L$5 -> 0.048717265
A53: 10 | B53: 川燙紅蘿蔔塊2cm | C53: 42.0585 | D53: =C53/$L$5 -> 0.020787427
A54: ※炊飯類不納入半成品廢棄計算
A56: ※淺黃色為工廠自填項目

Sheet 0920分析標準表
A1: 大溪廠半成品管理分析
A2: 日期 | C2: 營業額 | D2: 報廢展開 | F2: 超用展開 | H2: 報廢展開 | J2: 超用展開 | L2: 報廢展開
A3: 45920 | C3: 5974025.3 | D3: 總報廢 | F3: 總超用 | H3: 報廢-前10名 | J3: 超用-前10名 | L3: 共用類-總報廢
D4: 金額 | E4: 占比(營業額) | F4: 金額 | G4: 占比(營業額) | H4: 金額 | I4: 占比(總報廢) | J4: 金額 | K4: 占比(總超用) | L4: 金額 | M4: 占比(總報廢)
A5: 年度KPI目標0.25% | D5: 14470.434 | E5: =D5/C3 -> 0.002422225 | F5: 42713.631 | G5: =F5/C3 -> 0.0071498913 | H5: =SUM(C12:C21) -> 3120.7277 | I5: =H5/D5 -> 0.21566235 | J5: =SUM(C28:C37) -> 15543.565 | K5: =J5/F5 -> 0.36390174 | L5: 2506.6467 | M5: =L5/D5 -> 0.1732254
A7: 報廢金額前十名半成品
A8: 明細展開 | D8: 生產資訊 | O8: 類別 | P8: 分析原因 (請填寫8大原因) | Q8: 其他原因說明 | R8: 備註-商品名稱
A9: 排序 | B9: 半成品 | D9: 生產端 | J9: 組合端
B10: 名稱 | C10: 報廢金額 排序 | D10: 產出量 | J10: 報廢 | L10: 超用
D11: 訂單需求 (kg) | E11: 實際產出 (kg) | F11: 補單 (kg) | G11: 單價 (元) | H11: 實際生產 (對比訂單需求) | I11: 差異 (元) | J11: kg | K11: 占比 | L11: kg | M11: 占比 | N11: 金額 (元)
A12: 1 | B12: 妮妮-烤漢堡排肉 | C12: 467.72 | D12: 4066 | E12: 4110 | F12: 0 | G12: 10.63 | H12: =(E12+F12)/D12 -> 1.0108214 | I12: 467.72 | J12: 44 | K12: =J12/D12 -> 0.010821446 | L12: =((E12+F12)-D12)-J12 -> 0 | M12: =L12/D12 -> 0 | N12: =L12*G12 -> 0 | O12: 調理端 | P12: 取樣不穩 | R12: 妮妮家漢堡排
A13: 2 | B13: 熟化去皮馬鈴薯滾刀17-23g | C13: 412.8 | D13: 94 | E13: 98.3 | F13: 0 | G13: 96 | H13: =(E13+F13)/D13 -> 1.0457447 | I13: 412.8 | J13: 4.3 | K13: =J13/D13 -> 0.045744681 | L13: =((E13+F13)-D13)-J13 -> 0 | M13: =L13/D13 -> 0 | N13: =L13*G13 -> 0 | O13: 調理端 | P13: 原物料規格 | R13: 嫩烤香料雞胸排蔬滿盒
A14: 3 | B14: 烤銀鮭魚肚 | C14: 355.35 | D14: 2822 | E14: 2845 | F14: 0 | G14: 15.45 | H14: =(E14+F14)/D14 -> 1.0081502 | I14: 355.35 | J14: 23 | K14: =J14/D14 -> 0.0081502481 | L14: =((E14+F14)-D14)-J14 -> 0 | M14: =L14/D14 -> 0 | N14: =L14*G14 -> 0 | O14: 調理端 | P14: 研發設定 | Q14: 研發設定，小片的規格不符合指示書設定重量 | R14: 一配贅沢鮭魚肚飯糰
A15: 4 | B15: 炒紅K高麗菜(飯糰) | C15: 278.1744 | D15: 30.28 | E15: 33 | F15: 0 | G15: 102.27 | H15: =(E15+F15)/D15 -> 1.0898283 | I15: 278.1744 | J15: 2.72 | K15: =J15/D15 -> 0.089828269 | L15: =((E15+F15)-D15)-J15 -> 0 | M15: =L15/D15 -> 0 | N15: =L15*G15 -> 0 | O15: 調理端 | P15: 展開量105% | R15: 大口蒜味香腸燒肉雙拼飯糰
A16: 5 | B16: 煮海帶芽(厚) | C16: 275.2596 | D16: 29.49 | E16: 32.57 | F16: 0 | G16: 89.37 | H16: =(E16+F16)/D16 -> 1.1044422 | I16: 275.2596 | J16: 3.08 | K16: =J16/D16 -> 0.10444218 | L16: =((E16+F16)-D16)-J16 -> 0 | M16: =L16/D16 -> 0 | N16: =L16*G16 -> 0 | O16: 調理端 | P16: 展開量105% | R16: 日式蕎麥沾麵
A17: 6 | B17: 自製鹽蔥(114年) | C17: 271.6645 | D17: 16.04 | E17: 17.33 | F17: 0 | G17: 236.23 | H17: =(E17+F17)/D17 -> 1.0804239 | I17: 304.7367 | J17: 1.15 | K17: =J17/D17 -> 0.071695761 | L17: =((E17+F17)-D17)-J17 -> 0.14 | M17: =L17/D17 -> 0.0087281796 | N17: =L17*G17 -> 33.0722 | O17: 調理端 | P17: 展開量105% | R17: 壹號醬雞豚雙拼
A18: 7 | B18: 煮浪花涼麵(112年) | C18: 268.601 | D18: 716.04 | E18: 712.82 | F18: 8.89 | G18: 47.54 | H18: =(E18+F18)/D18 -> 1.0079186 | I18: 269.5518 | J18: 5.65 | K18: =J18/D18 -> 0.0078906206 | L18: =((E18+F18)-D18)-J18 -> 0.02 | M18: =L18/D18 -> 2.79314e-05 | N18: =L18*G18 -> 0.9508 | O18: 調理端 | P18: 取樣不穩 | R18: 共用類
A19: 8 | B19: 蒜味燒烤醬 | C19: 265.824 | D19: 30.28 | E19: 32.88 | F19: 0 | G19: 102.24 | H19: =(E19+F19)/D19 -> 1.0858653 | I19: 265.824 | J19: 2.6 | K19: =J19/D19 -> 0.085865258 | L19: =((E19+F19)-D19)-J19 -> 0 | M19: =L19/D19 -> 0 | N19: =L19*G19 -> 0 | O19: 調理端 | P19: 展開量105% | R19: 大口蒜味香腸燒肉雙拼飯糰
A20: 9 | B20: 煮烏龍冷麵(113年) | C20: 265.3602 | D20: 402.99 | E20: 395.4 | F20: 12.73 | G20: 82.41 | H20: =(E20+F20)/D20 -> 1.0127547 | I20: 423.5874 | J20: 3.22 | K20: =J20/D20 -> 0.0079902727 | L20: =((E20+F20)-D20)-J20 -> 1.92 | M20: =L20/D20 -> 0.0047643862 | N20: =L20*G20 -> 158.2272 | O20: 調理端 | P20: 取樣不穩 | R20: 芝麻鰹魚烏龍冷麵
A21: 10 | B21: 煮中華冷麵(110年) | C21: 259.974 | D21: 3537.3 | E21: 3532.95 | F21: 48 | G21: 39.39 | H21: =(E21+F21)/D21 -> 1.0123399 | I21: 1719.3735 | J21: 6.6 | K21: =J21/D21 -> 0.0018658299 | L21: =((E21+F21)-D21)-J21 -> 37.05 | M21: =L21/D21 -> 0.01047409 | N21: =L21*G21 -> 1459.3995 | O21: 調理端 | P21: 取樣不穩 | R21: 共用類
A23: 超用金額前十名半成品
A24: 明細展開 | D24: 生產資訊 | O24: 類別 | P24: 分析原因 (請填寫8大原因) | Q24: 其他原因說明 | R24: 備註-商品名稱
A25: 排序 | B25: 半成品 | D25: 生產端 | J25: 組合端
B26: 名稱 | C26: 超用金額 排序 | D26: 產出量 | J26: 報廢 | M26: 超用
D27: 訂單需求 (kg) | E27: 實際產出 (kg) | F27: 補單 (kg) | G27: 單價 (元) | H27: 實際生產 (對比訂單需求) | I27: 差異 (元) | J27: kg | K27: 占比 | L27: 金額 (元) | M27: kg | N27: 占比
A28: 1 | B28: 蒜炒紅k高麗菜(111年) | C28: 1941.8896 | D28: 360.7 | E28: 357.49 | F28: 18.4 | G28: 127.84 | H28: =(E28+F28)/D28 -> 1.0421126 | I28: 1941.8896 | J28: 0 | K28: =J28/D28 -> 0 | L28: =J28*G28 -> 0 | M28: =((E28+F28)-D28)-J28 -> 15.19 | N28: =M28/D28 -> 0.042112559 | O28: 組合室 | P28: 取樣不穩 | R28: 共用類
A29: 2 | B29: 切-烤牛五花(112年) | C29: 1896.0914 | D29: 147.53 | E29: 147.65 | F29: 3.01 | G29: 605.78 | H29: =(E29+F29)/D29 -> 1.021216 | I29: 1896.0914 | J29: 0 | K29: =J29/D29 -> 0 | L29: =J29*G29 -> 0 | M29: =((E29+F29)-D29)-J29 -> 3.13 | N29: =M29/D29 -> 0.021216024 | O29: 組合室 | P29: 取樣不穩 | R29: 糖燻野郎三十天熟成牛飯
A30: 3 | B30: (V)川燙小青花菜 | C30: 1835.5035 | D30: 515.5 | E30: 516.15 | F30: 11.8 | G30: 147.43 | H30: =(E30+F30)/D30 -> 1.0241513 | I30: 1835.5035 | J30: 0 | K30: =J30/D30 -> 0 | L30: =J30*G30 -> 0 | M30: =((E30+F30)-D30)-J30 -> 12.45 | N30: =M30/D30 -> 0.024151309 | O30: 組合室 | P30: 原物料規格 | Q30: 大顆比例高 | R30: 共用類
A31: 4 | B31: 煮牛肉片(A7) | C31: 1677.7472 | D31: 40.61 | E31: 40.77 | F31: 2.4 | G31: 655.37 | H31: =(E31+F31)/D31 -> 1.0630387 | I31: 1677.7472 | J31: 0 | K31: =J31/D31 -> 0 | L31: =J31*G31 -> 0 | M31: =((E31+F31)-D31)-J31 -> 2.56 | N31: =M31/D31 -> 0.06303866 | O31: 組合室 | P31: 取樣不穩 | R31: 越式牛肉寬粉
A32: 5 | B32: 切-鹽烤牛肉 | C32: 1550.1096 | D32: 50.92 | E32: 49.12 | F32: 4.14 | G32: 662.44 | H32: =(E32+F32)/D32 -> 1.0459544 | I32: 1550.1096 | J32: 0 | K32: =J32/D32 -> 0 | L32: =J32*G32 -> 0 | M32: =((E32+F32)-D32)-J32 -> 2.34 | N32: =M32/D32 -> 0.045954438 | O32: 組合室 | P32: 取樣不穩 | R32: 共用類
A33: 6 | B33: 煮中華冷麵(110年) | C33: 1459.3995 | D33: 3537.3 | E33: 3532.95 | F33: 48 | G33: 39.39 | H33: =(E33+F33)/D33 -> 1.0123399 | I33: 1719.3735 | J33: 6.6 | K33: =J33/D33 -> 0.0018658299 | L33: =J33*G33 -> 259.974 | M33: =((E33+F33)-D33)-J33 -> 37.05 | N33: =M33/D33 -> 0.01047409 | O33: 組合室 | P33: 研發設定 | Q33: 雙圈秤重範圍 | R33: 共用類
A34: 7 | B34: 蘑菇白醬 | C34: 1435.9293 | D34: 202.8 | E34: 202.71 | F34: 14.52 | G34: 99.51 | H34: =(E34+F34)/D34 -> 1.0711538 | I34: 1435.9293 | J34: 0 | K34: =J34/D34 -> 0 | L34: =J34*G34 -> 0 | M34: =((E34+F34)-D34)-J34 -> 14.43 | N34: =M34/D34 -> 0.071153846 | O34: 組合室 | P34: 取樣不穩 | R34: 二配黃金雞排蘑菇白醬歐姆蛋飯
A35: 8 | B35: 古早味肉燥（真空包） | C35: 1361.9001 | D35: 36.83 | E35: 35.54 | F35: 4.4 | G35: 437.91 | H35: =(E35+F35)/D35 -> 1.084442 | I35: 1361.9001 | J35: 0 | K35: =J35/D35 -> 0 | L35: =J35*G35 -> 0 | M35: =((E35+F35)-D35)-J35 -> 3.11 | N35: =M35/D35 -> 0.084442031 | O35: 組合室 | P35: 取樣不穩 | R35: 擔仔炊粉湯
A36: 9 | B36: 歐姆蛋-黑咖哩醬 | C36: 1284.2446 | D36: 293.02 | E36: 294.24 | F36: 18.2 | G36: 66.13 | H36: =(E36+F36)/D36 -> 1.0662753 | I36: 1284.2446 | J36: 0 | K36: =J36/D36 -> 0 | L36: =J36*G36 -> 0 | M36: =((E36+F36)-D36)-J36 -> 19.42 | N36: =M36/D36 -> 0.06627534 | O36: 組合室 | P36: 取樣不穩 | R36: 二配里肌豬排可可咖哩歐姆蛋飯
A37: 10 | B37: 炙燒韓式牛五花 | C37: 1100.75 | D37: 23.68 | E37: 23.83 | F37: 1.6 | G37: 629 | H37: =(E37+F37)/D37 -> 1.073902 | I37: 1100.75 | J37: 0 | K37: =J37/D37 -> 0 | L37: =J37*G37 -> 0 | M37: =((E37+F37)-D37)-J37 -> 1.75 | N37: =M37/D37 -> 0.073902027 | O37: 組合室 | P37: 取樣不穩 | R37: 壹號醬炙烤牛飯糰
A39: 共用類報廢金額前十名半成品
A40: 明細展開
A41: 排序 | B41: 半成品
B42: 名稱 | C42: 報廢金額 排序 | D42: 共用類總金額 占比
A44: 1 | B44: 煮浪花涼麵(112年) | C44: 268.601 | D44: =C44/$L$5 -> 0.10715551
A45: 2 | B45: 煮中華冷麵(110年) | C45: 259.974 | D45: =C45/$L$5 -> 0.10371386
A46: 3 | B46: 60切-烤豆腐蛋白丁 | C46: 249.9 | D46: =C46/$L$5 -> 0.099694943
A47: 4 | B47: 烤12切家常豆腐 | C47: 242.19 | D47: =C47/$L$5 -> 0.096619121
A48: 5 | B48: 蒸-醬香雞肉絲CL | C48: 204.127 | D48: =C48/$L$5 -> 0.081434292
A49: 6 | B49: 消毒細切紅蘿蔔絲 | C49: 203.2872 | D49: =C49/$L$5 -> 0.081099263
A50: 7 | B50: (V)消毒小黃瓜絲 | C50: 179.552 | D50: =C50/$L$5 -> 0.071630358
A51: 8 | B51: 川燙紅蘿蔔塊2cm | C51: 172.0575 | D51: =C51/$L$5 -> 0.068640507
A52: 9 | B52: 鮮食雙色起司絲 | C52: 138 | D52: =C52/$L$5 -> 0.05505363
A53: 10 | B53: 消毒青蔥絲 | C53: 129.1992 | D53: =C53/$L$5 -> 0.051542645
A54: ※炊飯類不納入半成品廢棄計算
A56: ※淺黃色為工廠自填項目

Sheet 0919分析標準表
A1: 大溪廠半成品管理分析
A2: 日期 | C2: 營業額 | D2: 報廢展開 | F2: 超用展開 | H2: 報廢展開 | J2: 超用展開 | L2: 報廢展開
A3: 45919 | C3: 5796047.9 | D3: 總報廢 | F3: 總超用 | H3: 報廢-前10名 | J3: 超用-前10名 | L3: 共用類-總報廢
D4: 金額 | E4: 占比(營業額) | F4: 金額 | G4: 占比(營業額) | H4: 金額 | I4: 占比(總報廢) | J4: 金額 | K4: 占比(總超用) | L4: 金額 | M4: 占比(總報廢)
A5: 年度KPI目標0.25% | D5: 14036.895 | E5: =D5/C3 -> 0.0024218046 | F5: 41419.956 | G5: =F5/C3 -> 0.0071462412 | H5: =SUM(C12:C21) -> 4383.8855 | I5: =H5/D5 -> 0.31231161 | J5: =SUM(C28:C37) -> 13311.998 | K5: =J5/F5 -> 0.32139092 | L5: 2181.3901 | M5: =L5/D5 -> 0.15540403
A7: 報廢金額前十名半成品
A8: 明細展開 | D8: 生產資訊 | O8: 類別 | P8: 分析原因 (請填寫8大原因) | Q8: 其他原因說明 | R8: 備註-商品名稱
A9: 排序 | B9: 半成品 | D9: 生產端 | J9: 組合端
B10: 名稱 | C10: 報廢金額 排序 | D10: 產出量 | J10: 報廢 | L10: 超用
D11: 訂單需求 (kg) | E11: 實際產出 (kg) | F11: 補單 (kg) | G11: 單價 (元) | H11: 實際生產 (對比訂單需求) | I11: 差異 (元) | J11: kg | K11: 占比 | L11: kg | M11: 占比 | N11: 金額 (元)
A12: 1 | B12: 蒸-全熟雞肉絲CL(113年) | C12: 1220.3334 | D12: 90.22 | E12: 92.68 | F12: 5.6 | G12: 426.69 | H12: =(E12+F12)/D12 -> 1.0893372 | I12: 3439.1214 | J12: 2.86 | K12: =J12/D12 -> 0.031700288 | L12: =((E12+F12)-D12)-J12 -> 5.2 | M12: =L12/D12 -> 0.057636888 | N12: =L12*G12 -> 2218.788 | O12: 調理端 | P12: 展開量105% | R12: 雞肉飯飯糰
A13: 2 | B13: 烤銀鮭魚肚 | C13: 865.2 | D13: 2967 | E13: 3023 | F13: 0 | G13: 15.45 | H13: =(E13+F13)/D13 -> 1.0188743 | I13: 865.2 | J13: 56 | K13: =J13/D13 -> 0.018874284 | L13: =((E13+F13)-D13)-J13 -> 0 | M13: =L13/D13 -> 0 | N13: =L13*G13 -> 0 | O13: 調理端 | P13: 研發設定 | Q13: 研發設定，小片的規格不符合指示書設定重量 | R13: 一配贅沢鮭魚肚飯糰
A14: 3 | B14: 奶油蕈菇起司醬(113年) | C14: 308.07 | D14: 109.08 | E14: 111.78 | F14: 0 | G14: 114.1 | H14: =(E14+F14)/D14 -> 1.0247525 | I14: 308.07 | J14: 2.7 | K14: =J14/D14 -> 0.024752475 | L14: =((E14+F14)-D14)-J14 -> 0 | M14: =L14/D14 -> 0 | N14: =L14*G14 -> 0 | O14: 調理端 | P14: 取樣不穩 | R14: 大口法式蕈菇起司雞排飯糰(113年)
A15: 4 | B15: 炒紅K高麗菜(飯糰) | C15: 290.4468 | D15: 28.02 | E15: 30.86 | F15: 0 | G15: 102.27 | H15: =(E15+F15)/D15 -> 1.1013562 | I15: 290.4468 | J15: 2.84 | K15: =J15/D15 -> 0.10135617 | L15: =((E15+F15)-D15)-J15 -> 0 | M15: =L15/D15 -> 0 | N15: =L15*G15 -> 0 | O15: 調理端 | P15: 展開量105% | R15: 大口蒜味香腸燒肉雙拼飯糰
A16: 5 | B16: 大口椒麻醬 | C16: 287.4124 | D16: 20.9 | E16: 22.56 | F16: 0 | G16: 173.14 | H16: =(E16+F16)/D16 -> 1.0794258 | I16: 287.4124 | J16: 1.66 | K16: =J16/D16 -> 0.079425837 | L16: =((E16+F16)-D16)-J16 -> 0 | M16: =L16/D16 -> 0 | N16: =L16*G16 -> 0 | O16: 調理端 | P16: 展開量105% | R16: 大口花椒香麻雞飯糰
A17: 6 | B17: 蒸-醬香雞肉絲CL | C17: 285.7778 | D17: 88.34 | E17: 88.55 | F17: 3.36 | G17: 371.14 | H17: =(E17+F17)/D17 -> 1.040412 | I17: 1324.9698 | J17: 0.77 | K17: =J17/D17 -> 0.0087163233 | L17: =((E17+F17)-D17)-J17 -> 2.8 | M17: =L17/D17 -> 0.031695721 | N17: =L17*G17 -> 1039.192 | O17: 調理端 | P17: 取樣不穩 | R17: 共用類
A18: 7 | B18: 歐姆蛋-黑咖哩醬 | C18: 285.0203 | D18: 249.62 | E18: 240.37 | F18: 15.5 | G18: 66.13 | H18: =(E18+F18)/D18 -> 1.0250381 | I18: 413.3125 | J18: 4.31 | K18: =J18/D18 -> 0.017266245 | L18: =((E18+F18)-D18)-J18 -> 1.94 | M18: =L18/D18 -> 0.0077718132 | N18: =L18*G18 -> 128.2922 | O18: 調理端 | P18: 取樣不穩 | R18: 二配里肌豬排可可咖哩歐姆蛋飯
A19: 8 | B19: 自製鹽蔥(114年) | C19: 283.476 | D19: 14.74 | E19: 15.94 | F19: 0 | G19: 236.23 | H19: =(E19+F19)/D19 -> 1.0814111 | I19: 283.476 | J19: 1.2 | K19: =J19/D19 -> 0.081411126 | L19: =((E19+F19)-D19)-J19 -> 0 | M19: =L19/D19 -> 0 | N19: =L19*G19 -> 0 | O19: 調理端 | P19: 展開量105% | R19: 壹號醬雞豚雙拼
A20: 9 | B20: (V)消毒小黃瓜絲 | C20: 279.464 | D20: 214.47 | E20: 216.4 | F20: 0 | G20: 144.8 | H20: =(E20+F20)/D20 -> 1.0089989 | I20: 279.464 | J20: 1.93 | K20: =J20/D20 -> 0.0089989276 | L20: =((E20+F20)-D20)-J20 -> 6.8833828e-15 | M20: =L20/D20 -> 3.2094851e-17 | N20: =L20*G20 -> 9.9671382e-13 | O20: 調理端 | P20: 取樣不穩 | R20: 共用類
A21: 10 | B21: 消毒細切紅蘿蔔絲 | C21: 278.6848 | D21: 219.96 | E21: 222.88 | F21: 0 | G21: 95.44 | H21: =(E21+F21)/D21 -> 1.0132751 | I21: 278.6848 | J21: 2.92 | K21: =J21/D21 -> 0.013275141 | L21: =((E21+F21)-D21)-J21 -> -1.2434498e-14 | M21: =L21/D21 -> -5.6530723e-17 | N21: =L21*G21 -> -1.1867485e-12 | O21: 調理端 | P21: 取樣不穩 | R21: 共用類
A23: 超用金額前十名半成品
A24: 明細展開 | D24: 生產資訊 | O24: 類別 | P24: 分析原因 (請填寫8大原因) | Q24: 其他原因說明 | R24: 備註-商品名稱
A25: 排序 | B25: 半成品 | D25: 生產端 | J25: 組合端
B26: 名稱 | C26: 超用金額 排序 | D26: 產出量 | J26: 報廢 | M26: 超用
D27: 訂單需求 (kg) | E27: 實際產出 (kg) | F27: 補單 (kg) | G27: 單價 (元) | H27: 實際生產 (對比訂單需求) | I27: 差異 (元) | J27: kg | K27: 占比 | L27: 金額 (元) | M27: kg | N27: 占比
A28: 1 | B28: 蒸-全熟雞肉絲CL(113年) | C28: 2218.788 | D28: 90.22 | E28: 92.68 | F28: 5.6 | G28: 426.69 | H28: =(E28+F28)/D28 -> 1.0893372 | I28: 3439.1214 | J28: 2.86 | K28: =J28/D28 -> 0.031700288 | L28: =J28*G28 -> 1220.3334 | M28: =((E28+F28)-D28)-J28 -> 5.2 | N28: =M28/D28 -> 0.057636888 | O28: 組合室 | P28: 取樣不穩 | R28: 雞肉飯飯糰
A29: 2 | B29: 蒜炒紅k高麗菜(111年) | C29: 2081.2352 | D29: 373.44 | E29: 368.32 | F29: 21.4 | G29: 127.84 | H29: =(E29+F29)/D29 -> 1.0435947 | I29: 2081.2352 | J29: 0 | K29: =J29/D29 -> 0 | L29: =J29*G29 -> 0 | M29: =((E29+F29)-D29)-J29 -> 16.28 | N29: =M29/D29 -> 0.043594687 | O29: 組合室 | P29: 取樣不穩 | R29: 共用類
A30: 3 | B30: 煮中華冷麵(110年) | C30: 1962.8037 | D30: 3793.47 | E30: 3785.96 | F30: 58.8 | G30: 39.39 | H30: =(E30+F30)/D30 -> 1.0135206 | I30: 2020.3131 | J30: 1.46 | K30: =J30/D30 -> 0.0003848719 | L30: =J30*G30 -> 57.5094 | M30: =((E30+F30)-D30)-J30 -> 49.83 | N30: =M30/D30 -> 0.013135731 | O30: 組合室 | P30: 研發設定 | Q30: 雙圈秤重範圍 | R30: 共用類
A31: 4 | B31: (V)川燙小青花菜 | C31: 1310.6527 | D31: 515.97 | E31: 512.1 | F31: 12.76 | G31: 147.43 | H31: =(E31+F31)/D31 -> 1.0172297 | I31: 1310.6527 | J31: 0 | K31: =J31/D31 -> 0 | L31: =J31*G31 -> 0 | M31: =((E31+F31)-D31)-J31 -> 8.89 | N31: =M31/D31 -> 0.017229684 | O31: 組合室 | P31: 原物料規格 | Q31: 大顆比例高 | R31: 共用類
A32: 5 | B32: 煮牛肉片(A7) | C32: 1068.2531 | D32: 38.35 | E32: 37.56 | F32: 2.42 | G32: 655.37 | H32: =(E32+F32)/D32 -> 1.0425033 | I32: 1068.2531 | J32: 0 | K32: =J32/D32 -> 0 | L32: =J32*G32 -> 0 | M32: =((E32+F32)-D32)-J32 -> 1.63 | N32: =M32/D32 -> 0.042503259 | O32: 組合室 | P32: 取樣不穩 | R32: 越式牛肉寬粉
A33: 6 | B33: 蒸-醬香雞肉絲CL | C33: 1039.192 | D33: 88.34 | E33: 88.55 | F33: 3.36 | G33: 371.14 | H33: =(E33+F33)/D33 -> 1.040412 | I33: 1324.9698 | J33: 0.77 | K33: =J33/D33 -> 0.0087163233 | L33: =J33*G33 -> 285.7778 | M33: =((E33+F33)-D33)-J33 -> 2.8 | N33: =M33/D33 -> 0.031695721 | O33: 組合室 | P33: 取樣不穩 | R33: 共用類
A34: 7 | B34: 切-究極燒肉片 | C34: 1038.885 | D34: 33.16 | E34: 32.86 | F34: 1.8 | G34: 692.59 | H34: =(E34+F34)/D34 -> 1.0452352 | I34: 1038.885 | J34: 0 | K34: =J34/D34 -> 0 | L34: =J34*G34 -> 0 | M34: =((E34+F34)-D34)-J34 -> 1.5 | N34: =M34/D34 -> 0.045235223 | O34: 組合室 | P34: 取樣不穩 | R34: 壹號醬雞豚雙拼
A35: 8 | B35: 切-鹽烤牛肉 | C35: 960.538 | D35: 44.18 | E35: 44.71 | F35: 0.92 | G35: 662.44 | H35: =(E35+F35)/D35 -> 1.0328203 | I35: 960.538 | J35: 0 | K35: =J35/D35 -> 0 | L35: =J35*G35 -> 0 | M35: =((E35+F35)-D35)-J35 -> 1.45 | N35: =M35/D35 -> 0.032820281 | O35: 組合室 | P35: 取樣不穩 | R35: 共用類
A36: 9 | B36: 炒照燒牛蒡腿丁 | C36: 826.5815 | D36: 65.16 | E36: 64.05 | F36: 3.5 | G36: 345.85 | H36: =(E36+F36)/D36 -> 1.0366789 | I36: 826.5815 | J36: 0 | K36: =J36/D36 -> 0 | L36: =J36*G36 -> 0 | M36: =((E36+F36)-D36)-J36 -> 2.39 | N36: =M36/D36 -> 0.036678944 | O36: 組合室 | P36: 取樣不穩 | R36: 一配照燒雞肉飯糰
A37: 10 | B37: 分切炙燒炭火燒肉片(主食) | C37: 805.0688 | D37: 44.99 | E37: 45.13 | F37: 1.14 | G37: 628.96 | H37: =(E37+F37)/D37 -> 1.0284508 | I37: 805.0688 | J37: 0 | K37: =J37/D37 -> 0 | L37: =J37*G37 -> 0 | M37: =((E37+F37)-D37)-J37 -> 1.28 | N37: =M37/D37 -> 0.028450767 | O37: 組合室 | P37: 取樣不穩 | R37: 蒜蒜燒豚飯
A39: 共用類報廢金額前十名半成品
A40: 明細展開
A41: 排序 | B41: 半成品
B42: 名稱 | C42: 報廢金額 排序 | D42: 共用類總金額 占比
A44: 1 | B44: 蒸-醬香雞肉絲CL | C44: 285.7778 | D44: =C44/$L$5 -> 0.1310072
A45: 2 | B45: (V)消毒小黃瓜絲 | C45: 279.464 | D45: =C45/$L$5 -> 0.1281128
A46: 3 | B46: 消毒細切紅蘿蔔絲 | C46: 278.6848 | D46: =C46/$L$5 -> 0.1277556
A47: 4 | B47: 60切-烤豆腐蛋白丁 | C47: 274.4 | D47: =C47/$L$5 -> 0.12579135
A48: 5 | B48: 烤12切家常豆腐 | C48: 235.17 | D48: =C48/$L$5 -> 0.1078074
A49: 6 | B49: 川燙紅蘿蔔塊2cm | C49: 172.0575 | D49: =C49/$L$5 -> 0.078875163
A50: 7 | B50: 鮮食雙色起司絲 | C50: 138 | D50: =C50/$L$5 -> 0.063262412
A51: 8 | B51: 消毒青蔥絲 | C51: 129.1992 | D51: =C51/$L$5 -> 0.059227921
A52: 9 | B52: 歐姆蛋(110年) | C52: 88.893 | D52: =C52/$L$5 -> 0.04075062
A53: 10 | B53: 川燙毛豆玉米 | C53: 78.935 | D53: =C53/$L$5 -> 0.036185641
A54: ※炊飯類不納入半成品廢棄計算
A56: ※淺黃色為工廠自填項目

Sheet 0918分析標準表
A1: 大溪廠半成品管理分析
A2: 日期 | C2: 營業額 | D2: 報廢展開 | F2: 超用展開 | H2: 報廢展開 | J2: 超用展開 | L2: 報廢展開
A3: 45918 | C3: 7356981 | D3: 總報廢 | F3: 總超用 | H3: 報廢-前10名 | J3: 超用-前10名 | L3: 共用類-總報廢
D4: 金額 | E4: 占比(營業額) | F4: 金額 | G4: 占比(營業額) | H4: 金額 | I4: 占比(總報廢) | J4: 金額 | K4: 占比(總超用) | L4: 金額 | M4: 占比(總報廢)
A5: 年度KPI目標0.25% | D5: 17831.618 | E5: =D5/C3 -> 0.0024237684 | F5: 53044.101 | G5: =F5/C3 -> 0.0072100365 | H5: =SUM(C12:C21) -> 5863.3725 | I5: =H5/D5 -> 0.32881887 | J5: =SUM(C28:C37) -> 23351.343 | K5: =J5/F5 -> 0.44022506 | L5: 3415.2734 | M5: =L5/D5 -> 0.19152908
A7: 報廢金額前十名半成品
A8: 明細展開 | D8: 生產資訊 | O8: 類別 | P8: 分析原因 (請填寫8大原因) | Q8: 其他原因說明 | R8: 備註-商品名稱
A9: 排序 | B9: 半成品 | D9: 生產端 | J9: 組合端
B10: 名稱 | C10: 報廢金額 排序 | D10: 產出量 | J10: 報廢 | L10: 超用
D11: 訂單需求 (kg) | E11: 實際產出 (kg) | F11: 補單 (kg) | G11: 單價 (元) | H11: 實際生產 (對比訂單需求) | I11: 差異 (元) | J11: kg | K11: 占比 | L11: kg | M11: 占比 | N11: 金額 (元)
A12: 1 | B12: 炸馬鈴薯塊 | C12: 1123.5576 | D12: 103.75 | E12: 110.11 | F12: 0 | G12: 176.66 | H12: =(E12+F12)/D12 -> 1.0613012 | I12: 1123.5576 | J12: 6.36 | K12: =J12/D12 -> 0.061301205 | L12: =((E12+F12)-D12)-J12 -> 0 | M12: =L12/D12 -> 0 | N12: =L12*G12 -> 0 | O12: 調理端 | P12: 展開量105% | R12: 妮妮家漢堡排
A13: 2 | B13: 烤銀鮭魚肚 | C13: 1112.4 | D13: 4194 | E13: 4266 | F13: 0 | G13: 15.45 | H13: =(E13+F13)/D13 -> 1.0171674 | I13: 1112.4 | J13: 72 | K13: =J13/D13 -> 0.017167382 | L13: =((E13+F13)-D13)-J13 -> 0 | M13: =L13/D13 -> 0 | N13: =L13*G13 -> 0 | O13: 調理端 | P13: 研發設定 | Q13: 研發設定，小片的規格不符合指示書設定重量 | R13: 一配贅沢鮭魚肚飯糰
A14: 3 | B14: 川燙毛豆玉米 | C14: 737.2529 | D14: 320 | E14: 324.67 | F14: 0 | G14: 157.87 | H14: =(E14+F14)/D14 -> 1.0145937 | I14: 737.2529 | J14: 4.67 | K14: =J14/D14 -> 0.01459375 | L14: =((E14+F14)-D14)-J14 -> 1.5987212e-14 | M14: =L14/D14 -> 4.9960036e-17 | N14: =L14*G14 -> 2.5239011e-12 | O14: 調理端 | P14: 取樣不穩 | R14: 共用類
A15: 4 | B15: 炒油蔥醬 | C15: 638.495 | D15: 182.31 | E15: 187.69 | F15: 0 | G15: 152.75 | H15: =(E15+F15)/D15 -> 1.0295102 | I15: 821.795 | J15: 4.18 | K15: =J15/D15 -> 0.02292798 | L15: =((E15+F15)-D15)-J15 -> 1.2 | M15: =L15/D15 -> 0.0065821952 | N15: =L15*G15 -> 183.3 | O15: 調理端 | P15: 取樣不穩 | R15: 雞肉飯飯糰
A16: 5 | B16: 川燙韭菜綠豆芽A7 | C16: 506.7156 | D16: 65.19 | E16: 62.8 | F16: 6.6 | G16: 120.36 | H16: =(E16+F16)/D16 -> 1.0645805 | I16: 506.7156 | J16: 4.21 | K16: =J16/D16 -> 0.064580457 | L16: =((E16+F16)-D16)-J16 -> 0 | M16: =L16/D16 -> 0 | N16: =L16*G16 -> 0 | O16: 調理端 | P16: 展開量105% | R16: 擔仔炊粉湯
A17: 6 | B17: 煮中華冷麵(110年) | C17: 384.8403 | D17: 4359.36 | E17: 4342.3 | F17: 78.6 | G17: 39.39 | H17: =(E17+F17)/D17 -> 1.0141168 | I17: 2424.0606 | J17: 9.77 | K17: =J17/D17 -> 0.0022411547 | L17: =((E17+F17)-D17)-J17 -> 51.77 | M17: =L17/D17 -> 0.011875596 | N17: =L17*G17 -> 2039.2203 | O17: 調理端 | P17: 取樣不穩 | R17: 共用類
A18: 7 | B18: 炒紅K碎蛋 | C18: 370.7928 | D18: 76.36 | E18: 78.32 | F18: 0 | G18: 189.18 | H18: =(E18+F18)/D18 -> 1.0256679 | I18: 370.7928 | J18: 1.96 | K18: =J18/D18 -> 0.025667889 | L18: =((E18+F18)-D18)-J18 -> -6.2172489e-15 | M18: =L18/D18 -> -8.1420232e-17 | N18: =L18*G18 -> -1.1761792e-12 | O18: 調理端 | P18: 取樣不穩 | R18: 烤蛋白餐盒
A19: 8 | B19: (V)川燙小青花菜 | C19: 334.6661 | D19: 719.53 | E19: 719.53 | F19: 23.62 | G19: 147.43 | H19: =(E19+F19)/D19 -> 1.032827 | I19: 3482.2966 | J19: 2.27 | K19: =J19/D19 -> 0.0031548372 | L19: =((E19+F19)-D19)-J19 -> 21.35 | M19: =L19/D19 -> 0.029672147 | N19: =L19*G19 -> 3147.6305 | O19: 調理端 | P19: 原物料規格 | Q19: 大顆比例高 | R19: 共用類
A20: 9 | B20: 油蔥肉燥(113年) | C20: 327.3945 | D20: 114.92 | E20: 113.12 | F20: 4.35 | G20: 128.39 | H20: =(E20+F20)/D20 -> 1.0221893 | I20: 327.3945 | J20: 2.55 | K20: =J20/D20 -> 0.022189349 | L20: =((E20+F20)-D20)-J20 -> -1.687539e-14 | M20: =L20/D20 -> -1.4684467e-16 | N20: =L20*G20 -> -2.1666313e-12 | O20: 調理端 | P20: 取樣不穩 | R20: 經典滷肉飯
A21: 10 | B21: 烤黑胡椒洋蔥絲 | C21: 327.2577 | D21: 89.98 | E21: 93.21 | F21: 0 | G21: 141.67 | H21: =(E21+F21)/D21 -> 1.0358969 | I21: 457.5941 | J21: 2.31 | K21: =J21/D21 -> 0.025672372 | L21: =((E21+F21)-D21)-J21 -> 0.92 | M21: =L21/D21 -> 0.010224494 | N21: =L21*G21 -> 130.3364 | O21: 調理端 | P21: 取樣不穩 | R21: 糖燻野郎三十天熟成牛飯
A23: 超用金額前十名半成品
A24: 明細展開 | D24: 生產資訊 | O24: 類別 | P24: 分析原因 (請填寫8大原因) | Q24: 其他原因說明 | R24: 備註-商品名稱
A25: 排序 | B25: 半成品 | D25: 生產端 | J25: 組合端
B26: 名稱 | C26: 超用金額 排序 | D26: 產出量 | J26: 報廢 | M26: 超用
D27: 訂單需求 (kg) | E27: 實際產出 (kg) | F27: 補單 (kg) | G27: 單價 (元) | H27: 實際生產 (對比訂單需求) | I27: 差異 (元) | J27: kg | K27: 占比 | L27: 金額 (元) | M27: kg | N27: 占比
A28: 1 | B28: 古早味肉燥（真空包） | C28: 3459.489 | D28: 65.19 | E28: 60 | F28: 13.09 | G28: 437.91 | H28: =(E28+F28)/D28 -> 1.1211842 | I28: 3459.489 | J28: 0 | K28: =J28/D28 -> 0 | L28: =J28*G28 -> 0 | M28: =((E28+F28)-D28)-J28 -> 7.9 | N28: =M28/D28 -> 0.12118423 | O28: 組合室 | P28: 取樣不穩 | R28: 擔仔炊粉湯
A29: 2 | B29: (V)川燙小青花菜 | C29: 3147.6305 | D29: 719.53 | E29: 719.53 | F29: 23.62 | G29: 147.43 | H29: =(E29+F29)/D29 -> 1.032827 | I29: 3482.2966 | J29: 2.27 | K29: =J29/D29 -> 0.0031548372 | L29: =J29*G29 -> 334.6661 | M29: =((E29+F29)-D29)-J29 -> 21.35 | N29: =M29/D29 -> 0.029672147 | O29: 組合室 | P29: 原物料規格 | Q29: 大顆比例高 | R29: 共用類
A30: 3 | B30: 炙燒韓式牛五花 | C30: 2704.7 | D30: 55.64 | E30: 58.34 | F30: 1.6 | G30: 629 | H30: =(E30+F30)/D30 -> 1.0772825 | I30: 2704.7 | J30: 0 | K30: =J30/D30 -> 0 | L30: =J30*G30 -> 0 | M30: =((E30+F30)-D30)-J30 -> 4.3 | N30: =M30/D30 -> 0.077282531 | O30: 組合室 | P30: 取樣不穩 | R30: 壹號醬炙烤牛飯糰
A31: 4 | B31: 蒸-全熟雞肉絲CL(113年) | C31: 2632.6773 | D31: 112.19 | E31: 111.96 | F31: 6.4 | G31: 426.69 | H31: =(E31+F31)/D31 -> 1.054996 | I31: 2632.6773 | J31: 0 | K31: =J31/D31 -> 0 | L31: =J31*G31 -> 0 | M31: =((E31+F31)-D31)-J31 -> 6.17 | N31: =M31/D31 -> 0.054995989 | O31: 組合室 | P31: 取樣不穩 | R31: 雞肉飯飯糰
A32: 5 | B32: 切-烤牛五花(112年) | C32: 2598.7962 | D32: 161.21 | E32: 160.77 | F32: 4.73 | G32: 605.78 | H32: =(E32+F32)/D32 -> 1.0266113 | I32: 2598.7962 | J32: 0 | K32: =J32/D32 -> 0 | L32: =J32*G32 -> 0 | M32: =((E32+F32)-D32)-J32 -> 4.29 | N32: =M32/D32 -> 0.026611252 | O32: 組合室 | P32: 研發設定 | Q32: 雙圈秤重範圍 | R32: 糖燻野郎三十天熟成牛飯
A33: 6 | B33: 冷凍紅鮭碎肉20 | C33: 2240 | D33: 55.74 | E33: 55.74 | F33: 2.5 | G33: 896 | H33: =(E33+F33)/D33 -> 1.0448511 | I33: 2240 | J33: 0 | K33: =J33/D33 -> 0 | L33: =J33*G33 -> 0 | M33: =((E33+F33)-D33)-J33 -> 2.5 | N33: =M33/D33 -> 0.044851094 | O33: 組合室 | P33: 取樣不穩 | R33: 熟成紅鮭飯糰(114年)
A34: 7 | B34: 煮中華冷麵(110年) | C34: 2039.2203 | D34: 4359.36 | E34: 4342.3 | F34: 78.6 | G34: 39.39 | H34: =(E34+F34)/D34 -> 1.0141168 | I34: 2424.0606 | J34: 9.77 | K34: =J34/D34 -> 0.0022411547 | L34: =J34*G34 -> 384.8403 | M34: =((E34+F34)-D34)-J34 -> 51.77 | N34: =M34/D34 -> 0.011875596 | O34: 組合室 | P34: 研發設定 | Q34: 雙圈秤重範圍 | R34: 共用類
A35: 8 | B35: 拌鹽烤豬肉片(114年) | C35: 1901.2392 | D35: 349.32 | E35: 347.91 | F35: 8.55 | G35: 266.28 | H35: =(E35+F35)/D35 -> 1.0204397 | I35: 1901.2392 | J35: 0 | K35: =J35/D35 -> 0 | L35: =J35*G35 -> 0 | M35: =((E35+F35)-D35)-J35 -> 7.14 | N35: =M35/D35 -> 0.020439711 | O35: 組合室 | P35: 取樣不穩 | R35: 鹽蔥燒肉飯糰
A36: 9 | B36: 蒸-醬香雞肉絲CL | C36: 1462.2916 | D36: 128.53 | E36: 129.11 | F36: 3.36 | G36: 371.14 | H36: =(E36+F36)/D36 -> 1.0306543 | I36: 1462.2916 | J36: 0 | K36: =J36/D36 -> 0 | L36: =J36*G36 -> 0 | M36: =((E36+F36)-D36)-J36 -> 3.94 | N36: =M36/D36 -> 0.030654322 | O36: 組合室 | P36: 取樣不穩 | R36: 共用類
A37: 10 | B37: 越式湯凍(114年) | C37: 1165.2984 | D37: 463.59 | E37: 447.87 | F37: 51 | G37: 33.03 | H37: =(E37+F37)/D37 -> 1.0761017 | I37: 1165.2984 | J37: 0 | K37: =J37/D37 -> 0 | L37: =J37*G37 -> 0 | M37: =((E37+F37)-D37)-J37 -> 35.28 | N37: =M37/D37 -> 0.076101728 | O37: 組合室 | P37: 取樣不穩 | R37: 越式牛肉寬粉
A39: 共用類報廢金額前十名半成品
A40: 明細展開
A41: 排序 | B41: 半成品
B42: 名稱 | C42: 報廢金額 排序 | D42: 共用類總金額 占比
A44: 1 | B44: 川燙毛豆玉米 | C44: 737.2529 | D44: =C44/$L$5 -> 0.21586936
A45: 2 | B45: 煮中華冷麵(110年) | C45: 384.8403 | D45: =C45/$L$5 -> 0.11268214
A46: 3 | B46: (V)川燙小青花菜 | C46: 334.6661 | D46: =C46/$L$5 -> 0.097991013
A47: 4 | B47: 60切-烤豆腐蛋白丁 | C47: 325.85 | D47: =C47/$L$5 -> 0.095409638
A48: 5 | B48: 烤12切家常豆腐 | C48: 322.92 | D48: =C48/$L$5 -> 0.094551728
A49: 6 | B49: 烤大口蛋皮(111年) | C49: 276.78 | D49: =C49/$L$5 -> 0.081041828
A50: 7 | B50: 消毒細切紅蘿蔔絲 | C50: 203.2872 | D50: =C50/$L$5 -> 0.059522965
A51: 8 | B51: (V)消毒小黃瓜絲 | C51: 179.552 | D51: =C51/$L$5 -> 0.052573243
A52: 9 | B52: 消毒青蔥絲 | C52: 173.922 | D52: =C52/$L$5 -> 0.050924766
A53: 10 | B53: 鮮食雙色起司絲 | C53: 170 | D53: =C53/$L$5 -> 0.049776396
A54: ※炊飯類不納入半成品廢棄計算
A56: ※淺黃色為工廠自填項目

Sheet 0917分析標準表
A1: 大溪廠半成品管理分析
A2: 日期 | C2: 營業額 | D2: 報廢展開 | F2: 超用展開 | H2: 報廢展開 | J2: 超用展開 | L2: 報廢展開
A3: 45917 | C3: 8026958.5 | D3: 總報廢 | F3: 總超用 | H3: 報廢-前10名 | J3: 超用-前10名 | L3: 共用類-總報廢
D4: 金額 | E4: 占比(營業額) | F4: 金額 | G4: 占比(營業額) | H4: 金額 | I4: 占比(總報廢) | J4: 金額 | K4: 占比(總超用) | L4: 金額 | M4: 占比(總報廢)
A5: 年度KPI目標0.25% | D5: 19476.861 | E5: =D5/C3 -> 0.002426431 | F5: 57892.892 | G5: =F5/C3 -> 0.0072123074 | H5: =SUM(C12:C21) -> 5695.657 | I5: =H5/D5 -> 0.29243197 | J5: =SUM(C28:C37) -> 25858.326 | K5: =J5/F5 -> 0.44665805 | L5: 3625.0326 | M5: =L5/D5 -> 0.18611996
A7: 報廢金額前十名半成品
A8: 明細展開 | D8: 生產資訊 | O8: 類別 | P8: 分析原因 (請填寫8大原因) | Q8: 其他原因說明 | R8: 備註-商品名稱
A9: 排序 | B9: 半成品 | D9: 生產端 | J9: 組合端
B10: 名稱 | C10: 報廢金額 排序 | D10: 產出量 | J10: 報廢 | L10: 超用
D11: 訂單需求 (kg) | E11: 實際產出 (kg) | F11: 補單 (kg) | G11: 單價 (元) | H11: 實際生產 (對比訂單需求) | I11: 差異 (元) | J11: kg | K11: 占比 | L11: kg | M11: 占比 | N11: 金額 (元)
A12: 1 | B12: 烤銀鮭魚肚 | C12: 1313.25 | D12: 4425 | E12: 4510 | F12: 0 | G12: 15.45 | H12: =(E12+F12)/D12 -> 1.019209 | I12: 1313.25 | J12: 85 | K12: =J12/D12 -> 0.01920904 | L12: =((E12+F12)-D12)-J12 -> 0 | M12: =L12/D12 -> 0 | N12: =L12*G12 -> 0 | O12: 調理端 | P12: 研發設定 | Q12: 研發設定，小片的規格不符合指示書設定重量 | R12: 一配贅沢鮭魚肚飯糰
A13: 2 | B13: 消毒青蔥絲 | C13: 894.456 | D13: 45.48 | E13: 49.08 | F13: 0 | G13: 248.46 | H13: =(E13+F13)/D13 -> 1.0791557 | I13: 894.456 | J13: 3.6 | K13: =J13/D13 -> 0.079155673 | L13: =((E13+F13)-D13)-J13 -> 0 | M13: =L13/D13 -> 0 | N13: =L13*G13 -> 0 | O13: 調理端 | P13: 展開量105% | R13: 共用類
A14: 3 | B14: 洋蔥壹號醬 | C14: 791.9923 | D14: 52.5 | E14: 58.27 | F14: 0 | G14: 153.19 | H14: =(E14+F14)/D14 -> 1.1099048 | I14: 883.9063 | J14: 5.17 | K14: =J14/D14 -> 0.09847619 | L14: =((E14+F14)-D14)-J14 -> 0.6 | M14: =L14/D14 -> 0.011428571 | N14: =L14*G14 -> 91.914 | O14: 調理端 | P14: 展開量105% | R14: 壹號醬炙烤牛飯糰
A15: 4 | B15: (V)消毒小黃瓜絲 | C15: 758.752 | D15: 262.87 | E15: 268.11 | F15: 0 | G15: 144.8 | H15: =(E15+F15)/D15 -> 1.0199338 | I15: 758.752 | J15: 5.24 | K15: =J15/D15 -> 0.019933808 | L15: =((E15+F15)-D15)-J15 -> 8.8817842e-15 | M15: =L15/D15 -> 3.3787744e-17 | N15: =L15*G15 -> 1.2860824e-12 | O15: 調理端 | P15: 取樣不穩 | R15: 共用類
A16: 5 | B16: 拌超濃起司 | C16: 440.3 | D16: 28.79 | E16: 31.17 | F16: 0 | G16: 185 | H16: =(E16+F16)/D16 -> 1.0826676 | I16: 440.3 | J16: 2.38 | K16: =J16/D16 -> 0.082667593 | L16: =((E16+F16)-D16)-J16 -> 0 | M16: =L16/D16 -> 0 | N16: =L16*G16 -> 0 | O16: 調理端 | P16: 展開量105% | R16: 一配香濃起司蟹風味棒細卷
A17: 6 | B17: 炒紅K洋蔥片 | C17: 301.0158 | D17: 28.34 | E17: 31.07 | F17: 0 | G17: 112.74 | H17: =(E17+F17)/D17 -> 1.0963303 | I17: 307.7802 | J17: 2.67 | K17: =J17/D17 -> 0.094213126 | L17: =((E17+F17)-D17)-J17 -> 0.06 | M17: =L17/D17 -> 0.0021171489 | N17: =L17*G17 -> 6.7644 | O17: 調理端 | P17: 展開量105% | R17: 紅燒肉日式高湯咖哩便當
A18: 7 | B18: 113年川燙綠豆芽 | C18: 299.64 | D18: 55.27 | E18: 58.27 | F18: 0 | G18: 108.96 | H18: =(E18+F18)/D18 -> 1.054279 | I18: 326.88 | J18: 2.75 | K18: =J18/D18 -> 0.049755745 | L18: =((E18+F18)-D18)-J18 -> 0.25 | M18: =L18/D18 -> 0.0045232495 | N18: =L18*G18 -> 27.24 | O18: 調理端 | P18: 展開量105% | R18: 越式牛肉寬粉
A19: 8 | B19: (V)川燙小青花菜 | C19: 299.2829 | D19: 794.37 | E19: 789.02 | F19: 35.8 | G19: 147.43 | H19: =(E19+F19)/D19 -> 1.0383323 | I19: 4489.2435 | J19: 2.03 | K19: =J19/D19 -> 0.0025554842 | L19: =((E19+F19)-D19)-J19 -> 28.42 | M19: =L19/D19 -> 0.035776779 | N19: =L19*G19 -> 4189.9606 | O19: 調理端 | P19: 原物料規格 | Q19: 大顆比例高 | R19: 共用類
A20: 9 | B20: 消毒細切紅蘿蔔絲 | C20: 298.7272 | D20: 270.02 | E20: 273.15 | F20: 0 | G20: 95.44 | H20: =(E20+F20)/D20 -> 1.0115917 | I20: 298.7272 | J20: 3.13 | K20: =J20/D20 -> 0.011591734 | L20: =((E20+F20)-D20)-J20 -> -4.4408921e-15 | M20: =L20/D20 -> -1.644653e-17 | N20: =L20*G20 -> -4.2383874e-13 | O20: 調理端 | P20: 取樣不穩 | R20: 共用類
A21: 10 | B21: 烤帶皮南瓜丁(114.6) | C21: 298.2408 | D21: 29.65 | E21: 31.65 | F21: 0 | G21: 208.56 | H21: =(E21+F21)/D21 -> 1.0674536 | I21: 417.12 | J21: 1.43 | K21: =J21/D21 -> 0.048229342 | L21: =((E21+F21)-D21)-J21 -> 0.57 | M21: =L21/D21 -> 0.019224283 | N21: =L21*G21 -> 118.8792 | O21: 調理端 | P21: 展開量105% | R21: 金沙豆腐細扁麵
A23: 超用金額前十名半成品
A24: 明細展開 | D24: 生產資訊 | O24: 類別 | P24: 分析原因 (請填寫8大原因) | Q24: 其他原因說明 | R24: 備註-商品名稱
A25: 排序 | B25: 半成品 | D25: 生產端 | J25: 組合端
B26: 名稱 | C26: 超用金額 排序 | D26: 產出量 | J26: 報廢 | M26: 超用
D27: 訂單需求 (kg) | E27: 實際產出 (kg) | F27: 補單 (kg) | G27: 單價 (元) | H27: 實際生產 (對比訂單需求) | I27: 差異 (元) | J27: kg | K27: 占比 | L27: 金額 (元) | M27: kg | N27: 占比
A28: 1 | B28: (V)川燙小青花菜 | C28: 4189.9606 | D28: 794.37 | E28: 789.02 | F28: 35.8 | G28: 147.43 | H28: =(E28+F28)/D28 -> 1.0383323 | I28: 4489.2435 | J28: 2.03 | K28: =J28/D28 -> 0.0025554842 | L28: =J28*G28 -> 299.2829 | M28: =((E28+F28)-D28)-J28 -> 28.42 | N28: =M28/D28 -> 0.035776779 | O28: 組合室 | P28: 原物料規格 | Q28: 大顆比例高 | R28: 共用類
A29: 2 | B29: 古早味肉燥（真空包） | C29: 4160.145 | D29: 69.1 | E29: 67.6 | F29: 11 | G29: 437.91 | H29: =(E29+F29)/D29 -> 1.1374819 | I29: 4160.145 | J29: 0 | K29: =J29/D29 -> 0 | L29: =J29*G29 -> 0 | M29: =((E29+F29)-D29)-J29 -> 9.5 | N29: =M29/D29 -> 0.13748191 | O29: 組合室 | P29: 取樣不穩 | R29: 擔仔炊粉湯
A30: 3 | B30: 炙燒韓式牛五花 | C30: 3648.2 | D30: 60 | E30: 62.6 | F30: 3.2 | G30: 629 | H30: =(E30+F30)/D30 -> 1.0966667 | I30: 3648.2 | J30: 0 | K30: =J30/D30 -> 0 | L30: =J30*G30 -> 0 | M30: =((E30+F30)-D30)-J30 -> 5.8 | N30: =M30/D30 -> 0.096666667 | O30: 組合室 | P30: 取樣不穩 | R30: 壹號醬炙烤牛飯糰
A31: 4 | B31: 煮牛肉片(A7) | C31: 2477.2986 | D31: 47.38 | E31: 47.56 | F31: 3.6 | G31: 655.37 | H31: =(E31+F31)/D31 -> 1.0797805 | I31: 2477.2986 | J31: 0 | K31: =J31/D31 -> 0 | L31: =J31*G31 -> 0 | M31: =((E31+F31)-D31)-J31 -> 3.78 | N31: =M31/D31 -> 0.079780498 | O31: 組合室 | P31: 取樣不穩 | R31: 越式牛肉寬粉
A32: 5 | B32: 切-烤牛五花(112年) | C32: 2217.1548 | D32: 176.69 | E32: 176.91 | F32: 3.44 | G32: 605.78 | H32: =(E32+F32)/D32 -> 1.0207142 | I32: 2217.1548 | J32: 0 | K32: =J32/D32 -> 0 | L32: =J32*G32 -> 0 | M32: =((E32+F32)-D32)-J32 -> 3.66 | N32: =M32/D32 -> 0.020714245 | O32: 組合室 | P32: 研發設定 | Q32: 雙圈秤重範圍 | R32: 糖燻野郎三十天熟成牛飯
A33: 6 | B33: 蒸-全熟雞肉絲CL(113年) | C33: 2124.9162 | D33: 242.8 | E33: 244.58 | F33: 3.2 | G33: 426.69 | H33: =(E33+F33)/D33 -> 1.0205107 | I33: 2124.9162 | J33: 0 | K33: =J33/D33 -> 0 | L33: =J33*G33 -> 0 | M33: =((E33+F33)-D33)-J33 -> 4.98 | N33: =M33/D33 -> 0.020510708 | O33: 組合室 | P33: 取樣不穩 | R33: 雞肉飯飯糰
A34: 7 | B34: 炒照燒牛蒡腿丁 | C34: 2050.8905 | D34: 70.52 | E34: 71.55 | F34: 4.9 | G34: 345.85 | H34: =(E34+F34)/D34 -> 1.0840896 | I34: 2050.8905 | J34: 0 | K34: =J34/D34 -> 0 | L34: =J34*G34 -> 0 | M34: =((E34+F34)-D34)-J34 -> 5.93 | N34: =M34/D34 -> 0.08408962 | O34: 組合室 | P34: 取樣不穩 | R34: 一配照燒雞肉飯糰
A35: 8 | B35: 切烤雞胸肉(111年) | C35: 2038.7 | D35: 236.18 | E35: 239.43 | F35: 1.75 | G35: 407.74 | H35: =(E35+F35)/D35 -> 1.0211703 | I35: 2038.7 | J35: 0 | K35: =J35/D35 -> 0 | L35: =J35*G35 -> 0 | M35: =((E35+F35)-D35)-J35 -> 5 | N35: =M35/D35 -> 0.021170294 | O35: 組合室 | P35: 研發設定 | Q35: 雙圈秤重範圍 | R35: 健身G肉餐盒(113年)
A36: 9 | B36: 蘑菇湯凍 | C36: 1498.3184 | D36: 269.76 | E36: 270.8 | F36: 12.8 | G36: 108.26 | H36: =(E36+F36)/D36 -> 1.0513049 | I36: 1498.3184 | J36: 0 | K36: =J36/D36 -> 0 | L36: =J36*G36 -> 0 | M36: =((E36+F36)-D36)-J36 -> 13.84 | N36: =M36/D36 -> 0.051304864 | O36: 組合室 | P36: 研發設定 | Q36: 雙圈秤重範圍 | R36: 二配鐵板蘑菇肉醬起司焗飯
A37: 10 | B37: 烤BBQ雞丁(112年) | C37: 1452.7421 | D37: 113.61 | E37: 113.48 | F37: 4.1 | G37: 365.93 | H37: =(E37+F37)/D37 -> 1.0349441 | I37: 1452.7421 | J37: 0 | K37: =J37/D37 -> 0 | L37: =J37*G37 -> 0 | M37: =((E37+F37)-D37)-J37 -> 3.97 | N37: =M37/D37 -> 0.034944107 | O37: 組合室 | P37: 取樣不穩 | R37: 美式雞丁餐盒(113年)
A39: 共用類報廢金額前十名半成品
A40: 明細展開
A41: 排序 | B41: 半成品
B42: 名稱 | C42: 報廢金額 排序 | D42: 共用類總金額 占比
A44: 1 | B44: 消毒青蔥絲 | C44: 894.456 | D44: =C44/$L$5 -> 0.24674426
A45: 2 | B45: (V)消毒小黃瓜絲 | C45: 758.752 | D45: =C45/$L$5 -> 0.20930901
A46: 3 | B46: (V)川燙小青花菜 | C46: 299.2829 | D46: =C46/$L$5 -> 0.082560058
A47: 4 | B47: 消毒細切紅蘿蔔絲 | C47: 298.7272 | D47: =C47/$L$5 -> 0.082406762
A48: 5 | B48: 烤大口蛋皮(111年) | C48: 296.55 | D48: =C48/$L$5 -> 0.081806161
A49: 6 | B49: 川燙毛豆玉米 | C49: 205.231 | D49: =C49/$L$5 -> 0.056614939
A50: 7 | B50: 60切-烤豆腐蛋白丁 | C50: 173.95 | D50: =C50/$L$5 -> 0.047985775
A51: 8 | B51: 鮮食雙色起司絲 | C51: 170 | D51: =C51/$L$5 -> 0.04689613
A52: 9 | B52: 烤12切家常豆腐 | C52: 157.95 | D52: =C52/$L$5 -> 0.043572022
A53: 10 | B53: 蒜炒紅k高麗菜(111年) | C53: 127.84 | D53: =C53/$L$5 -> 0.03526589
A54: ※炊飯類不納入半成品廢棄計算
A56: ※淺黃色為工廠自填項目

Sheet 0916分析標準表
A1: 大溪廠半成品管理分析
A2: 日期 | C2: 營業額 | D2: 報廢展開 | F2: 超用展開 | H2: 報廢展開 | J2: 超用展開 | L2: 報廢展開
A3: 45916 | C3: 8643585.1 | D3: 總報廢 | F3: 總超用 | H3: 報廢-前10名 | J3: 超用-前10名 | L3: 共用類-總報廢
D4: 金額 | E4: 占比(營業額) | F4: 金額 | G4: 占比(營業額) | H4: 金額 | I4: 占比(總報廢) | J4: 金額 | K4: 占比(總超用) | L4: 金額 | M4: 占比(總報廢)
A5: 年度KPI目標0.25% | D5: 21007.84 | E5: =D5/C3 -> 0.0024304544 | F5: 62334.438 | G5: =F5/C3 -> 0.0072116417 | H5: =SUM(C12:C21) -> 7198.9206 | I5: =H5/D5 -> 0.34267782 | J5: =SUM(C28:C37) -> 26760.536 | K5: =J5/F5 -> 0.4293058 | L5: 3222.8437 | M5: =L5/D5 -> 0.15341148
A7: 報廢金額前十名半成品
A8: 明細展開 | D8: 生產資訊 | O8: 類別 | P8: 分析原因 (請填寫8大原因) | Q8: 其他原因說明 | R8: 備註-商品名稱
A9: 排序 | B9: 半成品 | D9: 生產端 | J9: 組合端
B10: 名稱 | C10: 報廢金額 排序 | D10: 產出量 | J10: 報廢 | L10: 超用
D11: 訂單需求 (kg) | E11: 實際產出 (kg) | F11: 補單 (kg) | G11: 單價 (元) | H11: 實際生產 (對比訂單需求) | I11: 差異 (元) | J11: kg | K11: 占比 | L11: kg | M11: 占比 | N11: 金額 (元)
A12: 1 | B12: 炸馬鈴薯塊 | C12: 1164.1894 | D12: 175.4 | E12: 181.99 | F12: 0 | G12: 176.66 | H12: =(E12+F12)/D12 -> 1.0375713 | I12: 1164.1894 | J12: 6.59 | K12: =J12/D12 -> 0.037571266 | L12: =((E12+F12)-D12)-J12 -> 0 | M12: =L12/D12 -> 0 | N12: =L12*G12 -> 0 | O12: 調理端 | P12: 取樣不穩 | R12: 妮妮家漢堡排
A13: 2 | B13: (V)油烤栗子地瓜 | C13: 1099.6561 | D13: 5370 | E13: 5808.11 | F13: 0 | G13: 2.51 | H13: =(E13+F13)/D13 -> 1.0815847 | I13: 1099.6561 | J13: 438.11 | K13: =J13/D13 -> 0.08158473 | L13: =((E13+F13)-D13)-J13 -> 0 | M13: =L13/D13 -> 0 | N13: =L13*G13 -> 0 | O13: 調理端 | P13: 展開量105% | R13: 紅燒肉日式高湯咖哩便當
A14: 3 | B14: 川燙韭菜綠豆芽A7 | C14: 760.6752 | D14: 112.99 | E14: 119.31 | F14: 0 | G14: 120.36 | H14: =(E14+F14)/D14 -> 1.0559342 | I14: 760.6752 | J14: 6.32 | K14: =J14/D14 -> 0.055934153 | L14: =((E14+F14)-D14)-J14 -> 7.1054274e-15 | M14: =L14/D14 -> 6.2885453e-17 | N14: =L14*G14 -> 8.5520924e-13 | O14: 調理端 | P14: 展開量105% | R14: 擔仔炊粉湯
A15: 4 | B15: 烤銀鮭魚肚 | C15: 741.6 | D15: 4442 | E15: 4490 | F15: 0 | G15: 15.45 | H15: =(E15+F15)/D15 -> 1.0108059 | I15: 741.6 | J15: 48 | K15: =J15/D15 -> 0.010805943 | L15: =((E15+F15)-D15)-J15 -> 0 | M15: =L15/D15 -> 0 | N15: =L15*G15 -> 0 | O15: 調理端 | P15: 研發設定 | Q15: 研發設定，小片的規格不符合指示書設定重量 | R15: 一配贅沢鮭魚肚飯糰
A16: 5 | B16: 拌魚卵沙拉(114年) | C16: 741.1674 | D16: 126.6 | E16: 128.39 | F16: 0 | G16: 414.06 | H16: =(E16+F16)/D16 -> 1.014139 | I16: 741.1674 | J16: 1.79 | K16: =J16/D16 -> 0.014139021 | L16: =((E16+F16)-D16)-J16 -> -7.9936058e-15 | M16: =L16/D16 -> -6.3140646e-17 | N16: =L16*G16 -> -3.3098324e-12 | O16: 調理端 | P16: 取樣不穩 | R16: 哇沙米魚卵沙拉飯糰
A17: 6 | B17: 炒培根片(114年) | C17: 707.9688 | D17: 21.81 | E17: 23.13 | F17: 0 | G17: 536.34 | H17: =(E17+F17)/D17 -> 1.0605227 | I17: 707.9688 | J17: 1.32 | K17: =J17/D17 -> 0.060522696 | L17: =((E17+F17)-D17)-J17 -> 0 | M17: =L17/D17 -> 0 | N17: =L17*G17 -> 0 | O17: 調理端 | P17: 展開量105% | R17: 二配哞哞培根奶香海陸焗飯
A18: 7 | B18: 消毒青蔥絲 | C18: 648.4806 | D18: 45.33 | E18: 48.23 | F18: 0 | G18: 248.46 | H18: =(E18+F18)/D18 -> 1.0639753 | I18: 720.534 | J18: 2.61 | K18: =J18/D18 -> 0.057577763 | L18: =((E18+F18)-D18)-J18 -> 0.29 | M18: =L18/D18 -> 0.0063975292 | N18: =L18*G18 -> 72.0534 | O18: 調理端 | P18: 展開量105% | R18: 共用類
A19: 8 | B19: 薑炒筍尾 | C19: 545.4405 | D19: 54.11 | E19: 59.57 | F19: 0 | G19: 183.65 | H19: =(E19+F19)/D19 -> 1.1009056 | I19: 1002.729 | J19: 2.97 | K19: =J19/D19 -> 0.054888191 | L19: =((E19+F19)-D19)-J19 -> 2.49 | M19: =L19/D19 -> 0.046017372 | N19: =L19*G19 -> 457.2885 | O19: 調理端 | P19: 展開量105% | R19: 經典滷肉飯
A20: 9 | B20: 拌超濃起司 | C20: 395.9 | D20: 47.61 | E20: 49.75 | F20: 0 | G20: 185 | H20: =(E20+F20)/D20 -> 1.0449485 | I20: 395.9 | J20: 2.14 | K20: =J20/D20 -> 0.04494854 | L20: =((E20+F20)-D20)-J20 -> 0 | M20: =L20/D20 -> 0 | N20: =L20*G20 -> 0 | O20: 調理端 | P20: 取樣不穩 | R20: 一配香濃起司蟹風味棒細卷
A21: 10 | B21: 烤黑胡椒洋蔥絲 | C21: 393.8426 | D21: 107.71 | E21: 111.29 | F21: 0 | G21: 141.67 | H21: =(E21+F21)/D21 -> 1.0332374 | I21: 507.1786 | J21: 2.78 | K21: =J21/D21 -> 0.025810045 | L21: =((E21+F21)-D21)-J21 -> 0.8 | M21: =L21/D21 -> 0.0074273512 | N21: =L21*G21 -> 113.336 | O21: 調理端 | P21: 取樣不穩 | R21: 糖燻野郎三十天熟成牛飯
A23: 超用金額前十名半成品
A24: 明細展開 | D24: 生產資訊 | O24: 類別 | P24: 分析原因 (請填寫8大原因) | Q24: 其他原因說明 | R24: 備註-商品名稱
A25: 排序 | B25: 半成品 | D25: 生產端 | J25: 組合端
B26: 名稱 | C26: 超用金額 排序 | D26: 產出量 | J26: 報廢 | M26: 超用
D27: 訂單需求 (kg) | E27: 實際產出 (kg) | F27: 補單 (kg) | G27: 單價 (元) | H27: 實際生產 (對比訂單需求) | I27: 差異 (元) | J27: kg | K27: 占比 | L27: 金額 (元) | M27: kg | N27: 占比
A28: 1 | B28: 蒸-全熟雞肉絲CL(113年) | C28: 6383.2824 | D28: 245.78 | E28: 254.34 | F28: 6.4 | G28: 426.69 | H28: =(E28+F28)/D28 -> 1.0608674 | I28: 6383.2824 | J28: 0 | K28: =J28/D28 -> 0 | L28: =J28*G28 -> 0 | M28: =((E28+F28)-D28)-J28 -> 14.96 | N28: =M28/D28 -> 0.060867442 | O28: 組合室 | P28: 取樣不穩 | R28: 雞肉飯飯糰
A29: 2 | B29: 古早味肉燥（真空包） | C29: 5381.9139 | D29: 112.99 | E29: 111.68 | F29: 13.6 | G29: 437.91 | H29: =(E29+F29)/D29 -> 1.1087707 | I29: 5381.9139 | J29: 0 | K29: =J29/D29 -> 0 | L29: =J29*G29 -> 0 | M29: =((E29+F29)-D29)-J29 -> 12.29 | N29: =M29/D29 -> 0.10877069 | O29: 組合室 | P29: 取樣不穩 | R29: 擔仔炊粉湯
A30: 3 | B30: (V)川燙小青花菜 | C30: 2969.2402 | D30: 863.75 | E30: 862.31 | F30: 23.72 | G30: 147.43 | H30: =(E30+F30)/D30 -> 1.0257945 | I30: 3284.7404 | J30: 2.14 | K30: =J30/D30 -> 0.0024775687 | L30: =J30*G30 -> 315.5002 | M30: =((E30+F30)-D30)-J30 -> 20.14 | N30: =M30/D30 -> 0.023316932 | O30: 組合室 | P30: 原物料規格 | Q30: 大顆比例高 | R30: 共用類
A31: 4 | B31: 切-鹽烤牛肉 | C31: 2305.2912 | D31: 61.89 | E31: 63.76 | F31: 1.61 | G31: 662.44 | H31: =(E31+F31)/D31 -> 1.0562288 | I31: 2305.2912 | J31: 0 | K31: =J31/D31 -> 0 | L31: =J31*G31 -> 0 | M31: =((E31+F31)-D31)-J31 -> 3.48 | N31: =M31/D31 -> 0.056228793 | O31: 組合室 | P31: 取樣不穩 | R31: 共用類
A32: 5 | B32: 鹽麴銀鮭熟肉 | C32: 2029.4 | D32: 20.22 | E32: 23 | F32: 0 | G32: 730 | H32: =(E32+F32)/D32 -> 1.1374876 | I32: 2029.4 | J32: 0 | K32: =J32/D32 -> 0 | L32: =J32*G32 -> 0 | M32: =((E32+F32)-D32)-J32 -> 2.78 | N32: =M32/D32 -> 0.13748764 | O32: 組合室 | P32: 取樣不穩 | R32: 一配筋子銀鮭飯糰
A33: 6 | B33: 冷凍紅鮭碎肉20 | C33: 1809.92 | D33: 63.98 | E33: 66 | F33: 0 | G33: 896 | H33: =(E33+F33)/D33 -> 1.0315724 | I33: 1809.92 | J33: 0 | K33: =J33/D33 -> 0 | L33: =J33*G33 -> 0 | M33: =((E33+F33)-D33)-J33 -> 2.02 | N33: =M33/D33 -> 0.031572366 | O33: 組合室 | P33: 取樣不穩 | R33: 熟成紅鮭飯糰(114年)
A34: 7 | B34: 蒜炒紅k高麗菜(111年) | C34: 1779.5328 | D34: 595.63 | E34: 591.85 | F34: 17.7 | G34: 127.84 | H34: =(E34+F34)/D34 -> 1.0233702 | I34: 1779.5328 | J34: 0 | K34: =J34/D34 -> 0 | L34: =J34*G34 -> 0 | M34: =((E34+F34)-D34)-J34 -> 13.92 | N34: =M34/D34 -> 0.023370213 | O34: 組合室 | P34: 取樣不穩 | R34: 共用類
A35: 8 | B35: 油蔥肉燥(113年) | C35: 1377.6247 | D35: 135.27 | E35: 132.03 | F35: 13.97 | G35: 128.39 | H35: =(E35+F35)/D35 -> 1.0793228 | I35: 1377.6247 | J35: 0 | K35: =J35/D35 -> 0 | L35: =J35*G35 -> 0 | M35: =((E35+F35)-D35)-J35 -> 10.73 | N35: =M35/D35 -> 0.079322836 | O35: 組合室 | P35: 取樣不穩 | R35: 經典滷肉飯
A36: 9 | B36: 蒸金沙醬 | C36: 1368.7752 | D36: 18.46 | E36: 18.5 | F36: 1 | G36: 1316.13 | H36: =(E36+F36)/D36 -> 1.056338 | I36: 1368.7752 | J36: 0 | K36: =J36/D36 -> 0 | L36: =J36*G36 -> 0 | M36: =((E36+F36)-D36)-J36 -> 1.04 | N36: =M36/D36 -> 0.056338028 | O36: 組合室 | P36: 取樣不穩 | R36: 金沙豆腐細扁麵
A37: 10 | B37: 度小月湯凍 | C37: 1355.5556 | D37: 1386.72 | E37: 1283.05 | F37: 151.2 | G37: 28.52 | H37: =(E37+F37)/D37 -> 1.0342751 | I37: 1355.5556 | J37: 0 | K37: =J37/D37 -> 0 | L37: =J37*G37 -> 0 | M37: =((E37+F37)-D37)-J37 -> 47.53 | N37: =M37/D37 -> 0.034275124 | O37: 組合室 | P37: 取樣不穩 | R37: 擔仔炊粉湯
A39: 共用類報廢金額前十名半成品
A40: 明細展開
A41: 排序 | B41: 半成品
B42: 名稱 | C42: 報廢金額 排序 | D42: 共用類總金額 占比
A44: 1 | B44: 消毒青蔥絲 | C44: 648.4806 | D44: =C44/$L$5 -> 0.20121379
A45: 2 | B45: 60切-烤豆腐蛋白丁 | C45: 379.75 | D45: =C45/$L$5 -> 0.11783072
A46: 3 | B46: 烤12切家常豆腐 | C46: 372.06 | D46: =C46/$L$5 -> 0.11544463
A47: 4 | B47: 消毒細切紅蘿蔔絲 | C47: 344.5384 | D47: =C47/$L$5 -> 0.10690509
A48: 5 | B48: (V)川燙小青花菜 | C48: 315.5002 | D48: =C48/$L$5 -> 0.097894974
A49: 6 | B49: 烤大口蛋皮(111年) | C49: 296.55 | D49: =C49/$L$5 -> 0.092015011
A50: 7 | B50: (V)消毒小黃瓜絲 | C50: 224.44 | D50: =C50/$L$5 -> 0.069640361
A51: 8 | B51: 川燙毛豆玉米 | C51: 205.231 | D51: =C51/$L$5 -> 0.063680097
A52: 9 | B52: 鮮食雙色起司絲 | C52: 194 | D52: =C52/$L$5 -> 0.060195287
A53: 10 | B53: 蒸-醬香雞肉絲CL | C53: 111.342 | D53: =C53/$L$5 -> 0.03454775
A54: ※炊飯類不納入半成品廢棄計算
A56: ※淺黃色為工廠自填項目

Sheet 0915分析標準表
A1: 大溪廠半成品管理分析
A2: 日期 | C2: 營業額 | D2: 報廢展開 | F2: 超用展開 | H2: 報廢展開 | J2: 超用展開 | L2: 報廢展開
A3: 45915 | C3: 7902070 | D3: 總報廢 | F3: 總超用 | H3: 報廢-前10名 | J3: 超用-前10名 | L3: 共用類-總報廢
D4: 金額 | E4: 占比(營業額) | F4: 金額 | G4: 占比(營業額) | H4: 金額 | I4: 占比(總報廢) | J4: 金額 | K4: 占比(總超用) | L4: 金額 | M4: 占比(總報廢)
A5: 年度KPI目標0.25% | D5: 19089.992 | E5: =D5/C3 -> 0.0024158217 | F5: 56342.009 | G5: =F5/C3 -> 0.0071300317 | H5: =SUM(C12:C21) -> 4866.0188 | I5: =H5/D5 -> 0.25489894 | J5: =SUM(C28:C37) -> 20849.636 | K5: =J5/F5 -> 0.37005489 | L5: 3670.1785 | M5: =L5/D5 -> 0.19225668
A7: 報廢金額前十名半成品
A8: 明細展開 | D8: 生產資訊 | O8: 類別 | P8: 分析原因 (請填寫8大原因) | Q8: 其他原因說明 | R8: 備註-商品名稱
A9: 排序 | B9: 半成品 | D9: 生產端 | J9: 組合端
B10: 名稱 | C10: 報廢金額 排序 | D10: 產出量 | J10: 報廢 | L10: 超用
D11: 訂單需求 (kg) | E11: 實際產出 (kg) | F11: 補單 (kg) | G11: 單價 (元) | H11: 實際生產 (對比訂單需求) | I11: 差異 (元) | J11: kg | K11: 占比 | L11: kg | M11: 占比 | N11: 金額 (元)
A12: 1 | B12: 烤銀鮭魚肚 | C12: 988.8 | D12: 4615 | E12: 4679 | F12: 0 | G12: 15.45 | H12: =(E12+F12)/D12 -> 1.0138678 | I12: 988.8 | J12: 64 | K12: =J12/D12 -> 0.013867822 | L12: =((E12+F12)-D12)-J12 -> 0 | M12: =L12/D12 -> 0 | N12: =L12*G12 -> 0 | O12: 調理端 | P12: 研發設定 | Q12: 研發設定，小片的規格不符合指示書設定重量 | R12: 一配贅沢鮭魚肚飯糰
A13: 2 | B13: 薑炒筍尾 | C13: 734.6 | D13: 56.16 | E13: 60.3 | F13: 0 | G13: 183.65 | H13: =(E13+F13)/D13 -> 1.0737179 | I13: 760.311 | J13: 4 | K13: =J13/D13 -> 0.071225071 | L13: =((E13+F13)-D13)-J13 -> 0.14 | M13: =L13/D13 -> 0.0024928775 | N13: =L13*G13 -> 25.711 | O13: 調理端 | P13: 展開量105% | R13: 經典滷肉飯
A14: 3 | B14: 斜切-蒸松露巧達脆腸 | C14: 551.46 | D14: 5054 | E14: 4945 | F14: 210 | G14: 5.46 | H14: =(E14+F14)/D14 -> 1.0199842 | I14: 551.46 | J14: 101 | K14: =J14/D14 -> 0.019984171 | L14: =((E14+F14)-D14)-J14 -> 0 | M14: =L14/D14 -> 0 | N14: =L14*G14 -> 0 | O14: 調理端 | P14: 製程不穩 | Q14: 人員操作疏失（切割誤差） | R14: 二配乳酪燻腸紅醬焗飯
A15: 4 | B15: 蒜炒紅k高麗菜(111年) | C15: 426.9856 | D15: 622.35 | E15: 615.39 | F15: 14.3 | G15: 127.84 | H15: =(E15+F15)/D15 -> 1.011794 | I15: 938.3456 | J15: 3.34 | K15: =J15/D15 -> 0.005366755 | L15: =((E15+F15)-D15)-J15 -> 4 | M15: =L15/D15 -> 0.0064272515 | N15: =L15*G15 -> 511.36 | O15: 調理端 | P15: 取樣不穩 | R15: 共用類
A16: 5 | B16: (V)消毒小黃瓜絲 | C16: 415.576 | D16: 261.28 | E16: 260.75 | F16: 8.4 | G16: 144.8 | H16: =(E16+F16)/D16 -> 1.0301209 | I16: 1139.576 | J16: 2.87 | K16: =J16/D16 -> 0.010984385 | L16: =((E16+F16)-D16)-J16 -> 5 | M16: =L16/D16 -> 0.019136558 | N16: =L16*G16 -> 724 | O16: 調理端 | P16: 取樣不穩 | R16: 共用類
A17: 6 | B17: 川燙毛豆玉米 | C17: 410.462 | D17: 388.32 | E17: 387.8 | F17: 4.32 | G17: 157.87 | H17: =(E17+F17)/D17 -> 1.0097857 | I17: 599.906 | J17: 2.6 | K17: =J17/D17 -> 0.0066955089 | L17: =((E17+F17)-D17)-J17 -> 1.2 | M17: =L17/D17 -> 0.0030902349 | N17: =L17*G17 -> 189.444 | O17: 調理端 | P17: 取樣不穩 | R17: 共用類
A18: 7 | B18: 消毒青蔥絲 | C18: 407.4744 | D18: 46.29 | E18: 45.21 | F18: 3.36 | G18: 248.46 | H18: =(E18+F18)/D18 -> 1.0492547 | I18: 566.4888 | J18: 1.64 | K18: =J18/D18 -> 0.035428818 | L18: =((E18+F18)-D18)-J18 -> 0.64 | M18: =L18/D18 -> 0.01382588 | N18: =L18*G18 -> 159.0144 | O18: 調理端 | P18: 取樣不穩 | R18: 共用類
A19: 8 | B19: 焗飯-義式蕃茄紅醬 | C19: 324.555 | D19: 290.61 | E19: 282.31 | F19: 22.43 | G19: 84.3 | H19: =(E19+F19)/D19 -> 1.0486219 | I19: 1191.159 | J19: 3.85 | K19: =J19/D19 -> 0.013247996 | L19: =((E19+F19)-D19)-J19 -> 10.28 | M19: =L19/D19 -> 0.035373869 | N19: =L19*G19 -> 866.604 | O19: 調理端 | P19: 取樣不穩 | R19: 二配乳酪燻腸紅醬焗飯
A20: 9 | B20: (V)川燙小青花菜 | C20: 303.7058 | D20: 806.51 | E20: 801.27 | F20: 38.32 | G20: 147.43 | H20: =(E20+F20)/D20 -> 1.0410162 | I20: 4876.9844 | J20: 2.06 | K20: =J20/D20 -> 0.0025542151 | L20: =((E20+F20)-D20)-J20 -> 31.02 | M20: =L20/D20 -> 0.038462015 | N20: =L20*G20 -> 4573.2786 | O20: 調理端 | P20: 原物料規格 | Q20: 大顆比例高 | R20: 共用類
A21: 10 | B21: 熟化去皮馬鈴薯滾刀17-23g | C21: 302.4 | D21: 147 | E21: 150.15 | F21: 0 | G21: 96 | H21: =(E21+F21)/D21 -> 1.0214286 | I21: 302.4 | J21: 3.15 | K21: =J21/D21 -> 0.021428571 | L21: =((E21+F21)-D21)-J21 -> 5.7731597e-15 | M21: =L21/D21 -> 3.9273195e-17 | N21: =L21*G21 -> 5.5422333e-13 | O21: 調理端 | P21: 原物料規格 | R21: 嫩烤香料雞胸排蔬滿盒
A23: 超用金額前十名半成品
A24: 明細展開 | D24: 生產資訊 | O24: 類別 | P24: 分析原因 (請填寫8大原因) | Q24: 其他原因說明 | R24: 備註-商品名稱
A25: 排序 | B25: 半成品 | D25: 生產端 | J25: 組合端
B26: 名稱 | C26: 超用金額 排序 | D26: 產出量 | J26: 報廢 | M26: 超用
D27: 訂單需求 (kg) | E27: 實際產出 (kg) | F27: 補單 (kg) | G27: 單價 (元) | H27: 實際生產 (對比訂單需求) | I27: 差異 (元) | J27: kg | K27: 占比 | L27: 金額 (元) | M27: kg | N27: 占比
A28: 1 | B28: (V)川燙小青花菜 | C28: 4573.2786 | D28: 806.51 | E28: 801.27 | F28: 38.32 | G28: 147.43 | H28: =(E28+F28)/D28 -> 1.0410162 | I28: 4876.9844 | J28: 2.06 | K28: =J28/D28 -> 0.0025542151 | L28: =J28*G28 -> 303.7058 | M28: =((E28+F28)-D28)-J28 -> 31.02 | N28: =M28/D28 -> 0.038462015 | O28: 組合室 | P28: 原物料規格 | Q28: 大顆比例高 | R28: 共用類
A29: 2 | B29: 炙燒韓式牛五花 | C29: 3069.52 | D29: 58.86 | E29: 61.34 | F29: 2.4 | G29: 629 | H29: =(E29+F29)/D29 -> 1.0829086 | I29: 3069.52 | J29: 0 | K29: =J29/D29 -> 0 | L29: =J29*G29 -> 0 | M29: =((E29+F29)-D29)-J29 -> 4.88 | N29: =M29/D29 -> 0.082908597 | O29: 組合室 | P29: 取樣不穩 | R29: 壹號醬炙烤牛飯糰
A30: 3 | B30: 焗飯-奶香白醬(114年) | C30: 2324.282 | D30: 371.56 | E30: 380.86 | F30: 23.8 | G30: 70.22 | H30: =(E30+F30)/D30 -> 1.0890839 | I30: 2324.282 | J30: 0 | K30: =J30/D30 -> 0 | L30: =J30*G30 -> 0 | M30: =((E30+F30)-D30)-J30 -> 33.1 | N30: =M30/D30 -> 0.089083863 | O30: 組合室 | P30: 取樣不穩 | R30: 二配哞哞培根奶香海陸焗飯
A31: 4 | B31: 切-究極燒肉片 | C31: 2188.5844 | D31: 53.68 | E31: 53.78 | F31: 3.06 | G31: 692.59 | H31: =(E31+F31)/D31 -> 1.0588674 | I31: 2188.5844 | J31: 0 | K31: =J31/D31 -> 0 | L31: =J31*G31 -> 0 | M31: =((E31+F31)-D31)-J31 -> 3.16 | N31: =M31/D31 -> 0.058867362 | O31: 組合室 | P31: 取樣不穩 | R31: 壹號醬雞豚雙拼
A32: 5 | B32: 煮中華冷麵(110年) | C32: 1975.8024 | D32: 4668.24 | E32: 4643.4 | F32: 75 | G32: 39.39 | H32: =(E32+F32)/D32 -> 1.0107449 | I32: 1975.8024 | J32: 0 | K32: =J32/D32 -> 0 | L32: =J32*G32 -> 0 | M32: =((E32+F32)-D32)-J32 -> 50.16 | N32: =M32/D32 -> 0.010744949 | O32: 組合室 | P32: 研發設定 | Q32: 雙圈秤重範圍 | R32: 共用類
A33: 6 | B33: 烤BBQ雞丁(112年) | C33: 1408.8305 | D33: 123.78 | E33: 123.78 | F33: 3.85 | G33: 365.93 | H33: =(E33+F33)/D33 -> 1.0311036 | I33: 1408.8305 | J33: 0 | K33: =J33/D33 -> 0 | L33: =J33*G33 -> 0 | M33: =((E33+F33)-D33)-J33 -> 3.85 | N33: =M33/D33 -> 0.031103571 | O33: 組合室 | P33: 取樣不穩 | R33: 美式雞丁餐盒(113年)
A34: 7 | B34: 切筋子1cm | C34: 1359.917 | D34: 21.88 | E34: 22.53 | F34: 0 | G34: 2092.18 | H34: =(E34+F34)/D34 -> 1.0297075 | I34: 1359.917 | J34: 0 | K34: =J34/D34 -> 0 | L34: =J34*G34 -> 0 | M34: =((E34+F34)-D34)-J34 -> 0.65 | N34: =M34/D34 -> 0.029707495 | O34: 組合室 | P34: 取樣不穩 | R34: 一配筋子銀鮭飯糰
A35: 8 | B35: 碳香燒肉醬 | C35: 1339.1112 | D35: 113.32 | E35: 111.02 | F35: 14.06 | G35: 113.87 | H35: =(E35+F35)/D35 -> 1.1037769 | I35: 1339.1112 | J35: 0 | K35: =J35/D35 -> 0 | L35: =J35*G35 -> 0 | M35: =((E35+F35)-D35)-J35 -> 11.76 | N35: =M35/D35 -> 0.10377691 | O35: 組合室 | P35: 取樣不穩 | R35: 壹號醬雞豚雙拼
A36: 9 | B36: 切-烤牛五花(112年) | C36: 1338.7738 | D36: 211.99 | E36: 211.19 | F36: 3.01 | G36: 605.78 | H36: =(E36+F36)/D36 -> 1.010425 | I36: 1338.7738 | J36: 0 | K36: =J36/D36 -> 0 | L36: =J36*G36 -> 0 | M36: =((E36+F36)-D36)-J36 -> 2.21 | N36: =M36/D36 -> 0.01042502 | O36: 組合室 | P36: 研發設定 | Q36: 雙圈秤重範圍 | R36: 糖燻野郎三十天熟成牛飯
A37: 10 | B37: 蒸-全熟雞肉絲CL(113年) | C37: 1271.5362 | D37: 252.16 | E37: 249.94 | F37: 5.2 | G37: 426.69 | H37: =(E37+F37)/D37 -> 1.0118179 | I37: 1271.5362 | J37: 0 | K37: =J37/D37 -> 0 | L37: =J37*G37 -> 0 | M37: =((E37+F37)-D37)-J37 -> 2.98 | N37: =M37/D37 -> 0.011817893 | O37: 組合室 | P37: 取樣不穩 | R37: 雞肉飯飯糰
A39: 共用類報廢金額前十名半成品
A40: 明細展開
A41: 排序 | B41: 半成品
B42: 名稱 | C42: 報廢金額 排序 | D42: 共用類總金額 占比
A44: 1 | B44: 蒜炒紅k高麗菜(111年) | C44: 426.9856 | D44: =C44/$L$5 -> 0.11633919
A45: 2 | B45: (V)消毒小黃瓜絲 | C45: 415.576 | D45: =C45/$L$5 -> 0.11323046
A46: 3 | B46: 川燙毛豆玉米 | C46: 410.462 | D46: =C46/$L$5 -> 0.11183707
A47: 4 | B47: 消毒青蔥絲 | C47: 407.4744 | D47: =C47/$L$5 -> 0.11102305
A48: 5 | B48: (V)川燙小青花菜 | C48: 303.7058 | D48: =C48/$L$5 -> 0.082749599
A49: 6 | B49: 60切-烤豆腐蛋白丁 | C49: 301.35 | D49: =C49/$L$5 -> 0.082107723
A50: 7 | B50: 烤12切家常豆腐 | C50: 291.33 | D50: =C50/$L$5 -> 0.079377611
A51: 8 | B51: 消毒細切紅蘿蔔絲 | C51: 270.0952 | D51: =C51/$L$5 -> 0.073591843
A52: 9 | B52: 烤大口蛋皮(111年) | C52: 243.83 | D52: =C52/$L$5 -> 0.066435461
A53: 10 | B53: 鮮食雙色起司絲 | C53: 194 | D53: =C53/$L$5 -> 0.052858465
A54: ※炊飯類不納入半成品廢棄計算
A56: ※淺黃色為工廠自填項目

Sheet 0914分析標準表
A1: 大溪廠半成品管理分析
A2: 日期 | C2: 營業額 | D2: 報廢展開 | F2: 超用展開 | H2: 報廢展開 | J2: 超用展開 | L2: 報廢展開
A3: 45914 | C3: 8034432.2 | D3: 總報廢 | F3: 總超用 | H3: 報廢-前10名 | J3: 超用-前10名 | L3: 共用類-總報廢
D4: 金額 | E4: 占比(營業額) | F4: 金額 | G4: 占比(營業額) | H4: 金額 | I4: 占比(總報廢) | J4: 金額 | K4: 占比(總超用) | L4: 金額 | M4: 占比(總報廢)
A5: 年度KPI目標0.25% | D5: 19430.678 | E5: =D5/C3 -> 0.0024184258 | F5: 57482.401 | G5: =F5/C3 -> 0.0071545069 | H5: =SUM(C12:C21) -> 4041.6025 | I5: =H5/D5 -> 0.20800111 | J5: =SUM(C28:C37) -> 12757.079 | K5: =J5/F5 -> 0.22193018 | L5: 2790.8796 | M5: =L5/D5 -> 0.14363264
A7: 報廢金額前十名半成品
A8: 明細展開 | D8: 生產資訊 | O8: 類別 | P8: 分析原因 (請填寫8大原因) | Q8: 其他原因說明 | R8: 備註-商品名稱
A9: 排序 | B9: 半成品 | D9: 生產端 | J9: 組合端
B10: 名稱 | C10: 報廢金額 排序 | D10: 產出量 | J10: 報廢 | L10: 超用
D11: 訂單需求 (kg) | E11: 實際產出 (kg) | F11: 補單 (kg) | G11: 單價 (元) | H11: 實際生產 (對比訂單需求) | I11: 差異 (元) | J11: kg | K11: 占比 | L11: kg | M11: 占比 | N11: 金額 (元)
A12: 1 | B12: 烤銀鮭魚肚 | C12: 695.25 | D12: 4766 | E12: 4811 | F12: 0 | G12: 15.45 | H12: =(E12+F12)/D12 -> 1.0094419 | I12: 695.25 | J12: 45 | K12: =J12/D12 -> 0.00944188 | L12: =((E12+F12)-D12)-J12 -> 0 | M12: =L12/D12 -> 0 | N12: =L12*G12 -> 0 | O12: 調理端 | P12: 研發設定 | Q12: 研發設定，小片的規格不符合指示書設定重量 | R12: 一配贅沢鮭魚肚飯糰
A13: 2 | B13: 煮白細麵生(方#10) | C13: 568.9396 | D13: 501 | E13: 519.7 | F13: 0 | G13: 48.92 | H13: =(E13+F13)/D13 -> 1.0373253 | I13: 914.804 | J13: 11.63 | K13: =J13/D13 -> 0.023213573 | L13: =((E13+F13)-D13)-J13 -> 7.07 | M13: =L13/D13 -> 0.014111776 | N13: =L13*G13 -> 345.8644 | O13: 調理端 | P13: 取樣不穩 | R13: 酸辣麻醬細冷麵
A14: 3 | B14: 薑炒筍尾 | C14: 550.95 | D14: 59.2 | E14: 62.2 | F14: 0 | G14: 183.65 | H14: =(E14+F14)/D14 -> 1.0506757 | I14: 550.95 | J14: 3 | K14: =J14/D14 -> 0.050675676 | L14: =((E14+F14)-D14)-J14 -> 0 | M14: =L14/D14 -> 0 | N14: =L14*G14 -> 0 | O14: 調理端 | P14: 展開量105% | R14: 經典滷肉飯
A15: 4 | B15: 斜切-蒸松露巧達脆腸 | C15: 409.5 | D15: 5302 | E15: 5377 | F15: 0 | G15: 5.46 | H15: =(E15+F15)/D15 -> 1.0141456 | I15: 409.5 | J15: 75 | K15: =J15/D15 -> 0.014145605 | L15: =((E15+F15)-D15)-J15 -> 0 | M15: =L15/D15 -> 0 | N15: =L15*G15 -> 0 | O15: 調理端 | P15: 製程不穩 | Q15: 人員操作疏失（切割誤差） | R15: 二配乳酪燻腸紅醬焗飯
A16: 5 | B16: 炒紅K高麗菜(飯糰) | C16: 306.81 | D16: 41.44 | E16: 44.5 | F16: 0 | G16: 102.27 | H16: =(E16+F16)/D16 -> 1.0738417 | I16: 312.9462 | J16: 3 | K16: =J16/D16 -> 0.072393822 | L16: =((E16+F16)-D16)-J16 -> 0.06 | M16: =L16/D16 -> 0.0014478764 | N16: =L16*G16 -> 6.1362 | O16: 調理端 | P16: 展開量105% | R16: 大口蒜味香腸燒肉雙拼飯糰
A17: 6 | B17: 熟化去皮馬鈴薯滾刀17-23g | C17: 305.28 | D17: 153.8 | E17: 156.98 | F17: 0 | G17: 96 | H17: =(E17+F17)/D17 -> 1.0206762 | I17: 305.28 | J17: 3.18 | K17: =J17/D17 -> 0.020676203 | L17: =((E17+F17)-D17)-J17 -> -2.1760371e-14 | M17: =L17/D17 -> -1.4148486e-16 | N17: =L17*G17 -> -2.0889956e-12 | O17: 調理端 | P17: 原物料規格 | R17: 嫩烤香料雞胸排蔬滿盒
A18: 7 | B18: 切義美滷豆乾 | C18: 303.45 | D18: 7515 | E18: 7872 | F18: 0 | G18: 0.85 | H18: =(E18+F18)/D18 -> 1.047505 | I18: 303.45 | J18: 357 | K18: =J18/D18 -> 0.04750499 | L18: =((E18+F18)-D18)-J18 -> 0 | M18: =L18/D18 -> 0 | N18: =L18*G18 -> 0 | O18: 調理端 | P18: 製程不穩 | R18: 酸辣麻醬細冷麵
A19: 8 | B19: 烤帶皮南瓜丁(114.6) | C19: 302.412 | D19: 32.88 | E19: 34.33 | F19: 0 | G19: 208.56 | H19: =(E19+F19)/D19 -> 1.0440998 | I19: 302.412 | J19: 1.45 | K19: =J19/D19 -> 0.044099757 | L19: =((E19+F19)-D19)-J19 -> -4.2188475e-15 | M19: =L19/D19 -> -1.2831045e-16 | N19: =L19*G19 -> -8.7988283e-13 | O19: 調理端 | P19: 取樣不穩 | R19: 金沙豆腐細扁麵
A20: 9 | B20: 消毒青蔥絲 | C20: 300.6366 | D20: 45.13 | E20: 46.34 | F20: 0 | G20: 248.46 | H20: =(E20+F20)/D20 -> 1.0268114 | I20: 300.6366 | J20: 1.21 | K20: =J20/D20 -> 0.026811434 | L20: =((E20+F20)-D20)-J20 -> 0 | M20: =L20/D20 -> 0 | N20: =L20*G20 -> 0 | O20: 調理端 | P20: 取樣不穩 | R20: 共用類
A21: 10 | B21: 川燙毛豆玉米 | C21: 298.3743 | D21: 405.04 | E21: 404.7 | F21: 3.36 | G21: 157.87 | H21: =(E21+F21)/D21 -> 1.0074561 | I21: 476.7674 | J21: 1.89 | K21: =J21/D21 -> 0.0046662058 | L21: =((E21+F21)-D21)-J21 -> 1.13 | M21: =L21/D21 -> 0.0027898479 | N21: =L21*G21 -> 178.3931 | O21: 調理端 | P21: 取樣不穩 | R21: 共用類
A23: 超用金額前十名半成品
A24: 明細展開 | D24: 生產資訊 | O24: 類別 | P24: 分析原因 (請填寫8大原因) | Q24: 其他原因說明 | R24: 備註-商品名稱
A25: 排序 | B25: 半成品 | D25: 生產端 | J25: 組合端
B26: 名稱 | C26: 超用金額 排序 | D26: 產出量 | J26: 報廢 | M26: 超用
D27: 訂單需求 (kg) | E27: 實際產出 (kg) | F27: 補單 (kg) | G27: 單價 (元) | H27: 實際生產 (對比訂單需求) | I27: 差異 (元) | J27: kg | K27: 占比 | L27: 金額 (元) | M27: kg | N27: 占比
A28: 1 | B28: 蘑菇湯凍 | C28: 2243.1472 | D28: 326.88 | E28: 325.2 | F28: 22.4 | G28: 108.26 | H28: =(E28+F28)/D28 -> 1.0633872 | I28: 2243.1472 | J28: 0 | K28: =J28/D28 -> 0 | L28: =J28*G28 -> 0 | M28: =((E28+F28)-D28)-J28 -> 20.72 | N28: =M28/D28 -> 0.063387176 | O28: 組合室 | P28: 取樣不穩 | R28: 二配鐵板蘑菇肉醬起司焗飯
A29: 2 | B29: 煮中華冷麵(110年) | C29: 2102.6382 | D29: 4593.12 | E29: 4646.5 | F29: 0 | G29: 39.39 | H29: =(E29+F29)/D29 -> 1.0116217 | I29: 2102.6382 | J29: 0 | K29: =J29/D29 -> 0 | L29: =J29*G29 -> 0 | M29: =((E29+F29)-D29)-J29 -> 53.38 | N29: =M29/D29 -> 0.01162173 | O29: 組合室 | P29: 研發設定 | Q29: 雙圈秤重範圍 | R29: 共用類
A30: 3 | B30: 112炒高級芝麻肉鬆 | C30: 1410.8352 | D30: 555.56 | E30: 552.82 | F30: 10.2 | G30: 189.12 | H30: =(E30+F30)/D30 -> 1.0134279 | I30: 1410.8352 | J30: 0 | K30: =J30/D30 -> 0 | L30: =J30*G30 -> 0 | M30: =((E30+F30)-D30)-J30 -> 7.46 | N30: =M30/D30 -> 0.013427893 | O30: 組合室 | P30: 取樣不穩 | R30: 經典肉鬆飯糰
A31: 4 | B31: 日式牛培根 | C31: 1346.1378 | D31: 28.67 | E31: 28.64 | F31: 2.2 | G31: 620.34 | H31: =(E31+F31)/D31 -> 1.0756889 | I31: 1346.1378 | J31: 0 | K31: =J31/D31 -> 0 | L31: =J31*G31 -> 0 | M31: =((E31+F31)-D31)-J31 -> 2.17 | N31: =M31/D31 -> 0.075688873 | O31: 組合室 | P31: 取樣不穩 | R31: 柚見極炙烤牛
A32: 5 | B32: 焗飯-義式蕃茄紅醬 | C32: 1095.9 | D32: 304.87 | E32: 306.37 | F32: 11.5 | G32: 84.3 | H32: =(E32+F32)/D32 -> 1.0426411 | I32: 1095.9 | J32: 0 | K32: =J32/D32 -> 0 | L32: =J32*G32 -> 0 | M32: =((E32+F32)-D32)-J32 -> 13 | N32: =M32/D32 -> 0.042641126 | O32: 組合室 | P32: 取樣不穩 | R32: 二配乳酪燻腸紅醬焗飯
A33: 6 | B33: 越式湯凍(114年) | C33: 1012.0392 | D33: 589.05 | E33: 561.04 | F33: 58.65 | G33: 33.03 | H33: =(E33+F33)/D33 -> 1.052016 | I33: 1012.0392 | J33: 0 | K33: =J33/D33 -> 0 | L33: =J33*G33 -> 0 | M33: =((E33+F33)-D33)-J33 -> 30.64 | N33: =M33/D33 -> 0.052015958 | O33: 組合室 | P33: 取樣不穩 | R33: 越式牛肉寬粉
A34: 7 | B34: 蒸-全熟雞肉絲CL(113年) | C34: 981.387 | D34: 128.73 | E34: 131.03 | F34: 0 | G34: 426.69 | H34: =(E34+F34)/D34 -> 1.0178669 | I34: 981.387 | J34: 0 | K34: =J34/D34 -> 0 | L34: =J34*G34 -> 0 | M34: =((E34+F34)-D34)-J34 -> 2.3 | N34: =M34/D34 -> 0.017866853 | O34: 組合室 | P34: 取樣不穩 | R34: 雞肉飯飯糰
A35: 8 | B35: 拌鹽烤豬肉片(114年) | C35: 974.5848 | D35: 389.62 | E35: 388.53 | F35: 4.75 | G35: 266.28 | H35: =(E35+F35)/D35 -> 1.0093938 | I35: 974.5848 | J35: 0 | K35: =J35/D35 -> 0 | L35: =J35*G35 -> 0 | M35: =((E35+F35)-D35)-J35 -> 3.66 | N35: =M35/D35 -> 0.0093937683 | O35: 組合室 | P35: 取樣不穩 | R35: 鹽蔥燒肉飯糰
A36: 9 | B36: 鮮食雙色起司絲 | C36: 806 | D36: 147.99 | E36: 149.79 | F36: 3.2 | G36: 200 | H36: =(E36+F36)/D36 -> 1.0337861 | I36: 1000 | J36: 0.97 | K36: =J36/D36 -> 0.0065544969 | L36: =J36*G36 -> 194 | M36: =((E36+F36)-D36)-J36 -> 4.03 | N36: =M36/D36 -> 0.02723157 | O36: 組合室 | P36: 取樣不穩 | R36: 共用類
A37: 10 | B37: 煮浪花涼麵(112年) | C37: 784.41 | D37: 1160.46 | E37: 1153.74 | F37: 23.22 | G37: 47.54 | H37: =(E37+F37)/D37 -> 1.0142185 | I37: 784.41 | J37: 0 | K37: =J37/D37 -> 0 | L37: =J37*G37 -> 0 | M37: =((E37+F37)-D37)-J37 -> 16.5 | N37: =M37/D37 -> 0.0142185 | O37: 組合室 | P37: 取樣不穩 | R37: 共用類
A39: 共用類報廢金額前十名半成品
A40: 明細展開
A41: 排序 | B41: 半成品
B42: 名稱 | C42: 報廢金額 排序 | D42: 共用類總金額 占比
A44: 1 | B44: 消毒青蔥絲 | C44: 300.6366 | D44: =C44/$L$5 -> 0.10772109
A45: 2 | B45: 川燙毛豆玉米 | C45: 298.3743 | D45: =C45/$L$5 -> 0.10691049
A46: 3 | B46: (V)川燙小青花菜 | C46: 294.86 | D46: =C46/$L$5 -> 0.10565128
A47: 4 | B47: (V)消毒小黃瓜絲 | C47: 289.6 | D47: =C47/$L$5 -> 0.10376657
A48: 5 | B48: 消毒細切紅蘿蔔絲 | C48: 270.0952 | D48: =C48/$L$5 -> 0.096777804
A49: 6 | B49: 烤大口蛋皮(111年) | C49: 197.7 | D49: =C49/$L$5 -> 0.070837882
A50: 7 | B50: 鮮食雙色起司絲 | C50: 194 | D50: =C50/$L$5 -> 0.069512135
A51: 8 | B51: 60切-烤豆腐蛋白丁 | C51: 188.65 | D51: =C51/$L$5 -> 0.067595177
A52: 9 | B52: 烤12切家常豆腐 | C52: 179.01 | D52: =C52/$L$5 -> 0.064141069
A53: 10 | B53: 蒜炒紅k高麗菜(111年) | C53: 172.584 | D53: =C53/$L$5 -> 0.061838569
A54: ※炊飯類不納入半成品廢棄計算
A56: ※淺黃色為工廠自填項目

Sheet 0913分析標準表
A1: 大溪廠半成品管理分析
A2: 日期 | C2: 營業額 | D2: 報廢展開 | F2: 超用展開 | H2: 報廢展開 | J2: 超用展開 | L2: 報廢展開
A3: 45913 | C3: 6087959.4 | D3: 總報廢 | F3: 總超用 | H3: 報廢-前10名 | J3: 超用-前10名 | L3: 共用類-總報廢
D4: 金額 | E4: 占比(營業額) | F4: 金額 | G4: 占比(營業額) | H4: 金額 | I4: 占比(總報廢) | J4: 金額 | K4: 占比(總超用) | L4: 金額 | M4: 占比(總報廢)
A5: 年度KPI目標0.25% | D5: 14694.913 | E5: =D5/C3 -> 0.0024137665 | F5: 43322.471 | G5: =F5/C3 -> 0.0071160907 | H5: =SUM(C12:C21) -> 5166.7466 | I5: =H5/D5 -> 0.35160104 | J5: =SUM(C28:C37) -> 15600.561 | K5: =J5/F5 -> 0.36010322 | L5: 1361.5699 | M5: =L5/D5 -> 0.092655869
A7: 報廢金額前十名半成品
A8: 明細展開 | D8: 生產資訊 | O8: 類別 | P8: 分析原因 (請填寫8大原因) | Q8: 其他原因說明 | R8: 備註-商品名稱
A9: 排序 | B9: 半成品 | D9: 生產端 | J9: 組合端
B10: 名稱 | C10: 報廢金額 排序 | D10: 產出量 | J10: 報廢 | L10: 超用
D11: 訂單需求 (kg) | E11: 實際產出 (kg) | F11: 補單 (kg) | G11: 單價 (元) | H11: 實際生產 (對比訂單需求) | I11: 差異 (元) | J11: kg | K11: 占比 | L11: kg | M11: 占比 | N11: 金額 (元)
A12: 1 | B12: 斜切-蒸松露巧達脆腸 | C12: 862.68 | D12: 4538 | E12: 4696 | F12: 0 | G12: 5.46 | H12: =(E12+F12)/D12 -> 1.0348171 | I12: 862.68 | J12: 158 | K12: =J12/D12 -> 0.0348171 | L12: =((E12+F12)-D12)-J12 -> 0 | M12: =L12/D12 -> 0 | N12: =L12*G12 -> 0 | O12: 調理端 | P12: 製程不穩 | Q12: 人員操作疏失（切割誤差） | R12: 二配乳酪燻腸紅醬焗飯
A13: 2 | B13: 蒸鰻魚片(主食用) | C13: 791.16 | D13: 3210 | E13: 3286 | F13: 0 | G13: 10.41 | H13: =(E13+F13)/D13 -> 1.023676 | I13: 791.16 | J13: 76 | K13: =J13/D13 -> 0.023676012 | L13: =((E13+F13)-D13)-J13 -> 0 | M13: =L13/D13 -> 0 | N13: =L13*G13 -> 0 | O13: 調理端 | P13: 製程不穩 | R13: 鰻牛雙饗匠食盒
A14: 3 | B14: 烤銀鮭魚肚 | C14: 556.2 | D14: 3178 | E14: 3214 | F14: 0 | G14: 15.45 | H14: =(E14+F14)/D14 -> 1.0113279 | I14: 556.2 | J14: 36 | K14: =J14/D14 -> 0.011327879 | L14: =((E14+F14)-D14)-J14 -> 0 | M14: =L14/D14 -> 0 | N14: =L14*G14 -> 0 | O14: 調理端 | P14: 研發設定 | Q14: 研發設定，小片的規格不符合指示書設定重量 | R14: 一配贅沢鮭魚肚飯糰
A15: 4 | B15: 切-烤牛五花(112年) | C15: 484.624 | D15: 160.56 | E15: 160.62 | F15: 2.15 | G15: 605.78 | H15: =(E15+F15)/D15 -> 1.0137643 | I15: 1338.7738 | J15: 0.8 | K15: =J15/D15 -> 0.004982561 | L15: =((E15+F15)-D15)-J15 -> 1.41 | M15: =L15/D15 -> 0.0087817638 | N15: =L15*G15 -> 854.1498 | O15: 調理端 | P15: 取樣不穩 | R15: 糖燻野郎三十天熟成牛飯
A16: 5 | B16: 切-鹽烤熟成牛肉 | C16: 463.568 | D16: 21.4 | E16: 21.71 | F16: 1 | G16: 662.24 | H16: =(E16+F16)/D16 -> 1.061215 | I16: 867.5344 | J16: 0.7 | K16: =J16/D16 -> 0.03271028 | L16: =((E16+F16)-D16)-J16 -> 0.61 | M16: =L16/D16 -> 0.028504673 | N16: =L16*G16 -> 403.9664 | O16: 調理端 | P16: 展開量105% | R16: 鰻牛雙饗匠食盒
A17: 6 | B17: 薑炒筍尾 | C17: 459.125 | D17: 42.82 | E17: 45.32 | F17: 0 | G17: 183.65 | H17: =(E17+F17)/D17 -> 1.0583839 | I17: 459.125 | J17: 2.5 | K17: =J17/D17 -> 0.058383933 | L17: =((E17+F17)-D17)-J17 -> 0 | M17: =L17/D17 -> 0 | N17: =L17*G17 -> 0 | O17: 調理端 | P17: 展開量105% | R17: 經典滷肉飯
A18: 7 | B18: 川味秋木耳 | C18: 457.056 | D18: 34.59 | E18: 36.39 | F18: 0 | G18: 253.92 | H18: =(E18+F18)/D18 -> 1.0520382 | I18: 457.056 | J18: 1.8 | K18: =J18/D18 -> 0.052038161 | L18: =((E18+F18)-D18)-J18 -> -2.8865799e-15 | M18: =L18/D18 -> -8.3451283e-17 | N18: =L18*G18 -> -7.3296036e-13 | O18: 調理端 | P18: 展開量105% | R18: 經典滷肉飯
A19: 8 | B19: 分切炙燒炭火燒肉片(主食) | C19: 446.5616 | D19: 52.36 | E19: 52.4 | F19: 1.9 | G19: 628.96 | H19: =(E19+F19)/D19 -> 1.0370512 | I19: 1220.1824 | J19: 0.71 | K19: =J19/D19 -> 0.013559969 | L19: =((E19+F19)-D19)-J19 -> 1.23 | M19: =L19/D19 -> 0.023491215 | N19: =L19*G19 -> 773.6208 | O19: 調理端 | P19: 取樣不穩 | R19: 蒜蒜燒豚飯
A20: 9 | B20: 煮白細麵生(方#10) | C20: 356.1376 | D20: 471.8 | E20: 479.08 | F20: 0 | G20: 48.92 | H20: =(E20+F20)/D20 -> 1.0154303 | I20: 356.1376 | J20: 7.28 | K20: =J20/D20 -> 0.015430267 | L20: =((E20+F20)-D20)-J20 -> -2.7533531e-14 | M20: =L20/D20 -> -5.835848e-17 | N20: =L20*G20 -> -1.3469403e-12 | O20: 調理端 | P20: 取樣不穩 | R20: 酸辣麻醬細冷麵
A21: 10 | B21: 海瓜子三杯醬 | C21: 289.6344 | D21: 13.53 | E21: 17.1 | F21: 0 | G21: 104.94 | H21: =(E21+F21)/D21 -> 1.2638581 | I21: 374.6358 | J21: 2.76 | K21: =J21/D21 -> 0.20399113 | L21: =((E21+F21)-D21)-J21 -> 0.81 | M21: =L21/D21 -> 0.059866962 | N21: =L21*G21 -> 85.0014 | O21: 調理端 | P21: 展開量105% | R21: 二配三杯海瓜子好下飯
A23: 超用金額前十名半成品
A24: 明細展開 | D24: 生產資訊 | O24: 類別 | P24: 分析原因 (請填寫8大原因) | Q24: 其他原因說明 | R24: 備註-商品名稱
A25: 排序 | B25: 半成品 | D25: 生產端 | J25: 組合端
B26: 名稱 | C26: 超用金額 排序 | D26: 產出量 | J26: 報廢 | M26: 超用
D27: 訂單需求 (kg) | E27: 實際產出 (kg) | F27: 補單 (kg) | G27: 單價 (元) | H27: 實際生產 (對比訂單需求) | I27: 差異 (元) | J27: kg | K27: 占比 | L27: 金額 (元) | M27: kg | N27: 占比
A28: 1 | B28: 蒸-全熟雞肉絲CL(113年) | C28: 3584.196 | D28: 201.36 | E28: 205.36 | F28: 4.4 | G28: 426.69 | H28: =(E28+F28)/D28 -> 1.0417163 | I28: 3584.196 | J28: 0 | K28: =J28/D28 -> 0 | L28: =J28*G28 -> 0 | M28: =((E28+F28)-D28)-J28 -> 8.4 | N28: =M28/D28 -> 0.041716329 | O28: 組合室 | P28: 取樣不穩 | R28: 雞肉飯飯糰
A29: 2 | B29: (V)川燙小青花菜 | C29: 2473.8754 | D29: 497.91 | E29: 498.45 | F29: 16.24 | G29: 147.43 | H29: =(E29+F29)/D29 -> 1.0337009 | I29: 2473.8754 | J29: 0 | K29: =J29/D29 -> 0 | L29: =J29*G29 -> 0 | M29: =((E29+F29)-D29)-J29 -> 16.78 | N29: =M29/D29 -> 0.03370087 | O29: 組合室 | P29: 原物料規格 | Q29: 大顆比例高 | R29: 共用類
A30: 3 | B30: 112炒高級芝麻肉鬆 | C30: 1711.536 | D30: 218.13 | E30: 227.18 | F30: 0 | G30: 189.12 | H30: =(E30+F30)/D30 -> 1.041489 | I30: 1711.536 | J30: 0 | K30: =J30/D30 -> 0 | L30: =J30*G30 -> 0 | M30: =((E30+F30)-D30)-J30 -> 9.05 | N30: =M30/D30 -> 0.04148902 | O30: 組合室 | P30: 取樣不穩 | R30: 經典肉鬆飯糰
A31: 4 | B31: 碳香燒肉醬 | C31: 1385.7979 | D31: 83.11 | E31: 83.5 | F31: 11.78 | G31: 113.87 | H31: =(E31+F31)/D31 -> 1.1464324 | I31: 1385.7979 | J31: 0 | K31: =J31/D31 -> 0 | L31: =J31*G31 -> 0 | M31: =((E31+F31)-D31)-J31 -> 12.17 | N31: =M31/D31 -> 0.14643244 | O31: 組合室 | P31: 取樣不穩 | R31: 壹號醬雞豚雙拼
A32: 5 | B32: 蒜炒紅k高麗菜(111年) | C32: 1293.7408 | D32: 368.79 | E32: 361.71 | F32: 17.2 | G32: 127.84 | H32: =(E32+F32)/D32 -> 1.0274411 | I32: 1293.7408 | J32: 0 | K32: =J32/D32 -> 0 | L32: =J32*G32 -> 0 | M32: =((E32+F32)-D32)-J32 -> 10.12 | N32: =M32/D32 -> 0.027441091 | O32: 組合室 | P32: 取樣不穩 | R32: 共用類
A33: 6 | B33: 煮中華冷麵(110年) | C33: 1198.6377 | D33: 3745.8 | E33: 3726.73 | F33: 49.5 | G33: 39.39 | H33: =(E33+F33)/D33 -> 1.0081238 | I33: 1198.6377 | J33: 0 | K33: =J33/D33 -> 0 | L33: =J33*G33 -> 0 | M33: =((E33+F33)-D33)-J33 -> 30.43 | N33: =M33/D33 -> 0.0081237653 | O33: 組合室 | P33: 研發設定 | Q33: 雙圈秤重範圍 | R33: 共用類
A34: 7 | B34: 蒸-醬香雞肉絲CL | C34: 1195.0708 | D34: 89.9 | E34: 91.02 | F34: 2.1 | G34: 371.14 | H34: =(E34+F34)/D34 -> 1.0358176 | I34: 1195.0708 | J34: 0 | K34: =J34/D34 -> 0 | L34: =J34*G34 -> 0 | M34: =((E34+F34)-D34)-J34 -> 3.22 | N34: =M34/D34 -> 0.035817575 | O34: 組合室 | P34: 取樣不穩 | R34: 共用類
A35: 8 | B35: F-生蒜包 | C35: 957.6 | D35: 3.43 | E35: 4 | F35: 0 | G35: 1680 | H35: =(E35+F35)/D35 -> 1.1661808 | I35: 957.6 | J35: 0 | K35: =J35/D35 -> 0 | L35: =J35*G35 -> 0 | M35: =((E35+F35)-D35)-J35 -> 0.57 | N35: =M35/D35 -> 0.16618076 | O35: 組合室 | P35: 取樣不穩 | R35: 共用類
A36: 9 | B36: 切烤雞胸肉(111年) | C36: 945.9568 | D36: 158.66 | E36: 159.23 | F36: 1.75 | G36: 407.74 | H36: =(E36+F36)/D36 -> 1.0146225 | I36: 945.9568 | J36: 0 | K36: =J36/D36 -> 0 | L36: =J36*G36 -> 0 | M36: =((E36+F36)-D36)-J36 -> 2.32 | N36: =M36/D36 -> 0.014622463 | O36: 組合室 | P36: 研發設定 | Q36: 雙圈秤重範圍 | R36: 健身G肉餐盒(113年)
A37: 10 | B37: 切-烤牛五花(112年) | C37: 854.1498 | D37: 160.56 | E37: 160.62 | F37: 2.15 | G37: 605.78 | H37: =(E37+F37)/D37 -> 1.0137643 | I37: 1338.7738 | J37: 0.8 | K37: =J37/D37 -> 0.004982561 | L37: =J37*G37 -> 484.624 | M37: =((E37+F37)-D37)-J37 -> 1.41 | N37: =M37/D37 -> 0.0087817638 | O37: 組合室 | P37: 研發設定 | Q37: 雙圈秤重範圍 | R37: 糖燻野郎三十天熟成牛飯
A39: 共用類報廢金額前十名半成品
A40: 明細展開
A41: 排序 | B41: 半成品
B42: 名稱 | C42: 報廢金額 排序 | D42: 共用類總金額 占比
A44: 1 | B44: 60切-烤豆腐蛋白丁 | C44: 252.35 | D44: =C44/$L$5 -> 0.18533753
A45: 2 | B45: 消毒青蔥絲 | C45: 248.46 | D45: =C45/$L$5 -> 0.18248053
A46: 3 | B46: 烤12切家常豆腐 | C46: 224.64 | D46: =C46/$L$5 -> 0.16498602
A47: 4 | B47: 鮮食雙色起司絲 | C47: 160 | D47: =C47/$L$5 -> 0.11751141
A48: 5 | B48: (V)消毒小黃瓜絲 | C48: 101.36 | D48: =C48/$L$5 -> 0.074443479
A49: 6 | B49: 川燙紅蘿蔔塊2cm | C49: 95.5875 | D49: =C49/$L$5 -> 0.070203887
A50: 7 | B50: 川燙毛豆玉米 | C50: 78.935 | D50: =C50/$L$5 -> 0.05797352
A51: 8 | B51: 消毒蔥花 | C51: 64.884 | D51: =C51/$L$5 -> 0.047653815
A52: 9 | B52: 日式烤洋蔥絲(114年) | C52: 54.216 | D52: =C52/$L$5 -> 0.039818742
A53: 10 | B53: 煮浪花涼麵(112年) | C53: 48.0154 | D53: =C53/$L$5 -> 0.035264734
A54: ※炊飯類不納入半成品廢棄計算
A56: ※淺黃色為工廠自填項目

Sheet 0912分析標準表
A1: 大溪廠半成品管理分析
A2: 日期 | C2: 營業額 | D2: 報廢展開 | F2: 超用展開 | H2: 報廢展開 | J2: 超用展開 | L2: 報廢展開
A3: 45912 | C3: 5798799.4 | D3: 總報廢 | F3: 總超用 | H3: 報廢-前10名 | J3: 超用-前10名 | L3: 共用類-總報廢
D4: 金額 | E4: 占比(營業額) | F4: 金額 | G4: 占比(營業額) | H4: 金額 | I4: 占比(總報廢) | J4: 金額 | K4: 占比(總超用) | L4: 金額 | M4: 占比(總報廢)
A5: 年度KPI目標0.25% | D5: 13984.861 | E5: =D5/C3 -> 0.0024116822 | F5: 41420.318 | G5: =F5/C3 -> 0.0071429126 | H5: =SUM(C12:C21) -> 6707.2372 | I5: =H5/D5 -> 0.47960698 | J5: =SUM(C28:C37) -> 18841.758 | K5: =J5/F5 -> 0.45489167 | L5: 1633.6051 | M5: =L5/D5 -> 0.11681239
A7: 報廢金額前十名半成品
A8: 明細展開 | D8: 生產資訊 | O8: 類別 | P8: 分析原因 (請填寫8大原因) | Q8: 其他原因說明 | R8: 備註-商品名稱
A9: 排序 | B9: 半成品 | D9: 生產端 | J9: 組合端
B10: 名稱 | C10: 報廢金額 排序 | D10: 產出量 | J10: 報廢 | L10: 超用
D11: 訂單需求 (kg) | E11: 實際產出 (kg) | F11: 補單 (kg) | G11: 單價 (元) | H11: 實際生產 (對比訂單需求) | I11: 差異 (元) | J11: kg | K11: 占比 | L11: kg | M11: 占比 | N11: 金額 (元)
A12: 1 | B12: 清炒高麗菜 | C12: 1965.12 | D12: 107.54 | E12: 123.54 | F12: 0 | G12: 122.82 | H12: =(E12+F12)/D12 -> 1.1487818 | I12: 1965.12 | J12: 16 | K12: =J12/D12 -> 0.14878185 | L12: =((E12+F12)-D12)-J12 -> 0 | M12: =L12/D12 -> 0 | N12: =L12*G12 -> 0 | O12: 調理端 | P12: 其他原因 | Q12: 操作疏失（傾倒） | R12: 美式雞丁餐盒(113年)
A13: 2 | B13: 分切炙燒炭火燒肉片(主食) | C13: 792.4896 | D13: 46.21 | E13: 47.47 | F13: 0 | G13: 628.96 | H13: =(E13+F13)/D13 -> 1.0272668 | I13: 792.4896 | J13: 1.26 | K13: =J13/D13 -> 0.027266825 | L13: =((E13+F13)-D13)-J13 -> -1.9984014e-15 | M13: =L13/D13 -> -4.3246082e-17 | N13: =L13*G13 -> -1.2569146e-12 | O13: 調理端 | P13: 取樣不穩 | R13: 蒜蒜燒豚飯
A14: 3 | B14: 烤銀鮭魚肚 | C14: 695.25 | D14: 3299 | E14: 3344 | F14: 0 | G14: 15.45 | H14: =(E14+F14)/D14 -> 1.0136405 | I14: 695.25 | J14: 45 | K14: =J14/D14 -> 0.013640497 | L14: =((E14+F14)-D14)-J14 -> 0 | M14: =L14/D14 -> 0 | N14: =L14*G14 -> 0 | O14: 調理端 | P14: 研發設定 | Q14: 研發設定，小片的規格不符合指示書設定重量 | R14: 一配贅沢鮭魚肚飯糰
A15: 4 | B15: 蒸鰻魚片(主食用) | C15: 645.42 | D15: 2988 | E15: 3050 | F15: 0 | G15: 10.41 | H15: =(E15+F15)/D15 -> 1.0207497 | I15: 645.42 | J15: 62 | K15: =J15/D15 -> 0.020749665 | L15: =((E15+F15)-D15)-J15 -> 0 | M15: =L15/D15 -> 0 | N15: =L15*G15 -> 0 | O15: 調理端 | P15: 製程不穩 | R15: 鰻牛雙饗匠食盒
A16: 5 | B16: 切-鹽烤熟成牛肉 | C16: 629.128 | D16: 19.92 | E16: 20.87 | F16: 0 | G16: 662.24 | H16: =(E16+F16)/D16 -> 1.0476908 | I16: 629.128 | J16: 0.95 | K16: =J16/D16 -> 0.047690763 | L16: =((E16+F16)-D16)-J16 -> 0 | M16: =L16/D16 -> 0 | N16: =L16*G16 -> 0 | O16: 調理端 | P16: 取樣不穩 | R16: 鰻牛雙饗匠食盒
A17: 6 | B17: 切-烤牛五花(112年) | C17: 545.202 | D17: 150.97 | E17: 150.94 | F17: 4.73 | G17: 605.78 | H17: =(E17+F17)/D17 -> 1.031132 | I17: 2847.166 | J17: 0.9 | K17: =J17/D17 -> 0.0059614493 | L17: =((E17+F17)-D17)-J17 -> 3.8 | M17: =L17/D17 -> 0.025170564 | N17: =L17*G17 -> 2301.964 | O17: 調理端 | P17: 取樣不穩 | R17: 糖燻野郎三十天熟成牛飯
A18: 7 | B18: 切-究極燒肉片 | C18: 498.6648 | D18: 36.47 | E18: 36.63 | F18: 4.86 | G18: 692.59 | H18: =(E18+F18)/D18 -> 1.1376474 | I18: 3476.8018 | J18: 0.72 | K18: =J18/D18 -> 0.019742254 | L18: =((E18+F18)-D18)-J18 -> 4.3 | M18: =L18/D18 -> 0.11790513 | N18: =L18*G18 -> 2978.137 | O18: 調理端 | P18: 展開量105% | R18: 壹號醬雞豚雙拼
A19: 8 | B19: 112炒高級芝麻肉鬆 | C19: 323.3952 | D19: 206.99 | E19: 217.18 | F19: 0 | G19: 189.12 | H19: =(E19+F19)/D19 -> 1.0492294 | I19: 1927.1328 | J19: 1.71 | K19: =J19/D19 -> 0.0082612687 | L19: =((E19+F19)-D19)-J19 -> 8.48 | M19: =L19/D19 -> 0.040968163 | N19: =L19*G19 -> 1603.7376 | O19: 調理端 | P19: 取樣不穩 | R19: 經典肉鬆飯糰
A20: 9 | B20: 113年川燙綠豆芽 | C20: 309.4464 | D20: 47.46 | E20: 50.3 | F20: 0 | G20: 108.96 | H20: =(E20+F20)/D20 -> 1.0598399 | I20: 309.4464 | J20: 2.84 | K20: =J20/D20 -> 0.059839865 | L20: =((E20+F20)-D20)-J20 -> -3.5527137e-15 | M20: =L20/D20 -> -7.485701e-17 | N20: =L20*G20 -> -3.8710368e-13 | O20: 調理端 | P20: 展開量105% | R20: 越式牛肉寬粉
A21: 10 | B21: 消毒青蔥絲 | C21: 303.1212 | D21: 30.27 | E21: 31.75 | F21: 0 | G21: 248.46 | H21: =(E21+F21)/D21 -> 1.0488933 | I21: 367.7208 | J21: 1.22 | K21: =J21/D21 -> 0.040303931 | L21: =((E21+F21)-D21)-J21 -> 0.26 | M21: =L21/D21 -> 0.0085893624 | N21: =L21*G21 -> 64.5996 | O21: 調理端 | P21: 取樣不穩 | R21: 共用類
A23: 超用金額前十名半成品
A24: 明細展開 | D24: 生產資訊 | O24: 類別 | P24: 分析原因 (請填寫8大原因) | Q24: 其他原因說明 | R24: 備註-商品名稱
A25: 排序 | B25: 半成品 | D25: 生產端 | J25: 組合端
B26: 名稱 | C26: 超用金額 排序 | D26: 產出量 | J26: 報廢 | M26: 超用
D27: 訂單需求 (kg) | E27: 實際產出 (kg) | F27: 補單 (kg) | G27: 單價 (元) | H27: 實際生產 (對比訂單需求) | I27: 差異 (元) | J27: kg | K27: 占比 | L27: 金額 (元) | M27: kg | N27: 占比
A28: 1 | B28: 切-究極燒肉片 | C28: 2978.137 | D28: 36.47 | E28: 36.63 | F28: 4.86 | G28: 692.59 | H28: =(E28+F28)/D28 -> 1.1376474 | I28: 3476.8018 | J28: 0.72 | K28: =J28/D28 -> 0.019742254 | L28: =J28*G28 -> 498.6648 | M28: =((E28+F28)-D28)-J28 -> 4.3 | N28: =M28/D28 -> 0.11790513 | O28: 組合室 | P28: 取樣不穩 | R28: 壹號醬雞豚雙拼
A29: 2 | B29: 炙燒韓式牛五花 | C29: 2553.74 | D29: 46.4 | E29: 49.26 | F29: 1.2 | G29: 629 | H29: =(E29+F29)/D29 -> 1.0875 | I29: 2553.74 | J29: 0 | K29: =J29/D29 -> 0 | L29: =J29*G29 -> 0 | M29: =((E29+F29)-D29)-J29 -> 4.06 | N29: =M29/D29 -> 0.0875 | O29: 組合室 | P29: 取樣不穩 | R29: 壹號醬炙烤牛飯糰
A30: 3 | B30: 切-烤牛五花(112年) | C30: 2301.964 | D30: 150.97 | E30: 150.94 | F30: 4.73 | G30: 605.78 | H30: =(E30+F30)/D30 -> 1.031132 | I30: 2847.166 | J30: 0.9 | K30: =J30/D30 -> 0.0059614493 | L30: =J30*G30 -> 545.202 | M30: =((E30+F30)-D30)-J30 -> 3.8 | N30: =M30/D30 -> 0.025170564 | O30: 組合室 | P30: 研發設定 | Q30: 雙圈秤重範圍 | R30: 糖燻野郎三十天熟成牛飯
A31: 4 | B31: (V)川燙小青花菜 | C31: 2041.9055 | D31: 487.98 | E31: 482 | F31: 19.83 | G31: 147.43 | H31: =(E31+F31)/D31 -> 1.0283823 | I31: 2041.9055 | J31: 0 | K31: =J31/D31 -> 0 | L31: =J31*G31 -> 0 | M31: =((E31+F31)-D31)-J31 -> 13.85 | N31: =M31/D31 -> 0.028382311 | O31: 組合室 | P31: 原物料規格 | Q31: 大顆比例高 | R31: 共用類
A32: 5 | B32: 蒸-全熟雞肉絲CL(113年) | C32: 1851.8346 | D32: 91.82 | E32: 89.76 | F32: 6.4 | G32: 426.69 | H32: =(E32+F32)/D32 -> 1.0472664 | I32: 1851.8346 | J32: 0 | K32: =J32/D32 -> 0 | L32: =J32*G32 -> 0 | M32: =((E32+F32)-D32)-J32 -> 4.34 | N32: =M32/D32 -> 0.047266391 | O32: 組合室 | P32: 取樣不穩 | R32: 雞肉飯飯糰
A33: 6 | B33: 蒸-醬香雞肉絲CL | C33: 1811.1632 | D33: 90.8 | E33: 90.64 | F33: 5.04 | G33: 371.14 | H33: =(E33+F33)/D33 -> 1.0537445 | I33: 1811.1632 | J33: 0 | K33: =J33/D33 -> 0 | L33: =J33*G33 -> 0 | M33: =((E33+F33)-D33)-J33 -> 4.88 | N33: =M33/D33 -> 0.053744493 | O33: 組合室 | P33: 取樣不穩 | R33: 共用類
A34: 7 | B34: 112炒高級芝麻肉鬆 | C34: 1603.7376 | D34: 206.99 | E34: 217.18 | F34: 0 | G34: 189.12 | H34: =(E34+F34)/D34 -> 1.0492294 | I34: 1927.1328 | J34: 1.71 | K34: =J34/D34 -> 0.0082612687 | L34: =J34*G34 -> 323.3952 | M34: =((E34+F34)-D34)-J34 -> 8.48 | N34: =M34/D34 -> 0.040968163 | O34: 組合室 | P34: 取樣不穩 | R34: 經典肉鬆飯糰
A35: 8 | B35: 煮中華冷麵(110年) | C35: 1577.9634 | D35: 3819.54 | E35: 3859.6 | F35: 0 | G35: 39.39 | H35: =(E35+F35)/D35 -> 1.0104882 | I35: 1577.9634 | J35: 0 | K35: =J35/D35 -> 0 | L35: =J35*G35 -> 0 | M35: =((E35+F35)-D35)-J35 -> 40.06 | N35: =M35/D35 -> 0.010488174 | O35: 組合室 | P35: 研發設定 | Q35: 雙圈秤重範圍 | R35: 共用類
A36: 9 | B36: 日式牛培根 | C36: 1122.8154 | D36: 20.79 | E36: 19.96 | F36: 2.64 | G36: 620.34 | H36: =(E36+F36)/D36 -> 1.0870611 | I36: 1122.8154 | J36: 0 | K36: =J36/D36 -> 0 | L36: =J36*G36 -> 0 | M36: =((E36+F36)-D36)-J36 -> 1.81 | N36: =M36/D36 -> 0.087061087 | O36: 組合室 | P36: 取樣不穩 | R36: 柚見極炙烤牛
A37: 10 | B37: 越式湯凍(114年) | C37: 998.4969 | D37: 432.23 | E37: 420.38 | F37: 42.08 | G37: 33.03 | H37: =(E37+F37)/D37 -> 1.0699396 | I37: 998.4969 | J37: 0 | K37: =J37/D37 -> 0 | L37: =J37*G37 -> 0 | M37: =((E37+F37)-D37)-J37 -> 30.23 | N37: =M37/D37 -> 0.069939615 | O37: 組合室 | P37: 取樣不穩 | R37: 越式牛肉寬粉
A39: 共用類報廢金額前十名半成品
A40: 明細展開
A41: 排序 | B41: 半成品
B42: 名稱 | C42: 報廢金額 排序 | D42: 共用類總金額 占比
A44: 1 | B44: 消毒青蔥絲 | C44: 303.1212 | D44: =C44/$L$5 -> 0.18555353
A45: 2 | B45: 烤大口蛋皮(111年) | C45: 296.55 | D45: =C45/$L$5 -> 0.18153102
A46: 3 | B46: 60切-烤豆腐蛋白丁 | C46: 294 | D46: =C46/$L$5 -> 0.17997006
A47: 4 | B47: 烤12切家常豆腐 | C47: 214.11 | D47: =C47/$L$5 -> 0.13106595
A48: 5 | B48: (V)消毒小黃瓜絲 | C48: 101.36 | D48: =C48/$L$5 -> 0.062046819
A49: 6 | B49: 川燙紅蘿蔔塊2cm | C49: 95.5875 | D49: =C49/$L$5 -> 0.058513223
A50: 7 | B50: 川燙毛豆玉米 | C50: 78.935 | D50: =C50/$L$5 -> 0.048319511
A51: 8 | B51: 消毒蔥花 | C51: 64.884 | D51: =C51/$L$5 -> 0.039718289
A52: 9 | B52: 蒜炒紅k高麗菜(111年) | C52: 63.92 | D52: =C52/$L$5 -> 0.039128183
A53: 10 | B53: 煮浪花涼麵(112年) | C53: 48.0154 | D53: =C53/$L$5 -> 0.029392293
A54: ※炊飯類不納入半成品廢棄計算
A56: ※淺黃色為工廠自填項目

Sheet 0911分析標準表
A1: 大溪廠半成品管理分析
A2: 日期 | C2: 營業額 | D2: 報廢展開 | F2: 超用展開 | H2: 報廢展開 | J2: 超用展開 | L2: 報廢展開
A3: 45911 | C3: 6980689.7 | D3: 總報廢 | F3: 總超用 | H3: 報廢-前10名 | J3: 超用-前10名 | L3: 共用類-總報廢
D4: 金額 | E4: 占比(營業額) | F4: 金額 | G4: 占比(營業額) | H4: 金額 | I4: 占比(總報廢) | J4: 金額 | K4: 占比(總超用) | L4: 金額 | M4: 占比(總報廢)
A5: 年度KPI目標0.25% | D5: 16847.966 | E5: =D5/C3 -> 0.0024135103 | F5: 49744.602 | G5: =F5/C3 -> 0.0071260297 | H5: =SUM(C12:C21) -> 3838.4942 | I5: =H5/D5 -> 0.22783131 | J5: =SUM(C28:C37) -> 19399.405 | K5: =J5/F5 -> 0.38998011 | L5: 2555.1956 | M5: =L5/D5 -> 0.15166196
A7: 報廢金額前十名半成品
A8: 明細展開 | D8: 生產資訊 | O8: 類別 | P8: 分析原因 (請填寫8大原因) | Q8: 其他原因說明 | R8: 備註-商品名稱
A9: 排序 | B9: 半成品 | D9: 生產端 | J9: 組合端
B10: 名稱 | C10: 報廢金額 排序 | D10: 產出量 | J10: 報廢 | L10: 超用
D11: 訂單需求 (kg) | E11: 實際產出 (kg) | F11: 補單 (kg) | G11: 單價 (元) | H11: 實際生產 (對比訂單需求) | I11: 差異 (元) | J11: kg | K11: 占比 | L11: kg | M11: 占比 | N11: 金額 (元)
A12: 1 | B12: 烤銀鮭魚肚 | C12: 927 | D12: 4544 | E12: 4604 | F12: 0 | G12: 15.45 | H12: =(E12+F12)/D12 -> 1.0132042 | I12: 927 | J12: 60 | K12: =J12/D12 -> 0.013204225 | L12: =((E12+F12)-D12)-J12 -> 0 | M12: =L12/D12 -> 0 | N12: =L12*G12 -> 0 | O12: 調理端 | P12: 研發設定 | Q12: 研發設定，小片的規格不符合指示書設定重量 | R12: 一配贅沢鮭魚肚飯糰
A13: 2 | B13: 川燙毛豆玉米 | C13: 470.4526 | D13: 335.5 | E13: 338.66 | F13: 0 | G13: 157.87 | H13: =(E13+F13)/D13 -> 1.0094188 | I13: 498.8692 | J13: 2.98 | K13: =J13/D13 -> 0.0088822653 | L13: =((E13+F13)-D13)-J13 -> 0.18 | M13: =L13/D13 -> 0.00053651267 | N13: =L13*G13 -> 28.4166 | O13: 調理端 | P13: 取樣不穩 | R13: 共用類
A14: 3 | B14: 113年川燙綠豆芽 | C14: 319.2528 | D14: 53.12 | E14: 56.34 | F14: 0 | G14: 108.96 | H14: =(E14+F14)/D14 -> 1.0606175 | I14: 350.8512 | J14: 2.93 | K14: =J14/D14 -> 0.055158133 | L14: =((E14+F14)-D14)-J14 -> 0.29 | M14: =L14/D14 -> 0.0054593373 | N14: =L14*G14 -> 31.5984 | O14: 調理端 | P14: 展開量105% | R14: 越式牛肉寬粉
A15: 4 | B15: 炒紅K碎蛋 | C15: 306.4716 | D15: 88.14 | E15: 89.82 | F15: 0 | G15: 189.18 | H15: =(E15+F15)/D15 -> 1.0190606 | I15: 317.8224 | J15: 1.62 | K15: =J15/D15 -> 0.01837985 | L15: =((E15+F15)-D15)-J15 -> 0.06 | M15: =L15/D15 -> 0.00068073519 | N15: =L15*G15 -> 11.3508 | O15: 調理端 | P15: 取樣不穩 | R15: 烤蛋白餐盒
A16: 5 | B16: 斜切-蒸松露巧達脆腸 | C16: 305.76 | D16: 3564 | E16: 3214 | F16: 406 | G16: 5.46 | H16: =(E16+F16)/D16 -> 1.0157127 | I16: 305.76 | J16: 56 | K16: =J16/D16 -> 0.015712682 | L16: =((E16+F16)-D16)-J16 -> 0 | M16: =L16/D16 -> 0 | N16: =L16*G16 -> 0 | O16: 調理端 | P16: 製程不穩 | Q16: 人員操作疏失（切割誤差） | R16: 二配乳酪燻腸紅醬焗飯
A17: 6 | B17: 川味秋木耳 | C17: 304.704 | D17: 38.05 | E17: 39.25 | F17: 0 | G17: 253.92 | H17: =(E17+F17)/D17 -> 1.0315375 | I17: 304.704 | J17: 1.2 | K17: =J17/D17 -> 0.031537451 | L17: =((E17+F17)-D17)-J17 -> 2.8865799e-15 | M17: =L17/D17 -> 7.5862809e-17 | N17: =L17*G17 -> 7.3296036e-13 | O17: 調理端 | P17: 取樣不穩 | R17: 經典滷肉飯
A18: 7 | B18: 切義美滷豆乾 | C18: 302.6 | D18: 7374 | E18: 7730 | F18: 0 | G18: 0.85 | H18: =(E18+F18)/D18 -> 1.0482777 | I18: 302.6 | J18: 356 | K18: =J18/D18 -> 0.048277733 | L18: =((E18+F18)-D18)-J18 -> 0 | M18: =L18/D18 -> 0 | N18: =L18*G18 -> 0 | O18: 調理端 | P18: 取樣不穩 | R18: 酸辣麻醬細冷麵
A19: 8 | B19: 洋蔥壹號醬 | C19: 301.7843 | D19: 47.95 | E19: 50.74 | F19: 0 | G19: 153.19 | H19: =(E19+F19)/D19 -> 1.0581856 | I19: 427.4001 | J19: 1.97 | K19: =J19/D19 -> 0.041084463 | L19: =((E19+F19)-D19)-J19 -> 0.82 | M19: =L19/D19 -> 0.017101147 | N19: =L19*G19 -> 125.6158 | O19: 調理端 | P19: 展開量105% | R19: 壹號醬炙烤牛飯糰
A20: 9 | B20: 薑炒筍尾 | C20: 301.186 | D20: 47.11 | E20: 49.14 | F20: 0 | G20: 183.65 | H20: =(E20+F20)/D20 -> 1.0430906 | I20: 372.8095 | J20: 1.64 | K20: =J20/D20 -> 0.034812142 | L20: =((E20+F20)-D20)-J20 -> 0.39 | M20: =L20/D20 -> 0.0082784971 | N20: =L20*G20 -> 71.6235 | O20: 調理端 | P20: 取樣不穩 | R20: 經典滷肉飯
A21: 10 | B21: (V)川燙小青花菜 | C21: 299.2829 | D21: 678.37 | E21: 678.07 | F21: 41.7 | G21: 147.43 | H21: =(E21+F21)/D21 -> 1.0610286 | I21: 6103.602 | J21: 2.03 | K21: =J21/D21 -> 0.0029924672 | L21: =((E21+F21)-D21)-J21 -> 39.37 | M21: =L21/D21 -> 0.058036175 | N21: =L21*G21 -> 5804.3191 | O21: 調理端 | P21: 原物料規格 | Q21: 大顆比例高 | R21: 共用類
A23: 超用金額前十名半成品
A24: 明細展開 | D24: 生產資訊 | O24: 類別 | P24: 分析原因 (請填寫8大原因) | Q24: 其他原因說明 | R24: 備註-商品名稱
A25: 排序 | B25: 半成品 | D25: 生產端 | J25: 組合端
B26: 名稱 | C26: 超用金額 排序 | D26: 產出量 | J26: 報廢 | M26: 超用
D27: 訂單需求 (kg) | E27: 實際產出 (kg) | F27: 補單 (kg) | G27: 單價 (元) | H27: 實際生產 (對比訂單需求) | I27: 差異 (元) | J27: kg | K27: 占比 | L27: 金額 (元) | M27: kg | N27: 占比
A28: 1 | B28: (V)川燙小青花菜 | C28: 5804.3191 | D28: 678.37 | E28: 678.07 | F28: 41.7 | G28: 147.43 | H28: =(E28+F28)/D28 -> 1.0610286 | I28: 6103.602 | J28: 2.03 | K28: =J28/D28 -> 0.0029924672 | L28: =J28*G28 -> 299.2829 | M28: =((E28+F28)-D28)-J28 -> 39.37 | N28: =M28/D28 -> 0.058036175 | O28: 組合室 | P28: 原物料規格 | Q28: 大顆比例高 | R28: 共用類
A29: 2 | B29: 炙燒韓式牛五花 | C29: 3484.66 | D29: 54.8 | E29: 57.94 | F29: 2.4 | G29: 629 | H29: =(E29+F29)/D29 -> 1.1010949 | I29: 3484.66 | J29: 0 | K29: =J29/D29 -> 0 | L29: =J29*G29 -> 0 | M29: =((E29+F29)-D29)-J29 -> 5.54 | N29: =M29/D29 -> 0.10109489 | O29: 組合室 | P29: 取樣不穩 | R29: 壹號醬炙烤牛飯糰
A30: 3 | B30: 鹽麴銀鮭熟肉 | C30: 2357.9 | D30: 22.17 | E30: 25.4 | F30: 0 | G30: 730 | H30: =(E30+F30)/D30 -> 1.1456924 | I30: 2357.9 | J30: 0 | K30: =J30/D30 -> 0 | L30: =J30*G30 -> 0 | M30: =((E30+F30)-D30)-J30 -> 3.23 | N30: =M30/D30 -> 0.14569238 | O30: 組合室 | P30: 取樣不穩 | R30: 一配筋子銀鮭飯糰
A31: 4 | B31: 切-究極燒肉片 | C31: 1495.9944 | D31: 43.99 | E31: 40.75 | F31: 5.4 | G31: 692.59 | H31: =(E31+F31)/D31 -> 1.0491021 | I31: 1495.9944 | J31: 0 | K31: =J31/D31 -> 0 | L31: =J31*G31 -> 0 | M31: =((E31+F31)-D31)-J31 -> 2.16 | N31: =M31/D31 -> 0.049102069 | O31: 組合室 | P31: 取樣不穩 | R31: 壹號醬雞豚雙拼
A32: 5 | B32: 蒸-全熟雞肉絲CL(113年) | C32: 1297.1376 | D32: 112.88 | E32: 115.92 | F32: 0 | G32: 426.69 | H32: =(E32+F32)/D32 -> 1.0269313 | I32: 1297.1376 | J32: 0 | K32: =J32/D32 -> 0 | L32: =J32*G32 -> 0 | M32: =((E32+F32)-D32)-J32 -> 3.04 | N32: =M32/D32 -> 0.026931254 | O32: 組合室 | P32: 研發設定 | Q32: 雙圈秤重範圍 | R32: 雞肉飯飯糰
A33: 6 | B33: 煮中華冷麵(110年) | C33: 1203.3645 | D33: 4404.75 | E33: 4371.7 | F33: 63.6 | G33: 39.39 | H33: =(E33+F33)/D33 -> 1.0069357 | I33: 1203.3645 | J33: 0 | K33: =J33/D33 -> 0 | L33: =J33*G33 -> 0 | M33: =((E33+F33)-D33)-J33 -> 30.55 | N33: =M33/D33 -> 0.0069356944 | O33: 組合室 | P33: 研發設定 | Q33: 雙圈秤重範圍 | R33: 共用類
A34: 7 | B34: 拌燒肉片 | C34: 1027.5447 | D34: 27.18 | E34: 27.93 | F34: 2.08 | G34: 363.09 | H34: =(E34+F34)/D34 -> 1.1041207 | I34: 1027.5447 | J34: 0 | K34: =J34/D34 -> 0 | L34: =J34*G34 -> 0 | M34: =((E34+F34)-D34)-J34 -> 2.83 | N34: =M34/D34 -> 0.10412068 | O34: 組合室 | P34: 取樣不穩 | R34: 大口蒜味香腸燒肉雙拼飯糰
A35: 8 | B35: 碳香燒肉醬 | C35: 994.0851 | D35: 92.87 | E35: 90.2 | F35: 11.4 | G35: 113.87 | H35: =(E35+F35)/D35 -> 1.0940024 | I35: 994.0851 | J35: 0 | K35: =J35/D35 -> 0 | L35: =J35*G35 -> 0 | M35: =((E35+F35)-D35)-J35 -> 8.73 | N35: =M35/D35 -> 0.094002369 | O35: 組合室 | P35: 取樣不穩 | R35: 壹號醬雞豚雙拼
A36: 9 | B36: 拌韓式炸雞(個) | C36: 878.4 | D36: 2520 | E36: 2700 | F36: 0 | G36: 4.88 | H36: =(E36+F36)/D36 -> 1.0714286 | I36: 878.4 | J36: 0 | K36: =J36/D36 -> 0 | L36: =J36*G36 -> 0 | M36: =((E36+F36)-D36)-J36 -> 180 | N36: =M36/D36 -> 0.071428571 | O36: 組合室 | P36: 取樣不穩 | R36: 二配大飯糰韓式炸雞
A37: 10 | B37: 鮮食雙色起司絲 | C37: 856 | D37: 108.35 | E37: 107.6 | F37: 5.4 | G37: 200 | H37: =(E37+F37)/D37 -> 1.0429165 | I37: 930 | J37: 0.37 | K37: =J37/D37 -> 0.0034148593 | L37: =J37*G37 -> 74 | M37: =((E37+F37)-D37)-J37 -> 4.28 | N37: =M37/D37 -> 0.039501615 | O37: 組合室 | P37: 取樣不穩 | R37: 共用類
A39: 共用類報廢金額前十名半成品
A40: 明細展開
A41: 排序 | B41: 半成品
B42: 名稱 | C42: 報廢金額 排序 | D42: 共用類總金額 占比
A44: 1 | B44: 川燙毛豆玉米 | C44: 470.4526 | D44: =C44/$L$5 -> 0.18411608
A45: 2 | B45: (V)川燙小青花菜 | C45: 299.2829 | D45: =C45/$L$5 -> 0.1171272
A46: 3 | B46: 消毒青蔥絲 | C46: 273.306 | D46: =C46/$L$5 -> 0.10696089
A47: 4 | B47: 烤大口蛋皮(111年) | C47: 217.47 | D47: =C47/$L$5 -> 0.085108944
A48: 5 | B48: 60切-烤豆腐蛋白丁 | C48: 198.45 | D48: =C48/$L$5 -> 0.077665287
A49: 6 | B49: 烤12切家常豆腐 | C49: 186.03 | D49: =C49/$L$5 -> 0.072804603
A50: 7 | B50: 消毒蔥花 | C50: 129.768 | D50: =C50/$L$5 -> 0.050785936
A51: 8 | B51: 日式烤洋蔥絲(114年) | C51: 128.763 | D51: =C51/$L$5 -> 0.05039262
A52: 9 | B52: 蒜炒紅k高麗菜(111年) | C52: 127.84 | D52: =C52/$L$5 -> 0.050031395
A53: 10 | B53: 川燙紅蘿蔔塊2cm | C53: 118.5285 | D53: =C53/$L$5 -> 0.046387251
A54: ※炊飯類不納入半成品廢棄計算
A56: ※淺黃色為工廠自填項目

Sheet 0910分析標準表
A1: 大溪廠半成品管理分析
A2: 日期 | C2: 營業額 | D2: 報廢展開 | F2: 超用展開 | H2: 報廢展開 | J2: 超用展開 | L2: 報廢展開
A3: 45910 | C3: 7585453.3 | D3: 總報廢 | F3: 總超用 | H3: 報廢-前10名 | J3: 超用-前10名 | L3: 共用類-總報廢
D4: 金額 | E4: 占比(營業額) | F4: 金額 | G4: 占比(營業額) | H4: 金額 | I4: 占比(總報廢) | J4: 金額 | K4: 占比(總超用) | L4: 金額 | M4: 占比(總報廢)
A5: 年度KPI目標0.25% | D5: 18325.581 | E5: =D5/C3 -> 0.0024158847 | F5: 54158.093 | G5: =F5/C3 -> 0.0071397306 | H5: =SUM(C12:C21) -> 4007.0428 | I5: =H5/D5 -> 0.21865844 | J5: =SUM(C28:C37) -> 14337.106 | K5: =J5/F5 -> 0.26472694 | L5: 2265.1703 | M5: =L5/D5 -> 0.12360701
A7: 報廢金額前十名半成品
A8: 明細展開 | D8: 生產資訊 | O8: 類別 | P8: 分析原因 (請填寫8大原因) | Q8: 其他原因說明 | R8: 備註-商品名稱
A9: 排序 | B9: 半成品 | D9: 生產端 | J9: 組合端
B10: 名稱 | C10: 報廢金額 排序 | D10: 產出量 | J10: 報廢 | L10: 超用
D11: 訂單需求 (kg) | E11: 實際產出 (kg) | F11: 補單 (kg) | G11: 單價 (元) | H11: 實際生產 (對比訂單需求) | I11: 差異 (元) | J11: kg | K11: 占比 | L11: kg | M11: 占比 | N11: 金額 (元)
A12: 1 | B12: 煮紅蘿蔔塊(VN101) | C12: 740.3823 | D12: 121.41 | E12: 128.1 | F12: 0 | G12: 110.67 | H12: =(E12+F12)/D12 -> 1.0551025 | I12: 740.3823 | J12: 6.69 | K12: =J12/D12 -> 0.055102545 | L12: =((E12+F12)-D12)-J12 -> 0 | M12: =L12/D12 -> 0 | N12: =L12*G12 -> 0 | O12: 調理端 | P12: 展開量105% | R12: 健身G肉餐盒(113年)
A13: 2 | B13: 蒸鰻魚片(主食用) | C13: 624.6 | D13: 3198 | E13: 3258 | F13: 0 | G13: 10.41 | H13: =(E13+F13)/D13 -> 1.0187617 | I13: 624.6 | J13: 60 | K13: =J13/D13 -> 0.018761726 | L13: =((E13+F13)-D13)-J13 -> 0 | M13: =L13/D13 -> 0 | N13: =L13*G13 -> 0 | O13: 調理端 | P13: 製程不穩 | R13: 鰻牛雙饗匠食盒
A14: 3 | B14: 斜切-蒸松露巧達脆腸 | C14: 556.92 | D14: 4948 | E14: 5050 | F14: 0 | G14: 5.46 | H14: =(E14+F14)/D14 -> 1.0206144 | I14: 556.92 | J14: 102 | K14: =J14/D14 -> 0.02061439 | L14: =((E14+F14)-D14)-J14 -> 0 | M14: =L14/D14 -> 0 | N14: =L14*G14 -> 0 | O14: 調理端 | P14: 製程不穩 | Q14: 人員操作疏失（切割誤差） | R14: 二配乳酪燻腸紅醬焗飯
A15: 4 | B15: 油亮中式香腸片(112年) | C15: 339.9379 | D15: 22.96 | E15: 24.09 | F15: 0 | G15: 300.83 | H15: =(E15+F15)/D15 -> 1.049216 | I15: 339.9379 | J15: 1.13 | K15: =J15/D15 -> 0.049216028 | L15: =((E15+F15)-D15)-J15 -> 0 | M15: =L15/D15 -> 0 | N15: =L15*G15 -> 0 | O15: 調理端 | P15: 取樣不穩 | R15: 經典滷肉飯
A16: 5 | B16: 洋蔥壹號醬 | C16: 323.2309 | D16: 50.93 | E16: 53.21 | F16: 0 | G16: 153.19 | H16: =(E16+F16)/D16 -> 1.0447673 | I16: 349.2732 | J16: 2.11 | K16: =J16/D16 -> 0.041429413 | L16: =((E16+F16)-D16)-J16 -> 0.17 | M16: =L16/D16 -> 0.0033379148 | N16: =L16*G16 -> 26.0423 | O16: 調理端 | P16: 取樣不穩 | R16: 壹號醬炙烤牛飯糰
A17: 6 | B17: 烤帶皮南瓜丁(114.6) | C17: 296.1552 | D17: 30.78 | E17: 32.3 | F17: 0 | G17: 208.56 | H17: =(E17+F17)/D17 -> 1.0493827 | I17: 317.0112 | J17: 1.42 | K17: =J17/D17 -> 0.046133853 | L17: =((E17+F17)-D17)-J17 -> 0.1 | M17: =L17/D17 -> 0.0032488629 | N17: =L17*G17 -> 20.856 | O17: 調理端 | P17: 取樣不穩 | R17: 金沙豆腐細扁麵
A18: 7 | B18: 烤黑胡椒洋蔥絲 | C18: 284.7567 | D18: 108.96 | E18: 112.55 | F18: 0 | G18: 141.67 | H18: =(E18+F18)/D18 -> 1.0329479 | I18: 508.5953 | J18: 2.01 | K18: =J18/D18 -> 0.018447137 | L18: =((E18+F18)-D18)-J18 -> 1.58 | M18: =L18/D18 -> 0.014500734 | N18: =L18*G18 -> 223.8386 | O18: 調理端 | P18: 取樣不穩 | R18: 糖燻野郎三十天熟成牛飯
A19: 8 | B19: 切義美滷豆乾 | C19: 282.2 | D19: 7920 | E19: 7902 | F19: 350 | G19: 0.85 | H19: =(E19+F19)/D19 -> 1.0419192 | I19: 282.2 | J19: 332 | K19: =J19/D19 -> 0.041919192 | L19: =((E19+F19)-D19)-J19 -> 0 | M19: =L19/D19 -> 0 | N19: =L19*G19 -> 0 | O19: 調理端 | P19: 製程不穩 | R19: 酸辣麻醬細冷麵
A20: 9 | B20: 消毒青蔥絲 | C20: 280.7598 | D20: 36.09 | E20: 37.8 | F20: 0 | G20: 248.46 | H20: =(E20+F20)/D20 -> 1.0473815 | I20: 424.8666 | J20: 1.13 | K20: =J20/D20 -> 0.031310612 | L20: =((E20+F20)-D20)-J20 -> 0.58 | M20: =L20/D20 -> 0.016070934 | N20: =L20*G20 -> 144.1068 | O20: 調理端 | P20: 取樣不穩 | R20: 共用類
A21: 10 | B21: 烤銀鮭魚肚 | C21: 278.1 | D21: 4720 | E21: 4738 | F21: 0 | G21: 15.45 | H21: =(E21+F21)/D21 -> 1.0038136 | I21: 278.1 | J21: 18 | K21: =J21/D21 -> 0.0038135593 | L21: =((E21+F21)-D21)-J21 -> 0 | M21: =L21/D21 -> 0 | N21: =L21*G21 -> 0 | O21: 調理端 | P21: 研發設定 | Q21: 研發設定，小片的規格不符合指示書設定重量 | R21: 一配贅沢鮭魚肚飯糰
A23: 超用金額前十名半成品
A24: 明細展開 | D24: 生產資訊 | O24: 類別 | P24: 分析原因 (請填寫8大原因) | Q24: 其他原因說明 | R24: 備註-商品名稱
A25: 排序 | B25: 半成品 | D25: 生產端 | J25: 組合端
B26: 名稱 | C26: 超用金額 排序 | D26: 產出量 | J26: 報廢 | M26: 超用
D27: 訂單需求 (kg) | E27: 實際產出 (kg) | F27: 補單 (kg) | G27: 單價 (元) | H27: 實際生產 (對比訂單需求) | I27: 差異 (元) | J27: kg | K27: 占比 | L27: 金額 (元) | M27: kg | N27: 占比
A28: 1 | B28: (V)川燙小青花菜 | C28: 2584.4479 | D28: 758.78 | E28: 757.25 | F28: 19.06 | G28: 147.43 | H28: =(E28+F28)/D28 -> 1.0231029 | I28: 2584.4479 | J28: 0 | K28: =J28/D28 -> 0 | L28: =J28*G28 -> 0 | M28: =((E28+F28)-D28)-J28 -> 17.53 | N28: =M28/D28 -> 0.023102876 | O28: 組合室 | P28: 原物料規格 | Q28: 大顆比例高 | R28: 共用類
A29: 2 | B29: 烤BBQ雞丁(112年) | C29: 1946.7476 | D29: 105.74 | E29: 105.93 | F29: 5.13 | G29: 365.93 | H29: =(E29+F29)/D29 -> 1.0503121 | I29: 1946.7476 | J29: 0 | K29: =J29/D29 -> 0 | L29: =J29*G29 -> 0 | M29: =((E29+F29)-D29)-J29 -> 5.32 | N29: =M29/D29 -> 0.050312086 | O29: 組合室 | P29: 取樣不穩 | R29: 美式雞丁餐盒(113年)
A30: 3 | B30: 切-烤牛五花(112年) | C30: 1623.4904 | D30: 195.22 | E30: 194.46 | F30: 3.44 | G30: 605.78 | H30: =(E30+F30)/D30 -> 1.0137281 | I30: 1623.4904 | J30: 0 | K30: =J30/D30 -> 0 | L30: =J30*G30 -> 0 | M30: =((E30+F30)-D30)-J30 -> 2.68 | N30: =M30/D30 -> 0.013728102 | O30: 組合室 | P30: 研發設定 | Q30: 雙圈秤重範圍 | R30: 糖燻野郎三十天熟成牛飯
A31: 4 | B31: 蒸-醬香雞肉絲CL | C31: 1588.4792 | D31: 108.25 | E31: 108.75 | F31: 3.78 | G31: 371.14 | H31: =(E31+F31)/D31 -> 1.0395381 | I31: 1588.4792 | J31: 0 | K31: =J31/D31 -> 0 | L31: =J31*G31 -> 0 | M31: =((E31+F31)-D31)-J31 -> 4.28 | N31: =M31/D31 -> 0.039538106 | O31: 組合室 | P31: 取樣不穩 | R31: 共用類
A32: 5 | B32: 煮中華冷麵(110年) | C32: 1507.8492 | D32: 4424.31 | E32: 4396.59 | F32: 66 | G32: 39.39 | H32: =(E32+F32)/D32 -> 1.0086522 | I32: 1507.8492 | J32: 0 | K32: =J32/D32 -> 0 | L32: =J32*G32 -> 0 | M32: =((E32+F32)-D32)-J32 -> 38.28 | N32: =M32/D32 -> 0.0086521966 | O32: 組合室 | P32: 研發設定 | Q32: 雙圈秤重範圍 | R32: 共用類
A33: 6 | B33: 烤韓式雞肉 | C33: 1089.5136 | D33: 9.22 | E33: 11.46 | F33: 0 | G33: 486.39 | H33: =(E33+F33)/D33 -> 1.2429501 | I33: 1089.5136 | J33: 0 | K33: =J33/D33 -> 0 | L33: =J33*G33 -> 0 | M33: =((E33+F33)-D33)-J33 -> 2.24 | N33: =M33/D33 -> 0.24295011 | O33: 組合室 | P33: 取樣不穩 | R33: 二配大飯糰春川風味辣炒雞
A34: 7 | B34: 拌鹽烤豬肉片(114年) | C34: 1057.1316 | D34: 184.49 | E34: 183.71 | F34: 4.75 | G34: 266.28 | H34: =(E34+F34)/D34 -> 1.0215188 | I34: 1057.1316 | J34: 0 | K34: =J34/D34 -> 0 | L34: =J34*G34 -> 0 | M34: =((E34+F34)-D34)-J34 -> 3.97 | N34: =M34/D34 -> 0.021518782 | O34: 組合室 | P34: 取樣不穩 | R34: 鹽蔥燒肉飯糰
A35: 8 | B35: 蒸蛤蜊-肉(VN151) | C35: 1052.7972 | D35: 24.6 | E35: 24.57 | F35: 2.2 | G35: 485.16 | H35: =(E35+F35)/D35 -> 1.0882114 | I35: 1052.7972 | J35: 0 | K35: =J35/D35 -> 0 | L35: =J35*G35 -> 0 | M35: =((E35+F35)-D35)-J35 -> 2.17 | N35: =M35/D35 -> 0.088211382 | O35: 組合室 | P35: 取樣不穩 | R35: 二配哞哞培根奶香海陸焗飯
A36: 9 | B36: 切-鹽烤熟成牛肉 | C36: 993.36 | D36: 21.32 | E36: 21.42 | F36: 1.4 | G36: 662.24 | H36: =(E36+F36)/D36 -> 1.0703565 | I36: 993.36 | J36: 0 | K36: =J36/D36 -> 0 | L36: =J36*G36 -> 0 | M36: =((E36+F36)-D36)-J36 -> 1.5 | N36: =M36/D36 -> 0.070356473 | O36: 組合室 | P36: 取樣不穩 | R36: 鰻牛雙饗匠食盒
A37: 10 | B37: 日式牛培根 | C37: 893.2896 | D37: 25.37 | E37: 25.05 | F37: 1.76 | G37: 620.34 | H37: =(E37+F37)/D37 -> 1.05676 | I37: 893.2896 | J37: 0 | K37: =J37/D37 -> 0 | L37: =J37*G37 -> 0 | M37: =((E37+F37)-D37)-J37 -> 1.44 | N37: =M37/D37 -> 0.056759953 | O37: 組合室 | P37: 取樣不穩 | R37: 柚見極炙烤牛
A39: 共用類報廢金額前十名半成品
A40: 明細展開
A41: 排序 | B41: 半成品
B42: 名稱 | C42: 報廢金額 排序 | D42: 共用類總金額 占比
A44: 1 | B44: 消毒青蔥絲 | C44: 280.7598 | D44: =C44/$L$5 -> 0.12394644
A45: 2 | B45: 烤大口蛋皮(111年) | C45: 250.42 | D45: =C45/$L$5 -> 0.11055239
A46: 3 | B46: 川燙毛豆玉米 | C46: 239.9624 | D46: =C46/$L$5 -> 0.1059357
A47: 4 | B47: 鮮食雙色起司絲 | C47: 234 | D47: =C47/$L$5 -> 0.10330349
A48: 5 | B48: 60切-烤豆腐蛋白丁 | C48: 210.7 | D48: =C48/$L$5 -> 0.093017289
A49: 6 | B49: 烤12切家常豆腐 | C49: 203.58 | D49: =C49/$L$5 -> 0.089874037
A50: 7 | B50: 消毒蔥花 | C50: 129.768 | D50: =C50/$L$5 -> 0.057288408
A51: 8 | B51: 日式烤洋蔥絲(114年) | C51: 128.763 | D51: =C51/$L$5 -> 0.056844733
A52: 9 | B52: 蒜炒紅k高麗菜(111年) | C52: 127.84 | D52: =C52/$L$5 -> 0.056437258
A53: 10 | B53: 川燙紅蘿蔔塊2cm | C53: 118.5285 | D53: =C53/$L$5 -> 0.052326529
A54: ※炊飯類不納入半成品廢棄計算
A56: ※淺黃色為工廠自填項目

Sheet 0909分析標準表
A1: 大溪廠半成品管理分析
A2: 日期 | C2: 營業額 | D2: 報廢展開 | F2: 超用展開 | H2: 報廢展開 | J2: 超用展開 | L2: 報廢展開
A3: 45909 | C3: 7852972.2 | D3: 總報廢 | F3: 總超用 | H3: 報廢-前10名 | J3: 超用-前10名 | L3: 共用類-總報廢
D4: 金額 | E4: 占比(營業額) | F4: 金額 | G4: 占比(營業額) | H4: 金額 | I4: 占比(總報廢) | J4: 金額 | K4: 占比(總超用) | L4: 金額 | M4: 占比(總報廢)
A5: 年度KPI目標0.25% | D5: 18989.068 | E5: =D5/C3 -> 0.002418074 | F5: 56792.052 | G5: =F5/C3 -> 0.0072319181 | H5: =SUM(C12:C21) -> 6211.8668 | I5: =H5/D5 -> 0.32712858 | J5: =SUM(C28:C37) -> 13180.342 | K5: =J5/F5 -> 0.23208074 | L5: 3586.7374 | M5: =L5/D5 -> 0.18888433
A7: 報廢金額前十名半成品
A8: 明細展開 | D8: 生產資訊 | O8: 類別 | P8: 分析原因 (請填寫8大原因) | Q8: 其他原因說明 | R8: 備註-商品名稱
A9: 排序 | B9: 半成品 | D9: 生產端 | J9: 組合端
B10: 名稱 | C10: 報廢金額 排序 | D10: 產出量 | J10: 報廢 | L10: 超用
D11: 訂單需求 (kg) | E11: 實際產出 (kg) | F11: 補單 (kg) | G11: 單價 (元) | H11: 實際生產 (對比訂單需求) | I11: 差異 (元) | J11: kg | K11: 占比 | L11: kg | M11: 占比 | N11: 金額 (元)
A12: 1 | B12: 烤銀鮭魚肚 | C12: 1236 | D12: 4583 | E12: 4663 | F12: 0 | G12: 15.45 | H12: =(E12+F12)/D12 -> 1.0174558 | I12: 1236 | J12: 80 | K12: =J12/D12 -> 0.017455815 | L12: =((E12+F12)-D12)-J12 -> 0 | M12: =L12/D12 -> 0 | N12: =L12*G12 -> 0 | O12: 調理端 | P12: 研發設定 | Q12: 研發設定，小片的規格不符合指示書設定重量 | R12: 一配贅沢鮭魚肚飯糰
A13: 2 | B13: 熟化去皮馬鈴薯滾刀17-23g | C13: 1139.52 | D13: 147.52 | E13: 159.39 | F13: 0 | G13: 96 | H13: =(E13+F13)/D13 -> 1.0804637 | I13: 1139.52 | J13: 11.87 | K13: =J13/D13 -> 0.080463666 | L13: =((E13+F13)-D13)-J13 -> 0 | M13: =L13/D13 -> 0 | N13: =L13*G13 -> 0 | O13: 調理端 | P13: 原物料規格 | R13: 嫩烤香料雞胸排蔬滿盒
A14: 3 | B14: 煮義式洋蔥(113年) | C14: 736.969 | D14: 90.26 | E14: 96.16 | F14: 0 | G14: 124.91 | H14: =(E14+F14)/D14 -> 1.0653667 | I14: 736.969 | J14: 5.9 | K14: =J14/D14 -> 0.065366718 | L14: =((E14+F14)-D14)-J14 -> 0 | M14: =L14/D14 -> 0 | N14: =L14*G14 -> 0 | O14: 調理端 | P14: 展開量105% | R14: 大口義式香草雞腿排飯糰
A15: 4 | B15: (V)川燙小青花菜 | C15: 654.5892 | D15: 773.85 | E15: 783.43 | F15: 5.8 | G15: 147.43 | H15: =(E15+F15)/D15 -> 1.0198747 | I15: 2267.4734 | J15: 4.44 | K15: =J15/D15 -> 0.005737546 | L15: =((E15+F15)-D15)-J15 -> 10.94 | M15: =L15/D15 -> 0.014137107 | N15: =L15*G15 -> 1612.8842 | O15: 調理端 | P15: 原物料規格 | Q15: 大顆比例高 | R15: 共用類
A16: 5 | B16: 消毒細切紅蘿蔔絲 | C16: 515.376 | D16: 263.61 | E16: 260.21 | F16: 8.8 | G16: 95.44 | H16: =(E16+F16)/D16 -> 1.0204848 | I16: 515.376 | J16: 5.4 | K16: =J16/D16 -> 0.020484807 | L16: =((E16+F16)-D16)-J16 -> 3.375078e-14 | M16: =L16/D16 -> 1.28033e-16 | N16: =L16*G16 -> 3.2211744e-12 | O16: 調理端 | P16: 取樣不穩 | R16: 共用類
A17: 6 | B17: 洋蔥壹號醬 | C17: 459.57 | D17: 51.24 | E17: 55.81 | F17: 0 | G17: 153.19 | H17: =(E17+F17)/D17 -> 1.0891881 | I17: 700.0783 | J17: 3 | K17: =J17/D17 -> 0.058548009 | L17: =((E17+F17)-D17)-J17 -> 1.57 | M17: =L17/D17 -> 0.030640125 | N17: =L17*G17 -> 240.5083 | O17: 調理端 | P17: 展開量105% | R17: 壹號醬炙烤牛飯糰
A18: 7 | B18: 蘑菇湯凍 | C18: 429.7922 | D18: 312 | E18: 313.19 | F18: 16 | G18: 108.26 | H18: =(E18+F18)/D18 -> 1.0550962 | I18: 1860.9894 | J18: 3.97 | K18: =J18/D18 -> 0.012724359 | L18: =((E18+F18)-D18)-J18 -> 13.22 | M18: =L18/D18 -> 0.042371795 | N18: =L18*G18 -> 1431.1972 | O18: 調理端 | P18: 展開量105% | R18: 二配鐵板蘑菇肉醬起司焗飯
A19: 8 | B19: 歐姆蛋-黑咖哩醬 | C19: 365.0376 | D19: 330.26 | E19: 327.38 | F19: 8.4 | G19: 66.13 | H19: =(E19+F19)/D19 -> 1.0167141 | I19: 365.0376 | J19: 5.52 | K19: =J19/D19 -> 0.016714104 | L19: =((E19+F19)-D19)-J19 -> -1.7763568e-14 | M19: =L19/D19 -> -5.3786618e-17 | N19: =L19*G19 -> -1.1747048e-12 | O19: 調理端 | P19: 取樣不穩 | R19: 二配里肌豬排可可咖哩歐姆蛋飯
A20: 9 | B20: 斜切-蒸松露巧達脆腸 | C20: 338.52 | D20: 5908 | E20: 5870 | F20: 100 | G20: 5.46 | H20: =(E20+F20)/D20 -> 1.0104942 | I20: 338.52 | J20: 62 | K20: =J20/D20 -> 0.010494245 | L20: =((E20+F20)-D20)-J20 -> 0 | M20: =L20/D20 -> 0 | N20: =L20*G20 -> 0 | O20: 調理端 | P20: 製程不穩 | Q20: 人員操作疏失（切割誤差） | R20: 二配乳酪燻腸紅醬焗飯
A21: 10 | B21: 奶香起司醬 | C21: 336.4928 | D21: 37.74 | E21: 40.06 | F21: 0 | G21: 145.04 | H21: =(E21+F21)/D21 -> 1.0614732 | I21: 336.4928 | J21: 2.32 | K21: =J21/D21 -> 0.061473238 | L21: =((E21+F21)-D21)-J21 -> 0 | M21: =L21/D21 -> 0 | N21: =L21*G21 -> 0 | O21: 調理端 | P21: 展開量105% | R21: 二配里肌豬排可可咖哩歐姆蛋飯
A23: 超用金額前十名半成品
A24: 明細展開 | D24: 生產資訊 | O24: 類別 | P24: 分析原因 (請填寫8大原因) | Q24: 其他原因說明 | R24: 備註-商品名稱
A25: 排序 | B25: 半成品 | D25: 生產端 | J25: 組合端
B26: 名稱 | C26: 超用金額 排序 | D26: 產出量 | J26: 報廢 | M26: 超用
D27: 訂單需求 (kg) | E27: 實際產出 (kg) | F27: 補單 (kg) | G27: 單價 (元) | H27: 實際生產 (對比訂單需求) | I27: 差異 (元) | J27: kg | K27: 占比 | L27: 金額 (元) | M27: kg | N27: 占比
A28: 1 | B28: 拌燒肉片 | C28: 2098.6602 | D28: 31.36 | E28: 31.54 | F28: 5.6 | G28: 363.09 | H28: =(E28+F28)/D28 -> 1.1843112 | I28: 2098.6602 | J28: 0 | K28: =J28/D28 -> 0 | L28: =J28*G28 -> 0 | M28: =((E28+F28)-D28)-J28 -> 5.78 | N28: =M28/D28 -> 0.18431122 | O28: 組合室 | P28: 取樣不穩 | R28: 大口蒜味香腸燒肉雙拼飯糰
A29: 2 | B29: 分切炙燒炭火燒肉片(主食) | C29: 1666.744 | D29: 63.46 | E29: 64.21 | F29: 1.9 | G29: 628.96 | H29: =(E29+F29)/D29 -> 1.0417586 | I29: 1666.744 | J29: 0 | K29: =J29/D29 -> 0 | L29: =J29*G29 -> 0 | M29: =((E29+F29)-D29)-J29 -> 2.65 | N29: =M29/D29 -> 0.041758588 | O29: 組合室 | P29: 取樣不穩 | R29: 蒜蒜燒豚飯
A30: 3 | B30: (V)川燙小青花菜 | C30: 1612.8842 | D30: 773.85 | E30: 783.43 | F30: 5.8 | G30: 147.43 | H30: =(E30+F30)/D30 -> 1.0198747 | I30: 2267.4734 | J30: 4.44 | K30: =J30/D30 -> 0.005737546 | L30: =J30*G30 -> 654.5892 | M30: =((E30+F30)-D30)-J30 -> 10.94 | N30: =M30/D30 -> 0.014137107 | O30: 組合室 | P30: 原物料規格 | Q30: 大顆比例高 | R30: 共用類
A31: 4 | B31: 切-鹽烤熟成牛肉 | C31: 1503.2848 | D31: 24.54 | E31: 24.81 | F31: 2 | G31: 662.24 | H31: =(E31+F31)/D31 -> 1.092502 | I31: 1503.2848 | J31: 0 | K31: =J31/D31 -> 0 | L31: =J31*G31 -> 0 | M31: =((E31+F31)-D31)-J31 -> 2.27 | N31: =M31/D31 -> 0.092502037 | O31: 組合室 | P31: 取樣不穩 | R31: 鰻牛雙饗匠食盒
A32: 5 | B32: 煮中華冷麵(110年) | C32: 1457.0361 | D32: 4247.91 | E32: 4226.7 | F32: 58.2 | G32: 39.39 | H32: =(E32+F32)/D32 -> 1.0087078 | I32: 1457.0361 | J32: 0 | K32: =J32/D32 -> 0 | L32: =J32*G32 -> 0 | M32: =((E32+F32)-D32)-J32 -> 36.99 | N32: =M32/D32 -> 0.0087078116 | O32: 組合室 | P32: 研發設定 | Q32: 雙圈秤重範圍 | R32: 共用類
A33: 6 | B33: 蘑菇湯凍 | C33: 1431.1972 | D33: 312 | E33: 313.19 | F33: 16 | G33: 108.26 | H33: =(E33+F33)/D33 -> 1.0550962 | I33: 1860.9894 | J33: 3.97 | K33: =J33/D33 -> 0.012724359 | L33: =J33*G33 -> 429.7922 | M33: =((E33+F33)-D33)-J33 -> 13.22 | N33: =M33/D33 -> 0.042371795 | O33: 組合室 | P33: 取樣不穩 | R33: 二配鐵板蘑菇肉醬起司焗飯
A34: 7 | B34: 切-烤牛五花(112年) | C34: 957.1324 | D34: 202.87 | E34: 201.44 | F34: 3.01 | G34: 605.78 | H34: =(E34+F34)/D34 -> 1.0077882 | I34: 957.1324 | J34: 0 | K34: =J34/D34 -> 0 | L34: =J34*G34 -> 0 | M34: =((E34+F34)-D34)-J34 -> 1.58 | N34: =M34/D34 -> 0.0077882388 | O34: 組合室 | P34: 研發設定 | Q34: 雙圈秤重範圍 | R34: 糖燻野郎三十天熟成牛飯
A35: 8 | B35: 烤BBQ雞丁(112年) | C35: 951.418 | D35: 110.5 | E35: 110.23 | F35: 2.87 | G35: 365.93 | H35: =(E35+F35)/D35 -> 1.0235294 | I35: 951.418 | J35: 0 | K35: =J35/D35 -> 0 | L35: =J35*G35 -> 0 | M35: =((E35+F35)-D35)-J35 -> 2.6 | N35: =M35/D35 -> 0.023529412 | O35: 組合室 | P35: 取樣不穩 | R35: 美式雞丁餐盒(113年)
A36: 9 | B36: 越式湯凍(114年) | C36: 759.69 | D36: 551.82 | E36: 527.64 | F36: 47.18 | G36: 33.03 | H36: =(E36+F36)/D36 -> 1.0416803 | I36: 759.69 | J36: 0 | K36: =J36/D36 -> 0 | L36: =J36*G36 -> 0 | M36: =((E36+F36)-D36)-J36 -> 23 | N36: =M36/D36 -> 0.041680258 | O36: 組合室 | P36: 取樣不穩 | R36: 越式牛肉寬粉
A37: 10 | B37: 蒸蛤蜊-肉(VN151) | C37: 742.2948 | D37: 27.24 | E37: 27.45 | F37: 1.32 | G37: 485.16 | H37: =(E37+F37)/D37 -> 1.0561674 | I37: 742.2948 | J37: 0 | K37: =J37/D37 -> 0 | L37: =J37*G37 -> 0 | M37: =((E37+F37)-D37)-J37 -> 1.53 | N37: =M37/D37 -> 0.056167401 | O37: 組合室 | P37: 取樣不穩 | R37: 二配哞哞培根奶香海陸焗飯
A39: 共用類報廢金額前十名半成品
A40: 明細展開
A41: 排序 | B41: 半成品
B42: 名稱 | C42: 報廢金額 排序 | D42: 共用類總金額 占比
A44: 1 | B44: (V)川燙小青花菜 | C44: 654.5892 | D44: =C44/$L$5 -> 0.18250268
A45: 2 | B45: 消毒細切紅蘿蔔絲 | C45: 515.376 | D45: =C45/$L$5 -> 0.14368936
A46: 3 | B46: 歐姆蛋(110年) | C46: 323.8245 | D46: =C46/$L$5 -> 0.090283861
A47: 4 | B47: 川燙紅蘿蔔塊2cm | C47: 230.1747 | D47: =C47/$L$5 -> 0.064173837
A48: 5 | B48: 60切-烤豆腐蛋白丁 | C48: 215.6 | D48: =C48/$L$5 -> 0.060110339
A49: 6 | B49: 烤12切家常豆腐 | C49: 210.6 | D49: =C49/$L$5 -> 0.058716314
A50: 7 | B50: (V)消毒小黃瓜絲 | C50: 188.24 | D50: =C50/$L$5 -> 0.052482236
A51: 8 | B51: 消毒青蔥絲 | C51: 178.8912 | D51: =C51/$L$5 -> 0.049875745
A52: 9 | B52: 蒜炒紅k高麗菜(111年) | C52: 172.584 | D52: =C52/$L$5 -> 0.048117267
A53: 10 | B53: 鮮食雙色起司絲 | C53: 172 | D53: =C53/$L$5 -> 0.047954445
A54: ※炊飯類不納入半成品廢棄計算
A56: ※淺黃色為工廠自填項目

Sheet 0908分析標準表
A1: 大溪廠半成品管理分析
A2: 日期 | C2: 營業額 | D2: 報廢展開 | F2: 超用展開 | H2: 報廢展開 | J2: 超用展開 | L2: 報廢展開
A3: 45908 | C3: 7945762.3 | D3: 總報廢 | F3: 總超用 | H3: 報廢-前10名 | J3: 超用-前10名 | L3: 共用類-總報廢
D4: 金額 | E4: 占比(營業額) | F4: 金額 | G4: 占比(營業額) | H4: 金額 | I4: 占比(總報廢) | J4: 金額 | K4: 占比(總超用) | L4: 金額 | M4: 占比(總報廢)
A5: 年度KPI目標0.25% | D5: 19226.28 | E5: =D5/C3 -> 0.0024196898 | F5: 57407.437 | G5: =F5/C3 -> 0.0072249125 | H5: =SUM(C12:C21) -> 3542.9086 | I5: =H5/D5 -> 0.18427427 | J5: =SUM(C28:C37) -> 15998.35 | K5: =J5/F5 -> 0.27868078 | L5: 2450.7745 | M5: =L5/D5 -> 0.12747003
A7: 報廢金額前十名半成品
A8: 明細展開 | D8: 生產資訊 | O8: 類別 | P8: 分析原因 (請填寫8大原因) | Q8: 其他原因說明 | R8: 備註-商品名稱
A9: 排序 | B9: 半成品 | D9: 生產端 | J9: 組合端
B10: 名稱 | C10: 報廢金額 排序 | D10: 產出量 | J10: 報廢 | L10: 超用
D11: 訂單需求 (kg) | E11: 實際產出 (kg) | F11: 補單 (kg) | G11: 單價 (元) | H11: 實際生產 (對比訂單需求) | I11: 差異 (元) | J11: kg | K11: 占比 | L11: kg | M11: 占比 | N11: 金額 (元)
A12: 1 | B12: 烤銀鮭魚肚 | C12: 772.5 | D12: 4554 | E12: 4604 | F12: 0 | G12: 15.45 | H12: =(E12+F12)/D12 -> 1.0109794 | I12: 772.5 | J12: 50 | K12: =J12/D12 -> 0.010979359 | L12: =((E12+F12)-D12)-J12 -> 0 | M12: =L12/D12 -> 0 | N12: =L12*G12 -> 0 | O12: 調理端 | P12: 研發設定 | Q12: 研發設定，小片的規格不符合指示書設定重量 | R12: 一配贅沢鮭魚肚飯糰
A13: 2 | B13: 斜切-蒸松露巧達脆腸 | C13: 371.28 | D13: 5456 | E13: 5424 | F13: 100 | G13: 5.46 | H13: =(E13+F13)/D13 -> 1.0124633 | I13: 371.28 | J13: 68 | K13: =J13/D13 -> 0.012463343 | L13: =((E13+F13)-D13)-J13 -> 0 | M13: =L13/D13 -> 0 | N13: =L13*G13 -> 0 | O13: 調理端 | P13: 製程不穩 | Q13: 人員操作疏失（切割誤差） | R13: 二配乳酪燻腸紅醬焗飯
A14: 3 | B14: 薑炒筍尾 | C14: 361.7905 | D14: 57.59 | E14: 60.43 | F14: 0 | G14: 183.65 | H14: =(E14+F14)/D14 -> 1.0493141 | I14: 521.566 | J14: 1.97 | K14: =J14/D14 -> 0.034207328 | L14: =((E14+F14)-D14)-J14 -> 0.87 | M14: =L14/D14 -> 0.015106789 | N14: =L14*G14 -> 159.7755 | O14: 調理端 | P14: 取樣不穩 | R14: 經典滷肉飯
A15: 4 | B15: 蒸鰻魚片(主食用) | C15: 353.94 | D15: 4074 | E15: 4018 | F15: 90 | G15: 10.41 | H15: =(E15+F15)/D15 -> 1.0083456 | I15: 353.94 | J15: 34 | K15: =J15/D15 -> 0.0083456063 | L15: =((E15+F15)-D15)-J15 -> 0 | M15: =L15/D15 -> 0 | N15: =L15*G15 -> 0 | O15: 調理端 | P15: 製程不穩 | R15: 鰻牛雙饗匠食盒
A16: 5 | B16: 洋蔥壹號醬 | C16: 321.699 | D16: 52.83 | E16: 56.09 | F16: 0 | G16: 153.19 | H16: =(E16+F16)/D16 -> 1.0617074 | I16: 499.3994 | J16: 2.1 | K16: =J16/D16 -> 0.039750142 | L16: =((E16+F16)-D16)-J16 -> 1.16 | M16: =L16/D16 -> 0.021957221 | N16: =L16*G16 -> 177.7004 | O16: 調理端 | P16: 展開量105% | R16: 壹號醬炙烤牛飯糰
A17: 6 | B17: 烤帶皮南瓜丁(114.6) | C17: 312.84 | D17: 34.11 | E17: 35.7 | F17: 0 | G17: 208.56 | H17: =(E17+F17)/D17 -> 1.0466139 | I17: 331.6104 | J17: 1.5 | K17: =J17/D17 -> 0.043975374 | L17: =((E17+F17)-D17)-J17 -> 0.09 | M17: =L17/D17 -> 0.0026385224 | N17: =L17*G17 -> 18.7704 | O17: 調理端 | P17: 取樣不穩 | R17: 金沙豆腐細扁麵
A18: 7 | B18: (V)川燙小青花菜 | C18: 265.374 | D18: 782.16 | E18: 780.83 | F18: 24.2 | G18: 147.43 | H18: =(E18+F18)/D18 -> 1.0292395 | I18: 3371.7241 | J18: 1.8 | K18: =J18/D18 -> 0.0023013194 | L18: =((E18+F18)-D18)-J18 -> 21.07 | M18: =L18/D18 -> 0.026938222 | N18: =L18*G18 -> 3106.3501 | O18: 調理端 | P18: 原物料規格 | Q18: 大顆比例高 | R18: 共用類
A19: 8 | B19: 自製鹽蔥(114年) | C19: 262.2153 | D19: 23.18 | E19: 24.29 | F19: 0 | G19: 236.23 | H19: =(E19+F19)/D19 -> 1.0478861 | I19: 262.2153 | J19: 1.11 | K19: =J19/D19 -> 0.047886109 | L19: =((E19+F19)-D19)-J19 -> 0 | M19: =L19/D19 -> 0 | N19: =L19*G19 -> 0 | O19: 調理端 | P19: 取樣不穩 | R19: 壹號醬雞豚雙拼
A20: 9 | B20: 113年川燙綠豆芽 | C20: 261.504 | D20: 65.97 | E20: 65.78 | F20: 5.32 | G20: 108.96 | H20: =(E20+F20)/D20 -> 1.0777626 | I20: 558.9648 | J20: 2.4 | K20: =J20/D20 -> 0.036380173 | L20: =((E20+F20)-D20)-J20 -> 2.73 | M20: =L20/D20 -> 0.041382447 | N20: =L20*G20 -> 297.4608 | O20: 調理端 | P20: 展開量105% | R20: 越式牛肉寬粉
