Workbook

Sheet 生產管理報表(月)
A1: 大溪廠生產管理報表
A3: 月別 | B3: 9 | C3: 工廠 | D3: 大溪廠
A4: （１）收支狀況 | E4: ※單位：千元 | G4: （２）ＫＰＩ達成進度
A5: 項目 | B5: 當月 | C5: 前月 | D5: 差異 | E5: 累計 | G5: 項目 | H5: KPI | I5: 當月 | J5: 前月 | K5: 累計 | L5: ※補充
A6: 業績金額 | B6: ='（１）收支狀況'!H36/1000 -> 108773.28 | C6: 225660.05 | D6: =B6-C6 -> -116886.77 | G6: 人時性(個/月均) | H6: 497.6 | I6: ='（２）ＫＰＩ達成進度'!H36 -> 399.95592 | J6: 413.83356 | L6: 個／MH
A7: 訂單數量 | B7: ='（１）收支狀況'!K36 -> 3584635 | C7: 7168725 | D7: =B7-C7 -> -3584090 | G7: 人時達成率(%/月均) | H7: 0.8 | I7: ='（２）ＫＰＩ達成進度'!K36 -> 0.80376993 | J7: 0.83165909 | L7: 達成率
A8: 材料費 | B8: ='（１）收支狀況'!N36/1000 -> 72618.555 | C8: 156124.67 | D8: =B8-C8 -> -83506.112 | G8: 半成品-報廢(%) | H8: 0.0025 | I8: ='（２）ＫＰＩ達成進度'!N36 -> 0.0024160534 | J8: 0.0024177654 | L8: 報廢率
A9: 材料費率 | B9: ='（１）收支狀況'!Q36 -> 0.66761391 | C9: 0.69185781 | D9: =B9-C9 -> -0.024243905 | G9: 半成品-超用(%) | H9: 0.004 | I9: ='（２）ＫＰＩ達成進度'!Q36 -> 0.0072338179 | J9: 0.0081428095 | L9: 超用率
A10: 勞務成本 | B10: ='（１）收支狀況'!T36/1000 -> 14807.125 | C10: 31193.59 | D10: =B10-C10 -> -16386.466 | G10: 固定產線-導入率(%) | H10: 0.8 | I10: ='（２）ＫＰＩ達成進度'!T36 -> 0.9 | J10: 0.9 | L10: 導入率
A11: 勞務費率 | B11: ='（１）收支狀況'!W36 -> 0.13612833 | C11: 0.13823267 | D11: =B11-C11 -> -0.0021043409 | G11: 教育訓練-實施率(%) | H11: 1 | I11: ='（２）ＫＰＩ達成進度'!W36 -> 0.43066667 | J11: 0.75038462 | L11: 實施率
A13: （３）業績構成比 | E13: ※單位：千元 | G13: （４）訂單數量構成比 | K13: ※單位：個
B14: 當月 | C14: 比例 | D14: 前月 | E14: 差異 | H14: 當月 | I14: 比例 | J14: 前月 | K14: 差異
A15: 18℃-飯糰(061,063) | B15: =SUM('（３）業績構成比'!M38:M67)/1000 -> 34546.491 | C15: =IFERROR(B15/$B$6,"") -> 0.31760089 | D15: 0.25352922 | E15: =IFERROR(C15-D15,"") -> 0.064071668 | G15: 18℃-飯糰(061,063) | H15: =SUM('（４）訂單數量構成比'!M38:M67) -> 1791396 | I15: =IFERROR(H15/$B$7,"") -> 0.49974293 | J15: 0.43223837 | K15: =IFERROR(I15-J15,"") -> 0.067504562
A16: 18℃-壽司手卷(071,072,075,076) | B16: =SUM('（３）業績構成比'!S38:S67)/1000 -> 6847.6996 | C16: =IFERROR(B16/$B$6,"") -> 0.062953876 | D16: 0.0653469 | E16: =IFERROR(C16-D16,"") -> -0.002393024 | G16: 18℃-壽司手卷(071,072,075,076) | H16: =SUM('（４）訂單數量構成比'!S38:S67) -> 262016 | I16: =IFERROR(H16/$B$7,"") -> 0.073094192 | J16: 0.079993583 | K16: =IFERROR(I16-J16,"") -> -0.0068993909
A17: 4℃-飯糰(065) | B17: =SUM('（３）業績構成比'!U38:U67)/1000 -> 9402.287 | C17: =IFERROR(B17/$B$6,"") -> 0.086439308 | D17: 0.089846437 | E17: =IFERROR(C17-D17,"") -> -0.0034071294 | G17: 4℃-飯糰(065) | H17: =SUM('（４）訂單數量構成比'!U38:U67) -> 291358 | I17: =IFERROR(H17/$B$7,"") -> 0.081279684 | J17: 0.089895484 | K17: =IFERROR(I17-J17,"") -> -0.0086157995
A18: 4℃-壽司手卷(077) | B18: =SUM('（３）業績構成比'!W38:W67)/1000 -> 1223.036 | C18: =IFERROR(B18/$B$6,"") -> 0.011243901 | D18: 0.016167533 | E18: =IFERROR(C18-D18,"") -> -0.0049236312 | G18: 4℃-壽司手卷(077) | H18: =SUM('（４）訂單數量構成比'!W38:W67) -> 41471 | I18: =IFERROR(H18/$B$7,"") -> 0.0115691 | J18: 0.017204733 | K18: =IFERROR(I18-J18,"") -> -0.0056356333
A19: 主食(091,092,093,094,095) | B19: =SUM('（３）業績構成比'!AC38:AC67)/1000 -> 18719.299 | C19: =IFERROR(B19/$B$6,"") -> 0.17209465 | D19: 0.17176909 | E19: =IFERROR(C19-D19,"") -> 0.00032556004 | G19: 主食(091,092,093,094,095) | H19: =SUM('（４）訂單數量構成比'!AC38:AC67) -> 349225 | I19: =IFERROR(H19/$B$7,"") -> 0.09742275 | J19: 0.10051188 | K19: =IFERROR(I19-J19,"") -> -0.0030891261
A20: 便當(083) | B20: =SUM('（３）業績構成比'!AE38:AE67)/1000 -> 17643.433 | C20: =IFERROR(B20/$B$6,"") -> 0.16220374 | D20: 0.18961737 | E20: =IFERROR(C20-D20,"") -> -0.027413624 | G20: 便當(083) | H20: =SUM('（４）訂單數量構成比'!AE38:AE67) -> 285753 | I20: =IFERROR(H20/$B$7,"") -> 0.079716066 | J20: 0.095108405 | K20: =IFERROR(I20-J20,"") -> -0.015392339
A21: 熱食義麵(122,123,124,126) | B21: =SUM('（３）業績構成比'!AG38:AG67)/1000 -> 1400.1285 | C21: =IFERROR(B21/$B$6,"") -> 0.012871989 | D21: 0.016374118 | E21: =IFERROR(C21-D21,"") -> -0.0035021292 | G21: 熱食義麵(122,123,124,126) | H21: =SUM('（４）訂單數量構成比'!AG38:AG67) -> 28274 | I21: =IFERROR(H21/$B$7,"") -> 0.0078875534 | J21: 0.010408545 | K21: =IFERROR(I21-J21,"") -> -0.002520992
A22: 季節調理麵(111,112) | B22: =SUM('（３）業績構成比'!AI38:AI67)/1000 -> 16403.422 | C22: =IFERROR(B22/$B$6,"") -> 0.15080378 | D22: 0.17141258 | E22: =IFERROR(C22-D22,"") -> -0.020608806 | G22: 季節調理麵(111,112) | H22: =SUM('（４）訂單數量構成比'!AI38:AI67) -> 455413 | I22: =IFERROR(H22/$B$7,"") -> 0.12704585 | J22: 0.15034305 | K22: =IFERROR(I22-J22,"") -> -0.023297203
A23: 微波小吃(153,154,155) | B23: =SUM('（３）業績構成比'!AK38:AK67)/1000 -> 2587.4841 | C23: =IFERROR(B23/$B$6,"") -> 0.023787865 | D23: 0.02593675 | E23: =IFERROR(C23-D23,"") -> -0.0021488846 | G23: 微波小吃(153,154,155) | H23: =SUM('（４）訂單數量構成比'!AK38:AK67) -> 79729 | I23: =IFERROR(H23/$B$7,"") -> 0.022241874 | J23: 0.024295952 | K23: =IFERROR(I23-J23,"") -> -0.0020540782
C24: =SUM(C15:C23) -> 1 | D24: =SUM(D15:D23) -> 1 | I24: =SUM(I15:I23) -> 1 | J24: =SUM(J15:J23) -> 1
A26: （５）品群別人時生產性
A27: 品群 | B27: 當月 | C27: 前月 | D27: 差異 | E27: 累計
A28: 18℃-飯A15:A23糰(061,063) | B28: ='（５-1）品群別人時生產性(18℃-飯糰)'!C1 -> 754.38251 | C28: 740.12217 | D28: 0
A29: 18℃-壽司手卷(071,072,075,076) | B29: ='（５-2）品群別人時生產性(18℃-壽司手卷)'!C1 -> 248.36619 | C29: 252.7812 | D29: 0
A30: 4℃-飯糰(065) | B30: ='（５-3）品群別人時生產性(4℃-飯糰)'!C1 -> 265.30197 | C30: 256.34305 | D30: 0
A31: 4℃-壽司手卷(077) | B31: ='（５-4）品群別人時生產性(4℃-壽司手卷)'!C1 -> 417.43952 | C31: 332.30282 | D31: 0
A32: 主食(091,092,093,094,095) | B32: ='（５-5）品群別人時生產性(微波主食) '!C1 -> 75.989407 | C32: 73.167141 | D32: 0
A33: 便當(083) | B33: ='（５-6）品群別人時生產性(便當)'!C1 -> 72.024708 | C33: 75.579281 | D33: 0
A34: 熱食義麵(122,123,124,126) | B34: ='（５-7）品群別人時生產性(熱食義麵) '!C1 -> 71.775097 | C34: 71.272091 | D34: 0
A35: 季節調理麵(111,112) | B35: ='（５-8）品群別人時生產性(季節調理麵) '!C1 -> 153.39354 | C35: 146.00815 | D35: 0
A36: 微波小吃(153,154,155) | B36: ='（５-9）品群別人時生產性(微波小吃)'!C1 -> 75.420247 | C36: 74.10752 | D36: 0

Sheet 生產管理報表(週) 
A1: 大溪廠生產管理報表
A3: 月別 | B3: 9 | C3: 週別 | D3: W2 | E3: 工廠 | F3: 大溪廠
A4: （１）收支狀況 | E4: ※單位：千元 | G4: （２）ＫＰＩ達成進度
A5: 項目 | B5: 當週 | C5: 前週 | D5: 差異 | E5: 累計 | G5: 項目 | H5: KPI | I5: 當週 | J5: 前週 | K5: 累計 | L5: ※補充
A6: 業績金額 | B6: ='（１）收支狀況'!G44/1000 -> 50242.376 | C6: 50724.262 | D6: =B6-C6 -> -481.88624 | E6: ='（１）收支狀況'!H5:H5/1000 -> 225660.05 | G6: 人時性(個/月均) | I6: ='（２）ＫＰＩ達成進度'!G44 -> 405.13281 | J6: 393.30515 | K6: ='（２）ＫＰＩ達成進度'!H5 -> 413.83356 | L6: 個／MH
A7: 訂單數量 | B7: ='（１）收支狀況'!J44 -> 1658017 | C7: 1673814 | D7: =B7-C7 -> -15797 | E7: ='（１）收支狀況'!K5:K5 -> 7168725 | G7: 人時達成率(%/月均) | H7: 0.8 | I7: ='（２）ＫＰＩ達成進度'!J44 -> 0.81417365 | J7: 0.79040424 | K7: ='（２）ＫＰＩ達成進度'!K5 -> 0.83165909 | L7: 達成率
A8: 材料費 | B8: ='（１）收支狀況'!M44/1000 -> 33439.915 | C8: 33748.28 | D8: =B8-C8 -> -308.36491 | E8: ='（１）收支狀況'!N5:N5/1000 -> 156124.67 | G8: 半成品-報廢(%) | H8: 0.0025 | I8: ='（２）ＫＰＩ達成進度'!M44 -> 0.0024153093 | J8: 0.002416257 | K8: ='（２）ＫＰＩ達成進度'!N5 -> 0.0024177654 | L8: 報廢率
A9: 材料費率 | B9: ='（１）收支狀況'!P44 -> 0.66557193 | C9: 0.66532816 | D9: =B9-C9 -> 0.00024376986 | E9: ='（１）收支狀況'!Q5 -> 0.69185781 | G9: 半成品-超用(%) | H9: 0.004 | I9: ='（２）ＫＰＩ達成進度'!P44 -> 0.0071487457 | J9: 0.0072948303 | K9: ='（２）ＫＰＩ達成進度'!Q5 -> 0.0081428095 | L9: 超用率
A10: 勞務成本 | B10: ='（１）收支狀況'!S44/1000 -> 6824.3662 | C10: 7050.3069 | D10: =B10-C10 -> -225.94063 | E10: ='（１）收支狀況'!T5/1000 -> 31193.59 | G10: 固定產線-導入率(%) | H10: 0.8 | I10: ='（２）ＫＰＩ達成進度'!S44 -> 0.9 | J10: 0.9 | K10: ='（２）ＫＰＩ達成進度'!T5 -> 0.9 | L10: 導入率
A11: 勞務費率 | B11: ='（１）收支狀況'!V44 -> 0.13582889 | C11: 0.13899279 | D11: =B11-C11 -> -0.0031639012 | E11: ='（１）收支狀況'!W5 -> 0.13823267 | G11: 教育訓練-實施率(%) | H11: 1 | I11: =37/52*100% -> 0.71153846 | J11: 0.69230769 | K11: ='（２）ＫＰＩ達成進度'!W5 -> 0.75038462 | L11: 實施率
A13: （３）業績構成比 | E13: ※單位：千元 | G13: （４）訂單數量構成比 | K13: ※單位：個
B14: 當週 | C14: 比例 | D14: 前週 | E14: 差異 | H14: 當週 | I14: 比例 | J14: 前週 | K14: 差異
A15: 18℃-飯糰(061,063) | B15: =SUM('（３）業績構成比'!M46:M52)/1000 -> 16438.872 | C15: =IFERROR(B15/$B$6,"") -> 0.32719138 | D15: 0.31610845 | E15: =IFERROR(C15-D15,"") -> 0.011082922 | G15: 18℃-飯糰(061,063) | H15: =SUM('（４）訂單數量構成比'!M46:M52) -> 845264 | I15: =IFERROR(H15/$B$7,"") -> 0.50980418 | J15: 0.49716396 | K15: =IFERROR(I15-J15,"") -> 0.01264022
A16: 18℃-壽司手卷(071,072,075,076) | B16: =SUM('（３）業績構成比'!S46:S52)/1000 -> 3053.241 | C16: =IFERROR(B16/$B$6,"") -> 0.060770235 | D16: 0.06419875 | E16: =IFERROR(C16-D16,"") -> -0.0034285147 | G16: 18℃-壽司手卷(071,072,075,076) | H16: =SUM('（４）訂單數量構成比'!S46:S52) -> 116601 | I16: =IFERROR(H16/$B$7,"") -> 0.070325576 | J16: 0.07447064 | K16: =IFERROR(I16-J16,"") -> -0.0041450644
A17: 4℃-飯糰(065) | B17: =SUM('（３）業績構成比'!U46:U52)/1000 -> 4387.8016 | C17: =IFERROR(B17/$B$6,"") -> 0.087332685 | D17: 0.085014626 | E17: =IFERROR(C17-D17,"") -> 0.0023180595 | G17: 4℃-飯糰(065) | H17: =SUM('（４）訂單數量構成比'!U46:U52) -> 135914 | I17: =IFERROR(H17/$B$7,"") -> 0.081973828 | J17: 0.079887013 | K17: =IFERROR(I17-J17,"") -> 0.0020868152
A18: 4℃-壽司手卷(077) | B18: =SUM('（３）業績構成比'!W46:W52)/1000 -> 553.25382 | C18: =IFERROR(B18/$B$6,"") -> 0.011011697 | D18: 0.011446221 | E18: =IFERROR(C18-D18,"") -> -0.00043452411 | G18: 4℃-壽司手卷(077) | H18: =SUM('（４）訂單數量構成比'!W46:W52) -> 18780 | I18: =IFERROR(H18/$B$7,"") -> 0.011326784 | J18: 0.011754592 | K18: =IFERROR(I18-J18,"") -> -0.00042780787
A19: 主食(091,092,093,094,095) | B19: =SUM('（３）業績構成比'!AC46:AC52)/1000 -> 8354.7 | C19: =IFERROR(B19/$B$6,"") -> 0.16628792 | D19: 0.17397688 | E19: =IFERROR(C19-D19,"") -> -0.0076889629 | G19: 主食(091,092,093,094,095) | H19: =SUM('（４）訂單數量構成比'!AC46:AC52) -> 155483 | I19: =IFERROR(H19/$B$7,"") -> 0.093776481 | J19: 0.098390861 | K19: =IFERROR(I19-J19,"") -> -0.0046143795
A20: 便當(083) | B20: =SUM('（３）業績構成比'!AE46:AE52)/1000 -> 8245.3857 | C20: =IFERROR(B20/$B$6,"") -> 0.16411218 | D20: 0.15942744 | E20: =IFERROR(C20-D20,"") -> 0.0046847352 | G20: 便當(083) | H20: =SUM('（４）訂單數量構成比'!AE46:AE52) -> 133890 | I20: =IFERROR(H20/$B$7,"") -> 0.080753092 | J20: 0.078071399 | K20: =IFERROR(I20-J20,"") -> 0.0026816938
A21: 熱食義麵(122,123,124,126) | B21: =SUM('（３）業績構成比'!AG46:AG52)/1000 -> 641.13544 | C21: =IFERROR(B21/$B$6,"") -> 0.01276085 | D21: 0.012902234 | E21: =IFERROR(C21-D21,"") -> -0.00014138405 | G21: 熱食義麵(122,123,124,126) | H21: =SUM('（４）訂單數量構成比'!AG46:AG52) -> 12947 | I21: =IFERROR(H21/$B$7,"") -> 0.0078087257 | J21: 0.0078957399 | K21: =IFERROR(I21-J21,"") -> -8.7014184e-05
A22: 季節調理麵(111,112) | B22: =SUM('（３）業績構成比'!AI46:AI52)/1000 -> 7367.5191 | C22: =IFERROR(B22/$B$6,"") -> 0.14663954 | D22: 0.15327198 | E22: =IFERROR(C22-D22,"") -> -0.0066324379 | G22: 季節調理麵(111,112) | H22: =SUM('（４）訂單數量構成比'!AI46:AI52) -> 201596 | I22: =IFERROR(H22/$B$7,"") -> 0.12158862 | J22: 0.13048881 | K22: =IFERROR(I22-J22,"") -> -0.0089001912
A23: 微波小吃(153,154,155) | B23: =SUM('（３）業績構成比'!AK46:AK52)/1000 -> 1200.4673 | C23: =IFERROR(B23/$B$6,"") -> 0.023893521 | D23: 0.023653414 | E23: =IFERROR(C23-D23,"") -> 0.00024010678 | G23: 微波小吃(153,154,155) | H23: =SUM('（４）訂單數量構成比'!AK46:AK52) -> 37542 | I23: =IFERROR(H23/$B$7,"") -> 0.022642711 | J23: 0.021876983 | K23: =IFERROR(I23-J23,"") -> 0.0007657284
C24: =SUM(C15:C23) -> 1 | D24: =SUM(D15:D23) -> 1 | I24: =SUM(I15:I23) -> 1 | J24: =SUM(J15:J23) -> 1
A26: （５）品群別人時生產性
A27: 品群 | B27: 當週 | C27: 前週 | D27: 差異 | E27: 累計
A28: 18℃-飯糰(061,063) | B28: ='（５-1）品群別人時生產性(18℃-飯糰)'!L217 -> 750.00008 | C28: 757.02679 | D28: =B28-C28 -> -7.026712 | E28: ='（５-1）品群別人時生產性(18℃-飯糰)'!C1 -> 754.38251
A29: 18℃-壽司手卷(071,072,075,076) | B29: ='（５-2）品群別人時生產性(18℃-壽司手卷)'!L127 -> 243.85708 | C29: 252.87531 | D29: =B29-C29 -> -9.0182247 | E29: ='（５-2）品群別人時生產性(18℃-壽司手卷)'!C1 -> 248.36619
A30: 4℃-飯糰(065) | B30: ='（５-3）品群別人時生產性(4℃-飯糰)'!L127 -> 265.95335 | C30: 264.65059 | D30: =B30-C30 -> 1.3027627 | E30: ='（５-3）品群別人時生產性(4℃-飯糰)'!C1 -> 265.30197
A31: 4℃-壽司手卷(077) | B31: ='（５-4）品群別人時生產性(4℃-壽司手卷)'!L127 -> 463.59488 | C31: 371.28416 | D31: =B31-C31 -> 92.310718 | E31: ='（５-4）品群別人時生產性(4℃-壽司手卷)'!C1 -> 417.43952
A32: 主食(091,092,093,094,095) | B32: ='（５-5）品群別人時生產性(微波主食) '!L127 -> 76.209165 | C32: 75.769649 | D32: =B32-C32 -> 0.43951601 | E32: ='（５-5）品群別人時生產性(微波主食) '!C1 -> 75.989407
A33: 便當(083) | B33: ='（５-6）品群別人時生產性(便當)'!L127 -> 72.184822 | C33: 71.864593 | D33: =B33-C33 -> 0.3202289 | E33: ='（５-6）品群別人時生產性(便當)'!C1 -> 72.024708
A34: 熱食義麵(122,123,124,126) | B34: ='（５-7）品群別人時生產性(熱食義麵) '!L127 -> 71.887347 | C34: 71.662848 | D34: =B34-C34 -> 0.22449914 | E34: ='（５-7）品群別人時生產性(熱食義麵) '!C1 -> 71.775097
A35: 季節調理麵(111,112) | B35: ='（５-8）品群別人時生產性(季節調理麵) '!L127 -> 153.58611 | C35: 153.20097 | D35: =B35-C35 -> 0.3851414 | E35: ='（５-8）品群別人時生產性(季節調理麵) '!C1 -> 153.39354
A36: 微波小吃(153,154,155) | B36: ='（５-9）品群別人時生產性(微波小吃)'!L127 -> 76.299686 | C36: 74.540808 | D36: =B36-C36 -> 1.7588775 | E36: ='（５-9）品群別人時生產性(微波小吃)'!C1 -> 75.420247

Sheet （１）收支狀況
B2: （１）收支狀況
B3: 資料繳交日 | C3: 月份 | D3: 日期 | F3: 營業額(元) | I3: 訂單數量(個) | L3: 材料費(元) | O3: 材料費率（材料費／營業額） | R3: 勞務成本（全廠人事成本） | U3: 勞務費率（勞務成本／營業額）
F4: 日 | G4: 週累積 | H4: 月累積 | I4: 日 | J4: 週累積 | K4: 月累積 | L4: 日 | M4: 週累積 | N4: 月累積 | O4: 日 | P4: 週累積 | Q4: 月累積 | R4: 日 | S4: 週累積 | T4: 月累積 | U4: 日 | V4: 週累積 | W4: 月累積
B5: 45910 | C5: 八 | D5: 45870 | E5: 五 | F5: 5795364.7 | G5: =SUM(F5:F8) -> 27982997 | H5: =SUM(F5:F35) -> 2.2566005e+08 | I5: 183531 | J5: =SUM(I5:I8) -> 876019 | K5: =SUM(I5:I35) -> 7168725 | L5: 4092107 | M5: =SUM(L5:L8) -> 19436107 | N5: =SUM(L5:L35) -> 1.5612467e+08 | O5: =L5/F5 -> 0.7061 | P5: =M5/G5 -> 0.69456846 | Q5: =N5/H5 -> 0.69185781 | R5: 891841 | S5: =SUM(R5:R8) -> 4014259.6 | T5: =SUM(R5:R35) -> 31193590 | U5: =R5/F5 -> 0.15388868 | V5: =S5/G5 -> 0.14345352 | W5: =T5/H5 -> 0.13823267
D6: 45871 | E6: 六 | F6: 6281761 | I6: 197498 | L6: 4425500.6 | O6: =L6/F6 -> 0.7045 | R6: 933551.29 | U6: =R6/F6 -> 0.14861299
D7: 45872 | E7: 日 | F7: 8003391.1 | I7: 248740 | L7: 5487125 | O7: =L7/F7 -> 0.6856 | R7: 1102691.3 | U7: =R7/F7 -> 0.13777801
D8: 45873 | E8: 一 | F8: 7902480.4 | I8: 246250 | L8: 5431374.8 | O8: =L8/F8 -> 0.6873 | R8: 1086176 | U8: =R8/F8 -> 0.13744748
D9: 45874 | E9: 二 | F9: 9130487.1 | G9: =SUM(F9:F15) -> 53787022 | I9: 275843 | J9: =SUM(I9:I15) -> 1673202 | L9: 6235209.6 | M9: =SUM(L9:L15) -> 36823749 | O9: =L9/F9 -> 0.6829 | P9: =M9/G9 -> 0.68462146 | R9: 1198581 | S9: =SUM(R9:R15) -> 7406479.7 | U9: =R9/F9 -> 0.1312724 | V9: =S9/G9 -> 0.13770013
D10: 45875 | E10: 三 | F10: 8314895.1 | I10: 255183 | L10: 5738940.6 | O10: =L10/F10 -> 0.6902 | R10: 1101959 | U10: =R10/F10 -> 0.13252831
D11: 45876 | E11: 四 | F11: 7555343.1 | I11: 235184 | L11: 5185987.5 | O11: =L11/F11 -> 0.6864 | R11: 1033014.8 | U11: =R11/F11 -> 0.13672639
D12: 45877 | E12: 五 | F12: 6209389.7 | I12: 195967 | L12: 4214933.7 | O12: =L12/F12 -> 0.6788 | R12: 940377.97 | U12: =R12/F12 -> 0.15144451
D13: 45878 | E13: 六 | F13: 6591313.1 | I13: 208309 | L13: 4526254.7 | O13: =L13/F13 -> 0.6867 | R13: 957572 | U13: =R13/F13 -> 0.14527788
D14: 45879 | E14: 日 | F14: 8170415.2 | I14: 256296 | L14: 5606538.9 | O14: =L14/F14 -> 0.6862 | R14: 1100462 | U14: =R14/F14 -> 0.13468863
D15: 45880 | E15: 一 | F15: 7815178.3 | I15: 246420 | L15: 5315884.3 | O15: =L15/F15 -> 0.6802 | R15: 1074513 | U15: =R15/F15 -> 0.13749053
B16: =D24 -> 45889 | D16: 45881 | E16: 二 | F16: 7841558.5 | G16: =SUM(F16:F22) -> 52217932 | I16: 239747 | J16: =SUM(I16:I22) -> 1628812 | L16: 5453803.9 | M16: =SUM(L16:L22) -> 35703457 | O16: =L16/F16 -> 0.6955 | P16: =M16/G16 -> 0.68373939 | R16: 1079138.9 | S16: =SUM(R16:R22) -> 7072355.9 | U16: =R16/F16 -> 0.13761791 | V16: =S16/G16 -> 0.13543922
D17: 45882 | E17: 三 | F17: 7976719.9 | I17: 246278 | L17: 5268623.5 | O17: =L17/F17 -> 0.6605 | R17: 1080253.7 | U17: =R17/F17 -> 0.1354258
D18: 45883 | E18: 四 | F18: 7479649 | I18: 233538 | L18: 5208827.6 | O18: =L18/F18 -> 0.6964 | R18: 1003496.7 | U18: =R18/F18 -> 0.13416361
D19: 45884 | E19: 五 | F19: 6364780.2 | I19: 198328 | L19: 4519630.4 | O19: =L19/F19 -> 0.7101 | R19: 934083.81 | U19: =R19/F19 -> 0.14675822
D20: 45885 | E20: 六 | F20: 6421067.8 | I20: 202709 | L20: 4356052.4 | O20: =L20/F20 -> 0.6784 | R20: 931231.33 | U20: =R20/F20 -> 0.14502749
D21: 45886 | E21: 日 | F21: 8145084.9 | I21: 254386 | L21: 5559020.4 | O21: =L21/F21 -> 0.6825 | R21: 1090508.3 | U21: =R21/F21 -> 0.13388544
D22: 45887 | E22: 一 | F22: 7989071.6 | I22: 253826 | L22: 5337498.7 | O22: =L22/F22 -> 0.6681 | R22: 953643.13 | U22: =R22/F22 -> 0.11936846
B23: =D24 -> 45889 | D23: 45888 | E23: 二 | F23: 7909637 | G23: =SUM(F23:F29) -> 50567324 | I23: 255899 | J23: =SUM(I23:I29) -> 1643193 | L23: 5546237.5 | M23: =SUM(L23:L29) -> 35420864 | O23: =L23/F23 -> 0.7012 | P23: =M23/G23 -> 0.70046942 | R23: 1069724.4 | S23: =SUM(R23:R29) -> 6924132.9 | U23: =R23/F23 -> 0.13524317 | V23: =S23/G23 -> 0.136929
D24: 45889 | E24: 三 | F24: 7775987.8 | I24: 251326 | L24: 5404311.5 | O24: =L24/F24 -> 0.695 | R24: 1044733.1 | U24: =R24/F24 -> 0.13435375
D25: 45890 | E25: 四 | F25: 7246465.3 | I25: 234557 | L25: 5066003.9 | O25: =L25/F25 -> 0.6991 | R25: 1004617.8 | U25: =R25/F25 -> 0.13863556
D26: 45891 | E26: 五 | F26: 5933586.3 | I26: 195333 | L26: 4169531.1 | O26: =L26/F26 -> 0.7027 | R26: 915576.34 | U26: =R26/F26 -> 0.15430404
D27: 45892 | E27: 六 | F27: 6081229.5 | I27: 200546 | L27: 4329227.3 | O27: =L27/F27 -> 0.7119 | R27: 920449.84 | U27: =R27/F27 -> 0.15135917
D28: 45893 | E28: 日 | F28: 7894027 | I28: 255114 | L28: 5555026.8 | O28: =L28/F28 -> 0.7037 | R28: 1049747.4 | U28: =R28/F28 -> 0.13297996
D29: 45894 | E29: 一 | F29: 7726391.3 | I29: 250418 | L29: 5350526 | O29: =L29/F29 -> 0.6925 | R29: 919284.12 | U29: =R29/F29 -> 0.11897975
B30: =D38 -> 45903 | D30: 45895 | E30: 二 | F30: 7423824.2 | G30: =SUM(F30:F36) -> 48911413 | I30: 242071 | J30: =SUM(I30:I36) -> 1600303 | L30: 5190737.9 | M30: =SUM(L30:L36) -> 34039750 | O30: =L30/F30 -> 0.6992 | P30: =M30/G30 -> 0.69594696 | R30: 1019343.9 | S30: =SUM(R30:R36) -> 6708813.6 | U30: =R30/F30 -> 0.13730712 | V30: =S30/G30 -> 0.13716254
D31: 45896 | E31: 三 | F31: 7268105.9 | I31: 237593 | L31: 5102210.3 | O31: =L31/F31 -> 0.702 | R31: 1002052.9 | U31: =R31/F31 -> 0.13786988
D32: 45897 | E32: 四 | F32: 6765305.7 | I32: 223084 | L32: 4751274.2 | O32: =L32/F32 -> 0.7023 | R32: 957969.59 | U32: =R32/F32 -> 0.14160034
D33: 45898 | E33: 五 | F33: 5760799.9 | I33: 190353 | L33: 3966310.7 | O33: =L33/F33 -> 0.6885 | R33: 876104.08 | U33: =R33/F33 -> 0.15208028
D34: 45899 | E34: 六 | F34: 6161593.8 | I34: 202704 | L34: 4425872.8 | O34: =L34/F34 -> 0.7183 | R34: 907804 | U34: =R34/F34 -> 0.14733266
D35: 45900 | E35: 日 | F35: 7725142.4 | I35: 251694 | L35: 5304082.8 | O35: =L35/F35 -> 0.6866 | R35: 1013087.7 | U35: =R35/F35 -> 0.13114162
D36: 45901 | E36: 一 | F36: 7806641.3 | H36: =SUM(F36:F65) -> 1.0877328e+08 | I36: 252804 | K36: =SUM(I36:I65) -> 3584635 | L36: 5299260.8 | N36: =SUM(L36:L65) -> 72618555 | O36: =L36/F36 -> 0.67881443 | Q36: =N36/H36 -> 0.66761391 | R36: 932451.5 | T36: =SUM(R36:R65) -> 14807125 | U36: =R36/F36 -> 0.11944336 | W36: =T36/H36 -> 0.13612833
B37: =B30+7 -> 45910 | D37: 45902 | E37: 二 | F37: 8169292.4 | G37: =SUM(F37:F43) -> 50724262 | I37: 267176 | J37: =SUM(I37:I43) -> 1673814 | L37: 5332358.2 | M37: =SUM(L37:L43) -> 33879379 | O37: =L37/F37 -> 0.65273196 | P37: =M37/G37 -> 0.66791269 | R37: 1087307.4 | S37: =SUM(R37:R43) -> 7050306.9 | U37: =R37/F37 -> 0.13309689 | V37: =S37/G37 -> 0.13899279
D38: 45903 | E38: 三 | F38: 7774607.2 | I38: 255665 | L38: 5250264.4 | O38: =L38/F38 -> 0.67530928 | R38: 1043986.6 | U38: =R38/F38 -> 0.13428158
D39: 45904 | E39: 四 | F39: 6925705.3 | I39: 230570 | L39: 4667711.2 | O39: =L39/F39 -> 0.67396907 | R39: 1014007.1 | U39: =R39/F39 -> 0.14641211
D40: 45905 | E40: 五 | F40: 5813361.8 | I40: 194911 | L40: 3942598 | O40: =L40/F40 -> 0.67819588 | R40: 910686.1 | U40: =R40/F40 -> 0.15665395
D41: 45906 | E41: 六 | F41: 6064269.1 | I41: 202561 | L41: 4096507.5 | O41: =L41/F41 -> 0.67551546 | R41: 899985.38 | U41: =R41/F41 -> 0.14840789
D42: 45907 | E42: 日 | F42: 8031264.4 | I42: 262932 | L42: 5305188.3 | O42: =L42/F42 -> 0.66056701 | R42: 1043807.8 | U42: =R42/F42 -> 0.12996806
D43: 45908 | E43: 一 | F43: 7945762.3 | I43: 259999 | L43: 5284751.1 | O43: =L43/F43 -> 0.66510309 | R43: 1050526.4 | U43: =R43/F43 -> 0.13221216
B44: =B37+7 -> 45917 | D44: =D43+1 -> 45909 | E44: 二 | F44: 7852972.2 | G44: =SUM(F44:F50) -> 50242376 | I44: 258026 | J44: =SUM(I44:I50) -> 1658017 | L44: 5218988.2 | M44: =SUM(L44:L50) -> 33439915 | O44: =L44/F44 -> 0.66458763 | P44: =M44/G44 -> 0.66557193 | R44: 1042922.7 | S44: =SUM(R44:R50) -> 6824366.2 | U44: =R44/F44 -> 0.13280611 | V44: =S44/G44 -> 0.13582889
D45: =D44+1 -> 45910 | E45: 三 | F45: 7585453.3 | I45: 250306 | L45: 5095938.8 | O45: =L45/F45 -> 0.67180412 | R45: 1005024.8 | U45: =R45/F45 -> 0.13249371
D46: =D45+1 -> 45911 | E46: 四 | F46: 6980689.7 | I46: 231245 | L46: 4601857.7 | O46: =L46/F46 -> 0.6592268 | R46: 961377.96 | U46: =R46/F46 -> 0.13771963
D47: =D46+1 -> 45912 | E47: 五 | F47: 5798799.4 | I47: 191700 | L47: 3871147 | O47: =L47/F47 -> 0.66757732 | R47: 893839.5 | U47: =R47/F47 -> 0.15414216
D48: =D47+1 -> 45913 | E48: 六 | F48: 6087959.4 | I48: 201547 | L48: 4069204.6 | O48: =L48/F48 -> 0.66840206 | R48: 911296.31 | U48: =R48/F48 -> 0.1496883
D49: =D48+1 -> 45914 | E49: 日 | F49: 8034432.2 | I49: 263020 | L49: 5273320.9 | O49: =L49/F49 -> 0.65634021 | R49: 1060561.4 | U49: =R49/F49 -> 0.13200203
D50: =D49+1 -> 45915 | E50: 一 | F50: 7902070 | I50: 262173 | L50: 5309457.9 | O50: =L50/F50 -> 0.67190722 | R50: 949343.53 | U50: =R50/F50 -> 0.12013859
B51: =B44+7 -> 45924 | D51: =D50+1 -> 45916 | E51: 二 | G51: =SUM(F51:F57) -> 0 | J51: =SUM(I51:I57) -> 0 | M51: =SUM(L51:L57) -> 0 | O51: =L51/F51 -> #DIV/0! | P51: =M51/G51 -> #DIV/0! | S51: =SUM(R51:R57) -> 0 | U51: =R51/F51 -> #DIV/0! | V51: =S51/G51 -> #DIV/0!
D52: =D51+1 -> 45917 | E52: 三 | O52: =L52/F52 -> #DIV/0! | U52: =R52/F52 -> #DIV/0!
D53: =D52+1 -> 45918 | E53: 四 | O53: =L53/F53 -> #DIV/0! | U53: =R53/F53 -> #DIV/0!
D54: =D53+1 -> 45919 | E54: 五 | O54: =L54/F54 -> #DIV/0! | U54: =R54/F54 -> #DIV/0!
D55: =D54+1 -> 45920 | E55: 六 | O55: =L55/F55 -> #DIV/0! | U55: =R55/F55 -> #DIV/0!
D56: =D55+1 -> 45921 | E56: 日 | O56: =L56/F56 -> #DIV/0! | U56: =R56/F56 -> #DIV/0!
D57: =D56+1 -> 45922 | E57: 一 | O57: =L57/F57 -> #DIV/0! | U57: =R57/F57 -> #DIV/0!
B58: =B51+7 -> 45931 | D58: =D57+1 -> 45923 | E58: 二 | G58: =SUM(F58:F64) -> 0 | J58: =SUM(I58:I64) -> 0 | M58: =SUM(L58:L64) -> 0 | O58: =L58/F58 -> #DIV/0! | P58: =M58/G58 -> #DIV/0! | S58: =SUM(R58:R64) -> 0 | U58: =R58/F58 -> #DIV/0! | V58: =S58/G58 -> #DIV/0!
D59: =D58+1 -> 45924 | E59: 三 | O59: =L59/F59 -> #DIV/0! | U59: =R59/F59 -> #DIV/0!
D60: =D59+1 -> 45925 | E60: 四 | O60: =L60/F60 -> #DIV/0! | U60: =R60/F60 -> #DIV/0!
D61: =D60+1 -> 45926 | E61: 五 | O61: =L61/F61 -> #DIV/0! | U61: =R61/F61 -> #DIV/0!
D62: =D61+1 -> 45927 | E62: 六 | O62: =L62/F62 -> #DIV/0! | U62: =R62/F62 -> #DIV/0!
D63: =D62+1 -> 45928 | E63: 日 | O63: =L63/F63 -> #DIV/0! | U63: =R63/F63 -> #DIV/0!
D64: =D63+1 -> 45929 | E64: 一 | O64: =L64/F64 -> #DIV/0! | U64: =R64/F64 -> #DIV/0!
D65: =D64+1 -> 45930 | E65: 二 | G65: =SUM(F65:F71) -> 0 | J65: =SUM(I65:I71) -> 0 | M65: =SUM(L65:L71) -> 0 | O65: =L65/F65 -> #DIV/0! | P65: =M65/G65 -> #DIV/0! | S65: =SUM(R65:R71) -> 0 | U65: =R65/F65 -> #DIV/0! | V65: =S65/G65 -> #DIV/0!
D66: =D65+1 -> 45931 | E66: 三 | O66: =L66/F66 -> #DIV/0! | U66: =R66/F66 -> #DIV/0!
D67: =D66+1 -> 45932 | E67: 四 | O67: =L67/F67 -> #DIV/0! | U67: =R67/F67 -> #DIV/0!
D68: =D67+1 -> 45933 | E68: 五 | O68: =L68/F68 -> #DIV/0! | U68: =R68/F68 -> #DIV/0!
D69: =D68+1 -> 45934 | E69: 六 | O69: =L69/F69 -> #DIV/0! | U69: =R69/F69 -> #DIV/0!
D70: =D69+1 -> 45935 | E70: 日 | O70: =L70/F70 -> #DIV/0! | U70: =R70/F70 -> #DIV/0!
D71: =D70+1 -> 45936 | E71: 一 | O71: =L71/F71 -> #DIV/0! | U71: =R71/F71 -> #DIV/0!

Sheet （２）ＫＰＩ達成進度
B1: 人時生產性基準值 | C1: 497.6
B2: （２）ＫＰＩ達成進度
B3: 資料繳交日 | C3: 月份 | D3: 日期 | F3: 人時生產性(個/人) | I3: 人時生產性達成率(%) | L3: 半成品報廢(%) | O3: 半成品超用(%) | R3: 固定產線-導入率(固定產線數/總產線數) | U3: 教育訓練-實施率(進度/計畫)
F4: 日 | G4: 週平均 | H4: 月平均 | I4: 日 | J4: 週平均 | K4: 月平均 | L4: 日 | M4: 週平均 | N4: 月平均 | O4: 日 | P4: 週平均 | Q4: 月平均 | R4: 日 | S4: 週平均 | T4: 月平均 | U4: 日 | V4: 週平均 | W4: 月平均
B5: =D17 -> 45882 | C5: 八 | D5: 45870 | E5: 五 | F5: 415.527 | G5: =AVERAGE(F5:F8) -> 418.38175 | H5: =AVERAGEIF(F5:F35,"<>0") -> 413.83356 | I5: =F5/$C$1 -> 0.8350623 | J5: =AVERAGE(I5:I8) -> 0.84079934 | K5: =AVERAGEIF(I5:I35,"<>0") -> 0.83165909 | L5: 0.002417538 | M5: =AVERAGE(L5:L8) -> 0.0024205689 | N5: =AVERAGEIF(L5:L35,"<>0") -> 0.0024177654 | O5: 0.0085448906 | P5: =AVERAGE(O5:O8) -> 0.0085892866 | Q5: =AVERAGEIF(O5:O35,"<>0") -> 0.0081428095 | R5: 0.9 | S5: =AVERAGE(R5:R8) -> 0.9 | T5: =AVERAGEIF(R5:R35,"<>0") -> 0.9 | U5: 0 | V5: =AVERAGE(U5:U8) -> 0 | W5: =AVERAGEIF(U5:U35,"<>0") -> 0.75038462
D6: 45871 | E6: 六 | F6: 418.1 | I6: =F6/$C$1 -> 0.84023312 | L6: 0.0024160533 | O6: 0.0086255174 | R6: 0.9 | U6: 0
D7: 45872 | E7: 日 | F7: 419.9 | I7: =F7/$C$1 -> 0.84385048 | L7: 0.0024263181 | O7: 0.0086427574 | R7: 0.9 | U7: 0
D8: 45873 | E8: 一 | F8: 420 | I8: =F8/$C$1 -> 0.84405145 | L8: 0.0024223663 | O8: 0.0085439811 | R8: 0.9 | U8: 0
D9: 45874 | E9: 二 | F9: 419.8 | G9: =AVERAGE(F9:F15) -> 419.83519 | I9: =F9/$C$1 -> 0.84364952 | J9: =AVERAGE(I9:I15) -> 0.84372023 | L9: 0.0024296155 | M9: =AVERAGE(L9:L15) -> 0.0024214907 | O9: 0.0086847829 | P9: =AVERAGE(O9:O15) -> 0.0085040814 | R9: 0.9 | S9: =AVERAGE(R9:R15) -> 0.9 | U9: 0 | V9: =AVERAGE(U9:U15) -> 0.38571429
D10: 45875 | E10: 三 | F10: 421 | I10: =F10/$C$1 -> 0.84606109 | L10: 0.0024244781 | O10: 0.008500829 | R10: 0.9 | U10: 0.45
D11: 45876 | E11: 四 | F11: 420.6 | I11: =F11/$C$1 -> 0.84525723 | L11: 0.0024176818 | O11: 0.0084839303 | R11: 0.9 | U11: 0.45
D12: 45877 | E12: 五 | F12: 419.4 | I12: =F12/$C$1 -> 0.84284566 | L12: 0.0024163613 | O12: 0.0085590273 | R12: 0.9 | U12: 0.45
D13: 45878 | E13: 六 | F13: 420.2 | I13: =F13/$C$1 -> 0.84445338 | L13: 0.00242 | O13: 0.0084 | R13: 0.9 | U13: 0.45
D14: 45879 | E14: 日 | F14: 418.68018 | I14: =F14/$C$1 -> 0.84139907 | L14: 0.0024222979 | O14: 0.0085 | R14: 0.9 | U14: 0.45
D15: 45880 | E15: 一 | F15: 419.16613 | I15: =F15/$C$1 -> 0.84237567 | L15: 0.00242 | O15: 0.0084 | R15: 0.9 | U15: 0.45
B16: =D24 -> 45889 | D16: 45881 | E16: 二 | F16: 419.23663 | G16: =AVERAGE(F16:F22) -> 420.94939 | I16: =F16/$C$1 -> 0.84251734 | J16: =AVERAGE(I16:I22) -> 0.84595938 | L16: 0.0024217026 | M16: =AVERAGE(L16:L22) -> 0.002418752 | O16: 0.0084720068 | P16: =AVERAGE(O16:O22) -> 0.0081582528 | R16: 0.9 | S16: =AVERAGE(R16:R22) -> 0.9 | U16: 0.655 | V16: =AVERAGE(U16:U22) -> 0.68428571
D17: 45882 | E17: 三 | F17: 427.85642 | I17: =F17/$C$1 -> 0.85984007 | L17: 0.0024241149 | O17: 0.0081359947 | R17: 0.9 | U17: 0.655
D18: 45883 | E18: 四 | F18: 418.61209 | I18: =F18/$C$1 -> 0.84126225 | L18: 0.0024201768 | O18: 0.0081898479 | R18: 0.9 | U18: 0.655
D19: 45884 | E19: 五 | F19: 420.16325 | I19: =F19/$C$1 -> 0.84437951 | L19: 0.0024141277 | O19: 0.0081708847 | R19: 0.9 | U19: 0.655
D20: 45885 | E20: 六 | F20: 419.93987 | I20: =F20/$C$1 -> 0.84393061 | L20: 0.0024138604 | O20: 0.0080622203 | R20: 0.9 | U20: 0.655
D21: 45886 | E21: 日 | F21: 419.34528 | I21: =F21/$C$1 -> 0.84273569 | L21: 0.0024195531 | O21: 0.0080721648 | R21: 0.9 | U21: 0.655
D22: 45887 | E22: 一 | F22: 421.49217 | I22: =F22/$C$1 -> 0.84705017 | L22: 0.0024177288 | O22: 0.0080046503 | R22: 0.9 | U22: 0.86
B23: =D24 -> 45889 | D23: 45888 | E23: 二 | F23: 401.41204 | G23: =AVERAGE(F23:F29) -> 403.24594 | I23: =F23/$C$1 -> 0.80669622 | J23: =AVERAGE(I23:I29) -> 0.81038171 | L23: 0.0024143458 | M23: =AVERAGE(L23:L29) -> 0.0024149588 | O23: 0.007989011 | P23: =AVERAGE(O23:O29) -> 0.0079209009 | R23: 0.9 | S23: =AVERAGE(R23:R29) -> 0.9 | U23: 0.86 | V23: =AVERAGE(U23:U29) -> 0.86
D24: 45889 | E24: 三 | F24: 402.00153 | I24: =F24/$C$1 -> 0.8078809 | L24: 0.0024116918 | O24: 0.0079602811 | R24: 0.9 | U24: 0.86
D25: 45890 | E25: 四 | F25: 403.35327 | I25: =F25/$C$1 -> 0.81059741 | L25: 0.0024104642 | O25: 0.0079450513 | R25: 0.9 | U25: 0.86
D26: 45891 | E26: 五 | F26: 404.16454 | I26: =F26/$C$1 -> 0.81222776 | L26: 0.0024195756 | O26: 0.0079444846 | R26: 0.9 | U26: 0.86
D27: 45892 | E27: 六 | F27: 404.34743 | I27: =F27/$C$1 -> 0.81259533 | L27: 0.0024159401 | O27: 0.0079281099 | R27: 0.9 | U27: 0.86
D28: 45893 | E28: 日 | F28: 403.52441 | I28: =F28/$C$1 -> 0.81094133 | L28: 0.0024182023 | O28: 0.0078440617 | R28: 0.9 | U28: 0.86
D29: 45894 | E29: 一 | F29: 403.91837 | I29: =F29/$C$1 -> 0.81173305 | L29: 0.0024144917 | O29: 0.0078353068 | R29: 0.9 | U29: 0.86
B30: =D38 -> 45903 | D30: 45895 | E30: 二 | F30: 405.17091 | G30: =AVERAGE(F30:F36) -> 408.19612 | I30: =F30/$C$1 -> 0.81425023 | J30: =AVERAGE(I30:I36) -> 0.82032982 | L30: 0.0024095768 | M30: =AVERAGE(L30:L36) -> 0.002414554 | O30: 0.0078142649 | P30: =AVERAGE(O30:O36) -> 0.0076270768 | R30: 0.9 | S30: =AVERAGE(R30:R36) -> 0.9 | U30: 1 | V30: =AVERAGE(U30:U36) -> 1
D31: 45896 | E31: 三 | F31: 405.6353 | I31: =F31/$C$1 -> 0.81518348 | L31: 0.0024120074 | O31: 0.0077428535 | R31: 0.9 | U31: 1
D32: 45897 | E32: 四 | F32: 405.5346 | I32: =F32/$C$1 -> 0.81498111 | L32: 0.0024118158 | O32: 0.0076901971 | R32: 0.9 | U32: 1
D33: 45898 | E33: 五 | F33: 403.0451 | I33: =F33/$C$1 -> 0.80997809 | L33: 0.0024182681 | O33: 0.007702409 | R33: 0.9 | U33: 1
D34: 45899 | E34: 六 | F34: 406.13914 | I34: =F34/$C$1 -> 0.81619602 | L34: 0.002416121 | O34: 0.0076018123 | R34: 0.9 | U34: 1
D35: 45900 | E35: 日 | F35: 421.57475 | I35: =F35/$C$1 -> 0.84721614 | L35: 0.002414252 | O35: 0.0074357648 | R35: 0.9 | U35: 1
D36: 45901 | E36: 一 | F36: 410.27303 | H36: =AVERAGEIF(F36:F65,"<>0") -> 399.95592 | I36: =F36/$C$1 -> 0.82450367 | K36: =AVERAGEIF(I36:I65,"<>0") -> 0.80376993 | L36: 0.0024198369 | N36: =AVERAGEIF(L36:L65,"<>0") -> 0.0024160534 | O36: 0.0074022361 | Q36: =AVERAGEIF(O36:O65,"<>0") -> 0.0072338179 | R36: 0.9 | T36: =AVERAGEIF(R36:R65,"<>0") -> 0.9 | U36: 1 | W36: =AVERAGEIF(U36:U65,"<>0") -> 0.43066667
B37: =B30+7 -> 45910 | D37: 45902 | E37: 二 | F37: 387.26986 | G37: =AVERAGE(F37:F43) -> 393.30515 | I37: =F37/$C$1 -> 0.77827544 | J37: =AVERAGE(I37:I43) -> 0.79040424 | L37: 0.0024242643 | M37: =AVERAGE(L37:L43) -> 0.002416257 | O37: 0.0074054037 | P37: =AVERAGE(O37:O43) -> 0.0072948303 | R37: 0.9 | S37: =AVERAGE(R37:R43) -> 0.9 | U37: 0.16 | V37: =AVERAGE(U37:U43) -> 0.16
D38: 45903 | E38: 三 | F38: 386.40391 | I38: =F38/$C$1 -> 0.77653519 | L38: 0.0024176219 | O38: 0.0073548234 | R38: 0.9 | U38: 0.16
D39: 45904 | E39: 四 | F39: 400.03121 | I39: =F39/$C$1 -> 0.80392124 | L39: 0.0024143896 | O39: 0.007341869 | R39: 0.9 | U39: 0.16
D40: 45905 | E40: 五 | F40: 402.82661 | I40: =F40/$C$1 -> 0.80953901 | L40: 0.0024101885 | O40: 0.0072093819 | R40: 0.9 | U40: 0.16
D41: 45906 | E41: 六 | F41: 387.43052 | I41: =F41/$C$1 -> 0.7785983 | L41: 0.0024098843 | O41: 0.0072252045 | R41: 0.9 | U41: 0.16
D42: 45907 | E42: 日 | F42: 387.5853 | I42: =F42/$C$1 -> 0.77890936 | L42: 0.0024177604 | O42: 0.0073022168 | R42: 0.9 | U42: 0.16
D43: 45908 | E43: 一 | F43: 401.58864 | I43: =F43/$C$1 -> 0.80705113 | L43: 0.0024196898 | O43: 0.0072249125 | R43: 0.9 | U43: 0.16
B44: =B37+7 -> 45917 | D44: =D43+1 -> 45909 | E44: 二 | F44: 404.90807 | G44: =AVERAGE(F44:F50) -> 405.13281 | I44: =F44/$C$1 -> 0.813722 | J44: =AVERAGE(I44:I50) -> 0.81417365 | L44: 0.002418074 | M44: =AVERAGE(L44:L50) -> 0.0024153093 | O44: 0.0072319181 | P44: =AVERAGE(O44:O50) -> 0.0071487457 | R44: 0.9 | S44: =AVERAGE(R44:R50) -> 0.9 | U44: 0.62 | V44: =AVERAGE(U44:U50) -> 0.62
D45: =D44+1 -> 45910 | E45: 三 | F45: 403.35973 | I45: =F45/$C$1 -> 0.8106104 | L45: 0.0024158847 | O45: 0.0071397306 | R45: 0.9 | U45: 0.62
D46: =D45+1 -> 45911 | E46: 四 | F46: 403.71258 | I46: =F46/$C$1 -> 0.81131949 | L46: 0.0024135103 | O46: 0.0071260297 | R46: 0.9 | U46: 0.62
D47: =D46+1 -> 45912 | E47: 五 | F47: 405.79911 | I47: =F47/$C$1 -> 0.81551269 | L47: 0.0024116822 | O47: 0.0071429126 | R47: 0.9 | U47: 0.62
D48: =D47+1 -> 45913 | E48: 六 | F48: 405.78808 | I48: =F48/$C$1 -> 0.81549051 | L48: 0.0024137665 | O48: 0.0071160907 | R48: 0.9 | U48: 0.62
D49: =D48+1 -> 45914 | E49: 日 | F49: 404.82402 | I49: =F49/$C$1 -> 0.81355309 | L49: 0.0024184258 | O49: 0.0071545069 | R49: 0.9 | U49: 0.62
D50: =D49+1 -> 45915 | E50: 一 | F50: 407.53809 | I50: =F50/$C$1 -> 0.81900741 | L50: 0.0024158217 | O50: 0.0071300317 | R50: 0.9 | U50: 0.62
B51: =B44+7 -> 45924 | D51: =D50+1 -> 45916 | E51: 二 | G51: =AVERAGE(F51:F57) -> #DIV/0! | I51: =F51/$C$1 -> 0 | J51: =AVERAGE(I51:I57) -> 0 | M51: =AVERAGE(L51:L57) -> #DIV/0! | P51: =AVERAGE(O51:O57) -> #DIV/0! | S51: =AVERAGE(R51:R57) -> #DIV/0! | V51: =AVERAGE(U51:U57) -> #DIV/0!
D52: =D51+1 -> 45917 | E52: 三 | I52: =F52/$C$1 -> 0
D53: =D52+1 -> 45918 | E53: 四 | I53: =F53/$C$1 -> 0
D54: =D53+1 -> 45919 | E54: 五 | I54: =F54/$C$1 -> 0
D55: =D54+1 -> 45920 | E55: 六 | I55: =F55/$C$1 -> 0
D56: =D55+1 -> 45921 | E56: 日 | I56: =F56/$C$1 -> 0
D57: =D56+1 -> 45922 | E57: 一 | I57: =F57/$C$1 -> 0
B58: =B51+7 -> 45931 | D58: =D57+1 -> 45923 | E58: 二 | G58: =AVERAGE(F58:F64) -> #DIV/0! | I58: =F58/$C$1 -> 0 | J58: =AVERAGE(I58:I64) -> 0 | M58: =AVERAGE(L58:L64) -> #DIV/0! | P58: =AVERAGE(O58:O64) -> #DIV/0! | S58: =AVERAGE(R58:R64) -> #DIV/0! | V58: =AVERAGE(U58:U64) -> #DIV/0!
D59: =D58+1 -> 45924 | E59: 三 | I59: =F59/$C$1 -> 0
D60: =D59+1 -> 45925 | E60: 四 | I60: =F60/$C$1 -> 0
D61: =D60+1 -> 45926 | E61: 五 | I61: =F61/$C$1 -> 0
D62: =D61+1 -> 45927 | E62: 六 | I62: =F62/$C$1 -> 0
D63: =D62+1 -> 45928 | E63: 日 | I63: =F63/$C$1 -> 0
D64: =D63+1 -> 45929 | E64: 一 | I64: =F64/$C$1 -> 0
D65: =D64+1 -> 45930 | E65: 二 | G65: =AVERAGE(F65:F71) -> #DIV/0! | I65: =F65/$C$1 -> 0 | J65: =AVERAGE(I65:I71) -> 0 | M65: =AVERAGE(L65:L71) -> #DIV/0! | P65: =AVERAGE(O65:O71) -> #DIV/0! | S65: =AVERAGE(R65:R71) -> #DIV/0! | V65: =AVERAGE(U65:U71) -> #DIV/0!
D66: =D65+1 -> 45931 | E66: 三 | I66: =F66/$C$1 -> 0
D67: =D66+1 -> 45932 | E67: 四 | I67: =F67/$C$1 -> 0
D68: =D67+1 -> 45933 | E68: 五 | I68: =F68/$C$1 -> 0
D69: =D68+1 -> 45934 | E69: 六 | I69: =F69/$C$1 -> 0
D70: =D69+1 -> 45935 | E70: 日 | I70: =F70/$C$1 -> 0
D71: =D70+1 -> 45936 | E71: 一 | I71: =F71/$C$1 -> 0

Sheet （３）業績構成比
B2: （3）業績構成比
B3: 資料繳交日 | C3: 月份 | D3: 日期 | F3: 營業額 | I3: 品類業績
I4: 18℃-飯糰 | O4: 18℃-壽司手卷 | U4: 4℃-飯糰 | W4: 4℃-壽司手卷 | Y4: 主食 | AE4: 便當 | AG4: 熱食義麵 | AI4: 季節調理麵 | AK4: 微波小吃
F5: 日 | G5: 週累積 | H5: 月累積 | I5: 一配 | K5: 二配 | M5: 合計 | O5: 一配 | Q5: 二配 | S5: 合計 | U5: 一配 | W5: 一配 | Y5: 一配 | AA5: 二配 | AC5: 合計 | AE5: 一配 | AG5: 一配 | AI5: 一配 | AK5: 一配
I6: 業績(元) | J6: 比例(%) | K6: 業績(元) | L6: 比例(%) | M6: 業績(元) | N6: 比例(%) | O6: 業績(元) | P6: 比例(%) | Q6: 業績(元) | R6: 比例(%) | S6: 業績(元) | T6: 比例(%) | U6: 業績(元) | V6: 比例(%) | W6: 業績(元) | X6: 比例(%) | Y6: 業績(元) | Z6: 比例(%) | AA6: 業績(元) | AB6: 比例(%) | AC6: 業績(元) | AD6: 比例(%) | AE6: 業績(元) | AF6: 比例(%) | AG6: 業績(元) | AH6: 比例(%) | AI6: 業績(元) | AJ6: 比例(%) | AK6: 業績(元) | AL6: 比例(%)
B7: =D19 -> 45882 | C7: 八 | D7: 45870 | E7: 五 | F7: =SUM(M7,S7,U7,W7,AC7,AE7,AG7,AI7,AK7) -> 5795364.7 | G7: =SUM(F7:F10) -> 27982997 | H7: =SUM(F7:F37) -> 2.2566005e+08 | I7: 616776.13 | J7: =I7/$F7 -> 0.10642577 | K7: 913483.89 | L7: =K7/$F7 -> 0.15762319 | M7: =I7+K7 -> 1530260 | N7: =M7/$F7 -> 0.26404896 | O7: 218583.35 | P7: =O7/$F7 -> 0.037716927 | Q7: 174098.34 | R7: =Q7/$F7 -> 0.030040964 | S7: =O7+Q7 -> 392681.69 | T7: =S7/$F7 -> 0.067757891 | U7: 430343.55 | V7: =U7/$F7 -> 0.074256509 | W7: 44217.57 | X7: =W7/$F7 -> 0.0076298166 | Y7: 374102.73 | Z7: =Y7/$F7 -> 0.06455206 | AA7: 461451.86 | AB7: =AA7/$F7 -> 0.0796243 | AC7: =Y7+AA7 -> 835554.59 | AD7: =AC7/$F7 -> 0.14417636 | AE7: 1152005.7 | AF7: =AE7/$F7 -> 0.19878053 | AG7: 143112.8 | AH7: =AG7/$F7 -> 0.024694356 | AI7: 1080951.3 | AJ7: =AI7/$F7 -> 0.18651997 | AK7: 186237.56 | AL7: =AK7/$F7 -> 0.032135607
D8: 45871 | E8: 六 | F8: =SUM(M8,S8,U8,W8,AC8,AE8,AG8,AI8,AK8) -> 6281761 | I8: 596870.47 | J8: =I8/$F8 -> 0.095016425 | K8: 1049002 | L8: =K8/$F8 -> 0.1669917 | M8: =I8+K8 -> 1645872.4 | N8: =M8/F8 -> 0.26200813 | O8: 218490.67 | P8: =O8/$F8 -> 0.034781755 | Q8: 178581.35 | R8: =Q8/$F8 -> 0.028428549 | S8: =O8+Q8 -> 397072.02 | T8: =S8/$F8 -> 0.063210304 | U8: 447379.41 | V8: =U8/$F8 -> 0.071218789 | W8: 49260.36 | X8: =W8/$F8 -> 0.0078418074 | Y8: 405644.63 | Z8: =Y8/$F8 -> 0.064574986 | AA8: 576275.75 | AB8: =AA8/$F8 -> 0.09173793 | AC8: =Y8+AA8 -> 981920.38 | AD8: =AC8/$F8 -> 0.15631292 | AE8: 1234302.9 | AF8: =AE8/$F8 -> 0.19648995 | AG8: 142518.56 | AH8: =AG8/$F8 -> 0.022687676 | AI8: 1193542.9 | AJ8: =AI8/$F8 -> 0.19000133 | AK8: 189891.96 | AL8: =AK8/$F8 -> 0.030229097
D9: 45872 | E9: 日 | F9: =SUM(M9,S9,U9,W9,AC9,AE9,AG9,AI9,AK9) -> 8003391.1 | I9: 848942.04 | J9: =I9/$F9 -> 0.10607279 | K9: 1169510.8 | L9: =K9/$F9 -> 0.14612691 | M9: =I9+K9 -> 2018452.8 | N9: =M9/$F9 -> 0.2521997 | O9: 301163.75 | P9: =O9/$F9 -> 0.037629518 | Q9: 209598.16 | R9: =Q9/$F9 -> 0.026188669 | S9: =O9+Q9 -> 510761.91 | T9: =S9/$F9 -> 0.063818187 | U9: 616088.77 | V9: =U9/$F9 -> 0.076978466 | W9: 57303.14 | X9: =W9/$F9 -> 0.0071598575 | Y9: 477605.86 | Z9: =Y9/$F9 -> 0.059675437 | AA9: 626376.66 | AB9: =AA9/$F9 -> 0.078263907 | AC9: =Y9+AA9 -> 1103982.5 | AD9: =AC9/$F9 -> 0.13793934 | AE9: 1793787 | AF9: =AE9/F9 -> 0.22412837 | AG9: 165941.52 | AH9: =AG9/$F9 -> 0.020733901 | AI9: 1515492 | AJ9: =AI9/$F9 -> 0.18935624 | AK9: 221581.38 | AL9: =AK9/$F9 -> 0.027685937
D10: 45873 | E10: 一 | F10: =SUM(M10,S10,U10,W10,AC10,AE10,AG10,AI10,AK10) -> 7902480.4 | I10: 842391.31 | J10: =I10/$F10 -> 0.10659834 | K10: 1149789.2 | L10: =K10/$F10 -> 0.14549725 | M10: =I10+K10 -> 1992180.5 | N10: =M10/F10 -> 0.25209559 | O10: 290166.83 | P10: =O10/$F10 -> 0.03671845 | Q10: 213916.58 | R10: =Q10/$F10 -> 0.027069549 | S10: =O10+Q10 -> 504083.41 | T10: =S10/F10 -> 0.063787999 | U10: 640822.6 | V10: =U10/F10 -> 0.081091324 | W10: 53404.08 | X10: =W10/$F10 -> 0.0067578883 | Y10: 497824.67 | Z10: =Y10/$F10 -> 0.062996002 | AA10: 589956.91 | AB10: =AA10/$F10 -> 0.07465465 | AC10: =Y10+AA10 -> 1087781.6 | AD10: =AC10/$F10 -> 0.13765065 | AE10: 1725586.6 | AF10: =AE10/F10 -> 0.21836012 | AG10: 154155.76 | AH10: =AG10/$F10 -> 0.019507263 | AI10: 1521645.6 | AJ10: =AI10/$F10 -> 0.19255291 | AK10: 222820.3 | AL10: =AK10/$F10 -> 0.028196248
D11: 45874 | E11: 二 | F11: =SUM(M11,S11,U11,W11,AC11,AE11,AG11,AI11,AK11) -> 9130487.1 | G11: =SUM(F11:F17) -> 53787022 | I11: 836074.89 | J11: =I11/$F11 -> 0.091569582 | K11: 1136887.2 | L11: =K11/$F11 -> 0.1245155 | M11: =I11+K11 -> 1972962.1 | N11: =M11/$F11 -> 0.21608508 | O11: 279337.22 | P11: =O11/$F11 -> 0.030593901 | Q11: 209656.24 | R11: =Q11/$F11 -> 0.022962219 | S11: =O11+Q11 -> 488993.46 | T11: =S11/$F11 -> 0.05355612 | U11: 880200.31 | V11: =U11/$F11 -> 0.096402339 | W11: 272272.92 | X11: =W11/$F11 -> 0.029820197 | Y11: 1409752.6 | Z11: =Y11/$F11 -> 0.15440059 | AA11: 575027.18 | AB11: =AA11/$F11 -> 0.062978806 | AC11: =Y11+AA11 -> 1984779.8 | AD11: =AC11/$F11 -> 0.2173794 | AE11: 1744245 | AF11: =AE11/F11 -> 0.19103526 | AG11: 141973.84 | AH11: =AG11/$F11 -> 0.015549427 | AI11: 1439367 | AJ11: =AI11/$F11 -> 0.15764405 | AK11: 205692.76 | AL11: =AK11/$F11 -> 0.022528126
D12: 45875 | E12: 三 | F12: =SUM(M12,S12,U12,W12,AC12,AE12,AG12,AI12,AK12) -> 8314895.1 | I12: 832343.12 | J12: =I12/$F12 -> 0.10010266 | K12: 1112911.5 | L12: =K12/$F12 -> 0.13384552 | M12: =I12+K12 -> 1945254.6 | N12: =M12/F12 -> 0.23394818 | O12: 277957.88 | P12: =O12/$F12 -> 0.03342891 | Q12: 209774.03 | R12: =Q12/$F12 -> 0.025228704 | S12: =O12+Q12 -> 487731.91 | T12: =S12/F12 -> 0.058657614 | U12: 774575.22 | V12: =U12/F12 -> 0.09315514 | W12: 177984.95 | X12: =W12/$F12 -> 0.021405556 | Y12: 979735.06 | Z12: =Y12/$F12 -> 0.11782891 | AA12: 552698.59 | AB12: =AA12/$F12 -> 0.066470903 | AC12: =Y12+AA12 -> 1532433.6 | AD12: =AC12/$F12 -> 0.18429982 | AE12: 1736477.1 | AF12: =AE12/F12 -> 0.20883933 | AG12: 145588.8 | AH12: =AG12/$F12 -> 0.017509397 | AI12: 1301970.3 | AJ12: =AI12/$F12 -> 0.15658289 | AK12: 212878.54 | AL12: =AK12/$F12 -> 0.025602072
D13: 45876 | E13: 四 | F13: =SUM(M13,S13,U13,W13,AC13,AE13,AG13,AI13,AK13) -> 7555343.1 | I13: 805376.99 | J13: =I13/$F13 -> 0.10659701 | K13: 1026230.4 | L13: =K13/$F13 -> 0.13582844 | M13: =I13+K13 -> 1831607.4 | N13: =M13/$F13 -> 0.24242545 | O13: 270818.45 | P13: =O13/$F13 -> 0.035844626 | Q13: 196345.4 | R13: =Q13/$F13 -> 0.025987622 | S13: =O13+Q13 -> 467163.85 | T13: =S13/$F13 -> 0.061832248 | U13: 725659.63 | V13: =U13/$F13 -> 0.096045887 | W13: 159956.52 | X13: =W13/$F13 -> 0.021171311 | Y13: 759398.2 | Z13: =Y13/$F13 -> 0.10051141 | AA13: 476992.26 | AB13: =AA13/$F13 -> 0.063133104 | AC13: =Y13+AA13 -> 1236390.5 | AD13: =AC13/$F13 -> 0.16364451 | AE13: 1584827.4 | AF13: =AE13/F13 -> 0.20976246 | AG13: 135635.28 | AH13: =AG13/$F13 -> 0.017952233 | AI13: 1219076.2 | AJ13: =AI13/$F13 -> 0.16135285 | AK13: 195026.38 | AL13: =AK13/$F13 -> 0.025813041
D14: 45877 | E14: 五 | F14: =SUM(M14,S14,U14,W14,AC14,AE14,AG14,AI14,AK14) -> 6209389.7 | I14: 600872.41 | J14: =I14/$F14 -> 0.096768352 | K14: 940206.09 | L14: =K14/$F14 -> 0.15141683 | M14: =I14+K14 -> 1541078.5 | N14: =M14/F14 -> 0.24818518 | O14: 213245.04 | P14: =O14/$F14 -> 0.034342351 | Q14: 178556.89 | R14: =Q14/$F14 -> 0.028755948 | S14: =O14+Q14 -> 391801.93 | T14: =S14/F14 -> 0.063098299 | U14: 572209.15 | V14: =U14/F14 -> 0.092152236 | W14: 134737.35 | X14: =W14/$F14 -> 0.021698968 | Y14: 573795.71 | Z14: =Y14/$F14 -> 0.092407746 | AA14: 458873.56 | AB14: =AA14/$F14 -> 0.073899945 | AC14: =Y14+AA14 -> 1032669.3 | AD14: =AC14/$F14 -> 0.16630769 | AE14: 1166486.3 | AF14: =AE14/F14 -> 0.18785844 | AG14: 111519.04 | AH14: =AG14/$F14 -> 0.017959742 | AI14: 1087287 | AJ14: =AI14/$F14 -> 0.17510368 | AK14: 171601.22 | AL14: =AK14/$F14 -> 0.027635763
D15: 45878 | E15: 六 | F15: =SUM(M15,S15,U15,W15,AC15,AE15,AG15,AI15,AK15) -> 6591313.1 | I15: 576824.54 | J15: =I15/$F15 -> 0.087512842 | K15: 1061661.3 | L15: =K15/$F15 -> 0.16106977 | M15: =I15+K15 -> 1638485.8 | N15: =M15/$F15 -> 0.24858261 | O15: 210458.83 | P15: =O15/$F15 -> 0.031929727 | Q15: 175507.77 | R15: =Q15/$F15 -> 0.026627133 | S15: =O15+Q15 -> 385966.6 | T15: =S15/$F15 -> 0.05855686 | U15: 615172.46 | V15: =U15/$F15 -> 0.09333079 | W15: 168615.52 | X15: =W15/$F15 -> 0.025581476 | Y15: 628681.46 | Z15: =Y15/$F15 -> 0.095380306 | AA15: 553490.4 | AB15: =AA15/$F15 -> 0.083972706 | AC15: =Y15+AA15 -> 1182171.9 | AD15: =AC15/$F15 -> 0.17935301 | AE15: 1159684.6 | AF15: =AE15/F15 -> 0.17594137 | AG15: 117808.08 | AH15: =AG15/$F15 -> 0.017873234 | AI15: 1148985.1 | AJ15: =AI15/$F15 -> 0.17431809 | AK15: 174423.06 | AL15: =AK15/$F15 -> 0.026462566
D16: 45879 | E16: 日 | F16: =SUM(M16,S16,U16,W16,AC16,AE16,AG16,AI16,AK16) -> 8170415.3 | I16: 834483.57 | J16: =I16/$F16 -> 0.10213478 | K16: 1183422 | L16: =K16/$F16 -> 0.14484233 | M16: =I16+K16 -> 2017905.6 | N16: =M16/F16 -> 0.24697711 | O16: 293053.1 | P16: =O16/$F16 -> 0.035867589 | Q16: 206898.61 | R16: =Q16/$F16 -> 0.0253229 | S16: =O16+Q16 -> 499951.71 | T16: =S16/F16 -> 0.06119049 | U16: 786444.54 | V16: =U16/F16 -> 0.096255149 | W16: 190554.87 | X16: =W16/$F16 -> 0.023322544 | Y16: 661083.02 | Z16: =Y16/$F16 -> 0.080911802 | AA16: 593610.63 | AB16: =AA16/$F16 -> 0.072653667 | AC16: =Y16+AA16 -> 1254693.6 | AD16: =AC16/$F16 -> 0.15356547 | AE16: 1730952 | AF16: =AE16/F16 -> 0.21185606 | AG16: 148956.16 | AH16: =AG16/$F16 -> 0.018231162 | AI16: 1342564.1 | AJ16: =AI16/$F16 -> 0.16432018 | AK16: 198392.62 | AL16: =AK16/$F16 -> 0.024281828
D17: 45880 | E17: 一 | F17: =SUM(M17,S17,U17,W17,AC17,AE17,AG17,AI17,AK17) -> 7815178.3 | I17: 822329.48 | J17: =I17/$F17 -> 0.1052221 | K17: 1143104.3 | L17: =K17/$F17 -> 0.14626721 | M17: =I17+K17 -> 1965433.8 | N17: =M17/$F17 -> 0.25148931 | O17: 281152.03 | P17: =O17/$F17 -> 0.035975127 | Q17: 212068.8 | R17: =Q17/$F17 -> 0.027135504 | S17: =O17+Q17 -> 493220.83 | T17: =S17/$F17 -> 0.063110631 | U17: 749380.3 | V17: =U17/$F17 -> 0.095887806 | W17: 137647.83 | X17: =W17/$F17 -> 0.017612884 | Y17: 658221.96 | Z17: =Y17/$F17 -> 0.084223537 | AA17: 568146.73 | AB17: =AA17/$F17 -> 0.072697859 | AC17: =Y17+AA17 -> 1226368.7 | AD17: =AC17/$F17 -> 0.1569214 | AE17: 1599032.4 | AF17: =AE17/F17 -> 0.20460601 | AG17: 131673.68 | AH17: =AG17/$F17 -> 0.016848455 | AI17: 1310668 | AJ17: =AI17/$F17 -> 0.16770801 | AK17: 201752.72 | AL17: =AK17/$F17 -> 0.025815498
B18: =D26 -> 45889 | D18: 45881 | E18: 二 | F18: =SUM(M18,S18,U18,W18,AC18,AE18,AG18,AI18,AK18) -> 7841558.5 | G18: =SUM(F18:F24) -> 52217932 | I18: 745380.02 | J18: =I18/$F18 -> 0.095055086 | K18: 1078484.5 | L18: =K18/$F18 -> 0.13753446 | M18: =I18+K18 -> 1823864.5 | N18: =M18/F18 -> 0.23258954 | O18: 257418.86 | P18: =O18/$F18 -> 0.032827512 | Q18: 200491.16 | R18: =Q18/$F18 -> 0.025567769 | S18: =O18+Q18 -> 457910.02 | T18: =S18/F18 -> 0.058395282 | U18: 706456.98 | V18: =U18/F18 -> 0.090091399 | W18: 127825.59 | X18: =W18/$F18 -> 0.016301044 | Y18: 987966.2 | Z18: =Y18/$F18 -> 0.12599105 | AA18: 569382.14 | AB18: =AA18/$F18 -> 0.072610839 | AC18: =Y18+AA18 -> 1557348.3 | AD18: =AC18/$F18 -> 0.19860189 | AE18: 1609473.9 | AF18: =AE18/F18 -> 0.20524924 | AG18: 121472.56 | AH18: =AG18/$F18 -> 0.01549087 | AI18: 1244098 | AJ18: =AI18/$F18 -> 0.15865443 | AK18: 193108.64 | AL18: =AK18/$F18 -> 0.024626309
D19: 45882 | E19: 三 | F19: =SUM(M19,S19,U19,W19,AC19,AE19,AG19,AI19,AK19) -> 7976719.9 | I19: 797234.09 | J19: =I19/$F19 -> 0.099945102 | K19: 1075806.2 | L19: =K19/$F19 -> 0.13486825 | M19: =I19+K19 -> 1873040.3 | N19: =M19/$F19 -> 0.23481335 | O19: 266310.62 | P19: =O19/$F19 -> 0.033385981 | Q19: 200827.92 | R19: =Q19/$F19 -> 0.025176755 | S19: =O19+Q19 -> 467138.54 | T19: =S19/$F19 -> 0.058562736 | U19: 739331.86 | V19: =U19/$F19 -> 0.0926862 | W19: 161708.71 | X19: =W19/$F19 -> 0.020272582 | Y19: 936877.14 | Z19: =Y19/$F19 -> 0.11745143 | AA19: 550621.21 | AB19: =AA19/$F19 -> 0.069028525 | AC19: =Y19+AA19 -> 1487498.4 | AD19: =AC19/$F19 -> 0.18647995 | AE19: 1614253.9 | AF19: =AE19/F19 -> 0.20237064 | AG19: 127613.04 | AH19: =AG19/$F19 -> 0.015998185 | AI19: 1313198.8 | AJ19: =AI19/$F19 -> 0.16462892 | AK19: 192936.44 | AL19: =AK19/$F19 -> 0.024187441
D20: 45883 | E20: 四 | F20: =SUM(M20,S20,U20,W20,AC20,AE20,AG20,AI20,AK20) -> 7479649 | I20: 786765.2 | J20: =I20/$F20 -> 0.10518745 | K20: 1004644.2 | L20: =K20/$F20 -> 0.13431702 | M20: =I20+K20 -> 1791409.4 | N20: =M20/F20 -> 0.23950447 | O20: 260845.29 | P20: =O20/$F20 -> 0.034874001 | Q20: 196030.23 | R20: =Q20/$F20 -> 0.02620848 | S20: =O20+Q20 -> 456875.52 | T20: =S20/F20 -> 0.061082481 | U20: 704969.96 | V20: =U20/F20 -> 0.094251743 | W20: 160120.81 | X20: =W20/$F20 -> 0.02140753 | Y20: 823676.36 | Z20: =Y20/$F20 -> 0.11012233 | AA20: 488398.07 | AB20: =AA20/$F20 -> 0.065296923 | AC20: =Y20+AA20 -> 1312074.4 | AD20: =AC20/$F20 -> 0.17541925 | AE20: 1455498.9 | AF20: =AE20/F20 -> 0.19459455 | AG20: 123948.56 | AH20: =AG20/$F20 -> 0.016571441 | AI20: 1281098.6 | AJ20: =AI20/$F20 -> 0.1712779 | AK20: 193652.92 | AL20: =AK20/$F20 -> 0.025890643
D21: 45884 | E21: 五 | F21: =SUM(M21,S21,U21,W21,AC21,AE21,AG21,AI21,AK21) -> 6364780.2 | I21: 589436.89 | J21: =I21/$F21 -> 0.092609151 | K21: 913476.45 | L21: =K21/$F21 -> 0.1435205 | M21: =I21+K21 -> 1502913.3 | N21: =M21/$F21 -> 0.23612965 | O21: 207789.04 | P21: =O21/$F21 -> 0.032646695 | Q21: 171639.61 | R21: =Q21/$F21 -> 0.026967091 | S21: =O21+Q21 -> 379428.65 | T21: =S21/$F21 -> 0.059613787 | U21: 584428.01 | V21: =U21/$F21 -> 0.091822182 | W21: 132492.67 | X21: =W21/$F21 -> 0.020816535 | Y21: 719692.18 | Z21: =Y21/$F21 -> 0.11307416 | AA21: 473959.41 | AB21: =AA21/$F21 -> 0.074465951 | AC21: =Y21+AA21 -> 1193651.6 | AD21: =AC21/$F21 -> 0.18754011 | AE21: 1139974.4 | AF21: =AE21/F21 -> 0.17910664 | AG21: 103298.72 | AH21: =AG21/$F21 -> 0.016229739 | AI21: 1149935.2 | AJ21: =AI21/$F21 -> 0.18067162 | AK21: 178657.68 | AL21: =AK21/$F21 -> 0.028069733
D22: 45885 | E22: 六 | F22: =SUM(M22,S22,U22,W22,AC22,AE22,AG22,AI22,AK22) -> 6421067.8 | I22: 566021.5 | J22: =I22/$F22 -> 0.088150682 | K22: 1030734.3 | L22: =K22/$F22 -> 0.16052382 | M22: =I22+K22 -> 1596755.8 | N22: =M22/F22 -> 0.2486745 | O22: 204431.69 | P22: =O22/$F22 -> 0.031837647 | Q22: 172164.23 | R22: =Q22/$F22 -> 0.026812399 | S22: =O22+Q22 -> 376595.92 | T22: =S22/F22 -> 0.058650046 | U22: 564425.66 | V22: =U22/F22 -> 0.08790215 | W22: 126109.67 | X22: =W22/$F22 -> 0.019639984 | Y22: 734713.27 | Z22: =Y22/$F22 -> 0.11442229 | AA22: 546919.48 | AB22: =AA22/$F22 -> 0.085175784 | AC22: =Y22+AA22 -> 1281632.8 | AD22: =AC22/$F22 -> 0.19959807 | AE22: 1080430.9 | AF22: =AE22/F22 -> 0.16826343 | AG22: 104437.68 | AH22: =AG22/$F22 -> 0.016264846 | AI22: 1118197.2 | AJ22: =AI22/$F22 -> 0.17414506 | AK22: 172482.16 | AL22: =AK22/$F22 -> 0.026861912
D23: 45886 | E23: 日 | F23: =SUM(M23,S23,U23,W23,AC23,AE23,AG23,AI23,AK23) -> 8145084.9 | I23: 822755.01 | J23: =I23/$F23 -> 0.10101245 | K23: 1151709.1 | L23: =K23/$F23 -> 0.14139927 | M23: =I23+K23 -> 1974464.1 | N23: =M23/$F23 -> 0.24241172 | O23: 292053.28 | P23: =O23/$F23 -> 0.035856383 | Q23: 209484.59 | R23: =Q23/$F23 -> 0.025719141 | S23: =O23+Q23 -> 501537.87 | T23: =S23/$F23 -> 0.061575524 | U23: 737537.42 | V23: =U23/$F23 -> 0.090549998 | W23: 143713.23 | X23: =W23/$F23 -> 0.017644166 | Y23: 872798.68 | Z23: =Y23/$F23 -> 0.10715649 | AA23: 590584.6 | AB23: =AA23/$F23 -> 0.072508097 | AC23: =Y23+AA23 -> 1463383.3 | AD23: =AC23/$F23 -> 0.17966458 | AE23: 1637637.3 | AF23: =AE23/F23 -> 0.20105835 | AG23: 133307.84 | AH23: =AG23/$F23 -> 0.016366661 | AI23: 1353127.5 | AJ23: =AI23/$F23 -> 0.16612811 | AK23: 200376.28 | AL23: =AK23/$F23 -> 0.024600883
D24: 45887 | E24: 一 | F24: =SUM(M24,S24,U24,W24,AC24,AE24,AG24,AI24,AK24) -> 7989071.6 | I24: 814780.46 | J24: =I24/$F24 -> 0.10198688 | K24: 1220188.7 | L24: =K24/$F24 -> 0.15273223 | M24: =I24+K24 -> 2034969.2 | N24: =M24/F24 -> 0.25471911 | O24: 281514.66 | P24: =O24/$F24 -> 0.035237469 | Q24: 215920.9 | R24: =Q24/$F24 -> 0.027027033 | S24: =O24+Q24 -> 497435.56 | T24: =S24/F24 -> 0.062264502 | U24: 722096.91 | V24: =U24/F24 -> 0.090385586 | W24: 140073.84 | X24: =W24/$F24 -> 0.017533181 | Y24: 804543.45 | Z24: =Y24/$F24 -> 0.1007055 | AA24: 580810.69 | AB24: =AA24/$F24 -> 0.072700649 | AC24: =Y24+AA24 -> 1385354.1 | AD24: =AC24/$F24 -> 0.17340615 | AE24: 1580478.6 | AF24: =AE24/F24 -> 0.19783007 | AG24: 123651.44 | AH24: =AG24/$F24 -> 0.015477573 | AI24: 1313311.8 | AJ24: =AI24/$F24 -> 0.16438854 | AK24: 191700.1 | AL24: =AK24/$F24 -> 0.023995291
B25: =D26 -> 45889 | D25: 45888 | E25: 二 | F25: =SUM(M25,S25,U25,W25,AC25,AE25,AG25,AI25,AK25) -> 7909637 | G25: =SUM(F25:F31) -> 50567324 | I25: 875139.89 | J25: =I25/$F25 -> 0.11064223 | K25: 1199689.1 | L25: =K25/$F25 -> 0.15167435 | M25: =I25+K25 -> 2074829 | N25: =M25/$F25 -> 0.26231658 | O25: 386552.85 | P25: =O25/$F25 -> 0.048871124 | Q25: 213050.47 | R25: =Q25/$F25 -> 0.026935556 | S25: =O25+Q25 -> 599603.32 | T25: =S25/$F25 -> 0.075806679 | U25: 713433.99 | V25: =U25/$F25 -> 0.090198069 | W25: 115894.22 | X25: =W25/$F25 -> 0.01465228 | Y25: 808258.98 | Z25: =Y25/$F25 -> 0.10218661 | AA25: 555157.81 | AB25: =AA25/$F25 -> 0.07018752 | AC25: =Y25+AA25 -> 1363416.8 | AD25: =AC25/$F25 -> 0.17237413 | AE25: 1493682.2 | AF25: =AE25/F25 -> 0.18884333 | AG25: 104883.36 | AH25: =AG25/$F25 -> 0.013260199 | AI25: 1255426.7 | AJ25: =AI25/$F25 -> 0.15872115 | AK25: 188467.54 | AL25: =AK25/$F25 -> 0.023827584
D26: 45889 | E26: 三 | F26: =SUM(M26,S26,U26,W26,AC26,AE26,AG26,AI26,AK26) -> 7775987.8 | I26: 860655.66 | J26: =I26/$F26 -> 0.1106812 | K26: 1171588.6 | L26: =K26/$F26 -> 0.15066749 | M26: =I26+K26 -> 2032244.2 | N26: =M26/F26 -> 0.26134869 | O26: 342777.47 | P26: =O26/$F26 -> 0.044081534 | Q26: 206194.99 | R26: =Q26/$F26 -> 0.026516887 | S26: =O26+Q26 -> 548972.46 | T26: =S26/F26 -> 0.070598421 | U26: 704925.1 | V26: =U26/F26 -> 0.090654091 | W26: 109592.45 | X26: =W26/$F26 -> 0.014093701 | Y26: 808561.34 | Z26: =Y26/$F26 -> 0.10398182 | AA26: 523625.55 | AB26: =AA26/$F26 -> 0.067338783 | AC26: =Y26+AA26 -> 1332186.9 | AD26: =AC26/$F26 -> 0.1713206 | AE26: 1429884.7 | AF26: =AE26/F26 -> 0.18388464 | AG26: 108498.32 | AH26: =AG26/$F26 -> 0.013952995 | AI26: 1311648.6 | AJ26: =AI26/$F26 -> 0.16867936 | AK26: 198034.92 | AL26: =AK26/$F26 -> 0.025467494
D27: 45890 | E27: 四 | F27: =SUM(M27,S27,U27,W27,AC27,AE27,AG27,AI27,AK27) -> 7246465.3 | I27: 837051.52 | J27: =I27/$F27 -> 0.1155117 | K27: 1063532.9 | L27: =K27/$F27 -> 0.14676575 | M27: =I27+K27 -> 1900584.4 | N27: =M27/$F27 -> 0.26227745 | O27: 327033.76 | P27: =O27/$F27 -> 0.045130108 | Q27: 200389.36 | R27: =Q27/$F27 -> 0.027653394 | S27: =O27+Q27 -> 527423.12 | T27: =S27/$F27 -> 0.072783502 | U27: 650068.18 | V27: =U27/$F27 -> 0.089708313 | W27: 89651.69 | X27: =W27/$F27 -> 0.012371782 | Y27: 757874.34 | Z27: =Y27/$F27 -> 0.10458538 | AA27: 457038.84 | AB27: =AA27/$F27 -> 0.06307059 | AC27: =Y27+AA27 -> 1214913.2 | AD27: =AC27/$F27 -> 0.16765597 | AE27: 1326002.9 | AF27: =AE27/F27 -> 0.18298617 | AG27: 106368.96 | AH27: =AG27/$F27 -> 0.014678737 | AI27: 1246380.6 | AJ27: =AI27/$F27 -> 0.17199842 | AK27: 185072.24 | AL27: =AK27/$F27 -> 0.025539657
D28: 45891 | E28: 五 | F28: =SUM(M28,S28,U28,W28,AC28,AE28,AG28,AI28,AK28) -> 5933586.3 | I28: 647996.12 | J28: =I28/$F28 -> 0.10920817 | K28: 956263.61 | L28: =K28/$F28 -> 0.16116115 | M28: =I28+K28 -> 1604259.7 | N28: =M28/F28 -> 0.27036932 | O28: 278125.58 | P28: =O28/$F28 -> 0.046873099 | Q28: 172268.36 | R28: =Q28/$F28 -> 0.029032755 | S28: =O28+Q28 -> 450393.94 | T28: =S28/F28 -> 0.075905854 | U28: 533718.82 | V28: =U28/F28 -> 0.089948774 | W28: 86994.8 | X28: =W28/$F28 -> 0.01466142 | Y28: 608937.53 | Z28: =Y28/$F28 -> 0.10262554 | AA28: 447191.99 | AB28: =AA28/$F28 -> 0.075366223 | AC28: =Y28+AA28 -> 1056129.5 | AD28: =AC28/$F28 -> 0.17799177 | AE28: 956499.18 | AF28: =AE28/F28 -> 0.16120085 | AG28: 84629.68 | AH28: =AG28/$F28 -> 0.014262821 | AI28: 997418.16 | AJ28: =AI28/$F28 -> 0.16809702 | AK28: 163542.52 | AL28: =AK28/$F28 -> 0.027562171
D29: 45892 | E29: 六 | F29: =SUM(M29,S29,U29,W29,AC29,AE29,AG29,AI29,AK29) -> 6081229.5 | I29: 619306.15 | J29: =I29/$F29 -> 0.10183897 | K29: 1066731.6 | L29: =K29/$F29 -> 0.17541379 | M29: =I29+K29 -> 1686037.7 | N29: =M29/$F29 -> 0.27725276 | O29: 267588.99 | P29: =O29/$F29 -> 0.044002449 | Q29: 172897.79 | R29: =Q29/$F29 -> 0.028431387 | S29: =O29+Q29 -> 440486.78 | T29: =S29/$F29 -> 0.072433836 | U29: 514063.4 | V29: =U29/$F29 -> 0.084532807 | W29: 95936.6 | X29: =W29/$F29 -> 0.015775856 | Y29: 566519.53 | Z29: =Y29/$F29 -> 0.093158715 | AA29: 562403.13 | AB29: =AA29/$F29 -> 0.092481813 | AC29: =Y29+AA29 -> 1128922.7 | AD29: =AC29/$F29 -> 0.18564053 | AE29: 976636.64 | AF29: =AE29/F29 -> 0.16059855 | AG29: 89928.32 | AH29: =AG29/$F29 -> 0.014787852 | AI29: 983684.71 | AJ29: =AI29/$F29 -> 0.16175754 | AK29: 165532.72 | AL29: =AK29/$F29 -> 0.027220272
D30: 45893 | E30: 日 | F30: =SUM(M30,S30,U30,W30,AC30,AE30,AG30,AI30,AK30) -> 7894027 | I30: 872202.07 | J30: =I30/$F30 -> 0.11048886 | K30: 1195900.3 | L30: =K30/$F30 -> 0.15149433 | M30: =I30+K30 -> 2068102.4 | N30: =M30/F30 -> 0.26198319 | O30: 363786.14 | P30: =O30/$F30 -> 0.046083721 | Q30: 208411.41 | R30: =Q30/$F30 -> 0.026401152 | S30: =O30+Q30 -> 572197.55 | T30: =S30/F30 -> 0.072484873 | U30: 698698.72 | V30: =U30/F30 -> 0.088509796 | W30: 113281.8 | X30: =W30/$F30 -> 0.014350318 | Y30: 747412.49 | Z30: =Y30/$F30 -> 0.094680761 | AA30: 583843.15 | AB30: =AA30/$F30 -> 0.073960115 | AC30: =Y30+AA30 -> 1331255.6 | AD30: =AC30/$F30 -> 0.16864088 | AE30: 1488193.9 | AF30: =AE30/F30 -> 0.18852151 | AG30: 116718.64 | AH30: =AG30/$F30 -> 0.01478569 | AI30: 1314262 | AJ30: =AI30/$F30 -> 0.16648815 | AK30: 191316.38 | AL30: =AK30/$F30 -> 0.024235587
D31: 45894 | E31: 一 | F31: =SUM(M31,S31,U31,W31,AC31,AE31,AG31,AI31,AK31) -> 7726391.3 | I31: 861464.1 | J31: =I31/$F31 -> 0.11149631 | K31: 1178385.3 | L31: =K31/$F31 -> 0.15251431 | M31: =I31+K31 -> 2039849.4 | N31: =M31/$F31 -> 0.26401062 | O31: 335216.99 | P31: =O31/$F31 -> 0.043385971 | Q31: 212122.75 | R31: =Q31/$F31 -> 0.027454311 | S31: =O31+Q31 -> 547339.74 | T31: =S31/$F31 -> 0.070840282 | U31: 707385.36 | V31: =U31/$F31 -> 0.091554431 | W31: 105252.38 | X31: =W31/$F31 -> 0.01362245 | Y31: 751110.57 | Z31: =Y31/$F31 -> 0.097213633 | AA31: 562370.03 | AB31: =AA31/$F31 -> 0.072785601 | AC31: =Y31+AA31 -> 1313480.6 | AD31: =AC31/$F31 -> 0.16999923 | AE31: 1398384.2 | AF31: =AE31/F31 -> 0.18098802 | AG31: 114886.4 | AH31: =AG31/$F31 -> 0.014869348 | AI31: 1308832.2 | AJ31: =AI31/$F31 -> 0.16939761 | AK31: 190981.04 | AL31: =AK31/$F31 -> 0.024718013
B32: =D40 -> 45903 | D32: 45895 | E32: 二 | F32: =SUM(M32,S32,U32,W32,AC32,AE32,AG32,AI32,AK32) -> 7423824.2 | G32: =SUM(F32:F38) -> 48911413 | I32: 842650.86 | J32: =I32/$F32 -> 0.11350631 | K32: 1145762.5 | L32: =K32/$F32 -> 0.15433589 | M32: =I32+K32 -> 1988413.3 | N32: =M32/F32 -> 0.26784219 | O32: 320661.17 | P32: =O32/$F32 -> 0.04319353 | Q32: 207484.48 | R32: =Q32/$F32 -> 0.027948464 | S32: =O32+Q32 -> 528145.65 | T32: =S32/F32 -> 0.071141993 | U32: 682417.34 | V32: =U32/F32 -> 0.091922616 | W32: 82680.51 | X32: =W32/$F32 -> 0.011137186 | Y32: 733012.91 | Z32: =Y32/$F32 -> 0.098737913 | AA32: 533320.82 | AB32: =AA32/$F32 -> 0.071839096 | AC32: =Y32+AA32 -> 1266333.7 | AD32: =AC32/$F32 -> 0.17057701 | AE32: 1287486.1 | AF32: =AE32/F32 -> 0.17342626 | AG32: 107161.28 | AH32: =AG32/$F32 -> 0.014434781 | AI32: 1296175.7 | AJ32: =AI32/$F32 -> 0.17459677 | AK32: 185010.56 | AL32: =AK32/$F32 -> 0.024921194
D33: 45896 | E33: 三 | F33: =SUM(M33,S33,U33,W33,AC33,AE33,AG33,AI33,AK33) -> 7268105.9 | I33: 839770.28 | J33: =I33/$F33 -> 0.11554183 | K33: 1116611.5 | L33: =K33/$F33 -> 0.15363171 | M33: =I33+K33 -> 1956381.8 | N33: =M33/$F33 -> 0.26917354 | O33: 317414.83 | P33: =O33/$F33 -> 0.04367229 | Q33: 197560.26 | R33: =Q33/$F33 -> 0.027181808 | S33: =O33+Q33 -> 514975.09 | T33: =S33/$F33 -> 0.070854098 | U33: 667417.43 | V33: =U33/$F33 -> 0.091828248 | W33: 79724.71 | X33: =W33/$F33 -> 0.010969118 | Y33: 696912.67 | Z33: =Y33/$F33 -> 0.095886422 | AA33: 475648.24 | AB33: =AA33/$F33 -> 0.065443218 | AC33: =Y33+AA33 -> 1172560.9 | AD33: =AC33/$F33 -> 0.16132964 | AE33: 1293168.5 | AF33: =AE33/F33 -> 0.17792373 | AG33: 101516 | AH33: =AG33/$F33 -> 0.013967325 | AI33: 1299956.4 | AJ33: =AI33/$F33 -> 0.17885766 | AK33: 182405 | AL33: =AK33/$F33 -> 0.025096635
D34: 45897 | E34: 四 | F34: =SUM(M34,S34,U34,W34,AC34,AE34,AG34,AI34,AK34) -> 6765305.7 | I34: 827273.28 | J34: =I34/$F34 -> 0.12228173 | K34: 1028776 | L34: =K34/$F34 -> 0.15206644 | M34: =I34+K34 -> 1856049.3 | N34: =M34/F34 -> 0.27434817 | O34: 306488.28 | P34: =O34/$F34 -> 0.045302946 | Q34: 192799.86 | R34: =Q34/$F34 -> 0.028498322 | S34: =O34+Q34 -> 499288.14 | T34: =S34/F34 -> 0.073801268 | U34: 614875.06 | V34: =U34/F34 -> 0.090886515 | W34: 77381.76 | X34: =W34/$F34 -> 0.011438029 | Y34: 646786.2 | Z34: =Y34/$F34 -> 0.095603396 | AA34: 413163.04 | AB34: =AA34/$F34 -> 0.06107086 | AC34: =Y34+AA34 -> 1059949.2 | AD34: =AC34/$F34 -> 0.15667426 | AE34: 1163189.9 | AF34: =AE34/F34 -> 0.17193457 | AG34: 96861.12 | AH34: =AG34/$F34 -> 0.014317331 | AI34: 1219415 | AJ34: =AI34/$F34 -> 0.18024537 | AK34: 178296.2 | AL34: =AK34/$F34 -> 0.026354493
D35: 45898 | E35: 五 | F35: =SUM(M35,S35,U35,W35,AC35,AE35,AG35,AI35,AK35) -> 5760799.9 | I35: 629840.5 | J35: =I35/$F35 -> 0.10933213 | K35: 939469.28 | L35: =K35/$F35 -> 0.16307966 | M35: =I35+K35 -> 1569309.8 | N35: =M35/$F35 -> 0.27241178 | O35: 239787.18 | P35: =O35/$F35 -> 0.041623938 | Q35: 166844.3 | R35: =Q35/$F35 -> 0.028962002 | S35: =O35+Q35 -> 406631.48 | T35: =S35/$F35 -> 0.070585941 | U35: 528955.49 | V35: =U35/$F35 -> 0.091819799 | W35: 73950.1 | X35: =W35/$F35 -> 0.012836776 | Y35: 552893.37 | Z35: =Y35/$F35 -> 0.095975104 | AA35: 418581.21 | AB35: =AA35/$F35 -> 0.072660258 | AC35: =Y35+AA35 -> 971474.58 | AD35: =AC35/$F35 -> 0.16863536 | AE35: 869604.68 | AF35: =AE35/F35 -> 0.15095207 | AG35: 83193.6 | AH35: =AG35/$F35 -> 0.014441328 | AI35: 1099490.1 | AJ35: =AI35/$F35 -> 0.19085719 | AK35: 158190.1 | AL35: =AK35/$F35 -> 0.027459746
D36: 45899 | E36: 六 | F36: =SUM(M36,S36,U36,W36,AC36,AE36,AG36,AI36,AK36) -> 6161593.8 | I36: 604104.1 | J36: =I36/$F36 -> 0.09804348 | K36: 1074398.9 | L36: =K36/$F36 -> 0.17437028 | M36: =I36+K36 -> 1678503 | N36: =M36/F36 -> 0.27241376 | O36: 235559.91 | P36: =O36/$F36 -> 0.038230354 | Q36: 171855.07 | R36: =Q36/$F36 -> 0.027891334 | S36: =O36+Q36 -> 407414.98 | T36: =S36/F36 -> 0.066121688 | U36: 548781.84 | V36: =U36/F36 -> 0.089064917 | W36: 83288.54 | X36: =W36/$F36 -> 0.013517369 | Y36: 575890.97 | Z36: =Y36/$F36 -> 0.093464611 | AA36: 556021.18 | AB36: =AA36/$F36 -> 0.09023983 | AC36: =Y36+AA36 -> 1131912.1 | AD36: =AC36/$F36 -> 0.18370444 | AE36: 936764.86 | AF36: =AE36/F36 -> 0.15203288 | AG36: 90968.24 | AH36: =AG36/$F36 -> 0.014763752 | AI36: 1110801.5 | AJ36: =AI36/$F36 -> 0.18027827 | AK36: 173158.74 | AL36: =AK36/$F36 -> 0.028102914
D37: 45900 | E37: 日 | F37: =SUM(M37,S37,U37,W37,AC37,AE37,AG37,AI37,AK37) -> 7725142.4 | I37: 868294.42 | J37: =I37/$F37 -> 0.1123985 | K37: 1191648 | L37: =K37/$F37 -> 0.1542558 | M37: =I37+K37 -> 2059942.4 | N37: =M37/$F37 -> 0.2666543 | O37: 341134.58 | P37: =O37/$F37 -> 0.044159002 | Q37: 205826.31 | R37: =Q37/$F37 -> 0.026643691 | S37: =O37+Q37 -> 546960.89 | T37: =S37/$F37 -> 0.070802694 | U37: 712487.81 | V37: =U37/$F37 -> 0.092229732 | W37: 96736.97 | X37: =W37/$F37 -> 0.012522354 | Y37: 750918.44 | Z37: =Y37/$F37 -> 0.097204479 | AA37: 528276.45 | AB37: =AA37/$F37 -> 0.068384041 | AC37: =Y37+AA37 -> 1279194.9 | AD37: =AC37/$F37 -> 0.16558852 | AE37: 1424431.1 | AF37: =AE37/F37 -> 0.18438898 | AG37: 112757.04 | AH37: =AG37/$F37 -> 0.014596112 | AI37: 1302963.7 | AJ37: =AI37/$F37 -> 0.16866533 | AK37: 189667.54 | AL37: =AK37/$F37 -> 0.02455198
D38: 45901 | E38: 一 | F38: =SUM(M38,S38,U38,W38,AC38,AE38,AG38,AI38,AK38) -> 7806641.3 | H38: =SUM(F38:F67) -> 1.0877328e+08 | I38: 848588.53 | J38: =I38/$F38 -> 0.10870085 | K38: 1224661.8 | L38: =K38/$F38 -> 0.15687435 | M38: =I38+K38 -> 2073250.3 | N38: =M38/F38 -> 0.2655752 | O38: 328547.87 | P38: =O38/$F38 -> 0.042085688 | Q38: 209476.46 | R38: =Q38/$F38 -> 0.026833109 | S38: =O38+Q38 -> 538024.33 | T38: =S38/F38 -> 0.068918797 | U38: 702181.23 | V38: =U38/F38 -> 0.089946649 | W38: 89181.09 | X38: =W38/$F38 -> 0.011423746 | Y38: 739848.56 | Z38: =Y38/$F38 -> 0.094771686 | AA38: 799901.73 | AB38: =AA38/$F38 -> 0.10246426 | AC38: =Y38+AA38 -> 1539750.3 | AD38: =AC38/$F38 -> 0.19723595 | AE38: 1311208.1 | AF38: =AE38/F38 -> 0.16796059 | AG38: 104536.72 | AH38: =AG38/$F38 -> 0.013390742 | AI38: 1261294.4 | AJ38: =AI38/$F38 -> 0.16156685 | AK38: 187214.86 | AL38: =AK38/$F38 -> 0.023981486
B39: =D47 -> 45910 | D39: 45902 | E39: 二 | F39: =SUM(M39,S39,U39,W39,AC39,AE39,AG39,AI39,AK39) -> 8169292.4 | G39: =SUM(F39:F45) -> 50724262 | I39: 1302143.7 | J39: =I39/$F39 -> 0.15939492 | K39: 1245426.8 | L39: =K39/$F39 -> 0.15245222 | M39: =I39+K39 -> 2547570.5 | N39: =M39/$F39 -> 0.31184714 | O39: 321541.51 | P39: =O39/$F39 -> 0.039359775 | Q39: 214295.64 | R39: =Q39/$F39 -> 0.026231848 | S39: =O39+Q39 -> 535837.15 | T39: =S39/$F39 -> 0.065591623 | U39: 681820.89 | V39: =U39/$F39 -> 0.083461438 | W39: 81275.72 | X39: =W39/$F39 -> 0.0099489302 | Y39: 715738.99 | Z39: =Y39/$F39 -> 0.087613339 | AA39: 839618.3 | AB39: =AA39/$F39 -> 0.10277736 | AC39: =Y39+AA39 -> 1555357.3 | AD39: =AC39/$F39 -> 0.1903907 | AE39: 1297300 | AF39: =AE39/F39 -> 0.158802 | AG39: 99436.16 | AH39: =AG39/$F39 -> 0.012171943 | AI39: 1187007.9 | AJ39: =AI39/$F39 -> 0.14530119 | AK39: 183686.8 | AL39: =AK39/$F39 -> 0.022485032
D40: 45903 | E40: 三 | F40: =SUM(M40,S40,U40,W40,AC40,AE40,AG40,AI40,AK40) -> 7774607.2 | I40: 1232066.8 | J40: =I40/$F40 -> 0.15847319 | K40: 1207209.5 | L40: =K40/$F40 -> 0.15527595 | M40: =I40+K40 -> 2439276.3 | N40: =M40/F40 -> 0.31374914 | O40: 296103.12 | P40: =O40/$F40 -> 0.038085927 | Q40: 203555.42 | R40: =Q40/$F40 -> 0.026182084 | S40: =O40+Q40 -> 499658.54 | T40: =S40/F40 -> 0.064268011 | U40: 654758.87 | V40: =U40/F40 -> 0.084217614 | W40: 79250.32 | X40: =W40/$F40 -> 0.010193482 | Y40: 673547.3 | Z40: =Y40/$F40 -> 0.086634255 | AA40: 730602 | AB40: =AA40/$F40 -> 0.093972851 | AC40: =Y40+AA40 -> 1404149.3 | AD40: =AC40/$F40 -> 0.18060711 | AE40: 1269715.2 | AF40: =AE40/F40 -> 0.16331567 | AG40: 98792.4 | AH40: =AG40/$F40 -> 0.01270706 | AI40: 1150287.3 | AJ40: =AI40/$F40 -> 0.1479544 | AK40: 178718.96 | AL40: =AK40/$F40 -> 0.022987523
D41: 45904 | E41: 四 | F41: =SUM(M41,S41,U41,W41,AC41,AE41,AG41,AI41,AK41) -> 6925705.3 | I41: 1129887.6 | J41: =I41/$F41 -> 0.16314405 | K41: 1068397.7 | L41: =K41/$F41 -> 0.15426554 | M41: =I41+K41 -> 2198285.3 | N41: =M41/$F41 -> 0.31740959 | O41: 278699.43 | P41: =O41/$F41 -> 0.040241306 | Q41: 205084.15 | R41: =Q41/$F41 -> 0.029612024 | S41: =O41+Q41 -> 483783.58 | T41: =S41/$F41 -> 0.06985333 | U41: 610503.39 | V41: =U41/$F41 -> 0.088150356 | W41: 75191.45 | X41: =W41/$F41 -> 0.010856865 | Y41: 614110.43 | Z41: =Y41/$F41 -> 0.088671175 | AA41: 502137.16 | AB41: =AA41/$F41 -> 0.072503397 | AC41: =Y41+AA41 -> 1116247.6 | AD41: =AC41/$F41 -> 0.16117457 | AE41: 1122214.9 | AF41: =AE41/F41 -> 0.16203618 | AG41: 88888.4 | AH41: =AG41/$F41 -> 0.012834563 | AI41: 1068726.1 | AJ41: =AI41/$F41 -> 0.15431297 | AK41: 161864.62 | AL41: =AK41/$F41 -> 0.023371572
D42: 45905 | E42: 五 | F42: =SUM(M42,S42,U42,W42,AC42,AE42,AG42,AI42,AK42) -> 5813361.8 | I42: 935237.59 | J42: =I42/$F42 -> 0.16087724 | K42: 978474.32 | L42: =K42/$F42 -> 0.16831471 | M42: =I42+K42 -> 1913711.9 | N42: =M42/F42 -> 0.32919195 | O42: 207142.36 | P42: =O42/$F42 -> 0.035632112 | Q42: 163173.46 | R42: =Q42/$F42 -> 0.028068692 | S42: =O42+Q42 -> 370315.82 | T42: =S42/F42 -> 0.063700804 | U42: 498335.7 | V42: =U42/F42 -> 0.085722464 | W42: 67415.44 | X42: =W42/$F42 -> 0.011596636 | Y42: 501696.74 | Z42: =Y42/$F42 -> 0.086300622 | AA42: 426918.92 | AB42: =AA42/$F42 -> 0.073437528 | AC42: =Y42+AA42 -> 928615.66 | AD42: =AC42/$F42 -> 0.15973815 | AE42: 816869.79 | AF42: =AE42/F42 -> 0.1405159 | AG42: 76458.88 | AH42: =AG42/$F42 -> 0.013152266 | AI42: 988349.56 | AJ42: =AI42/$F42 -> 0.17001343 | AK42: 153289.04 | AL42: =AK42/$F42 -> 0.026368398
D43: 45906 | E43: 六 | F43: =SUM(M43,S43,U43,W43,AC43,AE43,AG43,AI43,AK43) -> 6064269.1 | I43: 891347.31 | J43: =I43/$F43 -> 0.14698347 | K43: 1105874 | L43: =K43/$F43 -> 0.18235899 | M43: =I43+K43 -> 1997221.3 | N43: =M43/$F43 -> 0.32934246 | O43: 199443.64 | P43: =O43/$F43 -> 0.032888323 | Q43: 162642.39 | R43: =Q43/$F43 -> 0.026819784 | S43: =O43+Q43 -> 362086.03 | T43: =S43/$F43 -> 0.059708107 | U43: 479468.98 | V43: =U43/$F43 -> 0.079064595 | W43: 75939.59 | X43: =W43/$F43 -> 0.012522464 | Y43: 538128.39 | Z43: =Y43/$F43 -> 0.088737551 | AA43: 541563.71 | AB43: =AA43/$F43 -> 0.089304037 | AC43: =Y43+AA43 -> 1079692.1 | AD43: =AC43/$F43 -> 0.17804159 | AE43: 857602.14 | AF43: =AE43/F43 -> 0.14141888 | AG43: 82104.16 | AH43: =AG43/$F43 -> 0.013539003 | AI43: 976065.29 | AJ43: =AI43/$F43 -> 0.16095349 | AK43: 154089.5 | AL43: =AK43/$F43 -> 0.02540941
D44: 45907 | E44: 日 | F44: =SUM(M44,S44,U44,W44,AC44,AE44,AG44,AI44,AK44) -> 8031264.4 | I44: 1241590.4 | J44: =I44/$F44 -> 0.15459464 | K44: 1237217.1 | L44: =K44/$F44 -> 0.15405011 | M44: =I44+K44 -> 2478807.5 | N44: =M44/F44 -> 0.30864474 | O44: 303639.57 | P44: =O44/$F44 -> 0.037807194 | Q44: 205576.97 | R44: =Q44/$F44 -> 0.025597087 | S44: =O44+Q44 -> 509216.54 | T44: =S44/F44 -> 0.063404281 | U44: 691284.1 | V44: =U44/F44 -> 0.086074131 | W44: 104648.76 | X44: =W44/$F44 -> 0.013030172 | Y44: 721523.59 | Z44: =Y44/$F44 -> 0.089839353 | AA44: 648744.97 | AB44: =AA44/$F44 -> 0.080777439 | AC44: =Y44+AA44 -> 1370268.6 | AD44: =AC44/$F44 -> 0.17061679 | AE44: 1362030 | AF44: =AE44/F44 -> 0.16959098 | AG44: 103249.2 | AH44: =AG44/$F44 -> 0.012855909 | AI44: 1229529.8 | AJ44: =AI44/$F44 -> 0.15309293 | AK44: 182229.88 | AL44: =AK44/$F44 -> 0.022690061
D45: 45908 | E45: 一 | F45: =SUM(M45,S45,U45,W45,AC45,AE45,AG45,AI45,AK45) -> 7945762.3 | I45: 1193479.8 | J45: =I45/$F45 -> 0.15020332 | K45: 1266015.5 | L45: =K45/$F45 -> 0.15933217 | M45: =I45+K45 -> 2459495.4 | N45: =M45/$F45 -> 0.30953548 | O45: 289463.02 | P45: =O45/$F45 -> 0.036429862 | Q45: 206073.56 | R45: =Q45/$F45 -> 0.025935027 | S45: =O45+Q45 -> 495536.58 | T45: =S45/$F45 -> 0.062364889 | U45: 696132.26 | V45: =U45/$F45 -> 0.087610507 | W45: 96879.84 | X45: =W45/$F45 -> 0.012192643 | Y45: 715325.3 | Z45: =Y45/$F45 -> 0.090026013 | AA45: 655193.05 | AB45: =AA45/$F45 -> 0.082458174 | AC45: =Y45+AA45 -> 1370518.4 | AD45: =AC45/$F45 -> 0.17248419 | AE45: 1361107.4 | AF45: =AE45/F45 -> 0.17129979 | AG45: 105527.12 | AH45: =AG45/$F45 -> 0.013280931 | AI45: 1174642.2 | AJ45: =AI45/$F45 -> 0.14783253 | AK45: 185923.2 | AL45: =AK45/$F45 -> 0.023399039
B46: =D54 -> 45917 | D46: 45909 | E46: 二 | F46: =SUM(M46,S46,U46,W46,AC46,AE46,AG46,AI46,AK46) -> 7852972.2 | G46: =SUM(F46:F52) -> 50242376 | I46: 1348176.4 | J46: =I46/$F46 -> 0.17167722 | K46: 1207936 | L46: =K46/$F46 -> 0.15381895 | M46: =I46+K46 -> 2556112.4 | N46: =M46/$F46 -> 0.32549617 | O46: 267916.51 | P46: =O46/$F46 -> 0.034116574 | Q46: 201051.07 | R46: =Q46/$F46 -> 0.025601908 | S46: =O46+Q46 -> 468967.58 | T46: =S46/$F46 -> 0.059718482 | U46: 675816.54 | V46: =U46/$F46 -> 0.086058695 | W46: 84835.22 | X46: =W46/$F46 -> 0.010802944 | Y46: 681253.26 | Z46: =Y46/$F46 -> 0.086751009 | AA46: 646677.27 | AB46: =AA46/$F46 -> 0.082348091 | AC46: =Y46+AA46 -> 1327930.5 | AD46: =AC46/$F46 -> 0.1690991 | AE46: 1335847.9 | AF46: =AE46/F46 -> 0.1701073 | AG46: 96960.16 | AH46: =AG46/$F46 -> 0.012346938 | AI46: 1129523.4 | AJ46: =AI46/$F46 -> 0.14383388 | AK46: 176978.46 | AL46: =AK46/$F46 -> 0.022536494
D47: 45910 | E47: 三 | F47: =SUM(M47,S47,U47,W47,AC47,AE47,AG47,AI47,AK47) -> 7585453.3 | I47: 1342606.3 | J47: =I47/$F47 -> 0.17699751 | K47: 1179999.6 | L47: =K47/$F47 -> 0.15556085 | M47: =I47+K47 -> 2522605.9 | N47: =M47/F47 -> 0.33255836 | O47: 260695.59 | P47: =O47/$F47 -> 0.034367833 | Q47: 193633.79 | R47: =Q47/$F47 -> 0.02552699 | S47: =O47+Q47 -> 454329.38 | T47: =S47/F47 -> 0.059894823 | U47: 666359.16 | V47: =U47/F47 -> 0.08784698 | W47: 69206.61 | X47: =W47/$F47 -> 0.0091235958 | Y47: 653842.96 | Z47: =Y47/$F47 -> 0.086196953 | AA47: 562937.12 | AB47: =AA47/$F47 -> 0.07421272 | AC47: =Y47+AA47 -> 1216780.1 | AD47: =AC47/$F47 -> 0.16040967 | AE47: 1298908.7 | AF47: =AE47/F47 -> 0.17123679 | AG47: 95226.96 | AH47: =AG47/$F47 -> 0.012553892 | AI47: 1081157.5 | AJ47: =AI47/$F47 -> 0.14253037 | AK47: 180879.06 | AL47: =AK47/$F47 -> 0.023845518
D48: 45911 | E48: 四 | F48: =SUM(M48,S48,U48,W48,AC48,AE48,AG48,AI48,AK48) -> 6980689.6 | I48: 1267489.9 | J48: =I48/$F48 -> 0.18157087 | K48: 1047194.7 | L48: =K48/$F48 -> 0.15001307 | M48: =I48+K48 -> 2314684.6 | N48: =M48/$F48 -> 0.33158395 | O48: 251198.56 | P48: =O48/$F48 -> 0.035984777 | Q48: 187627.17 | R48: =Q48/$F48 -> 0.026878028 | S48: =O48+Q48 -> 438825.73 | T48: =S48/$F48 -> 0.062862805 | U48: 607730.96 | V48: =U48/$F48 -> 0.087058871 | W48: 68223.75 | X48: =W48/$F48 -> 0.0097732106 | Y48: 593420.44 | Z48: =Y48/$F48 -> 0.085008856 | AA48: 470331.48 | AB48: =AA48/$F48 -> 0.067376077 | AC48: =Y48+AA48 -> 1063751.9 | AD48: =AC48/$F48 -> 0.15238493 | AE48: 1176869.1 | AF48: =AE48/F48 -> 0.16858922 | AG48: 89334.08 | AH48: =AG48/$F48 -> 0.012797314 | AI48: 1056235.8 | AJ48: =AI48/$F48 -> 0.15130823 | AK48: 165033.72 | AL48: =AK48/$F48 -> 0.023641464
D49: 45912 | E49: 五 | F49: =SUM(M49,S49,U49,W49,AC49,AE49,AG49,AI49,AK49) -> 5798799.4 | I49: 935677.68 | J49: =I49/$F49 -> 0.16135714 | K49: 948931.21 | L49: =K49/$F49 -> 0.1636427 | M49: =I49+K49 -> 1884608.9 | N49: =M49/F49 -> 0.32499984 | O49: 194307.55 | P49: =O49/$F49 -> 0.033508238 | Q49: 162556.54 | R49: =Q49/$F49 -> 0.028032792 | S49: =O49+Q49 -> 356864.09 | T49: =S49/F49 -> 0.06154103 | U49: 492874.97 | V49: =U49/F49 -> 0.084996037 | W49: 65123.74 | X49: =W49/$F49 -> 0.011230556 | Y49: 505812.15 | Z49: =Y49/$F49 -> 0.087227047 | AA49: 485003.46 | AB49: =AA49/$F49 -> 0.083638599 | AC49: =Y49+AA49 -> 990815.61 | AD49: =AC49/$F49 -> 0.17086565 | AE49: 855097.72 | AF49: =AE49/F49 -> 0.14746116 | AG49: 75319.92 | AH49: =AG49/$F49 -> 0.012988882 | AI49: 930147.62 | AJ49: =AI49/$F49 -> 0.16040348 | AK49: 147946.88 | AL49: =AK49/$F49 -> 0.025513364
D50: 45913 | E50: 六 | F50: =SUM(M50,S50,U50,W50,AC50,AE50,AG50,AI50,AK50) -> 6087959.4 | I50: 881410.05 | J50: =I50/$F50 -> 0.14477923 | K50: 1100707.2 | L50: =K50/$F50 -> 0.18080068 | M50: =I50+K50 -> 1982117.3 | N50: =M50/$F50 -> 0.32557991 | O50: 192116.42 | P50: =O50/$F50 -> 0.031556784 | Q50: 161747.98 | R50: =Q50/$F50 -> 0.026568505 | S50: =O50+Q50 -> 353864.4 | T50: =S50/$F50 -> 0.058125289 | U50: 521666.66 | V50: =U50/$F50 -> 0.085688262 | W50: 75075.83 | X50: =W50/$F50 -> 0.012331855 | Y50: 551830.51 | Z50: =Y50/$F50 -> 0.090642936 | AA50: 551272.54 | AB50: =AA50/$F50 -> 0.090551284 | AC50: =Y50+AA50 -> 1103103 | AD50: =AC50/$F50 -> 0.18119422 | AE50: 887375.42 | AF50: =AE50/F50 -> 0.14575909 | AG50: 81708 | AH50: =AG50/$F50 -> 0.013421246 | AI50: 922849.26 | AJ50: =AI50/$F50 -> 0.15158598 | AK50: 160199.5 | AL50: =AK50/$F50 -> 0.026314154
D51: 45914 | E51: 日 | F51: =SUM(M51,S51,U51,W51,AC51,AE51,AG51,AI51,AK51) -> 8034432.2 | I51: 1358842.7 | J51: =I51/$F51 -> 0.1691274 | K51: 1237275.8 | L51: =K51/$F51 -> 0.15399667 | M51: =I51+K51 -> 2596118.5 | N51: =M51/F51 -> 0.32312407 | O51: 282289.93 | P51: =O51/$F51 -> 0.035135019 | Q51: 201818.13 | R51: =Q51/$F51 -> 0.025119153 | S51: =O51+Q51 -> 484108.06 | T51: =S51/F51 -> 0.060254172 | U51: 705962.05 | V51: =U51/F51 -> 0.087867074 | W51: 97603.31 | X51: =W51/$F51 -> 0.012148128 | Y51: 715963.24 | Z51: =Y51/$F51 -> 0.089111865 | AA51: 613579.49 | AB51: =AA51/$F51 -> 0.076368743 | AC51: =Y51+AA51 -> 1329542.7 | AD51: =AC51/$F51 -> 0.16548061 | AE51: 1381163.6 | AF51: =AE51/F51 -> 0.17190556 | AG51: 101714.08 | AH51: =AG51/$F51 -> 0.012659772 | AI51: 1153971.2 | AJ51: =AI51/$F51 -> 0.14362823 | AK51: 184248.68 | AL51: =AK51/$F51 -> 0.022932383
D52: 45915 | E52: 一 | F52: =SUM(M52,S52,U52,W52,AC52,AE52,AG52,AI52,AK52) -> 7902070 | I52: 1293960.7 | J52: =I52/$F52 -> 0.16374958 | K52: 1288664 | L52: =K52/$F52 -> 0.1630793 | M52: =I52+K52 -> 2582624.7 | N52: =M52/$F52 -> 0.32682888 | O52: 291429.19 | P52: =O52/$F52 -> 0.036880107 | Q52: 204852.59 | R52: =Q52/$F52 -> 0.025923915 | S52: =O52+Q52 -> 496281.78 | T52: =S52/$F52 -> 0.062804022 | U52: 717391.29 | V52: =U52/$F52 -> 0.090785236 | W52: 93185.36 | X52: =W52/$F52 -> 0.011792525 | Y52: 717310.3 | Z52: =Y52/$F52 -> 0.090774986 | AA52: 605465.8 | AB52: =AA52/$F52 -> 0.076621164 | AC52: =Y52+AA52 -> 1322776.1 | AD52: =AC52/$F52 -> 0.16739615 | AE52: 1310123.4 | AF52: =AE52/F52 -> 0.16579496 | AG52: 100872.24 | AH52: =AG52/$F52 -> 0.012765293 | AI52: 1093634.2 | AJ52: =AI52/$F52 -> 0.13839845 | AK52: 185180.98 | AL52: =AK52/$F52 -> 0.02343449
B53: =B46+7 -> 45924 | D53: =D52+1 -> 45916 | E53: 二 | F53: =SUM(M53,S53,U53,W53,AC53,AE53,AG53,AI53,AK53) -> 0 | G53: =SUM(F53:F59) -> 0 | J53: =I53/F53 -> #DIV/0! | L53: =K53/F53 -> #DIV/0! | M53: =SUM(I53+K53) -> 0 | N53: =M53/F53 -> #DIV/0! | P53: =O53/F53 -> #DIV/0! | R53: =Q53/D53 -> 0 | S53: =SUM(O53+Q53) -> 0 | T53: =S53/F53 -> #DIV/0! | V53: =U53/F53 -> #DIV/0! | X53: =W53/F53 -> #DIV/0! | Z53: =Y53/F53 -> #DIV/0! | AB53: =AA53/D53 -> 0 | AC53: =SUM(Y53+AA53) -> 0 | AD53: =AC53/F53 -> #DIV/0! | AF53: =AE53/F53 -> #DIV/0! | AH53: =AG53/F53 -> #DIV/0! | AJ53: =AI53/F53 -> #DIV/0! | AL53: =AK53/F53 -> #DIV/0!
D54: =D53+1 -> 45917 | E54: 三 | F54: =SUM(M54,S54,U54,W54,AC54,AE54,AG54,AI54,AK54) -> 0 | J54: =I54/F54 -> #DIV/0! | L54: =K54/F54 -> #DIV/0! | M54: =SUM(I54+K54) -> 0 | N54: =M54/F54 -> #DIV/0! | P54: =O54/F54 -> #DIV/0! | R54: =Q54/D54 -> 0 | S54: =SUM(O54+Q54) -> 0 | T54: =S54/F54 -> #DIV/0! | V54: =U54/F54 -> #DIV/0! | X54: =W54/F54 -> #DIV/0! | Z54: =Y54/F54 -> #DIV/0! | AB54: =AA54/D54 -> 0 | AC54: =SUM(Y54+AA54) -> 0 | AD54: =AC54/F54 -> #DIV/0! | AF54: =AE54/F54 -> #DIV/0! | AH54: =AG54/F54 -> #DIV/0! | AJ54: =AI54/F54 -> #DIV/0! | AL54: =AK54/F54 -> #DIV/0!
D55: =D54+1 -> 45918 | E55: 四 | F55: =SUM(M55,S55,U55,W55,AC55,AE55,AG55,AI55,AK55) -> 0 | J55: =I55/F55 -> #DIV/0! | L55: =K55/F55 -> #DIV/0! | M55: =SUM(I55+K55) -> 0 | N55: =M55/F55 -> #DIV/0! | P55: =O55/F55 -> #DIV/0! | R55: =Q55/D55 -> 0 | S55: =SUM(O55+Q55) -> 0 | T55: =S55/F55 -> #DIV/0! | V55: =U55/F55 -> #DIV/0! | X55: =W55/F55 -> #DIV/0! | Z55: =Y55/F55 -> #DIV/0! | AB55: =AA55/D55 -> 0 | AC55: =SUM(Y55+AA55) -> 0 | AD55: =AC55/F55 -> #DIV/0! | AF55: =AE55/F55 -> #DIV/0! | AH55: =AG55/F55 -> #DIV/0! | AJ55: =AI55/F55 -> #DIV/0! | AL55: =AK55/F55 -> #DIV/0!
D56: =D55+1 -> 45919 | E56: 五 | F56: =SUM(M56,S56,U56,W56,AC56,AE56,AG56,AI56,AK56) -> 0 | J56: =I56/F56 -> #DIV/0! | L56: =K56/F56 -> #DIV/0! | M56: =SUM(I56+K56) -> 0 | N56: =M56/F56 -> #DIV/0! | P56: =O56/F56 -> #DIV/0! | R56: =Q56/D56 -> 0 | S56: =SUM(O56+Q56) -> 0 | T56: =S56/F56 -> #DIV/0! | V56: =U56/F56 -> #DIV/0! | X56: =W56/F56 -> #DIV/0! | Z56: =Y56/F56 -> #DIV/0! | AB56: =AA56/D56 -> 0 | AC56: =SUM(Y56+AA56) -> 0 | AD56: =AC56/F56 -> #DIV/0! | AF56: =AE56/F56 -> #DIV/0! | AH56: =AG56/F56 -> #DIV/0! | AJ56: =AI56/F56 -> #DIV/0! | AL56: =AK56/F56 -> #DIV/0!
D57: =D56+1 -> 45920 | E57: 六 | F57: =SUM(M57,S57,U57,W57,AC57,AE57,AG57,AI57,AK57) -> 0 | J57: =I57/F57 -> #DIV/0! | L57: =K57/F57 -> #DIV/0! | M57: =SUM(I57+K57) -> 0 | N57: =M57/F57 -> #DIV/0! | P57: =O57/F57 -> #DIV/0! | R57: =Q57/D57 -> 0 | S57: =SUM(O57+Q57) -> 0 | T57: =S57/F57 -> #DIV/0! | V57: =U57/F57 -> #DIV/0! | X57: =W57/F57 -> #DIV/0! | Z57: =Y57/F57 -> #DIV/0! | AB57: =AA57/D57 -> 0 | AC57: =SUM(Y57+AA57) -> 0 | AD57: =AC57/F57 -> #DIV/0! | AF57: =AE57/F57 -> #DIV/0! | AH57: =AG57/F57 -> #DIV/0! | AJ57: =AI57/F57 -> #DIV/0! | AL57: =AK57/F57 -> #DIV/0!
D58: =D57+1 -> 45921 | E58: 日 | F58: =SUM(M58,S58,U58,W58,AC58,AE58,AG58,AI58,AK58) -> 0 | J58: =I58/F58 -> #DIV/0! | L58: =K58/F58 -> #DIV/0! | M58: =SUM(I58+K58) -> 0 | N58: =M58/F58 -> #DIV/0! | P58: =O58/F58 -> #DIV/0! | R58: =Q58/D58 -> 0 | S58: =SUM(O58+Q58) -> 0 | T58: =S58/F58 -> #DIV/0! | V58: =U58/F58 -> #DIV/0! | X58: =W58/F58 -> #DIV/0! | Z58: =Y58/F58 -> #DIV/0! | AB58: =AA58/D58 -> 0 | AC58: =SUM(Y58+AA58) -> 0 | AD58: =AC58/F58 -> #DIV/0! | AF58: =AE58/F58 -> #DIV/0! | AH58: =AG58/F58 -> #DIV/0! | AJ58: =AI58/F58 -> #DIV/0! | AL58: =AK58/F58 -> #DIV/0!
D59: =D58+1 -> 45922 | E59: 一 | F59: =SUM(M59,S59,U59,W59,AC59,AE59,AG59,AI59,AK59) -> 0 | J59: =I59/F59 -> #DIV/0! | L59: =K59/F59 -> #DIV/0! | M59: =SUM(I59+K59) -> 0 | N59: =M59/F59 -> #DIV/0! | P59: =O59/F59 -> #DIV/0! | R59: =Q59/D59 -> 0 | S59: =SUM(O59+Q59) -> 0 | T59: =S59/F59 -> #DIV/0! | V59: =U59/F59 -> #DIV/0! | X59: =W59/F59 -> #DIV/0! | Z59: =Y59/F59 -> #DIV/0! | AB59: =AA59/D59 -> 0 | AC59: =SUM(Y59+AA59) -> 0 | AD59: =AC59/F59 -> #DIV/0! | AF59: =AE59/F59 -> #DIV/0! | AH59: =AG59/F59 -> #DIV/0! | AJ59: =AI59/F59 -> #DIV/0! | AL59: =AK59/F59 -> #DIV/0!
B60: =B53+7 -> 45931 | D60: =D59+1 -> 45923 | E60: 二 | F60: =SUM(M60,S60,U60,W60,AC60,AE60,AG60,AI60,AK60) -> 0 | G60: =SUM(F60:F66) -> 0 | J60: =I60/F60 -> #DIV/0! | L60: =K60/F60 -> #DIV/0! | M60: =SUM(I60+K60) -> 0 | N60: =M60/F60 -> #DIV/0! | P60: =O60/F60 -> #DIV/0! | R60: =Q60/D60 -> 0 | S60: =SUM(O60+Q60) -> 0 | T60: =S60/F60 -> #DIV/0! | V60: =U60/F60 -> #DIV/0! | X60: =W60/F60 -> #DIV/0! | Z60: =Y60/F60 -> #DIV/0! | AB60: =AA60/D60 -> 0 | AC60: =SUM(Y60+AA60) -> 0 | AD60: =AC60/F60 -> #DIV/0! | AF60: =AE60/F60 -> #DIV/0! | AH60: =AG60/F60 -> #DIV/0! | AJ60: =AI60/F60 -> #DIV/0! | AL60: =AK60/F60 -> #DIV/0!
D61: =D60+1 -> 45924 | E61: 三 | F61: =SUM(M61,S61,U61,W61,AC61,AE61,AG61,AI61,AK61) -> 0 | J61: =I61/F61 -> #DIV/0! | L61: =K61/F61 -> #DIV/0! | M61: =SUM(I61+K61) -> 0 | N61: =M61/F61 -> #DIV/0! | P61: =O61/F61 -> #DIV/0! | R61: =Q61/D61 -> 0 | S61: =SUM(O61+Q61) -> 0 | T61: =S61/F61 -> #DIV/0! | V61: =U61/F61 -> #DIV/0! | X61: =W61/F61 -> #DIV/0! | Z61: =Y61/F61 -> #DIV/0! | AB61: =AA61/D61 -> 0 | AC61: =SUM(Y61+AA61) -> 0 | AD61: =AC61/F61 -> #DIV/0! | AF61: =AE61/F61 -> #DIV/0! | AH61: =AG61/F61 -> #DIV/0! | AJ61: =AI61/F61 -> #DIV/0! | AL61: =AK61/F61 -> #DIV/0!
D62: =D61+1 -> 45925 | E62: 四 | F62: =SUM(M62,S62,U62,W62,AC62,AE62,AG62,AI62,AK62) -> 0 | J62: =I62/F62 -> #DIV/0! | L62: =K62/F62 -> #DIV/0! | M62: =SUM(I62+K62) -> 0 | N62: =M62/F62 -> #DIV/0! | P62: =O62/F62 -> #DIV/0! | R62: =Q62/D62 -> 0 | S62: =SUM(O62+Q62) -> 0 | T62: =S62/F62 -> #DIV/0! | V62: =U62/F62 -> #DIV/0! | X62: =W62/F62 -> #DIV/0! | Z62: =Y62/F62 -> #DIV/0! | AB62: =AA62/D62 -> 0 | AC62: =SUM(Y62+AA62) -> 0 | AD62: =AC62/F62 -> #DIV/0! | AF62: =AE62/F62 -> #DIV/0! | AH62: =AG62/F62 -> #DIV/0! | AJ62: =AI62/F62 -> #DIV/0! | AL62: =AK62/F62 -> #DIV/0!
D63: =D62+1 -> 45926 | E63: 五 | F63: =SUM(M63,S63,U63,W63,AC63,AE63,AG63,AI63,AK63) -> 0 | J63: =I63/F63 -> #DIV/0! | L63: =K63/F63 -> #DIV/0! | M63: =SUM(I63+K63) -> 0 | N63: =M63/F63 -> #DIV/0! | P63: =O63/F63 -> #DIV/0! | R63: =Q63/D63 -> 0 | S63: =SUM(O63+Q63) -> 0 | T63: =S63/F63 -> #DIV/0! | V63: =U63/F63 -> #DIV/0! | X63: =W63/F63 -> #DIV/0! | Z63: =Y63/F63 -> #DIV/0! | AB63: =AA63/D63 -> 0 | AC63: =SUM(Y63+AA63) -> 0 | AD63: =AC63/F63 -> #DIV/0! | AF63: =AE63/F63 -> #DIV/0! | AH63: =AG63/F63 -> #DIV/0! | AJ63: =AI63/F63 -> #DIV/0! | AL63: =AK63/F63 -> #DIV/0!
D64: =D63+1 -> 45927 | E64: 六 | F64: =SUM(M64,S64,U64,W64,AC64,AE64,AG64,AI64,AK64) -> 0 | J64: =I64/F64 -> #DIV/0! | L64: =K64/F64 -> #DIV/0! | M64: =SUM(I64+K64) -> 0 | N64: =M64/F64 -> #DIV/0! | P64: =O64/F64 -> #DIV/0! | R64: =Q64/D64 -> 0 | S64: =SUM(O64+Q64) -> 0 | T64: =S64/F64 -> #DIV/0! | V64: =U64/F64 -> #DIV/0! | X64: =W64/F64 -> #DIV/0! | Z64: =Y64/F64 -> #DIV/0! | AB64: =AA64/D64 -> 0 | AC64: =SUM(Y64+AA64) -> 0 | AD64: =AC64/F64 -> #DIV/0! | AF64: =AE64/F64 -> #DIV/0! | AH64: =AG64/F64 -> #DIV/0! | AJ64: =AI64/F64 -> #DIV/0! | AL64: =AK64/F64 -> #DIV/0!
D65: =D64+1 -> 45928 | E65: 日 | F65: =SUM(M65,S65,U65,W65,AC65,AE65,AG65,AI65,AK65) -> 0 | J65: =I65/F65 -> #DIV/0! | L65: =K65/F65 -> #DIV/0! | M65: =SUM(I65+K65) -> 0 | N65: =M65/F65 -> #DIV/0! | P65: =O65/F65 -> #DIV/0! | R65: =Q65/D65 -> 0 | S65: =SUM(O65+Q65) -> 0 | T65: =S65/F65 -> #DIV/0! | V65: =U65/F65 -> #DIV/0! | X65: =W65/F65 -> #DIV/0! | Z65: =Y65/F65 -> #DIV/0! | AB65: =AA65/D65 -> 0 | AC65: =SUM(Y65+AA65) -> 0 | AD65: =AC65/F65 -> #DIV/0! | AF65: =AE65/F65 -> #DIV/0! | AH65: =AG65/F65 -> #DIV/0! | AJ65: =AI65/F65 -> #DIV/0! | AL65: =AK65/F65 -> #DIV/0!
D66: =D65+1 -> 45929 | E66: 一 | F66: =SUM(M66,S66,U66,W66,AC66,AE66,AG66,AI66,AK66) -> 0 | J66: =I66/F66 -> #DIV/0! | L66: =K66/F66 -> #DIV/0! | M66: =SUM(I66+K66) -> 0 | N66: =M66/F66 -> #DIV/0! | P66: =O66/F66 -> #DIV/0! | R66: =Q66/D66 -> 0 | S66: =SUM(O66+Q66) -> 0 | T66: =S66/F66 -> #DIV/0! | V66: =U66/F66 -> #DIV/0! | X66: =W66/F66 -> #DIV/0! | Z66: =Y66/F66 -> #DIV/0! | AB66: =AA66/D66 -> 0 | AC66: =SUM(Y66+AA66) -> 0 | AD66: =AC66/F66 -> #DIV/0! | AF66: =AE66/F66 -> #DIV/0! | AH66: =AG66/F66 -> #DIV/0! | AJ66: =AI66/F66 -> #DIV/0! | AL66: =AK66/F66 -> #DIV/0!
B67: =B60+7 -> 45938 | D67: =D66+1 -> 45930 | E67: 二 | F67: =SUM(M67,S67,U67,W67,AC67,AE67,AG67,AI67,AK67) -> 0 | G67: =SUM(F67:F73) -> 0 | J67: =I67/F67 -> #DIV/0! | L67: =K67/F67 -> #DIV/0! | M67: =SUM(I67+K67) -> 0 | N67: =M67/F67 -> #DIV/0! | P67: =O67/F67 -> #DIV/0! | R67: =Q67/D67 -> 0 | S67: =SUM(O67+Q67) -> 0 | T67: =S67/F67 -> #DIV/0! | V67: =U67/F67 -> #DIV/0! | X67: =W67/F67 -> #DIV/0! | Z67: =Y67/F67 -> #DIV/0! | AB67: =AA67/D67 -> 0 | AC67: =SUM(Y67+AA67) -> 0 | AD67: =AC67/F67 -> #DIV/0! | AF67: =AE67/F67 -> #DIV/0! | AH67: =AG67/F67 -> #DIV/0! | AJ67: =AI67/F67 -> #DIV/0! | AL67: =AK67/F67 -> #DIV/0!
D68: =D67+1 -> 45931 | E68: 三 | F68: =SUM(M68,S68,U68,W68,AC68,AE68,AG68,AI68,AK68) -> 0 | J68: =I68/F68 -> #DIV/0! | L68: =K68/F68 -> #DIV/0! | M68: =SUM(I68+K68) -> 0 | N68: =M68/F68 -> #DIV/0! | P68: =O68/F68 -> #DIV/0! | R68: =Q68/D68 -> 0 | S68: =SUM(O68+Q68) -> 0 | T68: =S68/F68 -> #DIV/0! | V68: =U68/F68 -> #DIV/0! | X68: =W68/F68 -> #DIV/0! | Z68: =Y68/F68 -> #DIV/0! | AB68: =AA68/D68 -> 0 | AC68: =SUM(Y68+AA68) -> 0 | AD68: =AC68/F68 -> #DIV/0! | AF68: =AE68/F68 -> #DIV/0! | AH68: =AG68/F68 -> #DIV/0! | AJ68: =AI68/F68 -> #DIV/0! | AL68: =AK68/F68 -> #DIV/0!
D69: =D68+1 -> 45932 | E69: 四 | F69: =SUM(M69,S69,U69,W69,AC69,AE69,AG69,AI69,AK69) -> 0 | J69: =I69/F69 -> #DIV/0! | L69: =K69/F69 -> #DIV/0! | M69: =SUM(I69+K69) -> 0 | N69: =M69/F69 -> #DIV/0! | P69: =O69/F69 -> #DIV/0! | R69: =Q69/D69 -> 0 | S69: =SUM(O69+Q69) -> 0 | T69: =S69/F69 -> #DIV/0! | V69: =U69/F69 -> #DIV/0! | X69: =W69/F69 -> #DIV/0! | Z69: =Y69/F69 -> #DIV/0! | AB69: =AA69/D69 -> 0 | AC69: =SUM(Y69+AA69) -> 0 | AD69: =AC69/F69 -> #DIV/0! | AF69: =AE69/F69 -> #DIV/0! | AH69: =AG69/F69 -> #DIV/0! | AJ69: =AI69/F69 -> #DIV/0! | AL69: =AK69/F69 -> #DIV/0!
D70: =D69+1 -> 45933 | E70: 五 | F70: =SUM(M70,S70,U70,W70,AC70,AE70,AG70,AI70,AK70) -> 0 | J70: =I70/F70 -> #DIV/0! | L70: =K70/F70 -> #DIV/0! | M70: =SUM(I70+K70) -> 0 | N70: =M70/F70 -> #DIV/0! | P70: =O70/F70 -> #DIV/0! | R70: =Q70/D70 -> 0 | S70: =SUM(O70+Q70) -> 0 | T70: =S70/F70 -> #DIV/0! | V70: =U70/F70 -> #DIV/0! | X70: =W70/F70 -> #DIV/0! | Z70: =Y70/F70 -> #DIV/0! | AB70: =AA70/D70 -> 0 | AC70: =SUM(Y70+AA70) -> 0 | AD70: =AC70/F70 -> #DIV/0! | AF70: =AE70/F70 -> #DIV/0! | AH70: =AG70/F70 -> #DIV/0! | AJ70: =AI70/F70 -> #DIV/0! | AL70: =AK70/F70 -> #DIV/0!
D71: =D70+1 -> 45934 | E71: 六 | F71: =SUM(M71,S71,U71,W71,AC71,AE71,AG71,AI71,AK71) -> 0 | J71: =I71/F71 -> #DIV/0! | L71: =K71/F71 -> #DIV/0! | M71: =SUM(I71+K71) -> 0 | N71: =M71/F71 -> #DIV/0! | P71: =O71/F71 -> #DIV/0! | R71: =Q71/D71 -> 0 | S71: =SUM(O71+Q71) -> 0 | T71: =S71/F71 -> #DIV/0! | V71: =U71/F71 -> #DIV/0! | X71: =W71/F71 -> #DIV/0! | Z71: =Y71/F71 -> #DIV/0! | AB71: =AA71/D71 -> 0 | AC71: =SUM(Y71+AA71) -> 0 | AD71: =AC71/F71 -> #DIV/0! | AF71: =AE71/F71 -> #DIV/0! | AH71: =AG71/F71 -> #DIV/0! | AJ71: =AI71/F71 -> #DIV/0! | AL71: =AK71/F71 -> #DIV/0!
D72: =D71+1 -> 45935 | E72: 日 | F72: =SUM(M72,S72,U72,W72,AC72,AE72,AG72,AI72,AK72) -> 0 | J72: =I72/F72 -> #DIV/0! | L72: =K72/F72 -> #DIV/0! | M72: =SUM(I72+K72) -> 0 | N72: =M72/F72 -> #DIV/0! | P72: =O72/F72 -> #DIV/0! | R72: =Q72/D72 -> 0 | S72: =SUM(O72+Q72) -> 0 | T72: =S72/F72 -> #DIV/0! | V72: =U72/F72 -> #DIV/0! | X72: =W72/F72 -> #DIV/0! | Z72: =Y72/F72 -> #DIV/0! | AB72: =AA72/D72 -> 0 | AC72: =SUM(Y72+AA72) -> 0 | AD72: =AC72/F72 -> #DIV/0! | AF72: =AE72/F72 -> #DIV/0! | AH72: =AG72/F72 -> #DIV/0! | AJ72: =AI72/F72 -> #DIV/0! | AL72: =AK72/F72 -> #DIV/0!
D73: =D72+1 -> 45936 | E73: 一 | F73: =SUM(M73,S73,U73,W73,AC73,AE73,AG73,AI73,AK73) -> 0 | J73: =I73/F73 -> #DIV/0! | L73: =K73/F73 -> #DIV/0! | M73: =SUM(I73+K73) -> 0 | N73: =M73/F73 -> #DIV/0! | P73: =O73/F73 -> #DIV/0! | R73: =Q73/D73 -> 0 | S73: =SUM(O73+Q73) -> 0 | T73: =S73/F73 -> #DIV/0! | V73: =U73/F73 -> #DIV/0! | X73: =W73/F73 -> #DIV/0! | Z73: =Y73/F73 -> #DIV/0! | AB73: =AA73/D73 -> 0 | AC73: =SUM(Y73+AA73) -> 0 | AD73: =AC73/F73 -> #DIV/0! | AF73: =AE73/F73 -> #DIV/0! | AH73: =AG73/F73 -> #DIV/0! | AJ73: =AI73/F73 -> #DIV/0! | AL73: =AK73/F73 -> #DIV/0!

Sheet （４）訂單數量構成比
B2: （4）訂單數量構成比
B3: 資料繳交日 | C3: 月份 | D3: 日期 | F3: 訂單量 | I3: 品類訂單量
I4: 18℃-飯糰 | O4: 18℃-壽司手卷 | U4: 4℃-飯糰 | W4: 4℃-壽司手卷 | Y4: 主食 | AE4: 便當 | AG4: 熱食義麵 | AI4: 季節調理麵 | AK4: 微波小吃
F5: 日 | G5: 週累積 | H5: 月累積 | I5: 一配 | K5: 二配 | M5: 合計 | O5: 一配 | Q5: 二配 | S5: 合計 | U5: 一配 | W5: 一配 | Y5: 一配 | AA5: 二配 | AC5: 合計 | AE5: 一配 | AG5: 一配 | AI5: 一配 | AK5: 一配
I6: 訂單數 | J6: 比例(%) | K6: 訂單數 | L6: 比例(%) | M6: 訂單數 | N6: 比例(%) | O6: 訂單數 | P6: 比例(%) | Q6: 訂單數 | R6: 比例(%) | S6: 訂單數 | T6: 比例(%) | U6: 訂單數 | V6: 比例(%) | W6: 訂單數 | X6: 比例(%) | Y6: 訂單數 | Z6: 比例(%) | AA6: 訂單數 | AB6: 比例(%) | AC6: 訂單數 | AD6: 比例(%) | AE6: 訂單數 | AF6: 比例(%) | AG6: 訂單數 | AH6: 比例(%) | AI6: 訂單數 | AJ6: 比例(%) | AK6: 訂單數 | AL6: 比例(%)
B7: =D19 -> 45882 | C7: 八 | D7: 45870 | E7: 五 | F7: =SUM(M7,S7,U7,W7,AC7,AE7,AG7,AI7,AK7) -> 183531 | G7: =SUM(F7:F10) -> 876019 | H7: =SUM(F7:F37) -> 7168725 | I7: 31628 | J7: =I7/$F7 -> 0.17233056 | K7: 50104 | L7: =K7/$F7 -> 0.2730002 | M7: =I7+K7 -> 81732 | N7: =M7/$F7 -> 0.44533076 | O7: 9137 | P7: =O7/$F7 -> 0.049784505 | Q7: 6171 | R7: =Q7/$F7 -> 0.033623747 | S7: =O7+Q7 -> 15308 | T7: =S7/$F7 -> 0.083408253 | U7: 13104 | V7: =U7/$F7 -> 0.071399382 | W7: 1539 | X7: =W7/$F7 -> 0.0083855044 | Y7: 6704 | Z7: =Y7/$F7 -> 0.036527889 | AA7: 9062 | AB7: =AA7/$F7 -> 0.049375855 | AC7: =Y7+AA7 -> 15766 | AD7: =AC7/$F7 -> 0.085903744 | AE7: 17811 | AF7: =AE7/$F7 -> 0.097046276 | AG7: 2890 | AH7: =AG7/$F7 -> 0.015746659 | AI7: 29829 | AJ7: =AI7/$F7 -> 0.1625284 | AK7: 5552 | AL7: =AK7/$F7 -> 0.03025102
D8: 45871 | E8: 六 | F8: =SUM(M8,S8,U8,W8,AC8,AE8,AG8,AI8,AK8) -> 197498 | I8: 30584 | J8: =I8/$F8 -> 0.15485726 | K8: 57366 | L8: =K8/$F8 -> 0.2904637 | M8: =I8+K8 -> 87950 | N8: =M8/$F8 -> 0.44532097 | O8: 9109 | P8: =O8/$F8 -> 0.046121986 | Q8: 6337 | R8: =Q8/$F8 -> 0.032086401 | S8: =O8+Q8 -> 15446 | T8: =S8/$F8 -> 0.078208387 | U8: 13610 | V8: =U8/$F8 -> 0.06891209 | W8: 1716 | X8: =W8/$F8 -> 0.0086886956 | Y8: 7259 | Z8: =Y8/$F8 -> 0.036754803 | AA8: 11318 | AB8: =AA8/$F8 -> 0.057306909 | AC8: =Y8+AA8 -> 18577 | AD8: =AC8/$F8 -> 0.094061712 | AE8: 18950 | AF8: =AE8/$F8 -> 0.095950339 | AG8: 2878 | AH8: =AG8/$F8 -> 0.014572299 | AI8: 32821 | AJ8: =AI8/$F8 -> 0.16618396 | AK8: 5550 | AL8: =AK8/$F8 -> 0.02810155
D9: 45872 | E9: 日 | F9: =SUM(M9,S9,U9,W9,AC9,AE9,AG9,AI9,AK9) -> 248740 | I9: 43663 | J9: =I9/$F9 -> 0.1755367 | K9: 64329 | L9: =K9/$F9 -> 0.25861944 | M9: =I9+K9 -> 107992 | N9: =M9/$F9 -> 0.43415615 | O9: 12596 | P9: =O9/$F9 -> 0.050639222 | Q9: 7438 | R9: =Q9/$F9 -> 0.02990271 | S9: =O9+Q9 -> 20034 | T9: =S9/$F9 -> 0.080541931 | U9: 18717 | V9: =U9/$F9 -> 0.075247246 | W9: 1998 | X9: =W9/$F9 -> 0.0080324837 | Y9: 8559 | Z9: =Y9/$F9 -> 0.034409423 | AA9: 12290 | AB9: =AA9/$F9 -> 0.049409021 | AC9: =Y9+AA9 -> 20849 | AD9: =AC9/$F9 -> 0.083818445 | AE9: 28048 | AF9: =AE9/$F9 -> 0.11276031 | AG9: 3351 | AH9: =AG9/$F9 -> 0.013471898 | AI9: 41556 | AJ9: =AI9/$F9 -> 0.16706601 | AK9: 6195 | AL9: =AK9/$F9 -> 0.024905524
D10: 45873 | E10: 一 | F10: =SUM(M10,S10,U10,W10,AC10,AE10,AG10,AI10,AK10) -> 246250 | I10: 43377 | J10: =I10/$F10 -> 0.17615025 | K10: 63250 | L10: =K10/$F10 -> 0.25685279 | M10: =I10+K10 -> 106627 | N10: =M10/$F10 -> 0.43300305 | O10: 12092 | P10: =O10/$F10 -> 0.049104569 | Q10: 7586 | R10: =Q10/$F10 -> 0.030806091 | S10: =O10+Q10 -> 19678 | T10: =S10/$F10 -> 0.07991066 | U10: 19443 | V10: =U10/$F10 -> 0.078956345 | W10: 1856 | X10: =W10/$F10 -> 0.0075370558 | Y10: 8918 | Z10: =Y10/$F10 -> 0.036215228 | AA10: 11569 | AB10: =AA10/$F10 -> 0.046980711 | AC10: =Y10+AA10 -> 20487 | AD10: =AC10/$F10 -> 0.083195939 | AE10: 26987 | AF10: =AE10/$F10 -> 0.10959188 | AG10: 3113 | AH10: =AG10/$F10 -> 0.012641624 | AI10: 41656 | AJ10: =AI10/$F10 -> 0.16916142 | AK10: 6403 | AL10: =AK10/$F10 -> 0.02600203
D11: 45874 | E11: 二 | F11: =SUM(M11,S11,U11,W11,AC11,AE11,AG11,AI11,AK11) -> 275843 | G11: =SUM(F11:F17) -> 1673202 | I11: 42989 | J11: =I11/$F11 -> 0.1558459 | K11: 62404 | L11: =K11/$F11 -> 0.22623014 | M11: =I11+K11 -> 105393 | N11: =M11/$F11 -> 0.38207604 | O11: 11704 | P11: =O11/$F11 -> 0.042429933 | Q11: 7424 | R11: =Q11/$F11 -> 0.02691386 | S11: =O11+Q11 -> 19128 | T11: =S11/$F11 -> 0.069343793 | U11: 29523 | V11: =U11/$F11 -> 0.10702827 | W11: 9414 | X11: =W11/$F11 -> 0.034128109 | Y11: 25589 | Z11: =Y11/$F11 -> 0.092766537 | AA11: 11263 | AB11: =AA11/$F11 -> 0.040831197 | AC11: =Y11+AA11 -> 36852 | AD11: =AC11/$F11 -> 0.13359773 | AE11: 27355 | AF11: =AE11/$F11 -> 0.09916873 | AG11: 2867 | AH11: =AG11/$F11 -> 0.010393593 | AI11: 39391 | AJ11: =AI11/$F11 -> 0.14280225 | AK11: 5920 | AL11: =AK11/$F11 -> 0.021461484
D12: 45875 | E12: 三 | F12: =SUM(M12,S12,U12,W12,AC12,AE12,AG12,AI12,AK12) -> 255183 | I12: 42838 | J12: =I12/$F12 -> 0.16787168 | K12: 61055 | L12: =K12/$F12 -> 0.23925967 | M12: =I12+K12 -> 103893 | N12: =M12/$F12 -> 0.40713135 | O12: 11685 | P12: =O12/$F12 -> 0.045790668 | Q12: 7411 | R12: =Q12/$F12 -> 0.029041903 | S12: =O12+Q12 -> 19096 | T12: =S12/$F12 -> 0.074832571 | U12: 25259 | V12: =U12/$F12 -> 0.098983866 | W12: 6190 | X12: =W12/$F12 -> 0.024257102 | Y12: 17745 | Z12: =Y12/$F12 -> 0.069538331 | AA12: 10845 | AB12: =AA12/$F12 -> 0.042498913 | AC12: =Y12+AA12 -> 28590 | AD12: =AC12/$F12 -> 0.11203724 | AE12: 27217 | AF12: =AE12/$F12 -> 0.10665679 | AG12: 2940 | AH12: =AG12/$F12 -> 0.011521144 | AI12: 35679 | AJ12: =AI12/$F12 -> 0.13981731 | AK12: 6319 | AL12: =AK12/$F12 -> 0.024762621
D13: 45876 | E13: 四 | F13: =SUM(M13,S13,U13,W13,AC13,AE13,AG13,AI13,AK13) -> 235184 | I13: 41462 | J13: =I13/$F13 -> 0.17629601 | K13: 56328 | L13: =K13/$F13 -> 0.23950609 | M13: =I13+K13 -> 97790 | N13: =M13/$F13 -> 0.4158021 | O13: 11332 | P13: =O13/$F13 -> 0.04818355 | Q13: 6941 | R13: =Q13/$F13 -> 0.029513062 | S13: =O13+Q13 -> 18273 | T13: =S13/$F13 -> 0.077696612 | U13: 23639 | V13: =U13/$F13 -> 0.10051279 | W13: 5574 | X13: =W13/$F13 -> 0.023700592 | Y13: 13739 | Z13: =Y13/$F13 -> 0.05841809 | AA13: 9339 | AB13: =AA13/$F13 -> 0.039709334 | AC13: =Y13+AA13 -> 23078 | AD13: =AC13/$F13 -> 0.098127424 | AE13: 24817 | AF13: =AE13/$F13 -> 0.10552163 | AG13: 2739 | AH13: =AG13/$F13 -> 0.0116462 | AI13: 33465 | AJ13: =AI13/$F13 -> 0.14229284 | AK13: 5809 | AL13: =AK13/$F13 -> 0.02469981
D14: 45877 | E14: 五 | F14: =SUM(M14,S14,U14,W14,AC14,AE14,AG14,AI14,AK14) -> 195967 | I14: 30891 | J14: =I14/$F14 -> 0.15763368 | K14: 51605 | L14: =K14/$F14 -> 0.26333515 | M14: =I14+K14 -> 82496 | N14: =M14/$F14 -> 0.42096884 | O14: 8920 | P14: =O14/$F14 -> 0.045517868 | Q14: 6304 | R14: =Q14/$F14 -> 0.032168681 | S14: =O14+Q14 -> 15224 | T14: =S14/$F14 -> 0.077686549 | U14: 18568 | V14: =U14/$F14 -> 0.094750647 | W14: 4518 | X14: =W14/$F14 -> 0.023054902 | Y14: 10174 | Z14: =Y14/$F14 -> 0.051916904 | AA14: 9000 | AB14: =AA14/$F14 -> 0.0459261 | AC14: =Y14+AA14 -> 19174 | AD14: =AC14/$F14 -> 0.097843004 | AE14: 18188 | AF14: =AE14/$F14 -> 0.092811545 | AG14: 2252 | AH14: =AG14/$F14 -> 0.011491731 | AI14: 30376 | AJ14: =AI14/$F14 -> 0.15500569 | AK14: 5171 | AL14: =AK14/$F14 -> 0.026387096
D15: 45878 | E15: 六 | F15: =SUM(M15,S15,U15,W15,AC15,AE15,AG15,AI15,AK15) -> 208309 | I15: 29723 | J15: =I15/$F15 -> 0.14268707 | K15: 58111 | L15: =K15/$F15 -> 0.27896538 | M15: =I15+K15 -> 87834 | N15: =M15/$F15 -> 0.42165245 | O15: 8738 | P15: =O15/$F15 -> 0.041947299 | Q15: 6217 | R15: =Q15/$F15 -> 0.029845086 | S15: =O15+Q15 -> 14955 | T15: =S15/$F15 -> 0.071792385 | U15: 20225 | V15: =U15/$F15 -> 0.09709134 | W15: 5625 | X15: =W15/$F15 -> 0.027003154 | Y15: 11151 | Z15: =Y15/$F15 -> 0.053531052 | AA15: 10858 | AB15: =AA15/$F15 -> 0.052124488 | AC15: =Y15+AA15 -> 22009 | AD15: =AC15/$F15 -> 0.10565554 | AE15: 18047 | AF15: =AE15/$F15 -> 0.086635719 | AG15: 2379 | AH15: =AG15/$F15 -> 0.011420534 | AI15: 32030 | AJ15: =AI15/$F15 -> 0.15376196 | AK15: 5205 | AL15: =AK15/$F15 -> 0.024986918
D16: 45879 | E16: 日 | F16: =SUM(M16,S16,U16,W16,AC16,AE16,AG16,AI16,AK16) -> 256296 | I16: 42993 | J16: =I16/$F16 -> 0.16774745 | K16: 65161 | L16: =K16/$F16 -> 0.25424119 | M16: =I16+K16 -> 108154 | N16: =M16/$F16 -> 0.42198864 | O16: 12252 | P16: =O16/$F16 -> 0.047804102 | Q16: 7323 | R16: =Q16/$F16 -> 0.028572432 | S16: =O16+Q16 -> 19575 | T16: =S16/$F16 -> 0.076376533 | U16: 25546 | V16: =U16/$F16 -> 0.099673815 | W16: 6353 | X16: =W16/$F16 -> 0.024787745 | Y16: 11767 | Z16: =Y16/$F16 -> 0.045911758 | AA16: 11643 | AB16: =AA16/$F16 -> 0.045427943 | AC16: =Y16+AA16 -> 23410 | AD16: =AC16/$F16 -> 0.091339701 | AE16: 27287 | AF16: =AE16/$F16 -> 0.10646674 | AG16: 3008 | AH16: =AG16/$F16 -> 0.01173643 | AI16: 37394 | AJ16: =AI16/$F16 -> 0.14590161 | AK16: 5569 | AL16: =AK16/$F16 -> 0.021728782
D17: 45880 | E17: 一 | F17: =SUM(M17,S17,U17,W17,AC17,AE17,AG17,AI17,AK17) -> 246420 | I17: 42417 | J17: =I17/$F17 -> 0.17213294 | K17: 63284 | L17: =K17/$F17 -> 0.25681357 | M17: =I17+K17 -> 105701 | N17: =M17/$F17 -> 0.42894651 | O17: 11705 | P17: =O17/$F17 -> 0.047500203 | Q17: 7503 | R17: =Q17/$F17 -> 0.030448016 | S17: =O17+Q17 -> 19208 | T17: =S17/$F17 -> 0.077948218 | U17: 23940 | V17: =U17/$F17 -> 0.097151205 | W17: 4610 | X17: =W17/$F17 -> 0.018707897 | Y17: 11717 | Z17: =Y17/$F17 -> 0.0475489 | AA17: 11132 | AB17: =AA17/$F17 -> 0.045174905 | AC17: =Y17+AA17 -> 22849 | AD17: =AC17/$F17 -> 0.092723805 | AE17: 25127 | AF17: =AE17/$F17 -> 0.10196818 | AG17: 2659 | AH17: =AG17/$F17 -> 0.01079052 | AI17: 36456 | AJ17: =AI17/$F17 -> 0.14794254 | AK17: 5870 | AL17: =AK17/$F17 -> 0.023821118
B18: =D26 -> 45889 | D18: 45881 | E18: 二 | F18: =SUM(M18,S18,U18,W18,AC18,AE18,AG18,AI18,AK18) -> 239747 | G18: =SUM(F18:F24) -> 1628812 | I18: 38430 | J18: =I18/$F18 -> 0.16029398 | K18: 59833 | L18: =K18/$F18 -> 0.24956725 | M18: =I18+K18 -> 98263 | N18: =M18/$F18 -> 0.40986123 | O18: 10694 | P18: =O18/$F18 -> 0.044605355 | Q18: 7088 | R18: =Q18/$F18 -> 0.029564499 | S18: =O18+Q18 -> 17782 | T18: =S18/$F18 -> 0.074169854 | U18: 22429 | V18: =U18/$F18 -> 0.093552787 | W18: 4275 | X18: =W18/$F18 -> 0.017831297 | Y18: 17802 | Z18: =Y18/$F18 -> 0.074253275 | AA18: 11137 | AB18: =AA18/$F18 -> 0.046453136 | AC18: =Y18+AA18 -> 28939 | AD18: =AC18/$F18 -> 0.12070641 | AE18: 25364 | AF18: =AE18/$F18 -> 0.10579486 | AG18: 2453 | AH18: =AG18/$F18 -> 0.010231619 | AI18: 34576 | AJ18: =AI18/$F18 -> 0.1442187 | AK18: 5666 | AL18: =AK18/$F18 -> 0.023633247
D19: 45882 | E19: 三 | F19: =SUM(M19,S19,U19,W19,AC19,AE19,AG19,AI19,AK19) -> 246278 | I19: 41211 | J19: =I19/$F19 -> 0.16733529 | K19: 59689 | L19: =K19/$F19 -> 0.24236432 | M19: =I19+K19 -> 100900 | N19: =M19/$F19 -> 0.40969961 | O19: 11089 | P19: =O19/$F19 -> 0.045026352 | Q19: 7092 | R19: =Q19/$F19 -> 0.028796726 | S19: =O19+Q19 -> 18181 | T19: =S19/$F19 -> 0.073823078 | U19: 23733 | V19: =U19/$F19 -> 0.096366708 | W19: 5388 | X19: =W19/$F19 -> 0.021877715 | Y19: 16816 | Z19: =Y19/$F19 -> 0.068280561 | AA19: 10778 | AB19: =AA19/$F19 -> 0.043763552 | AC19: =Y19+AA19 -> 27594 | AD19: =AC19/$F19 -> 0.11204411 | AE19: 25484 | AF19: =AE19/$F19 -> 0.10347656 | AG19: 2577 | AH19: =AG19/$F19 -> 0.010463785 | AI19: 36617 | AJ19: =AI19/$F19 -> 0.14868157 | AK19: 5804 | AL19: =AK19/$F19 -> 0.023566863
D20: 45883 | E20: 四 | F20: =SUM(M20,S20,U20,W20,AC20,AE20,AG20,AI20,AK20) -> 233538 | I20: 40749 | J20: =I20/$F20 -> 0.17448552 | K20: 55720 | L20: =K20/$F20 -> 0.23859072 | M20: =I20+K20 -> 96469 | N20: =M20/$F20 -> 0.41307624 | O20: 10835 | P20: =O20/$F20 -> 0.046395019 | Q20: 6926 | R20: =Q20/$F20 -> 0.029656844 | S20: =O20+Q20 -> 17761 | T20: =S20/$F20 -> 0.076051863 | U20: 22724 | V20: =U20/$F20 -> 0.097303223 | W20: 5340 | X20: =W20/$F20 -> 0.022865658 | Y20: 14789 | Z20: =Y20/$F20 -> 0.063325883 | AA20: 9553 | AB20: =AA20/$F20 -> 0.040905549 | AC20: =Y20+AA20 -> 24342 | AD20: =AC20/$F20 -> 0.10423143 | AE20: 22909 | AF20: =AE20/$F20 -> 0.098095385 | AG20: 2503 | AH20: =AG20/$F20 -> 0.010717742 | AI20: 35648 | AJ20: =AI20/$F20 -> 0.15264325 | AK20: 5842 | AL20: =AK20/$F20 -> 0.025015201
D21: 45884 | E21: 五 | F21: =SUM(M21,S21,U21,W21,AC21,AE21,AG21,AI21,AK21) -> 198328 | I21: 30430 | J21: =I21/$F21 -> 0.1534327 | K21: 50538 | L21: =K21/$F21 -> 0.2548203 | M21: =I21+K21 -> 80968 | N21: =M21/$F21 -> 0.408253 | O21: 8643 | P21: =O21/$F21 -> 0.043579323 | Q21: 6063 | R21: =Q21/$F21 -> 0.03057057 | S21: =O21+Q21 -> 14706 | T21: =S21/$F21 -> 0.074149893 | U21: 18690 | V21: =U21/$F21 -> 0.094237828 | W21: 4427 | X21: =W21/$F21 -> 0.022321609 | Y21: 12785 | Z21: =Y21/$F21 -> 0.064463918 | AA21: 9273 | AB21: =AA21/$F21 -> 0.046755879 | AC21: =Y21+AA21 -> 22058 | AD21: =AC21/$F21 -> 0.1112198 | AE21: 17812 | AF21: =AE21/$F21 -> 0.089810818 | AG21: 2086 | AH21: =AG21/$F21 -> 0.01051793 | AI21: 32073 | AJ21: =AI21/$F21 -> 0.16171695 | AK21: 5508 | AL21: =AK21/$F21 -> 0.027772175
D22: 45885 | E22: 六 | F22: =SUM(M22,S22,U22,W22,AC22,AE22,AG22,AI22,AK22) -> 202709 | I22: 29187 | J22: =I22/$F22 -> 0.14398473 | K22: 56899 | L22: =K22/$F22 -> 0.28069301 | M22: =I22+K22 -> 86086 | N22: =M22/$F22 -> 0.42467774 | O22: 8492 | P22: =O22/$F22 -> 0.041892565 | Q22: 6080 | R22: =Q22/$F22 -> 0.029993735 | S22: =O22+Q22 -> 14572 | T22: =S22/$F22 -> 0.0718863 | U22: 18017 | V22: =U22/$F22 -> 0.088881105 | W22: 4221 | X22: =W22/$F22 -> 0.020822953 | Y22: 13058 | Z22: =Y22/$F22 -> 0.064417465 | AA22: 10739 | AB22: =AA22/$F22 -> 0.052977421 | AC22: =Y22+AA22 -> 23797 | AD22: =AC22/$F22 -> 0.11739489 | AE22: 17495 | AF22: =AE22/$F22 -> 0.086305985 | AG22: 2109 | AH22: =AG22/$F22 -> 0.010404077 | AI22: 31224 | AJ22: =AI22/$F22 -> 0.15403361 | AK22: 5188 | AL22: =AK22/$F22 -> 0.025593338
D23: 45886 | E23: 日 | F23: =SUM(M23,S23,U23,W23,AC23,AE23,AG23,AI23,AK23) -> 254386 | I23: 42588 | J23: =I23/$F23 -> 0.16741487 | K23: 63843 | L23: =K23/$F23 -> 0.250969 | M23: =I23+K23 -> 106431 | N23: =M23/$F23 -> 0.41838387 | O23: 12152 | P23: =O23/$F23 -> 0.047769924 | Q23: 7405 | R23: =Q23/$F23 -> 0.029109306 | S23: =O23+Q23 -> 19557 | T23: =S23/$F23 -> 0.076879231 | U23: 23455 | V23: =U23/$F23 -> 0.092202401 | W23: 4816 | X23: =W23/$F23 -> 0.018931859 | Y23: 15520 | Z23: =Y23/$F23 -> 0.061009647 | AA23: 11577 | AB23: =AA23/$F23 -> 0.04550958 | AC23: =Y23+AA23 -> 27097 | AD23: =AC23/$F23 -> 0.10651923 | AE23: 26601 | AF23: =AE23/$F23 -> 0.10456943 | AG23: 2692 | AH23: =AG23/$F23 -> 0.010582343 | AI23: 37901 | AJ23: =AI23/$F23 -> 0.14899012 | AK23: 5836 | AL23: =AK23/$F23 -> 0.022941514
D24: 45887 | E24: 一 | F24: =SUM(M24,S24,U24,W24,AC24,AE24,AG24,AI24,AK24) -> 253826 | I24: 42235 | J24: =I24/$F24 -> 0.16639351 | K24: 68514 | L24: =K24/$F24 -> 0.26992507 | M24: =I24+K24 -> 110749 | N24: =M24/$F24 -> 0.43631858 | O24: 11683 | P24: =O24/$F24 -> 0.046027594 | Q24: 7636 | R24: =Q24/$F24 -> 0.030083601 | S24: =O24+Q24 -> 19319 | T24: =S24/$F24 -> 0.076111194 | U24: 22827 | V24: =U24/$F24 -> 0.089931685 | W24: 4685 | X24: =W24/$F24 -> 0.018457526 | Y24: 14300 | Z24: =Y24/$F24 -> 0.056337806 | AA24: 11357 | AB24: =AA24/$F24 -> 0.044743249 | AC24: =Y24+AA24 -> 25657 | AD24: =AC24/$F24 -> 0.10108106 | AE24: 25695 | AF24: =AE24/$F24 -> 0.10123076 | AG24: 2497 | AH24: =AG24/$F24 -> 0.0098374477 | AI24: 36840 | AJ24: =AI24/$F24 -> 0.1451388 | AK24: 5557 | AL24: =AK24/$F24 -> 0.02189295
B25: =D26 -> 45889 | D25: 45888 | E25: 二 | F25: =SUM(M25,S25,U25,W25,AC25,AE25,AG25,AI25,AK25) -> 255899 | G25: =SUM(F25:F31) -> 1643193 | I25: 46352 | J25: =I25/$F25 -> 0.18113396 | K25: 67269 | L25: =K25/$F25 -> 0.26287324 | M25: =I25+K25 -> 113621 | N25: =M25/$F25 -> 0.44400721 | O25: 16029 | P25: =O25/$F25 -> 0.062637994 | Q25: 7516 | R25: =Q25/$F25 -> 0.029370963 | S25: =O25+Q25 -> 23545 | T25: =S25/$F25 -> 0.092008957 | U25: 22469 | V25: =U25/$F25 -> 0.087804173 | W25: 3893 | X25: =W25/$F25 -> 0.015213033 | Y25: 14371 | Z25: =Y25/$F25 -> 0.056158875 | AA25: 10857 | AB25: =AA25/$F25 -> 0.042426895 | AC25: =Y25+AA25 -> 25228 | AD25: =AC25/$F25 -> 0.09858577 | AE25: 24265 | AF25: =AE25/$F25 -> 0.094822567 | AG25: 2118 | AH25: =AG25/$F25 -> 0.0082767029 | AI25: 35191 | AJ25: =AI25/$F25 -> 0.1375191 | AK25: 5569 | AL25: =AK25/$F25 -> 0.021762492
D26: 45889 | E26: 三 | F26: =SUM(M26,S26,U26,W26,AC26,AE26,AG26,AI26,AK26) -> 251326 | I26: 45381 | J26: =I26/$F26 -> 0.18056628 | K26: 65750 | L26: =K26/$F26 -> 0.26161241 | M26: =I26+K26 -> 111131 | N26: =M26/$F26 -> 0.44217868 | O26: 14229 | P26: =O26/$F26 -> 0.05661571 | Q26: 7267 | R26: =Q26/$F26 -> 0.028914637 | S26: =O26+Q26 -> 21496 | T26: =S26/$F26 -> 0.085530347 | U26: 22259 | V26: =U26/$F26 -> 0.088566245 | W26: 3682 | X26: =W26/$F26 -> 0.014650295 | Y26: 14376 | Z26: =Y26/$F26 -> 0.057200608 | AA26: 10248 | AB26: =AA26/$F26 -> 0.040775726 | AC26: =Y26+AA26 -> 24624 | AD26: =AC26/$F26 -> 0.097976334 | AE26: 23255 | AF26: =AE26/$F26 -> 0.092529225 | AG26: 2191 | AH26: =AG26/$F26 -> 0.008717761 | AI26: 36754 | AJ26: =AI26/$F26 -> 0.14624034 | AK26: 5934 | AL26: =AK26/$F26 -> 0.023610768
D27: 45890 | E27: 四 | F27: =SUM(M27,S27,U27,W27,AC27,AE27,AG27,AI27,AK27) -> 234557 | I27: 44162 | J27: =I27/$F27 -> 0.18827833 | K27: 59669 | L27: =K27/$F27 -> 0.25439019 | M27: =I27+K27 -> 103831 | N27: =M27/$F27 -> 0.44266852 | O27: 13560 | P27: =O27/$F27 -> 0.057811108 | Q27: 7066 | R27: =Q27/$F27 -> 0.030124874 | S27: =O27+Q27 -> 20626 | T27: =S27/$F27 -> 0.087935981 | U27: 20555 | V27: =U27/$F27 -> 0.087633283 | W27: 3021 | X27: =W27/$F27 -> 0.012879599 | Y27: 13477 | Z27: =Y27/$F27 -> 0.057457249 | AA27: 8935 | AB27: =AA27/$F27 -> 0.038093086 | AC27: =Y27+AA27 -> 22412 | AD27: =AC27/$F27 -> 0.095550335 | AE27: 21520 | AF27: =AE27/$F27 -> 0.091747422 | AG27: 2148 | AH27: =AG27/$F27 -> 0.0091576887 | AI27: 34868 | AJ27: =AI27/$F27 -> 0.1486547 | AK27: 5576 | AL27: =AK27/$F27 -> 0.023772473
D28: 45891 | E28: 五 | F28: =SUM(M28,S28,U28,W28,AC28,AE28,AG28,AI28,AK28) -> 195333 | I28: 34445 | J28: =I28/$F28 -> 0.17633989 | K28: 53446 | L28: =K28/$F28 -> 0.2736148 | M28: =I28+K28 -> 87891 | N28: =M28/$F28 -> 0.44995469 | O28: 11319 | P28: =O28/$F28 -> 0.057947198 | Q28: 6079 | R28: =Q28/$F28 -> 0.031121214 | S28: =O28+Q28 -> 17398 | T28: =S28/$F28 -> 0.089068411 | U28: 16878 | V28: =U28/$F28 -> 0.086406291 | W28: 2926 | X28: =W28/$F28 -> 0.014979548 | Y28: 10823 | Z28: =Y28/$F28 -> 0.055407944 | AA28: 8734 | AB28: =AA28/$F28 -> 0.044713387 | AC28: =Y28+AA28 -> 19557 | AD28: =AC28/$F28 -> 0.10012133 | AE28: 15588 | AF28: =AE28/$F28 -> 0.079802184 | AG28: 1709 | AH28: =AG28/$F28 -> 0.0087491617 | AI28: 28192 | AJ28: =AI28/$F28 -> 0.14432789 | AK28: 5194 | AL28: =AK28/$F28 -> 0.026590489
D29: 45892 | E29: 六 | F29: =SUM(M29,S29,U29,W29,AC29,AE29,AG29,AI29,AK29) -> 200546 | I29: 32892 | J29: =I29/$F29 -> 0.16401225 | K29: 59472 | L29: =K29/$F29 -> 0.29655042 | M29: =I29+K29 -> 92364 | N29: =M29/$F29 -> 0.46056266 | O29: 10836 | P29: =O29/$F29 -> 0.054032491 | Q29: 6107 | R29: =Q29/$F29 -> 0.030451866 | S29: =O29+Q29 -> 16943 | T29: =S29/$F29 -> 0.084484358 | U29: 16422 | V29: =U29/$F29 -> 0.08188645 | W29: 3226 | X29: =W29/$F29 -> 0.016086085 | Y29: 10080 | Z29: =Y29/$F29 -> 0.050262783 | AA29: 11012 | AB29: =AA29/$F29 -> 0.054910095 | AC29: =Y29+AA29 -> 21092 | AD29: =AC29/$F29 -> 0.10517288 | AE29: 15831 | AF29: =AE29/$F29 -> 0.078939495 | AG29: 1816 | AH29: =AG29/$F29 -> 0.0090552791 | AI29: 27826 | AJ29: =AI29/$F29 -> 0.13875121 | AK29: 5026 | AL29: =AK29/$F29 -> 0.025061582
D30: 45893 | E30: 日 | F30: =SUM(M30,S30,U30,W30,AC30,AE30,AG30,AI30,AK30) -> 255114 | I30: 46173 | J30: =I30/$F30 -> 0.18098968 | K30: 66946 | L30: =K30/$F30 -> 0.26241602 | M30: =I30+K30 -> 113119 | N30: =M30/$F30 -> 0.44340569 | O30: 14866 | P30: =O30/$F30 -> 0.058271988 | Q30: 7356 | R30: =Q30/$F30 -> 0.028834168 | S30: =O30+Q30 -> 22222 | T30: =S30/$F30 -> 0.087106156 | U30: 22248 | V30: =U30/$F30 -> 0.087208072 | W30: 3811 | X30: =W30/$F30 -> 0.01493842 | Y30: 13293 | Z30: =Y30/$F30 -> 0.052106117 | AA30: 11430 | AB30: =AA30/$F30 -> 0.0448035 | AC30: =Y30+AA30 -> 24723 | AD30: =AC30/$F30 -> 0.096909617 | AE30: 24216 | AF30: =AE30/$F30 -> 0.09492227 | AG30: 2357 | AH30: =AG30/$F30 -> 0.0092390069 | AI30: 36887 | AJ30: =AI30/$F30 -> 0.14459026 | AK30: 5531 | AL30: =AK30/$F30 -> 0.021680504
D31: 45894 | E31: 一 | F31: =SUM(M31,S31,U31,W31,AC31,AE31,AG31,AI31,AK31) -> 250418 | I31: 45603 | J31: =I31/$F31 -> 0.18210752 | K31: 66004 | L31: =K31/$F31 -> 0.2635753 | M31: =I31+K31 -> 111607 | N31: =M31/$F31 -> 0.44568282 | O31: 13711 | P31: =O31/$F31 -> 0.054752454 | Q31: 7487 | R31: =Q31/$F31 -> 0.029898011 | S31: =O31+Q31 -> 21198 | T31: =S31/$F31 -> 0.084650464 | U31: 22401 | V31: =U31/$F31 -> 0.089454432 | W31: 3539 | X31: =W31/$F31 -> 0.014132371 | Y31: 13357 | Z31: =Y31/$F31 -> 0.053338817 | AA31: 11016 | AB31: =AA31/$F31 -> 0.043990448 | AC31: =Y31+AA31 -> 24373 | AD31: =AC31/$F31 -> 0.097329265 | AE31: 22730 | AF31: =AE31/$F31 -> 0.090768236 | AG31: 2320 | AH31: =AG31/$F31 -> 0.0092645097 | AI31: 36692 | AJ31: =AI31/$F31 -> 0.14652301 | AK31: 5558 | AL31: =AK31/$F31 -> 0.02219489
B32: =D40 -> 45903 | D32: 45895 | E32: 二 | F32: =SUM(M32,S32,U32,W32,AC32,AE32,AG32,AI32,AK32) -> 242071 | G32: =SUM(F32:F38) -> 1600303 | I32: 44645 | J32: =I32/$F32 -> 0.18442936 | K32: 64295 | L32: =K32/$F32 -> 0.26560389 | M32: =I32+K32 -> 108940 | N32: =M32/$F32 -> 0.45003325 | O32: 13118 | P32: =O32/$F32 -> 0.054190713 | Q32: 7318 | R32: =Q32/$F32 -> 0.0302308 | S32: =O32+Q32 -> 20436 | T32: =S32/$F32 -> 0.084421513 | U32: 21453 | V32: =U32/$F32 -> 0.088622759 | W32: 2795 | X32: =W32/$F32 -> 0.011546199 | Y32: 13045 | Z32: =Y32/$F32 -> 0.053889148 | AA32: 10398 | AB32: =AA32/$F32 -> 0.04295434 | AC32: =Y32+AA32 -> 23443 | AD32: =AC32/$F32 -> 0.096843488 | AE32: 20880 | AF32: =AE32/$F32 -> 0.086255685 | AG32: 2164 | AH32: =AG32/$F32 -> 0.008939526 | AI32: 36348 | AJ32: =AI32/$F32 -> 0.15015429 | AK32: 5612 | AL32: =AK32/$F32 -> 0.023183281
D33: 45896 | E33: 三 | F33: =SUM(M33,S33,U33,W33,AC33,AE33,AG33,AI33,AK33) -> 237593 | I33: 44466 | J33: =I33/$F33 -> 0.18715198 | K33: 62684 | L33: =K33/$F33 -> 0.26382932 | M33: =I33+K33 -> 107150 | N33: =M33/$F33 -> 0.4509813 | O33: 13002 | P33: =O33/$F33 -> 0.054723834 | Q33: 6967 | R33: =Q33/$F33 -> 0.029323254 | S33: =O33+Q33 -> 19969 | T33: =S33/$F33 -> 0.084047089 | U33: 20993 | V33: =U33/$F33 -> 0.08835698 | W33: 2701 | X33: =W33/$F33 -> 0.01136818 | Y33: 12402 | Z33: =Y33/$F33 -> 0.052198508 | AA33: 9273 | AB33: =AA33/$F33 -> 0.039028928 | AC33: =Y33+AA33 -> 21675 | AD33: =AC33/$F33 -> 0.091227435 | AE33: 21042 | AF33: =AE33/$F33 -> 0.088563215 | AG33: 2050 | AH33: =AG33/$F33 -> 0.0086282003 | AI33: 36455 | AJ33: =AI33/$F33 -> 0.15343466 | AK33: 5558 | AL33: =AK33/$F33 -> 0.023392945
D34: 45897 | E34: 四 | F34: =SUM(M34,S34,U34,W34,AC34,AE34,AG34,AI34,AK34) -> 223084 | I34: 43825 | J34: =I34/$F34 -> 0.19645066 | K34: 57801 | L34: =K34/$F34 -> 0.25909971 | M34: =I34+K34 -> 101626 | N34: =M34/$F34 -> 0.45555038 | O34: 12504 | P34: =O34/$F34 -> 0.056050636 | Q34: 6802 | R34: =Q34/$F34 -> 0.030490757 | S34: =O34+Q34 -> 19306 | T34: =S34/$F34 -> 0.086541392 | U34: 19323 | V34: =U34/$F34 -> 0.086617597 | W34: 2616 | X34: =W34/$F34 -> 0.011726525 | Y34: 11510 | Z34: =Y34/$F34 -> 0.051594915 | AA34: 8036 | AB34: =AA34/$F34 -> 0.036022305 | AC34: =Y34+AA34 -> 19546 | AD34: =AC34/$F34 -> 0.08761722 | AE34: 18874 | AF34: =AE34/$F34 -> 0.084604902 | AG34: 1956 | AH34: =AG34/$F34 -> 0.0087679977 | AI34: 34243 | AJ34: =AI34/$F34 -> 0.15349823 | AK34: 5594 | AL34: =AK34/$F34 -> 0.025075756
D35: 45898 | E35: 五 | F35: =SUM(M35,S35,U35,W35,AC35,AE35,AG35,AI35,AK35) -> 190353 | I35: 33358 | J35: =I35/$F35 -> 0.17524284 | K35: 52547 | L35: =K35/$F35 -> 0.27605029 | M35: =I35+K35 -> 85905 | N35: =M35/$F35 -> 0.45129312 | O35: 9771 | P35: =O35/$F35 -> 0.051330948 | Q35: 5885 | R35: =Q35/$F35 -> 0.030916245 | S35: =O35+Q35 -> 15656 | T35: =S35/$F35 -> 0.082247193 | U35: 16566 | V35: =U35/$F35 -> 0.087027785 | W35: 2501 | X35: =W35/$F35 -> 0.013138747 | Y35: 9840 | Z35: =Y35/$F35 -> 0.051693433 | AA35: 8154 | AB35: =AA35/$F35 -> 0.042836204 | AC35: =Y35+AA35 -> 17994 | AD35: =AC35/$F35 -> 0.094529637 | AE35: 14124 | AF35: =AE35/$F35 -> 0.074198988 | AG35: 1680 | AH35: =AG35/$F35 -> 0.008825708 | AI35: 30946 | AJ35: =AI35/$F35 -> 0.16257164 | AK35: 4981 | AL35: =AK35/$F35 -> 0.026167174
D36: 45899 | E36: 六 | F36: =SUM(M36,S36,U36,W36,AC36,AE36,AG36,AI36,AK36) -> 202704 | I36: 31990 | J36: =I36/$F36 -> 0.15781632 | K36: 60019 | L36: =K36/$F36 -> 0.29609184 | M36: =I36+K36 -> 92009 | N36: =M36/$F36 -> 0.45390816 | O36: 9569 | P36: =O36/$F36 -> 0.047206765 | Q36: 6063 | R36: =Q36/$F36 -> 0.029910609 | S36: =O36+Q36 -> 15632 | T36: =S36/$F36 -> 0.077117373 | U36: 17298 | V36: =U36/$F36 -> 0.085336254 | W36: 2815 | X36: =W36/$F36 -> 0.013887244 | Y36: 10252 | Z36: =Y36/$F36 -> 0.05057621 | AA36: 10848 | AB36: =AA36/$F36 -> 0.053516457 | AC36: =Y36+AA36 -> 21100 | AD36: =AC36/$F36 -> 0.10409267 | AE36: 15254 | AF36: =AE36/$F36 -> 0.075252585 | AG36: 1837 | AH36: =AG36/$F36 -> 0.0090624753 | AI36: 31266 | AJ36: =AI36/$F36 -> 0.15424461 | AK36: 5493 | AL36: =AK36/$F36 -> 0.027098627
D37: 45900 | E37: 日 | F37: =SUM(M37,S37,U37,W37,AC37,AE37,AG37,AI37,AK37) -> 251694 | I37: 46665 | J37: =I37/$F37 -> 0.1854037 | K37: 67311 | L37: =K37/$F37 -> 0.26743188 | M37: =I37+K37 -> 113976 | N37: =M37/$F37 -> 0.45283559 | O37: 13962 | P37: =O37/$F37 -> 0.055472121 | Q37: 7260 | R37: =Q37/$F37 -> 0.028844549 | S37: =O37+Q37 -> 21222 | T37: =S37/$F37 -> 0.08431667 | U37: 22122 | V37: =U37/$F37 -> 0.087892441 | W37: 3265 | X37: =W37/$F37 -> 0.012972101 | Y37: 13368 | Z37: =Y37/$F37 -> 0.053112112 | AA37: 10282 | AB37: =AA37/$F37 -> 0.040851192 | AC37: =Y37+AA37 -> 23650 | AD37: =AC37/$F37 -> 0.093963305 | AE37: 23033 | AF37: =AE37/$F37 -> 0.091511915 | AG37: 2277 | AH37: =AG37/$F37 -> 0.0090466996 | AI37: 36568 | AJ37: =AI37/$F37 -> 0.14528753 | AK37: 5581 | AL37: =AK37/$F37 -> 0.022173751
D38: 45901 | E38: 一 | F38: =SUM(M38,S38,U38,W38,AC38,AE38,AG38,AI38,AK38) -> 252804 | H38: =SUM(F38:F67) -> 3584635 | I38: 45588 | J38: =I38/$F38 -> 0.18032943 | K38: 68384 | L38: =K38/$F38 -> 0.27050205 | M38: =I38+K38 -> 113972 | N38: =M38/$F38 -> 0.45083147 | O38: 13376 | P38: =O38/$F38 -> 0.052910555 | Q38: 7389 | R38: =Q38/$F38 -> 0.029228177 | S38: =O38+Q38 -> 20765 | T38: =S38/$F38 -> 0.082138732 | U38: 21728 | V38: =U38/$F38 -> 0.085948007 | W38: 3016 | X38: =W38/$F38 -> 0.011930191 | Y38: 13161 | Z38: =Y38/$F38 -> 0.052060094 | AA38: 15893 | AB38: =AA38/$F38 -> 0.062866885 | AC38: =Y38+AA38 -> 29054 | AD38: =AC38/$F38 -> 0.11492698 | AE38: 21186 | AF38: =AE38/$F38 -> 0.083804054 | AG38: 2111 | AH38: =AG38/$F38 -> 0.0083503426 | AI38: 35403 | AJ38: =AI38/$F38 -> 0.1400413 | AK38: 5569 | AL38: =AK38/$F38 -> 0.022028924
B39: =D47 -> 45910 | D39: 45902 | E39: 二 | F39: =SUM(M39,S39,U39,W39,AC39,AE39,AG39,AI39,AK39) -> 267176 | G39: =SUM(F39:F45) -> 1673814 | I39: 62588 | J39: =I39/$F39 -> 0.23425757 | K39: 68995 | L39: =K39/$F39 -> 0.25823802 | M39: =I39+K39 -> 131583 | N39: =M39/$F39 -> 0.49249558 | O39: 13154 | P39: =O39/$F39 -> 0.049233464 | Q39: 7534 | R39: =Q39/$F39 -> 0.028198641 | S39: =O39+Q39 -> 20688 | T39: =S39/$F39 -> 0.077432105 | U39: 21093 | V39: =U39/$F39 -> 0.078947959 | W39: 2750 | X39: =W39/$F39 -> 0.010292841 | Y39: 12742 | Z39: =Y39/$F39 -> 0.047691409 | AA39: 16438 | AB39: =AA39/$F39 -> 0.061524987 | AC39: =Y39+AA39 -> 29180 | AD39: =AC39/$F39 -> 0.1092164 | AE39: 21012 | AF39: =AE39/$F39 -> 0.078644788 | AG39: 2008 | AH39: =AG39/$F39 -> 0.0075156451 | AI39: 33296 | AJ39: =AI39/$F39 -> 0.12462197 | AK39: 5566 | AL39: =AK39/$F39 -> 0.02083271
D40: 45903 | E40: 三 | F40: =SUM(M40,S40,U40,W40,AC40,AE40,AG40,AI40,AK40) -> 255665 | I40: 59905 | J40: =I40/$F40 -> 0.23431052 | K40: 67120 | L40: =K40/$F40 -> 0.26253105 | M40: =I40+K40 -> 127025 | N40: =M40/$F40 -> 0.49684157 | O40: 11962 | P40: =O40/$F40 -> 0.046787789 | Q40: 7158 | R40: =Q40/$F40 -> 0.027997575 | S40: =O40+Q40 -> 19120 | T40: =S40/$F40 -> 0.074785364 | U40: 20282 | V40: =U40/$F40 -> 0.079330374 | W40: 2689 | X40: =W40/$F40 -> 0.01051767 | Y40: 11996 | Z40: =Y40/$F40 -> 0.046920775 | AA40: 14318 | AB40: =AA40/$F40 -> 0.056002973 | AC40: =Y40+AA40 -> 26314 | AD40: =AC40/$F40 -> 0.10292375 | AE40: 20569 | AF40: =AE40/$F40 -> 0.080452936 | AG40: 1995 | AH40: =AG40/$F40 -> 0.0078031799 | AI40: 32305 | AJ40: =AI40/$F40 -> 0.12635676 | AK40: 5366 | AL40: =AK40/$F40 -> 0.020988403
D41: 45904 | E41: 四 | F41: =SUM(M41,S41,U41,W41,AC41,AE41,AG41,AI41,AK41) -> 230570 | I41: 55264 | J41: =I41/$F41 -> 0.23968426 | K41: 59591 | L41: =K41/$F41 -> 0.2584508 | M41: =I41+K41 -> 114855 | N41: =M41/$F41 -> 0.49813506 | O41: 11268 | P41: =O41/$F41 -> 0.048870191 | Q41: 7201 | R41: =Q41/$F41 -> 0.031231296 | S41: =O41+Q41 -> 18469 | T41: =S41/$F41 -> 0.080101488 | U41: 18929 | V41: =U41/$F41 -> 0.082096543 | W41: 2550 | X41: =W41/$F41 -> 0.011059548 | Y41: 10937 | Z41: =Y41/$F41 -> 0.047434619 | AA41: 9789 | AB41: =AA41/$F41 -> 0.042455653 | AC41: =Y41+AA41 -> 20726 | AD41: =AC41/$F41 -> 0.089890272 | AE41: 18183 | AF41: =AE41/$F41 -> 0.078861083 | AG41: 1795 | AH41: =AG41/$F41 -> 0.0077850544 | AI41: 30052 | AJ41: =AI41/$F41 -> 0.13033786 | AK41: 5011 | AL41: =AK41/$F41 -> 0.021733096
D42: 45905 | E42: 五 | F42: =SUM(M42,S42,U42,W42,AC42,AE42,AG42,AI42,AK42) -> 194911 | I42: 44032 | J42: =I42/$F42 -> 0.22590824 | K42: 54403 | L42: =K42/$F42 -> 0.27911714 | M42: =I42+K42 -> 98435 | N42: =M42/$F42 -> 0.50502537 | O42: 8354 | P42: =O42/$F42 -> 0.042860588 | Q42: 5755 | R42: =Q42/$F42 -> 0.029526297 | S42: =O42+Q42 -> 14109 | T42: =S42/$F42 -> 0.072386884 | U42: 15413 | V42: =U42/$F42 -> 0.079077117 | W42: 2282 | X42: =W42/$F42 -> 0.011707908 | Y42: 8929 | Z42: =Y42/$F42 -> 0.045810652 | AA42: 8319 | AB42: =AA42/$F42 -> 0.042681019 | AC42: =Y42+AA42 -> 17248 | AD42: =AC42/$F42 -> 0.088491671 | AE42: 13178 | AF42: =AE42/$F42 -> 0.067610345 | AG42: 1544 | AH42: =AG42/$F42 -> 0.0079215642 | AI42: 27810 | AJ42: =AI42/$F42 -> 0.14268051 | AK42: 4892 | AL42: =AK42/$F42 -> 0.025098635
D43: 45906 | E43: 六 | F43: =SUM(M43,S43,U43,W43,AC43,AE43,AG43,AI43,AK43) -> 202561 | I43: 42040 | J43: =I43/$F43 -> 0.20754242 | K43: 61363 | L43: =K43/$F43 -> 0.30293591 | M43: =I43+K43 -> 103403 | N43: =M43/$F43 -> 0.51047833 | O43: 7993 | P43: =O43/$F43 -> 0.039459718 | Q43: 5731 | R43: =Q43/$F43 -> 0.028292712 | S43: =O43+Q43 -> 13724 | T43: =S43/$F43 -> 0.06775243 | U43: 14949 | V43: =U43/$F43 -> 0.073799991 | W43: 2569 | X43: =W43/$F43 -> 0.012682599 | Y43: 9579 | Z43: =Y43/$F43 -> 0.047289458 | AA43: 10597 | AB43: =AA43/$F43 -> 0.052315105 | AC43: =Y43+AA43 -> 20176 | AD43: =AC43/$F43 -> 0.099604564 | AE43: 13837 | AF43: =AE43/$F43 -> 0.068310287 | AG43: 1658 | AH43: =AG43/$F43 -> 0.0081851887 | AI43: 27464 | AJ43: =AI43/$F43 -> 0.13558385 | AK43: 4781 | AL43: =AK43/$F43 -> 0.023602767
D44: 45907 | E44: 日 | F44: =SUM(M44,S44,U44,W44,AC44,AE44,AG44,AI44,AK44) -> 262932 | I44: 59634 | J44: =I44/$F44 -> 0.22680389 | K44: 69271 | L44: =K44/$F44 -> 0.26345595 | M44: =I44+K44 -> 128905 | N44: =M44/$F44 -> 0.49025984 | O44: 12328 | P44: =O44/$F44 -> 0.046886647 | Q44: 7241 | R44: =Q44/$F44 -> 0.02753944 | S44: =O44+Q44 -> 19569 | T44: =S44/$F44 -> 0.074426087 | U44: 21484 | V44: =U44/$F44 -> 0.081709339 | W44: 3546 | X44: =W44/$F44 -> 0.013486377 | Y44: 12855 | Z44: =Y44/$F44 -> 0.048890968 | AA44: 12659 | AB44: =AA44/$F44 -> 0.048145528 | AC44: =Y44+AA44 -> 25514 | AD44: =AC44/$F44 -> 0.097036496 | AE44: 21915 | AF44: =AE44/$F44 -> 0.083348546 | AG44: 2085 | AH44: =AG44/$F44 -> 0.0079298069 | AI44: 34510 | AJ44: =AI44/$F44 -> 0.13125067 | AK44: 5404 | AL44: =AK44/$F44 -> 0.020552843
D45: 45908 | E45: 一 | F45: =SUM(M45,S45,U45,W45,AC45,AE45,AG45,AI45,AK45) -> 259999 | I45: 57617 | J45: =I45/$F45 -> 0.2216047 | K45: 70337 | L45: =K45/$F45 -> 0.27052796 | M45: =I45+K45 -> 127954 | N45: =M45/$F45 -> 0.49213266 | O45: 11714 | P45: =O45/$F45 -> 0.045054019 | Q45: 7257 | R45: =Q45/$F45 -> 0.027911646 | S45: =O45+Q45 -> 18971 | T45: =S45/$F45 -> 0.072965665 | U45: 21566 | V45: =U45/$F45 -> 0.082946473 | W45: 3289 | X45: =W45/$F45 -> 0.012650049 | Y45: 12741 | Z45: =Y45/$F45 -> 0.049004035 | AA45: 12789 | AB45: =AA45/$F45 -> 0.049188651 | AC45: =Y45+AA45 -> 25530 | AD45: =AC45/$F45 -> 0.098192685 | AE45: 21983 | AF45: =AE45/$F45 -> 0.084550325 | AG45: 2131 | AH45: =AG45/$F45 -> 0.0081961854 | AI45: 32977 | AJ45: =AI45/$F45 -> 0.1268351 | AK45: 5598 | AL45: =AK45/$F45 -> 0.021530852
B46: =D54 -> 45917 | D46: 45909 | E46: 二 | F46: =SUM(M46,S46,U46,W46,AC46,AE46,AG46,AI46,AK46) -> 258026 | G46: =SUM(F46:F52) -> 1658017 | I46: 63789 | J46: =I46/$F46 -> 0.24721927 | K46: 67110 | L46: =K46/$F46 -> 0.26009007 | M46: =I46+K46 -> 130899 | N46: =M46/$F46 -> 0.50730934 | O46: 10863 | P46: =O46/$F46 -> 0.042100408 | Q46: 7079 | R46: =Q46/$F46 -> 0.02743522 | S46: =O46+Q46 -> 17942 | T46: =S46/$F46 -> 0.069535628 | U46: 20848 | V46: =U46/$F46 -> 0.080798059 | W46: 2878 | X46: =W46/$F46 -> 0.011153915 | Y46: 12134 | Z46: =Y46/$F46 -> 0.047026269 | AA46: 12627 | AB46: =AA46/$F46 -> 0.048936929 | AC46: =Y46+AA46 -> 24761 | AD46: =AC46/$F46 -> 0.095963198 | AE46: 21575 | AF46: =AE46/$F46 -> 0.083615605 | AG46: 1958 | AH46: =AG46/$F46 -> 0.0075883826 | AI46: 31708 | AJ46: =AI46/$F46 -> 0.12288684 | AK46: 5457 | AL46: =AK46/$F46 -> 0.021149031
D47: 45910 | E47: 三 | F47: =SUM(M47,S47,U47,W47,AC47,AE47,AG47,AI47,AK47) -> 250306 | I47: 63522 | J47: =I47/$F47 -> 0.25377738 | K47: 65698 | L47: =K47/$F47 -> 0.26247074 | M47: =I47+K47 -> 129220 | N47: =M47/$F47 -> 0.51624811 | O47: 10600 | P47: =O47/$F47 -> 0.042348166 | Q47: 6804 | R47: =Q47/$F47 -> 0.027182728 | S47: =O47+Q47 -> 17404 | T47: =S47/$F47 -> 0.069530894 | U47: 20624 | V47: =U47/$F47 -> 0.082395148 | W47: 2343 | X47: =W47/$F47 -> 0.0093605427 | Y47: 11646 | Z47: =Y47/$F47 -> 0.046527051 | AA47: 10991 | AB47: =AA47/$F47 -> 0.043910254 | AC47: =Y47+AA47 -> 22637 | AD47: =AC47/$F47 -> 0.090437305 | AE47: 21001 | AF47: =AE47/$F47 -> 0.083901305 | AG47: 1923 | AH47: =AG47/$F47 -> 0.0076825965 | AI47: 29499 | AJ47: =AI47/$F47 -> 0.11785175 | AK47: 5655 | AL47: =AK47/$F47 -> 0.022592347
D48: 45911 | E48: 四 | F48: =SUM(M48,S48,U48,W48,AC48,AE48,AG48,AI48,AK48) -> 231245 | I48: 60148 | J48: =I48/$F48 -> 0.26010508 | K48: 58415 | L48: =K48/$F48 -> 0.25261087 | M48: =I48+K48 -> 118563 | N48: =M48/$F48 -> 0.51271595 | O48: 10208 | P48: =O48/$F48 -> 0.044143657 | Q48: 6605 | R48: =Q48/$F48 -> 0.02856278 | S48: =O48+Q48 -> 16813 | T48: =S48/$F48 -> 0.072706437 | U48: 18870 | V48: =U48/$F48 -> 0.081601764 | W48: 2321 | X48: =W48/$F48 -> 0.010036974 | Y48: 10570 | Z48: =Y48/$F48 -> 0.045709096 | AA48: 9161 | AB48: =AA48/$F48 -> 0.039615992 | AC48: =Y48+AA48 -> 19731 | AD48: =AC48/$F48 -> 0.085325088 | AE48: 18995 | AF48: =AE48/$F48 -> 0.082142317 | AG48: 1804 | AH48: =AG48/$F48 -> 0.0078012498 | AI48: 28862 | AJ48: =AI48/$F48 -> 0.12481135 | AK48: 5286 | AL48: =AK48/$F48 -> 0.022858873
D49: 45912 | E49: 五 | F49: =SUM(M49,S49,U49,W49,AC49,AE49,AG49,AI49,AK49) -> 191700 | I49: 43774 | J49: =I49/$F49 -> 0.22834637 | K49: 52868 | L49: =K49/$F49 -> 0.27578508 | M49: =I49+K49 -> 96642 | N49: =M49/$F49 -> 0.50413146 | O49: 7864 | P49: =O49/$F49 -> 0.041022431 | Q49: 5726 | R49: =Q49/$F49 -> 0.029869588 | S49: =O49+Q49 -> 13590 | T49: =S49/$F49 -> 0.070892019 | U49: 15285 | V49: =U49/$F49 -> 0.079733959 | W49: 2211 | X49: =W49/$F49 -> 0.011533646 | Y49: 9006 | Z49: =Y49/$F49 -> 0.046979656 | AA49: 9467 | AB49: =AA49/$F49 -> 0.049384455 | AC49: =Y49+AA49 -> 18473 | AD49: =AC49/$F49 -> 0.096364111 | AE49: 13824 | AF49: =AE49/$F49 -> 0.072112676 | AG49: 1521 | AH49: =AG49/$F49 -> 0.0079342723 | AI49: 25406 | AJ49: =AI49/$F49 -> 0.13252999 | AK49: 4748 | AL49: =AK49/$F49 -> 0.024767866
D50: 45913 | E50: 六 | F50: =SUM(M50,S50,U50,W50,AC50,AE50,AG50,AI50,AK50) -> 201547 | I50: 41255 | J50: =I50/$F50 -> 0.20469171 | K50: 61154 | L50: =K50/$F50 -> 0.30342302 | M50: =I50+K50 -> 102409 | N50: =M50/$F50 -> 0.50811473 | O50: 7744 | P50: =O50/$F50 -> 0.0384228 | Q50: 5693 | R50: =Q50/$F50 -> 0.028246513 | S50: =O50+Q50 -> 13437 | T50: =S50/$F50 -> 0.066669313 | U50: 16173 | V50: =U50/$F50 -> 0.08024431 | W50: 2547 | X50: =W50/$F50 -> 0.012637251 | Y50: 9829 | Z50: =Y50/$F50 -> 0.048767781 | AA50: 10762 | AB50: =AA50/$F50 -> 0.053396974 | AC50: =Y50+AA50 -> 20591 | AD50: =AC50/$F50 -> 0.10216476 | AE50: 14451 | AF50: =AE50/$F50 -> 0.071700397 | AG50: 1650 | AH50: =AG50/$F50 -> 0.0081866761 | AI50: 25206 | AJ50: =AI50/$F50 -> 0.12506264 | AK50: 5083 | AL50: =AK50/$F50 -> 0.025219924
D51: 45914 | E51: 日 | F51: =SUM(M51,S51,U51,W51,AC51,AE51,AG51,AI51,AK51) -> 263020 | I51: 63962 | J51: =I51/$F51 -> 0.24318303 | K51: 68861 | L51: =K51/$F51 -> 0.26180899 | M51: =I51+K51 -> 132823 | N51: =M51/$F51 -> 0.50499202 | O51: 11455 | P51: =O51/$F51 -> 0.043551821 | Q51: 7094 | R51: =Q51/$F51 -> 0.026971333 | S51: =O51+Q51 -> 18549 | T51: =S51/$F51 -> 0.070523154 | U51: 21928 | V51: =U51/$F51 -> 0.083370086 | W51: 3319 | X51: =W51/$F51 -> 0.012618812 | Y51: 12748 | Z51: =Y51/$F51 -> 0.048467797 | AA51: 11956 | AB51: =AA51/$F51 -> 0.045456619 | AC51: =Y51+AA51 -> 24704 | AD51: =AC51/$F51 -> 0.093924416 | AE51: 22607 | AF51: =AE51/$F51 -> 0.085951639 | AG51: 2054 | AH51: =AG51/$F51 -> 0.0078092921 | AI51: 31448 | AJ51: =AI51/$F51 -> 0.11956505 | AK51: 5588 | AL51: =AK51/$F51 -> 0.021245533
D52: 45915 | E52: 一 | F52: =SUM(M52,S52,U52,W52,AC52,AE52,AG52,AI52,AK52) -> 262173 | I52: 61247 | J52: =I52/$F52 -> 0.23361292 | K52: 73461 | L52: =K52/$F52 -> 0.28020048 | M52: =I52+K52 -> 134708 | N52: =M52/$F52 -> 0.5138134 | O52: 11662 | P52: =O52/$F52 -> 0.044482079 | Q52: 7204 | R52: =Q52/$F52 -> 0.027478039 | S52: =O52+Q52 -> 18866 | T52: =S52/$F52 -> 0.071960118 | U52: 22186 | V52: =U52/$F52 -> 0.084623512 | W52: 3161 | X52: =W52/$F52 -> 0.012056924 | Y52: 12783 | Z52: =Y52/$F52 -> 0.048757881 | AA52: 11803 | AB52: =AA52/$F52 -> 0.045019891 | AC52: =Y52+AA52 -> 24586 | AD52: =AC52/$F52 -> 0.093777773 | AE52: 21437 | AF52: =AE52/$F52 -> 0.08176662 | AG52: 2037 | AH52: =AG52/$F52 -> 0.0077696788 | AI52: 29467 | AJ52: =AI52/$F52 -> 0.11239525 | AK52: 5725 | AL52: =AK52/$F52 -> 0.021836726
B53: =B46+7 -> 45924 | D53: =D52+1 -> 45916 | E53: 二 | F53: =SUM(M53,S53,U53,W53,Y53,AA53,AC53,AE53,AG53,AI53,AK53) -> 0 | G53: =SUM(F53:F59) -> 0 | J53: =I53/F53 -> #DIV/0! | L53: =K53/F53 -> #DIV/0! | M53: =SUM(I53+K53) -> 0 | N53: =M53/F53 -> #DIV/0! | P53: =O53/F53 -> #DIV/0! | R53: =Q53/D53 -> 0 | S53: =SUM(O53+Q53) -> 0 | T53: =S53/F53 -> #DIV/0! | V53: =U53/F53 -> #DIV/0! | X53: =W53/F53 -> #DIV/0! | Z53: =Y53/F53 -> #DIV/0! | AB53: =AA53/D53 -> 0 | AC53: =SUM(Y53+AA53) -> 0 | AD53: =AC53/F53 -> #DIV/0! | AF53: =AE53/F53 -> #DIV/0! | AH53: =AG53/F53 -> #DIV/0! | AJ53: =AI53/F53 -> #DIV/0! | AL53: =AK53/F53 -> #DIV/0!
D54: =D53+1 -> 45917 | E54: 三 | F54: =SUM(M54,S54,U54,W54,Y54,AA54,AC54,AE54,AG54,AI54,AK54) -> 0 | J54: =I54/F54 -> #DIV/0! | L54: =K54/F54 -> #DIV/0! | M54: =SUM(I54+K54) -> 0 | N54: =M54/F54 -> #DIV/0! | P54: =O54/F54 -> #DIV/0! | R54: =Q54/D54 -> 0 | S54: =SUM(O54+Q54) -> 0 | T54: =S54/F54 -> #DIV/0! | V54: =U54/F54 -> #DIV/0! | X54: =W54/F54 -> #DIV/0! | Z54: =Y54/F54 -> #DIV/0! | AB54: =AA54/D54 -> 0 | AC54: =SUM(Y54+AA54) -> 0 | AD54: =AC54/F54 -> #DIV/0! | AF54: =AE54/F54 -> #DIV/0! | AH54: =AG54/F54 -> #DIV/0! | AJ54: =AI54/F54 -> #DIV/0! | AL54: =AK54/F54 -> #DIV/0!
D55: =D54+1 -> 45918 | E55: 四 | F55: =SUM(M55,S55,U55,W55,Y55,AA55,AC55,AE55,AG55,AI55,AK55) -> 0 | J55: =I55/F55 -> #DIV/0! | L55: =K55/F55 -> #DIV/0! | M55: =SUM(I55+K55) -> 0 | N55: =M55/F55 -> #DIV/0! | P55: =O55/F55 -> #DIV/0! | R55: =Q55/D55 -> 0 | S55: =SUM(O55+Q55) -> 0 | T55: =S55/F55 -> #DIV/0! | V55: =U55/F55 -> #DIV/0! | X55: =W55/F55 -> #DIV/0! | Z55: =Y55/F55 -> #DIV/0! | AB55: =AA55/D55 -> 0 | AC55: =SUM(Y55+AA55) -> 0 | AD55: =AC55/F55 -> #DIV/0! | AF55: =AE55/F55 -> #DIV/0! | AH55: =AG55/F55 -> #DIV/0! | AJ55: =AI55/F55 -> #DIV/0! | AL55: =AK55/F55 -> #DIV/0!
D56: =D55+1 -> 45919 | E56: 五 | F56: =SUM(M56,S56,U56,W56,Y56,AA56,AC56,AE56,AG56,AI56,AK56) -> 0 | J56: =I56/F56 -> #DIV/0! | L56: =K56/F56 -> #DIV/0! | M56: =SUM(I56+K56) -> 0 | N56: =M56/F56 -> #DIV/0! | P56: =O56/F56 -> #DIV/0! | R56: =Q56/D56 -> 0 | S56: =SUM(O56+Q56) -> 0 | T56: =S56/F56 -> #DIV/0! | V56: =U56/F56 -> #DIV/0! | X56: =W56/F56 -> #DIV/0! | Z56: =Y56/F56 -> #DIV/0! | AB56: =AA56/D56 -> 0 | AC56: =SUM(Y56+AA56) -> 0 | AD56: =AC56/F56 -> #DIV/0! | AF56: =AE56/F56 -> #DIV/0! | AH56: =AG56/F56 -> #DIV/0! | AJ56: =AI56/F56 -> #DIV/0! | AL56: =AK56/F56 -> #DIV/0!
D57: =D56+1 -> 45920 | E57: 六 | F57: =SUM(M57,S57,U57,W57,Y57,AA57,AC57,AE57,AG57,AI57,AK57) -> 0 | J57: =I57/F57 -> #DIV/0! | L57: =K57/F57 -> #DIV/0! | M57: =SUM(I57+K57) -> 0 | N57: =M57/F57 -> #DIV/0! | P57: =O57/F57 -> #DIV/0! | R57: =Q57/D57 -> 0 | S57: =SUM(O57+Q57) -> 0 | T57: =S57/F57 -> #DIV/0! | V57: =U57/F57 -> #DIV/0! | X57: =W57/F57 -> #DIV/0! | Z57: =Y57/F57 -> #DIV/0! | AB57: =AA57/D57 -> 0 | AC57: =SUM(Y57+AA57) -> 0 | AD57: =AC57/F57 -> #DIV/0! | AF57: =AE57/F57 -> #DIV/0! | AH57: =AG57/F57 -> #DIV/0! | AJ57: =AI57/F57 -> #DIV/0! | AL57: =AK57/F57 -> #DIV/0!
D58: =D57+1 -> 45921 | E58: 日 | F58: =SUM(M58,S58,U58,W58,Y58,AA58,AC58,AE58,AG58,AI58,AK58) -> 0 | J58: =I58/F58 -> #DIV/0! | L58: =K58/F58 -> #DIV/0! | M58: =SUM(I58+K58) -> 0 | N58: =M58/F58 -> #DIV/0! | P58: =O58/F58 -> #DIV/0! | R58: =Q58/D58 -> 0 | S58: =SUM(O58+Q58) -> 0 | T58: =S58/F58 -> #DIV/0! | V58: =U58/F58 -> #DIV/0! | X58: =W58/F58 -> #DIV/0! | Z58: =Y58/F58 -> #DIV/0! | AB58: =AA58/D58 -> 0 | AC58: =SUM(Y58+AA58) -> 0 | AD58: =AC58/F58 -> #DIV/0! | AF58: =AE58/F58 -> #DIV/0! | AH58: =AG58/F58 -> #DIV/0! | AJ58: =AI58/F58 -> #DIV/0! | AL58: =AK58/F58 -> #DIV/0!
D59: =D58+1 -> 45922 | E59: 一 | F59: =SUM(M59,S59,U59,W59,Y59,AA59,AC59,AE59,AG59,AI59,AK59) -> 0 | J59: =I59/F59 -> #DIV/0! | L59: =K59/F59 -> #DIV/0! | M59: =SUM(I59+K59) -> 0 | N59: =M59/F59 -> #DIV/0! | P59: =O59/F59 -> #DIV/0! | R59: =Q59/D59 -> 0 | S59: =SUM(O59+Q59) -> 0 | T59: =S59/F59 -> #DIV/0! | V59: =U59/F59 -> #DIV/0! | X59: =W59/F59 -> #DIV/0! | Z59: =Y59/F59 -> #DIV/0! | AB59: =AA59/D59 -> 0 | AC59: =SUM(Y59+AA59) -> 0 | AD59: =AC59/F59 -> #DIV/0! | AF59: =AE59/F59 -> #DIV/0! | AH59: =AG59/F59 -> #DIV/0! | AJ59: =AI59/F59 -> #DIV/0! | AL59: =AK59/F59 -> #DIV/0!
B60: =B53+7 -> 45931 | D60: =D59+1 -> 45923 | E60: 二 | F60: =SUM(M60,S60,U60,W60,Y60,AA60,AC60,AE60,AG60,AI60,AK60) -> 0 | G60: =SUM(F60:F66) -> 0 | J60: =I60/F60 -> #DIV/0! | L60: =K60/F60 -> #DIV/0! | M60: =SUM(I60+K60) -> 0 | N60: =M60/F60 -> #DIV/0! | P60: =O60/F60 -> #DIV/0! | R60: =Q60/D60 -> 0 | S60: =SUM(O60+Q60) -> 0 | T60: =S60/F60 -> #DIV/0! | V60: =U60/F60 -> #DIV/0! | X60: =W60/F60 -> #DIV/0! | Z60: =Y60/F60 -> #DIV/0! | AB60: =AA60/D60 -> 0 | AC60: =SUM(Y60+AA60) -> 0 | AD60: =AC60/F60 -> #DIV/0! | AF60: =AE60/F60 -> #DIV/0! | AH60: =AG60/F60 -> #DIV/0! | AJ60: =AI60/F60 -> #DIV/0! | AL60: =AK60/F60 -> #DIV/0!
D61: =D60+1 -> 45924 | E61: 三 | F61: =SUM(M61,S61,U61,W61,Y61,AA61,AC61,AE61,AG61,AI61,AK61) -> 0 | J61: =I61/F61 -> #DIV/0! | L61: =K61/F61 -> #DIV/0! | M61: =SUM(I61+K61) -> 0 | N61: =M61/F61 -> #DIV/0! | P61: =O61/F61 -> #DIV/0! | R61: =Q61/D61 -> 0 | S61: =SUM(O61+Q61) -> 0 | T61: =S61/F61 -> #DIV/0! | V61: =U61/F61 -> #DIV/0! | X61: =W61/F61 -> #DIV/0! | Z61: =Y61/F61 -> #DIV/0! | AB61: =AA61/D61 -> 0 | AC61: =SUM(Y61+AA61) -> 0 | AD61: =AC61/F61 -> #DIV/0! | AF61: =AE61/F61 -> #DIV/0! | AH61: =AG61/F61 -> #DIV/0! | AJ61: =AI61/F61 -> #DIV/0! | AL61: =AK61/F61 -> #DIV/0!
D62: =D61+1 -> 45925 | E62: 四 | F62: =SUM(M62,S62,U62,W62,Y62,AA62,AC62,AE62,AG62,AI62,AK62) -> 0 | J62: =I62/F62 -> #DIV/0! | L62: =K62/F62 -> #DIV/0! | M62: =SUM(I62+K62) -> 0 | N62: =M62/F62 -> #DIV/0! | P62: =O62/F62 -> #DIV/0! | R62: =Q62/D62 -> 0 | S62: =SUM(O62+Q62) -> 0 | T62: =S62/F62 -> #DIV/0! | V62: =U62/F62 -> #DIV/0! | X62: =W62/F62 -> #DIV/0! | Z62: =Y62/F62 -> #DIV/0! | AB62: =AA62/D62 -> 0 | AC62: =SUM(Y62+AA62) -> 0 | AD62: =AC62/F62 -> #DIV/0! | AF62: =AE62/F62 -> #DIV/0! | AH62: =AG62/F62 -> #DIV/0! | AJ62: =AI62/F62 -> #DIV/0! | AL62: =AK62/F62 -> #DIV/0!
D63: =D62+1 -> 45926 | E63: 五 | F63: =SUM(M63,S63,U63,W63,Y63,AA63,AC63,AE63,AG63,AI63,AK63) -> 0 | J63: =I63/F63 -> #DIV/0! | L63: =K63/F63 -> #DIV/0! | M63: =SUM(I63+K63) -> 0 | N63: =M63/F63 -> #DIV/0! | P63: =O63/F63 -> #DIV/0! | R63: =Q63/D63 -> 0 | S63: =SUM(O63+Q63) -> 0 | T63: =S63/F63 -> #DIV/0! | V63: =U63/F63 -> #DIV/0! | X63: =W63/F63 -> #DIV/0! | Z63: =Y63/F63 -> #DIV/0! | AB63: =AA63/D63 -> 0 | AC63: =SUM(Y63+AA63) -> 0 | AD63: =AC63/F63 -> #DIV/0! | AF63: =AE63/F63 -> #DIV/0! | AH63: =AG63/F63 -> #DIV/0! | AJ63: =AI63/F63 -> #DIV/0! | AL63: =AK63/F63 -> #DIV/0!
D64: =D63+1 -> 45927 | E64: 六 | F64: =SUM(M64,S64,U64,W64,Y64,AA64,AC64,AE64,AG64,AI64,AK64) -> 0 | J64: =I64/F64 -> #DIV/0! | L64: =K64/F64 -> #DIV/0! | M64: =SUM(I64+K64) -> 0 | N64: =M64/F64 -> #DIV/0! | P64: =O64/F64 -> #DIV/0! | R64: =Q64/D64 -> 0 | S64: =SUM(O64+Q64) -> 0 | T64: =S64/F64 -> #DIV/0! | V64: =U64/F64 -> #DIV/0! | X64: =W64/F64 -> #DIV/0! | Z64: =Y64/F64 -> #DIV/0! | AB64: =AA64/D64 -> 0 | AC64: =SUM(Y64+AA64) -> 0 | AD64: =AC64/F64 -> #DIV/0! | AF64: =AE64/F64 -> #DIV/0! | AH64: =AG64/F64 -> #DIV/0! | AJ64: =AI64/F64 -> #DIV/0! | AL64: =AK64/F64 -> #DIV/0!
D65: =D64+1 -> 45928 | E65: 日 | F65: =SUM(M65,S65,U65,W65,Y65,AA65,AC65,AE65,AG65,AI65,AK65) -> 0 | J65: =I65/F65 -> #DIV/0! | L65: =K65/F65 -> #DIV/0! | M65: =SUM(I65+K65) -> 0 | N65: =M65/F65 -> #DIV/0! | P65: =O65/F65 -> #DIV/0! | R65: =Q65/D65 -> 0 | S65: =SUM(O65+Q65) -> 0 | T65: =S65/F65 -> #DIV/0! | V65: =U65/F65 -> #DIV/0! | X65: =W65/F65 -> #DIV/0! | Z65: =Y65/F65 -> #DIV/0! | AB65: =AA65/D65 -> 0 | AC65: =SUM(Y65+AA65) -> 0 | AD65: =AC65/F65 -> #DIV/0! | AF65: =AE65/F65 -> #DIV/0! | AH65: =AG65/F65 -> #DIV/0! | AJ65: =AI65/F65 -> #DIV/0! | AL65: =AK65/F65 -> #DIV/0!
D66: =D65+1 -> 45929 | E66: 一 | F66: =SUM(M66,S66,U66,W66,Y66,AA66,AC66,AE66,AG66,AI66,AK66) -> 0 | J66: =I66/F66 -> #DIV/0! | L66: =K66/F66 -> #DIV/0! | M66: =SUM(I66+K66) -> 0 | N66: =M66/F66 -> #DIV/0! | P66: =O66/F66 -> #DIV/0! | R66: =Q66/D66 -> 0 | S66: =SUM(O66+Q66) -> 0 | T66: =S66/F66 -> #DIV/0! | V66: =U66/F66 -> #DIV/0! | X66: =W66/F66 -> #DIV/0! | Z66: =Y66/F66 -> #DIV/0! | AB66: =AA66/D66 -> 0 | AC66: =SUM(Y66+AA66) -> 0 | AD66: =AC66/F66 -> #DIV/0! | AF66: =AE66/F66 -> #DIV/0! | AH66: =AG66/F66 -> #DIV/0! | AJ66: =AI66/F66 -> #DIV/0! | AL66: =AK66/F66 -> #DIV/0!
B67: =B60+7 -> 45938 | D67: =D66+1 -> 45930 | E67: 二 | F67: =SUM(M67,S67,U67,W67,Y67,AA67,AC67,AE67,AG67,AI67,AK67) -> 0 | G67: =SUM(F67:F73) -> 0 | J67: =I67/F67 -> #DIV/0! | L67: =K67/F67 -> #DIV/0! | M67: =SUM(I67+K67) -> 0 | N67: =M67/F67 -> #DIV/0! | P67: =O67/F67 -> #DIV/0! | R67: =Q67/D67 -> 0 | S67: =SUM(O67+Q67) -> 0 | T67: =S67/F67 -> #DIV/0! | V67: =U67/F67 -> #DIV/0! | X67: =W67/F67 -> #DIV/0! | Z67: =Y67/F67 -> #DIV/0! | AB67: =AA67/D67 -> 0 | AC67: =SUM(Y67+AA67) -> 0 | AD67: =AC67/F67 -> #DIV/0! | AF67: =AE67/F67 -> #DIV/0! | AH67: =AG67/F67 -> #DIV/0! | AJ67: =AI67/F67 -> #DIV/0! | AL67: =AK67/F67 -> #DIV/0!
D68: =D67+1 -> 45931 | E68: 三 | F68: =SUM(M68,S68,U68,W68,Y68,AA68,AC68,AE68,AG68,AI68,AK68) -> 0 | J68: =I68/F68 -> #DIV/0! | L68: =K68/F68 -> #DIV/0! | M68: =SUM(I68+K68) -> 0 | N68: =M68/F68 -> #DIV/0! | P68: =O68/F68 -> #DIV/0! | R68: =Q68/D68 -> 0 | S68: =SUM(O68+Q68) -> 0 | T68: =S68/F68 -> #DIV/0! | V68: =U68/F68 -> #DIV/0! | X68: =W68/F68 -> #DIV/0! | Z68: =Y68/F68 -> #DIV/0! | AB68: =AA68/D68 -> 0 | AC68: =SUM(Y68+AA68) -> 0 | AD68: =AC68/F68 -> #DIV/0! | AF68: =AE68/F68 -> #DIV/0! | AH68: =AG68/F68 -> #DIV/0! | AJ68: =AI68/F68 -> #DIV/0! | AL68: =AK68/F68 -> #DIV/0!
D69: =D68+1 -> 45932 | E69: 四 | F69: =SUM(M69,S69,U69,W69,Y69,AA69,AC69,AE69,AG69,AI69,AK69) -> 0 | J69: =I69/F69 -> #DIV/0! | L69: =K69/F69 -> #DIV/0! | M69: =SUM(I69+K69) -> 0 | N69: =M69/F69 -> #DIV/0! | P69: =O69/F69 -> #DIV/0! | R69: =Q69/D69 -> 0 | S69: =SUM(O69+Q69) -> 0 | T69: =S69/F69 -> #DIV/0! | V69: =U69/F69 -> #DIV/0! | X69: =W69/F69 -> #DIV/0! | Z69: =Y69/F69 -> #DIV/0! | AB69: =AA69/D69 -> 0 | AC69: =SUM(Y69+AA69) -> 0 | AD69: =AC69/F69 -> #DIV/0! | AF69: =AE69/F69 -> #DIV/0! | AH69: =AG69/F69 -> #DIV/0! | AJ69: =AI69/F69 -> #DIV/0! | AL69: =AK69/F69 -> #DIV/0!
D70: =D69+1 -> 45933 | E70: 五 | F70: =SUM(M70,S70,U70,W70,Y70,AA70,AC70,AE70,AG70,AI70,AK70) -> 0 | J70: =I70/F70 -> #DIV/0! | L70: =K70/F70 -> #DIV/0! | M70: =SUM(I70+K70) -> 0 | N70: =M70/F70 -> #DIV/0! | P70: =O70/F70 -> #DIV/0! | R70: =Q70/D70 -> 0 | S70: =SUM(O70+Q70) -> 0 | T70: =S70/F70 -> #DIV/0! | V70: =U70/F70 -> #DIV/0! | X70: =W70/F70 -> #DIV/0! | Z70: =Y70/F70 -> #DIV/0! | AB70: =AA70/D70 -> 0 | AC70: =SUM(Y70+AA70) -> 0 | AD70: =AC70/F70 -> #DIV/0! | AF70: =AE70/F70 -> #DIV/0! | AH70: =AG70/F70 -> #DIV/0! | AJ70: =AI70/F70 -> #DIV/0! | AL70: =AK70/F70 -> #DIV/0!
D71: =D70+1 -> 45934 | E71: 六 | F71: =SUM(M71,S71,U71,W71,Y71,AA71,AC71,AE71,AG71,AI71,AK71) -> 0 | J71: =I71/F71 -> #DIV/0! | L71: =K71/F71 -> #DIV/0! | M71: =SUM(I71+K71) -> 0 | N71: =M71/F71 -> #DIV/0! | P71: =O71/F71 -> #DIV/0! | R71: =Q71/D71 -> 0 | S71: =SUM(O71+Q71) -> 0 | T71: =S71/F71 -> #DIV/0! | V71: =U71/F71 -> #DIV/0! | X71: =W71/F71 -> #DIV/0! | Z71: =Y71/F71 -> #DIV/0! | AB71: =AA71/D71 -> 0 | AC71: =SUM(Y71+AA71) -> 0 | AD71: =AC71/F71 -> #DIV/0! | AF71: =AE71/F71 -> #DIV/0! | AH71: =AG71/F71 -> #DIV/0! | AJ71: =AI71/F71 -> #DIV/0! | AL71: =AK71/F71 -> #DIV/0!
D72: =D71+1 -> 45935 | E72: 日 | F72: =SUM(M72,S72,U72,W72,Y72,AA72,AC72,AE72,AG72,AI72,AK72) -> 0 | J72: =I72/F72 -> #DIV/0! | L72: =K72/F72 -> #DIV/0! | M72: =SUM(I72+K72) -> 0 | N72: =M72/F72 -> #DIV/0! | P72: =O72/F72 -> #DIV/0! | R72: =Q72/D72 -> 0 | S72: =SUM(O72+Q72) -> 0 | T72: =S72/F72 -> #DIV/0! | V72: =U72/F72 -> #DIV/0! | X72: =W72/F72 -> #DIV/0! | Z72: =Y72/F72 -> #DIV/0! | AB72: =AA72/D72 -> 0 | AC72: =SUM(Y72+AA72) -> 0 | AD72: =AC72/F72 -> #DIV/0! | AF72: =AE72/F72 -> #DIV/0! | AH72: =AG72/F72 -> #DIV/0! | AJ72: =AI72/F72 -> #DIV/0! | AL72: =AK72/F72 -> #DIV/0!
D73: =D72+1 -> 45936 | E73: 一 | F73: =SUM(M73,S73,U73,W73,Y73,AA73,AC73,AE73,AG73,AI73,AK73) -> 0 | J73: =I73/F73 -> #DIV/0! | L73: =K73/F73 -> #DIV/0! | M73: =SUM(I73+K73) -> 0 | N73: =M73/F73 -> #DIV/0! | P73: =O73/F73 -> #DIV/0! | R73: =Q73/D73 -> 0 | S73: =SUM(O73+Q73) -> 0 | T73: =S73/F73 -> #DIV/0! | V73: =U73/F73 -> #DIV/0! | X73: =W73/F73 -> #DIV/0! | Z73: =Y73/F73 -> #DIV/0! | AB73: =AA73/D73 -> 0 | AC73: =SUM(Y73+AA73) -> 0 | AD73: =AC73/F73 -> #DIV/0! | AF73: =AE73/F73 -> #DIV/0! | AH73: =AG73/F73 -> #DIV/0! | AJ73: =AI73/F73 -> #DIV/0! | AL73: =AK73/F73 -> #DIV/0!

Sheet （５-1）品群別人時生產性(18℃-飯糰)
B1: 9月平均人時性 | C1: =AVERAGE(L147,L182,L217,L252,L287,L322) -> 754.38251
B2: 產線配置圖－每週更新(0801-0804) | N2: 資料繳交 | O2: 日期 | AE2: 45870 | AJ2: 45871 | AO2: 45872 | AT2: 45873
P3: 二 | U3: 三 | Z3: 四 | AE3: =AE2 -> 45870 | AJ3: =AJ2 -> 45871 | AO3: =AO2 -> 45872 | AT3: =AT2 -> 45873
B4: 品群 | C4: 商品名稱 | E4: 計畫 | H4: 平均人時性 | I4: 實績 (週平均) | L4: 平均人時性 | M4: 排名 | O4: 日報 | P4: 實際 | T4: 平均人時性 | U4: 實際 | Y4: 平均人時性 | Z4: 實際 | AD4: 平均人時性 | AE4: 實際 | AI4: 平均人時性 | AJ4: 實際 | AN4: 平均人時性 | AO4: 實際 | AS4: 平均人時性 | AT4: 實際 | AX4: 平均人時性
E5: 產線配置圖 | I5: 產線配置圖 | P5: 生產實績 | U5: 生產實績 | Z5: 生產實績 | AE5: 生產實績 | AJ5: 生產實績 | AO5: 生產實績 | AT5: 生產實績
E6: 人數 | F6: 產能／時 | G6: 人時性 | I6: 人數 | J6: 產能／時 | K6: 人時性 | P6: 人數 | Q6: 產能／時 | R6: 人時性 | S6: 排名 | U6: 人數 | V6: 產能／時 | W6: 人時性 | X6: 排名 | Z6: 人數 | AA6: 產能／時 | AB6: 人時性 | AC6: 排名 | AE6: 人數 | AF6: 產能／時 | AG6: 人時性 | AH6: 排名 | AJ6: 人數 | AK6: 產能／時 | AL6: 人時性 | AM6: 排名 | AO6: 人數 | AP6: 產能／時 | AQ6: 人時性 | AR6: 排名 | AT6: 人數 | AU6: 產能／時 | AV6: 人時性 | AW6: 排名
B7: 18℃-飯糰 | C7: 1 | D7: 一配三杯辣海瓜子飯糰 | E7: 3 | F7: 3300 | G7: =F7/E7 -> 1100 | H7: =AVERAGE(G7:G36) -> 867.47863 | I7: =AVERAGE(P7,U7,Z7,AE7,AJ7,AO7,AT7) -> 3 | J7: =AVERAGE(Q7,V7,AA7,AF7,AK7,AP7,AU7) -> 2804.2205 | K7: =AVERAGE(R7,W7,AB7,AG7,AL7,AQ7,AV7) -> 934.74016 | L7: =IFERROR(AVERAGE(K7:K36),"-") -> 726.5048 | M7: =RANK(K7, K$7:$K$36) -> 7 | AE7: 3 | AF7: 2803.6265 | AG7: =AF7/AE7 -> 934.54216 | AH7: =RANK(AG7, AG$7:AG$36) -> 7 | AI7: =AVERAGE(AG7:AG36) -> 726.14776 | AJ7: 3 | AK7: 2804.0873 | AL7: =AK7/AJ7 -> 934.69577 | AM7: =RANK(AL7, AL$7:AL$36) -> 7 | AN7: =AVERAGE(AL7:AL36) -> 725.97482 | AO7: 3 | AP7: 2804.5031 | AQ7: =AP7/AO7 -> 934.83435 | AR7: =RANK(AQ7, AQ$7:AQ$36) -> 7 | AS7: =AVERAGE(AQ7:AQ36) -> 726.66536 | AT7: 3 | AU7: 2804.6651 | AV7: =AU7/AT7 -> 934.88837 | AW7: =RANK(AV7, AV$7:AV$36) -> 7 | AX7: =AVERAGE(AV7:AV36) -> 727.23124
C8: 2 | D8: 一配北海道秋鮭親子飯糰 | E8: 4 | F8: 3300 | G8: =F8/E8 -> 825 | I8: =AVERAGE(P8,U8,Z8,AE8,AJ8,AO8,AT8) -> 4 | J8: =AVERAGE(Q8,V8,AA8,AF8,AK8,AP8,AU8) -> 2738.2646 | K8: =AVERAGE(R8,W8,AB8,AG8,AL8,AQ8,AV8) -> 684.56614 | M8: =RANK(K8, K$7:$K$36) -> 14 | AE8: 4 | AF8: 2735.7085 | AG8: =AF8/AE8 -> 683.92713 | AH8: =RANK(AG8, AG$7:AG$36) -> 14 | AJ8: 4 | AK8: 2734.977 | AL8: =AK8/AJ8 -> 683.74425 | AM8: =RANK(AL8, AL$7:AL$36) -> 14 | AO8: 4 | AP8: 2739.3025 | AQ8: =AP8/AO8 -> 684.82564 | AR8: =RANK(AQ8, AQ$7:AQ$36) -> 14 | AT8: 4 | AU8: 2743.0702 | AV8: =AU8/AT8 -> 685.76756 | AW8: =RANK(AV8, AV$7:AV$36) -> 14
C9: 3 | D9: 一配明太子龍蝦風味沙拉飯糰 | E9: 3 | F9: 3600 | G9: =F9/E9 -> 1200 | I9: =AVERAGE(P9,U9,Z9,AE9,AJ9,AO9,AT9) -> 3 | J9: =AVERAGE(Q9,V9,AA9,AF9,AK9,AP9,AU9) -> 2988.744 | K9: =AVERAGE(R9,W9,AB9,AG9,AL9,AQ9,AV9) -> 996.24799 | M9: =RANK(K9, K$7:$K$36) -> 5 | AE9: 3 | AF9: 2990.0552 | AG9: =AF9/AE9 -> 996.68508 | AH9: =RANK(AG9, AG$7:AG$36) -> 5 | AJ9: 3 | AK9: 2986.287 | AL9: =AK9/AJ9 -> 995.429 | AM9: =RANK(AL9, AL$7:AL$36) -> 5 | AO9: 3 | AP9: 2989.2414 | AQ9: =AP9/AO9 -> 996.41379 | AR9: =RANK(AQ9, AQ$7:AQ$36) -> 4 | AT9: 3 | AU9: 2989.3923 | AV9: =AU9/AT9 -> 996.46409 | AW9: =RANK(AV9, AV$7:AV$36) -> 5
C10: 4 | D10: 一配海老天婦羅飯糰 | E10: 4 | F10: 3000 | G10: =F10/E10 -> 750 | I10: =AVERAGE(P10,U10,Z10,AE10,AJ10,AO10,AT10) -> 4 | J10: =AVERAGE(Q10,V10,AA10,AF10,AK10,AP10,AU10) -> 2505.5634 | K10: =AVERAGE(R10,W10,AB10,AG10,AL10,AQ10,AV10) -> 626.39085 | M10: =RANK(K10, K$7:$K$36) -> 19 | AE10: 4 | AF10: 2498.0897 | AG10: =AF10/AE10 -> 624.52243 | AH10: =RANK(AG10, AG$7:AG$36) -> 19 | AJ10: 4 | AK10: 2505 | AL10: =AK10/AJ10 -> 626.25 | AM10: =RANK(AL10, AL$7:AL$36) -> 18 | AO10: 4 | AP10: 2508.1319 | AQ10: =AP10/AO10 -> 627.03297 | AR10: =RANK(AQ10, AQ$7:AQ$36) -> 19 | AT10: 4 | AU10: 2511.032 | AV10: =AU10/AT10 -> 627.75801 | AW10: =RANK(AV10, AV$7:AV$36) -> 19
C11: 5 | D11: 一配壹號醬炙烤牛飯糰 | E11: 5 | F11: 3300 | G11: =F11/E11 -> 660 | I11: =AVERAGE(P11,U11,Z11,AE11,AJ11,AO11,AT11) -> 5 | J11: =AVERAGE(Q11,V11,AA11,AF11,AK11,AP11,AU11) -> 2733.3547 | K11: =AVERAGE(R11,W11,AB11,AG11,AL11,AQ11,AV11) -> 546.67093 | M11: =RANK(K11, K$7:$K$36) -> 26 | AE11: 5 | AF11: 2732.5872 | AG11: =AF11/AE11 -> 546.51745 | AH11: =RANK(AG11, AG$7:AG$36) -> 26 | AJ11: 5 | AK11: 2731.4436 | AL11: =AK11/AJ11 -> 546.28873 | AM11: =RANK(AL11, AL$7:AL$36) -> 26 | AO11: 5 | AP11: 2733.5294 | AQ11: =AP11/AO11 -> 546.70588 | AR11: =RANK(AQ11, AQ$7:AQ$36) -> 26 | AT11: 5 | AU11: 2735.8583 | AV11: =AU11/AT11 -> 547.17167 | AW11: =RANK(AV11, AV$7:AV$36) -> 26
C12: 6 | D12: 一配經典肉鬆飯糰 | E12: 4 | F12: 2700 | G12: =F12/E12 -> 675 | I12: =AVERAGE(P12,U12,Z12,AE12,AJ12,AO12,AT12) -> 4 | J12: =AVERAGE(Q12,V12,AA12,AF12,AK12,AP12,AU12) -> 2358.1939 | K12: =AVERAGE(R12,W12,AB12,AG12,AL12,AQ12,AV12) -> 589.54846 | M12: =RANK(K12, K$7:$K$36) -> 24 | AE12: 4 | AF12: 2357.2331 | AG12: =AF12/AE12 -> 589.30828 | AH12: =RANK(AG12, AG$7:AG$36) -> 24 | AJ12: 4 | AK12: 2357.5008 | AL12: =AK12/AJ12 -> 589.37521 | AM12: =RANK(AL12, AL$7:AL$36) -> 24 | AO12: 4 | AP12: 2358.6492 | AQ12: =AP12/AO12 -> 589.6623 | AR12: =RANK(AQ12, AQ$7:AQ$36) -> 24 | AT12: 4 | AU12: 2359.3923 | AV12: =AU12/AT12 -> 589.84807 | AW12: =RANK(AV12, AV$7:AV$36) -> 24
C13: 7 | D13: 一配熟成紅鮭飯糰 | E13: 4 | F13: 3300 | G13: =F13/E13 -> 825 | I13: =AVERAGE(P13,U13,Z13,AE13,AJ13,AO13,AT13) -> 4 | J13: =AVERAGE(Q13,V13,AA13,AF13,AK13,AP13,AU13) -> 2731.782 | K13: =AVERAGE(R13,W13,AB13,AG13,AL13,AQ13,AV13) -> 682.9455 | M13: =RANK(K13, K$7:$K$36) -> 16 | AE13: 4 | AF13: 2729.119 | AG13: =AF13/AE13 -> 682.27974 | AH13: =RANK(AG13, AG$7:AG$36) -> 15 | AJ13: 4 | AK13: 2727.0466 | AL13: =AK13/AJ13 -> 681.76166 | AM13: =RANK(AL13, AL$7:AL$36) -> 16 | AO13: 4 | AP13: 2731.8033 | AQ13: =AP13/AO13 -> 682.95082 | AR13: =RANK(AQ13, AQ$7:AQ$36) -> 17 | AT13: 4 | AU13: 2739.159 | AV13: =AU13/AT13 -> 684.78976 | AW13: =RANK(AV13, AV$7:AV$36) -> 16
C14: 8 | D14: 一配蔬食鮪魚飯糰 | E14: 3 | F14: 3600 | G14: =F14/E14 -> 1200 | I14: =AVERAGE(P14,U14,Z14,AE14,AJ14,AO14,AT14) -> 3 | J14: =AVERAGE(Q14,V14,AA14,AF14,AK14,AP14,AU14) -> 2993.4092 | K14: =AVERAGE(R14,W14,AB14,AG14,AL14,AQ14,AV14) -> 997.80307 | M14: =RANK(K14, K$7:$K$36) -> 3 | AE14: 3 | AF14: 2992.5811 | AG14: =AF14/AE14 -> 997.52705 | AH14: =RANK(AG14, AG$7:AG$36) -> 3 | AJ14: 3 | AK14: 2991.4918 | AL14: =AK14/AJ14 -> 997.16393 | AM14: =RANK(AL14, AL$7:AL$36) -> 3 | AO14: 3 | AP14: 2994.6573 | AQ14: =AP14/AO14 -> 998.21909 | AR14: =RANK(AQ14, AQ$7:AQ$36) -> 3 | AT14: 3 | AU14: 2994.9066 | AV14: =AU14/AT14 -> 998.30221 | AW14: =RANK(AV14, AV$7:AV$36) -> 3
C15: 9 | D15: 一配鮪魚飯糰 | E15: 3 | F15: 3600 | G15: =F15/E15 -> 1200 | I15: =AVERAGE(P15,U15,Z15,AE15,AJ15,AO15,AT15) -> 3 | J15: =AVERAGE(Q15,V15,AA15,AF15,AK15,AP15,AU15) -> 2998.7167 | K15: =AVERAGE(R15,W15,AB15,AG15,AL15,AQ15,AV15) -> 999.57223 | M15: =RANK(K15, K$7:$K$36) -> 2 | AE15: 3 | AF15: 2997.7397 | AG15: =AF15/AE15 -> 999.24658 | AH15: =RANK(AG15, AG$7:AG$36) -> 2 | AJ15: 3 | AK15: 2997.3371 | AL15: =AK15/AJ15 -> 999.11237 | AM15: =RANK(AL15, AL$7:AL$36) -> 2 | AO15: 3 | AP15: 2998.0259 | AQ15: =AP15/AO15 -> 999.34195 | AR15: =RANK(AQ15, AQ$7:AQ$36) -> 2 | AT15: 3 | AU15: 3001.7641 | AV15: =AU15/AT15 -> 1000.588 | AW15: =RANK(AV15, AV$7:AV$36) -> 2
C16: 10 | D16: 一配贅沢鮭魚肚飯糰 | E16: 3 | F16: 3000 | G16: =F16/E16 -> 1000 | I16: =AVERAGE(P16,U16,Z16,AE16,AJ16,AO16,AT16) -> 3 | J16: =AVERAGE(Q16,V16,AA16,AF16,AK16,AP16,AU16) -> 2509.7088 | K16: =AVERAGE(R16,W16,AB16,AG16,AL16,AQ16,AV16) -> 836.56961 | M16: =RANK(K16, K$7:$K$36) -> 8 | AE16: 3 | AF16: 2497.7737 | AG16: =AF16/AE16 -> 832.59123 | AH16: =RANK(AG16, AG$7:AG$36) -> 8 | AJ16: 3 | AK16: 2507.2941 | AL16: =AK16/AJ16 -> 835.76471 | AM16: =RANK(AL16, AL$7:AL$36) -> 8 | AO16: 3 | AP16: 2514.3142 | AQ16: =AP16/AO16 -> 838.10474 | AR16: =RANK(AQ16, AQ$7:AQ$36) -> 8 | AT16: 3 | AU16: 2519.4533 | AV16: =AU16/AT16 -> 839.81778 | AW16: =RANK(AV16, AV$7:AV$36) -> 8
C17: 11 | D17: 一配雞肉飯飯糰 | E17: 4 | F17: 3300 | G17: =F17/E17 -> 825 | I17: =AVERAGE(P17,U17,Z17,AE17,AJ17,AO17,AT17) -> 4 | J17: =AVERAGE(Q17,V17,AA17,AF17,AK17,AP17,AU17) -> 2817.1797 | K17: =AVERAGE(R17,W17,AB17,AG17,AL17,AQ17,AV17) -> 704.29492 | M17: =RANK(K17, K$7:$K$36) -> 9 | AE17: 4 | AF17: 2817.5789 | AG17: =AF17/AE17 -> 704.39473 | AH17: =RANK(AG17, AG$7:AG$36) -> 9 | AJ17: 4 | AK17: 2816.4923 | AL17: =AK17/AJ17 -> 704.12308 | AM17: =RANK(AL17, AL$7:AL$36) -> 9 | AO17: 4 | AP17: 2816.6643 | AQ17: =AP17/AO17 -> 704.16608 | AR17: =RANK(AQ17, AQ$7:AQ$36) -> 9 | AT17: 4 | AU17: 2817.9832 | AV17: =AU17/AT17 -> 704.4958 | AW17: =RANK(AV17, AV$7:AV$36) -> 9
C18: 12 | D18: 一配鹽蔥燒肉飯糰 | E18: 4 | F18: 3300 | G18: =F18/E18 -> 825 | I18: =AVERAGE(P18,U18,Z18,AE18,AJ18,AO18,AT18) -> 4 | J18: =AVERAGE(Q18,V18,AA18,AF18,AK18,AP18,AU18) -> 2772.8538 | K18: =AVERAGE(R18,W18,AB18,AG18,AL18,AQ18,AV18) -> 693.21346 | M18: =RANK(K18, K$7:$K$36) -> 13 | AE18: 4 | AF18: 2770.1809 | AG18: =AF18/AE18 -> 692.54523 | AH18: =RANK(AG18, AG$7:AG$36) -> 13 | AJ18: 4 | AK18: 2767.9245 | AL18: =AK18/AJ18 -> 691.98113 | AM18: =RANK(AL18, AL$7:AL$36) -> 13 | AO18: 4 | AP18: 2773.6364 | AQ18: =AP18/AO18 -> 693.40909 | AR18: =RANK(AQ18, AQ$7:AQ$36) -> 13 | AT18: 4 | AU18: 2779.6735 | AV18: =AU18/AT18 -> 694.91837 | AW18: =RANK(AV18, AV$7:AV$36) -> 12
C19: 13 | D19: 二配大飯糰春川風味辣炒雞 | E19: 4 | F19: 3000 | G19: =F19/E19 -> 750 | I19: =AVERAGE(P19,U19,Z19,AE19,AJ19,AO19,AT19) -> 4 | J19: =AVERAGE(Q19,V19,AA19,AF19,AK19,AP19,AU19) -> 2489.7288 | K19: =AVERAGE(R19,W19,AB19,AG19,AL19,AQ19,AV19) -> 622.43219 | M19: =RANK(K19, K$7:$K$36) -> 21 | AE19: 4 | AF19: 2493.7392 | AG19: =AF19/AE19 -> 623.43481 | AH19: =RANK(AG19, AG$7:AG$36) -> 20 | AJ19: 4 | AK19: 2487.8602 | AL19: =AK19/AJ19 -> 621.96504 | AM19: =RANK(AL19, AL$7:AL$36) -> 21 | AO19: 4 | AP19: 2488.4268 | AQ19: =AP19/AO19 -> 622.10669 | AR19: =RANK(AQ19, AQ$7:AQ$36) -> 21 | AT19: 4 | AU19: 2488.8889 | AV19: =AU19/AT19 -> 622.22222 | AW19: =RANK(AV19, AV$7:AV$36) -> 20
... C33: 27 | D33: 二配鹽蔥燒肉飯糰 | E33: 4 | F33: 3300 | G33: =F33/E33 -> 825 | I33: =AVERAGE(P33,U33,Z33,AE33,AJ33,AO33,AT33) -> 4 | J33: =AVERAGE(Q33,V33,AA33,AF33,AK33,AP33,AU33) -> 2810.1673 | K33: =AVERAGE(R33,W33,AB33,AG33,AL33,AQ33,AV33) -> 702.54183 | M33: =RANK(K33, K$7:$K$36) -> 10 | AE33: 4 | AF33: 2806.6133 | AG33: =AF33/AE33 -> 701.65332 | AH33: =RANK(AG33, AG$7:AG$36) -> 10 | AJ33: 4 | AK33: 2805.9613 | AL33: =AK33/AJ33 -> 701.49031 | AM33: =RANK(AL33, AL$7:AL$36) -> 11 | AO33: 4 | AP33: 2810.998 | AQ33: =AP33/AO33 -> 702.7495 | AR33: =RANK(AQ33, AQ$7:AQ$36) -> 10 | AT33: 4 | AU33: 2817.0968 | AV33: =AU33/AT33 -> 704.27419 | AW33: =RANK(AV33, AV$7:AV$36) -> 10
C34: 28
C35: 29
C36: 30
B37: 產線配置圖－每週更新(0805-0811) | N37: 資料繳交 | O37: 日期 | P37: =AT2+1 -> 45874 | U37: =P37+1 -> 45875 | Z37: =U37+1 -> 45876 | AE37: =Z37+1 -> 45877 | AJ37: =AE37+1 -> 45878 | AO37: =AJ37+1 -> 45879 | AT37: =AO37+1 -> 45880
P38: =P37 -> 45874 | U38: =U37 -> 45875 | Z38: =Z37 -> 45876 | AE38: =AE37 -> 45877 | AJ38: =AJ37 -> 45878 | AO38: =AO37 -> 45879 | AT38: =AT37 -> 45880
B39: 品群 | C39: 商品名稱 | E39: 計畫 | H39: 平均人時性 | I39: 實績 (週平均) | L39: 平均人時性 | M39: 排名 | O39: 日報 | P39: 實際 | T39: 平均人時性 | U39: 實際 | Y39: 平均人時性 | Z39: 實際 | AD39: 平均人時性 | AE39: 實際 | AI39: 平均人時性 | AJ39: 實際 | AN39: 平均人時性 | AO39: 實際 | AS39: 平均人時性 | AT39: 實際 | AX39: 平均人時性
E40: 產線配置圖 | I40: 產線配置圖 | P40: 生產實績 | U40: 生產實績 | Z40: 生產實績 | AE40: 生產實績 | AJ40: 生產實績 | AO40: 生產實績 | AT40: 生產實績
E41: 人數 | F41: 產能／時 | G41: 人時性 | I41: 人數 | J41: 產能／時 | K41: 人時性 | P41: 人數 | Q41: 產能／時 | R41: 人時性 | S41: 排名 | U41: 人數 | V41: 產能／時 | W41: 人時性 | X41: 排名 | Z41: 人數 | AA41: 產能／時 | AB41: 人時性 | AC41: 排名 | AE41: 人數 | AF41: 產能／時 | AG41: 人時性 | AH41: 排名 | AJ41: 人數 | AK41: 產能／時 | AL41: 人時性 | AM41: 排名 | AO41: 人數 | AP41: 產能／時 | AQ41: 人時性 | AR41: 排名 | AT41: 人數 | AU41: 產能／時 | AV41: 人時性 | AW41: 排名
B42: 18℃-飯糰 | C42: 1 | D42: 一配三杯辣海瓜子飯糰 | E42: 3 | F42: 3300 | G42: =F42/E42 -> 1100 | H42: =AVERAGE(G42:G71) -> 867.47863 | I42: =AVERAGE(P42,U42,Z42,AE42,AJ42,AO42,AT42) -> 3 | J42: =AVERAGE(Q42,V42,AA42,AF42,AK42,AP42,AU42) -> 2800.467 | K42: =AVERAGE(R42,W42,AB42,AG42,AL42,AQ42,AV42) -> 933.48901 | L42: =IFERROR(AVERAGE(K42:K71),"-") -> 727.64191 | M42: =RANK(K42, K$42:$K$71) -> 7 | P42: 3 | Q42: 2804.4807 | R42: =Q42/P42 -> 934.82688 | S42: =RANK(R42, R$42:R$71) -> 7 | T42: =AVERAGE(R42:R71) -> 727.43911 | U42: 3 | V42: 2803.8821 | W42: =V42/U42 -> 934.62738 | X42: =RANK(W42, W$42:W$71) -> 7 | Y42: =AVERAGE(W42:W71) -> 727.76374 | Z42: 3 | AA42: 2802.6403 | AB42: =AA42/Z42 -> 934.21342 | AC42: =RANK(AB42, AB$42:AB$71) -> 7 | AD42: =AVERAGE(AB42:AB71) -> 728.00047 | AE42: 3 | AF42: 2800.9886 | AG42: =AF42/AE42 -> 933.66288 | AH42: =RANK(AG42, AG$42:AG$71) -> 7 | AI42: =AVERAGE(AG42:AG71) -> 727.4205 | AJ42: 3 | AK42: 2796.8652 | AL42: =AK42/AJ42 -> 932.2884 | AM42: =RANK(AL42, AL$42:AL$71) -> 7 | AN42: =AVERAGE(AL42:AL71) -> 727.35148 | AO42: 3 | AP42: 2797.7504 | AQ42: =AP42/AO42 -> 932.58348 | AR42: =RANK(AQ42, AQ$42:AQ$71) -> 7 | AS42: =AVERAGE(AQ42:AQ71) -> 727.83064 | AT42: 3 | AU42: 2796.6618 | AV42: =AU42/AT42 -> 932.22061 | AW42: =RANK(AV42, AV$42:AV$71) -> 7 | AX42: =AVERAGE(AV42:AV71) -> 731.89461
C43: 2 | D43: 一配北海道秋鮭親子飯糰 | E43: 4 | F43: 3300 | G43: =F43/E43 -> 825 | I43: =AVERAGE(P43,U43,Z43,AE43,AJ43,AO43,AT43) -> 4 | J43: =AVERAGE(Q43,V43,AA43,AF43,AK43,AP43,AU43) -> 2749.8413 | K43: =AVERAGE(R43,W43,AB43,AG43,AL43,AQ43,AV43) -> 687.46032 | M43: =RANK(K43, K$42:$K$71) -> 15 | P43: 4 | Q43: 2747.8414 | R43: =Q43/P43 -> 686.96035 | S43: =RANK(R43, R$42:R$71) -> 14 | U43: 4 | V43: 2750.4209 | W43: =V43/U43 -> 687.60522 | X43: =RANK(W43, W$42:W$71) -> 14 | Z43: 4 | AA43: 2751.1243 | AB43: =AA43/Z43 -> 687.78107 | AC43: =RANK(AB43, AB$42:AB$71) -> 15 | AE43: 4 | AF43: 2750.5618 | AG43: =AF43/AE43 -> 687.64045 | AH43: =RANK(AG43, AG$42:AG$71) -> 15 | AJ43: 4 | AK43: 2748.9292 | AL43: =AK43/AJ43 -> 687.23229 | AM43: =RANK(AL43, AL$42:AL$71) -> 15 | AO43: 4 | AP43: 2750.5036 | AQ43: =AP43/AO43 -> 687.6259 | AR43: =RANK(AQ43, AQ$42:AQ$71) -> 15 | AT43: 4 | AU43: 2749.5078 | AV43: =AU43/AT43 -> 687.37695 | AW43: =RANK(AV43, AV$42:AV$71) -> 15
C44: 3 | D44: 一配明太子龍蝦風味沙拉飯糰 | E44: 3 | F44: 3600 | G44: =F44/E44 -> 1200 | I44: =AVERAGE(P44,U44,Z44,AE44,AJ44,AO44,AT44) -> 3 | J44: =AVERAGE(Q44,V44,AA44,AF44,AK44,AP44,AU44) -> 2989.1996 | K44: =AVERAGE(R44,W44,AB44,AG44,AL44,AQ44,AV44) -> 996.39987 | M44: =RANK(K44, K$42:$K$71) -> 4 | P44: 3 | Q44: 2991.0949 | R44: =Q44/P44 -> 997.03164 | S44: =RANK(R44, R$42:R$71) -> 4 | U44: 3 | V44: 2989.6609 | W44: =V44/U44 -> 996.55364 | X44: =RANK(W44, W$42:W$71) -> 4 | Z44: 3 | AA44: 2994.5455 | AB44: =AA44/Z44 -> 998.18182 | AC44: =RANK(AB44, AB$42:AB$71) -> 4 | AE44: 3 | AF44: 2986.3784 | AG44: =AF44/AE44 -> 995.45946 | AH44: =RANK(AG44, AG$42:AG$71) -> 5 | AJ44: 3 | AK44: 2987.0632 | AL44: =AK44/AJ44 -> 995.68773 | AM44: =RANK(AL44, AL$42:AL$71) -> 5 | AO44: 3 | AP44: 2987.6543 | AQ44: =AP44/AO44 -> 995.88477 | AR44: =RANK(AQ44, AQ$42:AQ$71) -> 5 | AT44: 3 | AU44: 2988 | AV44: =AU44/AT44 -> 996 | AW44: =RANK(AV44, AV$42:AV$71) -> 5
C45: 4 | D45: 一配海老天婦羅飯糰 | E45: 4 | F45: 3000 | G45: =F45/E45 -> 750 | I45: =AVERAGE(P45,U45,Z45,AE45,AJ45,AO45,AT45) -> 4 | J45: =AVERAGE(Q45,V45,AA45,AF45,AK45,AP45,AU45) -> 2516.5803 | K45: =AVERAGE(R45,W45,AB45,AG45,AL45,AQ45,AV45) -> 629.14507 | M45: =RANK(K45, K$42:$K$71) -> 18 | P45: 4 | Q45: 2510.5097 | R45: =Q45/P45 -> 627.62742 | S45: =RANK(R45, R$42:R$71) -> 19 | U45: 4 | V45: 2511.5978 | W45: =V45/U45 -> 627.89946 | X45: =RANK(W45, W$42:W$71) -> 19 | Z45: 4 | AA45: 2518.6154 | AB45: =AA45/Z45 -> 629.65385 | AC45: =RANK(AB45, AB$42:AB$71) -> 18 | AE45: 4 | AF45: 2515.4729 | AG45: =AF45/AE45 -> 628.86823 | AH45: =RANK(AG45, AG$42:AG$71) -> 18 | AJ45: 4 | AK45: 2517.8443 | AL45: =AK45/AJ45 -> 629.46108 | AM45: =RANK(AL45, AL$42:AL$71) -> 18 | AO45: 4 | AP45: 2522.7376 | AQ45: =AP45/AO45 -> 630.68441 | AR45: =RANK(AQ45, AQ$42:AQ$71) -> 18 | AT45: 4 | AU45: 2519.2843 | AV45: =AU45/AT45 -> 629.82107 | AW45: =RANK(AV45, AV$42:AV$71) -> 18
C46: 5 | D46: 一配壹號醬炙烤牛飯糰 | E46: 5 | F46: 3300 | G46: =F46/E46 -> 660 | I46: =AVERAGE(P46,U46,Z46,AE46,AJ46,AO46,AT46) -> 5 | J46: =AVERAGE(Q46,V46,AA46,AF46,AK46,AP46,AU46) -> 2731.9597 | K46: =AVERAGE(R46,W46,AB46,AG46,AL46,AQ46,AV46) -> 546.39194 | M46: =RANK(K46, K$42:$K$71) -> 26 | P46: 5 | Q46: 2734.0029 | R46: =Q46/P46 -> 546.80057 | S46: =RANK(R46, R$42:R$71) -> 26 | U46: 5 | V46: 2734.0265 | W46: =V46/U46 -> 546.80529 | X46: =RANK(W46, W$42:W$71) -> 26 | Z46: 5 | AA46: 2734.8304 | AB46: =AA46/Z46 -> 546.96608 | AC46: =RANK(AB46, AB$42:AB$71) -> 26 | AE46: 5 | AF46: 2731.3378 | AG46: =AF46/AE46 -> 546.26756 | AH46: =RANK(AG46, AG$42:AG$71) -> 26 | AJ46: 5 | AK46: 2729.3351 | AL46: =AK46/AJ46 -> 545.86701 | AM46: =RANK(AL46, AL$42:AL$71) -> 26 | AO46: 5 | AP46: 2729.4452 | AQ46: =AP46/AO46 -> 545.88905 | AR46: =RANK(AQ46, AQ$42:AQ$71) -> 26 | AT46: 5 | AU46: 2730.74 | AV46: =AU46/AT46 -> 546.14801 | AW46: =RANK(AV46, AV$42:AV$71) -> 25
C47: 6 | D47: 一配經典肉鬆飯糰 | E47: 4 | F47: 2700 | G47: =F47/E47 -> 675 | I47: =AVERAGE(P47,U47,Z47,AE47,AJ47,AO47,AT47) -> 4 | J47: =AVERAGE(Q47,V47,AA47,AF47,AK47,AP47,AU47) -> 2359.3743 | K47: =AVERAGE(R47,W47,AB47,AG47,AL47,AQ47,AV47) -> 589.84358 | M47: =RANK(K47, K$42:$K$71) -> 24 | P47: 4 | Q47: 2359.2008 | R47: =Q47/P47 -> 589.80021 | S47: =RANK(R47, R$42:R$71) -> 24 | U47: 4 | V47: 2359.7344 | W47: =V47/U47 -> 589.93359 | X47: =RANK(W47, W$42:W$71) -> 24 | Z47: 4 | AA47: 2359.8374 | AB47: =AA47/Z47 -> 589.95936 | AC47: =RANK(AB47, AB$42:AB$71) -> 24 | AE47: 4 | AF47: 2359.7809 | AG47: =AF47/AE47 -> 589.94521 | AH47: =RANK(AG47, AG$42:AG$71) -> 24 | AJ47: 4 | AK47: 2358.9082 | AL47: =AK47/AJ47 -> 589.72705 | AM47: =RANK(AL47, AL$42:AL$71) -> 24 | AO47: 4 | AP47: 2359.7086 | AQ47: =AP47/AO47 -> 589.92716 | AR47: =RANK(AQ47, AQ$42:AQ$71) -> 24 | AT47: 4 | AU47: 2358.4499 | AV47: =AU47/AT47 -> 589.61247 | AW47: =RANK(AV47, AV$42:AV$71) -> 23
C48: 7 | D48: 一配熟成紅鮭飯糰 | E48: 4 | F48: 3300 | G48: =F48/E48 -> 825 | I48: =AVERAGE(P48,U48,Z48,AE48,AJ48,AO48,AT48) -> 4 | J48: =AVERAGE(Q48,V48,AA48,AF48,AK48,AP48,AU48) -> 2745.654 | K48: =AVERAGE(R48,W48,AB48,AG48,AL48,AQ48,AV48) -> 686.41349 | M48: =RANK(K48, K$42:$K$71) -> 16 | P48: 4 | Q48: 2744.456 | R48: =Q48/P48 -> 686.11399 | S48: =RANK(R48, R$42:R$71) -> 15 | U48: 4 | V48: 2745.8678 | W48: =V48/U48 -> 686.46694 | X48: =RANK(W48, W$42:W$71) -> 15 | Z48: 4 | AA48: 2745.8699 | AB48: =AA48/Z48 -> 686.46749 | AC48: =RANK(AB48, AB$42:AB$71) -> 16 | AE48: 4 | AF48: 2744.6747 | AG48: =AF48/AE48 -> 686.16867 | AH48: =RANK(AG48, AG$42:AG$71) -> 16 | AJ48: 4 | AK48: 2744.6281 | AL48: =AK48/AJ48 -> 686.15702 | AM48: =RANK(AL48, AL$42:AL$71) -> 16 | AO48: 4 | AP48: 2747.3684 | AQ48: =AP48/AO48 -> 686.84211 | AR48: =RANK(AQ48, AQ$42:AQ$71) -> 16 | AT48: 4 | AU48: 2746.7128 | AV48: =AU48/AT48 -> 686.6782 | AW48: =RANK(AV48, AV$42:AV$71) -> 16
C49: 8 | D49: 一配蔬食鮪魚飯糰 | E49: 3 | F49: 3600 | G49: =F49/E49 -> 1200 | I49: =AVERAGE(P49,U49,Z49,AE49,AJ49,AO49,AT49) -> 3 | J49: =AVERAGE(Q49,V49,AA49,AF49,AK49,AP49,AU49) -> 2994.0896 | K49: =AVERAGE(R49,W49,AB49,AG49,AL49,AQ49,AV49) -> 998.02988 | M49: =RANK(K49, K$42:$K$71) -> 3 | P49: 3 | Q49: 2994.6975 | R49: =Q49/P49 -> 998.23249 | S49: =RANK(R49, R$42:R$71) -> 3 | U49: 3 | V49: 2995.8159 | W49: =V49/U49 -> 998.6053 | X49: =RANK(W49, W$42:W$71) -> 3 | Z49: 3 | AA49: 2996.6924 | AB49: =AA49/Z49 -> 998.89746 | AC49: =RANK(AB49, AB$42:AB$71) -> 3 | AE49: 3 | AF49: 2993.3702 | AG49: =AF49/AE49 -> 997.79006 | AH49: =RANK(AG49, AG$42:AG$71) -> 3 | AJ49: 3 | AK49: 2992.54 | AL49: =AK49/AJ49 -> 997.51332 | AM49: =RANK(AL49, AL$42:AL$71) -> 3 | AO49: 3 | AP49: 2992.6467 | AQ49: =AP49/AO49 -> 997.54889 | AR49: =RANK(AQ49, AQ$42:AQ$71) -> 3 | AT49: 3 | AU49: 2992.8649 | AV49: =AU49/AT49 -> 997.62162 | AW49: =RANK(AV49, AV$42:AV$71) -> 3
C50: 9 | D50: 一配鮪魚飯糰 | E50: 3 | F50: 3600 | G50: =F50/E50 -> 1200 | I50: =AVERAGE(P50,U50,Z50,AE50,AJ50,AO50,AT50) -> 3 | J50: =AVERAGE(Q50,V50,AA50,AF50,AK50,AP50,AU50) -> 3002.2345 | K50: =AVERAGE(R50,W50,AB50,AG50,AL50,AQ50,AV50) -> 1000.7448 | M50: =RANK(K50, K$42:$K$71) -> 1 | P50: 3 | Q50: 3001.8462 | R50: =Q50/P50 -> 1000.6154 | S50: =RANK(R50, R$42:R$71) -> 1 | U50: 3 | V50: 3003.9707 | W50: =V50/U50 -> 1001.3236 | X50: =RANK(W50, W$42:W$71) -> 1 | Z50: 3 | AA50: 3003.9649 | AB50: =AA50/Z50 -> 1001.3216 | AC50: =RANK(AB50, AB$42:AB$71) -> 1 | AE50: 3 | AF50: 3003.335 | AG50: =AF50/AE50 -> 1001.1117 | AH50: =RANK(AG50, AG$42:AG$71) -> 1 | AJ50: 3 | AK50: 3000 | AL50: =AK50/AJ50 -> 1000 | AM50: =RANK(AL50, AL$42:AL$71) -> 1 | AO50: 3 | AP50: 3001.1137 | AQ50: =AP50/AO50 -> 1000.3712 | AR50: =RANK(AQ50, AQ$42:AQ$71) -> 2 | AT50: 3 | AU50: 3001.4111 | AV50: =AU50/AT50 -> 1000.4704 | AW50: =RANK(AV50, AV$42:AV$71) -> 1
C51: 10 | D51: 一配贅沢鮭魚肚飯糰 | E51: 3 | F51: 3000 | G51: =F51/E51 -> 1000 | I51: =AVERAGE(P51,U51,Z51,AE51,AJ51,AO51,AT51) -> 3 | J51: =AVERAGE(Q51,V51,AA51,AF51,AK51,AP51,AU51) -> 2527.6417 | K51: =AVERAGE(R51,W51,AB51,AG51,AL51,AQ51,AV51) -> 842.54724 | M51: =RANK(K51, K$42:$K$71) -> 8 | P51: 3 | Q51: 2520.7917 | R51: =Q51/P51 -> 840.26391 | S51: =RANK(R51, R$42:R$71) -> 8 | U51: 3 | V51: 2523.3991 | W51: =V51/U51 -> 841.13305 | X51: =RANK(W51, W$42:W$71) -> 8 | Z51: 3 | AA51: 2529.7638 | AB51: =AA51/Z51 -> 843.25459 | AC51: =RANK(AB51, AB$42:AB$71) -> 8 | AE51: 3 | AF51: 2528.9811 | AG51: =AF51/AE51 -> 842.9937 | AH51: =RANK(AG51, AG$42:AG$71) -> 8 | AJ51: 3 | AK51: 2529.9857 | AL51: =AK51/AJ51 -> 843.32855 | AM51: =RANK(AL51, AL$42:AL$71) -> 8 | AO51: 3 | AP51: 2530.5263 | AQ51: =AP51/AO51 -> 843.50877 | AR51: =RANK(AQ51, AQ$42:AQ$71) -> 8 | AT51: 3 | AU51: 2530.0442 | AV51: =AU51/AT51 -> 843.34808 | AW51: =RANK(AV51, AV$42:AV$71) -> 8
C52: 11 | D52: 一配雞肉飯飯糰 | E52: 4 | F52: 3300 | G52: =F52/E52 -> 825 | I52: =AVERAGE(P52,U52,Z52,AE52,AJ52,AO52,AT52) -> 4 | J52: =AVERAGE(Q52,V52,AA52,AF52,AK52,AP52,AU52) -> 2819.9517 | K52: =AVERAGE(R52,W52,AB52,AG52,AL52,AQ52,AV52) -> 704.98793 | M52: =RANK(K52, K$42:$K$71) -> 10 | P52: 4 | Q52: 2819.5053 | R52: =Q52/P52 -> 704.87632 | S52: =RANK(R52, R$42:R$71) -> 9 | U52: 4 | V52: 2821.1095 | W52: =V52/U52 -> 705.27738 | X52: =RANK(W52, W$42:W$71) -> 9 | Z52: 4 | AA52: 2822.2254 | AB52: =AA52/Z52 -> 705.55636 | AC52: =RANK(AB52, AB$42:AB$71) -> 9 | AE52: 4 | AF52: 2818.6267 | AG52: =AF52/AE52 -> 704.65667 | AH52: =RANK(AG52, AG$42:AG$71) -> 10 | AJ52: 4 | AK52: 2818.4354 | AL52: =AK52/AJ52 -> 704.60885 | AM52: =RANK(AL52, AL$42:AL$71) -> 10 | AO52: 4 | AP52: 2820.1411 | AQ52: =AP52/AO52 -> 705.03527 | AR52: =RANK(AQ52, AQ$42:AQ$71) -> 10 | AT52: 4 | AU52: 2819.6187 | AV52: =AU52/AT52 -> 704.90467 | AW52: =RANK(AV52, AV$42:AV$71) -> 10
C53: 12 | D53: 一配鹽蔥燒肉飯糰 | E53: 4 | F53: 3300 | G53: =F53/E53 -> 825 | I53: =AVERAGE(P53,U53,Z53,AE53,AJ53,AO53,AT53) -> 4 | J53: =AVERAGE(Q53,V53,AA53,AF53,AK53,AP53,AU53) -> 2779.3071 | K53: =AVERAGE(R53,W53,AB53,AG53,AL53,AQ53,AV53) -> 694.82677 | M53: =RANK(K53, K$42:$K$71) -> 13 | P53: 4 | Q53: 2775.2398 | R53: =Q53/P53 -> 693.80996 | S53: =RANK(R53, R$42:R$71) -> 13 | U53: 4 | V53: 2777.5934 | W53: =V53/U53 -> 694.39834 | X53: =RANK(W53, W$42:W$71) -> 13 | Z53: 4 | AA53: 2780.4608 | AB53: =AA53/Z53 -> 695.11521 | AC53: =RANK(AB53, AB$42:AB$71) -> 13 | AE53: 4 | AF53: 2780.4699 | AG53: =AF53/AE53 -> 695.11749 | AH53: =RANK(AG53, AG$42:AG$71) -> 13 | AJ53: 4 | AK53: 2779.7468 | AL53: =AK53/AJ53 -> 694.93671 | AM53: =RANK(AL53, AL$42:AL$71) -> 13 | AO53: 4 | AP53: 2780.6 | AQ53: =AP53/AO53 -> 695.15001 | AR53: =RANK(AQ53, AQ$42:AQ$71) -> 13 | AT53: 4 | AU53: 2781.0388 | AV53: =AU53/AT53 -> 695.2597 | AW53: =RANK(AV53, AV$42:AV$71) -> 13
C54: 13 | D54: 二配大飯糰春川風味辣炒雞 | E54: 4 | F54: 3000 | G54: =F54/E54 -> 750 | I54: =AVERAGE(P54,U54,Z54,AE54,AJ54,AO54,AT54) -> 4 | J54: =AVERAGE(Q54,V54,AA54,AF54,AK54,AP54,AU54) -> 2482.2976 | K54: =AVERAGE(R54,W54,AB54,AG54,AL54,AQ54,AV54) -> 620.57441 | M54: =RANK(K54, K$42:$K$71) -> 21 | P54: 4 | Q54: 2486.3813 | R54: =Q54/P54 -> 621.59533 | S54: =RANK(R54, R$42:R$71) -> 21 | U54: 4 | V54: 2486.4097 | W54: =V54/U54 -> 621.60243 | X54: =RANK(W54, W$42:W$71) -> 21 | Z54: 4 | AA54: 2482.8283 | AB54: =AA54/Z54 -> 620.70707 | AC54: =RANK(AB54, AB$42:AB$71) -> 21 | AE54: 4 | AF54: 2481.5331 | AG54: =AF54/AE54 -> 620.38328 | AH54: =RANK(AG54, AG$42:AG$71) -> 21 | AJ54: 4 | AK54: 2479.194 | AL54: =AK54/AJ54 -> 619.79849 | AM54: =RANK(AL54, AL$42:AL$71) -> 21 | AO54: 4 | AP54: 2479.927 | AQ54: =AP54/AO54 -> 619.98175 | AR54: =RANK(AQ54, AQ$42:AQ$71) -> 21 | AT54: 4 | AU54: 2479.81 | AV54: =AU54/AT54 -> 619.95249 | AW54: =RANK(AV54, AV$42:AV$71) -> 21
C55: 14 | D55: 二配大飯糰椒香鮪魚 | E55: 4 | F55: 3000 | G55: =F55/E55 -> 750 | I55: =AVERAGE(P55,U55,Z55,AE55,AJ55,AO55,AT55) -> 4 | J55: =AVERAGE(Q55,V55,AA55,AF55,AK55,AP55,AU55) -> 2473.2032 | K55: =AVERAGE(R55,W55,AB55,AG55,AL55,AQ55,AV55) -> 618.30079 | M55: =RANK(K55, K$42:$K$71) -> 22 | P55: 4 | Q55: 2478.9823 | R55: =Q55/P55 -> 619.74558 | S55: =RANK(R55, R$42:R$71) -> 22 | U55: 4 | V55: 2477.8416 | W55: =V55/U55 -> 619.46039 | X55: =RANK(W55, W$42:W$71) -> 22 | Z55: 4 | AA55: 2472.6138 | AB55: =AA55/Z55 -> 618.15346 | AC55: =RANK(AB55, AB$42:AB$71) -> 22 | AE55: 4 | AF55: 2471.5636 | AG55: =AF55/AE55 -> 617.89091 | AH55: =RANK(AG55, AG$42:AG$71) -> 22 | AJ55: 4 | AK55: 2469.1765 | AL55: =AK55/AJ55 -> 617.29412 | AM55: =RANK(AL55, AL$42:AL$71) -> 22 | AO55: 4 | AP55: 2469.0411 | AQ55: =AP55/AO55 -> 617.26027 | AR55: =RANK(AQ55, AQ$42:AQ$71) -> 22
C56: 15 | D56: 二配大飯糰韓式炸雞 | E56: 4 | F56: 3000 | G56: =F56/E56 -> 750 | I56: =AVERAGE(P56,U56,Z56,AE56,AJ56,AO56,AT56) -> 4 | J56: =AVERAGE(Q56,V56,AA56,AF56,AK56,AP56,AU56) -> 2488.4912 | K56: =AVERAGE(R56,W56,AB56,AG56,AL56,AQ56,AV56) -> 622.1228 | M56: =RANK(K56, K$42:$K$71) -> 20 | P56: 4 | Q56: 2493.5315 | R56: =Q56/P56 -> 623.38288 | S56: =RANK(R56, R$42:R$71) -> 20 | U56: 4 | V56: 2493.913 | W56: =V56/U56 -> 623.47826 | X56: =RANK(W56, W$42:W$71) -> 20 | Z56: 4 | AA56: 2489.2379 | AB56: =AA56/Z56 -> 622.30947 | AC56: =RANK(AB56, AB$42:AB$71) -> 20 | AE56: 4 | AF56: 2486.8307 | AG56: =AF56/AE56 -> 621.70767 | AH56: =RANK(AG56, AG$42:AG$71) -> 20 | AJ56: 4 | AK56: 2484.5927 | AL56: =AK56/AJ56 -> 621.14816 | AM56: =RANK(AL56, AL$42:AL$71) -> 20 | AO56: 4 | AP56: 2485.3438 | AQ56: =AP56/AO56 -> 621.33595 | AR56: =RANK(AQ56, AQ$42:AQ$71) -> 20 | AT56: 4 | AU56: 2485.9888 | AV56: =AU56/AT56 -> 621.4972 | AW56: =RANK(AV56, AV$42:AV$71) -> 20
C57: 16 | D57: 二配北海道秋鮭親子飯糰 | E57: 4 | F57: 3300 | G57: =F57/E57 -> 825 | I57: =AVERAGE(P57,U57,Z57,AE57,AJ57,AO57,AT57) -> 4 | J57: =AVERAGE(Q57,V57,AA57,AF57,AK57,AP57,AU57) -> 2750.3852 | K57: =AVERAGE(R57,W57,AB57,AG57,AL57,AQ57,AV57) -> 687.5963 | M57: =RANK(K57, K$42:$K$71) -> 14 | P57: 4 | Q57: 2741.9731 | R57: =Q57/P57 -> 685.49327 | S57: =RANK(R57, R$42:R$71) -> 16 | U57: 4 | V57: 2744.8989 | W57: =V57/U57 -> 686.22472 | X57: =RANK(W57, W$42:W$71) -> 16 | Z57: 4 | AA57: 2757.3913 | AB57: =AA57/Z57 -> 689.34783 | AC57: =RANK(AB57, AB$42:AB$71) -> 14 | AE57: 4 | AF57: 2755.9553 | AG57: =AF57/AE57 -> 688.98884 | AH57: =RANK(AG57, AG$42:AG$71) -> 14 | AJ57: 4 | AK57: 2751.0005 | AL57: =AK57/AJ57 -> 687.75012 | AM57: =RANK(AL57, AL$42:AL$71) -> 14 | AO57: 4 | AP57: 2750.7662 | AQ57: =AP57/AO57 -> 687.69154 | AR57: =RANK(AQ57, AQ$42:AQ$71) -> 14 | AT57: 4 | AU57: 2750.7112 | AV57: =AU57/AT57 -> 687.67779 | AW57: =RANK(AV57, AV$42:AV$71) -> 14
C58: 17 | D58: 二配兩粒飯糰(鮪魚&培根蛋沙拉) | E58: 13 | F58: 3600 | G58: =F58/E58 -> 276.92308 | I58: =AVERAGE(P58,U58,Z58,AE58,AJ58,AO58,AT58) -> 13 | J58: =AVERAGE(Q58,V58,AA58,AF58,AK58,AP58,AU58) -> 2990.6442 | K58: =AVERAGE(R58,W58,AB58,AG58,AL58,AQ58,AV58) -> 230.04956 | M58: =RANK(K58, K$42:$K$71) -> 27 | P58: 13 | Q58: 2997.0075 | R58: =Q58/P58 -> 230.53904 | S58: =RANK(R58, R$42:R$71) -> 27 | U58: 13 | V58: 2998.2316 | W58: =V58/U58 -> 230.6332 | X58: =RANK(W58, W$42:W$71) -> 27 | Z58: 13 | AA58: 2990.7188 | AB58: =AA58/Z58 -> 230.0553 | AC58: =RANK(AB58, AB$42:AB$71) -> 27 | AE58: 13 | AF58: 2987.594 | AG58: =AF58/AE58 -> 229.81492 | AH58: =RANK(AG58, AG$42:AG$71) -> 27 | AJ58: 13 | AK58: 2986.1538 | AL58: =AK58/AJ58 -> 229.70414 | AM58: =RANK(AL58, AL$42:AL$71) -> 27 | AO58: 13 | AP58: 2986.875 | AQ58: =AP58/AO58 -> 229.75962 | AR58: =RANK(AQ58, AQ$42:AQ$71) -> 27 | AT58: 13 | AU58: 2987.929 | AV58: =AU58/AT58 -> 229.84069 | AW58: =RANK(AV58, AV$42:AV$71) -> 26
C59: 18 | D59: 二配明太子龍蝦風味沙拉飯糰 | E59: 3 | F59: 3600 | G59: =F59/E59 -> 1200 | I59: =AVERAGE(P59,U59,Z59,AE59,AJ59,AO59,AT59) -> 3 | J59: =AVERAGE(Q59,V59,AA59,AF59,AK59,AP59,AU59) -> 2968.7961 | K59: =AVERAGE(R59,W59,AB59,AG59,AL59,AQ59,AV59) -> 989.59869 | M59: =RANK(K59, K$42:$K$71) -> 6 | P59: 3 | Q59: 2965.3758 | R59: =Q59/P59 -> 988.45859 | S59: =RANK(R59, R$42:R$71) -> 6 | U59: 3 | V59: 2965.7986 | W59: =V59/U59 -> 988.59953 | X59: =RANK(W59, W$42:W$71) -> 6 | Z59: 3 | AA59: 2972.2067 | AB59: =AA59/Z59 -> 990.73556 | AC59: =RANK(AB59, AB$42:AB$71) -> 6 | AE59: 3 | AF59: 2960.3071 | AG59: =AF59/AE59 -> 986.76902 | AH59: =RANK(AG59, AG$42:AG$71) -> 6 | AJ59: 3 | AK59: 2971.6497 | AL59: =AK59/AJ59 -> 990.5499 | AM59: =RANK(AL59, AL$42:AL$71) -> 6 | AO59: 3 | AP59: 2972.6326 | AQ59: =AP59/AO59 -> 990.87753 | AR59: =RANK(AQ59, AQ$42:AQ$71) -> 6 | AT59: 3 | AU59: 2973.6021 | AV59: =AU59/AT59 -> 991.2007 | AW59: =RANK(AV59, AV$42:AV$71) -> 6
C60: 19 | D60: 二配油蔥G絲飯糰 | E60: 4 | F60: 3300 | G60: =F60/E60 -> 825 | I60: =AVERAGE(P60,U60,Z60,AE60,AJ60,AO60,AT60) -> 4 | J60: =AVERAGE(Q60,V60,AA60,AF60,AK60,AP60,AU60) -> 2804.9131 | K60: =AVERAGE(R60,W60,AB60,AG60,AL60,AQ60,AV60) -> 701.22829 | M60: =RANK(K60, K$42:$K$71) -> 11 | P60: 4 | Q60: 2809.9726 | R60: =Q60/P60 -> 702.49315 | S60: =RANK(R60, R$42:R$71) -> 11 | U60: 4 | V60: 2814.8276 | W60: =V60/U60 -> 703.7069 | X60: =RANK(W60, W$42:W$71) -> 11 | Z60: 4 | AA60: 2803.3548 | AB60: =AA60/Z60 -> 700.83871 | AC60: =RANK(AB60, AB$42:AB$71) -> 11 | AE60: 4 | AF60: 2800.4132 | AG60: =AF60/AE60 -> 700.10331 | AH60: =RANK(AG60, AG$42:AG$71) -> 11 | AJ60: 4 | AK60: 2800.9598 | AL60: =AK60/AJ60 -> 700.23995 | AM60: =RANK(AL60, AL$42:AL$71) -> 11 | AO60: 4 | AP60: 2803.8462 | AQ60: =AP60/AO60 -> 700.96154 | AR60: =RANK(AQ60, AQ$42:AQ$71) -> 11 | AT60: 4 | AU60: 2801.0178 | AV60: =AU60/AT60 -> 700.25445 | AW60: =RANK(AV60, AV$42:AV$71) -> 12
C61: 20 | D61: 二配芝麻香鬆飯糰 | E61: 4 | F61: 3000 | G61: =F61/E61 -> 750 | I61: =AVERAGE(P61,U61,Z61,AE61,AJ61,AO61,AT61) -> 4 | J61: =AVERAGE(Q61,V61,AA61,AF61,AK61,AP61,AU61) -> 2513.5669 | K61: =AVERAGE(R61,W61,AB61,AG61,AL61,AQ61,AV61) -> 628.39173 | M61: =RANK(K61, K$42:$K$71) -> 19 | P61: 4 | Q61: 2511.894 | R61: =Q61/P61 -> 627.97351 | S61: =RANK(R61, R$42:R$71) -> 18 | U61: 4 | V61: 2514.1622 | W61: =V61/U61 -> 628.54054 | X61: =RANK(W61, W$42:W$71) -> 18 | Z61: 4 | AA61: 2515.2423 | AB61: =AA61/Z61 -> 628.81057 | AC61: =RANK(AB61, AB$42:AB$71) -> 19 | AE61: 4 | AF61: 2511 | AG61: =AF61/AE61 -> 627.75 | AH61: =RANK(AG61, AG$42:AG$71) -> 19 | AJ61: 4 | AK61: 2510.6173 | AL61: =AK61/AJ61 -> 627.65432 | AM61: =RANK(AL61, AL$42:AL$71) -> 19 | AO61: 4 | AP61: 2519.5528 | AQ61: =AP61/AO61 -> 629.8882 | AR61: =RANK(AQ61, AQ$42:AQ$71) -> 19 | AT61: 4 | AU61: 2512.5 | AV61: =AU61/AT61 -> 628.125 | AW61: =RANK(AV61, AV$42:AV$71) -> 19
C62: 21 | D62: 二配壹號醬炙烤牛飯糰 | E62: 5 | F62: 3300 | G62: =F62/E62 -> 660 | I62: =AVERAGE(P62,U62,Z62,AE62,AJ62,AO62,AT62) -> 5 | J62: =AVERAGE(Q62,V62,AA62,AF62,AK62,AP62,AU62) -> 2769.8527 | K62: =AVERAGE(R62,W62,AB62,AG62,AL62,AQ62,AV62) -> 553.97055 | M62: =RANK(K62, K$42:$K$71) -> 25 | P62: 5 | Q62: 2768.5714 | R62: =Q62/P62 -> 553.71429 | S62: =RANK(R62, R$42:R$71) -> 25 | U62: 5 | V62: 2772.0439 | W62: =V62/U62 -> 554.40878 | X62: =RANK(W62, W$42:W$71) -> 25 | Z62: 5 | AA62: 2772.766 | AB62: =AA62/Z62 -> 554.55319 | AC62: =RANK(AB62, AB$42:AB$71) -> 25 | AE62: 5 | AF62: 2769.1079 | AG62: =AF62/AE62 -> 553.82157 | AH62: =RANK(AG62, AG$42:AG$71) -> 25 | AJ62: 5 | AK62: 2767.3069 | AL62: =AK62/AJ62 -> 553.46138 | AM62: =RANK(AL62, AL$42:AL$71) -> 25 | AO62: 5 | AP62: 2770.6949 | AQ62: =AP62/AO62 -> 554.13897 | AR62: =RANK(AQ62, AQ$42:AQ$71) -> 25 | AT62: 5 | AU62: 2768.4783 | AV62: =AU62/AT62 -> 553.69565 | AW62: =RANK(AV62, AV$42:AV$71) -> 24
C63: 22 | D63: 二配經典肉鬆飯糰 | E63: 4 | F63: 2700 | G63: =F63/E63 -> 675 | I63: =AVERAGE(P63,U63,Z63,AE63,AJ63,AO63,AT63) -> 4 | J63: =AVERAGE(Q63,V63,AA63,AF63,AK63,AP63,AU63) -> 2397.4013 | K63: =AVERAGE(R63,W63,AB63,AG63,AL63,AQ63,AV63) -> 599.35032 | M63: =RANK(K63, K$42:$K$71) -> 23 | P63: 4 | Q63: 2397.8411 | R63: =Q63/P63 -> 599.46028 | S63: =RANK(R63, R$42:R$71) -> 23 | U63: 4 | V63: 2398.3131 | W63: =V63/U63 -> 599.57827 | X63: =RANK(W63, W$42:W$71) -> 23 | Z63: 4 | AA63: 2398.0892 | AB63: =AA63/Z63 -> 599.52229 | AC63: =RANK(AB63, AB$42:AB$71) -> 23 | AE63: 4 | AF63: 2396.6802 | AG63: =AF63/AE63 -> 599.17006 | AH63: =RANK(AG63, AG$42:AG$71) -> 23 | AJ63: 4 | AK63: 2396.1057 | AL63: =AK63/AJ63 -> 599.02642 | AM63: =RANK(AL63, AL$42:AL$71) -> 23 | AO63: 4 | AP63: 2396.9484 | AQ63: =AP63/AO63 -> 599.23709 | AR63: =RANK(AQ63, AQ$42:AQ$71) -> 23 | AT63: 4 | AU63: 2397.8313 | AV63: =AU63/AT63 -> 599.45783 | AW63: =RANK(AV63, AV$42:AV$71) -> 22
C64: 23 | D64: 二配熟成紅鮭飯糰 | E64: 4 | F64: 3300 | G64: =F64/E64 -> 825 | I64: =AVERAGE(P64,U64,Z64,AE64,AJ64,AO64,AT64) -> 4 | J64: =AVERAGE(Q64,V64,AA64,AF64,AK64,AP64,AU64) -> 2741.2772 | K64: =AVERAGE(R64,W64,AB64,AG64,AL64,AQ64,AV64) -> 685.3193 | M64: =RANK(K64, K$42:$K$71) -> 17 | P64: 4 | Q64: 2740.0767 | R64: =Q64/P64 -> 685.01917 | S64: =RANK(R64, R$42:R$71) -> 17 | U64: 4 | V64: 2742.6528 | W64: =V64/U64 -> 685.66319 | X64: =RANK(W64, W$42:W$71) -> 17 | Z64: 4 | AA64: 2743.4768 | AB64: =AA64/Z64 -> 685.86921 | AC64: =RANK(AB64, AB$42:AB$71) -> 17 | AE64: 4 | AF64: 2740.0755 | AG64: =AF64/AE64 -> 685.01887 | AH64: =RANK(AG64, AG$42:AG$71) -> 17 | AJ64: 4 | AK64: 2738.7781 | AL64: =AK64/AJ64 -> 684.69453 | AM64: =RANK(AL64, AL$42:AL$71) -> 17 | AO64: 4 | AP64: 2744.0204 | AQ64: =AP64/AO64 -> 686.00509 | AR64: =RANK(AQ64, AQ$42:AQ$71) -> 17 | AT64: 4 | AU64: 2739.8601 | AV64: =AU64/AT64 -> 684.96503 | AW64: =RANK(AV64, AV$42:AV$71) -> 17
C65: 24 | D65: 二配蔬食鮪魚飯糰 | E65: 3 | F65: 3600 | G65: =F65/E65 -> 1200 | I65: =AVERAGE(P65,U65,Z65,AE65,AJ65,AO65,AT65) -> 3 | J65: =AVERAGE(Q65,V65,AA65,AF65,AK65,AP65,AU65) -> 2987.7582 | K65: =AVERAGE(R65,W65,AB65,AG65,AL65,AQ65,AV65) -> 995.91941 | M65: =RANK(K65, K$42:$K$71) -> 5 | P65: 3 | Q65: 2989.653 | R65: =Q65/P65 -> 996.55101 | S65: =RANK(R65, R$42:R$71) -> 5 | U65: 3 | V65: 2987.2799 | W65: =V65/U65 -> 995.75998 | X65: =RANK(W65, W$42:W$71) -> 5 | Z65: 3 | AA65: 2983.3378 | AB65: =AA65/Z65 -> 994.44593 | AC65: =RANK(AB65, AB$42:AB$71) -> 5 | AE65: 3 | AF65: 2986.877 | AG65: =AF65/AE65 -> 995.62567 | AH65: =RANK(AG65, AG$42:AG$71) -> 4 | AJ65: 3 | AK65: 2988.9642 | AL65: =AK65/AJ65 -> 996.32139 | AM65: =RANK(AL65, AL$42:AL$71) -> 4 | AO65: 3 | AP65: 2989.3917 | AQ65: =AP65/AO65 -> 996.46389 | AR65: =RANK(AQ65, AQ$42:AQ$71) -> 4 | AT65: 3 | AU65: 2988.8039 | AV65: =AU65/AT65 -> 996.26797 | AW65: =RANK(AV65, AV$42:AV$71) -> 4
C66: 25 | D66: 二配鮪魚飯糰 | E66: 3 | F66: 3600 | G66: =F66/E66 -> 1200 | I66: =AVERAGE(P66,U66,Z66,AE66,AJ66,AO66,AT66) -> 3 | J66: =AVERAGE(Q66,V66,AA66,AF66,AK66,AP66,AU66) -> 3000.2792 | K66: =AVERAGE(R66,W66,AB66,AG66,AL66,AQ66,AV66) -> 1000.0931 | M66: =RANK(K66, K$42:$K$71) -> 2 | P66: 3 | Q66: 3001.6381 | R66: =Q66/P66 -> 1000.546 | S66: =RANK(R66, R$42:R$71) -> 2 | U66: 3 | V66: 3000.9353 | W66: =V66/U66 -> 1000.3118 | X66: =RANK(W66, W$42:W$71) -> 2 | Z66: 3 | AA66: 2999.7734 | AB66: =AA66/Z66 -> 999.92447 | AC66: =RANK(AB66, AB$42:AB$71) -> 2 | AE66: 3 | AF66: 2998.1145 | AG66: =AF66/AE66 -> 999.37148 | AH66: =RANK(AG66, AG$42:AG$71) -> 2 | AJ66: 3 | AK66: 2998.5163 | AL66: =AK66/AJ66 -> 999.50542 | AM66: =RANK(AL66, AL$42:AL$71) -> 2 | AO66: 3 | AP66: 3002.3652 | AQ66: =AP66/AO66 -> 1000.7884 | AR66: =RANK(AQ66, AQ$42:AQ$71) -> 1 | AT66: 3 | AU66: 3000.6118 | AV66: =AU66/AT66 -> 1000.2039 | AW66: =RANK(AV66, AV$42:AV$71) -> 2
C67: 26 | D67: 二配雞肉飯飯糰 | E67: 4 | F67: 3300 | G67: =F67/E67 -> 825 | I67: =AVERAGE(P67,U67,Z67,AE67,AJ67,AO67,AT67) -> 4 | J67: =AVERAGE(Q67,V67,AA67,AF67,AK67,AP67,AU67) -> 2794.0114 | K67: =AVERAGE(R67,W67,AB67,AG67,AL67,AQ67,AV67) -> 698.50286 | M67: =RANK(K67, K$42:$K$71) -> 12 | P67: 4 | Q67: 2781.5529 | R67: =Q67/P67 -> 695.38823 | S67: =RANK(R67, R$42:R$71) -> 12 | U67: 4 | V67: 2786.2073 | W67: =V67/U67 -> 696.55182 | X67: =RANK(W67, W$42:W$71) -> 12 | Z67: 4 | AA67: 2793.0857 | AB67: =AA67/Z67 -> 698.27142 | AC67: =RANK(AB67, AB$42:AB$71) -> 12 | AE67: 4 | AF67: 2798.0407 | AG67: =AF67/AE67 -> 699.51017 | AH67: =RANK(AG67, AG$42:AG$71) -> 12 | AJ67: 4 | AK67: 2795.8107 | AL67: =AK67/AJ67 -> 698.95268 | AM67: =RANK(AL67, AL$42:AL$71) -> 12 | AO67: 4 | AP67: 2799.6463 | AQ67: =AP67/AO67 -> 699.91156 | AR67: =RANK(AQ67, AQ$42:AQ$71) -> 12 | AT67: 4 | AU67: 2803.7364 | AV67: =AU67/AT67 -> 700.93411 | AW67: =RANK(AV67, AV$42:AV$71) -> 11
C68: 27 | D68: 二配鹽蔥燒肉飯糰 | E68: 4 | F68: 3300 | G68: =F68/E68 -> 825 | I68: =AVERAGE(P68,U68,Z68,AE68,AJ68,AO68,AT68) -> 4 | J68: =AVERAGE(Q68,V68,AA68,AF68,AK68,AP68,AU68) -> 2820.1345 | K68: =AVERAGE(R68,W68,AB68,AG68,AL68,AQ68,AV68) -> 705.03362 | M68: =RANK(K68, K$42:$K$71) -> 9 | P68: 4 | Q68: 2814.1463 | R68: =Q68/P68 -> 703.53659 | S68: =RANK(R68, R$42:R$71) -> 10 | U68: 4 | V68: 2817.8882 | W68: =V68/U68 -> 704.47205 | X68: =RANK(W68, W$42:W$71) -> 10 | Z68: 4 | AA68: 2820.3991 | AB68: =AA68/Z68 -> 705.09978 | AC68: =RANK(AB68, AB$42:AB$71) -> 10 | AE68: 4 | AF68: 2818.9831 | AG68: =AF68/AE68 -> 704.74576 | AH68: =RANK(AG68, AG$42:AG$71) -> 9 | AJ68: 4 | AK68: 2822.3237 | AL68: =AK68/AJ68 -> 705.58092 | AM68: =RANK(AL68, AL$42:AL$71) -> 9 | AO68: 4 | AP68: 2824.2995 | AQ68: =AP68/AO68 -> 706.07488 | AR68: =RANK(AQ68, AQ$42:AQ$71) -> 9 | AT68: 4 | AU68: 2822.9014 | AV68: =AU68/AT68 -> 705.72534 | AW68: =RANK(AV68, AV$42:AV$71) -> 9
C69: 28
C70: 29
C71: 30
B72: 產線配置圖－每週更新(0812-0818) | N72: 資料繳交 | O72: 日期 | P72: 45881 | U72: =P72+1 -> 45882 | Z72: =U72+1 -> 45883 | AE72: =Z72+1 -> 45884 | AJ72: =AE72+1 -> 45885 | AO72: =AJ72+1 -> 45886 | AT72: =AO72+1 -> 45887
P73: =P72 -> 45881 | U73: =U72 -> 45882 | Z73: =Z72 -> 45883 | AE73: =AE72 -> 45884 | AJ73: =AJ72 -> 45885 | AO73: =AO72 -> 45886 | AT73: =AT72 -> 45887
B74: 品群 | C74: 商品名稱 | E74: 計畫 | H74: 平均人時性 | I74: 實績 (週平均) | L74: 平均人時性 | M74: 排名 | O74: 日報 | P74: 實際 | T74: 平均人時性 | U74: 實際 | Y74: 平均人時性 | Z74: 實際 | AD74: 平均人時性 | AE74: 實際 | AI74: 平均人時性 | AJ74: 實際 | AN74: 平均人時性 | AO74: 實際 | AS74: 平均人時性 | AT74: 實際 | AX74: 平均人時性
E75: 產線配置圖 | I75: 產線配置圖 | P75: 生產實績 | U75: 生產實績 | Z75: 生產實績 | AE75: 生產實績 | AJ75: 生產實績 | AO75: 生產實績 | AT75: 生產實績
E76: 人數 | F76: 產能／時 | G76: 人時性 | I76: 人數 | J76: 產能／時 | K76: 人時性 | P76: 人數 | Q76: 產能／時 | R76: 人時性 | S76: 排名 | U76: 人數 | V76: 產能／時 | W76: 人時性 | X76: 排名 | Z76: 人數 | AA76: 產能／時 | AB76: 人時性 | AC76: 排名 | AE76: 人數 | AF76: 產能／時 | AG76: 人時性 | AH76: 排名 | AJ76: 人數 | AK76: 產能／時 | AL76: 人時性 | AM76: 排名 | AO76: 人數 | AP76: 產能／時 | AQ76: 人時性 | AR76: 排名 | AT76: 人數 | AU76: 產能／時 | AV76: 人時性 | AW76: 排名
B77: 18℃-飯糰 | C77: 1 | D77: 一配鹽蔥燒肉飯糰 | E77: 4 | F77: 3300 | G77: =F77/E77 -> 825 | H77: =AVERAGE(G77:G106) -> 880.4416 | I77: =AVERAGE(P77,U77,Z77,AE77,AJ77,AO77,AT77) -> 4 | J77: =AVERAGE(Q77,V77,AA77,AF77,AK77,AP77,AU77) -> 2783.4637 | K77: =AVERAGE(R77,W77,AB77,AG77,AL77,AQ77,AV77) -> 695.86594 | L77: =IFERROR(AVERAGE(K77:K106),"-") -> 739.14977 | M77: =RANK(K77, K$77:$K$106) -> 14 | P77: 4 | Q77: 2781.1587 | R77: =Q77/P77 -> 695.28967 | S77: =RANK(R77, R$77:R$106) -> 13 | T77: =AVERAGE(R77:R106) -> 732.12867 | U77: 4 | V77: 2781.1338 | W77: =V77/U77 -> 695.28346 | X77: =RANK(W77, W$77:W$106) -> 13 | Y77: =AVERAGE(W77:W106) -> 732.53328 | Z77: 4 | AA77: 2781.1016 | AB77: =AA77/Z77 -> 695.27541 | AC77: =RANK(AB77, AB$77:AB$106) -> 13 | AD77: =AVERAGE(AB77:AB106) -> 732.74013 | AE77: 4 | AF77: 2781.322 | AG77: =AF77/AE77 -> 695.3305 | AH77: =RANK(AG77, AG$77:AG$106) -> 13 | AI77: =AVERAGE(AG77:AG106) -> 732.98066 | AJ77: 4 | AK77: 2780.4231 | AL77: =AK77/AJ77 -> 695.10578 | AM77: =RANK(AL77, AL$77:AL$106) -> 13 | AN77: =AVERAGE(AL77:AL106) -> 732.77966 | AO77: 4 | AP77: 2787.0707 | AQ77: =AP77/AO77 -> 696.76768 | AR77: =RANK(AQ77, AQ$77:AQ$106) -> 13 | AS77: =AVERAGE(AQ77:AQ106) -> 733.76767 | AT77: 4 | AU77: 2792.0362 | AV77: =AU77/AT77 -> 698.00905 | AW77: =RANK(AV77, AV$77:AV$106) -> 14 | AX77: =AVERAGE(AV77:AV106) -> 740.62903
C78: 2 | D78: 一配鮪魚飯糰 | E78: 3 | F78: 3600 | G78: =F78/E78 -> 1200 | I78: =AVERAGE(P78,U78,Z78,AE78,AJ78,AO78,AT78) -> 3 | J78: =AVERAGE(Q78,V78,AA78,AF78,AK78,AP78,AU78) -> 3003.8415 | K78: =AVERAGE(R78,W78,AB78,AG78,AL78,AQ78,AV78) -> 1001.2805 | M78: =RANK(K78, K$77:$K$106) -> 1 | P78: 3 | Q78: 3001.2416 | R78: =Q78/P78 -> 1000.4139 | S78: =RANK(R78, R$77:R$106) -> 2 | U78: 3 | V78: 3002.5093 | W78: =V78/U78 -> 1000.8364 | X78: =RANK(W78, W$77:W$106) -> 2 | Z78: 3 | AA78: 3003.8272 | AB78: =AA78/Z78 -> 1001.2757 | AC78: =RANK(AB78, AB$77:AB$106) -> 1 | AE78: 3 | AF78: 3004.0541 | AG78: =AF78/AE78 -> 1001.3514 | AH78: =RANK(AG78, AG$77:AG$106) -> 1 | AJ78: 3 | AK78: 3003.9064 | AL78: =AK78/AJ78 -> 1001.3021 | AM78: =RANK(AL78, AL$77:AL$106) -> 1 | AO78: 3 | AP78: 3005.1448 | AQ78: =AP78/AO78 -> 1001.7149 | AR78: =RANK(AQ78, AQ$77:AQ$106) -> 2 | AT78: 3 | AU78: 3006.2069 | AV78: =AU78/AT78 -> 1002.069 | AW78: =RANK(AV78, AV$77:AV$106) -> 2
C79: 3 | D79: 一配經典肉鬆飯糰 | E79: 4 | F79: 2700 | G79: =F79/E79 -> 675 | I79: =AVERAGE(P79,U79,Z79,AE79,AJ79,AO79,AT79) -> 4 | J79: =AVERAGE(Q79,V79,AA79,AF79,AK79,AP79,AU79) -> 2359.2612 | K79: =AVERAGE(R79,W79,AB79,AG79,AL79,AQ79,AV79) -> 589.8153 | M79: =RANK(K79, K$77:$K$106) -> 24 | P79: 4 | Q79: 2358.5086 | R79: =Q79/P79 -> 589.62714 | S79: =RANK(R79, R$77:R$106) -> 23 | U79: 4 | V79: 2358.5626 | W79: =V79/U79 -> 589.64064 | X79: =RANK(W79, W$77:W$106) -> 23 | Z79: 4 | AA79: 2358.5622 | AB79: =AA79/Z79 -> 589.64054 | AC79: =RANK(AB79, AB$77:AB$106) -> 23 | AE79: 4 | AF79: 2358.7589 | AG79: =AF79/AE79 -> 589.68974 | AH79: =RANK(AG79, AG$77:AG$106) -> 23 | AJ79: 4 | AK79: 2358.7045 | AL79: =AK79/AJ79 -> 589.67611 | AM79: =RANK(AL79, AL$77:AL$106) -> 23 | AO79: 4 | AP79: 2360.7615 | AQ79: =AP79/AO79 -> 590.19037 | AR79: =RANK(AQ79, AQ$77:AQ$106) -> 23 | AT79: 4 | AU79: 2360.9701 | AV79: =AU79/AT79 -> 590.24252 | AW79: =RANK(AV79, AV$77:AV$106) -> 24
C80: 4 | D80: 一配雞肉飯飯糰 | E80: 4 | F80: 3300 | G80: =F80/E80 -> 825 | I80: =AVERAGE(P80,U80,Z80,AE80,AJ80,AO80,AT80) -> 4 | J80: =AVERAGE(Q80,V80,AA80,AF80,AK80,AP80,AU80) -> 2821.5214 | K80: =AVERAGE(R80,W80,AB80,AG80,AL80,AQ80,AV80) -> 705.38035 | M80: =RANK(K80, K$77:$K$106) -> 11 | P80: 4 | Q80: 2821.2629 | R80: =Q80/P80 -> 705.31572 | S80: =RANK(R80, R$77:R$106) -> 10 | U80: 4 | V80: 2821.3469 | W80: =V80/U80 -> 705.33672 | X80: =RANK(W80, W$77:W$106) -> 10 | Z80: 4 | AA80: 2821.2495 | AB80: =AA80/Z80 -> 705.31237 | AC80: =RANK(AB80, AB$77:AB$106) -> 10 | AE80: 4 | AF80: 2821.7357 | AG80: =AF80/AE80 -> 705.43393 | AH80: =RANK(AG80, AG$77:AG$106) -> 10 | AJ80: 4 | AK80: 2818.5366 | AL80: =AK80/AJ80 -> 704.63415 | AM80: =RANK(AL80, AL$77:AL$106) -> 11 | AO80: 4 | AP80: 2821.8878 | AQ80: =AP80/AO80 -> 705.47196 | AR80: =RANK(AQ80, AQ$77:AQ$106) -> 11 | AT80: 4 | AU80: 2824.6304 | AV80: =AU80/AT80 -> 706.1576 | AW80: =RANK(AV80, AV$77:AV$106) -> 12
C81: 5 | D81: 一配熟成紅鮭飯糰 | E81: 4 | F81: 3300 | G81: =F81/E81 -> 825 | I81: =AVERAGE(P81,U81,Z81,AE81,AJ81,AO81,AT81) -> 4 | J81: =AVERAGE(Q81,V81,AA81,AF81,AK81,AP81,AU81) -> 2757.3828 | K81: =AVERAGE(R81,W81,AB81,AG81,AL81,AQ81,AV81) -> 689.34571 | M81: =RANK(K81, K$77:$K$106) -> 18 | P81: 4 | Q81: 2749.7902 | R81: =Q81/P81 -> 687.44754 | S81: =RANK(R81, R$77:R$106) -> 16 | U81: 4 | V81: 2749.1624 | W81: =V81/U81 -> 687.2906 | X81: =RANK(W81, W$77:W$106) -> 17 | Z81: 4 | AA81: 2751.9166 | AB81: =AA81/Z81 -> 687.97916 | AC81: =RANK(AB81, AB$77:AB$106) -> 17 | AE81: 4 | AF81: 2758.8462 | AG81: =AF81/AE81 -> 689.71154 | AH81: =RANK(AG81, AG$77:AG$106) -> 17 | AJ81: 4 | AK81: 2759.879 | AL81: =AK81/AJ81 -> 689.96976 | AM81: =RANK(AL81, AL$77:AL$106) -> 17 | AO81: 4 | AP81: 2762.5602 | AQ81: =AP81/AO81 -> 690.64006 | AR81: =RANK(AQ81, AQ$77:AQ$106) -> 17 | AT81: 4 | AU81: 2769.5252 | AV81: =AU81/AT81 -> 692.38129 | AW81: =RANK(AV81, AV$77:AV$106) -> 18
C82: 6 | D82: 一配北海道秋鮭親子飯糰 | E82: 4 | F82: 3300 | G82: =F82/E82 -> 825 | I82: =AVERAGE(P82,U82,Z82,AE82,AJ82,AO82,AT82) -> 4 | J82: =AVERAGE(Q82,V82,AA82,AF82,AK82,AP82,AU82) -> 2762.9827 | K82: =AVERAGE(R82,W82,AB82,AG82,AL82,AQ82,AV82) -> 690.74569 | M82: =RANK(K82, K$77:$K$106) -> 15 | P82: 4 | Q82: 2752.7344 | R82: =Q82/P82 -> 688.18359 | S82: =RANK(R82, R$77:R$106) -> 14 | U82: 4 | V82: 2752.17 | W82: =V82/U82 -> 688.04249 | X82: =RANK(W82, W$77:W$106) -> 16 | Z82: 4 | AA82: 2755.7076 | AB82: =AA82/Z82 -> 688.92691 | AC82: =RANK(AB82, AB$77:AB$106) -> 16 | AE82: 4 | AF82: 2761.8161 | AG82: =AF82/AE82 -> 690.45402 | AH82: =RANK(AG82, AG$77:AG$106) -> 15 | AJ82: 4 | AK82: 2765.008 | AL82: =AK82/AJ82 -> 691.25201 | AM82: =RANK(AL82, AL$77:AL$106) -> 14 | AO82: 4 | AP82: 2773.5615 | AQ82: =AP82/AO82 -> 693.39038 | AR82: =RANK(AQ82, AQ$77:AQ$106) -> 14 | AT82: 4 | AU82: 2779.8817 | AV82: =AU82/AT82 -> 694.97041 | AW82: =RANK(AV82, AV$77:AV$106) -> 15
C83: 7 | D83: 一配壹號醬炙烤牛飯糰 | E83: 5 | F83: 3300 | G83: =F83/E83 -> 660 | I83: =AVERAGE(P83,U83,Z83,AE83,AJ83,AO83,AT83) -> 5 | J83: =AVERAGE(Q83,V83,AA83,AF83,AK83,AP83,AU83) -> 2731.4709 | K83: =AVERAGE(R83,W83,AB83,AG83,AL83,AQ83,AV83) -> 546.29418 | M83: =RANK(K83, K$77:$K$106) -> 26 | P83: 5 | Q83: 2730.2638 | R83: =Q83/P83 -> 546.05277 | S83: =RANK(R83, R$77:R$106) -> 25 | U83: 5 | V83: 2729.8663 | W83: =V83/U83 -> 545.97325 | X83: =RANK(W83, W$77:W$106) -> 25 | Z83: 5 | AA83: 2729.119 | AB83: =AA83/Z83 -> 545.82379 | AC83: =RANK(AB83, AB$77:AB$106) -> 25 | AE83: 5 | AF83: 2729.5722 | AG83: =AF83/AE83 -> 545.91445 | AH83: =RANK(AG83, AG$77:AG$106) -> 25 | AJ83: 5 | AK83: 2726.9181 | AL83: =AK83/AJ83 -> 545.38362 | AM83: =RANK(AL83, AL$77:AL$106) -> 25 | AO83: 5 | AP83: 2733.8088 | AQ83: =AP83/AO83 -> 546.76177 | AR83: =RANK(AQ83, AQ$77:AQ$106) -> 25 | AT83: 5 | AU83: 2740.748 | AV83: =AU83/AT83 -> 548.14961 | AW83: =RANK(AV83, AV$77:AV$106) -> 26
C84: 8 | D84: 一配明太子龍蝦風味沙拉飯糰 | E84: 3 | F84: 3600 | G84: =F84/E84 -> 1200 | I84: =AVERAGE(P84,U84,Z84,AE84,AJ84,AO84,AT84) -> 3 | J84: =AVERAGE(Q84,V84,AA84,AF84,AK84,AP84,AU84) -> 2988.9535 | K84: =AVERAGE(R84,W84,AB84,AG84,AL84,AQ84,AV84) -> 996.31783 | M84: =RANK(K84, K$77:$K$106) -> 4 | P84: 3 | Q84: 2988.1932 | R84: =Q84/P84 -> 996.0644 | S84: =RANK(R84, R$77:R$106) -> 5 | U84: 3 | V84: 2988.0817 | W84: =V84/U84 -> 996.02724 | X84: =RANK(W84, W$77:W$106) -> 4 | Z84: 3 | AA84: 2987.98 | AB84: =AA84/Z84 -> 995.99332 | AC84: =RANK(AB84, AB$77:AB$106) -> 5 | AE84: 3 | AF84: 2988.6297 | AG84: =AF84/AE84 -> 996.20991 | AH84: =RANK(AG84, AG$77:AG$106) -> 5 | AJ84: 3 | AK84: 2989.1403 | AL84: =AK84/AJ84 -> 996.38009 | AM84: =RANK(AL84, AL$77:AL$106) -> 4 | AO84: 3 | AP84: 2989.502 | AQ84: =AP84/AO84 -> 996.50067 | AR84: =RANK(AQ84, AQ$77:AQ$106) -> 4 | AT84: 3 | AU84: 2991.1475 | AV84: =AU84/AT84 -> 997.04918 | AW84: =RANK(AV84, AV$77:AV$106) -> 4
C85: 9 | D85: 一配贅沢鮭魚肚飯糰 | E85: 3 | F85: 3000 | G85: =F85/E85 -> 1000 | I85: =AVERAGE(P85,U85,Z85,AE85,AJ85,AO85,AT85) -> 3 | J85: =AVERAGE(Q85,V85,AA85,AF85,AK85,AP85,AU85) -> 2542.5998 | K85: =AVERAGE(R85,W85,AB85,AG85,AL85,AQ85,AV85) -> 847.53326 | M85: =RANK(K85, K$77:$K$106) -> 9 | P85: 3 | Q85: 2532 | R85: =Q85/P85 -> 844 | S85: =RANK(R85, R$77:R$106) -> 8 | U85: 3 | V85: 2540.7716 | W85: =V85/U85 -> 846.92388 | X85: =RANK(W85, W$77:W$106) -> 8 | Z85: 3 | AA85: 2543.9407 | AB85: =AA85/Z85 -> 847.98024 | AC85: =RANK(AB85, AB$77:AB$106) -> 8 | AE85: 3 | AF85: 2541.0274 | AG85: =AF85/AE85 -> 847.00915 | AH85: =RANK(AG85, AG$77:AG$106) -> 8 | AJ85: 3 | AK85: 2540 | AL85: =AK85/AJ85 -> 846.66667 | AM85: =RANK(AL85, AL$77:AL$106) -> 8 | AO85: 3 | AP85: 2547.8423 | AQ85: =AP85/AO85 -> 849.28076 | AR85: =RANK(AQ85, AQ$77:AQ$106) -> 8 | AT85: 3 | AU85: 2552.6164 | AV85: =AU85/AT85 -> 850.87214 | AW85: =RANK(AV85, AV$77:AV$106) -> 9
C86: 10 | D86: 一配海老天婦羅飯糰 | E86: 4 | F86: 3000 | G86: =F86/E86 -> 750 | I86: =AVERAGE(P86,U86,Z86,AE86,AJ86,AO86,AT86) -> 4 | J86: =AVERAGE(Q86,V86,AA86,AF86,AK86,AP86,AU86) -> 2523.2499 | K86: =AVERAGE(R86,W86,AB86,AG86,AL86,AQ86,AV86) -> 630.81247 | M86: =RANK(K86, K$77:$K$106) -> 19 | P86: 4 | Q86: 2521.8025 | R86: =Q86/P86 -> 630.45061 | S86: =RANK(R86, R$77:R$106) -> 18 | U86: 4 | V86: 2521.5517 | W86: =V86/U86 -> 630.38793 | X86: =RANK(W86, W$77:W$106) -> 18 | Z86: 4 | AA86: 2524.4404 | AB86: =AA86/Z86 -> 631.1101 | AC86: =RANK(AB86, AB$77:AB$106) -> 18 | AE86: 4 | AF86: 2520.4852 | AG86: =AF86/AE86 -> 630.12129 | AH86: =RANK(AG86, AG$77:AG$106) -> 19 | AJ86: 4 | AK86: 2520.5092 | AL86: =AK86/AJ86 -> 630.1273 | AM86: =RANK(AL86, AL$77:AL$106) -> 19 | AO86: 4 | AP86: 2524.3219 | AQ86: =AP86/AO86 -> 631.08048 | AR86: =RANK(AQ86, AQ$77:AQ$106) -> 19 | AT86: 4 | AU86: 2529.6383 | AV86: =AU86/AT86 -> 632.40958 | AW86: =RANK(AV86, AV$77:AV$106) -> 20
C87: 11 | D87: 一配三杯辣海瓜子飯糰 | E87: 3 | F87: 3300 | G87: =F87/E87 -> 1100 | I87: =AVERAGE(P87,U87,Z87,AE87,AJ87,AO87,AT87) -> 3 | J87: =AVERAGE(Q87,V87,AA87,AF87,AK87,AP87,AU87) -> 2797.7714 | K87: =AVERAGE(R87,W87,AB87,AG87,AL87,AQ87,AV87) -> 932.59046 | M87: =RANK(K87, K$77:$K$106) -> 7 | P87: 3 | Q87: 2796.9673 | R87: =Q87/P87 -> 932.32243 | S87: =RANK(R87, R$77:R$106) -> 7 | U87: 3 | V87: 2797.1026 | W87: =V87/U87 -> 932.36752 | X87: =RANK(W87, W$77:W$106) -> 7 | Z87: 3 | AA87: 2797.1731 | AB87: =AA87/Z87 -> 932.39105 | AC87: =RANK(AB87, AB$77:AB$106) -> 7 | AE87: 3 | AF87: 2797.8154 | AG87: =AF87/AE87 -> 932.60513 | AH87: =RANK(AG87, AG$77:AG$106) -> 7 | AJ87: 3 | AK87: 2795.0311 | AL87: =AK87/AJ87 -> 931.67702 | AM87: =RANK(AL87, AL$77:AL$106) -> 7 | AO87: 3 | AP87: 2800.153 | AQ87: =AP87/AO87 -> 933.38432 | AR87: =RANK(AQ87, AQ$77:AQ$106) -> 7 | AT87: 3 | AU87: 2800.1573 | AV87: =AU87/AT87 -> 933.38576 | AW87: =RANK(AV87, AV$77:AV$106) -> 7
C88: 12 | D88: 一配蔬食鮪魚飯糰 | E88: 3 | F88: 3600 | G88: =F88/E88 -> 1200 | I88: =AVERAGE(P88,U88,Z88,AE88,AJ88,AO88,AT88) -> 3 | J88: =AVERAGE(Q88,V88,AA88,AF88,AK88,AP88,AU88) -> 2988.5577 | K88: =AVERAGE(R88,W88,AB88,AG88,AL88,AQ88,AV88) -> 996.18589 | M88: =RANK(K88, K$77:$K$106) -> 5 | P88: 3 | Q88: 2989.1735 | R88: =Q88/P88 -> 996.39115 | S88: =RANK(R88, R$77:R$106) -> 4 | U88: 3 | V88: 2987.7277 | W88: =V88/U88 -> 995.90922 | X88: =RANK(W88, W$77:W$106) -> 5 | Z88: 3 | AA88: 2989.7947 | AB88: =AA88/Z88 -> 996.59824 | AC88: =RANK(AB88, AB$77:AB$106) -> 3 | AE88: 3 | AF88: 2989.2505 | AG88: =AF88/AE88 -> 996.41682 | AH88: =RANK(AG88, AG$77:AG$106) -> 4 | AJ88: 3 | AK88: 2985.1315 | AL88: =AK88/AJ88 -> 995.04384 | AM88: =RANK(AL88, AL$77:AL$106) -> 5 | AO88: 3 | AP88: 2988.9953 | AQ88: =AP88/AO88 -> 996.33178 | AR88: =RANK(AQ88, AQ$77:AQ$106) -> 5 | AT88: 3 | AU88: 2989.8305 | AV88: =AU88/AT88 -> 996.61017 | AW88: =RANK(AV88, AV$77:AV$106) -> 5
C89: 13 | D89: 二配雞肉飯飯糰 | E89: 4 | F89: 3300 | G89: =F89/E89 -> 825 | I89: =AVERAGE(P89,U89,Z89,AE89,AJ89,AO89,AT89) -> 4 | J89: =AVERAGE(Q89,V89,AA89,AF89,AK89,AP89,AU89) -> 2819.2419 | K89: =AVERAGE(R89,W89,AB89,AG89,AL89,AQ89,AV89) -> 704.81048 | M89: =RANK(K89, K$77:$K$106) -> 12 | P89: 4 | Q89: 2807.8109 | R89: =Q89/P89 -> 701.95271 | S89: =RANK(R89, R$77:R$106) -> 11 | U89: 4 | V89: 2810.0096 | W89: =V89/U89 -> 702.50241 | X89: =RANK(W89, W$77:W$106) -> 11 | Z89: 4 | AA89: 2815.701 | AB89: =AA89/Z89 -> 703.92525 | AC89: =RANK(AB89, AB$77:AB$106) -> 11 | AE89: 4 | AF89: 2819.3001 | AG89: =AF89/AE89 -> 704.82503 | AH89: =RANK(AG89, AG$77:AG$106) -> 11 | AJ89: 4 | AK89: 2821.3559 | AL89: =AK89/AJ89 -> 705.33898 | AM89: =RANK(AL89, AL$77:AL$106) -> 10 | AO89: 4 | AP89: 2828.0846 | AQ89: =AP89/AO89 -> 707.02115 | AR89: =RANK(AQ89, AQ$77:AQ$106) -> 10 | AT89: 4 | AU89: 2832.4314 | AV89: =AU89/AT89 -> 708.10785 | AW89: =RANK(AV89, AV$77:AV$106) -> 11
... C102: 26 | D102: 二配油蔥G絲飯糰 | E102: 4 | F102: 3300 | G102: =F102/E102 -> 825 | I102: =AVERAGE(P102,U102,Z102,AE102,AJ102,AO102,AT102) -> 4 | J102: =AVERAGE(Q102,V102,AA102,AF102,AK102,AP102,AU102) -> 2800.1405 | K102: =AVERAGE(R102,W102,AB102,AG102,AL102,AQ102,AV102) -> 700.03512 | M102: =RANK(K102, K$77:$K$106) -> 13 | P102: 4 | Q102: 2801.1111 | R102: =Q102/P102 -> 700.27778 | S102: =RANK(R102, R$77:R$106) -> 12 | U102: 4 | V102: 2801.0175 | W102: =V102/U102 -> 700.25437 | X102: =RANK(W102, W$77:W$106) -> 12 | Z102: 4 | AA102: 2799.306 | AB102: =AA102/Z102 -> 699.82651 | AC102: =RANK(AB102, AB$77:AB$106) -> 12 | AE102: 4 | AF102: 2800.1494 | AG102: =AF102/AE102 -> 700.03734 | AH102: =RANK(AG102, AG$77:AG$106) -> 12 | AJ102: 4 | AK102: 2796.878 | AL102: =AK102/AJ102 -> 699.21951 | AM102: =RANK(AL102, AL$77:AL$106) -> 12 | AO102: 4 | AP102: 2799.0507 | AQ102: =AP102/AO102 -> 699.76268 | AR102: =RANK(AQ102, AQ$77:AQ$106) -> 12 | AT102: 4 | AU102: 2803.4707 | AV102: =AU102/AT102 -> 700.86768 | AW102: =RANK(AV102, AV$77:AV$106) -> 13
C103: 27 | D103: 二配哇沙米魚卵沙拉飯糰 | E103: 3 | F103: 3300 | G103: =F103/E103 -> 1100 | I103: =AVERAGE(P103,U103,Z103,AE103,AJ103,AO103,AT103) -> 3 | J103: =AVERAGE(Q103,V103,AA103,AF103,AK103,AP103,AU103) -> 2691.0705 | K103: =AVERAGE(R103,W103,AB103,AG103,AL103,AQ103,AV103) -> 897.0235 | M103: =RANK(K103, K$77:$K$106) -> 8 | AT103: 3 | AU103: 2691.0705 | AV103: =AU103/AT103 -> 897.0235 | AW103: =RANK(AV103, AV$77:AV$106) -> 8
C104: 28
C105: 29
C106: 30
B107: 產線配置圖－每週更新(0819-0825) | N107: 資料繳交 | O107: 日期 | P107: 45888 | U107: =P107+1 -> 45889 | Z107: =U107+1 -> 45890 | AE107: =Z107+1 -> 45891 | AJ107: =AE107+1 -> 45892 | AO107: =AJ107+1 -> 45893 | AT107: =AO107+1 -> 45894
P108: =P107 -> 45888 | U108: =U107 -> 45889 | Z108: =Z107 -> 45890 | AE108: =AE107 -> 45891 | AJ108: =AJ107 -> 45892 | AO108: =AO107 -> 45893 | AT108: =AT107 -> 45894
B109: 品群 | C109: 商品名稱 | E109: 計畫 | H109: 平均人時性 | I109: 實績 (週平均) | L109: 平均人時性 | M109: 排名 | O109: 日報 | P109: 實際 | T109: 平均人時性 | U109: 實際 | Y109: 平均人時性 | Z109: 實際 | AD109: 平均人時性 | AE109: 實際 | AI109: 平均人時性 | AJ109: 實際 | AN109: 平均人時性 | AO109: 實際 | AS109: 平均人時性 | AT109: 實際 | AX109: 平均人時性
E110: 產線配置圖 | I110: 產線配置圖 | P110: 生產實績 | U110: 生產實績 | Z110: 生產實績 | AE110: 生產實績 | AJ110: 生產實績 | AO110: 生產實績 | AT110: 生產實績
E111: 人數 | F111: 產能／時 | G111: 人時性 | I111: 人數 | J111: 產能／時 | K111: 人時性 | P111: 人數 | Q111: 產能／時 | R111: 人時性 | S111: 排名 | U111: 人數 | V111: 產能／時 | W111: 人時性 | X111: 排名 | Z111: 人數 | AA111: 產能／時 | AB111: 人時性 | AC111: 排名 | AE111: 人數 | AF111: 產能／時 | AG111: 人時性 | AH111: 排名 | AJ111: 人數 | AK111: 產能／時 | AL111: 人時性 | AM111: 排名 | AO111: 人數 | AP111: 產能／時 | AQ111: 人時性 | AR111: 排名 | AT111: 人數 | AU111: 產能／時 | AV111: 人時性 | AW111: 排名
B112: 18℃-飯糰 | C112: 1 | D112: 一配鹽蔥燒肉飯糰 | E112: 4 | F112: 3300 | G112: =F112/E112 -> 825 | H112: =AVERAGE(G112:G141) -> 888.28297 | I112: =AVERAGE(P112,U112,Z112,AE112,AJ112,AO112,AT112) -> 4 | J112: =AVERAGE(Q112,V112,AA112,AF112,AK112,AP112,AU112) -> 2810.2862 | K112: =AVERAGE(R112,W112,AB112,AG112,AL112,AQ112,AV112) -> 702.57155 | L112: =IFERROR(AVERAGE(K112:K141),"-") -> 751.19372 | M112: =RANK(K112, K$112:$K$141) -> 15 | P112: 4 | Q112: 2796.2212 | R112: =Q112/P112 -> 699.0553 | S112: =RANK(R112, R$112:R$141) -> 15 | T112: =AVERAGE(R112:R141) -> 747.25348 | U112: 4 | V112: 2800.274 | W112: =V112/U112 -> 700.06849 | X112: =RANK(W112, W$112:W$141) -> 15 | Y112: =AVERAGE(W112:W141) -> 749.01052 | Z112: 4 | AA112: 2803.6136 | AB112: =AA112/Z112 -> 700.90341 | AC112: =RANK(AB112, AB$112:AB$141) -> 15 | AD112: =AVERAGE(AB112:AB141) -> 749.89761 | AE112: 4 | AF112: 2815.356 | AG112: =AF112/AE112 -> 703.83901 | AH112: =RANK(AG112, AG$112:AG$141) -> 15 | AI112: =AVERAGE(AG112:AG141) -> 752.66512 | AJ112: 4 | AK112: 2815.5019 | AL112: =AK112/AJ112 -> 703.87548 | AM112: =RANK(AL112, AL$112:AL$141) -> 15 | AN112: =AVERAGE(AL112:AL141) -> 752.94633 | AO112: 4 | AP112: 2815.5322 | AQ112: =AP112/AO112 -> 703.88305 | AR112: =RANK(AQ112, AQ$112:AQ$141) -> 15 | AS112: =AVERAGE(AQ112:AQ141) -> 752.89929 | AT112: 4 | AU112: 2825.5046 | AV112: =AU112/AT112 -> 706.37615 | AW112: =RANK(AV112, AV$112:AV$141) -> 14 | AX112: =AVERAGE(AV112:AV141) -> 753.68371
C113: 2 | D113: 一配鮪魚飯糰 | E113: 3 | F113: 3600 | G113: =F113/E113 -> 1200 | I113: =AVERAGE(P113,U113,Z113,AE113,AJ113,AO113,AT113) -> 3 | J113: =AVERAGE(Q113,V113,AA113,AF113,AK113,AP113,AU113) -> 3008.1232 | K113: =AVERAGE(R113,W113,AB113,AG113,AL113,AQ113,AV113) -> 1002.7077 | M113: =RANK(K113, K$112:$K$141) -> 2 | P113: 3 | Q113: 3007.0538 | R113: =Q113/P113 -> 1002.3513 | S113: =RANK(R113, R$112:R$141) -> 2 | U113: 3 | V113: 3006.9095 | W113: =V113/U113 -> 1002.3032 | X113: =RANK(W113, W$112:W$141) -> 2 | Z113: 3 | AA113: 3007.6442 | AB113: =AA113/Z113 -> 1002.5481 | AC113: =RANK(AB113, AB$112:AB$141) -> 1 | AE113: 3 | AF113: 3008.1694 | AG113: =AF113/AE113 -> 1002.7231 | AH113: =RANK(AG113, AG$112:AG$141) -> 2 | AJ113: 3 | AK113: 3008.7753 | AL113: =AK113/AJ113 -> 1002.9251 | AM113: =RANK(AL113, AL$112:AL$141) -> 2 | AO113: 3 | AP113: 3008.7099 | AQ113: =AP113/AO113 -> 1002.9033 | AR113: =RANK(AQ113, AQ$112:AQ$141) -> 2 | AT113: 3 | AU113: 3009.6 | AV113: =AU113/AT113 -> 1003.2 | AW113: =RANK(AV113, AV$112:AV$141) -> 2
C114: 3 | D114: 一配經典肉鬆飯糰 | E114: 4 | F114: 2700 | G114: =F114/E114 -> 675 | I114: =AVERAGE(P114,U114,Z114,AE114,AJ114,AO114,AT114) -> 4 | J114: =AVERAGE(Q114,V114,AA114,AF114,AK114,AP114,AU114) -> 2372.3223 | K114: =AVERAGE(R114,W114,AB114,AG114,AL114,AQ114,AV114) -> 593.08057 | M114: =RANK(K114, K$112:$K$141) -> 25 | P114: 4 | Q114: 2368.892 | R114: =Q114/P114 -> 592.22301 | S114: =RANK(R114, R$112:R$141) -> 25 | U114: 4 | V114: 2368.951 | W114: =V114/U114 -> 592.23776 | X114: =RANK(W114, W$112:W$141) -> 25 | Z114: 4 | AA114: 2369.1506 | AB114: =AA114/Z114 -> 592.28764 | AC114: =RANK(AB114, AB$112:AB$141) -> 25 | AE114: 4 | AF114: 2373.5691 | AG114: =AF114/AE114 -> 593.39228 | AH114: =RANK(AG114, AG$112:AG$141) -> 25 | AJ114: 4 | AK114: 2374.4295 | AL114: =AK114/AJ114 -> 593.60738 | AM114: =RANK(AL114, AL$112:AL$141) -> 25 | AO114: 4 | AP114: 2375.1715 | AQ114: =AP114/AO114 -> 593.79286 | AR114: =RANK(AQ114, AQ$112:AQ$141) -> 25 | AT114: 4 | AU114: 2376.0923 | AV114: =AU114/AT114 -> 594.02307 | AW114: =RANK(AV114, AV$112:AV$141) -> 25
C115: 4 | D115: 一配雞肉飯飯糰 | E115: 4 | F115: 3300 | G115: =F115/E115 -> 825 | I115: =AVERAGE(P115,U115,Z115,AE115,AJ115,AO115,AT115) -> 4 | J115: =AVERAGE(Q115,V115,AA115,AF115,AK115,AP115,AU115) -> 2841.1252 | K115: =AVERAGE(R115,W115,AB115,AG115,AL115,AQ115,AV115) -> 710.28129 | M115: =RANK(K115, K$112:$K$141) -> 11 | P115: 4 | Q115: 2825.0847 | R115: =Q115/P115 -> 706.27119 | S115: =RANK(R115, R$112:R$141) -> 13 | U115: 4 | V115: 2838.4615 | W115: =V115/U115 -> 709.61538 | X115: =RANK(W115, W$112:W$141) -> 11 | Z115: 4 | AA115: 2841.691 | AB115: =AA115/Z115 -> 710.42274 | AC115: =RANK(AB115, AB$112:AB$141) -> 11 | AE115: 4 | AF115: 2844.2028 | AG115: =AF115/AE115 -> 711.05069 | AH115: =RANK(AG115, AG$112:AG$141) -> 11 | AJ115: 4 | AK115: 2845.9808 | AL115: =AK115/AJ115 -> 711.49519 | AM115: =RANK(AL115, AL$112:AL$141) -> 11 | AO115: 4 | AP115: 2846.0973 | AQ115: =AP115/AO115 -> 711.52432 | AR115: =RANK(AQ115, AQ$112:AQ$141) -> 11 | AT115: 4 | AU115: 2846.358 | AV115: =AU115/AT115 -> 711.5895 | AW115: =RANK(AV115, AV$112:AV$141) -> 11
C116: 5 | D116: 一配熟成紅鮭飯糰 | E116: 4 | F116: 3300 | G116: =F116/E116 -> 825 | I116: =AVERAGE(P116,U116,Z116,AE116,AJ116,AO116,AT116) -> 4 | J116: =AVERAGE(Q116,V116,AA116,AF116,AK116,AP116,AU116) -> 2781.4208 | K116: =AVERAGE(R116,W116,AB116,AG116,AL116,AQ116,AV116) -> 695.35519 | M116: =RANK(K116, K$112:$K$141) -> 19 | P116: 4 | Q116: 2773.5016 | R116: =Q116/P116 -> 693.37539 | S116: =RANK(R116, R$112:R$141) -> 19 | U116: 4 | V116: 2776.9611 | W116: =V116/U116 -> 694.24028 | X116: =RANK(W116, W$112:W$141) -> 18 | Z116: 4 | AA116: 2779.4797 | AB116: =AA116/Z116 -> 694.86992 | AC116: =RANK(AB116, AB$112:AB$141) -> 18 | AE116: 4 | AF116: 2782.9292 | AG116: =AF116/AE116 -> 695.7323 | AH116: =RANK(AG116, AG$112:AG$141) -> 19 | AJ116: 4 | AK116: 2783.7316 | AL116: =AK116/AJ116 -> 695.93289 | AM116: =RANK(AL116, AL$112:AL$141) -> 19 | AO116: 4 | AP116: 2783.3744 | AQ116: =AP116/AO116 -> 695.84361 | AR116: =RANK(AQ116, AQ$112:AQ$141) -> 19 | AT116: 4 | AU116: 2789.9678 | AV116: =AU116/AT116 -> 697.49194 | AW116: =RANK(AV116, AV$112:AV$141) -> 19
C117: 6 | D117: 一配北海道秋鮭親子飯糰 | E117: 4 | F117: 3300 | G117: =F117/E117 -> 825 | I117: =AVERAGE(P117,U117,Z117,AE117,AJ117,AO117,AT117) -> 4 | J117: =AVERAGE(Q117,V117,AA117,AF117,AK117,AP117,AU117) -> 2800.0508 | K117: =AVERAGE(R117,W117,AB117,AG117,AL117,AQ117,AV117) -> 700.01269 | M117: =RANK(K117, K$112:$K$141) -> 16 | P117: 4 | Q117: 2783.3231 | R117: =Q117/P117 -> 695.83078 | S117: =RANK(R117, R$112:R$141) -> 17 | U117: 4 | V117: 2786.1818 | W117: =V117/U117 -> 696.54545 | X117: =RANK(W117, W$112:W$141) -> 17 | Z117: 4 | AA117: 2787.4539 | AB117: =AA117/Z117 -> 696.86347 | AC117: =RANK(AB117, AB$112:AB$141) -> 17 | AE117: 4 | AF117: 2810.9193 | AG117: =AF117/AE117 -> 702.72983 | AH117: =RANK(AG117, AG$112:AG$141) -> 16 | AJ117: 4 | AK117: 2810.9382 | AL117: =AK117/AJ117 -> 702.73454 | AM117: =RANK(AL117, AL$112:AL$141) -> 16 | AO117: 4 | AP117: 2810.6716 | AQ117: =AP117/AO117 -> 702.66789 | AR117: =RANK(AQ117, AQ$112:AQ$141) -> 16 | AT117: 4 | AU117: 2810.8676 | AV117: =AU117/AT117 -> 702.71689 | AW117: =RANK(AV117, AV$112:AV$141) -> 16
C118: 7 | D118: 一配壹號醬炙烤牛飯糰 | E118: 5 | F118: 3300 | G118: =F118/E118 -> 660 | I118: =AVERAGE(P118,U118,Z118,AE118,AJ118,AO118,AT118) -> 5 | J118: =AVERAGE(Q118,V118,AA118,AF118,AK118,AP118,AU118) -> 2784.5307 | K118: =AVERAGE(R118,W118,AB118,AG118,AL118,AQ118,AV118) -> 556.90613 | M118: =RANK(K118, K$112:$K$141) -> 27 | P118: 5 | Q118: 2748 | R118: =Q118/P118 -> 549.6 | S118: =RANK(R118, R$112:R$141) -> 27 | U118: 5 | V118: 2757.7358 | W118: =V118/U118 -> 551.54717 | X118: =RANK(W118, W$112:W$141) -> 27 | Z118: 5 | AA118: 2764.2545 | AB118: =AA118/Z118 -> 552.8509 | AC118: =RANK(AB118, AB$112:AB$141) -> 27 | AE118: 5 | AF118: 2805.1948 | AG118: =AF118/AE118 -> 561.03896 | AH118: =RANK(AG118, AG$112:AG$141) -> 27 | AJ118: 5 | AK118: 2804.7091 | AL118: =AK118/AJ118 -> 560.94183 | AM118: =RANK(AL118, AL$112:AL$141) -> 27 | AO118: 5 | AP118: 2804.2843 | AQ118: =AP118/AO118 -> 560.85686 | AR118: =RANK(AQ118, AQ$112:AQ$141) -> 27 | AT118: 5 | AU118: 2807.5359 | AV118: =AU118/AT118 -> 561.50719 | AW118: =RANK(AV118, AV$112:AV$141) -> 27
C119: 8 | D119: 一配明太子龍蝦風味沙拉飯糰 | E119: 3 | F119: 3600 | G119: =F119/E119 -> 1200 | I119: =AVERAGE(P119,U119,Z119,AE119,AJ119,AO119,AT119) -> 3 | J119: =AVERAGE(Q119,V119,AA119,AF119,AK119,AP119,AU119) -> 2994.1345 | K119: =AVERAGE(R119,W119,AB119,AG119,AL119,AQ119,AV119) -> 998.04484 | M119: =RANK(K119, K$112:$K$141) -> 4 | P119: 3 | Q119: 2991.4644 | R119: =Q119/P119 -> 997.15481 | S119: =RANK(R119, R$112:R$141) -> 4 | U119: 3 | V119: 2991.3669 | W119: =V119/U119 -> 997.1223 | X119: =RANK(W119, W$112:W$141) -> 4 | Z119: 3 | AA119: 2992.1412 | AB119: =AA119/Z119 -> 997.38041 | AC119: =RANK(AB119, AB$112:AB$141) -> 4 | AE119: 3 | AF119: 2995.8318 | AG119: =AF119/AE119 -> 998.6106 | AH119: =RANK(AG119, AG$112:AG$141) -> 3 | AJ119: 3 | AK119: 2995.8525 | AL119: =AK119/AJ119 -> 998.61751 | AM119: =RANK(AL119, AL$112:AL$141) -> 4 | AO119: 3 | AP119: 2995.8112 | AQ119: =AP119/AO119 -> 998.60374 | AR119: =RANK(AQ119, AQ$112:AQ$141) -> 3 | AT119: 3 | AU119: 2996.4736 | AV119: =AU119/AT119 -> 998.82452 | AW119: =RANK(AV119, AV$112:AV$141) -> 3
