Workbook

Sheet 數值累積總表(月)
B1: 項目 | D1: 1月 | E1: 2月 | F1: 3月 | G1: 4月 | H1: 5月 | I1: 6月 | J1: 7月 | K1: 8月 | L1: 9月 | M1: 10月 | N1: 11月 | O1: 12月 | P1: 合計/平均
B2: （１）收支狀況 | C2: 業績金額(千元) | D2: 146299.94 | E2: 116569.43 | F2: 148838 | G2: 160648.31 | H2: 181836.63 | P2: =SUM(D2:O2) -> 754192.31
C3: 訂單數量 | D3: 4768701 | E3: 3787002 | F3: 5045753 | G3: 5396292 | H3: 6084520 | P3: =SUM(D3:O3) -> 25082268
C4: 材料費(千元) | D4: 93253 | E4: 74777 | F4: 93614 | G4: 104435 | H4: 116562 | P4: =SUM(D4:O4) -> 482641
C5: 材料費率(%) | D5: 0.655 | E5: 0.653 | F5: 0.648 | G5: 0.663 | H5: 0.672 | I5: =IFERROR(I4/I2, "") | J5: =IFERROR(J4/J2, "") | K5: =IFERROR(K4/K2, "") | L5: =IFERROR(L4/L2, "") | M5: =IFERROR(M4/M2, "") | N5: =IFERROR(N4/N2, "") | O5: =IFERROR(O4/O2, "") | P5: =AVERAGEIF(D5:O5, ">0") -> 0.6582
C6: 勞務成本(千元) | D6: 22378 | E6: 22860 | F6: 22710 | G6: 23226 | H6: 24474 | P6: =SUM(D6:O6) -> 115648
C7: 勞務費率(%) | D7: 0.157 | E7: 0.2 | F7: 0.157 | G7: 0.147 | H7: 0.141 | I7: =IFERROR(I6/I2, "") | J7: =IFERROR(J6/J2, "") | K7: =IFERROR(K6/K2, "") | L7: =IFERROR(L6/L2, "") | M7: =IFERROR(M6/M2, "") | N7: =IFERROR(N6/N2, "") | O7: =IFERROR(O6/O2, "") | P7: =AVERAGEIF(D7:O7, ">0") -> 0.1604
B9: （２）ＫＰＩ達成進度 | C9: 人時性KPI | D9: 497.6 | E9: 497.6 | F9: 497.6 | G9: 497.6 | H9: 497.6 | P9: =AVERAGEIF(D9:O9, ">0") -> 497.6
C10: 人時性(個/月均) | D10: 458.38414 | E10: 476.04172 | F10: 409.81563 | G10: 402.86432 | H10: 419.38046 | P10: =AVERAGEIF(D10:O10, ">0") -> 433.29725
C11: 人時達成率(%/月均) | D11: =IFERROR(D10/D9, "") -> 0.92118999 | E11: =IFERROR(E10/E9, "") -> 0.95667547 | F11: =IFERROR(F10/F9, "") -> 0.82358447 | G11: =IFERROR(G10/G9, "") -> 0.80961479 | H11: 0.94796667 | I11: =IFERROR(I10/I9, "") | J11: =IFERROR(J10/J9, "") | K11: =IFERROR(K10/K9, "") | L11: =IFERROR(L10/L9, "") | M11: =IFERROR(M10/M9, "") | N11: =IFERROR(N10/N9, "") | O11: =IFERROR(O10/O9, "") | P11: =AVERAGEIF(D11:O11, ">0") -> 0.89180628
C12: 半成品-報廢(%) | D12: 0.0024135432 | E12: 0.0023657636 | F12: 0.0020222248 | G12: 0.0020113648 | H12: 0.002008824 | P12: =AVERAGEIF(D12:O12, ">0") -> 0.0021643441
C13: 半成品-超用(%) | D13: 0.0055994433 | E13: 0.0052393001 | F13: 0.0048799138 | G13: 0.0043085188 | H13: 0.0061874817 | P13: =AVERAGEIF(D13:O13, ">0") -> 0.0052429315
C14: 固定產線-導入率(%) | D14: 0.9 | E14: 0.9 | F14: 0.9 | G14: 0.9 | H14: 0.9 | P14: =AVERAGEIF(D14:O14, ">0") -> 0.9
C15: 教育訓練-實施率(%) | D15: 0.057692308 | E15: 0.13873626 | F15: 0.21960298 | G15: 0.30384615 | H15: 0.38709677 | P15: =MAX(D15:O15) -> 0.38709677
B17: （３）業績構成比 | C17: 18℃-飯糰(061,063) | D17: 0.36139567 | E17: 0.34737657 | F17: 0.36414345 | G17: 0.38079956 | H17: 0.3631831 | P17: =AVERAGEIF(D17:O17, ">0") -> 0.36337967
C18: 18℃-壽司手卷(071,072,075,076) | D18: 0.069633574 | E18: 0.077793665 | F18: 0.084480826 | G18: 0.060267904 | H18: 0.041707027 | P18: =AVERAGEIF(D18:O18, ">0") -> 0.066776599
C19: 4℃-飯糰(065) | D19: 0.022453222 | E19: 0.02167645 | F19: 0.02436516 | G19: 0.018891118 | H19: 0.013969 | P19: =AVERAGEIF(D19:O19, ">0") -> 0.02027099
C20: 4℃-壽司手卷(077) | D20: 0.008585039 | E20: 0.0099523222 | F20: 0.014684918 | G20: 0.028316296 | H20: 0.034128078 | P20: =AVERAGEIF(D20:O20, ">0") -> 0.019133331
C21: 主食(091,092,093,094,095) | D21: 0.16215294 | E21: 0.18214708 | F21: 0.20289324 | G21: 0.15628268 | H21: 0.13415544 | P21: =AVERAGEIF(D21:O21, ">0") -> 0.16752628
C22: 便當(083) | D22: 0.27057088 | E22: 0.27529226 | F22: 0.29293399 | G22: 0.27842234 | H22: 0.26474822 | P22: =AVERAGEIF(D22:O22, ">0") -> 0.27639354
C23: 熱食義麵(122,123,124,126) | D23: 0.029234371 | E23: 0.0089796819 | F23: 0 | G23: 0 | H23: 0 | P23: =AVERAGEIF(D23:O23, ">0") -> 0.019107026
C24: 季節調理麵(111,112) | D24: 0.040564166 | E24: 0.040109499 | F24: 0.0016541185 | G24: 0.064343547 | H24: 0.13502459 | P24: =AVERAGEIF(D24:O24, ">0") -> 0.056339185
C25: 微波小吃(153,154,155) | D25: 0.035410133 | E25: 0.036672477 | F25: 0.01484429 | G25: 0.012676559 | H25: 0.013084541 | P25: =AVERAGEIF(D25:O25, ">0") -> 0.0225376
B27: （４）訂單數量構成比 | C27: 18℃-飯糰(061,063) | D27: 0.58577126 | E27: 0.57025346 | F27: 0.57640852 | G27: 0.58366912 | H27: 0.56064801 | P27: =AVERAGEIF(D27:O27, ">0") -> 0.57535007
C28: 18℃-壽司手卷(071,072,075,076) | D28: 0.081693946 | E28: 0.091615478 | F28: 0.10179987 | G28: 0.068907687 | H28: 0.044634581 | P28: =AVERAGEIF(D28:O28, ">0") -> 0.077730312
C29: 4℃-飯糰(065) | D29: 0.024966128 | E29: 0.023825971 | F29: 0.026809081 | G29: 0.020313393 | H29: 0.014309264 | P29: =AVERAGEIF(D29:O29, ">0") -> 0.022044767
C30: 4℃-壽司手卷(077) | D30: 0.0097963785 | E30: 0.011706622 | F30: 0.016401516 | G30: 0.031347822 | H30: 0.048132803 | P30: =AVERAGEIF(D30:O30, ">0") -> 0.023477028
C31: 主食(091,092,093,094,095) | D31: 0.089953008 | E31: 0.10114835 | F31: 0.11343936 | G31: 0.089562981 | H31: 0.075610895 | P31: =AVERAGEIF(D31:O31, ">0") -> 0.093942919
C32: 便當(083) | D32: 0.13708178 | E32: 0.14060779 | F32: 0.14223546 | G32: 0.13317793 | H32: 0.12743437 | P32: =AVERAGEIF(D32:O32, ">0") -> 0.13610747
C33: 熱食義麵(122,123,124,126) | D33: 0.015652481 | E33: 0.0048238686 | F33: 0 | G33: 0 | H33: 0 | P33: =AVERAGEIF(D33:O33, ">0") -> 0.010238175
C34: 季節調理麵(111,112) | D34: 0.022004735 | E34: 0.020902022 | F34: 0.00067918505 | G34: 0.05386458 | H34: 0.1102248 | P34: =AVERAGEIF(D34:O34, ">0") -> 0.041535064
C35: 微波小吃(153,154,155) | D35: 0.033080287 | E35: 0.035116432 | F35: 0.02222701 | G35: 0.019156487 | H35: 0.019005279 | P35: =AVERAGEIF(D35:O35, ">0") -> 0.025717099
B37: （５）品群別人時生產性 | C37: 18℃-飯糰(061,063) | D37: 768.96509 | E37: 774.12086 | F37: 757.59042 | G37: 740.76981 | H37: 765.35782 | P37: =AVERAGEIF(D37:O37, ">0") -> 761.3608
C38: 18℃-壽司手卷(071,072,075,076) | D38: 280.52358 | E38: 304.46478 | F38: 311.70582 | G38: 320.67204 | H38: 308.11597 | P38: =AVERAGEIF(D38:O38, ">0") -> 305.09644
C39: 4℃-飯糰(065) | D39: 258.56167 | E39: 203.24374 | F39: 331.13667 | G39: 331.07659 | H39: 209.58696 | P39: =AVERAGEIF(D39:O39, ">0") -> 266.72113
C40: 4℃-壽司手卷(077) | D40: 486.07171 | E40: 490.19814 | F40: 493.97618 | G40: 416.8019 | H40: 367.70757 | P40: =AVERAGEIF(D40:O40, ">0") -> 450.9511
C41: 主食(091,092,093,094,095) | D41: 82.669482 | E41: 81.452412 | F41: 79.949999 | G41: 82.282454 | H41: 81.903989 | P41: =AVERAGEIF(D41:O41, ">0") -> 81.651667
C42: 便當(083) | D42: 78.306367 | E42: 77.971323 | F42: 77.906797 | G42: 78.189351 | H42: 79.190462 | P42: =AVERAGEIF(D42:O42, ">0") -> 78.31286
C43: 熱食義麵(122,123,124,126) | D43: 76.250133 | E43: 72.949976 | F43: 0 | G43: 0 | H43: 0 | P43: =AVERAGEIF(D43:O43, ">0") -> 74.600054
C44: 季節調理麵(111,112) | D44: 110.8083 | E44: 97.157501 | F44: 84.601424 | G44: 159.74229 | H44: 161.80618 | P44: =AVERAGEIF(D44:O44, ">0") -> 122.82314
C45: 微波小吃(153,154,155) | D45: 76.123665 | E45: 77.592138 | F45: 83.044479 | G45: 83.064527 | H45: 89.419713 | P45: =AVERAGEIF(D45:O45, ">0") -> 81.848904

Sheet 生產管理報表(月)
A1: 大溪廠生產管理報表
A3: 月別 | B3: 5 | C3: 工廠 | D3: 大溪廠
A4: （１）收支狀況 | E4: ※單位：千元 | G4: （２）ＫＰＩ達成進度
A5: 項目 | B5: 當月 | C5: 前月 | D5: 差異 | E5: 累計 | G5: 項目 | H5: KPI | I5: 當月 | J5: 前月 | K5: 累計 | L5: ※補充
A6: 業績金額 | B6: ='（１）收支狀況'!H11/1000 -> 53412.637 | C6: 181836.63 | D6: =B6-C6 -> -128423.99 | E6: ='數值累積總表(月)'!P2 -> 754192.31 | G6: 人時性(個/月均) | H6: 497.6 | I6: ='（２）ＫＰＩ達成進度'!H11 -> 433.03614 | J6: 419.38046 | K6: ='數值累積總表(月)'!P10 -> 433.29725 | L6: 個／MH
A7: 訂單數量 | B7: ='（１）收支狀況'!K11 -> 1760864 | C7: 6084520 | D7: =B7-C7 -> -4323656 | E7: ='數值累積總表(月)'!P3 -> 25082268 | G7: 人時達成率(%/月均) | H7: 0.8 | I7: ='（２）ＫＰＩ達成進度'!K11 -> 0.97883395 | J7: 0.94796667 | K7: ='數值累積總表(月)'!P11 -> 0.89180628 | L7: 達成率
A8: 材料費 | B8: ='（１）收支狀況'!N11/1000 -> 36078.352 | C8: 122511 | D8: =B8-C8 -> -86432.646 | E8: ='數值累積總表(月)'!P4 -> 482641 | G8: 半成品-報廢(%) | H8: 0.0025 | I8: ='（２）ＫＰＩ達成進度'!N11 -> 0.002009727 | J8: 0.002008824 | K8: ='數值累積總表(月)'!P12 -> 0.0021643441 | L8: 報廢率
A9: 材料費率 | B9: ='（１）收支狀況'!Q11 -> 0.67546472 | C9: 0.67374214 | D9: =B9-C9 -> 0.001722582 | E9: ='數值累積總表(月)'!P5 -> 0.6582 | G9: 半成品-超用(%) | H9: 0.004 | I9: ='（２）ＫＰＩ達成進度'!Q11 -> 0.006149808 | J9: 0.0061874817 | K9: ='數值累積總表(月)'!P13 -> 0.0052429315 | L9: 超用率
A10: 勞務成本 | B10: ='（１）收支狀況'!T11/1000 -> 7300.0896 | C10: 25634.58 | D10: =B10-C10 -> -18334.491 | E10: ='數值累積總表(月)'!P6 -> 115648 | G10: 固定產線-導入率(%) | H10: 0.8 | I10: ='（２）ＫＰＩ達成進度'!T11 -> 0.9 | J10: 0.9 | K10: ='數值累積總表(月)'!P14 -> 0.9 | L10: 導入率
A11: 勞務費率 | B11: ='（１）收支狀況'!W11 -> 0.13667346 | C11: 0.14097589 | D11: =B11-C11 -> -0.0043024356 | E11: ='數值累積總表(月)'!P7 -> 0.1604 | G11: 教育訓練-實施率(%) | H11: 1 | I11: ='（２）ＫＰＩ達成進度'!W11 -> 0.43990385 | J11: 0.38709677 | K11: ='數值累積總表(月)'!P15 -> 0.38709677 | L11: 實施率
A13: （３）業績構成比 | E13: ※單位：千元 | G13: （４）訂單數量構成比 | K13: ※單位：個
B14: 當月 | C14: 比例 | D14: 前月 | E14: 差異 | H14: 當月 | I14: 比例 | J14: 前月 | K14: 差異
A15: 18℃-飯糰(061,063) | B15: =SUM('（３）業績構成比'!M7:M12)/1000 -> 12726.262 | C15: =IFERROR(B15/$B$6,"") -> 0.23826314 | D15: 0.3631831 | E15: =IFERROR(C15-D15,"") -> -0.12491996 | G15: 18℃-飯糰(061,063) | H15: =SUM('（４）訂單數量構成比'!M7:M12) -> 666176 | I15: =IFERROR(H15/$B$7,"") -> 0.37832337 | J15: 0.56064801 | K15: =IFERROR(I15-J15,"") -> -0.18232464
A16: 18℃-壽司手卷(071,072,075,076) | B16: =SUM('（３）業績構成比'!S7:S12)/1000 -> 1435.3239 | C16: =IFERROR(B16/$B$6,"") -> 0.026872365 | D16: 0.041707027 | E16: =IFERROR(C16-D16,"") -> -0.014834662 | G16: 18℃-壽司手卷(071,072,075,076) | H16: =SUM('（４）訂單數量構成比'!S7:S12) -> 49700 | I16: =IFERROR(H16/$B$7,"") -> 0.028224781 | J16: 0.044634581 | K16: =IFERROR(I16-J16,"") -> -0.0164098
A17: 4℃-飯糰(065) | B17: =SUM('（３）業績構成比'!U7:U12)/1000 -> 429.61995 | C17: =IFERROR(B17/$B$6,"") -> 0.008043414 | D17: 0.013969 | E17: =IFERROR(C17-D17,"") -> -0.0059255861 | G17: 4℃-飯糰(065) | H17: =SUM('（４）訂單數量構成比'!U7:U12) -> 14335 | I17: =IFERROR(H17/$B$7,"") -> 0.0081408899 | J17: 0.014309264 | K17: =IFERROR(I17-J17,"") -> -0.0061683736
A18: 4℃-壽司手卷(077) | B18: =SUM('（３）業績構成比'!W7:W12)/1000 -> 2413.7967 | C18: =IFERROR(B18/$B$6,"") -> 0.04519149 | D18: 0.034128078 | E18: =IFERROR(C18-D18,"") -> 0.011063412 | G18: 4℃-壽司手卷(077) | H18: =SUM('（４）訂單數量構成比'!W7:W12) -> 93777 | I18: =IFERROR(H18/$B$7,"") -> 0.053256242 | J18: 0.048132803 | K18: =IFERROR(I18-J18,"") -> 0.0051234398
A19: 主食(091,092,093,094,095) | B19: =SUM('（３）業績構成比'!AC7:AC12)/1000 -> 4370.9224 | C19: =IFERROR(B19/$B$6,"") -> 0.081833114 | D19: 0.13415544 | E19: =IFERROR(C19-D19,"") -> -0.052322325 | G19: 主食(091,092,093,094,095) | H19: =SUM('（４）訂單數量構成比'!AC7:AC12) -> 80914 | I19: =IFERROR(H19/$B$7,"") -> 0.045951306 | J19: 0.075610895 | K19: =IFERROR(I19-J19,"") -> -0.029659589
A20: 便當(083) | B20: =SUM('（３）業績構成比'!AE7:AE12)/1000 -> 9225.3851 | C20: =IFERROR(B20/$B$6,"") -> 0.17271915 | D20: 0.26474822 | E20: =IFERROR(C20-D20,"") -> -0.092029073 | G20: 便當(083) | H20: =SUM('（４）訂單數量構成比'!AE7:AE12) -> 147494 | I20: =IFERROR(H20/$B$7,"") -> 0.083762289 | J20: 0.12743437 | K20: =IFERROR(I20-J20,"") -> -0.043672085
A21: 熱食義麵(122,123,124,126) | B21: =SUM('（３）業績構成比'!AG7:AG12)/1000 -> 0 | C21: =IFERROR(B21/$B$6,"") -> 0 | D21: 0 | E21: =IFERROR(C21-D21,"") -> 0 | G21: 熱食義麵(122,123,124,126) | H21: =SUM('（４）訂單數量構成比'!AG7:AG12) -> 0 | I21: =IFERROR(H21/$B$7,"") -> 0 | J21: 0 | K21: =IFERROR(I21-J21,"") -> 0
A22: 季節調理麵(111,112) | B22: =SUM('（３）業績構成比'!AI7:AI12)/1000 -> 7523.4979 | C22: =IFERROR(B22/$B$6,"") -> 0.14085614 | D22: 0.13502459 | E22: =IFERROR(C22-D22,"") -> 0.0058315476 | G22: 季節調理麵(111,112) | H22: =SUM('（４）訂單數量構成比'!AI7:AI12) -> 203616 | I22: =IFERROR(H22/$B$7,"") -> 0.11563414 | J22: 0.1102248 | K22: =IFERROR(I22-J22,"") -> 0.0054093433
A23: 微波小吃(153,154,155) | B23: =SUM('（３）業績構成比'!AK7:AK12)/1000 -> 663.33942 | C23: =IFERROR(B23/$B$6,"") -> 0.012419148 | D23: 0.013084541 | E23: =IFERROR(C23-D23,"") -> -0.00066539354 | G23: 微波小吃(153,154,155) | H23: =SUM('（４）訂單數量構成比'!AK7:AK12) -> 28536 | I23: =IFERROR(H23/$B$7,"") -> 0.016205681 | J23: 0.019005279 | K23: =IFERROR(I23-J23,"") -> -0.0027995981
C24: =SUM(C15:C23) -> 0.72619796 | D24: =SUM(D15:D23) -> 1 | I24: =SUM(I15:I23) -> 0.7294987 | J24: =SUM(J15:J23) -> 1
A26: （５）品群別人時生產性
A27: 品群 | B27: 當月 | C27: 前月 | D27: 差異 | E27: 累計
A28: 18℃-飯A15:A23糰(061,063) | B28: ='（５-1）品群別人時生產性(18℃-飯糰)'!C1 -> 791.32419 | C28: 765.35782 | D28: =B28-C28 -> 25.966374 | E28: ='數值累積總表(月)'!P37 -> 761.3608
A29: 18℃-壽司手卷(071,072,075,076) | B29: ='（５-2）品群別人時生產性(18℃-壽司手卷)'!C1 -> 298.03264 | C29: 308.11597 | D29: =B29-C29 -> -10.083335 | E29: ='數值累積總表(月)'!P38 -> 305.09644
A30: 4℃-飯糰(065) | B30: ='（５-3）品群別人時生產性(4℃-飯糰)'!C1 -> 118.59923 | C30: 209.58696 | D30: =B30-C30 -> -90.987733 | E30: ='數值累積總表(月)'!P39 -> 266.72113
A31: 4℃-壽司手卷(077) | B31: ='（５-4）品群別人時生產性(4℃-壽司手卷)'!C1 -> 370.29269 | C31: 367.70757 | D31: =B31-C31 -> 2.5851246 | E31: ='數值累積總表(月)'!P40 -> 450.9511
A32: 主食(091,092,093,094,095) | B32: ='（５-5）品群別人時生產性(微波主食) '!C1 -> 83.410714 | C32: 81.903989 | D32: =B32-C32 -> 1.506725 | E32: ='數值累積總表(月)'!P41 -> 81.651667
A33: 便當(083) | B33: ='（５-6）品群別人時生產性(便當)'!C1 -> 79.415025 | C33: 79.190462 | D33: =B33-C33 -> 0.22456312 | E33: ='數值累積總表(月)'!P42 -> 78.31286
A34: 熱食義麵(122,123,124,126) | B34: ='（５-7）品群別人時生產性(熱食義麵) '!C1 -> 0 | C34: 0 | D34: =B34-C34 -> 0 | E34: ='數值累積總表(月)'!P43 -> 74.600054
A35: 季節調理麵(111,112) | B35: ='（５-8）品群別人時生產性(季節調理麵) '!C1 -> 156.76906 | C35: 161.80618 | D35: =B35-C35 -> -5.0371259 | E35: ='數值累積總表(月)'!P44 -> 122.82314
A36: 微波小吃(153,154,155) | B36: ='（５-9）品群別人時生產性(微波小吃)'!C1 -> 121.82808 | C36: 89.419713 | D36: =B36-C36 -> 32.408366 | E36: ='數值累積總表(月)'!P45 -> 81.848904

Sheet 生產管理報表(週) 
A1: 大溪廠生產管理報表
A3: 月別 | B3: 6 | C3: 週別 | D3: W1 | E3: 工廠 | F3: 大溪廠
A4: （１）收支狀況 | E4: ※單位：千元 | G4: （２）ＫＰＩ達成進度
A5: 項目 | B5: 當週 | C5: 前週 | D5: 差異 | E5: 累計 | G5: 項目 | H5: KPI | I5: 當週 | J5: 前週 | K5: 累計 | L5: ※補充
A6: 業績金額 | B6: ='（１）收支狀況'!G12/1000 -> 46456.915 | C6: 45743.869 | D6: =B6-C6 -> 713.04633 | E6: ='（１）收支狀況'!H11:H11/1000 -> 53412.637 | G6: 人時性(個/月均) | H6: 442.4 | I6: ='（２）ＫＰＩ達成進度'!G12 -> 433.10659 | J6: 428.73368 | K6: ='（２）ＫＰＩ達成進度'!H11 -> 433.03614 | L6: 個／MH
A7: 訂單數量 | B7: ='（１）收支狀況'!J12 -> 1530504 | C7: 1514908 | D7: =B7-C7 -> 15596 | E7: ='（１）收支狀況'!K11:K11 -> 1760864 | G7: 人時達成率(%/月均) | H7: 0.8 | I7: ='（２）ＫＰＩ達成進度'!J12 -> 0.97899319 | J7: 0.96910868 | K7: ='（２）ＫＰＩ達成進度'!K11 -> 0.97883395 | L7: 達成率
A8: 材料費 | B8: ='（１）收支狀況'!M12/1000 -> 31402.673 | C8: 30950.167 | D8: =B8-C8 -> 452.50546 | E8: ='（１）收支狀況'!N11:N11/1000 -> 36078.352 | G8: 半成品-報廢(%) | H8: 0.0025 | I8: ='（２）ＫＰＩ達成進度'!M12 -> 0.0020099903 | J8: 0.002008889 | K8: ='（２）ＫＰＩ達成進度'!N11 -> 0.002009727 | L8: 報廢率
A9: 材料費率 | B9: ='（１）收支狀況'!P12 -> 0.6759526 | C9: 0.67659706 | D9: =B9-C9 -> -0.00064445929 | E9: ='（１）收支狀況'!Q11 -> 0.67546472 | G9: 半成品-超用(%) | H9: 0.004 | I9: ='（２）ＫＰＩ達成進度'!P12 -> 0.0061443653 | J9: 0.0061801862 | K9: ='（２）ＫＰＩ達成進度'!Q11 -> 0.006149808 | L9: 超用率
A10: 勞務成本 | B10: ='（１）收支狀況'!S12/1000 -> 6456.1666 | C10: 6254.241 | D10: =B10-C10 -> 201.92559 | E10: ='（１）收支狀況'!T11/1000 -> 7300.0896 | G10: 固定產線-導入率(%) | H10: 0.8 | I10: ='（２）ＫＰＩ達成進度'!S12 -> 0.9 | J10: 0.9 | K10: ='（２）ＫＰＩ達成進度'!T11 -> 0.9 | L10: 導入率
A11: 勞務費率 | B11: ='（１）收支狀況'!V12 -> 0.13897106 | C11: 0.13672304 | D11: =B11-C11 -> 0.0022480125 | E11: ='（１）收支狀況'!W11 -> 0.13667346 | G11: 教育訓練-實施率(%) | H11: 1 | I11: =23/52*100% -> 0.44230769 | J11: 0.42307692 | K11: ='（２）ＫＰＩ達成進度'!W11 -> 0.43990385 | L11: 實施率
A13: （３）業績構成比 | E13: ※單位：千元 | G13: （４）訂單數量構成比 | K13: ※單位：個
B14: 當週 | C14: 比例 | D14: 前週 | E14: 差異 | H14: 當週 | I14: 比例 | J14: 前週 | K14: 差異
A15: 18℃-飯糰(061,063) | B15: =SUM('（３）業績構成比'!M14:M20)/1000 -> 14265.023 | C15: =IFERROR(B15/$B$6,"") -> 0.3070592 | D15: 0.32785502 | E15: =IFERROR(C15-D15,"") -> -0.020795827 | G15: 18℃-飯糰(061,063) | H15: =SUM('（４）訂單數量構成比'!M14:M120) -> 755670 | I15: =IFERROR(H15/$B$7,"") -> 0.49373932 | J15: 0.51917014 | K15: =IFERROR(I15-J15,"") -> -0.025430824
A16: 18℃-壽司手卷(071,072,075,076) | B16: =SUM('（３）業績構成比'!S14:S20)/1000 -> 1674.2423 | C16: =IFERROR(B16/$B$6,"") -> 0.036038601 | D16: 0.037064806 | E16: =IFERROR(C16-D16,"") -> -0.0010262049 | G16: 18℃-壽司手卷(071,072,075,076) | H16: =SUM('（４）訂單數量構成比'!S14:S20) -> 57990 | I16: =IFERROR(H16/$B$7,"") -> 0.03788948 | J16: 0.038758789 | K16: =IFERROR(I16-J16,"") -> -0.00086930977
A17: 4℃-飯糰(065) | B17: =SUM('（３）業績構成比'!U14:U20)/1000 -> 526.15332 | C17: =IFERROR(B17/$B$6,"") -> 0.011325619 | D17: 0.011163438 | E17: =IFERROR(C17-D17,"") -> 0.00016218127 | G17: 4℃-飯糰(065) | H17: =SUM('（４）訂單數量構成比'!U14:U20) -> 17556 | I17: =IFERROR(H17/$B$7,"") -> 0.011470731 | J17: 0.011247548 | K17: =IFERROR(I17-J17,"") -> 0.0002231835
A18: 4℃-壽司手卷(077) | B18: =SUM('（３）業績構成比'!W14:W20)/1000 -> 2981.2756 | C18: =IFERROR(B18/$B$6,"") -> 0.064172912 | D18: 0.060067406 | E18: =IFERROR(C18-D18,"") -> 0.004105506 | G18: 4℃-壽司手卷(077) | H18: =SUM('（４）訂單數量構成比'!W14:W20) -> 118870 | I18: =IFERROR(H18/$B$7,"") -> 0.077667226 | J18: 0.07124327 | K18: =IFERROR(I18-J18,"") -> 0.0064239557
A19: 主食(091,092,093,094,095) | B19: =SUM('（３）業績構成比'!AC14:AC20)/1000 -> 5250.8287 | C19: =IFERROR(B19/$B$6,"") -> 0.11302577 | D19: 0.11397861 | E19: =IFERROR(C19-D19,"") -> -0.00095283853 | G19: 主食(091,092,093,094,095) | H19: =SUM('（４）訂單數量構成比'!AC14:AC20) -> 97114 | I19: =IFERROR(H19/$B$7,"") -> 0.063452301 | J19: 0.063704859 | K19: =IFERROR(I19-J19,"") -> -0.00025255796
A20: 便當(083) | B20: =SUM('（３）業績構成比'!AE14:AE20)/1000 -> 10546.284 | C20: =IFERROR(B20/$B$6,"") -> 0.22701215 | D20: 0.23996189 | E20: =IFERROR(C20-D20,"") -> -0.012949743 | G20: 便當(083) | H20: =SUM('（４）訂單數量構成比'!AE14:AE20) -> 168184 | I20: =IFERROR(H20/$B$7,"") -> 0.10988798 | J20: 0.11578327 | K20: =IFERROR(I20-J20,"") -> -0.0058952841
A21: 熱食義麵(122,123,124,126) | B21: =SUM('（３）業績構成比'!AG14:AG20)/1000 -> 0 | C21: =IFERROR(B21/$B$6,"") -> 0 | D21: 0 | E21: =IFERROR(C21-D21,"") -> 0 | G21: 熱食義麵(122,123,124,126) | H21: =SUM('（４）訂單數量構成比'!AG14:AG20) -> 0 | I21: =IFERROR(H21/$B$7,"") -> 0 | J21: 0 | K21: =IFERROR(I21-J21,"") -> 0
A22: 季節調理麵(111,112) | B22: =SUM('（３）業績構成比'!AI14:AI20)/1000 -> 9058.0383 | C22: =IFERROR(B22/$B$6,"") -> 0.19497718 | D22: 0.1882229 | E22: =IFERROR(C22-D22,"") -> 0.0067542795 | G22: 季節調理麵(111,112) | H22: =SUM('（４）訂單數量構成比'!AI14:AI20) -> 239808 | I22: =IFERROR(H22/$B$7,"") -> 0.15668564 | J22: 0.15374531 | K22: =IFERROR(I22-J22,"") -> 0.0029403309
A23: 微波小吃(153,154,155) | B23: =SUM('（３）業績構成比'!AK14:AK20)/1000 -> 2155.07 | C23: =IFERROR(B23/$B$6,"") -> 0.046388573 | D23: 0.021685927 | E23: =IFERROR(C23-D23,"") -> 0.024702646 | G23: 微波小吃(153,154,155) | H23: =SUM('（４）訂單數量構成比'!AK14:AK20) -> 75312 | I23: =IFERROR(H23/$B$7,"") -> 0.04920732 | J23: 0.026346814 | K23: =IFERROR(I23-J23,"") -> 0.022860505
C24: =SUM(C15:C23) -> 1 | D24: =SUM(D15:D23) -> 1 | I24: =SUM(I15:I23) -> 1 | J24: =SUM(J15:J23) -> 1
A26: （５）品群別人時生產性
A27: 品群 | B27: 當週 | C27: 前週 | D27: 差異 | E27: 累計
A28: 18℃-飯糰(061,063) | B28: ='（５-1）品群別人時生產性(18℃-飯糰)'!L47 -> 791.32419 | C28: 786.32217 | D28: =B28-C28 -> 5.0020182 | E28: ='（５-1）品群別人時生產性(18℃-飯糰)'!C1 -> 791.32419
A29: 18℃-壽司手卷(071,072,075,076) | B29: ='（５-2）品群別人時生產性(18℃-壽司手卷)'!L27 -> 298.03264 | C29: 297.7718 | D29: =B29-C29 -> 0.26083304 | E29: ='（５-2）品群別人時生產性(18℃-壽司手卷)'!C1 -> 298.03264
A30: 4℃-飯糰(065) | B30: ='（５-3）品群別人時生產性(4℃-飯糰)'!L27 -> 118.59923 | C30: 118.59923 | D30: =B30-C30 -> 0 | E30: ='（５-3）品群別人時生產性(4℃-飯糰)'!C1 -> 118.59923
A31: 4℃-壽司手卷(077) | B31: ='（５-4）品群別人時生產性(4℃-壽司手卷)'!L27 -> 370.29269 | C31: 353.61817 | D31: =B31-C31 -> 16.674519 | E31: ='（５-4）品群別人時生產性(4℃-壽司手卷)'!C1 -> 370.29269
A32: 主食(091,092,093,094,095) | B32: ='（５-5）品群別人時生產性(微波主食) '!L27 -> 83.410714 | C32: 72.075562 | D32: =B32-C32 -> 11.335152 | E32: ='（５-5）品群別人時生產性(微波主食) '!C1 -> 83.410714
A33: 便當(083) | B33: ='（５-6）品群別人時生產性(便當)'!L27 -> 79.415025 | C33: 79.739369 | D33: =B33-C33 -> -0.32434409 | E33: ='（５-6）品群別人時生產性(便當)'!C1 -> 79.415025
A34: 熱食義麵(122,123,124,126) | B34: ='（５-7）品群別人時生產性(熱食義麵) '!L27 -> 0 | C34: 0 | D34: =B34-C34 -> 0 | E34: ='（５-7）品群別人時生產性(熱食義麵) '!C1 -> 0
A35: 季節調理麵(111,112) | B35: ='（５-8）品群別人時生產性(季節調理麵) '!L27 -> 156.76906 | C35: 159.9798 | D35: =B35-C35 -> -3.2107372 | E35: ='（５-8）品群別人時生產性(季節調理麵) '!C1 -> 156.76906
A36: 微波小吃(153,154,155) | B36: ='（５-9）品群別人時生產性(微波小吃)'!L27 -> 121.82808 | C36: 114.90234 | D36: =B36-C36 -> 6.9257342 | E36: ='（５-9）品群別人時生產性(微波小吃)'!C1 -> 121.82808

Sheet （１）收支狀況
B2: （１）收支狀況
B3: 資料繳交日 | C3: 月份 | D3: 日期 | F3: 營業額(元) | I3: 訂單數量(個) | L3: 材料費(元) | O3: 材料費率（材料費／營業額） | R3: 勞務成本（全廠人事成本） | U3: 勞務費率（勞務成本／營業額）
F4: 日 | G4: 週累積 | H4: 月累積 | I4: 日 | J4: 週累積 | K4: 月累積 | L4: 日 | M4: 週累積 | N4: 月累積 | O4: 日 | P4: 週累積 | Q4: 月累積 | R4: 日 | S4: 週累積 | T4: 月累積 | U4: 日 | V4: 週累積 | W4: 月累積
B5: 46176 | C5: 五 | D5: 46168 | E5: 二 | F5: 6878064.2 | G5: =SUM(F5:F11) -> 45743869 | I5: 228475 | J5: =SUM(I5:I11) -> 1514908 | L5: 4648295.1 | M5: =SUM(L5:L11) -> 30950167 | O5: =L5/F5 -> 0.67581443 | P5: =M5/G5 -> 0.67659706 | R5: 946742.79 | S5: =SUM(R5:R11) -> 6254241 | U5: =R5/F5 -> 0.13764669 | V5: =S5/G5 -> 0.13672304
D6: =D5+1 -> 46169 | E6: 三 | F6: 6712279.9 | I6: 223731 | L6: 4588154.7 | O6: =L6/F6 -> 0.68354639 | R6: 911346.69 | U6: =R6/F6 -> 0.13577305
D7: =D6+1 -> 46170 | E7: 四 | F7: 6322728.4 | I7: 210315 | L7: 4256043.6 | O7: =L7/F7 -> 0.67313402 | R7: 881006.97 | U7: =R7/F7 -> 0.13933968
D8: =D7+1 -> 46171 | E8: 五 | F8: 5695002.6 | I8: 188020 | L8: 3839371.2 | O8: =L8/F8 -> 0.67416495 | R8: 830800.09 | U8: =R8/F8 -> 0.1458823
D9: =D8+1 -> 46172 | E9: 六 | F9: 5706651.9 | I9: 190453 | L9: 3894289.8 | O9: =L9/F9 -> 0.68241237 | R9: 845100.99 | U9: =R9/F9 -> 0.14809051
D10: =D9+1 -> 46173 | E10: 日 | F10: 7473420.7 | I10: 243554 | L10: 5048334.2 | O10: =L10/F10 -> 0.67550515 | R10: 995320.52 | U10: =R10/F10 -> 0.13318138
C11: 六 | D11: =D10+1 -> 46174 | E11: 一 | F11: 6955721.3 | H11: =SUM(F11:F40) -> 53412637 | I11: 230360 | K11: =SUM(I11:I40) -> 1760864 | L11: 4675678.9 | N11: =SUM(L11:L40) -> 36078352 | O11: =L11/F11 -> 0.67220619 | Q11: =N11/H11 -> 0.67546472 | R11: 843922.99 | T11: =SUM(R11:R40) -> 7300089.6 | U11: =R11/F11 -> 0.12132789 | W11: =T11/H11 -> 0.13667346
B12: =B5+7 -> 46183 | D12: =D11+1 -> 46175 | E12: 二 | F12: 7317703 | G12: =SUM(F12:F18) -> 46456915 | I12: 241153 | J12: =SUM(I12:I18) -> 1530504 | L12: 4901654 | M12: =SUM(L12:L18) -> 31402673 | O12: =L12/F12 -> 0.66983505 | P12: =M12/G12 -> 0.6759526 | R12: 989402.71 | S12: =SUM(R12:R18) -> 6456166.6 | U12: =R12/F12 -> 0.13520673 | V12: =S12/G12 -> 0.13897106
D13: =D12+1 -> 46176 | E13: 三 | F13: 6765416.7 | I13: 224497 | L13: 4515671.5 | O13: =L13/F13 -> 0.66746392 | R13: 930479.73 | U13: =R13/F13 -> 0.13753473
D14: =D13+1 -> 46177 | E14: 四 | F14: 6422003.3 | I14: 214546 | L14: 4430123 | O14: =L14/F14 -> 0.68983505 | R14: 888963.79 | U14: =R14/F14 -> 0.13842469
D15: =D14+1 -> 46178 | E15: 五 | F15: 5340875.9 | I15: 177694 | L15: 3671108.9 | O15: =L15/F15 -> 0.68736082 | R15: 822252.59 | U15: =R15/F15 -> 0.15395463
D16: =D15+1 -> 46179 | E16: 六 | F16: 5830113.3 | I16: 192072 | L16: 3916033 | O16: =L16/F16 -> 0.67169072 | R16: 859500.82 | U16: =R16/F16 -> 0.14742438
D17: =D16+1 -> 46180 | E17: 日 | F17: 7640961.5 | I17: 246810 | L17: 5135513.9 | O17: =L17/F17 -> 0.67210309 | R17: 999498.05 | U17: =R17/F17 -> 0.13080789
D18: =D17+1 -> 46181 | E18: 一 | F18: 7139841.6 | I18: 233732 | L18: 4832568.6 | O18: =L18/F18 -> 0.67684536 | R18: 966068.93 | U18: =R18/F18 -> 0.13530677
B19: =B12+7 -> 46190 | D19: =D18+1 -> 46182 | E19: 二 | G19: =SUM(F19:F25) -> 0 | J19: =SUM(I19:I25) -> 0 | M19: =SUM(L19:L25) -> 0 | O19: =L19/F19 -> #DIV/0! | P19: =M19/G19 -> #DIV/0! | S19: =SUM(R19:R25) -> 0 | U19: =R19/F19 -> #DIV/0! | V19: =S19/G19 -> #DIV/0!
D20: =D19+1 -> 46183 | E20: 三 | O20: =L20/F20 -> #DIV/0! | U20: =R20/F20 -> #DIV/0!
D21: =D20+1 -> 46184 | E21: 四 | O21: =L21/F21 -> #DIV/0! | U21: =R21/F21 -> #DIV/0!
D22: =D21+1 -> 46185 | E22: 五 | O22: =L22/F22 -> #DIV/0! | U22: =R22/F22 -> #DIV/0!
D23: =D22+1 -> 46186 | E23: 六 | O23: =L23/F23 -> #DIV/0! | U23: =R23/F23 -> #DIV/0!
D24: =D23+1 -> 46187 | E24: 日 | O24: =L24/F24 -> #DIV/0! | U24: =R24/F24 -> #DIV/0!
D25: =D24+1 -> 46188 | E25: 一 | O25: =L25/F25 -> #DIV/0! | U25: =R25/F25 -> #DIV/0!
B26: =B19+7 -> 46197 | D26: =D25+1 -> 46189 | E26: 二 | G26: =SUM(F26:F32) -> 0 | J26: =SUM(I26:I32) -> 0 | M26: =SUM(L26:L32) -> 0 | O26: =L26/F26 -> #DIV/0! | P26: =M26/G26 -> #DIV/0! | S26: =SUM(R26:R32) -> 0 | U26: =R26/F26 -> #DIV/0! | V26: =S26/G26 -> #DIV/0!
D27: =D26+1 -> 46190 | E27: 三 | O27: =L27/F27 -> #DIV/0! | U27: =R27/F27 -> #DIV/0!
D28: =D27+1 -> 46191 | E28: 四 | O28: =L28/F28 -> #DIV/0! | U28: =R28/F28 -> #DIV/0!
D29: =D28+1 -> 46192 | E29: 五 | O29: =L29/F29 -> #DIV/0! | U29: =R29/F29 -> #DIV/0!
D30: =D29+1 -> 46193 | E30: 六 | O30: =L30/F30 -> #DIV/0! | U30: =R30/F30 -> #DIV/0!
D31: =D30+1 -> 46194 | E31: 日 | O31: =L31/F31 -> #DIV/0! | U31: =R31/F31 -> #DIV/0!
D32: =D31+1 -> 46195 | E32: 一 | O32: =L32/F32 -> #DIV/0! | U32: =R32/F32 -> #DIV/0!
B33: =B26+7 -> 46204 | D33: =D32+1 -> 46196 | E33: 二 | G33: =SUM(F33:F39) -> 0 | J33: =SUM(I33:I39) -> 0 | M33: =SUM(L33:L39) -> 0 | O33: =L33/F33 -> #DIV/0! | P33: =M33/G33 -> #DIV/0! | S33: =SUM(R33:R39) -> 0 | U33: =R33/F33 -> #DIV/0! | V33: =S33/G33 -> #DIV/0!
D34: =D33+1 -> 46197 | E34: 三 | O34: =L34/F34 -> #DIV/0! | U34: =R34/F34 -> #DIV/0!
D35: =D34+1 -> 46198 | E35: 四 | O35: =L35/F35 -> #DIV/0! | U35: =R35/F35 -> #DIV/0!
D36: =D35+1 -> 46199 | E36: 五 | O36: =L36/F36 -> #DIV/0! | U36: =R36/F36 -> #DIV/0!
D37: =D36+1 -> 46200 | E37: 六 | O37: =L37/F37 -> #DIV/0! | U37: =R37/F37 -> #DIV/0!
D38: =D37+1 -> 46201 | E38: 日 | O38: =L38/F38 -> #DIV/0! | U38: =R38/F38 -> #DIV/0!
D39: =D38+1 -> 46202 | E39: 一 | O39: =L39/F39 -> #DIV/0! | U39: =R39/F39 -> #DIV/0!
B40: =B33+7 -> 46211 | D40: =D39+1 -> 46203 | E40: 二 | G40: =SUM(F40:F46) -> 0 | J40: =SUM(I40:I46) -> 0 | M40: =SUM(L40:L46) -> 0 | O40: =L40/F40 -> #DIV/0! | P40: =M40/G40 -> #DIV/0! | S40: =SUM(R40:R46) -> 0 | U40: =R40/F40 -> #DIV/0! | V40: =S40/G40 -> #DIV/0!
D41: =D40+1 -> 46204 | E41: 三 | O41: =L41/F41 -> #DIV/0! | U41: =R41/F41 -> #DIV/0!
D42: =D41+1 -> 46205 | E42: 四 | O42: =L42/F42 -> #DIV/0! | U42: =R42/F42 -> #DIV/0!
D43: =D42+1 -> 46206 | E43: 五 | O43: =L43/F43 -> #DIV/0! | U43: =R43/F43 -> #DIV/0!
D44: =D43+1 -> 46207 | E44: 六 | O44: =L44/F44 -> #DIV/0! | U44: =R44/F44 -> #DIV/0!
D45: =D44+1 -> 46208 | E45: 日 | O45: =L45/F45 -> #DIV/0! | U45: =R45/F45 -> #DIV/0!
D46: =D45+1 -> 46209 | E46: 一 | O46: =L46/F46 -> #DIV/0! | U46: =R46/F46 -> #DIV/0!

Sheet （２）ＫＰＩ達成進度
B1: 人時生產性基準值 | C1: 442.4
B2: （２）ＫＰＩ達成進度
B3: 資料繳交日 | C3: 月份 | D3: 日期 | F3: 人時生產性(個/人) | I3: 人時生產性達成率(%) | L3: 半成品報廢(%) | O3: 半成品超用(%) | R3: 固定產線-導入率(固定產線數/總產線數) | U3: 教育訓練-實施率(進度/計畫)
F4: 日 | G4: 週平均 | H4: 月平均 | I4: 日 | J4: 週平均 | K4: 月平均 | L4: 日 | M4: 週平均 | N4: 月平均 | O4: 日 | P4: 週平均 | Q4: 月平均 | R4: 日 | S4: 週平均 | T4: 月平均 | U4: 日 | V4: 週平均 | W4: 月平均
B5: 46176 | C5: 五 | D5: 46168 | E5: 二 | F5: 427.33285 | G5: =AVERAGE(F5:F11) -> 428.73368 | I5: =F5/$C$1 -> 0.96594224 | J5: =AVERAGE(I5:I11) -> 0.96910868 | L5: 0.0020162331 | M5: =AVERAGE(L5:L11) -> 0.0020087453 | O5: 0.006210495 | P5: =AVERAGE(O5:O11) -> 0.0061812892 | R5: 0.9 | S5: =AVERAGE(R5:R11) -> 0.9 | U5: =22/52*100% -> 0.42307692 | V5: =AVERAGE(U5:U11) -> 0.42307692
D6: =D5+1 -> 46169 | E6: 三 | F6: 426.22277 | I6: =F6/$C$1 -> 0.96343303 | L6: 0.0020104612 | O6: 0.0062075441 | R6: 0.9 | U6: =22/52*100% -> 0.42307692
D7: =D6+1 -> 46170 | E7: 四 | F7: 426.32681 | I7: =F7/$C$1 -> 0.96366821 | L7: 0.0020040913 | O7: 0.0061481244 | R7: 0.9 | U7: =22/52*100% -> 0.42307692
D8: =D7+1 -> 46171 | E8: 五 | F8: 426.09601 | I8: =F8/$C$1 -> 0.96314649 | L8: 0.0020037176 | O8: 0.0061263084 | R8: 0.9 | U8: =22/52*100% -> 0.42307692
D9: =D8+1 -> 46172 | E9: 六 | F9: 429.99426 | I9: =F9/$C$1 -> 0.9719581 | L9: 0.0020067372 | O9: 0.0061783149 | R9: 0.9 | U9: =22/52*100% -> 0.42307692
D10: =D9+1 -> 46173 | E10: 日 | F10: 432.62004 | I10: =F10/$C$1 -> 0.97789339 | L10: 0.0020120936 | O10: 0.0062103305 | R10: 0.9 | U10: =22/52*100% -> 0.42307692
C11: 六 | D11: =D10+1 -> 46174 | E11: 一 | F11: 432.54302 | H11: =AVERAGEIF(F11:F40,"<>0") -> 433.03614 | I11: =F11/$C$1 -> 0.97771931 | K11: =AVERAGEIF(I11:I40,"<>0") -> 0.97883395 | L11: 0.0020078834 | N11: =AVERAGEIF(L11:L40,"<>0") -> 0.002009727 | O11: 0.0061879069 | Q11: =AVERAGEIF(O11:O40,"<>0") -> 0.006149808 | R11: 0.9 | T11: =AVERAGEIF(R11:R40,"<>0") -> 0.9 | U11: =22/52*100% -> 0.42307692 | W11: =AVERAGEIF(U11:U40,"<>0") -> 0.43990385
B12: =B5+7 -> 46183 | D12: =D11+1 -> 46175 | E12: 二 | F12: 432.51149 | G12: =AVERAGE(F12:F18) -> 433.10659 | I12: =F12/$C$1 -> 0.97764802 | J12: =AVERAGE(I12:I18) -> 0.97899319 | L12: 0.0020155692 | M12: =AVERAGE(L12:L18) -> 0.0020099903 | O12: 0.006210038 | P12: =AVERAGE(O12:O18) -> 0.0061443653 | R12: 0.9 | S12: =AVERAGE(R12:R18) -> 0.9 | U12: =23/52*100% -> 0.44230769 | V12: =AVERAGE(U12:U18) -> 0.44230769
D13: =D12+1 -> 46176 | E13: 三 | F13: 432.69164 | I13: =F13/$C$1 -> 0.97805525 | L13: 0.0020117009 | O13: 0.006161842 | R13: 0.9 | U13: =23/52*100% -> 0.44230769
D14: =D13+1 -> 46177 | E14: 四 | F14: 432.96499 | I14: =F14/$C$1 -> 0.97867314 | L14: 0.0020099563 | O14: 0.0061341209 | R14: 0.9 | U14: =23/52*100% -> 0.44230769
D15: =D14+1 -> 46178 | E15: 五 | F15: 431.62381 | I15: =F15/$C$1 -> 0.97564152 | L15: 0.0020057811 | O15: 0.0061231124 | R15: 0.9 | U15: =23/52*100% -> 0.44230769
D16: =D15+1 -> 46179 | E16: 六 | F16: 431.78573 | I16: =F16/$C$1 -> 0.97600752 | L16: 0.0020076393 | O16: 0.0061299679 | R16: 0.9 | U16: =23/52*100% -> 0.44230769
D17: =D16+1 -> 46180 | E17: 日 | F17: 433.85504 | I17: =F17/$C$1 -> 0.980685 | L17: 0.0020117449 | O17: 0.0061439495 | R17: 0.9 | U17: =23/52*100% -> 0.44230769
D18: =D17+1 -> 46181 | E18: 一 | F18: 436.3134 | I18: =F18/$C$1 -> 0.98624187 | L18: 0.0020075407 | O18: 0.0061075268 | R18: 0.9 | U18: =23/52*100% -> 0.44230769
B19: =B12+7 -> 46190 | D19: =D18+1 -> 46182 | E19: 二 | G19: =AVERAGE(F19:F25) -> #DIV/0! | I19: =F19/$C$1 -> 0 | J19: =AVERAGE(I19:I25) -> 0 | M19: =AVERAGE(L19:L25) -> #DIV/0! | P19: =AVERAGE(O19:O25) -> #DIV/0! | S19: =AVERAGE(R19:R25) -> #DIV/0! | V19: =AVERAGE(U19:U25) -> #DIV/0!
D20: =D19+1 -> 46183 | E20: 三 | I20: =F20/$C$1 -> 0
D21: =D20+1 -> 46184 | E21: 四 | I21: =F21/$C$1 -> 0
D22: =D21+1 -> 46185 | E22: 五 | I22: =F22/$C$1 -> 0
D23: =D22+1 -> 46186 | E23: 六 | I23: =F23/$C$1 -> 0
D24: =D23+1 -> 46187 | E24: 日 | I24: =F24/$C$1 -> 0
D25: =D24+1 -> 46188 | E25: 一 | I25: =F25/$C$1 -> 0
B26: =B19+7 -> 46197 | D26: =D25+1 -> 46189 | E26: 二 | G26: =AVERAGE(F26:F32) -> #DIV/0! | I26: =F26/$C$1 -> 0 | J26: =AVERAGE(I26:I32) -> 0 | M26: =AVERAGE(L26:L32) -> #DIV/0! | P26: =AVERAGE(O26:O32) -> #DIV/0! | S26: =AVERAGE(R26:R32) -> #DIV/0! | V26: =AVERAGE(U26:U32) -> #DIV/0!
D27: =D26+1 -> 46190 | E27: 三 | I27: =F27/$C$1 -> 0
D28: =D27+1 -> 46191 | E28: 四 | I28: =F28/$C$1 -> 0
D29: =D28+1 -> 46192 | E29: 五 | I29: =F29/$C$1 -> 0
D30: =D29+1 -> 46193 | E30: 六 | I30: =F30/$C$1 -> 0
D31: =D30+1 -> 46194 | E31: 日 | I31: =F31/$C$1 -> 0
D32: =D31+1 -> 46195 | E32: 一 | I32: =F32/$C$1 -> 0
B33: =B26+7 -> 46204 | D33: =D32+1 -> 46196 | E33: 二 | G33: =AVERAGE(F33:F39) -> #DIV/0! | I33: =F33/$C$1 -> 0 | J33: =AVERAGE(I33:I39) -> 0 | M33: =AVERAGE(L33:L39) -> #DIV/0! | P33: =AVERAGE(O33:O39) -> #DIV/0! | S33: =AVERAGE(R33:R39) -> #DIV/0! | V33: =AVERAGE(U33:U39) -> #DIV/0!
D34: =D33+1 -> 46197 | E34: 三 | I34: =F34/$C$1 -> 0
D35: =D34+1 -> 46198 | E35: 四 | I35: =F35/$C$1 -> 0
D36: =D35+1 -> 46199 | E36: 五 | I36: =F36/$C$1 -> 0
D37: =D36+1 -> 46200 | E37: 六 | I37: =F37/$C$1 -> 0
D38: =D37+1 -> 46201 | E38: 日 | I38: =F38/$C$1 -> 0
D39: =D38+1 -> 46202 | E39: 一 | I39: =F39/$C$1 -> 0
B40: =B33+7 -> 46211 | D40: =D39+1 -> 46203 | E40: 二 | G40: =AVERAGE(F40:F46) -> #DIV/0! | I40: =F40/$C$1 -> 0 | J40: =AVERAGE(I40:I46) -> 0 | M40: =AVERAGE(L40:L46) -> #DIV/0! | P40: =AVERAGE(O40:O46) -> #DIV/0! | S40: =AVERAGE(R40:R46) -> #DIV/0! | V40: =AVERAGE(U40:U46) -> #DIV/0!
D41: =D40+1 -> 46204 | E41: 三 | I41: =F41/$C$1 -> 0
D42: =D41+1 -> 46205 | E42: 四 | I42: =F42/$C$1 -> 0
D43: =D42+1 -> 46206 | E43: 五 | I43: =F43/$C$1 -> 0
D44: =D43+1 -> 46207 | E44: 六 | I44: =F44/$C$1 -> 0
D45: =D44+1 -> 46208 | E45: 日 | I45: =F45/$C$1 -> 0
D46: =D45+1 -> 46209 | E46: 一 | I46: =F46/$C$1 -> 0

Sheet （３）業績構成比
B2: （3）業績構成比
B3: 資料繳交日 | C3: 月份 | D3: 日期 | F3: 營業額 | I3: 品類業績
I4: 18℃-飯糰 | O4: 18℃-壽司手卷 | U4: 4℃-飯糰 | W4: 4℃-壽司手卷 | Y4: 主食 | AE4: 便當 | AG4: 熱食義麵 | AI4: 季節調理麵 | AK4: 微波小吃
F5: 日 | G5: 週累積 | H5: 月累積 | I5: 一配 | K5: 二配 | M5: 合計 | O5: 一配 | Q5: 二配 | S5: 合計 | U5: 一配 | W5: 一配 | Y5: 一配 | AA5: 二配 | AC5: 合計 | AE5: 一配 | AG5: 一配 | AI5: 一配 | AK5: 一配
I6: 業績(元) | J6: 比例(%) | K6: 業績(元) | L6: 比例(%) | M6: 業績(元) | N6: 比例(%) | O6: 業績(元) | P6: 比例(%) | Q6: 業績(元) | R6: 比例(%) | S6: 業績(元) | T6: 比例(%) | U6: 業績(元) | V6: 比例(%) | W6: 業績(元) | X6: 比例(%) | Y6: 業績(元) | Z6: 比例(%) | AA6: 業績(元) | AB6: 比例(%) | AC6: 業績(元) | AD6: 比例(%) | AE6: 業績(元) | AF6: 比例(%) | AG6: 業績(元) | AH6: 比例(%) | AI6: 業績(元) | AJ6: 比例(%) | AK6: 業績(元) | AL6: 比例(%)
B7: =D8+7 -> 46176 | C7: 五 | D7: 46168 | E7: 二 | F7: =SUM(M7,S7,U7,W7,AC7,AE7,AG7,AI7,AK7) -> 6878064.2 | G7: =SUM(F7:F13) -> 45743869 | I7: 1146496.9 | J7: =I7/$F7 -> 0.16668889 | K7: 1202631.8 | L7: =K7/$F7 -> 0.17485033 | M7: =I7+K7 -> 2349128.7 | N7: =M7/$F7 -> 0.34153921 | O7: 253149.29 | P7: =O7/$F7 -> 0.036805311 | Q7: 0 | R7: =Q7/$F7 -> 0 | S7: =O7+Q7 -> 253149.29 | T7: =S7/$F7 -> 0.036805311 | U7: 82986.93 | V7: =U7/$F7 -> 0.012065449 | W7: 512720.57 | X7: =W7/$F7 -> 0.074544313 | Y7: 210730.24 | Z7: =Y7/$F7 -> 0.030638016 | AA7: 606164.46 | AB7: =AA7/$F7 -> 0.088130096 | AC7: =Y7+AA7 -> 816894.7 | AD7: =AC7/$F7 -> 0.11876811 | AE7: 1699147 | AF7: =AE7/F7 -> 0.24703855 | AG7: 0 | AH7: =AG7/$F7 -> 0 | AI7: 1091284.9 | AJ7: =AI7/$F7 -> 0.15866164 | AK7: 72752.1 | AL7: =AK7/$F7 -> 0.010577409
D8: 46169 | E8: 三 | F8: =SUM(M8,S8,U8,W8,AC8,AE8,AG8,AI8,AK8) -> 6712279.9 | I8: 1127682.9 | J8: =I8/$F8 -> 0.16800296 | K8: 1165408 | L8: =K8/$F8 -> 0.17362327 | M8: =I8+K8 -> 2293090.9 | N8: =M8/F8 -> 0.34162623 | O8: 251528.67 | P8: =O8/$F8 -> 0.037472912 | Q8: 0 | R8: =Q8/$F8 -> 0 | S8: =O8+Q8 -> 251528.67 | T8: =S8/F8 -> 0.037472912 | U8: 74745.18 | V8: =U8/F8 -> 0.011135588 | W8: 367760.25 | X8: =W8/$F8 -> 0.054789171 | Y8: 200852.26 | Z8: =Y8/$F8 -> 0.029923106 | AA8: 547025.24 | AB8: =AA8/$F8 -> 0.081496191 | AC8: =Y8+AA8 -> 747877.5 | AD8: =AC8/$F8 -> 0.1114193 | AE8: 1618030.1 | AF8: =AE8/F8 -> 0.24105522 | AG8: 0 | AH8: =AG8/$F8 -> 0 | AI8: 1285726.9 | AJ8: =AI8/$F8 -> 0.19154846 | AK8: 73520.4 | AL8: =AK8/$F8 -> 0.010953119
D9: 46170 | E9: 四 | F9: =SUM(M9,S9,U9,W9,AC9,AE9,AG9,AI9,AK9) -> 6322728.4 | I9: 1089331.6 | J9: =I9/$F9 -> 0.17228822 | K9: 1017738 | L9: =K9/$F9 -> 0.160965 | M9: =I9+K9 -> 2107069.6 | N9: =M9/$F9 -> 0.33325321 | O9: 259420.86 | P9: =O9/$F9 -> 0.041029891 | Q9: 0 | R9: =Q9/$F9 -> 0 | S9: =O9+Q9 -> 259420.86 | T9: =S9/$F9 -> 0.041029891 | U9: 63086.85 | V9: =U9/$F9 -> 0.009977789 | W9: 365622.49 | X9: =W9/$F9 -> 0.057826695 | Y9: 179222.89 | Z9: =Y9/$F9 -> 0.028345815 | AA9: 440019.09 | AB9: =AA9/$F9 -> 0.069593229 | AC9: =Y9+AA9 -> 619241.98 | AD9: =AC9/$F9 -> 0.097939044 | AE9: 1493806.2 | AF9: =AE9/F9 -> 0.23625975 | AG9: 0 | AH9: =AG9/$F9 -> 0 | AI9: 1342082.9 | AJ9: =AI9/$F9 -> 0.21226326 | AK9: 72397.5 | AL9: =AK9/$F9 -> 0.011450357
D10: 46171 | E10: 五 | F10: =SUM(M10,S10,U10,W10,AC10,AE10,AG10,AI10,AK10) -> 5695002.6 | I10: 839625.92 | J10: =I10/$F10 -> 0.14743205 | K10: 948812.1 | L10: =K10/$F10 -> 0.16660433 | M10: =I10+K10 -> 1788438 | N10: =M10/F10 -> 0.31403638 | O10: 203759.43 | P10: =O10/$F10 -> 0.035778637 | Q10: 0 | R10: =Q10/$F10 -> 0 | S10: =O10+Q10 -> 203759.43 | T10: =S10/F10 -> 0.035778637 | U10: 59490.45 | V10: =U10/F10 -> 0.010446079 | W10: 333533.79 | X10: =W10/$F10 -> 0.058566047 | Y10: 161056.49 | Z10: =Y10/$F10 -> 0.028280319 | AA10: 461282.12 | AB10: =AA10/$F10 -> 0.080997701 | AC10: =Y10+AA10 -> 622338.61 | AD10: =AC10/$F10 -> 0.10927802 | AE10: 1199515.7 | AF10: =AE10/F10 -> 0.21062601 | AG10: 0 | AH10: =AG10/$F10 -> 0 | AI10: 1424098.6 | AJ10: =AI10/$F10 -> 0.2500611 | AK10: 63828 | AL10: =AK10/$F10 -> 0.011207721
D11: 46172 | E11: 六 | F11: =SUM(M11,S11,U11,W11,AC11,AE11,AG11,AI11,AK11) -> 5706651.9 | I11: 751160.99 | J11: =I11/$F11 -> 0.13162902 | K11: 1112618.3 | L11: =K11/$F11 -> 0.19496866 | M11: =I11+K11 -> 1863779.2 | N11: =M11/$F11 -> 0.32659768 | O11: 196826.19 | P11: =O11/$F11 -> 0.03449066 | Q11: 0 | R11: =Q11/$F11 -> 0 | S11: =O11+Q11 -> 196826.19 | T11: =S11/$F11 -> 0.03449066 | U11: 66713.22 | V11: =U11/$F11 -> 0.011690431 | W11: 408357.98 | X11: =W11/$F11 -> 0.071558243 | Y11: 183991.57 | Z11: =Y11/$F11 -> 0.032241597 | AA11: 539970.03 | AB11: =AA11/$F11 -> 0.094621162 | AC11: =Y11+AA11 -> 723961.6 | AD11: =AC11/$F11 -> 0.12686276 | AE11: 1264118.4 | AF11: =AE11/F11 -> 0.22151665 | AG11: 0 | AH11: =AG11/$F11 -> 0 | AI11: 1118830.8 | AJ11: =AI11/$F11 -> 0.19605731 | AK11: 64064.4 | AL11: =AK11/$F11 -> 0.011226267
D12: 46173 | E12: 日 | F12: =SUM(M12,S12,U12,W12,AC12,AE12,AG12,AI12,AK12) -> 7473420.7 | I12: 1067325.3 | J12: =I12/$F12 -> 0.14281616 | K12: 1257430.8 | L12: =K12/$F12 -> 0.16825372 | M12: =I12+K12 -> 2324756.1 | N12: =M12/F12 -> 0.31106988 | O12: 270639.44 | P12: =O12/$F12 -> 0.036213596 | Q12: 0 | R12: =Q12/$F12 -> 0 | S12: =O12+Q12 -> 270639.44 | T12: =S12/F12 -> 0.036213596 | U12: 82597.32 | V12: =U12/F12 -> 0.011052144 | W12: 425801.57 | X12: =W12/$F12 -> 0.056975458 | Y12: 218507.73 | Z12: =Y12/$F12 -> 0.029237981 | AA12: 622100.29 | AB12: =AA12/$F12 -> 0.083241706 | AC12: =Y12+AA12 -> 840608.02 | AD12: =AC12/$F12 -> 0.11247969 | AE12: 1950767.6 | AF12: =AE12/F12 -> 0.26102741 | AG12: 0 | AH12: =AG12/$F12 -> 0 | AI12: 1261473.6 | AJ12: =AI12/$F12 -> 0.16879468 | AK12: 316777.02 | AL12: =AK12/$F12 -> 0.042387152
C13: 六 | D13: 46174 | E13: 一 | F13: =SUM(M13,S13,U13,W13,AC13,AE13,AG13,AI13,AK13) -> 6955721.3 | H13: =SUM(F13:F43) -> 53412637 | I13: 1048097 | J13: =I13/$F13 -> 0.15068128 | K13: 1222997.8 | L13: =K13/$F13 -> 0.17582616 | M13: =I13+K13 -> 2271094.7 | N13: =M13/$F13 -> 0.32650744 | O13: 260163.76 | P13: =O13/$F13 -> 0.037402844 | Q13: 0 | R13: =Q13/$F13 -> 0 | S13: =O13+Q13 -> 260163.76 | T13: =S13/$F13 -> 0.037402844 | U13: 81038.88 | V13: =U13/$F13 -> 0.01165068 | W13: 333918.92 | X13: =W13/$F13 -> 0.048006368 | Y13: 226569.07 | Z13: =Y13/$F13 -> 0.032573052 | AA13: 616331.11 | AB13: =AA13/$F13 -> 0.088607792 | AC13: =Y13+AA13 -> 842900.18 | AD13: =AC13/$F13 -> 0.12118084 | AE13: 1751400.3 | AF13: =AE13/F13 -> 0.25179276 | AG13: 0 | AH13: =AG13/$F13 -> 0 | AI13: 1086545.8 | AJ13: =AI13/$F13 -> 0.15620893 | AK13: 328658.78 | AL13: =AK13/$F13 -> 0.047250136
B14: =D15+7 -> 46183 | D14: 46175 | E14: 二 | F14: =SUM(M14,S14,U14,W14,AC14,AE14,AG14,AI14,AK14) -> 7317703 | G14: =SUM(F14:F20) -> 46456915 | I14: 1029605.2 | J14: =I14/$F14 -> 0.1407006 | K14: 1183857.8 | L14: =K14/$F14 -> 0.16177997 | M14: =I14+K14 -> 2213463 | N14: =M14/$F14 -> 0.30248057 | O14: 258730.68 | P14: =O14/$F14 -> 0.035356816 | Q14: 0 | R14: =Q14/$F14 -> 0 | S14: =O14+Q14 -> 258730.68 | T14: =S14/$F14 -> 0.035356816 | U14: 85414.5 | V14: =U14/$F14 -> 0.01167231 | W14: 526935.54 | X14: =W14/$F14 -> 0.072008325 | Y14: 212149.49 | Z14: =Y14/$F14 -> 0.028991268 | AA14: 580222.44 | AB14: =AA14/$F14 -> 0.079290241 | AC14: =Y14+AA14 -> 792371.93 | AD14: =AC14/$F14 -> 0.10828151 | AE14: 1664130.4 | AF14: =AE14/F14 -> 0.22741158 | AG14: 0 | AH14: =AG14/$F14 -> 0 | AI14: 1452930.7 | AJ14: =AI14/$F14 -> 0.19855011 | AK14: 323726.33 | AL14: =AK14/$F14 -> 0.04423879
D15: 46176 | E15: 三 | F15: =SUM(M15,S15,U15,W15,AC15,AE15,AG15,AI15,AK15) -> 6765416.7 | I15: 1010811.7 | J15: =I15/$F15 -> 0.14940863 | K15: 1127213.4 | L15: =K15/$F15 -> 0.16661403 | M15: =I15+K15 -> 2138025 | N15: =M15/F15 -> 0.31602267 | O15: 255813.28 | P15: =O15/$F15 -> 0.037811903 | Q15: 0 | R15: =Q15/$F15 -> 0 | S15: =O15+Q15 -> 255813.28 | T15: =S15/F15 -> 0.037811903 | U15: 72107.82 | V15: =U15/F15 -> 0.010658297 | W15: 448349.06 | X15: =W15/$F15 -> 0.066270724 | Y15: 190747.2 | Z15: =Y15/$F15 -> 0.02819445 | AA15: 533381.17 | AB15: =AA15/$F15 -> 0.078839367 | AC15: =Y15+AA15 -> 724128.37 | AD15: =AC15/$F15 -> 0.10703382 | AE15: 1550012.2 | AF15: =AE15/F15 -> 0.22910816 | AG15: 0 | AH15: =AG15/$F15 -> 0 | AI15: 1274874.8 | AJ15: =AI15/$F15 -> 0.18843995 | AK15: 302106.21 | AL15: =AK15/$F15 -> 0.044654487
D16: 46177 | E16: 四 | F16: =SUM(M16,S16,U16,W16,AC16,AE16,AG16,AI16,AK16) -> 6422003.3 | I16: 984740.83 | J16: =I16/$F16 -> 0.15333857 | K16: 1008778 | L16: =K16/$F16 -> 0.15708151 | M16: =I16+K16 -> 1993518.8 | N16: =M16/$F16 -> 0.31042008 | O16: 249957.04 | P16: =O16/$F16 -> 0.038921973 | Q16: 0 | R16: =Q16/$F16 -> 0 | S16: =O16+Q16 -> 249957.04 | T16: =S16/$F16 -> 0.038921973 | U16: 73816.11 | V16: =U16/$F16 -> 0.01149425 | W16: 467698.89 | X16: =W16/$F16 -> 0.072827569 | Y16: 172126.64 | Z16: =Y16/$F16 -> 0.026802639 | AA16: 430983.48 | AB16: =AA16/$F16 -> 0.067110442 | AC16: =Y16+AA16 -> 603110.12 | AD16: =AC16/$F16 -> 0.093913081 | AE16: 1356292.4 | AF16: =AE16/F16 -> 0.21119459 | AG16: 0 | AH16: =AG16/$F16 -> 0 | AI16: 1386350.6 | AJ16: =AI16/$F16 -> 0.2158751 | AK16: 291259.38 | AL16: =AK16/$F16 -> 0.045353352
D17: 46178 | E17: 五 | F17: =SUM(M17,S17,U17,W17,AC17,AE17,AG17,AI17,AK17) -> 5340875.9 | I17: 738554.92 | J17: =I17/$F17 -> 0.13828348 | K17: 916431.33 | L17: =K17/$F17 -> 0.17158821 | M17: =I17+K17 -> 1654986.2 | N17: =M17/F17 -> 0.30987169 | O17: 198769.24 | P17: =O17/$F17 -> 0.0372166 | Q17: 0 | R17: =Q17/$F17 -> 0 | S17: =O17+Q17 -> 198769.24 | T17: =S17/F17 -> 0.0372166 | U17: 57302.64 | V17: =U17/F17 -> 0.010729072 | W17: 282180.75 | X17: =W17/$F17 -> 0.052834171 | Y17: 146636.91 | Z17: =Y17/$F17 -> 0.027455592 | AA17: 454927.38 | AB17: =AA17/$F17 -> 0.085178422 | AC17: =Y17+AA17 -> 601564.29 | AD17: =AC17/$F17 -> 0.11263401 | AE17: 1017236.4 | AF17: =AE17/F17 -> 0.19046246 | AG17: 0 | AH17: =AG17/$F17 -> 0 | AI17: 1272378.6 | AJ17: =AI17/$F17 -> 0.23823407 | AK17: 256457.77 | AL17: =AK17/$F17 -> 0.048017923
D18: 46179 | E18: 六 | F18: =SUM(M18,S18,U18,W18,AC18,AE18,AG18,AI18,AK18) -> 5830113.3 | I18: 701273.12 | J18: =I18/$F18 -> 0.12028465 | K18: 1075289.3 | L18: =K18/$F18 -> 0.18443712 | M18: =I18+K18 -> 1776562.4 | N18: =M18/$F18 -> 0.30472176 | O18: 189086.32 | P18: =O18/$F18 -> 0.032432701 | Q18: 0 | R18: =Q18/$F18 -> 0 | S18: =O18+Q18 -> 189086.32 | T18: =S18/$F18 -> 0.032432701 | U18: 63686.25 | V18: =U18/$F18 -> 0.010923673 | W18: 339898.14 | X18: =W18/$F18 -> 0.058300434 | Y18: 189895.65 | Z18: =Y18/$F18 -> 0.032571519 | AA18: 571191.63 | AB18: =AA18/$F18 -> 0.097972646 | AC18: =Y18+AA18 -> 761087.28 | AD18: =AC18/$F18 -> 0.13054417 | AE18: 1207978.1 | AF18: =AE18/F18 -> 0.20719633 | AG18: 0 | AH18: =AG18/$F18 -> 0 | AI18: 1203401.2 | AJ18: =AI18/$F18 -> 0.20641129 | AK18: 288413.59 | AL18: =AK18/$F18 -> 0.049469637
D19: 46180 | E19: 日 | F19: =SUM(M19,S19,U19,W19,AC19,AE19,AG19,AI19,AK19) -> 7640961.5 | I19: 1028874.6 | J19: =I19/$F19 -> 0.1346525 | K19: 1231966.4 | L19: =K19/$F19 -> 0.16123186 | M19: =I19+K19 -> 2260841 | N19: =M19/F19 -> 0.29588436 | O19: 262547.42 | P19: =O19/$F19 -> 0.034360521 | Q19: 0 | R19: =Q19/$F19 -> 0 | S19: =O19+Q19 -> 262547.42 | T19: =S19/F19 -> 0.034360521 | U19: 90269.64 | V19: =U19/F19 -> 0.011813911 | W19: 500696.74 | X19: =W19/$F19 -> 0.065527976 | Y19: 227761.24 | Z19: =Y19/$F19 -> 0.029807929 | AA19: 675296.01 | AB19: =AA19/$F19 -> 0.088378407 | AC19: =Y19+AA19 -> 903057.25 | AD19: =AC19/$F19 -> 0.11818634 | AE19: 1948052 | AF19: =AE19/F19 -> 0.25494854 | AG19: 0 | AH19: =AG19/$F19 -> 0 | AI19: 1334115.2 | AJ19: =AI19/$F19 -> 0.17460043 | AK19: 341382.33 | AL19: =AK19/$F19 -> 0.044677928
D20: 46181 | E20: 一 | F20: =SUM(M20,S20,U20,W20,AC20,AE20,AG20,AI20,AK20) -> 7139841.6 | I20: 1020569.8 | J20: =I20/$F20 -> 0.14294012 | K20: 1207056.8 | L20: =K20/$F20 -> 0.16905933 | M20: =I20+K20 -> 2227626.6 | N20: =M20/$F20 -> 0.31199945 | O20: 259338.27 | P20: =O20/$F20 -> 0.036322693 | Q20: 0 | R20: =Q20/$F20 -> 0 | S20: =O20+Q20 -> 259338.27 | T20: =S20/$F20 -> 0.036322693 | U20: 83556.36 | V20: =U20/$F20 -> 0.011702831 | W20: 415516.44 | X20: =W20/$F20 -> 0.058196871 | Y20: 238320.46 | Z20: =Y20/$F20 -> 0.033378956 | AA20: 627188.98 | AB20: =AA20/$F20 -> 0.087843543 | AC20: =Y20+AA20 -> 865509.44 | AD20: =AC20/$F20 -> 0.1212225 | AE20: 1802582.8 | AF20: =AE20/F20 -> 0.25246819 | AG20: 0 | AH20: =AG20/$F20 -> 0 | AI20: 1133987.2 | AJ20: =AI20/$F20 -> 0.15882526 | AK20: 351724.41 | AL20: =AK20/$F20 -> 0.049262215

Sheet （４）訂單數量構成比
B2: （4）訂單數量構成比
B3: 資料繳交日 | C3: 月份 | D3: 日期 | F3: 訂單量 | I3: 品類訂單量
I4: 18℃-飯糰 | O4: 18℃-壽司手卷 | U4: 4℃-飯糰 | W4: 4℃-壽司手卷 | Y4: 主食 | AE4: 便當 | AG4: 熱食義麵 | AI4: 季節調理麵 | AK4: 微波小吃
F5: 日 | G5: 週累積 | H5: 月累積 | I5: 一配 | K5: 二配 | M5: 合計 | O5: 一配 | Q5: 二配 | S5: 合計 | U5: 一配 | W5: 一配 | Y5: 一配 | AA5: 二配 | AC5: 合計 | AE5: 一配 | AG5: 一配 | AI5: 一配 | AK5: 一配
I6: 訂單數 | J6: 比例(%) | K6: 訂單數 | L6: 比例(%) | M6: 訂單數 | N6: 比例(%) | O6: 訂單數 | P6: 比例(%) | Q6: 訂單數 | R6: 比例(%) | S6: 訂單數 | T6: 比例(%) | U6: 訂單數 | V6: 比例(%) | W6: 訂單數 | X6: 比例(%) | Y6: 訂單數 | Z6: 比例(%) | AA6: 訂單數 | AB6: 比例(%) | AC6: 訂單數 | AD6: 比例(%) | AE6: 訂單數 | AF6: 比例(%) | AG6: 訂單數 | AH6: 比例(%) | AI6: 訂單數 | AJ6: 比例(%) | AK6: 訂單數 | AL6: 比例(%)
B7: =D8+7 -> 46176 | D7: 46168 | E7: 二 | F7: =SUM(M7,S7,U7,W7,AC7,AE7,AG7,AI7,AK7) -> 228475 | G7: =SUM(F7:F13) -> 1514908 | I7: 57344 | J7: =I7/$F7 -> 0.25098588 | K7: 64932 | L7: =K7/$F7 -> 0.2841974 | M7: =I7+K7 -> 122276 | N7: =M7/$F7 -> 0.53518328 | O7: 8767 | P7: =O7/$F7 -> 0.038371813 | Q7: 0 | R7: =Q7/$F7 -> 0 | S7: =O7+Q7 -> 8767 | T7: =S7/$F7 -> 0.038371813 | U7: 2769 | V7: =U7/$F7 -> 0.012119488 | W7: 18761 | X7: =W7/$F7 -> 0.082114017 | Y7: 3712 | Z7: =Y7/$F7 -> 0.016246854 | AA7: 11414 | AB7: =AA7/$F7 -> 0.049957326 | AC7: =Y7+AA7 -> 15126 | AD7: =AC7/$F7 -> 0.06620418 | AE7: 27471 | AF7: =AE7/$F7 -> 0.12023635 | AG7: 0 | AH7: =AG7/$F7 -> 0 | AI7: 29612 | AJ7: =AI7/$F7 -> 0.12960718 | AK7: 3693 | AL7: =AK7/$F7 -> 0.016163694
D8: =D7+1 -> 46169 | E8: 三 | F8: =SUM(M8,S8,U8,W8,AC8,AE8,AG8,AI8,AK8) -> 223731 | I8: 56388 | J8: =I8/$F8 -> 0.25203481 | K8: 62812 | L8: =K8/$F8 -> 0.28074786 | M8: =I8+K8 -> 119200 | N8: =M8/$F8 -> 0.53278267 | O8: 8707 | P8: =O8/$F8 -> 0.038917271 | Q8: 0 | R8: =Q8/$F8 -> 0 | S8: =O8+Q8 -> 8707 | T8: =S8/$F8 -> 0.038917271 | U8: 2494 | V8: =U8/$F8 -> 0.011147315 | W8: 15103 | X8: =W8/$F8 -> 0.067505174 | Y8: 3538 | Z8: =Y8/$F8 -> 0.015813633 | AA8: 10312 | AB8: =AA8/$F8 -> 0.046091065 | AC8: =Y8+AA8 -> 13850 | AD8: =AC8/$F8 -> 0.061904698 | AE8: 25741 | AF8: =AE8/$F8 -> 0.11505335 | AG8: 0 | AH8: =AG8/$F8 -> 0 | AI8: 34904 | AJ8: =AI8/$F8 -> 0.15600878 | AK8: 3732 | AL8: =AK8/$F8 -> 0.016680746
D9: =D8+1 -> 46170 | E9: 四 | F9: =SUM(M9,S9,U9,W9,AC9,AE9,AG9,AI9,AK9) -> 210315 | I9: 54513 | J9: =I9/$F9 -> 0.25919692 | K9: 54796 | L9: =K9/$F9 -> 0.26054252 | M9: =I9+K9 -> 109309 | N9: =M9/$F9 -> 0.51973944 | O9: 8973 | P9: =O9/$F9 -> 0.042664575 | Q9: 0 | R9: =Q9/$F9 -> 0 | S9: =O9+Q9 -> 8973 | T9: =S9/$F9 -> 0.042664575 | U9: 2105 | V9: =U9/$F9 -> 0.010008796 | W9: 14825 | X9: =W9/$F9 -> 0.070489504 | Y9: 3157 | Z9: =Y9/$F9 -> 0.015010817 | AA9: 8261 | AB9: =AA9/$F9 -> 0.039279176 | AC9: =Y9+AA9 -> 11418 | AD9: =AC9/$F9 -> 0.054289994 | AE9: 23807 | AF9: =AE9/$F9 -> 0.11319687 | AG9: 0 | AH9: =AG9/$F9 -> 0 | AI9: 36203 | AJ9: =AI9/$F9 -> 0.17213703 | AK9: 3675 | AL9: =AK9/$F9 -> 0.017473789
D10: =D9+1 -> 46171 | E10: 五 | F10: =SUM(M10,S10,U10,W10,AC10,AE10,AG10,AI10,AK10) -> 188020 | I10: 42032 | J10: =I10/$F10 -> 0.22355069 | K10: 51213 | L10: =K10/$F10 -> 0.2723806 | M10: =I10+K10 -> 93245 | N10: =M10/$F10 -> 0.49593128 | O10: 7060 | P10: =O10/$F10 -> 0.037549197 | Q10: 0 | R10: =Q10/$F10 -> 0 | S10: =O10+Q10 -> 7060 | T10: =S10/$F10 -> 0.037549197 | U10: 1985 | V10: =U10/$F10 -> 0.010557388 | W10: 13193 | X10: =W10/$F10 -> 0.070168067 | Y10: 2837 | Z10: =Y10/$F10 -> 0.01508882 | AA10: 8678 | AB10: =AA10/$F10 -> 0.046154664 | AC10: =Y10+AA10 -> 11515 | AD10: =AC10/$F10 -> 0.061243485 | AE10: 19178 | AF10: =AE10/$F10 -> 0.10199979 | AG10: 0 | AH10: =AG10/$F10 -> 0 | AI10: 38604 | AJ10: =AI10/$F10 -> 0.20531858 | AK10: 3240 | AL10: =AK10/$F10 -> 0.017232209
D11: =D10+1 -> 46172 | E11: 六 | F11: =SUM(M11,S11,U11,W11,AC11,AE11,AG11,AI11,AK11) -> 190453 | I11: 38704 | J11: =I11/$F11 -> 0.20322074 | K11: 60151 | L11: =K11/$F11 -> 0.3158312 | M11: =I11+K11 -> 98855 | N11: =M11/$F11 -> 0.51905194 | O11: 6816 | P11: =O11/$F11 -> 0.035788357 | Q11: 0 | R11: =Q11/$F11 -> 0 | S11: =O11+Q11 -> 6816 | T11: =S11/$F11 -> 0.035788357 | U11: 2226 | V11: =U11/$F11 -> 0.011687923 | W11: 15440 | X11: =W11/$F11 -> 0.08106987 | Y11: 3241 | Z11: =Y11/$F11 -> 0.017017322 | AA11: 10183 | AB11: =AA11/$F11 -> 0.05346726 | AC11: =Y11+AA11 -> 13424 | AD11: =AC11/$F11 -> 0.070484581 | AE11: 20185 | AF11: =AE11/$F11 -> 0.10598415 | AG11: 0 | AH11: =AG11/$F11 -> 0 | AI11: 30255 | AJ11: =AI11/$F11 -> 0.15885809 | AK11: 3252 | AL11: =AK11/$F11 -> 0.017075079
D12: =D11+1 -> 46173 | E12: 日 | F12: =SUM(M12,S12,U12,W12,AC12,AE12,AG12,AI12,AK12) -> 243554 | I12: 55092 | J12: =I12/$F12 -> 0.22620035 | K12: 68199 | L12: =K12/$F12 -> 0.28001593 | M12: =I12+K12 -> 123291 | N12: =M12/$F12 -> 0.50621628 | O12: 9377 | P12: =O12/$F12 -> 0.038500702 | Q12: 0 | R12: =Q12/$F12 -> 0 | S12: =O12+Q12 -> 9377 | T12: =S12/$F12 -> 0.038500702 | U12: 2756 | V12: =U12/$F12 -> 0.011315766 | W12: 16455 | X12: =W12/$F12 -> 0.067562019 | Y12: 3849 | Z12: =Y12/$F12 -> 0.015803477 | AA12: 11732 | AB12: =AA12/$F12 -> 0.048170016 | AC12: =Y12+AA12 -> 15581 | AD12: =AC12/$F12 -> 0.063973493 | AE12: 31112 | AF12: =AE12/$F12 -> 0.12774169 | AG12: 0 | AH12: =AG12/$F12 -> 0 | AI12: 34038 | AJ12: =AI12/$F12 -> 0.13975545 | AK12: 10944 | AL12: =AK12/$F12 -> 0.044934594
C13: 六 | D13: =D12+1 -> 46174 | E13: 一 | F13: =SUM(M13,S13,U13,W13,AC13,AE13,AG13,AI13,AK13) -> 230360 | H13: =SUM(F13:F43) -> 1760864 | I13: 54096 | J13: =I13/$F13 -> 0.23483244 | K13: 66223 | L13: =K13/$F13 -> 0.28747612 | M13: =I13+K13 -> 120319 | N13: =M13/$F13 -> 0.52230856 | O13: 9016 | P13: =O13/$F13 -> 0.039138739 | Q13: 0 | R13: =Q13/$F13 -> 0 | S13: =O13+Q13 -> 9016 | T13: =S13/$F13 -> 0.039138739 | U13: 2704 | V13: =U13/$F13 -> 0.011738149 | W13: 14150 | X13: =W13/$F13 -> 0.061425595 | Y13: 3991 | Z13: =Y13/$F13 -> 0.017325056 | AA13: 11602 | AB13: =AA13/$F13 -> 0.050364647 | AC13: =Y13+AA13 -> 15593 | AD13: =AC13/$F13 -> 0.067689703 | AE13: 27907 | AF13: =AE13/$F13 -> 0.12114516 | AG13: 0 | AH13: =AG13/$F13 -> 0 | AI13: 29294 | AJ13: =AI13/$F13 -> 0.12716617 | AK13: 11377 | AL13: =AK13/$F13 -> 0.049387915
B14: =D15+7 -> 46183 | D14: =D13+1 -> 46175 | E14: 二 | F14: =SUM(M14,S14,U14,W14,AC14,AE14,AG14,AI14,AK14) -> 241153 | G14: =SUM(F14:F20) -> 1530504 | I14: 53173 | J14: =I14/$F14 -> 0.22049487 | K14: 64036 | L14: =K14/$F14 -> 0.26554096 | M14: =I14+K14 -> 117209 | N14: =M14/$F14 -> 0.48603584 | O14: 8964 | P14: =O14/$F14 -> 0.037171422 | Q14: 0 | R14: =Q14/$F14 -> 0 | S14: =O14+Q14 -> 8964 | T14: =S14/$F14 -> 0.037171422 | U14: 2850 | V14: =U14/$F14 -> 0.011818223 | W14: 21332 | X14: =W14/$F14 -> 0.088458365 | Y14: 3737 | Z14: =Y14/$F14 -> 0.015496386 | AA14: 10926 | AB14: =AA14/$F14 -> 0.045307336 | AC14: =Y14+AA14 -> 14663 | AD14: =AC14/$F14 -> 0.060803722 | AE14: 26610 | AF14: =AE14/$F14 -> 0.11034488 | AG14: 0 | AH14: =AG14/$F14 -> 0 | AI14: 38232 | AJ14: =AI14/$F14 -> 0.15853836 | AK14: 11293 | AL14: =AK14/$F14 -> 0.046829191
D15: =D14+1 -> 46176 | E15: 三 | F15: =SUM(M15,S15,U15,W15,AC15,AE15,AG15,AI15,AK15) -> 224497 | I15: 52127 | J15: =I15/$F15 -> 0.23219464 | K15: 60867 | L15: =K15/$F15 -> 0.27112612 | M15: =I15+K15 -> 112994 | N15: =M15/$F15 -> 0.50332076 | O15: 8859 | P15: =O15/$F15 -> 0.039461552 | Q15: 0 | R15: =Q15/$F15 -> 0 | S15: =O15+Q15 -> 8859 | T15: =S15/$F15 -> 0.039461552 | U15: 2406 | V15: =U15/$F15 -> 0.010717292 | W15: 17980 | X15: =W15/$F15 -> 0.080090157 | Y15: 3360 | Z15: =Y15/$F15 -> 0.014966792 | AA15: 10024 | AB15: =AA15/$F15 -> 0.044650931 | AC15: =Y15+AA15 -> 13384 | AD15: =AC15/$F15 -> 0.059617723 | AE15: 24743 | AF15: =AE15/$F15 -> 0.11021528 | AG15: 0 | AH15: =AG15/$F15 -> 0 | AI15: 33531 | AJ15: =AI15/$F15 -> 0.14936057 | AK15: 10600 | AL15: =AK15/$F15 -> 0.047216667
D16: =D15+1 -> 46177 | E16: 四 | F16: =SUM(M16,S16,U16,W16,AC16,AE16,AG16,AI16,AK16) -> 214546 | I16: 50789 | J16: =I16/$F16 -> 0.23672779 | K16: 54552 | L16: =K16/$F16 -> 0.25426715 | M16: =I16+K16 -> 105341 | N16: =M16/$F16 -> 0.49099494 | O16: 8651 | P16: =O16/$F16 -> 0.040322355 | Q16: 0 | R16: =Q16/$F16 -> 0 | S16: =O16+Q16 -> 8651 | T16: =S16/$F16 -> 0.040322355 | U16: 2463 | V16: =U16/$F16 -> 0.011480056 | W16: 18363 | X16: =W16/$F16 -> 0.085590037 | Y16: 3032 | Z16: =Y16/$F16 -> 0.014132167 | AA16: 8088 | AB16: =AA16/$F16 -> 0.037698209 | AC16: =Y16+AA16 -> 11120 | AD16: =AC16/$F16 -> 0.051830377 | AE16: 21609 | AF16: =AE16/$F16 -> 0.10071966 | AG16: 0 | AH16: =AG16/$F16 -> 0 | AI16: 36680 | AJ16: =AI16/$F16 -> 0.17096567 | AK16: 10319 | AL16: =AK16/$F16 -> 0.048096912
D17: =D16+1 -> 46178 | E17: 五 | F17: =SUM(M17,S17,U17,W17,AC17,AE17,AG17,AI17,AK17) -> 177694 | I17: 38009 | J17: =I17/$F17 -> 0.21390143 | K17: 49507 | L17: =K17/$F17 -> 0.27860817 | M17: =I17+K17 -> 87516 | N17: =M17/$F17 -> 0.4925096 | O17: 6889 | P17: =O17/$F17 -> 0.038768895 | Q17: 0 | R17: =Q17/$F17 -> 0 | S17: =O17+Q17 -> 6889 | T17: =S17/$F17 -> 0.038768895 | U17: 1912 | V17: =U17/$F17 -> 0.010760071 | W17: 11359 | X17: =W17/$F17 -> 0.063924499 | Y17: 2583 | Z17: =Y17/$F17 -> 0.014536225 | AA17: 8542 | AB17: =AA17/$F17 -> 0.048071404 | AC17: =Y17+AA17 -> 11125 | AD17: =AC17/$F17 -> 0.062607629 | AE17: 16127 | AF17: =AE17/$F17 -> 0.090757144 | AG17: 0 | AH17: =AG17/$F17 -> 0 | AI17: 33709 | AJ17: =AI17/$F17 -> 0.18970252 | AK17: 9057 | AL17: =AK17/$F17 -> 0.050969644
D18: =D17+1 -> 46179 | E18: 六 | F18: =SUM(M18,S18,U18,W18,AC18,AE18,AG18,AI18,AK18) -> 192072 | I18: 36167 | J18: =I18/$F18 -> 0.18829918 | K18: 58205 | L18: =K18/$F18 -> 0.3030374 | M18: =I18+K18 -> 94372 | N18: =M18/$F18 -> 0.49133658 | O18: 6553 | P18: =O18/$F18 -> 0.034117414 | Q18: 0 | R18: =Q18/$F18 -> 0 | S18: =O18+Q18 -> 6553 | T18: =S18/$F18 -> 0.034117414 | U18: 2125 | V18: =U18/$F18 -> 0.011063559 | W18: 13584 | X18: =W18/$F18 -> 0.070723479 | Y18: 3345 | Z18: =Y18/$F18 -> 0.017415344 | AA18: 10760 | AB18: =AA18/$F18 -> 0.056020659 | AC18: =Y18+AA18 -> 14105 | AD18: =AC18/$F18 -> 0.073436003 | AE18: 19251 | AF18: =AE18/$F18 -> 0.10022804 | AG18: 0 | AH18: =AG18/$F18 -> 0 | AI18: 31960 | AJ18: =AI18/$F18 -> 0.16639593 | AK18: 10122 | AL18: =AK18/$F18 -> 0.052698988
D19: =D18+1 -> 46180 | E19: 日 | F19: =SUM(M19,S19,U19,W19,AC19,AE19,AG19,AI19,AK19) -> 246810 | I19: 53285 | J19: =I19/$F19 -> 0.21589482 | K19: 66768 | L19: =K19/$F19 -> 0.27052388 | M19: =I19+K19 -> 120053 | N19: =M19/$F19 -> 0.4864187 | O19: 9093 | P19: =O19/$F19 -> 0.036842105 | Q19: 0 | R19: =Q19/$F19 -> 0 | S19: =O19+Q19 -> 9093 | T19: =S19/$F19 -> 0.036842105 | U19: 3012 | V19: =U19/$F19 -> 0.012203719 | W19: 19628 | X19: =W19/$F19 -> 0.079526761 | Y19: 4012 | Z19: =Y19/$F19 -> 0.016255419 | AA19: 12716 | AB19: =AA19/$F19 -> 0.051521413 | AC19: =Y19+AA19 -> 16728 | AD19: =AC19/$F19 -> 0.067776832 | AE19: 31076 | AF19: =AE19/$F19 -> 0.12591062 | AG19: 0 | AH19: =AG19/$F19 -> 0 | AI19: 35421 | AJ19: =AI19/$F19 -> 0.14351525 | AK19: 11799 | AL19: =AK19/$F19 -> 0.047806005
D20: =D19+1 -> 46181 | E20: 一 | F20: =SUM(M20,S20,U20,W20,AC20,AE20,AG20,AI20,AK20) -> 233732 | I20: 52794 | J20: =I20/$F20 -> 0.22587408 | K20: 65391 | L20: =K20/$F20 -> 0.27976914 | M20: =I20+K20 -> 118185 | N20: =M20/$F20 -> 0.50564322 | O20: 8981 | P20: =O20/$F20 -> 0.038424349 | Q20: 0 | R20: =Q20/$F20 -> 0 | S20: =O20+Q20 -> 8981 | T20: =S20/$F20 -> 0.038424349 | U20: 2788 | V20: =U20/$F20 -> 0.011928191 | W20: 16624 | X20: =W20/$F20 -> 0.071124194 | Y20: 4198 | Z20: =Y20/$F20 -> 0.017960741 | AA20: 11791 | AB20: =AA20/$F20 -> 0.050446665 | AC20: =Y20+AA20 -> 15989 | AD20: =AC20/$F20 -> 0.068407407 | AE20: 28768 | AF20: =AE20/$F20 -> 0.12308114 | AG20: 0 | AH20: =AG20/$F20 -> 0 | AI20: 30275 | AJ20: =AI20/$F20 -> 0.12952869 | AK20: 12122 | AL20: =AK20/$F20 -> 0.051862817

Sheet （５-1）品群別人時生產性(18℃-飯糰)
B1: 6月平均人時性 | C1: =AVERAGE(L47) -> 791.32419
B2: 產線配置圖－每週更新(0526-0601) | N2: 資料繳交 | O2: 日期 | P2: 46168 | U2: 46169 | Z2: 46170 | AE2: 46171 | AJ2: 46172 | AO2: 46173 | AT2: 46174
P3: 46168 | U3: 46169 | Z3: 46170 | AE3: 46171 | AJ3: 46172 | AO3: 46173 | AT3: 46174
B4: 品群 | C4: 商品名稱 | E4: 計畫 | H4: 平均人時性 | I4: 實績 (週平均) | L4: 平均人時性 | M4: 排名 | O4: 日報 | P4: 實際 | T4: 平均人時性 | U4: 實際 | Y4: 平均人時性 | Z4: 實際 | AD4: 平均人時性 | AE4: 實際 | AI4: 平均人時性 | AJ4: 實際 | AN4: 平均人時性 | AO4: 實際 | AS4: 平均人時性 | AT4: 實際 | AX4: 平均人時性
E5: 產線配置圖 | I5: 產線配置圖 | P5: 生產實績 | U5: 生產實績 | Z5: 生產實績 | AE5: 生產實績 | AJ5: 生產實績 | AO5: 生產實績 | AT5: 生產實績
E6: 人數 | F6: 產能／時 | G6: 人時性 | I6: 人數 | J6: 產能／時 | K6: 人時性 | P6: 人數 | Q6: 產能／時 | R6: 人時性 | S6: 排名 | U6: 人數 | V6: 產能／時 | W6: 人時性 | X6: 排名 | Z6: 人數 | AA6: 產能／時 | AB6: 人時性 | AC6: 排名 | AE6: 人數 | AF6: 產能／時 | AG6: 人時性 | AH6: 排名 | AJ6: 人數 | AK6: 產能／時 | AL6: 人時性 | AM6: 排名 | AO6: 人數 | AP6: 產能／時 | AQ6: 人時性 | AR6: 排名 | AT6: 人數 | AU6: 產能／時 | AV6: 人時性 | AW6: 排名
B7: 18℃-飯糰 | C7: 1 | D7: 一配鹽蔥燒肉飯糰 | E7: 4 | F7: 3600 | G7: =F7/E7 -> 900 | H7: =AVERAGE(G7:G41) -> 882.55656 | I7: =AVERAGE(P7,U7,Z7,AE7,AJ7,AO7,AT7) -> 4 | J7: =AVERAGE(Q7,V7,AA7,AF7,AK7,AP7,AU7) -> 3185.8101 | K7: =AVERAGE(R7,W7,AB7,AG7,AL7,AQ7,AV7) -> 796.45252 | L7: =IFERROR(AVERAGE(K7:K41),"-") -> 786.32217 | M7: =RANK(K7, K$7:$K$41) -> 19 | P7: 4 | Q7: 3186.4787 | R7: =IFERROR(Q7/P7,"") -> 796.61967 | S7: =RANK(R7, R$7:R$41) -> 17 | T7: =AVERAGE(R7:R41) -> 786.09927 | U7: 4 | V7: 3185.3987 | W7: =IFERROR(V7/U7,"") -> 796.34967 | X7: =RANK(W7, W$7:W$41) -> 18 | Y7: =AVERAGE(W7:W41) -> 786.19113 | Z7: 4 | AA7: 3185.7587 | AB7: =IFERROR(AA7/Z7,"") -> 796.43967 | AC7: =RANK(AB7, AB$7:AB$41) -> 19 | AD7: =AVERAGE(AB7:AB41) -> 786.25655 | AE7: 4 | AF7: 3184.6787 | AG7: =IFERROR(AF7/AE7,"") -> 796.16967 | AH7: =RANK(AG7, AG$7:AG$41) -> 19 | AI7: =AVERAGE(AG7:AG41) -> 786.31662 | AJ7: 4 | AK7: 3185.3987 | AL7: =IFERROR(AK7/AJ7,"") -> 796.34967 | AM7: =RANK(AL7, AL$7:AL$41) -> 19 | AN7: =AVERAGE(AL7:AL41) -> 790.952 | AO7: 4 | AP7: 3186.4787 | AQ7: =IFERROR(AP7/AO7,"") -> 796.61967 | AR7: =RANK(AQ7, AQ$7:AQ$41) -> 19 | AS7: =AVERAGE(AQ7:AQ41) -> 791.01215 | AT7: 4 | AU7: 3186.4787 | AV7: =IFERROR(AU7/AT7,"") -> 796.61967 | AW7: =RANK(AV7, AV$7:AV$41) -> 19 | AX7: =AVERAGE(AV7:AV41) -> 791.04099
C8: 2 | D8: 一配鮪魚飯糰 | E8: 3 | F8: 3600 | G8: =F8/E8 -> 1200 | I8: =AVERAGE(P8,U8,Z8,AE8,AJ8,AO8,AT8) -> 3 | J8: =AVERAGE(Q8,V8,AA8,AF8,AK8,AP8,AU8) -> 3185.3527 | K8: =AVERAGE(R8,W8,AB8,AG8,AL8,AQ8,AV8) -> 1061.7842 | M8: =RANK(K8, K$7:$K$41) -> 7 | P8: 3 | Q8: 3185.0441 | R8: =IFERROR(Q8/P8,"") -> 1061.6814 | S8: =RANK(R8, R$7:R$41) -> 7 | U8: 3 | V8: 3183.6041 | W8: =IFERROR(V8/U8,"") -> 1061.2014 | X8: =RANK(W8, W$7:W$41) -> 7 | Z8: 3 | AA8: 3185.4041 | AB8: =IFERROR(AA8/Z8,"") -> 1061.8014 | AC8: =RANK(AB8, AB$7:AB$41) -> 7 | AE8: 3 | AF8: 3186.8441 | AG8: =IFERROR(AF8/AE8,"") -> 1062.2814 | AH8: =RANK(AG8, AG$7:AG$41) -> 7 | AJ8: 3 | AK8: 3186.1241 | AL8: =IFERROR(AK8/AJ8,"") -> 1062.0414 | AM8: =RANK(AL8, AL$7:AL$41) -> 7 | AO8: 3 | AP8: 3186.1241 | AQ8: =IFERROR(AP8/AO8,"") -> 1062.0414 | AR8: =RANK(AQ8, AQ$7:AQ$41) -> 7 | AT8: 3 | AU8: 3184.3241 | AV8: =IFERROR(AU8/AT8,"") -> 1061.4414 | AW8: =RANK(AV8, AV$7:AV$41) -> 7
C9: 3 | D9: 一配雞肉飯飯糰 | E9: 5 | F9: 3600 | G9: =F9/E9 -> 720 | I9: =AVERAGE(P9,U9,Z9,AE9,AJ9,AO9,AT9) -> 5 | J9: =AVERAGE(Q9,V9,AA9,AF9,AK9,AP9,AU9) -> 3192.3073 | K9: =AVERAGE(R9,W9,AB9,AG9,AL9,AQ9,AV9) -> 638.46145 | M9: =RANK(K9, K$7:$K$41) -> 22 | P9: 5 | Q9: 3191.1758 | R9: =IFERROR(Q9/P9,"") -> 638.23517 | S9: =RANK(R9, R$7:R$41) -> 22 | U9: 5 | V9: 3190.8158 | W9: =IFERROR(V9/U9,"") -> 638.16317 | X9: =RANK(W9, W$7:W$41) -> 23 | Z9: 5 | AA9: 3191.8958 | AB9: =IFERROR(AA9/Z9,"") -> 638.37917 | AC9: =RANK(AB9, AB$7:AB$41) -> 22 | AE9: 5 | AF9: 3191.5358 | AG9: =IFERROR(AF9/AE9,"") -> 638.30717 | AH9: =RANK(AG9, AG$7:AG$41) -> 22 | AJ9: 5 | AK9: 3192.9758 | AL9: =IFERROR(AK9/AJ9,"") -> 638.59517 | AM9: =RANK(AL9, AL$7:AL$41) -> 22 | AO9: 5 | AP9: 3193.6958 | AQ9: =IFERROR(AP9/AO9,"") -> 638.73917 | AR9: =RANK(AQ9, AQ$7:AQ$41) -> 22 | AT9: 5 | AU9: 3194.0558 | AV9: =IFERROR(AU9/AT9,"") -> 638.81117 | AW9: =RANK(AV9, AV$7:AV$41) -> 22
C10: 4 | D10: 一配壹號醬炙烤牛飯糰 | E10: 5 | F10: 3300 | G10: =F10/E10 -> 660 | I10: =AVERAGE(P10,U10,Z10,AE10,AJ10,AO10,AT10) -> 5 | J10: =AVERAGE(Q10,V10,AA10,AF10,AK10,AP10,AU10) -> 2979.1422 | K10: =AVERAGE(R10,W10,AB10,AG10,AL10,AQ10,AV10) -> 595.82845 | M10: =RANK(K10, K$7:$K$41) -> 29 | P10: 5 | Q10: 2979.7551 | R10: =IFERROR(Q10/P10,"") -> 595.95102 | S10: =RANK(R10, R$7:R$41) -> 29 | U10: 5 | V10: 2978.7651 | W10: =IFERROR(V10/U10,"") -> 595.75302 | X10: =RANK(W10, W$7:W$41) -> 29 | Z10: 5 | AA10: 2978.7651 | AB10: =IFERROR(AA10/Z10,"") -> 595.75302 | AC10: =RANK(AB10, AB$7:AB$41) -> 29 | AE10: 5 | AF10: 2979.0951 | AG10: =IFERROR(AF10/AE10,"") -> 595.81902 | AH10: =RANK(AG10, AG$7:AG$41) -> 29 | AJ10: 5 | AK10: 2978.7651 | AL10: =IFERROR(AK10/AJ10,"") -> 595.75302 | AM10: =RANK(AL10, AL$7:AL$41) -> 28 | AO10: 5 | AP10: 2979.7551 | AQ10: =IFERROR(AP10/AO10,"") -> 595.95102 | AR10: =RANK(AQ10, AQ$7:AQ$41) -> 28 | AT10: 5 | AU10: 2979.0951 | AV10: =IFERROR(AU10/AT10,"") -> 595.81902 | AW10: =RANK(AV10, AV$7:AV$41) -> 28
C11: 5 | D11: 一配明太子龍蝦風味沙拉飯糰 | E11: 3 | F11: 3600 | G11: =F11/E11 -> 1200 | I11: =AVERAGE(P11,U11,Z11,AE11,AJ11,AO11,AT11) -> 3 | J11: =AVERAGE(Q11,V11,AA11,AF11,AK11,AP11,AU11) -> 3189.2726 | K11: =AVERAGE(R11,W11,AB11,AG11,AL11,AQ11,AV11) -> 1063.0909 | M11: =RANK(K11, K$7:$K$41) -> 6 | P11: 3 | Q11: 3190.1983 | R11: =IFERROR(Q11/P11,"") -> 1063.3994 | S11: =RANK(R11, R$7:R$41) -> 4 | U11: 3 | V11: 3188.3983 | W11: =IFERROR(V11/U11,"") -> 1062.7994 | X11: =RANK(W11, W$7:W$41) -> 5 | Z11: 3 | AA11: 3188.0383 | AB11: =IFERROR(AA11/Z11,"") -> 1062.6794 | AC11: =RANK(AB11, AB$7:AB$41) -> 6 | AE11: 3 | AF11: 3189.8383 | AG11: =IFERROR(AF11/AE11,"") -> 1063.2794 | AH11: =RANK(AG11, AG$7:AG$41) -> 5 | AJ11: 3 | AK11: 3189.1183 | AL11: =IFERROR(AK11/AJ11,"") -> 1063.0394 | AM11: =RANK(AL11, AL$7:AL$41) -> 6 | AO11: 3 | AP11: 3189.1183 | AQ11: =IFERROR(AP11/AO11,"") -> 1063.0394 | AR11: =RANK(AQ11, AQ$7:AQ$41) -> 6 | AT11: 3 | AU11: 3190.1983 | AV11: =IFERROR(AU11/AT11,"") -> 1063.3994 | AW11: =RANK(AV11, AV$7:AV$41) -> 6
C12: 6 | D12: 一配贅沢鮭魚肚飯糰 | E12: 4 | F12: 3600 | G12: =F12/E12 -> 900 | I12: =AVERAGE(P12,U12,Z12,AE12,AJ12,AO12,AT12) -> 4 | J12: =AVERAGE(Q12,V12,AA12,AF12,AK12,AP12,AU12) -> 3188.3657 | K12: =AVERAGE(R12,W12,AB12,AG12,AL12,AQ12,AV12) -> 797.09143 | M12: =RANK(K12, K$7:$K$41) -> 17 | P12: 4 | Q12: 3186 | R12: =IFERROR(Q12/P12,"") -> 796.5 | S12: =RANK(R12, R$7:R$41) -> 18 | U12: 4 | V12: 3186.36 | W12: =IFERROR(V12/U12,"") -> 796.59 | X12: =RANK(W12, W$7:W$41) -> 17 | Z12: 4 | AA12: 3187.44 | AB12: =IFERROR(AA12/Z12,"") -> 796.86 | AC12: =RANK(AB12, AB$7:AB$41) -> 17 | AE12: 4 | AF12: 3188.16 | AG12: =IFERROR(AF12/AE12,"") -> 797.04 | AH12: =RANK(AG12, AG$7:AG$41) -> 17 | AJ12: 4 | AK12: 3189.24 | AL12: =IFERROR(AK12/AJ12,"") -> 797.31 | AM12: =RANK(AL12, AL$7:AL$41) -> 17 | AO12: 4 | AP12: 3189.96 | AQ12: =IFERROR(AP12/AO12,"") -> 797.49 | AR12: =RANK(AQ12, AQ$7:AQ$41) -> 18 | AT12: 4 | AU12: 3191.4 | AV12: =IFERROR(AU12/AT12,"") -> 797.85 | AW12: =RANK(AV12, AV$7:AV$41) -> 17
C13: 7 | D13: 一配蔬食鮪魚飯糰 | E13: 3 | F13: 3600 | G13: =F13/E13 -> 1200 | I13: =AVERAGE(P13,U13,Z13,AE13,AJ13,AO13,AT13) -> 3 | J13: =AVERAGE(Q13,V13,AA13,AF13,AK13,AP13,AU13) -> 3192.5916 | K13: =AVERAGE(R13,W13,AB13,AG13,AL13,AQ13,AV13) -> 1064.1972 | M13: =RANK(K13, K$7:$K$41) -> 3 | P13: 3 | Q13: 3191.6659 | R13: =IFERROR(Q13/P13,"") -> 1063.8886 | S13: =RANK(R13, R$7:R$41) -> 3 | U13: 3 | V13: 3192.7459 | W13: =IFERROR(V13/U13,"") -> 1064.2486 | X13: =RANK(W13, W$7:W$41) -> 3 | Z13: 3 | AA13: 3193.1059 | AB13: =IFERROR(AA13/Z13,"") -> 1064.3686 | AC13: =RANK(AB13, AB$7:AB$41) -> 3 | AE13: 3 | AF13: 3192.0259 | AG13: =IFERROR(AF13/AE13,"") -> 1064.0086 | AH13: =RANK(AG13, AG$7:AG$41) -> 3 | AJ13: 3 | AK13: 3192.0259 | AL13: =IFERROR(AK13/AJ13,"") -> 1064.0086 | AM13: =RANK(AL13, AL$7:AL$41) -> 3 | AO13: 3 | AP13: 3193.1059 | AQ13: =IFERROR(AP13/AO13,"") -> 1064.3686 | AR13: =RANK(AQ13, AQ$7:AQ$41) -> 3 | AT13: 3 | AU13: 3193.4659 | AV13: =IFERROR(AU13/AT13,"") -> 1064.4886 | AW13: =RANK(AV13, AV$7:AV$41) -> 3
C14: 8 | D14: 一配熟成紅鮭飯糰 | E14: 5 | F14: 3600 | G14: =F14/E14 -> 720 | I14: =AVERAGE(P14,U14,Z14,AE14,AJ14,AO14,AT14) -> 5 | J14: =AVERAGE(Q14,V14,AA14,AF14,AK14,AP14,AU14) -> 3184.902 | K14: =AVERAGE(R14,W14,AB14,AG14,AL14,AQ14,AV14) -> 636.9804 | M14: =RANK(K14, K$7:$K$41) -> 25 | P14: 5 | Q14: 3184.182 | R14: =IFERROR(Q14/P14,"") -> 636.8364 | S14: =RANK(R14, R$7:R$41) -> 28 | U14: 5 | V14: 3184.182 | W14: =IFERROR(V14/U14,"") -> 636.8364 | X14: =RANK(W14, W$7:W$41) -> 26 | Z14: 5 | AA14: 3184.182 | AB14: =IFERROR(AA14/Z14,"") -> 636.8364 | AC14: =RANK(AB14, AB$7:AB$41) -> 26 | AE14: 5 | AF14: 3184.182 | AG14: =IFERROR(AF14/AE14,"") -> 636.8364 | AH14: =RANK(AG14, AG$7:AG$41) -> 26 | AJ14: 5 | AK14: 3185.262 | AL14: =IFERROR(AK14/AJ14,"") -> 637.0524 | AM14: =RANK(AL14, AL$7:AL$41) -> 25 | AO14: 5 | AP14: 3185.622 | AQ14: =IFERROR(AP14/AO14,"") -> 637.1244 | AR14: =RANK(AQ14, AQ$7:AQ$41) -> 26 | AT14: 5 | AU14: 3186.702 | AV14: =IFERROR(AU14/AT14,"") -> 637.3404 | AW14: =RANK(AV14, AV$7:AV$41) -> 26
C15: 9 | D15: 一配北海道秋鮭親子飯糰 | E15: 5 | F15: 3600 | G15: =F15/E15 -> 720 | I15: =AVERAGE(P15,U15,Z15,AE15,AJ15,AO15,AT15) -> 5 | J15: =AVERAGE(Q15,V15,AA15,AF15,AK15,AP15,AU15) -> 3184.6862 | K15: =AVERAGE(R15,W15,AB15,AG15,AL15,AQ15,AV15) -> 636.93724 | M15: =RANK(K15, K$7:$K$41) -> 26 | P15: 5 | Q15: 3184.2233 | R15: =IFERROR(Q15/P15,"") -> 636.84467 | S15: =RANK(R15, R$7:R$41) -> 27 | U15: 5 | V15: 3182.7833 | W15: =IFERROR(V15/U15,"") -> 636.55667 | X15: =RANK(W15, W$7:W$41) -> 28 | Z15: 5 | AA15: 3183.5033 | AB15: =IFERROR(AA15/Z15,"") -> 636.70067 | AC15: =RANK(AB15, AB$7:AB$41) -> 27 | AE15: 5 | AF15: 3184.9433 | AG15: =IFERROR(AF15/AE15,"") -> 636.98867 | AH15: =RANK(AG15, AG$7:AG$41) -> 25 | AJ15: 5 | AK15: 3184.9433 | AL15: =IFERROR(AK15/AJ15,"") -> 636.98867 | AM15: =RANK(AL15, AL$7:AL$41) -> 26 | AO15: 5 | AP15: 3185.6633 | AQ15: =IFERROR(AP15/AO15,"") -> 637.13267 | AR15: =RANK(AQ15, AQ$7:AQ$41) -> 25 | AT15: 5 | AU15: 3186.7433 | AV15: =IFERROR(AU15/AT15,"") -> 637.34867 | AW15: =RANK(AV15, AV$7:AV$41) -> 25
C16: 10 | D16: 一配經典肉鬆飯糰 | E16: 3 | F16: 3000 | G16: =F16/E16 -> 1000 | I16: =AVERAGE(P16,U16,Z16,AE16,AJ16,AO16,AT16) -> 3 | J16: =AVERAGE(Q16,V16,AA16,AF16,AK16,AP16,AU16) -> 2714.21 | K16: =AVERAGE(R16,W16,AB16,AG16,AL16,AQ16,AV16) -> 904.73668 | M16: =RANK(K16, K$7:$K$41) -> 13 | P16: 3 | Q16: 2713.31 | R16: =IFERROR(Q16/P16,"") -> 904.43668 | S16: =RANK(R16, R$7:R$41) -> 13 | U16: 3 | V16: 2714.21 | W16: =IFERROR(V16/U16,"") -> 904.73668 | X16: =RANK(W16, W$7:W$41) -> 14 | Z16: 3 | AA16: 2715.41 | AB16: =IFERROR(AA16/Z16,"") -> 905.13668 | AC16: =RANK(AB16, AB$7:AB$41) -> 13 | AE16: 3 | AF16: 2714.51 | AG16: =IFERROR(AF16/AE16,"") -> 904.83668 | AH16: =RANK(AG16, AG$7:AG$41) -> 13 | AJ16: 3 | AK16: 2714.51 | AL16: =IFERROR(AK16/AJ16,"") -> 904.83668 | AM16: =RANK(AL16, AL$7:AL$41) -> 13 | AO16: 3 | AP16: 2714.51 | AQ16: =IFERROR(AP16/AO16,"") -> 904.83668 | AR16: =RANK(AQ16, AQ$7:AQ$41) -> 13 | AT16: 3 | AU16: 2713.01 | AV16: =IFERROR(AU16/AT16,"") -> 904.33668 | AW16: =RANK(AV16, AV$7:AV$41) -> 14
C17: 11 | D17: 一配兩粒飯糰(鮪魚.焦糖鮭魚) | E17: 12 | F17: 3600 | G17: =F17/E17 -> 300 | I17: =AVERAGE(P17,U17,Z17,AE17,AJ17,AO17,AT17) -> 12 | J17: =AVERAGE(Q17,V17,AA17,AF17,AK17,AP17,AU17) -> 3114.7349 | K17: =AVERAGE(R17,W17,AB17,AG17,AL17,AQ17,AV17) -> 259.56124 | M17: =RANK(K17, K$7:$K$41) -> 32 | P17: 12 | Q17: 3116.1235 | R17: =IFERROR(Q17/P17,"") -> 259.67696 | S17: =RANK(R17, R$7:R$41) -> 32 | U17: 12 | V17: 3114.6835 | W17: =IFERROR(V17/U17,"") -> 259.55696 | X17: =RANK(W17, W$7:W$41) -> 32 | Z17: 12 | AA17: 3113.9635 | AB17: =IFERROR(AA17/Z17,"") -> 259.49696 | AC17: =RANK(AB17, AB$7:AB$41) -> 32 | AE17: 12 | AF17: 3113.9635 | AG17: =IFERROR(AF17/AE17,"") -> 259.49696 | AH17: =RANK(AG17, AG$7:AG$41) -> 33 | AJ17: 12 | AK17: 3115.0435 | AL17: =IFERROR(AK17/AJ17,"") -> 259.58696 | AM17: =RANK(AL17, AL$7:AL$41) -> 31 | AO17: 12 | AP17: 3114.6835 | AQ17: =IFERROR(AP17/AO17,"") -> 259.55696 | AR17: =RANK(AQ17, AQ$7:AQ$41) -> 31 | AT17: 12 | AU17: 3114.6835 | AV17: =IFERROR(AU17/AT17,"") -> 259.55696 | AW17: =RANK(AV17, AV$7:AV$41) -> 31
C18: 12 | D18: 一配鮭魚奶油醬油飯糰 | E18: 3 | F18: 3300 | G18: =F18/E18 -> 1100 | I18: =AVERAGE(P18,U18,Z18,AE18,AJ18,AO18,AT18) -> 3 | J18: =AVERAGE(Q18,V18,AA18,AF18,AK18,AP18,AU18) -> 2986.566 | K18: =AVERAGE(R18,W18,AB18,AG18,AL18,AQ18,AV18) -> 995.522 | M18: =RANK(K18, K$7:$K$41) -> 11 | P18: 3 | Q18: 2982.3763 | R18: =IFERROR(Q18/P18,"") -> 994.12542 | S18: =RANK(R18, R$7:R$41) -> 11 | U18: 3 | V18: 2985.9443 | W18: =IFERROR(V18/U18,"") -> 995.31476 | X18: =RANK(W18, W$7:W$41) -> 11 | Z18: 3 | AA18: 2987.2643 | AB18: =IFERROR(AA18/Z18,"") -> 995.75476 | AC18: =RANK(AB18, AB$7:AB$41) -> 10 | AE18: 3 | AF18: 2987.5943 | AG18: =IFERROR(AF18/AE18,"") -> 995.86476 | AH18: =RANK(AG18, AG$7:AG$41) -> 10 | AJ18: 3 | AK18: 2988.5843 | AL18: =IFERROR(AK18/AJ18,"") -> 996.19476 | AM18: =RANK(AL18, AL$7:AL$41) -> 11 | AO18: 3 | AP18: 2987.5943 | AQ18: =IFERROR(AP18/AO18,"") -> 995.86476 | AR18: =RANK(AQ18, AQ$7:AQ$41) -> 11 | AT18: 3 | AU18: 2986.6043 | AV18: =IFERROR(AU18/AT18,"") -> 995.53476 | AW18: =RANK(AV18, AV$7:AV$41) -> 11
C19: 13 | D19: 一配鹽蔥生鮭飯糰 | E19: 5 | F19: 3600 | G19: =F19/E19 -> 720 | I19: =AVERAGE(P19,U19,Z19,AE19,AJ19,AO19,AT19) -> 5 | J19: =AVERAGE(Q19,V19,AA19,AF19,AK19,AP19,AU19) -> 3183.5761 | K19: =AVERAGE(R19,W19,AB19,AG19,AL19,AQ19,AV19) -> 636.71521 | M19: =RANK(K19, K$7:$K$41) -> 28 | P19: 5 | Q19: 3185.0161 | R19: =IFERROR(Q19/P19,"") -> 637.00321 | S19: =RANK(R19, R$7:R$41) -> 25 | U19: 5 | V19: 3183.5761 | W19: =IFERROR(V19/U19,"") -> 636.71521 | X19: =RANK(W19, W$7:W$41) -> 27 | Z19: 5 | AA19: 3182.1361 | AB19: =IFERROR(AA19/Z19,"") -> 636.42721 | AC19: =RANK(AB19, AB$7:AB$41) -> 28 | AE19: 5 | AF19: 3183.5761 | AG19: =IFERROR(AF19/AE19,"") -> 636.71521 | AH19: =RANK(AG19, AG$7:AG$41) -> 28
C20: 14 | D20: 一配山葵章魚飯糰 | E20: 3 | F20: 3600 | G20: =F20/E20 -> 1200 | I20: =AVERAGE(P20,U20,Z20,AE20,AJ20,AO20,AT20) -> 3 | J20: =AVERAGE(Q20,V20,AA20,AF20,AK20,AP20,AU20) -> 3183.311 | K20: =AVERAGE(R20,W20,AB20,AG20,AL20,AQ20,AV20) -> 1061.1037 | M20: =RANK(K20, K$7:$K$41) -> 8 | P20: 3 | Q20: 3182.6424 | R20: =IFERROR(Q20/P20,"") -> 1060.8808 | S20: =RANK(R20, R$7:R$41) -> 8 | U20: 3 | V20: 3182.6424 | W20: =IFERROR(V20/U20,"") -> 1060.8808 | X20: =RANK(W20, W$7:W$41) -> 8 | Z20: 3 | AA20: 3181.2024 | AB20: =IFERROR(AA20/Z20,"") -> 1060.4008 | AC20: =RANK(AB20, AB$7:AB$41) -> 8 | AE20: 3 | AF20: 3183.0024 | AG20: =IFERROR(AF20/AE20,"") -> 1061.0008 | AH20: =RANK(AG20, AG$7:AG$41) -> 8 | AJ20: 3 | AK20: 3184.4424 | AL20: =IFERROR(AK20/AJ20,"") -> 1061.4808 | AM20: =RANK(AL20, AL$7:AL$41) -> 8 | AO20: 3 | AP20: 3185.1624 | AQ20: =IFERROR(AP20/AO20,"") -> 1061.7208 | AR20: =RANK(AQ20, AQ$7:AQ$41) -> 8 | AT20: 3 | AU20: 3184.0824 | AV20: =IFERROR(AU20/AT20,"") -> 1061.3608 | AW20: =RANK(AV20, AV$7:AV$41) -> 8
C21: 15 | D21: 一配柚檸海灣貝飯糰 | E21: 5 | F21: 3600 | G21: =F21/E21 -> 720 | I21: =AVERAGE(P21,U21,Z21,AE21,AJ21,AO21,AT21) -> 5 | J21: =AVERAGE(Q21,V21,AA21,AF21,AK21,AP21,AU21) -> 3184.1704 | K21: =AVERAGE(R21,W21,AB21,AG21,AL21,AQ21,AV21) -> 636.83409 | M21: =RANK(K21, K$7:$K$41) -> 27 | P21: 5 | Q21: 3184.3247 | R21: =IFERROR(Q21/P21,"") -> 636.86494 | S21: =RANK(R21, R$7:R$41) -> 26 | U21: 5 | V21: 3185.7647 | W21: =IFERROR(V21/U21,"") -> 637.15294 | X21: =RANK(W21, W$7:W$41) -> 25 | Z21: 5 | AA21: 3184.3247 | AB21: =IFERROR(AA21/Z21,"") -> 636.86494 | AC21: =RANK(AB21, AB$7:AB$41) -> 25 | AE21: 5 | AF21: 3183.9647 | AG21: =IFERROR(AF21/AE21,"") -> 636.79294 | AH21: =RANK(AG21, AG$7:AG$41) -> 27 | AJ21: 5 | AK21: 3182.8847 | AL21: =IFERROR(AK21/AJ21,"") -> 636.57694 | AM21: =RANK(AL21, AL$7:AL$41) -> 27 | AO21: 5 | AP21: 3184.3247 | AQ21: =IFERROR(AP21/AO21,"") -> 636.86494 | AR21: =RANK(AQ21, AQ$7:AQ$41) -> 27 | AT21: 5 | AU21: 3183.6047 | AV21: =IFERROR(AU21/AT21,"") -> 636.72094 | AW21: =RANK(AV21, AV$7:AV$41) -> 27
C22: 16 | D22: 一配椒鹽檸檬鯖魚飯糰 | E22: 3 | F22: 3600 | G22: =F22/E22 -> 1200 | I22: =AVERAGE(P22,U22,Z22,AE22,AJ22,AO22,AT22) -> 3 | J22: =AVERAGE(Q22,V22,AA22,AF22,AK22,AP22,AU22) -> 3190.1523 | K22: =AVERAGE(R22,W22,AB22,AG22,AL22,AQ22,AV22) -> 1063.3841 | M22: =RANK(K22, K$7:$K$41) -> 5 | P22: 3 | Q22: 3189.278 | R22: =IFERROR(Q22/P22,"") -> 1063.0927 | S22: =RANK(R22, R$7:R$41) -> 5 | U22: 3 | V22: 3190.358 | W22: =IFERROR(V22/U22,"") -> 1063.4527 | X22: =RANK(W22, W$7:W$41) -> 4 | Z22: 3 | AA22: 3189.638 | AB22: =IFERROR(AA22/Z22,"") -> 1063.2127 | AC22: =RANK(AB22, AB$7:AB$41) -> 4 | AE22: 3 | AF22: 3189.278 | AG22: =IFERROR(AF22/AE22,"") -> 1063.0927 | AH22: =RANK(AG22, AG$7:AG$41) -> 6 | AJ22: 3 | AK22: 3190.358 | AL22: =IFERROR(AK22/AJ22,"") -> 1063.4527 | AM22: =RANK(AL22, AL$7:AL$41) -> 5 | AO22: 3 | AP22: 3190.358 | AQ22: =IFERROR(AP22/AO22,"") -> 1063.4527 | AR22: =RANK(AQ22, AQ$7:AQ$41) -> 5 | AT22: 3 | AU22: 3191.798 | AV22: =IFERROR(AU22/AT22,"") -> 1063.9327 | AW22: =RANK(AV22, AV$7:AV$41) -> 5
C23: 17 | D23: 一配黑胡椒洋蔥豬飯糰 | E23: 3 | F23: 3300 | G23: =F23/E23 -> 1100 | I23: =AVERAGE(P23,U23,Z23,AE23,AJ23,AO23,AT23) -> 3 | J23: =AVERAGE(Q23,V23,AA23,AF23,AK23,AP23,AU23) -> 2977.7045 | K23: =AVERAGE(R23,W23,AB23,AG23,AL23,AQ23,AV23) -> 992.56818 | M23: =RANK(K23, K$7:$K$41) -> 12 | P23: 3 | Q23: 2977.8931 | R23: =IFERROR(Q23/P23,"") -> 992.63104 | S23: =RANK(R23, R$7:R$41) -> 12 | U23: 3 | V23: 2978.8831 | W23: =IFERROR(V23/U23,"") -> 992.96104 | X23: =RANK(W23, W$7:W$41) -> 12 | Z23: 3 | AA23: 2978.2231 | AB23: =IFERROR(AA23/Z23,"") -> 992.74104 | AC23: =RANK(AB23, AB$7:AB$41) -> 12 | AE23: 3 | AF23: 2978.5531 | AG23: =IFERROR(AF23/AE23,"") -> 992.85104 | AH23: =RANK(AG23, AG$7:AG$41) -> 12 | AJ23: 3 | AK23: 2977.2331 | AL23: =IFERROR(AK23/AJ23,"") -> 992.41104 | AM23: =RANK(AL23, AL$7:AL$41) -> 12 | AO23: 3 | AP23: 2976.2431 | AQ23: =IFERROR(AP23/AO23,"") -> 992.08104 | AR23: =RANK(AQ23, AQ$7:AQ$41) -> 12 | AT23: 3 | AU23: 2976.9031 | AV23: =IFERROR(AU23/AT23,"") -> 992.30104 | AW23: =RANK(AV23, AV$7:AV$41) -> 12
C24: 18 | D24: 二配雞肉飯飯糰 | E24: 5 | F24: 3600 | G24: =F24/E24 -> 720 | I24: =AVERAGE(P24,U24,Z24,AE24,AJ24,AO24,AT24) -> 5 | J24: =AVERAGE(Q24,V24,AA24,AF24,AK24,AP24,AU24) -> 3188.7765 | K24: =AVERAGE(R24,W24,AB24,AG24,AL24,AQ24,AV24) -> 637.75529 | M24: =RANK(K24, K$7:$K$41) -> 24 | P24: 5 | Q24: 3188.4679 | R24: =IFERROR(Q24/P24,"") -> 637.69358 | S24: =RANK(R24, R$7:R$41) -> 24 | U24: 5 | V24: 3187.0279 | W24: =IFERROR(V24/U24,"") -> 637.40558 | X24: =RANK(W24, W$7:W$41) -> 24 | Z24: 5 | AA24: 3188.4679 | AB24: =IFERROR(AA24/Z24,"") -> 637.69358 | AC24: =RANK(AB24, AB$7:AB$41) -> 24 | AE24: 5 | AF24: 3187.7479 | AG24: =IFERROR(AF24/AE24,"") -> 637.54958 | AH24: =RANK(AG24, AG$7:AG$41) -> 24 | AJ24: 5 | AK24: 3188.8279 | AL24: =IFERROR(AK24/AJ24,"") -> 637.76558 | AM24: =RANK(AL24, AL$7:AL$41) -> 24 | AO24: 5 | AP24: 3190.2679 | AQ24: =IFERROR(AP24/AO24,"") -> 638.05358 | AR24: =RANK(AQ24, AQ$7:AQ$41) -> 23 | AT24: 5 | AU24: 3190.6279 | AV24: =IFERROR(AU24/AT24,"") -> 638.12558 | AW24: =RANK(AV24, AV$7:AV$41) -> 23
C25: 19 | D25: 二配鮪魚飯糰 | E25: 3 | F25: 3600 | G25: =F25/E25 -> 1200 | I25: =AVERAGE(P25,U25,Z25,AE25,AJ25,AO25,AT25) -> 3 | J25: =AVERAGE(Q25,V25,AA25,AF25,AK25,AP25,AU25) -> 3180.7532 | K25: =AVERAGE(R25,W25,AB25,AG25,AL25,AQ25,AV25) -> 1060.2511 | M25: =RANK(K25, K$7:$K$41) -> 9 | P25: 3 | Q25: 3180.4445 | R25: =IFERROR(Q25/P25,"") -> 1060.1482 | S25: =RANK(R25, R$7:R$41) -> 9 | U25: 3 | V25: 3180.8045 | W25: =IFERROR(V25/U25,"") -> 1060.2682 | X25: =RANK(W25, W$7:W$41) -> 9 | Z25: 3 | AA25: 3179.3645 | AB25: =IFERROR(AA25/Z25,"") -> 1059.7882 | AC25: =RANK(AB25, AB$7:AB$41) -> 9 | AE25: 3 | AF25: 3179.7245 | AG25: =IFERROR(AF25/AE25,"") -> 1059.9082 | AH25: =RANK(AG25, AG$7:AG$41) -> 9 | AJ25: 3 | AK25: 3181.1654 | AL25: =IFERROR(AK25/AJ25,"") -> 1060.3885 | AM25: =RANK(AL25, AL$7:AL$41) -> 9 | AO25: 3 | AP25: 3181.1645 | AQ25: =IFERROR(AP25/AO25,"") -> 1060.3882 | AR25: =RANK(AQ25, AQ$7:AQ$41) -> 9 | AT25: 3 | AU25: 3182.6045 | AV25: =IFERROR(AU25/AT25,"") -> 1060.8682 | AW25: =RANK(AV25, AV$7:AV$41) -> 9
C26: 20 | D26: 二配鹽蔥燒肉飯糰 | E26: 4 | F26: 3600 | G26: =F26/E26 -> 900 | I26: =AVERAGE(P26,U26,Z26,AE26,AJ26,AO26,AT26) -> 4 | J26: =AVERAGE(Q26,V26,AA26,AF26,AK26,AP26,AU26) -> 3187.442 | K26: =AVERAGE(R26,W26,AB26,AG26,AL26,AQ26,AV26) -> 796.86049 | M26: =RANK(K26, K$7:$K$41) -> 18 | P26: 4 | Q26: 3183.6877 | R26: =IFERROR(Q26/P26,"") -> 795.92192 | S26: =RANK(R26, R$7:R$41) -> 19 | U26: 4 | V26: 3185.1277 | W26: =IFERROR(V26/U26,"") -> 796.28192 | X26: =RANK(W26, W$7:W$41) -> 19 | Z26: 4 | AA26: 3186.5677 | AB26: =IFERROR(AA26/Z26,"") -> 796.64192 | AC26: =RANK(AB26, AB$7:AB$41) -> 18 | AE26: 4 | AF26: 3187.6477 | AG26: =IFERROR(AF26/AE26,"") -> 796.91192 | AH26: =RANK(AG26, AG$7:AG$41) -> 18 | AJ26: 4 | AK26: 3189.0877 | AL26: =IFERROR(AK26/AJ26,"") -> 797.27192 | AM26: =RANK(AL26, AL$7:AL$41) -> 18 | AO26: 4 | AP26: 3190.1677 | AQ26: =IFERROR(AP26/AO26,"") -> 797.54192 | AR26: =RANK(AQ26, AQ$7:AQ$41) -> 17 | AT26: 4 | AU26: 3189.8077 | AV26: =IFERROR(AU26/AT26,"") -> 797.45192 | AW26: =RANK(AV26, AV$7:AV$41) -> 18
C27: 21 | D27: 二配壹號醬炙烤牛飯糰 | E27: 5 | F27: 3300 | G27: =F27/E27 -> 660 | I27: =AVERAGE(P27,U27,Z27,AE27,AJ27,AO27,AT27) -> 5 | J27: =AVERAGE(Q27,V27,AA27,AF27,AK27,AP27,AU27) -> 2976.8738 | K27: =AVERAGE(R27,W27,AB27,AG27,AL27,AQ27,AV27) -> 595.37476 | M27: =RANK(K27, K$7:$K$41) -> 30 | P27: 5 | Q27: 2976.3248 | R27: =IFERROR(Q27/P27,"") -> 595.26495 | S27: =RANK(R27, R$7:R$41) -> 30 | U27: 5 | V27: 2976.9848 | W27: =IFERROR(V27/U27,"") -> 595.39695 | X27: =RANK(W27, W$7:W$41) -> 30 | Z27: 5 | AA27: 2977.6448 | AB27: =IFERROR(AA27/Z27,"") -> 595.52895 | AC27: =RANK(AB27, AB$7:AB$41) -> 30 | AE27: 5 | AF27: 2975.9948 | AG27: =IFERROR(AF27/AE27,"") -> 595.19895 | AH27: =RANK(AG27, AG$7:AG$41) -> 30 | AJ27: 5 | AK27: 2975.0048 | AL27: =IFERROR(AK27/AJ27,"") -> 595.00095 | AM27: =RANK(AL27, AL$7:AL$41) -> 29 | AO27: 5 | AP27: 2978.8362 | AQ27: =IFERROR(AP27/AO27,"") -> 595.76725 | AR27: =RANK(AQ27, AQ$7:AQ$41) -> 29 | AT27: 5 | AU27: 2977.3266 | AV27: =IFERROR(AU27/AT27,"") -> 595.46532 | AW27: =RANK(AV27, AV$7:AV$41) -> 29
C28: 22 | D28: 二配明太子龍蝦風味沙拉飯糰 | E28: 3 | F28: 3600 | G28: =F28/E28 -> 1200 | I28: =AVERAGE(P28,U28,Z28,AE28,AJ28,AO28,AT28) -> 3 | J28: =AVERAGE(Q28,V28,AA28,AF28,AK28,AP28,AU28) -> 3190.5805 | K28: =AVERAGE(R28,W28,AB28,AG28,AL28,AQ28,AV28) -> 1063.5268 | M28: =RANK(K28, K$7:$K$41) -> 4 | P28: 3 | Q28: 3189.2434 | R28: =IFERROR(Q28/P28,"") -> 1063.0811 | S28: =RANK(R28, R$7:R$41) -> 6 | U28: 3 | V28: 3188.1634 | W28: =IFERROR(V28/U28,"") -> 1062.7211 | X28: =RANK(W28, W$7:W$41) -> 6 | Z28: 3 | AA28: 3189.6034 | AB28: =IFERROR(AA28/Z28,"") -> 1063.2011 | AC28: =RANK(AB28, AB$7:AB$41) -> 5 | AE28: 3 | AF28: 3190.6834 | AG28: =IFERROR(AF28/AE28,"") -> 1063.5611 | AH28: =RANK(AG28, AG$7:AG$41) -> 4 | AJ28: 3 | AK28: 3191.4034 | AL28: =IFERROR(AK28/AJ28,"") -> 1063.8011 | AM28: =RANK(AL28, AL$7:AL$41) -> 4 | AO28: 3 | AP28: 3192.1234 | AQ28: =IFERROR(AP28/AO28,"") -> 1064.0411 | AR28: =RANK(AQ28, AQ$7:AQ$41) -> 4 | AT28: 3 | AU28: 3192.8434 | AV28: =IFERROR(AU28/AT28,"") -> 1064.2811 | AW28: =RANK(AV28, AV$7:AV$41) -> 4
C29: 23 | D29: 二配贅沢鮭魚肚飯糰 | E29: 4 | F29: 3600 | G29: =F29/E29 -> 900 | I29: =AVERAGE(P29,U29,Z29,AE29,AJ29,AO29,AT29) -> 4 | J29: =AVERAGE(Q29,V29,AA29,AF29,AK29,AP29,AU29) -> 3194.2286 | K29: =AVERAGE(R29,W29,AB29,AG29,AL29,AQ29,AV29) -> 798.55714 | M29: =RANK(K29, K$7:$K$41) -> 16 | P29: 4 | Q29: 3193.92 | R29: =IFERROR(Q29/P29,"") -> 798.48 | S29: =RANK(R29, R$7:R$41) -> 16 | U29: 4 | V29: 3193.56 | W29: =IFERROR(V29/U29,"") -> 798.39 | X29: =RANK(W29, W$7:W$41) -> 16 | Z29: 4 | AA29: 3194.64 | AB29: =IFERROR(AA29/Z29,"") -> 798.66 | AC29: =RANK(AB29, AB$7:AB$41) -> 16 | AE29: 4 | AF29: 3195 | AG29: =IFERROR(AF29/AE29,"") -> 798.75 | AH29: =RANK(AG29, AG$7:AG$41) -> 16 | AJ29: 4 | AK29: 3194.64 | AL29: =IFERROR(AK29/AJ29,"") -> 798.66 | AM29: =RANK(AL29, AL$7:AL$41) -> 16 | AO29: 4 | AP29: 3194.28 | AQ29: =IFERROR(AP29/AO29,"") -> 798.57 | AR29: =RANK(AQ29, AQ$7:AQ$41) -> 16 | AT29: 4 | AU29: 3193.56 | AV29: =IFERROR(AU29/AT29,"") -> 798.39 | AW29: =RANK(AV29, AV$7:AV$41) -> 16
C30: 24 | D30: 二配蔬食鮪魚飯糰 | E30: 3 | F30: 3600 | G30: =F30/E30 -> 1200 | I30: =AVERAGE(P30,U30,Z30,AE30,AJ30,AO30,AT30) -> 3 | J30: =AVERAGE(Q30,V30,AA30,AF30,AK30,AP30,AU30) -> 3193.7446 | K30: =AVERAGE(R30,W30,AB30,AG30,AL30,AQ30,AV30) -> 1064.5815 | M30: =RANK(K30, K$7:$K$41) -> 2 | P30: 3 | Q30: 3192.7161 | R30: =IFERROR(Q30/P30,"") -> 1064.2387 | S30: =RANK(R30, R$7:R$41) -> 2 | U30: 3 | V30: 3193.7961 | W30: =IFERROR(V30/U30,"") -> 1064.5987 | X30: =RANK(W30, W$7:W$41) -> 2 | Z30: 3 | AA30: 3193.4361 | AB30: =IFERROR(AA30/Z30,"") -> 1064.4787 | AC30: =RANK(AB30, AB$7:AB$41) -> 2 | AE30: 3 | AF30: 3193.7961 | AG30: =IFERROR(AF30/AE30,"") -> 1064.5987 | AH30: =RANK(AG30, AG$7:AG$41) -> 2 | AJ30: 3 | AK30: 3194.1561 | AL30: =IFERROR(AK30/AJ30,"") -> 1064.7187 | AM30: =RANK(AL30, AL$7:AL$41) -> 2 | AO30: 3 | AP30: 3193.4361 | AQ30: =IFERROR(AP30/AO30,"") -> 1064.4787 | AR30: =RANK(AQ30, AQ$7:AQ$41) -> 2 | AT30: 3 | AU30: 3194.8761 | AV30: =IFERROR(AU30/AT30,"") -> 1064.9587 | AW30: =RANK(AV30, AV$7:AV$41) -> 2
C31: 25 | D31: 二配熟成紅鮭飯糰 | E31: 5 | F31: 3600 | G31: =F31/E31 -> 720 | I31: =AVERAGE(P31,U31,Z31,AE31,AJ31,AO31,AT31) -> 5 | J31: =AVERAGE(Q31,V31,AA31,AF31,AK31,AP31,AU31) -> 3195.8975 | K31: =AVERAGE(R31,W31,AB31,AG31,AL31,AQ31,AV31) -> 639.1795 | M31: =RANK(K31, K$7:$K$41) -> 21 | P31: 5 | Q31: 3193.7375 | R31: =IFERROR(Q31/P31,"") -> 638.7475 | S31: =RANK(R31, R$7:R$41) -> 21 | U31: 5 | V31: 3193.7375 | W31: =IFERROR(V31/U31,"") -> 638.7475 | X31: =RANK(W31, W$7:W$41) -> 21 | Z31: 5 | AA31: 3195.1775 | AB31: =IFERROR(AA31/Z31,"") -> 639.0355 | AC31: =RANK(AB31, AB$7:AB$41) -> 21 | AE31: 5 | AF31: 3196.9775 | AG31: =IFERROR(AF31/AE31,"") -> 639.3955 | AH31: =RANK(AG31, AG$7:AG$41) -> 21 | AJ31: 5 | AK31: 3196.6175 | AL31: =IFERROR(AK31/AJ31,"") -> 639.3235 | AM31: =RANK(AL31, AL$7:AL$41) -> 21 | AO31: 5 | AP31: 3197.6975 | AQ31: =IFERROR(AP31/AO31,"") -> 639.5395 | AR31: =RANK(AQ31, AQ$7:AQ$41) -> 21 | AT31: 5 | AU31: 3197.3375 | AV31: =IFERROR(AU31/AT31,"") -> 639.4675 | AW31: =RANK(AV31, AV$7:AV$41) -> 21
... C40: 34 | D40: 二配兩粒飯糰(鮪魚.焦糖鮭魚) | E40: 12 | F40: 3600 | G40: =F40/E40 -> 300 | I40: =AVERAGE(P40,U40,Z40,AE40,AJ40,AO40,AT40) -> 12 | J40: =AVERAGE(Q40,V40,AA40,AF40,AK40,AP40,AU40) -> 3114.3858 | K40: =AVERAGE(R40,W40,AB40,AG40,AL40,AQ40,AV40) -> 259.53215 | M40: =RANK(K40, K$7:$K$41) -> 33 | P40: 12 | Q40: 3115.7229 | R40: =IFERROR(Q40/P40,"") -> 259.64358 | S40: =RANK(R40, R$7:R$41) -> 33 | U40: 12 | V40: 3114.2829 | W40: =IFERROR(V40/U40,"") -> 259.52358 | X40: =RANK(W40, W$7:W$41) -> 33 | Z40: 12 | AA40: 3113.9229 | AB40: =IFERROR(AA40/Z40,"") -> 259.49358 | AC40: =RANK(AB40, AB$7:AB$41) -> 33 | AE40: 12 | AF40: 3114.6429 | AG40: =IFERROR(AF40/AE40,"") -> 259.55358 | AH40: =RANK(AG40, AG$7:AG$41) -> 32 | AJ40: 12 | AK40: 3115.0029 | AL40: =IFERROR(AK40/AJ40,"") -> 259.58358 | AM40: =RANK(AL40, AL$7:AL$41) -> 32 | AO40: 12 | AP40: 3114.2829 | AQ40: =IFERROR(AP40/AO40,"") -> 259.52358 | AR40: =RANK(AQ40, AQ$7:AQ$41) -> 32 | AT40: 12 | AU40: 3112.8429 | AV40: =IFERROR(AU40/AT40,"") -> 259.40358 | AW40: =RANK(AV40, AV$7:AV$41) -> 32
C41: 35
B42: 產線配置圖－每週更新(0602-0608) | N42: 資料繳交 | O42: 日期 | P42: 46175 | U42: 46176 | Z42: 46177 | AE42: 46178 | AJ42: 46179 | AO42: 46180 | AT42: 46181
P43: 46175 | U43: 46176 | Z43: 46177 | AE43: 46178 | AJ43: 46179 | AO43: 46180 | AT43: 46181
B44: 品群 | C44: 商品名稱 | E44: 計畫 | H44: 平均人時性 | I44: 實績 (週平均) | L44: 平均人時性 | M44: 排名 | O44: 日報 | P44: 實際 | T44: 平均人時性 | U44: 實際 | Y44: 平均人時性 | Z44: 實際 | AD44: 平均人時性 | AE44: 實際 | AI44: 平均人時性 | AJ44: 實際 | AN44: 平均人時性 | AO44: 實際 | AS44: 平均人時性 | AT44: 實際 | AX44: 平均人時性
E45: 產線配置圖 | I45: 產線配置圖 | P45: 生產實績 | U45: 生產實績 | Z45: 生產實績 | AE45: 生產實績 | AJ45: 生產實績 | AO45: 生產實績 | AT45: 生產實績
E46: 人數 | F46: 產能／時 | G46: 人時性 | I46: 人數 | J46: 產能／時 | K46: 人時性 | P46: 人數 | Q46: 產能／時 | R46: 人時性 | S46: 排名 | U46: 人數 | V46: 產能／時 | W46: 人時性 | X46: 排名 | Z46: 人數 | AA46: 產能／時 | AB46: 人時性 | AC46: 排名 | AE46: 人數 | AF46: 產能／時 | AG46: 人時性 | AH46: 排名 | AJ46: 人數 | AK46: 產能／時 | AL46: 人時性 | AM46: 排名 | AO46: 人數 | AP46: 產能／時 | AQ46: 人時性 | AR46: 排名 | AT46: 人數 | AU46: 產能／時 | AV46: 人時性 | AW46: 排名
B47: 18℃-飯糰 | C47: 1 | D47: 一配鹽蔥燒肉飯糰 | E47: 4 | F47: 3600 | G47: =F47/E47 -> 900 | H47: =AVERAGE(G47:G81) -> 887.48252 | I47: =AVERAGE(P47,U47,Z47,AE47,AJ47,AO47,AT47) -> 4 | J47: =AVERAGE(Q47,V47,AA47,AF47,AK47,AP47,AU47) -> 3188.9472 | K47: =AVERAGE(R47,W47,AB47,AG47,AL47,AQ47,AV47) -> 797.23681 | L47: =IFERROR(AVERAGE(K47:K81),"-") -> 791.32419 | M47: =RANK(K47, K$47:$K$81) -> 19 | P47: 4 | Q47: 3187.5587 | R47: =IFERROR(Q47/P47,"") -> 796.88967 | S47: =RANK(R47, R$47:R$81) -> 19 | T47: =AVERAGE(R47:R81) -> 791.16702 | U47: 4 | V47: 3188.6387 | W47: =IFERROR(V47/U47,"") -> 797.15967 | X47: =RANK(W47, W$47:W$81) -> 19 | Y47: =AVERAGE(W47:W81) -> 791.32485 | Z47: 4 | AA47: 3190.4387 | AB47: =IFERROR(AA47/Z47,"") -> 797.60967 | AC47: =RANK(AB47, AB$47:AB$81) -> 19 | AD47: =AVERAGE(AB47:AB81) -> 791.32067 | AE47: 4 | AF47: 3189.3587 | AG47: =IFERROR(AF47/AE47,"") -> 797.33967 | AH47: =RANK(AG47, AG$47:AG$81) -> 19 | AI47: =AVERAGE(AG47:AG81) -> 791.30482 | AJ47: 4 | AK47: 3187.9187 | AL47: =IFERROR(AK47/AJ47,"") -> 796.97967 | AM47: =RANK(AL47, AL$47:AL$81) -> 19 | AN47: =AVERAGE(AL47:AL81) -> 791.31934 | AO47: 4 | AP47: 3189.3587 | AQ47: =IFERROR(AP47/AO47,"") -> 797.33967 | AR47: =RANK(AQ47, AQ$47:AQ$81) -> 18 | AS47: =AVERAGE(AQ47:AQ81) -> 791.38401 | AT47: 4 | AU47: 3189.3587 | AV47: =IFERROR(AU47/AT47,"") -> 797.33967 | AW47: =RANK(AV47, AV$47:AV$81) -> 18 | AX47: =AVERAGE(AV47:AV81) -> 791.44862
C48: 2 | D48: 一配鮪魚飯糰 | E48: 3 | F48: 3600 | G48: =F48/E48 -> 1200 | I48: =AVERAGE(P48,U48,Z48,AE48,AJ48,AO48,AT48) -> 3 | J48: =AVERAGE(Q48,V48,AA48,AF48,AK48,AP48,AU48) -> 3186.5869 | K48: =AVERAGE(R48,W48,AB48,AG48,AL48,AQ48,AV48) -> 1062.1956 | M48: =RANK(K48, K$47:$K$81) -> 8 | P48: 3 | Q48: 3185.4041 | R48: =IFERROR(Q48/P48,"") -> 1061.8014 | S48: =RANK(R48, R$47:R$81) -> 7 | U48: 3 | V48: 3186.4841 | W48: =IFERROR(V48/U48,"") -> 1062.1614 | X48: =RANK(W48, W$47:W$81) -> 8 | Z48: 3 | AA48: 3185.0441 | AB48: =IFERROR(AA48/Z48,"") -> 1061.6814 | AC48: =RANK(AB48, AB$47:AB$81) -> 8 | AE48: 3 | AF48: 3186.1241 | AG48: =IFERROR(AF48/AE48,"") -> 1062.0414 | AH48: =RANK(AG48, AG$47:AG$81) -> 8 | AJ48: 3 | AK48: 3186.8441 | AL48: =IFERROR(AK48/AJ48,"") -> 1062.2814 | AM48: =RANK(AL48, AL$47:AL$81) -> 8 | AO48: 3 | AP48: 3188.6441 | AQ48: =IFERROR(AP48/AO48,"") -> 1062.8814 | AR48: =RANK(AQ48, AQ$47:AQ$81) -> 8 | AT48: 3 | AU48: 3187.5641 | AV48: =IFERROR(AU48/AT48,"") -> 1062.5214 | AW48: =RANK(AV48, AV$47:AV$81) -> 8
C49: 3 | D49: 一配雞肉飯飯糰 | E49: 5 | F49: 3600 | G49: =F49/E49 -> 720 | I49: =AVERAGE(P49,U49,Z49,AE49,AJ49,AO49,AT49) -> 5 | J49: =AVERAGE(Q49,V49,AA49,AF49,AK49,AP49,AU49) -> 3193.1815 | K49: =AVERAGE(R49,W49,AB49,AG49,AL49,AQ49,AV49) -> 638.63631 | M49: =RANK(K49, K$47:$K$81) -> 22 | P49: 5 | Q49: 3195.1358 | R49: =IFERROR(Q49/P49,"") -> 639.02717 | S49: =RANK(R49, R$47:R$81) -> 22 | U49: 5 | V49: 3193.3358 | W49: =IFERROR(V49/U49,"") -> 638.66717 | X49: =RANK(W49, W$47:W$81) -> 22 | Z49: 5 | AA49: 3192.2558 | AB49: =IFERROR(AA49/Z49,"") -> 638.45117 | AC49: =RANK(AB49, AB$47:AB$81) -> 22 | AE49: 5 | AF49: 3192.9758 | AG49: =IFERROR(AF49/AE49,"") -> 638.59517 | AH49: =RANK(AG49, AG$47:AG$81) -> 23 | AJ49: 5 | AK49: 3192.6158 | AL49: =IFERROR(AK49/AJ49,"") -> 638.52317 | AM49: =RANK(AL49, AL$47:AL$81) -> 23 | AO49: 5 | AP49: 3192.9758 | AQ49: =IFERROR(AP49/AO49,"") -> 638.59517 | AR49: =RANK(AQ49, AQ$47:AQ$81) -> 23 | AT49: 5 | AU49: 3192.9758 | AV49: =IFERROR(AU49/AT49,"") -> 638.59517 | AW49: =RANK(AV49, AV$47:AV$81) -> 23
C50: 4 | D50: 一配壹號醬炙烤牛飯糰 | E50: 5 | F50: 3300 | G50: =F50/E50 -> 660 | I50: =AVERAGE(P50,U50,Z50,AE50,AJ50,AO50,AT50) -> 5 | J50: =AVERAGE(Q50,V50,AA50,AF50,AK50,AP50,AU50) -> 2980.5565 | K50: =AVERAGE(R50,W50,AB50,AG50,AL50,AQ50,AV50) -> 596.1113 | M50: =RANK(K50, K$47:$K$81) -> 28 | P50: 5 | Q50: 2979.4251 | R50: =IFERROR(Q50/P50,"") -> 595.88502 | S50: =RANK(R50, R$47:R$81) -> 28 | U50: 5 | V50: 2979.4251 | W50: =IFERROR(V50/U50,"") -> 595.88502 | X50: =RANK(W50, W$47:W$81) -> 28 | Z50: 5 | AA50: 2980.7451 | AB50: =IFERROR(AA50/Z50,"") -> 596.14902 | AC50: =RANK(AB50, AB$47:AB$81) -> 28 | AE50: 5 | AF50: 2980.7451 | AG50: =IFERROR(AF50/AE50,"") -> 596.14902 | AH50: =RANK(AG50, AG$47:AG$81) -> 28 | AJ50: 5 | AK50: 2982.0651 | AL50: =IFERROR(AK50/AJ50,"") -> 596.41302 | AM50: =RANK(AL50, AL$47:AL$81) -> 28 | AO50: 5 | AP50: 2981.4051 | AQ50: =IFERROR(AP50/AO50,"") -> 596.28102 | AR50: =RANK(AQ50, AQ$47:AQ$81) -> 28 | AT50: 5 | AU50: 2980.0851 | AV50: =IFERROR(AU50/AT50,"") -> 596.01702 | AW50: =RANK(AV50, AV$47:AV$81) -> 29
C51: 5 | D51: 一配明太子龍蝦風味沙拉飯糰 | E51: 3 | F51: 3600 | G51: =F51/E51 -> 1200 | I51: =AVERAGE(P51,U51,Z51,AE51,AJ51,AO51,AT51) -> 3 | J51: =AVERAGE(Q51,V51,AA51,AF51,AK51,AP51,AU51) -> 3192.8211 | K51: =AVERAGE(R51,W51,AB51,AG51,AL51,AQ51,AV51) -> 1064.2737 | M51: =RANK(K51, K$47:$K$81) -> 6 | P51: 3 | Q51: 3191.9983 | R51: =IFERROR(Q51/P51,"") -> 1063.9994 | S51: =RANK(R51, R$47:R$81) -> 6 | U51: 3 | V51: 3193.0783 | W51: =IFERROR(V51/U51,"") -> 1064.3594 | X51: =RANK(W51, W$47:W$81) -> 5 | Z51: 3 | AA51: 3193.4383 | AB51: =IFERROR(AA51/Z51,"") -> 1064.4794 | AC51: =RANK(AB51, AB$47:AB$81) -> 5 | AE51: 3 | AF51: 3192.3583 | AG51: =IFERROR(AF51/AE51,"") -> 1064.1194 | AH51: =RANK(AG51, AG$47:AG$81) -> 6 | AJ51: 3 | AK51: 3193.4383 | AL51: =IFERROR(AK51/AJ51,"") -> 1064.4794 | AM51: =RANK(AL51, AL$47:AL$81) -> 5 | AO51: 3 | AP51: 3192.3583 | AQ51: =IFERROR(AP51/AO51,"") -> 1064.1194 | AR51: =RANK(AQ51, AQ$47:AQ$81) -> 6 | AT51: 3 | AU51: 3193.0783 | AV51: =IFERROR(AU51/AT51,"") -> 1064.3594 | AW51: =RANK(AV51, AV$47:AV$81) -> 6
C52: 6 | D52: 一配贅沢鮭魚肚飯糰 | E52: 4 | F52: 3600 | G52: =F52/E52 -> 900 | I52: =AVERAGE(P52,U52,Z52,AE52,AJ52,AO52,AT52) -> 4 | J52: =AVERAGE(Q52,V52,AA52,AF52,AK52,AP52,AU52) -> 3192.12 | K52: =AVERAGE(R52,W52,AB52,AG52,AL52,AQ52,AV52) -> 798.03 | M52: =RANK(K52, K$47:$K$81) -> 17 | P52: 4 | Q52: 3190.32 | R52: =IFERROR(Q52/P52,"") -> 797.58 | S52: =RANK(R52, R$47:R$81) -> 18 | U52: 4 | V52: 3190.32 | W52: =IFERROR(V52/U52,"") -> 797.58 | X52: =RANK(W52, W$47:W$81) -> 17 | Z52: 4 | AA52: 3191.4 | AB52: =IFERROR(AA52/Z52,"") -> 797.85 | AC52: =RANK(AB52, AB$47:AB$81) -> 17 | AE52: 4 | AF52: 3193.2 | AG52: =IFERROR(AF52/AE52,"") -> 798.3 | AH52: =RANK(AG52, AG$47:AG$81) -> 17 | AJ52: 4 | AK52: 3193.92 | AL52: =IFERROR(AK52/AJ52,"") -> 798.48 | AM52: =RANK(AL52, AL$47:AL$81) -> 16 | AO52: 4 | AP52: 3193.2 | AQ52: =IFERROR(AP52/AO52,"") -> 798.3 | AR52: =RANK(AQ52, AQ$47:AQ$81) -> 16 | AT52: 4 | AU52: 3192.48 | AV52: =IFERROR(AU52/AT52,"") -> 798.12 | AW52: =RANK(AV52, AV$47:AV$81) -> 17
C53: 7 | D53: 一配蔬食鮪魚飯糰 | E53: 3 | F53: 3600 | G53: =F53/E53 -> 1200 | I53: =AVERAGE(P53,U53,Z53,AE53,AJ53,AO53,AT53) -> 3 | J53: =AVERAGE(Q53,V53,AA53,AF53,AK53,AP53,AU53) -> 3194.7516 | K53: =AVERAGE(R53,W53,AB53,AG53,AL53,AQ53,AV53) -> 1064.9172 | M53: =RANK(K53, K$47:$K$81) -> 3 | P53: 3 | Q53: 3194.5459 | R53: =IFERROR(Q53/P53,"") -> 1064.8486 | S53: =RANK(R53, R$47:R$81) -> 3 | U53: 3 | V53: 3195.2659 | W53: =IFERROR(V53/U53,"") -> 1065.0886 | X53: =RANK(W53, W$47:W$81) -> 4 | Z53: 3 | AA53: 3195.6259 | AB53: =IFERROR(AA53/Z53,"") -> 1065.2086 | AC53: =RANK(AB53, AB$47:AB$81) -> 2 | AE53: 3 | AF53: 3195.2659 | AG53: =IFERROR(AF53/AE53,"") -> 1065.0886 | AH53: =RANK(AG53, AG$47:AG$81) -> 3 | AJ53: 3 | AK53: 3194.1859 | AL53: =IFERROR(AK53/AJ53,"") -> 1064.7286 | AM53: =RANK(AL53, AL$47:AL$81) -> 4 | AO53: 3 | AP53: 3193.8259 | AQ53: =IFERROR(AP53/AO53,"") -> 1064.6086 | AR53: =RANK(AQ53, AQ$47:AQ$81) -> 4 | AT53: 3 | AU53: 3194.5459 | AV53: =IFERROR(AU53/AT53,"") -> 1064.8486 | AW53: =RANK(AV53, AV$47:AV$81) -> 4
C54: 8 | D54: 一配熟成紅鮭飯糰 | E54: 5 | F54: 3600 | G54: =F54/E54 -> 720 | I54: =AVERAGE(P54,U54,Z54,AE54,AJ54,AO54,AT54) -> 5 | J54: =AVERAGE(Q54,V54,AA54,AF54,AK54,AP54,AU54) -> 3186.0334 | K54: =AVERAGE(R54,W54,AB54,AG54,AL54,AQ54,AV54) -> 637.20669 | M54: =RANK(K54, K$47:$K$81) -> 27 | P54: 5 | Q54: 3187.062 | R54: =IFERROR(Q54/P54,"") -> 637.4124 | S54: =RANK(R54, R$47:R$81) -> 25 | U54: 5 | V54: 3188.142 | W54: =IFERROR(V54/U54,"") -> 637.6284 | X54: =RANK(W54, W$47:W$81) -> 27 | Z54: 5 | AA54: 3186.342 | AB54: =IFERROR(AA54/Z54,"") -> 637.2684 | AC54: =RANK(AB54, AB$47:AB$81) -> 27 | AE54: 5 | AF54: 3185.622 | AG54: =IFERROR(AF54/AE54,"") -> 637.1244 | AH54: =RANK(AG54, AG$47:AG$81) -> 27 | AJ54: 5 | AK54: 3184.902 | AL54: =IFERROR(AK54/AJ54,"") -> 636.9804 | AM54: =RANK(AL54, AL$47:AL$81) -> 27 | AO54: 5 | AP54: 3185.262 | AQ54: =IFERROR(AP54/AO54,"") -> 637.0524 | AR54: =RANK(AQ54, AQ$47:AQ$81) -> 27 | AT54: 5 | AU54: 3184.902 | AV54: =IFERROR(AU54/AT54,"") -> 636.9804 | AW54: =RANK(AV54, AV$47:AV$81) -> 27
C55: 9 | D55: 一配北海道秋鮭親子飯糰 | E55: 5 | F55: 3600 | G55: =F55/E55 -> 720 | I55: =AVERAGE(P55,U55,Z55,AE55,AJ55,AO55,AT55) -> 5 | J55: =AVERAGE(Q55,V55,AA55,AF55,AK55,AP55,AU55) -> 3189.6233 | K55: =AVERAGE(R55,W55,AB55,AG55,AL55,AQ55,AV55) -> 637.92467 | M55: =RANK(K55, K$47:$K$81) -> 26 | P55: 5 | Q55: 3186.7433 | R55: =IFERROR(Q55/P55,"") -> 637.34867 | S55: =RANK(R55, R$47:R$81) -> 26 | U55: 5 | V55: 3188.1833 | W55: =IFERROR(V55/U55,"") -> 637.63667 | X55: =RANK(W55, W$47:W$81) -> 26 | Z55: 5 | AA55: 3189.6233 | AB55: =IFERROR(AA55/Z55,"") -> 637.92467 | AC55: =RANK(AB55, AB$47:AB$81) -> 26 | AE55: 5 | AF55: 3189.9833 | AG55: =IFERROR(AF55/AE55,"") -> 637.99667 | AH55: =RANK(AG55, AG$47:AG$81) -> 26 | AJ55: 5 | AK55: 3191.0633 | AL55: =IFERROR(AK55/AJ55,"") -> 638.21267 | AM55: =RANK(AL55, AL$47:AL$81) -> 24 | AO55: 5 | AP55: 3191.7833 | AQ55: =IFERROR(AP55/AO55,"") -> 638.35667 | AR55: =RANK(AQ55, AQ$47:AQ$81) -> 24 | AT55: 5 | AU55: 3189.9833 | AV55: =IFERROR(AU55/AT55,"") -> 637.99667 | AW55: =RANK(AV55, AV$47:AV$81) -> 26
C56: 10 | D56: 一配經典肉鬆飯糰 | E56: 3 | F56: 3000 | G56: =F56/E56 -> 1000 | I56: =AVERAGE(P56,U56,Z56,AE56,AJ56,AO56,AT56) -> 3 | J56: =AVERAGE(Q56,V56,AA56,AF56,AK56,AP56,AU56) -> 2713.9529 | K56: =AVERAGE(R56,W56,AB56,AG56,AL56,AQ56,AV56) -> 904.65096 | M56: =RANK(K56, K$47:$K$81) -> 14 | P56: 3 | Q56: 2712.41 | R56: =IFERROR(Q56/P56,"") -> 904.13668 | S56: =RANK(R56, R$47:R$81) -> 15 | U56: 3 | V56: 2713.31 | W56: =IFERROR(V56/U56,"") -> 904.43668 | X56: =RANK(W56, W$47:W$81) -> 15 | Z56: 3 | AA56: 2713.61 | AB56: =IFERROR(AA56/Z56,"") -> 904.53668 | AC56: =RANK(AB56, AB$47:AB$81) -> 14 | AE56: 3 | AF56: 2713.61 | AG56: =IFERROR(AF56/AE56,"") -> 904.53668 | AH56: =RANK(AG56, AG$47:AG$81) -> 14 | AJ56: 3 | AK56: 2714.21 | AL56: =IFERROR(AK56/AJ56,"") -> 904.73668 | AM56: =RANK(AL56, AL$47:AL$81) -> 14 | AO56: 3 | AP56: 2714.51 | AQ56: =IFERROR(AP56/AO56,"") -> 904.83668 | AR56: =RANK(AQ56, AQ$47:AQ$81) -> 14 | AT56: 3 | AU56: 2716.01 | AV56: =IFERROR(AU56/AT56,"") -> 905.33668 | AW56: =RANK(AV56, AV$47:AV$81) -> 13
C57: 11 | D57: 一配兩粒飯糰(鮪魚.焦糖鮭魚) | E57: 12 | F57: 3600 | G57: =F57/E57 -> 300 | I57: =AVERAGE(P57,U57,Z57,AE57,AJ57,AO57,AT57) -> 12 | J57: =AVERAGE(Q57,V57,AA57,AF57,AK57,AP57,AU57) -> 3111.9063 | K57: =AVERAGE(R57,W57,AB57,AG57,AL57,AQ57,AV57) -> 259.32553 | M57: =RANK(K57, K$47:$K$81) -> 32 | P57: 12 | Q57: 3114.3235 | R57: =IFERROR(Q57/P57,"") -> 259.52696 | S57: =RANK(R57, R$47:R$81) -> 31 | U57: 12 | V57: 3112.8835 | W57: =IFERROR(V57/U57,"") -> 259.40696 | X57: =RANK(W57, W$47:W$81) -> 31 | Z57: 12 | AA57: 3111.0835 | AB57: =IFERROR(AA57/Z57,"") -> 259.25696 | AC57: =RANK(AB57, AB$47:AB$81) -> 32 | AE57: 12 | AF57: 3111.0835 | AG57: =IFERROR(AF57/AE57,"") -> 259.25696 | AH57: =RANK(AG57, AG$47:AG$81) -> 32 | AJ57: 12 | AK57: 3110.0035 | AL57: =IFERROR(AK57/AJ57,"") -> 259.16696 | AM57: =RANK(AL57, AL$47:AL$81) -> 32 | AO57: 12 | AP57: 3111.8035 | AQ57: =IFERROR(AP57/AO57,"") -> 259.31696 | AR57: =RANK(AQ57, AQ$47:AQ$81) -> 32 | AT57: 12 | AU57: 3112.1635 | AV57: =IFERROR(AU57/AT57,"") -> 259.34696 | AW57: =RANK(AV57, AV$47:AV$81) -> 32
C58: 12 | D58: 一配鮭魚奶油醬油飯糰 | E58: 3 | F58: 3300 | G58: =F58/E58 -> 1100 | I58: =AVERAGE(P58,U58,Z58,AE58,AJ58,AO58,AT58) -> 3 | J58: =AVERAGE(Q58,V58,AA58,AF58,AK58,AP58,AU58) -> 2986.6043 | K58: =AVERAGE(R58,W58,AB58,AG58,AL58,AQ58,AV58) -> 995.53476 | M58: =RANK(K58, K$47:$K$81) -> 11 | P58: 3 | Q58: 2986.2743 | R58: =IFERROR(Q58/P58,"") -> 995.42476 | S58: =RANK(R58, R$47:R$81) -> 11 | U58: 3 | V58: 2985.6143 | W58: =IFERROR(V58/U58,"") -> 995.20476 | X58: =RANK(W58, W$47:W$81) -> 11 | Z58: 3 | AA58: 2984.9543 | AB58: =IFERROR(AA58/Z58,"") -> 994.98476 | AC58: =RANK(AB58, AB$47:AB$81) -> 11 | AE58: 3 | AF58: 2986.2743 | AG58: =IFERROR(AF58/AE58,"") -> 995.42476 | AH58: =RANK(AG58, AG$47:AG$81) -> 11 | AJ58: 3 | AK58: 2987.2643 | AL58: =IFERROR(AK58/AJ58,"") -> 995.75476 | AM58: =RANK(AL58, AL$47:AL$81) -> 11 | AO58: 3 | AP58: 2987.2643 | AQ58: =IFERROR(AP58/AO58,"") -> 995.75476 | AR58: =RANK(AQ58, AQ$47:AQ$81) -> 11 | AT58: 3 | AU58: 2988.5843 | AV58: =IFERROR(AU58/AT58,"") -> 996.19476 | AW58: =RANK(AV58, AV$47:AV$81) -> 11
C59: 13 | D59: 一配山葵章魚飯糰 | E59: 3 | F59: 3600 | G59: =F59/E59 -> 1200 | I59: =AVERAGE(P59,U59,Z59,AE59,AJ59,AO59,AT59) -> 3 | J59: =AVERAGE(Q59,V59,AA59,AF59,AK59,AP59,AU59) -> 3189.0594 | K59: =AVERAGE(R59,W59,AB59,AG59,AL59,AQ59,AV59) -> 1063.0198 | M59: =RANK(K59, K$47:$K$81) -> 7 | P59: 3 | Q59: 3184.8024 | R59: =IFERROR(Q59/P59,"") -> 1061.6008 | S59: =RANK(R59, R$47:R$81) -> 8 | U59: 3 | V59: 3189.2289 | W59: =IFERROR(V59/U59,"") -> 1063.0763 | X59: =RANK(W59, W$47:W$81) -> 7 | Z59: 3 | AA59: 3189.9489 | AB59: =IFERROR(AA59/Z59,"") -> 1063.3163 | AC59: =RANK(AB59, AB$47:AB$81) -> 7 | AE59: 3 | AF59: 3189.9489 | AG59: =IFERROR(AF59/AE59,"") -> 1063.3163 | AH59: =RANK(AG59, AG$47:AG$81) -> 7 | AJ59: 3 | AK59: 3188.5089 | AL59: =IFERROR(AK59/AJ59,"") -> 1062.8363 | AM59: =RANK(AL59, AL$47:AL$81) -> 7 | AO59: 3 | AP59: 3190.3089 | AQ59: =IFERROR(AP59/AO59,"") -> 1063.4363 | AR59: =RANK(AQ59, AQ$47:AQ$81) -> 7 | AT59: 3 | AU59: 3190.6689 | AV59: =IFERROR(AU59/AT59,"") -> 1063.5563 | AW59: =RANK(AV59, AV$47:AV$81) -> 7
... C79: 33 | D79: 二配兩粒飯糰(鮪魚.焦糖鮭魚) | E79: 12 | F79: 3600 | G79: =F79/E79 -> 300 | I79: =AVERAGE(P79,U79,Z79,AE79,AJ79,AO79,AT79) -> 12 | J79: =AVERAGE(Q79,V79,AA79,AF79,AK79,AP79,AU79) -> 3113.1001 | K79: =AVERAGE(R79,W79,AB79,AG79,AL79,AQ79,AV79) -> 259.42501 | M79: =RANK(K79, K$47:$K$81) -> 31 | P79: 12 | Q79: 3113.2029 | R79: =IFERROR(Q79/P79,"") -> 259.43358 | S79: =RANK(R79, R$47:R$81) -> 32 | U79: 12 | V79: 3112.4829 | W79: =IFERROR(V79/U79,"") -> 259.37358 | X79: =RANK(W79, W$47:W$81) -> 32 | Z79: 12 | AA79: 3113.9229 | AB79: =IFERROR(AA79/Z79,"") -> 259.49358 | AC79: =RANK(AB79, AB$47:AB$81) -> 31 | AE79: 12 | AF79: 3113.5629 | AG79: =IFERROR(AF79/AE79,"") -> 259.46358 | AH79: =RANK(AG79, AG$47:AG$81) -> 31 | AJ79: 12 | AK79: 3113.2029 | AL79: =IFERROR(AK79/AJ79,"") -> 259.43358 | AM79: =RANK(AL79, AL$47:AL$81) -> 31 | AO79: 12 | AP79: 3112.8429 | AQ79: =IFERROR(AP79/AO79,"") -> 259.40358 | AR79: =RANK(AQ79, AQ$47:AQ$81) -> 31 | AT79: 12 | AU79: 3112.4829 | AV79: =IFERROR(AU79/AT79,"") -> 259.37358 | AW79: =RANK(AV79, AV$47:AV$81) -> 31
C80: 34
C81: 35

Sheet （５-2）品群別人時生產性(18℃-壽司手卷)
B1: 6月平均人時性 | C1: =AVERAGE(L27) -> 298.03264
B2: 產線配置圖－每週更新(0526-0601) | N2: 資料繳交 | O2: 日期 | P2: 46168 | U2: 46169 | Z2: 46170 | AE2: 46171 | AJ2: 46172 | AO2: 46173 | AT2: 46174
P3: 46168 | U3: 46169 | Z3: 46170 | AE3: 46171 | AJ3: 46172 | AO3: 46173 | AT3: 46174
B4: 品群 | C4: 商品名稱 | E4: 計畫 | H4: 平均人時性 | I4: 實績 (週平均) | L4: 平均人時性 | M4: 排名 | O4: 日報 | P4: 實際 | T4: 平均人時性 | U4: 實際 | Y4: 平均人時性 | Z4: 實際 | AD4: 平均人時性 | AE4: 實際 | AI4: 平均人時性 | AJ4: 實際 | AN4: 平均人時性 | AO4: 實際 | AS4: 平均人時性 | AT4: 實際 | AX4: 平均人時性
E5: 產線配置圖 | I5: 產線配置圖 | P5: 生產實績 | U5: 生產實績 | Z5: 生產實績 | AE5: 生產實績 | AJ5: 生產實績 | AO5: 生產實績 | AT5: 生產實績
E6: 人數 | F6: 產能／時 | G6: 人時性 | I6: 人數 | J6: 產能／時 | K6: 人時性 | P6: 人數 | Q6: 產能／時 | R6: 人時性 | S6: 排名 | U6: 人數 | V6: 產能／時 | W6: 人時性 | X6: 排名 | Z6: 人數 | AA6: 產能／時 | AB6: 人時性 | AC6: 排名 | AE6: 人數 | AF6: 產能／時 | AG6: 人時性 | AH6: 排名 | AJ6: 人數 | AK6: 產能／時 | AL6: 人時性 | AM6: 排名 | AO6: 人數 | AP6: 產能／時 | AQ6: 人時性 | AR6: 排名 | AT6: 人數 | AU6: 產能／時 | AV6: 人時性 | AW6: 排名
B7: 18℃-壽司手卷 | C7: 1 | D7: 一配長野稻荷壽司 | E7: 10 | F7: 3600 | G7: =F7/E7 -> 360 | H7: =AVERAGE(G7:G21) -> 338.18182 | I7: =AVERAGE(P7,U7,Z7,AE7,AJ7,AO7,AT7) -> 10 | J7: =AVERAGE(Q7,V7,AA7,AF7,AK7,AP7,AU7) -> 3205.7942 | K7: =AVERAGE(R7,W7,AB7,AG7,AL7,AQ7,AV7) -> 320.57942 | L7: =IFERROR(AVERAGE(K7:K21),"-") -> 297.7718 | M7: =RANK(K7, K$7:$K$21) -> 1 | P7: 10 | Q7: 3203.9537 | R7: =IFERROR(Q7/P7,"") -> 320.39537 | S7: =RANK(R7, R$7:R$21) -> 1 | T7: =AVERAGE(R7:R21) -> 297.76032 | U7: 10 | V7: 3205.0337 | W7: =IFERROR(V7/U7,"") -> 320.50337 | X7: =RANK(W7, W$7:W$21) -> 1 | Y7: =AVERAGE(W7:W21) -> 297.73087 | Z7: 10 | AA7: 3204.3137 | AB7: =IFERROR(AA7/Z7,"") -> 320.43137 | AC7: =RANK(AB7, AB$7:AB$21) -> 1 | AD7: =AVERAGE(AB7:AB21) -> 297.66323 | AE7: 10 | AF7: 3203.5937 | AG7: =IFERROR(AF7/AE7,"") -> 320.35937 | AH7: =RANK(AG7, AG$7:AG$21) -> 1 | AI7: =AVERAGE(AG7:AG21) -> 297.66105 | AJ7: 10 | AK7: 3203.5937 | AL7: =IFERROR(AK7/AJ7,"") -> 320.35937 | AM7: =RANK(AL7, AL$7:AL$21) -> 1 | AN7: =AVERAGE(AL7:AL21) -> 297.73741 | AO7: 10 | AP7: 3209.1356 | AQ7: =IFERROR(AP7/AO7,"") -> 320.91356 | AR7: =RANK(AQ7, AQ$7:AQ$21) -> 1 | AS7: =AVERAGE(AQ7:AQ21) -> 297.85669 | AT7: 10 | AU7: 3210.9356 | AV7: =IFERROR(AU7/AT7,"") -> 321.09356 | AW7: =RANK(AV7, AV$7:AV$21) -> 1 | AX7: =AVERAGE(AV7:AV21) -> 297.99305
C8: 2 | D8: 一配經典人氣雙手卷 | E8: 11 | F8: 3600 | G8: =F8/E8 -> 327.27273 | I8: =AVERAGE(P8,U8,Z8,AE8,AJ8,AO8,AT8) -> 11 | J8: =AVERAGE(Q8,V8,AA8,AF8,AK8,AP8,AU8) -> 3150.2151 | K8: =AVERAGE(R8,W8,AB8,AG8,AL8,AQ8,AV8) -> 286.38319 | M8: =RANK(K8, K$7:$K$21) -> 2 | P8: 11 | Q8: 3150.318 | R8: =IFERROR(Q8/P8,"") -> 286.39254 | S8: =RANK(R8, R$7:R$21) -> 3 | U8: 11 | V8: 3149.238 | W8: =IFERROR(V8/U8,"") -> 286.29436 | X8: =RANK(W8, W$7:W$21) -> 3 | Z8: 11 | AA8: 3148.878 | AB8: =IFERROR(AA8/Z8,"") -> 286.26164 | AC8: =RANK(AB8, AB$7:AB$21) -> 3 | AE8: 11 | AF8: 3150.318 | AG8: =IFERROR(AF8/AE8,"") -> 286.39254 | AH8: =RANK(AG8, AG$7:AG$21) -> 2 | AJ8: 11 | AK8: 3151.038 | AL8: =IFERROR(AK8/AJ8,"") -> 286.458 | AM8: =RANK(AL8, AL$7:AL$21) -> 2 | AO8: 11 | AP8: 3150.318 | AQ8: =IFERROR(AP8/AO8,"") -> 286.39254 | AR8: =RANK(AQ8, AQ$7:AQ$21) -> 2 | AT8: 11 | AU8: 3151.398 | AV8: =IFERROR(AU8/AT8,"") -> 286.49073 | AW8: =RANK(AV8, AV$7:AV$21) -> 2
C9: 3 | D9: 一配鮭鮪海饌雙手卷 | E9: 11 | F9: 3600 | G9: =F9/E9 -> 327.27273 | I9: =AVERAGE(P9,U9,Z9,AE9,AJ9,AO9,AT9) -> 11 | J9: =AVERAGE(Q9,V9,AA9,AF9,AK9,AP9,AU9) -> 3149.8807 | K9: =AVERAGE(R9,W9,AB9,AG9,AL9,AQ9,AV9) -> 286.35279 | M9: =RANK(K9, K$7:$K$21) -> 3 | P9: 11 | Q9: 3151.4236 | R9: =IFERROR(Q9/P9,"") -> 286.49305 | S9: =RANK(R9, R$7:R$21) -> 2 | U9: 11 | V9: 3150.3436 | W9: =IFERROR(V9/U9,"") -> 286.39487 | X9: =RANK(W9, W$7:W$21) -> 2 | Z9: 11 | AA9: 3149.2636 | AB9: =IFERROR(AA9/Z9,"") -> 286.29669 | AC9: =RANK(AB9, AB$7:AB$21) -> 2 | AE9: 11 | AF9: 3148.5436 | AG9: =IFERROR(AF9/AE9,"") -> 286.23124 | AH9: =RANK(AG9, AG$7:AG$21) -> 3 | AJ9: 11 | AK9: 3150.3436 | AL9: =IFERROR(AK9/AJ9,"") -> 286.39487 | AM9: =RANK(AL9, AL$7:AL$21) -> 3 | AO9: 11 | AP9: 3148.9036 | AQ9: =IFERROR(AP9/AO9,"") -> 286.26396 | AR9: =RANK(AQ9, AQ$7:AQ$21) -> 3 | AT9: 11 | AU9: 3150.3436 | AV9: =IFERROR(AU9/AT9,"") -> 286.39487 | AW9: =RANK(AV9, AV$7:AV$21) -> 3
C10: 4
C11: 5
C12: 6
C13: 7
C14: 8
C15: 9
C16: 10
C17: 11
C18: 12
C19: 13
C20: 14
C21: 15
B22: 產線配置圖－每週更新(0602-0608) | N22: 資料繳交 | O22: 日期 | P22: 46175 | U22: 46176 | Z22: 46177 | AE22: 46178 | AJ22: 46179 | AO22: 46180 | AT22: 46181
P23: 46175 | U23: 46176 | Z23: 46177 | AE23: 46178 | AJ23: 46179 | AO23: 46180 | AT23: 46181
B24: 品群 | C24: 商品名稱 | E24: 計畫 | H24: 平均人時性 | I24: 實績 (週平均) | L24: 平均人時性 | M24: 排名 | O24: 日報 | P24: 實際 | T24: 平均人時性 | U24: 實際 | Y24: 平均人時性 | Z24: 實際 | AD24: 平均人時性 | AE24: 實際 | AI24: 平均人時性 | AJ24: 實際 | AN24: 平均人時性 | AO24: 實際 | AS24: 平均人時性 | AT24: 實際 | AX24: 平均人時性
E25: 產線配置圖 | I25: 產線配置圖 | P25: 生產實績 | U25: 生產實績 | Z25: 生產實績 | AE25: 生產實績 | AJ25: 生產實績 | AO25: 生產實績 | AT25: 生產實績
E26: 人數 | F26: 產能／時 | G26: 人時性 | I26: 人數 | J26: 產能／時 | K26: 人時性 | P26: 人數 | Q26: 產能／時 | R26: 人時性 | S26: 排名 | U26: 人數 | V26: 產能／時 | W26: 人時性 | X26: 排名 | Z26: 人數 | AA26: 產能／時 | AB26: 人時性 | AC26: 排名 | AE26: 人數 | AF26: 產能／時 | AG26: 人時性 | AH26: 排名 | AJ26: 人數 | AK26: 產能／時 | AL26: 人時性 | AM26: 排名 | AO26: 人數 | AP26: 產能／時 | AQ26: 人時性 | AR26: 排名 | AT26: 人數 | AU26: 產能／時 | AV26: 人時性 | AW26: 排名
B27: 18℃-壽司手卷 | C27: 1 | D27: 一配長野稻荷壽司 | E27: 10 | F27: 3600 | G27: =F27/E27 -> 360 | H27: =AVERAGE(G27:G41) -> 338.18182 | I27: =AVERAGE(P27,U27,Z27,AE27,AJ27,AO27,AT27) -> 10 | J27: =AVERAGE(Q27,V27,AA27,AF27,AK27,AP27,AU27) -> 3211.1413 | K27: =AVERAGE(R27,W27,AB27,AG27,AL27,AQ27,AV27) -> 321.11413 | L27: =IFERROR(AVERAGE(K27:K41),"-") -> 298.03264 | M27: =RANK(K27, K$27:$K$41) -> 1 | P27: 10 | Q27: 3211.2956 | R27: =IFERROR(Q27/P27,"") -> 321.12956 | S27: =RANK(R27, R$27:R$41) -> 1 | T27: =AVERAGE(R27:R41) -> 298.03778 | U27: 10 | V27: 3212.7356 | W27: =IFERROR(V27/U27,"") -> 321.27356 | X27: =RANK(W27, W$27:W$41) -> 1 | Y27: =AVERAGE(W27:W41) -> 298.09669 | Z27: 10 | AA27: 3213.0956 | AB27: =IFERROR(AA27/Z27,"") -> 321.30956 | AC27: =RANK(AB27, AB$27:AB$41) -> 1 | AD27: =AVERAGE(AB27:AB41) -> 298.17414 | AE27: 10 | AF27: 3211.6556 | AG27: =IFERROR(AF27/AE27,"") -> 321.16556 | AH27: =RANK(AG27, AG$27:AG$41) -> 1 | AI27: =AVERAGE(AG27:AG41) -> 298.04978 | AJ27: 10 | AK27: 3211.2956 | AL27: =IFERROR(AK27/AJ27,"") -> 321.12956 | AM27: =RANK(AL27, AL$27:AL$41) -> 1 | AN27: =AVERAGE(AL27:AL41) -> 298.02687 | AO27: 10 | AP27: 3209.4956 | AQ27: =IFERROR(AP27/AO27,"") -> 320.94956 | AR27: =RANK(AQ27, AQ$27:AQ$41) -> 1 | AS27: =AVERAGE(AQ27:AQ41) -> 297.97778 | AT27: 10 | AU27: 3208.4156 | AV27: =IFERROR(AU27/AT27,"") -> 320.84156 | AW27: =RANK(AV27, AV$27:AV$41) -> 1 | AX27: =AVERAGE(AV27:AV41) -> 297.86542
C28: 2 | D28: 一配經典人氣雙手卷 | E28: 11 | F28: 3600 | G28: =F28/E28 -> 327.27273 | I28: =AVERAGE(P28,U28,Z28,AE28,AJ28,AO28,AT28) -> 11 | J28: =AVERAGE(Q28,V28,AA28,AF28,AK28,AP28,AU28) -> 3152.0151 | K28: =AVERAGE(R28,W28,AB28,AG28,AL28,AQ28,AV28) -> 286.54683 | M28: =RANK(K28, K$27:$K$41) -> 2 | P28: 11 | Q28: 3151.398 | R28: =IFERROR(Q28/P28,"") -> 286.49073 | S28: =RANK(R28, R$27:R$41) -> 3 | U28: 11 | V28: 3151.758 | W28: =IFERROR(V28/U28,"") -> 286.52345 | X28: =RANK(W28, W$27:W$41) -> 2 | Z28: 11 | AA28: 3153.558 | AB28: =IFERROR(AA28/Z28,"") -> 286.68709 | AC28: =RANK(AB28, AB$27:AB$41) -> 2 | AE28: 11 | AF28: 3151.758 | AG28: =IFERROR(AF28/AE28,"") -> 286.52345 | AH28: =RANK(AG28, AG$27:AG$41) -> 2 | AJ28: 11 | AK28: 3152.838 | AL28: =IFERROR(AK28/AJ28,"") -> 286.62164 | AM28: =RANK(AL28, AL$27:AL$41) -> 2 | AO28: 11 | AP28: 3151.758 | AQ28: =IFERROR(AP28/AO28,"") -> 286.52345 | AR28: =RANK(AQ28, AQ$27:AQ$41) -> 2 | AT28: 11 | AU28: 3151.038 | AV28: =IFERROR(AU28/AT28,"") -> 286.458 | AW28: =RANK(AV28, AV$27:AV$41) -> 2
C29: 3 | D29: 一配鮭鮪海饌雙手卷 | E29: 11 | F29: 3600 | G29: =F29/E29 -> 327.27273 | I29: =AVERAGE(P29,U29,Z29,AE29,AJ29,AO29,AT29) -> 11 | J29: =AVERAGE(Q29,V29,AA29,AF29,AK29,AP29,AU29) -> 3150.8065 | K29: =AVERAGE(R29,W29,AB29,AG29,AL29,AQ29,AV29) -> 286.43695 | M29: =RANK(K29, K$27:$K$41) -> 3 | P29: 11 | Q29: 3151.4236 | R29: =IFERROR(Q29/P29,"") -> 286.49305 | S29: =RANK(R29, R$27:R$41) -> 2 | U29: 11 | V29: 3151.4236 | W29: =IFERROR(V29/U29,"") -> 286.49305 | X29: =RANK(W29, W$27:W$41) -> 3 | Z29: 11 | AA29: 3151.7836 | AB29: =IFERROR(AA29/Z29,"") -> 286.52578 | AC29: =RANK(AB29, AB$27:AB$41) -> 3 | AE29: 11 | AF29: 3151.0636 | AG29: =IFERROR(AF29/AE29,"") -> 286.46033 | AH29: =RANK(AG29, AG$27:AG$41) -> 3 | AJ29: 11 | AK29: 3149.6236 | AL29: =IFERROR(AK29/AJ29,"") -> 286.32942 | AM29: =RANK(AL29, AL$27:AL$41) -> 3 | AO29: 11 | AP29: 3151.0636 | AQ29: =IFERROR(AP29/AO29,"") -> 286.46033 | AR29: =RANK(AQ29, AQ$27:AQ$41) -> 3 | AT29: 11 | AU29: 3149.2636 | AV29: =IFERROR(AU29/AT29,"") -> 286.29669 | AW29: =RANK(AV29, AV$27:AV$41) -> 3
C30: 4
C31: 5
C32: 6
C33: 7
C34: 8
C35: 9
C36: 10
C37: 11
C38: 12
C39: 13
C40: 14
C41: 15

Sheet （５-3）品群別人時生產性(4℃-飯糰)
B1: 6月平均人時性 | C1: =AVERAGE(L27) -> 118.59923
B2: 產線配置圖－每週更新(0526-0601) | N2: 資料繳交 | O2: 日期 | P2: 46168 | U2: 46169 | Z2: 46170 | AE2: 46171 | AJ2: 46172 | AO2: 46173 | AT2: 46174
P3: 46168 | U3: 46169 | Z3: 46170 | AE3: 46171 | AJ3: 46172 | AO3: 46173 | AT3: 46174
B4: 品群 | C4: 商品名稱 | E4: 計畫 | H4: 平均人時性 | I4: 實績 (週平均) | L4: 平均人時性 | M4: 排名 | O4: 日報 | P4: 實際 | T4: 平均人時性 | U4: 實際 | Y4: 平均人時性 | Z4: 實際 | AD4: 平均人時性 | AE4: 實際 | AI4: 平均人時性 | AJ4: 實際 | AN4: 平均人時性 | AO4: 實際 | AS4: 平均人時性 | AT4: 實際 | AX4: 平均人時性
E5: 產線配置圖 | I5: 產線配置圖 | P5: 生產實績 | U5: 生產實績 | Z5: 生產實績 | AE5: 生產實績 | AJ5: 生產實績 | AO5: 生產實績 | AT5: 生產實績
E6: 人數 | F6: 產能／時 | G6: 人時性 | I6: 人數 | J6: 產能／時 | K6: 人時性 | P6: 人數 | Q6: 產能／時 | R6: 人時性 | S6: 排名 | U6: 人數 | V6: 產能／時 | W6: 人時性 | X6: 排名 | Z6: 人數 | AA6: 產能／時 | AB6: 人時性 | AC6: 排名 | AE6: 人數 | AF6: 產能／時 | AG6: 人時性 | AH6: 排名 | AJ6: 人數 | AK6: 產能／時 | AL6: 人時性 | AM6: 排名 | AO6: 人數 | AP6: 產能／時 | AQ6: 人時性 | AR6: 排名 | AT6: 人數 | AU6: 產能／時 | AV6: 人時性 | AW6: 排名
B7: 4℃-飯糰 | C7: 1 | D7: 麻油雞飯糰 | E7: 21 | F7: 2790 | G7: =F7/E7 -> 132.85714 | H7: =AVERAGE(G7:G21) -> 132.85714 | I7: =AVERAGE(P7,U7,Z7,AE7,AJ7,AO7,AT7) -> 25 | J7: =AVERAGE(Q7,V7,AA7,AF7,AK7,AP7,AU7) -> 2964.9808 | K7: =AVERAGE(R7,W7,AB7,AG7,AL7,AQ7,AV7) -> 118.59923 | L7: =IFERROR(AVERAGE(K7:K21),"-") -> 118.59923 | M7: =RANK(K7, K$7:$K$21) -> 1 | P7: 25 | Q7: 2964.9808 | R7: =IFERROR(Q7/P7,"") -> 118.59923 | S7: =RANK(R7, R$7:R$21) -> 1 | T7: =AVERAGE(R7:R21) -> 118.59923 | U7: 25 | V7: 2964.9808 | W7: =IFERROR(V7/U7,"") -> 118.59923 | X7: =RANK(W7, W$7:W$21) -> 1 | Y7: =AVERAGE(W7:W21) -> 118.59923 | Z7: 25 | AA7: 2964.9808 | AB7: =IFERROR(AA7/Z7,"") -> 118.59923 | AC7: =RANK(AB7, AB$7:AB$21) -> 1 | AD7: =AVERAGE(AB7:AB21) -> 118.59923 | AE7: 25 | AF7: 2964.9808 | AG7: =IFERROR(AF7/AE7,"") -> 118.59923 | AH7: =RANK(AG7, AG$7:AG$21) -> 1 | AI7: =AVERAGE(AG7:AG21) -> 118.59923 | AJ7: 25 | AK7: 2964.9808 | AL7: =IFERROR(AK7/AJ7,"") -> 118.59923 | AM7: =RANK(AL7, AL$7:AL$21) -> 1 | AN7: =AVERAGE(AL7:AL21) -> 118.59923 | AO7: 25 | AP7: 2964.9808 | AQ7: =IFERROR(AP7/AO7,"") -> 118.59923 | AR7: =RANK(AQ7, AQ$7:AQ$21) -> 1 | AS7: =AVERAGE(AQ7:AQ21) -> 118.59923 | AT7: 25 | AU7: 2964.9808 | AV7: =IFERROR(AU7/AT7,"") -> 118.59923 | AW7: =RANK(AV7, AV$7:AV$21) -> 1 | AX7: =AVERAGE(AV7:AV21) -> 118.59923
C8: 2
C9: 3
C10: 4
C11: 5
C12: 6
C13: 7
C14: 8
C15: 9
C16: 10
C17: 11
C18: 12
C19: 13
... C21: 15
B22: 產線配置圖－每週更新(0602-0608) | N22: 資料繳交 | O22: 日期 | P22: 46175 | U22: 46176 | Z22: 46177 | AE22: 46178 | AJ22: 46179 | AO22: 46180 | AT22: 46181
P23: 46175 | U23: 46176 | Z23: 46177 | AE23: 46178 | AJ23: 46179 | AO23: 46180 | AT23: 46181
B24: 品群 | C24: 商品名稱 | E24: 計畫 | H24: 平均人時性 | I24: 實績 (週平均) | L24: 平均人時性 | M24: 排名 | O24: 日報 | P24: 實際 | T24: 平均人時性 | U24: 實際 | Y24: 平均人時性 | Z24: 實際 | AD24: 平均人時性 | AE24: 實際 | AI24: 平均人時性 | AJ24: 實際 | AN24: 平均人時性 | AO24: 實際 | AS24: 平均人時性 | AT24: 實際 | AX24: 平均人時性
E25: 產線配置圖 | I25: 產線配置圖 | P25: 生產實績 | U25: 生產實績 | Z25: 生產實績 | AE25: 生產實績 | AJ25: 生產實績 | AO25: 生產實績 | AT25: 生產實績
E26: 人數 | F26: 產能／時 | G26: 人時性 | I26: 人數 | J26: 產能／時 | K26: 人時性 | P26: 人數 | Q26: 產能／時 | R26: 人時性 | S26: 排名 | U26: 人數 | V26: 產能／時 | W26: 人時性 | X26: 排名 | Z26: 人數 | AA26: 產能／時 | AB26: 人時性 | AC26: 排名 | AE26: 人數 | AF26: 產能／時 | AG26: 人時性 | AH26: 排名 | AJ26: 人數 | AK26: 產能／時 | AL26: 人時性 | AM26: 排名 | AO26: 人數 | AP26: 產能／時 | AQ26: 人時性 | AR26: 排名 | AT26: 人數 | AU26: 產能／時 | AV26: 人時性 | AW26: 排名
B27: 4℃-飯糰 | C27: 1 | D27: 麻油雞飯糰 | E27: 21 | F27: 2790 | G27: =F27/E27 -> 132.85714 | H27: =AVERAGE(G27:G41) -> 132.85714 | I27: =AVERAGE(P27,U27,Z27,AE27,AJ27,AO27,AT27) -> 25 | J27: =AVERAGE(Q27,V27,AA27,AF27,AK27,AP27,AU27) -> 2964.9808 | K27: =AVERAGE(R27,W27,AB27,AG27,AL27,AQ27,AV27) -> 118.59923 | L27: =IFERROR(AVERAGE(K27:K41),"-") -> 118.59923 | M27: =RANK(K27, K$27:$K$41) -> 1 | P27: 25 | Q27: 2964.9808 | R27: =IFERROR(Q27/P27,"") -> 118.59923 | S27: =RANK(R27, R$27:R$41) -> 1 | T27: =AVERAGE(R27:R41) -> 118.59923 | U27: 25 | V27: 2964.9808 | W27: =IFERROR(V27/U27,"") -> 118.59923 | X27: =RANK(W27, W$27:W$41) -> 1 | Y27: =AVERAGE(W27:W41) -> 118.59923 | Z27: 25 | AA27: 2964.9808 | AB27: =IFERROR(AA27/Z27,"") -> 118.59923 | AC27: =RANK(AB27, AB$27:AB$41) -> 1 | AD27: =AVERAGE(AB27:AB41) -> 118.59923 | AE27: 25 | AF27: 2964.9808 | AG27: =IFERROR(AF27/AE27,"") -> 118.59923 | AH27: =RANK(AG27, AG$27:AG$41) -> 1 | AI27: =AVERAGE(AG27:AG41) -> 118.59923 | AJ27: 25 | AK27: 2964.9808 | AL27: =IFERROR(AK27/AJ27,"") -> 118.59923 | AM27: =RANK(AL27, AL$27:AL$41) -> 1 | AN27: =AVERAGE(AL27:AL41) -> 118.59923 | AO27: 25 | AP27: 2964.9808 | AQ27: =IFERROR(AP27/AO27,"") -> 118.59923 | AR27: =RANK(AQ27, AQ$27:AQ$41) -> 1 | AS27: =AVERAGE(AQ27:AQ41) -> 118.59923 | AT27: 25 | AU27: 2964.9808 | AV27: =IFERROR(AU27/AT27,"") -> 118.59923 | AW27: =RANK(AV27, AV$27:AV$41) -> 1 | AX27: =AVERAGE(AV27:AV41) -> 118.59923
C28: 2
C29: 3
C30: 4
C31: 5
C32: 6
C33: 7
C34: 8
C35: 9
C36: 10
C37: 11
C38: 12
C39: 13
... C41: 15

Sheet （５-4）品群別人時生產性(4℃-壽司手卷)
B1: 6月平均人時性 | C1: =AVERAGE(L27) -> 370.29269
B2: 產線配置圖－每週更新(0526-0601) | N2: 資料繳交 | O2: 日期 | P2: 46168 | U2: 46169 | Z2: 46170 | AE2: 46171 | AJ2: 46172 | AO2: 46173 | AT2: 46174
P3: 46168 | U3: 46169 | Z3: 46170 | AE3: 46171 | AJ3: 46172 | AO3: 46173 | AT3: 46174
B4: 品群 | C4: 商品名稱 | E4: 計畫 | H4: 平均人時性 | I4: 實績 (週平均) | L4: 平均人時性 | M4: 排名 | O4: 日報 | P4: 實際 | T4: 平均人時性 | U4: 實際 | Y4: 平均人時性 | Z4: 實際 | AD4: 平均人時性 | AE4: 實際 | AI4: 平均人時性 | AJ4: 實際 | AN4: 平均人時性 | AO4: 實際 | AS4: 平均人時性 | AT4: 實際 | AX4: 平均人時性
E5: 產線配置圖 | I5: 產線配置圖 | P5: 生產實績 | U5: 生產實績 | Z5: 生產實績 | AE5: 生產實績 | AJ5: 生產實績 | AO5: 生產實績 | AT5: 生產實績
E6: 人數 | F6: 產能／時 | G6: 人時性 | I6: 人數 | J6: 產能／時 | K6: 人時性 | P6: 人數 | Q6: 產能／時 | R6: 人時性 | S6: 排名 | U6: 人數 | V6: 產能／時 | W6: 人時性 | X6: 排名 | Z6: 人數 | AA6: 產能／時 | AB6: 人時性 | AC6: 排名 | AE6: 人數 | AF6: 產能／時 | AG6: 人時性 | AH6: 排名 | AJ6: 人數 | AK6: 產能／時 | AL6: 人時性 | AM6: 排名 | AO6: 人數 | AP6: 產能／時 | AQ6: 人時性 | AR6: 排名 | AT6: 人數 | AU6: 產能／時 | AV6: 人時性 | AW6: 排名
B7: 4℃-壽司手卷 | C7: 1 | D7: 韓式辣炒豬肉飯卷 | E7: 6 | F7: 3273 | G7: =F7/E7 -> 545.5 | H7: =AVERAGE(G7:G21) -> 391.75 | I7: =AVERAGE(P7,U7,Z7,AE7,AJ7,AO7,AT7) -> 6 | J7: =AVERAGE(Q7,V7,AA7,AF7,AK7,AP7,AU7) -> 2957.4337 | K7: =AVERAGE(R7,W7,AB7,AG7,AL7,AQ7,AV7) -> 492.90562 | L7: =IFERROR(AVERAGE(K7:K21),"-") -> 353.61817 | M7: =RANK(K7, K$7:$K$21) -> 1 | P7: 6 | Q7: 2958.3689 | R7: =IFERROR(Q7/P7,"") -> 493.06148 | S7: =RANK(R7, R$7:R$21) -> 1 | T7: =AVERAGE(R7:R21) -> 352.84484 | U7: 6 | V7: 2956.7324 | W7: =IFERROR(V7/U7,"") -> 492.78873 | X7: =RANK(W7, W$7:W$21) -> 1 | Y7: =AVERAGE(W7:W21) -> 353.07121 | Z7: 6 | AA7: 2958.0416 | AB7: =IFERROR(AA7/Z7,"") -> 493.00693 | AC7: =RANK(AB7, AB$7:AB$21) -> 1 | AD7: =AVERAGE(AB7:AB21) -> 353.42204 | AE7: 6 | AF7: 2958.6962 | AG7: =IFERROR(AF7/AE7,"") -> 493.11603 | AH7: =RANK(AG7, AG$7:AG$21) -> 1 | AI7: =AVERAGE(AG7:AG21) -> 353.68096 | AJ7: 6 | AK7: 2957.7143 | AL7: =IFERROR(AK7/AJ7,"") -> 492.95238 | AM7: =RANK(AL7, AL$7:AL$21) -> 1 | AN7: =AVERAGE(AL7:AL21) -> 349.32419 | AO7: 6 | AP7: 2956.0778 | AQ7: =IFERROR(AP7/AO7,"") -> 492.67963 | AR7: =RANK(AQ7, AQ$7:AQ$21) -> 1 | AS7: =AVERAGE(AQ7:AQ21) -> 349.4589 | AT7: 6 | AU7: 2956.4051 | AV7: =IFERROR(AU7/AT7,"") -> 492.73418 | AW7: =RANK(AV7, AV$7:AV$21) -> 1 | AX7: =AVERAGE(AV7:AV21) -> 349.49161
C8: 2 | D8: 山葵生鮪魚泥脆卷 | E8: 6 | F8: 2500 | G8: =F8/E8 -> 416.66667 | I8: =AVERAGE(P8,U8,Z8,AE8,AJ8,AO8,AT8) -> 6 | J8: =AVERAGE(Q8,V8,AA8,AF8,AK8,AP8,AU8) -> 2265.0331 | K8: =AVERAGE(R8,W8,AB8,AG8,AL8,AQ8,AV8) -> 377.50551 | M8: =RANK(K8, K$7:$K$21) -> 4 | P8: 6 | Q8: 2264.4999 | R8: =IFERROR(Q8/P8,"") -> 377.41665 | S8: =RANK(R8, R$7:R$21) -> 5 | U8: 6 | V8: 2264.2499 | W8: =IFERROR(V8/U8,"") -> 377.37498 | X8: =RANK(W8, W$7:W$21) -> 5 | Z8: 6 | AA8: 2266.128 | AB8: =IFERROR(AA8/Z8,"") -> 377.688 | AC8: =RANK(AB8, AB$7:AB$21) -> 4 | AE8: 6 | AF8: 2266.878 | AG8: =IFERROR(AF8/AE8,"") -> 377.813 | AH8: =RANK(AG8, AG$7:AG$21) -> 4 | AJ8: 6 | AK8: 2267.628 | AL8: =IFERROR(AK8/AJ8,"") -> 377.938 | AM8: =RANK(AL8, AL$7:AL$21) -> 4 | AO8: 6 | AP8: 2262.9238 | AQ8: =IFERROR(AP8/AO8,"") -> 377.15397 | AR8: =RANK(AQ8, AQ$7:AQ$21) -> 4 | AT8: 6 | AU8: 2262.9238 | AV8: =IFERROR(AU8/AT8,"") -> 377.15397 | AW8: =RANK(AV8, AV$7:AV$21) -> 4
C9: 3 | D9: 醬油生鮭脆卷 | E9: 6 | F9: 2500 | G9: =F9/E9 -> 416.66667 | I9: =AVERAGE(P9,U9,Z9,AE9,AJ9,AO9,AT9) -> 6 | J9: =AVERAGE(Q9,V9,AA9,AF9,AK9,AP9,AU9) -> 2264.9509 | K9: =AVERAGE(R9,W9,AB9,AG9,AL9,AQ9,AV9) -> 377.49182 | M9: =RANK(K9, K$7:$K$21) -> 5 | P9: 6 | Q9: 2265.7332 | R9: =IFERROR(Q9/P9,"") -> 377.62221 | S9: =RANK(R9, R$7:R$21) -> 4 | U9: 6 | V9: 2264.8568 | W9: =IFERROR(V9/U9,"") -> 377.47614 | X9: =RANK(W9, W$7:W$21) -> 4 | Z9: 6 | AA9: 2264.8568 | AB9: =IFERROR(AA9/Z9,"") -> 377.47614 | AC9: =RANK(AB9, AB$7:AB$21) -> 5 | AE9: 6 | AF9: 2264.3568 | AG9: =IFERROR(AF9/AE9,"") -> 377.39281 | AH9: =RANK(AG9, AG$7:AG$21) -> 5
C10: 4 | D10: 鮪魚昆布細卷 | E10: 6 | F10: 2600 | G10: =F10/E10 -> 433.33333 | I10: =AVERAGE(P10,U10,Z10,AE10,AJ10,AO10,AT10) -> 6 | J10: =AVERAGE(Q10,V10,AA10,AF10,AK10,AP10,AU10) -> 2349.5245 | K10: =AVERAGE(R10,W10,AB10,AG10,AL10,AQ10,AV10) -> 391.58741 | M10: =RANK(K10, K$7:$K$21) -> 2 | P10: 6 | Q10: 2350.3788 | R10: =IFERROR(Q10/P10,"") -> 391.72979 | S10: =RANK(R10, R$7:R$21) -> 2 | U10: 6 | V10: 2350.3788 | W10: =IFERROR(V10/U10,"") -> 391.72979 | X10: =RANK(W10, W$7:W$21) -> 2 | Z10: 6 | AA10: 2349.8588 | AB10: =IFERROR(AA10/Z10,"") -> 391.64313 | AC10: =RANK(AB10, AB$7:AB$21) -> 2 | AE10: 6 | AF10: 2348.5588 | AG10: =IFERROR(AF10/AE10,"") -> 391.42646 | AH10: =RANK(AG10, AG$7:AG$21) -> 3 | AJ10: 6 | AK10: 2348.5588 | AL10: =IFERROR(AK10/AJ10,"") -> 391.42646 | AM10: =RANK(AL10, AL$7:AL$21) -> 2 | AO10: 6 | AP10: 2349.0788 | AQ10: =IFERROR(AP10/AO10,"") -> 391.51313 | AR10: =RANK(AQ10, AQ$7:AQ$21) -> 2 | AT10: 6 | AU10: 2349.8588 | AV10: =IFERROR(AU10/AT10,"") -> 391.64313 | AW10: =RANK(AV10, AV$7:AV$21) -> 2
C11: 5 | D11: 肉鬆火腿細卷 | E11: 6 | F11: 2600 | G11: =F11/E11 -> 433.33333 | I11: =AVERAGE(P11,U11,Z11,AE11,AJ11,AO11,AT11) -> 6 | J11: =AVERAGE(Q11,V11,AA11,AF11,AK11,AP11,AU11) -> 2348.4631 | K11: =AVERAGE(R11,W11,AB11,AG11,AL11,AQ11,AV11) -> 391.41052 | M11: =RANK(K11, K$7:$K$21) -> 3 | P11: 6 | Q11: 2349.1212 | R11: =IFERROR(Q11/P11,"") -> 391.52019 | S11: =RANK(R11, R$7:R$21) -> 3 | U11: 6 | V11: 2350.2168 | W11: =IFERROR(V11/U11,"") -> 391.70279 | X11: =RANK(W11, W$7:W$21) -> 3 | Z11: 6 | AA11: 2349.6968 | AB11: =IFERROR(AA11/Z11,"") -> 391.61613 | AC11: =RANK(AB11, AB$7:AB$21) -> 3 | AE11: 6 | AF11: 2348.6568 | AG11: =IFERROR(AF11/AE11,"") -> 391.44279 | AH11: =RANK(AG11, AG$7:AG$21) -> 2 | AJ11: 6 | AK11: 2347.8768 | AL11: =IFERROR(AK11/AJ11,"") -> 391.31279 | AM11: =RANK(AL11, AL$7:AL$21) -> 3 | AO11: 6 | AP11: 2346.8368 | AQ11: =IFERROR(AP11/AO11,"") -> 391.13946 | AR11: =RANK(AQ11, AQ$7:AQ$21) -> 3 | AT11: 6 | AU11: 2346.8368 | AV11: =IFERROR(AU11/AT11,"") -> 391.13946 | AW11: =RANK(AV11, AV$7:AV$21) -> 3
C12: 6 | D12: 海陸雙拼壽司 | E12: 20 | F12: 2100 | G12: =F12/E12 -> 105 | I12: =AVERAGE(P12,U12,Z12,AE12,AJ12,AO12,AT12) -> 20 | J12: =AVERAGE(Q12,V12,AA12,AF12,AK12,AP12,AU12) -> 1816.1632 | K12: =AVERAGE(R12,W12,AB12,AG12,AL12,AQ12,AV12) -> 90.808158 | M12: =RANK(K12, K$7:$K$21) -> 6 | P12: 20 | Q12: 1714.375 | R12: =IFERROR(Q12/P12,"") -> 85.718751 | S12: =RANK(R12, R$7:R$21) -> 6 | U12: 20 | V12: 1747.0968 | W12: =IFERROR(V12/U12,"") -> 87.35484 | X12: =RANK(W12, W$7:W$21) -> 6 | Z12: 20 | AA12: 1782.0387 | AB12: =IFERROR(AA12/Z12,"") -> 89.101937 | AC12: =RANK(AB12, AB$7:AB$21) -> 6 | AE12: 20 | AF12: 1817.8937 | AG12: =IFERROR(AF12/AE12,"") -> 90.894686 | AH12: =RANK(AG12, AG$7:AG$21) -> 6 | AJ12: 20 | AK12: 1859.8261 | AL12: =IFERROR(AK12/AJ12,"") -> 92.991307 | AM12: =RANK(AL12, AL$7:AL$21) -> 5 | AO12: 20 | AP12: 1896.1659 | AQ12: =IFERROR(AP12/AO12,"") -> 94.808294 | AR12: =RANK(AQ12, AQ$7:AQ$21) -> 5 | AT12: 20 | AU12: 1895.7459 | AV12: =IFERROR(AU12/AT12,"") -> 94.787294 | AW12: =RANK(AV12, AV$7:AV$21) -> 5
C13: 7
C14: 8
C15: 9
C16: 10
C17: 11
C18: 12
C19: 13
C20: 14
C21: 15
B22: 產線配置圖－每週更新(0602-0608) | N22: 資料繳交 | O22: 日期 | P22: 46175 | U22: 46176 | Z22: 46177 | AE22: 46178 | AJ22: 46179 | AO22: 46180 | AT22: 46181
P23: 46175 | U23: 46176 | Z23: 46177 | AE23: 46178 | AJ23: 46179 | AO23: 46180 | AT23: 46181
B24: 品群 | C24: 商品名稱 | E24: 計畫 | H24: 平均人時性 | I24: 實績 (週平均) | L24: 平均人時性 | M24: 排名 | O24: 日報 | P24: 實際 | T24: 平均人時性 | U24: 實際 | Y24: 平均人時性 | Z24: 實際 | AD24: 平均人時性 | AE24: 實際 | AI24: 平均人時性 | AJ24: 實際 | AN24: 平均人時性 | AO24: 實際 | AS24: 平均人時性 | AT24: 實際 | AX24: 平均人時性
E25: 產線配置圖 | I25: 產線配置圖 | P25: 生產實績 | U25: 生產實績 | Z25: 生產實績 | AE25: 生產實績 | AJ25: 生產實績 | AO25: 生產實績 | AT25: 生產實績
E26: 人數 | F26: 產能／時 | G26: 人時性 | I26: 人數 | J26: 產能／時 | K26: 人時性 | P26: 人數 | Q26: 產能／時 | R26: 人時性 | S26: 排名 | U26: 人數 | V26: 產能／時 | W26: 人時性 | X26: 排名 | Z26: 人數 | AA26: 產能／時 | AB26: 人時性 | AC26: 排名 | AE26: 人數 | AF26: 產能／時 | AG26: 人時性 | AH26: 排名 | AJ26: 人數 | AK26: 產能／時 | AL26: 人時性 | AM26: 排名 | AO26: 人數 | AP26: 產能／時 | AQ26: 人時性 | AR26: 排名 | AT26: 人數 | AU26: 產能／時 | AV26: 人時性 | AW26: 排名
B27: 4℃-壽司手卷 | C27: 1 | D27: 韓式辣炒豬肉飯卷 | E27: 6 | F27: 3273 | G27: =F27/E27 -> 545.5 | H27: =AVERAGE(G27:G41) -> 413.22222 | I27: =AVERAGE(P27,U27,Z27,AE27,AJ27,AO27,AT27) -> 6 | J27: =AVERAGE(Q27,V27,AA27,AF27,AK27,AP27,AU27) -> 2958.8832 | K27: =AVERAGE(R27,W27,AB27,AG27,AL27,AQ27,AV27) -> 493.1472 | L27: =IFERROR(AVERAGE(K27:K41),"-") -> 370.29269 | M27: =RANK(K27, K$27:$K$41) -> 1 | P27: 6 | Q27: 2957.387 | R27: =IFERROR(Q27/P27,"") -> 492.89783 | S27: =RANK(R27, R$27:R$41) -> 1 | T27: =AVERAGE(R27:R41) -> 365.72447 | U27: 6 | V27: 2958.0416 | W27: =IFERROR(V27/U27,"") -> 493.00693 | X27: =RANK(W27, W$27:W$41) -> 1 | Y27: =AVERAGE(W27:W41) -> 367.28971 | Z27: 6 | AA27: 2958.6962 | AB27: =IFERROR(AA27/Z27,"") -> 493.11603 | AC27: =RANK(AB27, AB$27:AB$41) -> 1 | AD27: =AVERAGE(AB27:AB41) -> 368.93616 | AE27: 6 | AF27: 2958.0416 | AG27: =IFERROR(AF27/AE27,"") -> 493.00693 | AH27: =RANK(AG27, AG$27:AG$41) -> 1 | AI27: =AVERAGE(AG27:AG41) -> 370.61471 | AJ27: 6 | AK27: 2959.0235 | AL27: =IFERROR(AK27/AJ27,"") -> 493.17058 | AM27: =RANK(AL27, AL$27:AL$41) -> 1 | AN27: =AVERAGE(AL27:AL41) -> 372.35863 | AO27: 6 | AP27: 2960.0054 | AQ27: =IFERROR(AP27/AO27,"") -> 493.33423 | AR27: =RANK(AQ27, AQ$27:AQ$41) -> 2 | AS27: =AVERAGE(AQ27:AQ41) -> 373.57217 | AT27: 6 | AU27: 2960.9873 | AV27: =IFERROR(AU27/AT27,"") -> 493.49788 | AW27: =RANK(AV27, AV$27:AV$41) -> 2 | AX27: =AVERAGE(AV27:AV41) -> 372.91893
C28: 2 | D28: 山葵生鮪魚泥脆卷 | E28: 6 | F28: 2500 | G28: =F28/E28 -> 416.66667 | I28: =AVERAGE(P28,U28,Z28,AE28,AJ28,AO28,AT28) -> 6 | J28: =AVERAGE(Q28,V28,AA28,AF28,AK28,AP28,AU28) -> 2260.3405 | K28: =AVERAGE(R28,W28,AB28,AG28,AL28,AQ28,AV28) -> 376.72342 | M28: =RANK(K28, K$27:$K$41) -> 5 | P28: 6 | Q28: 2261.9238 | R28: =IFERROR(Q28/P28,"") -> 376.98731 | S28: =RANK(R28, R$27:R$41) -> 5 | U28: 6 | V28: 2261.1738 | W28: =IFERROR(V28/U28,"") -> 376.86231 | X28: =RANK(W28, W$27:W$41) -> 5 | Z28: 6 | AA28: 2260.4238 | AB28: =IFERROR(AA28/Z28,"") -> 376.73731 | AC28: =RANK(AB28, AB$27:AB$41) -> 5 | AE28: 6 | AF28: 2260.1738 | AG28: =IFERROR(AF28/AE28,"") -> 376.69564 | AH28: =RANK(AG28, AG$27:AG$41) -> 5 | AJ28: 6 | AK28: 2259.4238 | AL28: =IFERROR(AK28/AJ28,"") -> 376.57064 | AM28: =RANK(AL28, AL$27:AL$41) -> 5 | AO28: 6 | AP28: 2258.9238 | AQ28: =IFERROR(AP28/AO28,"") -> 376.48731 | AR28: =RANK(AQ28, AQ$27:AQ$41) -> 5
C29: 3 | D29: 鮪魚昆布細卷 | E29: 6 | F29: 2600 | G29: =F29/E29 -> 433.33333 | I29: =AVERAGE(P29,U29,Z29,AE29,AJ29,AO29,AT29) -> 6 | J29: =AVERAGE(Q29,V29,AA29,AF29,AK29,AP29,AU29) -> 2348.9673 | K29: =AVERAGE(R29,W29,AB29,AG29,AL29,AQ29,AV29) -> 391.49455 | M29: =RANK(K29, K$27:$K$41) -> 3 | P29: 6 | Q29: 2349.0788 | R29: =IFERROR(Q29/P29,"") -> 391.51313 | S29: =RANK(R29, R$27:R$41) -> 3 | U29: 6 | V29: 2348.5588 | W29: =IFERROR(V29/U29,"") -> 391.42646 | X29: =RANK(W29, W$27:W$41) -> 3 | Z29: 6 | AA29: 2349.0788 | AB29: =IFERROR(AA29/Z29,"") -> 391.51313 | AC29: =RANK(AB29, AB$27:AB$41) -> 3 | AE29: 6 | AF29: 2349.5988 | AG29: =IFERROR(AF29/AE29,"") -> 391.59979 | AH29: =RANK(AG29, AG$27:AG$41) -> 3 | AJ29: 6 | AK29: 2348.5588 | AL29: =IFERROR(AK29/AJ29,"") -> 391.42646 | AM29: =RANK(AL29, AL$27:AL$41) -> 4 | AO29: 6 | AP29: 2349.3388 | AQ29: =IFERROR(AP29/AO29,"") -> 391.55646 | AR29: =RANK(AQ29, AQ$27:AQ$41) -> 3 | AT29: 6 | AU29: 2348.5588 | AV29: =IFERROR(AU29/AT29,"") -> 391.42646 | AW29: =RANK(AV29, AV$27:AV$41) -> 3
C30: 4 | D30: 肉鬆火腿細卷 | E30: 6 | F30: 2600 | G30: =F30/E30 -> 433.33333 | I30: =AVERAGE(P30,U30,Z30,AE30,AJ30,AO30,AT30) -> 6 | J30: =AVERAGE(Q30,V30,AA30,AF30,AK30,AP30,AU30) -> 2347.8396 | K30: =AVERAGE(R30,W30,AB30,AG30,AL30,AQ30,AV30) -> 391.3066 | M30: =RANK(K30, K$27:$K$41) -> 4 | P30: 6 | Q30: 2346.8368 | R30: =IFERROR(Q30/P30,"") -> 391.13946 | S30: =RANK(R30, R$27:R$41) -> 4 | U30: 6 | V30: 2347.6168 | W30: =IFERROR(V30/U30,"") -> 391.26946 | X30: =RANK(W30, W$27:W$41) -> 4 | Z30: 6 | AA30: 2347.6168 | AB30: =IFERROR(AA30/Z30,"") -> 391.26946 | AC30: =RANK(AB30, AB$27:AB$41) -> 4 | AE30: 6 | AF30: 2347.6168 | AG30: =IFERROR(AF30/AE30,"") -> 391.26946 | AH30: =RANK(AG30, AG$27:AG$41) -> 4 | AJ30: 6 | AK30: 2348.6568 | AL30: =IFERROR(AK30/AJ30,"") -> 391.44279 | AM30: =RANK(AL30, AL$27:AL$41) -> 3 | AO30: 6 | AP30: 2348.6568 | AQ30: =IFERROR(AP30/AO30,"") -> 391.44279 | AR30: =RANK(AQ30, AQ$27:AQ$41) -> 4 | AT30: 6 | AU30: 2347.8768 | AV30: =IFERROR(AU30/AT30,"") -> 391.31279 | AW30: =RANK(AV30, AV$27:AV$41) -> 4
C31: 5 | D31: 海陸雙拼壽司 | E31: 20 | F31: 2100 | G31: =F31/E31 -> 105 | I31: =AVERAGE(P31,U31,Z31,AE31,AJ31,AO31,AT31) -> 20 | J31: =AVERAGE(Q31,V31,AA31,AF31,AK31,AP31,AU31) -> 1894.6659 | K31: =AVERAGE(R31,W31,AB31,AG31,AL31,AQ31,AV31) -> 94.733294 | M31: =RANK(K31, K$27:$K$41) -> 6 | P31: 20 | Q31: 1895.1159 | R31: =IFERROR(Q31/P31,"") -> 94.755794 | S31: =RANK(R31, R$27:R$41) -> 6 | U31: 20 | V31: 1894.9059 | W31: =IFERROR(V31/U31,"") -> 94.745294 | X31: =RANK(W31, W$27:W$41) -> 6 | Z31: 20 | AA31: 1894.6959 | AB31: =IFERROR(AA31/Z31,"") -> 94.734794 | AC31: =RANK(AB31, AB$27:AB$41) -> 6 | AE31: 20 | AF31: 1894.4859 | AG31: =IFERROR(AF31/AE31,"") -> 94.724294 | AH31: =RANK(AG31, AG$27:AG$41) -> 6 | AJ31: 20 | AK31: 1894.4859 | AL31: =IFERROR(AK31/AJ31,"") -> 94.724294 | AM31: =RANK(AL31, AL$27:AL$41) -> 6 | AO31: 20 | AP31: 1894.4859 | AQ31: =IFERROR(AP31/AO31,"") -> 94.724294 | AR31: =RANK(AQ31, AQ$27:AQ$41) -> 6 | AT31: 20 | AU31: 1894.4859 | AV31: =IFERROR(AU31/AT31,"") -> 94.724294 | AW31: =RANK(AV31, AV$27:AV$41) -> 5
C32: 6 | D32: 厚香料優格咖哩烤雞飯卷 | E32: 6 | F32: 3273 | G32: =F32/E32 -> 545.5 | I32: =AVERAGE(P32,U32,Z32,AE32,AJ32,AO32,AT32) -> 6 | J32: =AVERAGE(Q32,V32,AA32,AF32,AK32,AP32,AU32) -> 2846.1065 | K32: =AVERAGE(R32,W32,AB32,AG32,AL32,AQ32,AV32) -> 474.35108 | M32: =RANK(K32, K$27:$K$41) -> 2 | P32: 6 | Q32: 2682.3198 | R32: =IFERROR(Q32/P32,"") -> 447.05329 | S32: =RANK(R32, R$27:R$41) -> 2 | U32: 6 | V32: 2738.5668 | W32: =IFERROR(V32/U32,"") -> 456.4278 | X32: =RANK(W32, W$27:W$41) -> 2 | Z32: 6 | AA32: 2797.4773 | AB32: =IFERROR(AA32/Z32,"") -> 466.24621 | AC32: =RANK(AB32, AB$27:AB$41) -> 2 | AE32: 6 | AF32: 2858.3528 | AG32: =IFERROR(AF32/AE32,"") -> 476.39213 | AH32: =RANK(AG32, AG$27:AG$41) -> 2 | AJ32: 6 | AK32: 2920.902 | AL32: =IFERROR(AK32/AJ32,"") -> 486.817 | AM32: =RANK(AL32, AL$27:AL$41) -> 2 | AO32: 6 | AP32: 2963.3276 | AQ32: =IFERROR(AP32/AO32,"") -> 493.88793 | AR32: =RANK(AQ32, AQ$27:AQ$41) -> 1 | AT32: 6 | AU32: 2961.7993 | AV32: =IFERROR(AU32/AT32,"") -> 493.63321 | AW32: =RANK(AV32, AV$27:AV$41) -> 1
C33: 7
C34: 8
C35: 9
C36: 10
C37: 11
C38: 12
C39: 13
C40: 14
C41: 15

Sheet （５-5）品群別人時生產性(微波主食) 
B1: 6月平均人時性 | C1: =AVERAGE(L27) -> 83.410714
B2: 產線配置圖－每週更新(0526-0601) | N2: 資料繳交 | O2: 日期 | P2: 46168 | U2: 46169 | Z2: 46170 | AE2: 46171 | AJ2: 46172 | AO2: 46173 | AT2: 46174
P3: 46168 | U3: 46169 | Z3: 46170 | AE3: 46171 | AJ3: 46172 | AO3: 46173 | AT3: 46174
B4: 品群 | C4: 商品名稱 | E4: 計畫 | H4: 平均人時性 | I4: 實績 (週平均) | L4: 平均人時性 | M4: 排名 | O4: 日報 | P4: 實際 | T4: 平均人時性 | U4: 實際 | Y4: 平均人時性 | Z4: 實際 | AD4: 平均人時性 | AE4: 實際 | AI4: 平均人時性 | AJ4: 實際 | AN4: 平均人時性 | AO4: 實際 | AS4: 平均人時性 | AT4: 實際 | AX4: 平均人時性
E5: 產線配置圖 | I5: 產線配置圖 | P5: 生產實績 | U5: 生產實績 | Z5: 生產實績 | AE5: 生產實績 | AJ5: 生產實績 | AO5: 生產實績 | AT5: 生產實績
E6: 人數 | F6: 產能／時 | G6: 人時性 | I6: 人數 | J6: 產能／時 | K6: 人時性 | P6: 人數 | Q6: 產能／時 | R6: 人時性 | S6: 排名 | U6: 人數 | V6: 產能／時 | W6: 人時性 | X6: 排名 | Z6: 人數 | AA6: 產能／時 | AB6: 人時性 | AC6: 排名 | AE6: 人數 | AF6: 產能／時 | AG6: 人時性 | AH6: 排名 | AJ6: 人數 | AK6: 產能／時 | AL6: 人時性 | AM6: 排名 | AO6: 人數 | AP6: 產能／時 | AQ6: 人時性 | AR6: 排名 | AT6: 人數 | AU6: 產能／時 | AV6: 人時性 | AW6: 排名
B7: 微波主食 | C7: 1 | D7: 糖燻野郎三十天熟成牛飯 | E7: 24 | F7: 2000 | G7: =F7/E7 -> 83.333333 | H7: =AVERAGE(G7:G21) -> 91.575471 | I7: =AVERAGE(P7,U7,Z7,AE7,AJ7,AO7,AT7) -> 24 | J7: =AVERAGE(Q7,V7,AA7,AF7,AK7,AP7,AU7) -> 1791.1908 | K7: =AVERAGE(R7,W7,AB7,AG7,AL7,AQ7,AV7) -> 64.259366 | L7: =IFERROR(AVERAGE(K7:K21),"-") -> 72.075562 | M7: =RANK(K7, K$7:$K$21) -> 7 | P7: 24 | Q7: 1791.3623 | R7: =IFERROR(Q7/P7,"") -> 74.640094 | S7: =RANK(R7, R$7:R$21) -> 7 | T7: =AVERAGE(R7:R21) -> 83.425545 | U7: 24 | V7: 1791.9623 | W7: =IFERROR(V7/U7,"") -> 74.665094 | X7: =RANK(W7, W$7:W$21) -> 7 | Y7: =AVERAGE(W7:W21) -> 83.426649 | Z7: 24 | AA7: 1792.3623 | AB7: =IFERROR(AA7/Z7,"") -> 74.681761 | AC7: =RANK(AB7, AB$7:AB$21) -> 7 | AD7: =AVERAGE(AB7:AB21) -> 83.429048 | AE7: 24 | AF7: 1791.3623 | AG7: =IFERROR(AF7/AE7,"") -> 74.640094 | AH7: =RANK(AG7, AG$7:AG$21) -> 7 | AI7: =AVERAGE(AG7:AG21) -> 83.41566 | AJ7: 24 | AK7: 1790.7623 | AL7: =IFERROR(AK7/AJ7,"") -> 74.615094 | AM7: =RANK(AL7, AL$7:AL$21) -> 7 | AN7: =AVERAGE(AL7:AL21) -> 83.418371 | AO7: 24 | AP7: 1789.7623 | AQ7: =IFERROR(AP7/AO7,"") -> 74.573427 | AR7: =RANK(AQ7, AQ$7:AQ$21) -> 7 | AS7: =AVERAGE(AQ7:AQ21) -> 83.41366 | AT7: 24 | AU7: 1790.7623 | AV7: =RANK(AU7, AU$7:AU$21) -> 2 | AW7: =RANK(AV7, AV$7:AV$21) -> 6 | AX7: =AVERAGE(AV7:AV21) -> 4
C8: 2 | D8: 二配里肌豬排可可咖哩歐姆蛋飯 | E8: 23 | F8: 2000 | G8: =F8/E8 -> 86.956522 | I8: =AVERAGE(P8,U8,Z8,AE8,AJ8,AO8,AT8) -> 23 | J8: =AVERAGE(Q8,V8,AA8,AF8,AK8,AP8,AU8) -> 1788.1143 | K8: =AVERAGE(R8,W8,AB8,AG8,AL8,AQ8,AV8) -> 67.062112 | M8: =RANK(K8, K$7:$K$21) -> 4 | P8: 23 | Q8: 1788.2 | R8: =IFERROR(Q8/P8,"") -> 77.747826 | S8: =RANK(R8, R$7:R$21) -> 4 | U8: 23 | V8: 1788.2 | W8: =IFERROR(V8/U8,"") -> 77.747826 | X8: =RANK(W8, W$7:W$21) -> 4 | Z8: 23 | AA8: 1787.8 | AB8: =IFERROR(AA8/Z8,"") -> 77.730435 | AC8: =RANK(AB8, AB$7:AB$21) -> 4 | AE8: 23 | AF8: 1787.2 | AG8: =IFERROR(AF8/AE8,"") -> 77.704348 | AH8: =RANK(AG8, AG$7:AG$21) -> 5 | AJ8: 23 | AK8: 1788 | AL8: =IFERROR(AK8/AJ8,"") -> 77.73913 | AM8: =RANK(AL8, AL$7:AL$21) -> 5 | AO8: 23 | AP8: 1788.6 | AQ8: =IFERROR(AP8/AO8,"") -> 77.765217 | AR8: =RANK(AQ8, AQ$7:AQ$21) -> 4 | AT8: 23 | AU8: 1788.8 | AV8: =RANK(AU8, AU$7:AU$21) -> 3 | AW8: =RANK(AV8, AV$7:AV$21) -> 5
C9: 3 | D9: 二配黃金雞排蘑菇白醬歐姆蛋飯 | E9: 23 | F9: 2000 | G9: =F9/E9 -> 86.956522 | I9: =AVERAGE(P9,U9,Z9,AE9,AJ9,AO9,AT9) -> 23 | J9: =AVERAGE(Q9,V9,AA9,AF9,AK9,AP9,AU9) -> 1790.9322 | K9: =AVERAGE(R9,W9,AB9,AG9,AL9,AQ9,AV9) -> 66.885494 | M9: =RANK(K9, K$7:$K$21) -> 5 | P9: 23 | Q9: 1790.3608 | R9: =IFERROR(Q9/P9,"") -> 77.841772 | S9: =RANK(R9, R$7:R$21) -> 3 | U9: 23 | V9: 1790.9608 | W9: =IFERROR(V9/U9,"") -> 77.867859 | X9: =RANK(W9, W$7:W$21) -> 3 | Z9: 23 | AA9: 1791.3608 | AB9: =IFERROR(AA9/Z9,"") -> 77.88525 | AC9: =RANK(AB9, AB$7:AB$21) -> 3 | AE9: 23 | AF9: 1790.3608 | AG9: =IFERROR(AF9/AE9,"") -> 77.841772 | AH9: =RANK(AG9, AG$7:AG$21) -> 3 | AJ9: 23 | AK9: 1790.9608 | AL9: =IFERROR(AK9/AJ9,"") -> 77.867859 | AM9: =RANK(AL9, AL$7:AL$21) -> 3 | AO9: 23 | AP9: 1791.5608 | AQ9: =IFERROR(AP9/AO9,"") -> 77.893946 | AR9: =RANK(AQ9, AQ$7:AQ$21) -> 3 | AT9: 23 | AU9: 1790.9608 | AV9: =RANK(AU9, AU$7:AU$21) -> 1 | AW9: =RANK(AV9, AV$7:AV$21) -> 7
C10: 4 | D10: 二配哞哞培根奶香海陸焗飯 | E10: 23 | F10: 2000 | G10: =F10/E10 -> 86.956522 | I10: =AVERAGE(P10,U10,Z10,AE10,AJ10,AO10,AT10) -> 23 | J10: =AVERAGE(Q10,V10,AA10,AF10,AK10,AP10,AU10) -> 1787.7143 | K10: =AVERAGE(R10,W10,AB10,AG10,AL10,AQ10,AV10) -> 67.480745 | M10: =RANK(K10, K$7:$K$21) -> 3 | P10: 23 | Q10: 1788 | R10: =IFERROR(Q10/P10,"") -> 77.73913 | S10: =RANK(R10, R$7:R$21) -> 5 | U10: 23 | V10: 1787.2 | W10: =IFERROR(V10/U10,"") -> 77.704348 | X10: =RANK(W10, W$7:W$21) -> 5 | Z10: 23 | AA10: 1787.4 | AB10: =IFERROR(AA10/Z10,"") -> 77.713043 | AC10: =RANK(AB10, AB$7:AB$21) -> 5 | AE10: 23 | AF10: 1788 | AG10: =IFERROR(AF10/AE10,"") -> 77.73913 | AH10: =RANK(AG10, AG$7:AG$21) -> 4 | AJ10: 23 | AK10: 1788.4 | AL10: =IFERROR(AK10/AJ10,"") -> 77.756522 | AM10: =RANK(AL10, AL$7:AL$21) -> 4 | AO10: 23 | AP10: 1787.4 | AQ10: =IFERROR(AP10/AO10,"") -> 77.713043 | AR10: =RANK(AQ10, AQ$7:AQ$21) -> 5 | AT10: 23 | AU10: 1787.6 | AV10: =RANK(AU10, AU$7:AU$21) -> 6 | AW10: =RANK(AV10, AV$7:AV$21) -> 2
C11: 5 | D11: 二配鐵板豆腐燴蛋蓋飯 | E11: 21 | F11: 1800 | G11: =F11/E11 -> 85.714286 | I11: =AVERAGE(P11,U11,Z11,AE11,AJ11,AO11,AT11) -> 21 | J11: =AVERAGE(Q11,V11,AA11,AF11,AK11,AP11,AU11) -> 1610.6505 | K11: =AVERAGE(R11,W11,AB11,AG11,AL11,AQ11,AV11) -> 66.742586 | M11: =RANK(K11, K$7:$K$21) -> 6 | P11: 21 | Q11: 1611.2934 | R11: =IFERROR(Q11/P11,"") -> 76.728255 | S11: =RANK(R11, R$7:R$21) -> 6 | U11: 21 | V11: 1611.1134 | W11: =IFERROR(V11/U11,"") -> 76.719684 | X11: =RANK(W11, W$7:W$21) -> 6 | Z11: 21 | AA11: 1610.9334 | AB11: =IFERROR(AA11/Z11,"") -> 76.711112 | AC11: =RANK(AB11, AB$7:AB$21) -> 6 | AE11: 21 | AF11: 1610.7534 | AG11: =IFERROR(AF11/AE11,"") -> 76.702541 | AH11: =RANK(AG11, AG$7:AG$21) -> 6 | AJ11: 21 | AK11: 1610.0334 | AL11: =IFERROR(AK11/AJ11,"") -> 76.668255 | AM11: =RANK(AL11, AL$7:AL$21) -> 6 | AO11: 21 | AP11: 1610.0334 | AQ11: =IFERROR(AP11/AO11,"") -> 76.668255 | AR11: =RANK(AQ11, AQ$7:AQ$21) -> 6 | AT11: 21 | AU11: 1610.3934 | AV11: =RANK(AU11, AU$7:AU$21) -> 7 | AW11: =RANK(AV11, AV$7:AV$21) -> 1
C12: 6 | D12: 二配濃起司燻腸紅醬焗烤飯 | E12: 20 | F12: 2000 | G12: =F12/E12 -> 100 | I12: =AVERAGE(P12,U12,Z12,AE12,AJ12,AO12,AT12) -> 19 | J12: =AVERAGE(Q12,V12,AA12,AF12,AK12,AP12,AU12) -> 1788 | K12: =AVERAGE(R12,W12,AB12,AG12,AL12,AQ12,AV12) -> 81.37594 | M12: =RANK(K12, K$7:$K$21) -> 2 | P12: 19 | Q12: 1788 | R12: =IFERROR(Q12/P12,"") -> 94.105263 | S12: =RANK(R12, R$7:R$21) -> 2 | U12: 19 | V12: 1788 | W12: =IFERROR(V12/U12,"") -> 94.105263 | X12: =RANK(W12, W$7:W$21) -> 2 | Z12: 19 | AA12: 1788 | AB12: =IFERROR(AA12/Z12,"") -> 94.105263 | AC12: =RANK(AB12, AB$7:AB$21) -> 2 | AE12: 19 | AF12: 1788 | AG12: =IFERROR(AF12/AE12,"") -> 94.105263 | AH12: =RANK(AG12, AG$7:AG$21) -> 2 | AJ12: 19 | AK12: 1788 | AL12: =IFERROR(AK12/AJ12,"") -> 94.105263 | AM12: =RANK(AL12, AL$7:AL$21) -> 2 | AO12: 19 | AP12: 1788 | AQ12: =IFERROR(AP12/AO12,"") -> 94.105263 | AR12: =RANK(AQ12, AQ$7:AQ$21) -> 2 | AT12: 19 | AU12: 1788 | AV12: =RANK(AU12, AU$7:AU$21) -> 5 | AW12: =RANK(AV12, AV$7:AV$21) -> 3
C13: 7 | D13: 二配香烤魚排青醬燉飯 | E13: 18 | F13: 2000 | G13: =F13/E13 -> 111.11111 | I13: =AVERAGE(P13,U13,Z13,AE13,AJ13,AO13,AT13) -> 17 | J13: =AVERAGE(Q13,V13,AA13,AF13,AK13,AP13,AU13) -> 1788 | K13: =AVERAGE(R13,W13,AB13,AG13,AL13,AQ13,AV13) -> 90.722689 | M13: =RANK(K13, K$7:$K$21) -> 1 | P13: 17 | Q13: 1788 | R13: =IFERROR(Q13/P13,"") -> 105.17647 | S13: =RANK(R13, R$7:R$21) -> 1 | U13: 17 | V13: 1788 | W13: =IFERROR(V13/U13,"") -> 105.17647 | X13: =RANK(W13, W$7:W$21) -> 1 | Z13: 17 | AA13: 1788 | AB13: =IFERROR(AA13/Z13,"") -> 105.17647 | AC13: =RANK(AB13, AB$7:AB$21) -> 1 | AE13: 17 | AF13: 1788 | AG13: =IFERROR(AF13/AE13,"") -> 105.17647 | AH13: =RANK(AG13, AG$7:AG$21) -> 1 | AJ13: 17 | AK13: 1788 | AL13: =IFERROR(AK13/AJ13,"") -> 105.17647 | AM13: =RANK(AL13, AL$7:AL$21) -> 1 | AO13: 17 | AP13: 1788 | AQ13: =IFERROR(AP13/AO13,"") -> 105.17647 | AR13: =RANK(AQ13, AQ$7:AQ$21) -> 1 | AT13: 17 | AU13: 1788 | AV13: =RANK(AU13, AU$7:AU$21) -> 4 | AW13: =RANK(AV13, AV$7:AV$21) -> 4
C14: 8
C15: 9
C16: 10
C17: 11
C18: 12
C19: 13
C20: 14
C21: 15
B22: 產線配置圖－每週更新(0602-0608) | N22: 資料繳交 | O22: 日期 | P22: 46175 | U22: 46176 | Z22: 46177 | AE22: 46178 | AJ22: 46179 | AO22: 46180 | AT22: 46181
P23: 46175 | U23: 46176 | Z23: 46177 | AE23: 46178 | AJ23: 46179 | AO23: 46180 | AT23: 46181
B24: 品群 | C24: 商品名稱 | E24: 計畫 | H24: 平均人時性 | I24: 實績 (週平均) | L24: 平均人時性 | M24: 排名 | O24: 日報 | P24: 實際 | T24: 平均人時性 | U24: 實際 | Y24: 平均人時性 | Z24: 實際 | AD24: 平均人時性 | AE24: 實際 | AI24: 平均人時性 | AJ24: 實際 | AN24: 平均人時性 | AO24: 實際 | AS24: 平均人時性 | AT24: 實際 | AX24: 平均人時性
E25: 產線配置圖 | I25: 產線配置圖 | P25: 生產實績 | U25: 生產實績 | Z25: 生產實績 | AE25: 生產實績 | AJ25: 生產實績 | AO25: 生產實績 | AT25: 生產實績
E26: 人數 | F26: 產能／時 | G26: 人時性 | I26: 人數 | J26: 產能／時 | K26: 人時性 | P26: 人數 | Q26: 產能／時 | R26: 人時性 | S26: 排名 | U26: 人數 | V26: 產能／時 | W26: 人時性 | X26: 排名 | Z26: 人數 | AA26: 產能／時 | AB26: 人時性 | AC26: 排名 | AE26: 人數 | AF26: 產能／時 | AG26: 人時性 | AH26: 排名 | AJ26: 人數 | AK26: 產能／時 | AL26: 人時性 | AM26: 排名 | AO26: 人數 | AP26: 產能／時 | AQ26: 人時性 | AR26: 排名 | AT26: 人數 | AU26: 產能／時 | AV26: 人時性 | AW26: 排名
B27: 微波主食 | C27: 1 | D27: 糖燻野郎三十天熟成牛飯 | E27: 24 | F27: 2000 | G27: =F27/E27 -> 83.333333 | H27: =AVERAGE(G27:G41) -> 91.575471 | I27: =AVERAGE(P27,U27,Z27,AE27,AJ27,AO27,AT27) -> 24 | J27: =AVERAGE(Q27,V27,AA27,AF27,AK27,AP27,AU27) -> 1790.6765 | K27: =AVERAGE(R27,W27,AB27,AG27,AL27,AQ27,AV27) -> 74.611523 | L27: =IFERROR(AVERAGE(K27:K41),"-") -> 83.410714 | M27: =RANK(K27, K$27:$K$41) -> 7 | P27: 24 | Q27: 1791.3623 | R27: =IFERROR(Q27/P27,"") -> 74.640094 | S27: =RANK(R27, R$27:R$41) -> 7 | T27: =AVERAGE(R27:R41) -> 83.417009 | U27: 24 | V27: 1791.1623 | W27: =IFERROR(V27/U27,"") -> 74.631761 | X27: =RANK(W27, W$27:W$41) -> 7 | Y27: =AVERAGE(W27:W41) -> 83.415765 | Z27: 24 | AA27: 1790.3623 | AB27: =IFERROR(AA27/Z27,"") -> 74.598427 | AC27: =RANK(AB27, AB$27:AB$41) -> 7 | AD27: =AVERAGE(AB27:AB41) -> 83.415901 | AE27: 24 | AF27: 1791.1623 | AG27: =IFERROR(AF27/AE27,"") -> 74.631761 | AH27: =RANK(AG27, AG$27:AG$41) -> 7 | AI27: =AVERAGE(AG27:AG41) -> 83.411985 | AJ27: 24 | AK27: 1790.7623 | AL27: =IFERROR(AK27/AJ27,"") -> 74.615094 | AM27: =RANK(AL27, AL$27:AL$41) -> 7 | AN27: =AVERAGE(AL27:AL41) -> 83.409604 | AO27: 24 | AP27: 1790.3623 | AQ27: =IFERROR(AP27/AO27,"") -> 74.598427 | AR27: =RANK(AQ27, AQ$27:AQ$41) -> 7 | AS27: =AVERAGE(AQ27:AQ41) -> 83.403532 | AT27: 24 | AU27: 1789.5623 | AV27: =IFERROR(AU27/AT27,"") -> 74.565094 | AW27: =RANK(AV27, AV$27:AV$41) -> 7 | AX27: =AVERAGE(AV27:AV41) -> 83.401201
C28: 2 | D28: 二配里肌豬排可可咖哩歐姆蛋飯 | E28: 23 | F28: 2000 | G28: =F28/E28 -> 86.956522 | I28: =AVERAGE(P28,U28,Z28,AE28,AJ28,AO28,AT28) -> 23 | J28: =AVERAGE(Q28,V28,AA28,AF28,AK28,AP28,AU28) -> 1788.2857 | K28: =AVERAGE(R28,W28,AB28,AG28,AL28,AQ28,AV28) -> 77.751553 | M28: =RANK(K28, K$27:$K$41) -> 4 | P28: 23 | Q28: 1789 | R28: =IFERROR(Q28/P28,"") -> 77.782609 | S28: =RANK(R28, R$27:R$41) -> 4 | U28: 23 | V28: 1788 | W28: =IFERROR(V28/U28,"") -> 77.73913 | X28: =RANK(W28, W$27:W$41) -> 4 | Z28: 23 | AA28: 1788.6 | AB28: =IFERROR(AA28/Z28,"") -> 77.765217 | AC28: =RANK(AB28, AB$27:AB$41) -> 4 | AE28: 23 | AF28: 1788 | AG28: =IFERROR(AF28/AE28,"") -> 77.73913 | AH28: =RANK(AG28, AG$27:AG$41) -> 4 | AJ28: 23 | AK28: 1788 | AL28: =IFERROR(AK28/AJ28,"") -> 77.73913 | AM28: =RANK(AL28, AL$27:AL$41) -> 4 | AO28: 23 | AP28: 1788.4 | AQ28: =IFERROR(AP28/AO28,"") -> 77.756522 | AR28: =RANK(AQ28, AQ$27:AQ$41) -> 4 | AT28: 23 | AU28: 1788 | AV28: =IFERROR(AU28/AT28,"") -> 77.73913 | AW28: =RANK(AV28, AV$27:AV$41) -> 4
C29: 3 | D29: 二配黃金雞排蘑菇白醬歐姆蛋飯 | E29: 23 | F29: 2000 | G29: =F29/E29 -> 86.956522 | I29: =AVERAGE(P29,U29,Z29,AE29,AJ29,AO29,AT29) -> 23 | J29: =AVERAGE(Q29,V29,AA29,AF29,AK29,AP29,AU29) -> 1791.9322 | K29: =AVERAGE(R29,W29,AB29,AG29,AL29,AQ29,AV29) -> 77.910095 | M29: =RANK(K29, K$27:$K$41) -> 3 | P29: 23 | Q29: 1791.1608 | R29: =IFERROR(Q29/P29,"") -> 77.876555 | S29: =RANK(R29, R$27:R$41) -> 3 | U29: 23 | V29: 1792.1608 | W29: =IFERROR(V29/U29,"") -> 77.920033 | X29: =RANK(W29, W$27:W$41) -> 3 | Z29: 23 | AA29: 1792.1608 | AB29: =IFERROR(AA29/Z29,"") -> 77.920033 | AC29: =RANK(AB29, AB$27:AB$41) -> 3 | AE29: 23 | AF29: 1792.1608 | AG29: =IFERROR(AF29/AE29,"") -> 77.920033 | AH29: =RANK(AG29, AG$27:AG$41) -> 3 | AJ29: 23 | AK29: 1792.1608 | AL29: =IFERROR(AK29/AJ29,"") -> 77.920033 | AM29: =RANK(AL29, AL$27:AL$41) -> 3 | AO29: 23 | AP29: 1791.5608 | AQ29: =IFERROR(AP29/AO29,"") -> 77.893946 | AR29: =RANK(AQ29, AQ$27:AQ$41) -> 3 | AT29: 23 | AU29: 1792.1608 | AV29: =IFERROR(AU29/AT29,"") -> 77.920033 | AW29: =RANK(AV29, AV$27:AV$41) -> 3
C30: 4 | D30: 二配哞哞培根奶香海陸焗飯 | E30: 23 | F30: 2000 | G30: =F30/E30 -> 86.956522 | I30: =AVERAGE(P30,U30,Z30,AE30,AJ30,AO30,AT30) -> 23 | J30: =AVERAGE(Q30,V30,AA30,AF30,AK30,AP30,AU30) -> 1785.4571 | K30: =AVERAGE(R30,W30,AB30,AG30,AL30,AQ30,AV30) -> 77.628571 | M30: =RANK(K30, K$27:$K$41) -> 5 | P30: 23 | Q30: 1786.8 | R30: =IFERROR(Q30/P30,"") -> 77.686957 | S30: =RANK(R30, R$27:R$41) -> 5 | U30: 23 | V30: 1786.2 | W30: =IFERROR(V30/U30,"") -> 77.66087 | X30: =RANK(W30, W$27:W$41) -> 5 | Z30: 23 | AA30: 1785.6 | AB30: =IFERROR(AA30/Z30,"") -> 77.634783 | AC30: =RANK(AB30, AB$27:AB$41) -> 5 | AE30: 23 | AF30: 1785 | AG30: =IFERROR(AF30/AE30,"") -> 77.608696 | AH30: =RANK(AG30, AG$27:AG$41) -> 5 | AJ30: 23 | AK30: 1785 | AL30: =IFERROR(AK30/AJ30,"") -> 77.608696 | AM30: =RANK(AL30, AL$27:AL$41) -> 5 | AO30: 23 | AP30: 1785 | AQ30: =IFERROR(AP30/AO30,"") -> 77.608696 | AR30: =RANK(AQ30, AQ$27:AQ$41) -> 5 | AT30: 23 | AU30: 1784.6 | AV30: =IFERROR(AU30/AT30,"") -> 77.591304 | AW30: =RANK(AV30, AV$27:AV$41) -> 5
C31: 5 | D31: 二配鐵板豆腐燴蛋蓋飯 | E31: 21 | F31: 1800 | G31: =F31/E31 -> 85.714286 | I31: =AVERAGE(P31,U31,Z31,AE31,AJ31,AO31,AT31) -> 21 | J31: =AVERAGE(Q31,V31,AA31,AF31,AK31,AP31,AU31) -> 1610.5219 | K31: =AVERAGE(R31,W31,AB31,AG31,AL31,AQ31,AV31) -> 76.69152 | M31: =RANK(K31, K$27:$K$41) -> 6 | P31: 21 | Q31: 1609.6734 | R31: =IFERROR(Q31/P31,"") -> 76.651112 | S31: =RANK(R31, R$27:R$41) -> 6 | U31: 21 | V31: 1610.2134 | W31: =IFERROR(V31/U31,"") -> 76.676827 | X31: =RANK(W31, W$27:W$41) -> 6 | Z31: 21 | AA31: 1610.9334 | AB31: =IFERROR(AA31/Z31,"") -> 76.711112 | AC31: =RANK(AB31, AB$27:AB$41) -> 6 | AE31: 21 | AF31: 1610.7534 | AG31: =IFERROR(AF31/AE31,"") -> 76.702541 | AH31: =RANK(AG31, AG$27:AG$41) -> 6 | AJ31: 21 | AK31: 1610.7534 | AL31: =IFERROR(AK31/AJ31,"") -> 76.702541 | AM31: =RANK(AL31, AL$27:AL$41) -> 6 | AO31: 21 | AP31: 1610.3934 | AQ31: =IFERROR(AP31/AO31,"") -> 76.685398 | AR31: =RANK(AQ31, AQ$27:AQ$41) -> 6 | AT31: 21 | AU31: 1610.9334 | AV31: =IFERROR(AU31/AT31,"") -> 76.711112 | AW31: =RANK(AV31, AV$27:AV$41) -> 6
C32: 6 | D32: 二配濃起司燻腸紅醬焗烤飯 | E32: 20 | F32: 2000 | G32: =F32/E32 -> 100 | I32: =AVERAGE(P32,U32,Z32,AE32,AJ32,AO32,AT32) -> 19 | J32: =AVERAGE(Q32,V32,AA32,AF32,AK32,AP32,AU32) -> 1788 | K32: =AVERAGE(R32,W32,AB32,AG32,AL32,AQ32,AV32) -> 94.105263 | M32: =RANK(K32, K$27:$K$41) -> 2 | P32: 19 | Q32: 1788 | R32: =IFERROR(Q32/P32,"") -> 94.105263 | S32: =RANK(R32, R$27:R$41) -> 2 | U32: 19 | V32: 1788 | W32: =IFERROR(V32/U32,"") -> 94.105263 | X32: =RANK(W32, W$27:W$41) -> 2 | Z32: 19 | AA32: 1788 | AB32: =IFERROR(AA32/Z32,"") -> 94.105263 | AC32: =RANK(AB32, AB$27:AB$41) -> 2 | AE32: 19 | AF32: 1788 | AG32: =IFERROR(AF32/AE32,"") -> 94.105263 | AH32: =RANK(AG32, AG$27:AG$41) -> 2 | AJ32: 19 | AK32: 1788 | AL32: =IFERROR(AK32/AJ32,"") -> 94.105263 | AM32: =RANK(AL32, AL$27:AL$41) -> 2 | AO32: 19 | AP32: 1788 | AQ32: =IFERROR(AP32/AO32,"") -> 94.105263 | AR32: =RANK(AQ32, AQ$27:AQ$41) -> 2 | AT32: 19 | AU32: 1788 | AV32: =IFERROR(AU32/AT32,"") -> 94.105263 | AW32: =RANK(AV32, AV$27:AV$41) -> 2
C33: 7 | D33: 二配香烤魚排青醬燉飯 | E33: 18 | F33: 2000 | G33: =F33/E33 -> 111.11111 | I33: =AVERAGE(P33,U33,Z33,AE33,AJ33,AO33,AT33) -> 17 | J33: =AVERAGE(Q33,V33,AA33,AF33,AK33,AP33,AU33) -> 1788 | K33: =AVERAGE(R33,W33,AB33,AG33,AL33,AQ33,AV33) -> 105.17647 | M33: =RANK(K33, K$27:$K$41) -> 1 | P33: 17 | Q33: 1788 | R33: =IFERROR(Q33/P33,"") -> 105.17647 | S33: =RANK(R33, R$27:R$41) -> 1 | U33: 17 | V33: 1788 | W33: =IFERROR(V33/U33,"") -> 105.17647 | X33: =RANK(W33, W$27:W$41) -> 1 | Z33: 17 | AA33: 1788 | AB33: =IFERROR(AA33/Z33,"") -> 105.17647 | AC33: =RANK(AB33, AB$27:AB$41) -> 1 | AE33: 17 | AF33: 1788 | AG33: =IFERROR(AF33/AE33,"") -> 105.17647 | AH33: =RANK(AG33, AG$27:AG$41) -> 1 | AJ33: 17 | AK33: 1788 | AL33: =IFERROR(AK33/AJ33,"") -> 105.17647 | AM33: =RANK(AL33, AL$27:AL$41) -> 1 | AO33: 17 | AP33: 1788 | AQ33: =IFERROR(AP33/AO33,"") -> 105.17647 | AR33: =RANK(AQ33, AQ$27:AQ$41) -> 1 | AT33: 17 | AU33: 1788 | AV33: =IFERROR(AU33/AT33,"") -> 105.17647 | AW33: =RANK(AV33, AV$27:AV$41) -> 1
C34: 8
C35: 9
C36: 10
C37: 11
C38: 12
C39: 13
C40: 14
C41: 15

Sheet （５-6）品群別人時生產性(便當)
B1: 6月平均人時性 | C1: =AVERAGE(L27) -> 79.415025
B2: 產線配置圖－每週更新(0526-0601) | N2: 資料繳交 | O2: 日期 | P2: 46168 | U2: 46169 | Z2: 46170 | AE2: 46171 | AJ2: 46172 | AO2: 46173 | AT2: 46174
P3: 46168 | U3: 46169 | Z3: 46170 | AE3: 46171 | AJ3: 46172 | AO3: 46173 | AT3: 46174
B4: 品群 | C4: 商品名稱 | E4: 計畫 | H4: 平均人時性 | I4: 實績 (週平均) | L4: 平均人時性 | M4: 排名 | O4: 日報 | P4: 實際 | T4: 平均人時性 | U4: 實際 | Y4: 平均人時性 | Z4: 實際 | AD4: 平均人時性 | AE4: 實際 | AI4: 平均人時性 | AJ4: 實際 | AN4: 平均人時性 | AO4: 實際 | AS4: 平均人時性 | AT4: 實際 | AX4: 平均人時性
E5: 產線配置圖 | I5: 產線配置圖 | P5: 生產實績 | U5: 生產實績 | Z5: 生產實績 | AE5: 生產實績 | AJ5: 生產實績 | AO5: 生產實績 | AT5: 生產實績
E6: 人數 | F6: 產能／時 | G6: 人時性 | I6: 人數 | J6: 產能／時 | K6: 人時性 | P6: 人數 | Q6: 產能／時 | R6: 人時性 | S6: 排名 | U6: 人數 | V6: 產能／時 | W6: 人時性 | X6: 排名 | Z6: 人數 | AA6: 產能／時 | AB6: 人時性 | AC6: 排名 | AE6: 人數 | AF6: 產能／時 | AG6: 人時性 | AH6: 排名 | AJ6: 人數 | AK6: 產能／時 | AL6: 人時性 | AM6: 排名 | AO6: 人數 | AP6: 產能／時 | AQ6: 人時性 | AR6: 排名 | AT6: 人數 | AU6: 產能／時 | AV6: 人時性 | AW6: 排名
B7: 便當 | C7: 1 | D7: 經典滷肉飯 | E7: 21 | F7: 2000 | G7: =F7/E7 -> 95.238095 | H7: =AVERAGE(G7:G21) -> 89.060649 | I7: =AVERAGE(P7,U7,Z7,AE7,AJ7,AO7,AT7) -> 21 | J7: =AVERAGE(Q7,V7,AA7,AF7,AK7,AP7,AU7) -> 1789.9535 | K7: =AVERAGE(R7,W7,AB7,AG7,AL7,AQ7,AV7) -> 85.235882 | L7: =IFERROR(AVERAGE(K7:K21),"-") -> 79.739369 | M7: =RANK(K7, K$7:$K$21) -> 3 | P7: 21 | Q7: 1789.9535 | R7: =IFERROR(Q7/P7,"") -> 85.235882 | S7: =RANK(R7, R$7:R$21) -> 3 | T7: =AVERAGE(R7:R21) -> 79.700003 | W7: =IFERROR(V7/U7,"") | Y7: =AVERAGE(W7:W21) -> 79.07658 | AB7: =IFERROR(AA7/Z7,"") | AD7: =AVERAGE(AB7:AB21) -> 79.07567 | AG7: =IFERROR(AF7/AE7,"") | AH7: =RANK(AG7,#REF!) -> #VALUE! | AI7: =AVERAGE(AG7:AG21) -> 79.083261 | AL7: =IFERROR(AK7/AJ7,"") | AN7: =AVERAGE(AL7:AL21) -> 79.091636 | AQ7: =IFERROR(AP7/AO7,"") | AS7: =AVERAGE(AQ7:AQ21) -> 79.091795 | AV7: =IFERROR(AU7/AT7,"") | AX7: =AVERAGE(AV7:AV21) -> 79.396669
C8: 2 | D8: 健身G肉餐盒 | E8: 24 | F8: 2000 | G8: =F8/E8 -> 83.333333 | I8: =AVERAGE(P8,U8,Z8,AE8,AJ8,AO8,AT8) -> 24 | J8: =AVERAGE(Q8,V8,AA8,AF8,AK8,AP8,AU8) -> 1794.0688 | K8: =AVERAGE(R8,W8,AB8,AG8,AL8,AQ8,AV8) -> 74.752867 | M8: =RANK(K8, K$7:$K$21) -> 8 | P8: 24 | Q8: 1794.2117 | R8: =IFERROR(Q8/P8,"") -> 74.75882 | S8: =RANK(R8, R$7:R$21) -> 8 | U8: 24 | V8: 1793.4117 | W8: =IFERROR(V8/U8,"") -> 74.725486 | X8: =RANK(W8, W$7:W$21) -> 7 | Z8: 24 | AA8: 1793.0117 | AB8: =IFERROR(AA8/Z8,"") -> 74.70882 | AC8: =RANK(AB8, AB$7:AB$21) -> 7 | AE8: 24 | AF8: 1793.8117 | AG8: =IFERROR(AF8/AE8,"") -> 74.742153 | AH8: =RANK(AG8, AG$7:AG$21) -> 7 | AJ8: 24 | AK8: 1794.4117 | AL8: =IFERROR(AK8/AJ8,"") -> 74.767153 | AM8: =RANK(AL8, AL$7:AL$21) -> 7 | AO8: 24 | AP8: 1794.8117 | AQ8: =IFERROR(AP8/AO8,"") -> 74.78382 | AR8: =RANK(AQ8, AQ$7:AQ$21) -> 7 | AT8: 24 | AU8: 1794.8117 | AV8: =IFERROR(AU8/AT8,"") -> 74.78382 | AW8: =RANK(AV8, AV$7:AV$21) -> 7
C9: 3 | D9: 烤蛋白餐盒 | E9: 23 | F9: 2000 | G9: =F9/E9 -> 86.956522 | I9: =AVERAGE(P9,U9,Z9,AE9,AJ9,AO9,AT9) -> 23 | J9: =AVERAGE(Q9,V9,AA9,AF9,AK9,AP9,AU9) -> 1791.2699 | K9: =AVERAGE(R9,W9,AB9,AG9,AL9,AQ9,AV9) -> 77.881298 | M9: =RANK(K9, K$7:$K$21) -> 6 | P9: 23 | Q9: 1791.727 | R9: =IFERROR(Q9/P9,"") -> 77.901174 | S9: =RANK(R9, R$7:R$21) -> 5 | U9: 23 | V9: 1791.327 | W9: =IFERROR(V9/U9,"") -> 77.883783 | X9: =RANK(W9, W$7:W$21) -> 4 | Z9: 23 | AA9: 1791.527 | AB9: =IFERROR(AA9/Z9,"") -> 77.892478 | AC9: =RANK(AB9, AB$7:AB$21) -> 4 | AE9: 23 | AF9: 1791.327 | AG9: =IFERROR(AF9/AE9,"") -> 77.883783 | AH9: =RANK(AG9, AG$7:AG$21) -> 5 | AJ9: 23 | AK9: 1790.927 | AL9: =IFERROR(AK9/AJ9,"") -> 77.866392 | AM9: =RANK(AL9, AL$7:AL$21) -> 5 | AO9: 23 | AP9: 1791.327 | AQ9: =IFERROR(AP9/AO9,"") -> 77.883783 | AR9: =RANK(AQ9, AQ$7:AQ$21) -> 5 | AT9: 23 | AU9: 1790.727 | AV9: =IFERROR(AU9/AT9,"") -> 77.857696 | AW9: =RANK(AV9, AV$7:AV$21) -> 5
C10: 4 | D10: 嫩烤香料雞胸排蔬滿盒 | E10: 23 | F10: 2000 | G10: =F10/E10 -> 86.956522 | I10: =AVERAGE(P10,U10,Z10,AE10,AJ10,AO10,AT10) -> 23 | J10: =AVERAGE(Q10,V10,AA10,AF10,AK10,AP10,AU10) -> 1789.8192 | K10: =AVERAGE(R10,W10,AB10,AG10,AL10,AQ10,AV10) -> 77.818227 | M10: =RANK(K10, K$7:$K$21) -> 7 | P10: 23 | Q10: 1788.6192 | R10: =IFERROR(Q10/P10,"") -> 77.766053 | S10: =RANK(R10, R$7:R$21) -> 7 | U10: 23 | V10: 1789.6192 | W10: =IFERROR(V10/U10,"") -> 77.809532 | X10: =RANK(W10, W$7:W$21) -> 6 | Z10: 23 | AA10: 1790.0192 | AB10: =IFERROR(AA10/Z10,"") -> 77.826923 | AC10: =RANK(AB10, AB$7:AB$21) -> 6 | AE10: 23 | AF10: 1789.8192 | AG10: =IFERROR(AF10/AE10,"") -> 77.818227 | AH10: =RANK(AG10, AG$7:AG$21) -> 6 | AJ10: 23 | AK10: 1789.8192 | AL10: =IFERROR(AK10/AJ10,"") -> 77.818227 | AM10: =RANK(AL10, AL$7:AL$21) -> 6 | AO10: 23 | AP10: 1790.2192 | AQ10: =IFERROR(AP10/AO10,"") -> 77.835619 | AR10: =RANK(AQ10, AQ$7:AQ$21) -> 6 | AT10: 23 | AU10: 1790.6192 | AV10: =IFERROR(AU10/AT10,"") -> 77.85301 | AW10: =RANK(AV10, AV$7:AV$21) -> 6
C11: 5 | D11: 海陸雙拼肉肉餐盒 | E11: 23 | F11: 2000 | G11: =F11/E11 -> 86.956522 | I11: =AVERAGE(P11,U11,Z11,AE11,AJ11,AO11,AT11) -> 23 | J11: =AVERAGE(Q11,V11,AA11,AF11,AK11,AP11,AU11) -> 1791.8816 | K11: =AVERAGE(R11,W11,AB11,AG11,AL11,AQ11,AV11) -> 77.907895 | M11: =RANK(K11, K$7:$K$21) -> 5 | P11: 23 | Q11: 1790.8816 | R11: =IFERROR(Q11/P11,"") -> 77.864417 | S11: =RANK(R11, R$7:R$21) -> 6 | U11: 23 | V11: 1790.8816 | W11: =IFERROR(V11/U11,"") -> 77.864417 | X11: =RANK(W11, W$7:W$21) -> 5 | Z11: 23 | AA11: 1791.2816 | AB11: =IFERROR(AA11/Z11,"") -> 77.881809 | AC11: =RANK(AB11, AB$7:AB$21) -> 5 | AE11: 23 | AF11: 1791.6816 | AG11: =IFERROR(AF11/AE11,"") -> 77.8992 | AH11: =RANK(AG11, AG$7:AG$21) -> 4 | AJ11: 23 | AK11: 1792.2816 | AL11: =IFERROR(AK11/AJ11,"") -> 77.925287 | AM11: =RANK(AL11, AL$7:AL$21) -> 4 | AO11: 23 | AP11: 1792.6816 | AQ11: =IFERROR(AP11/AO11,"") -> 77.942678 | AR11: =RANK(AQ11, AQ$7:AQ$21) -> 4 | AT11: 23 | AU11: 1793.4816 | AV11: =IFERROR(AU11/AT11,"") -> 77.977461 | AW11: =RANK(AV11, AV$7:AV$21) -> 4
C12: 6 | D12: 蔬活腿排補力餐盒 | E12: 22 | F12: 2000 | G12: =F12/E12 -> 90.909091 | I12: =AVERAGE(P12,U12,Z12,AE12,AJ12,AO12,AT12) -> 22 | J12: =AVERAGE(Q12,V12,AA12,AF12,AK12,AP12,AU12) -> 1786.6176 | K12: =AVERAGE(R12,W12,AB12,AG12,AL12,AQ12,AV12) -> 81.209893 | M12: =RANK(K12, K$7:$K$21) -> 4 | P12: 22 | Q12: 1786.8462 | R12: =IFERROR(Q12/P12,"") -> 81.220282 | S12: =RANK(R12, R$7:R$21) -> 4 | U12: 22 | V12: 1786.6462 | W12: =IFERROR(V12/U12,"") -> 81.211191 | X12: =RANK(W12, W$7:W$21) -> 3 | Z12: 22 | AA12: 1786.6462 | AB12: =IFERROR(AA12/Z12,"") -> 81.211191 | AC12: =RANK(AB12, AB$7:AB$21) -> 3 | AE12: 22 | AF12: 1786.8462 | AG12: =IFERROR(AF12/AE12,"") -> 81.220282 | AH12: =RANK(AG12, AG$7:AG$21) -> 3 | AJ12: 22 | AK12: 1786.6462 | AL12: =IFERROR(AK12/AJ12,"") -> 81.211191 | AM12: =RANK(AL12, AL$7:AL$21) -> 3 | AO12: 22 | AP12: 1786.2462 | AQ12: =IFERROR(AP12/AO12,"") -> 81.19301 | AR12: =RANK(AQ12, AQ$7:AQ$21) -> 3 | AT12: 22 | AU12: 1786.4462 | AV12: =IFERROR(AU12/AT12,"") -> 81.2021 | AW12: =RANK(AV12, AV$7:AV$21) -> 3
C13: 7 | D13: 香腸腿排雙拼便當 | E13: 20 | F13: 2000 | G13: =F13/E13 -> 100 | I13: =AVERAGE(P13,U13,Z13,AE13,AJ13,AO13,AT13) -> 20 | J13: =AVERAGE(Q13,V13,AA13,AF13,AK13,AP13,AU13) -> 1785.2895 | K13: =AVERAGE(R13,W13,AB13,AG13,AL13,AQ13,AV13) -> 89.264476 | M13: =RANK(K13, K$7:$K$21) -> 2 | P13: 20 | Q13: 1786.9467 | R13: =IFERROR(Q13/P13,"") -> 89.347333 | S13: =RANK(R13, R$7:R$21) -> 2 | U13: 20 | V13: 1785.9467 | W13: =IFERROR(V13/U13,"") -> 89.297333 | X13: =RANK(W13, W$7:W$21) -> 2 | Z13: 20 | AA13: 1784.9467 | AB13: =IFERROR(AA13/Z13,"") -> 89.247333 | AC13: =RANK(AB13, AB$7:AB$21) -> 2 | AE13: 20 | AF13: 1785.1467 | AG13: =IFERROR(AF13/AE13,"") -> 89.257333 | AH13: =RANK(AG13, AG$7:AG$21) -> 2 | AJ13: 20 | AK13: 1785.3467 | AL13: =IFERROR(AK13/AJ13,"") -> 89.267333 | AM13: =RANK(AL13, AL$7:AL$21) -> 2 | AO13: 20 | AP13: 1784.5467 | AQ13: =IFERROR(AP13/AO13,"") -> 89.227333 | AR13: =RANK(AQ13, AQ$7:AQ$21) -> 2 | AT13: 20 | AU13: 1784.1467 | AV13: =IFERROR(AU13/AT13,"") -> 89.207333 | AW13: =RANK(AV13, AV$7:AV$21) -> 2
C14: 8 | D14: 美式雞丁餐盒 | E14: 24 | F14: 2000 | G14: =F14/E14 -> 83.333333 | I14: =AVERAGE(P14,U14,Z14,AE14,AJ14,AO14,AT14) -> 24 | J14: =AVERAGE(Q14,V14,AA14,AF14,AK14,AP14,AU14) -> 1788.5225 | K14: =AVERAGE(R14,W14,AB14,AG14,AL14,AQ14,AV14) -> 74.521772 | M14: =RANK(K14, K$7:$K$21) -> 9 | P14: 24 | Q14: 1789.6082 | R14: =IFERROR(Q14/P14,"") -> 74.56701 | S14: =RANK(R14, R$7:R$21) -> 9 | U14: 24 | V14: 1788.6082 | W14: =IFERROR(V14/U14,"") -> 74.525343 | X14: =RANK(W14, W$7:W$21) -> 8 | Z14: 24 | AA14: 1788.0082 | AB14: =IFERROR(AA14/Z14,"") -> 74.500343 | AC14: =RANK(AB14, AB$7:AB$21) -> 8 | AE14: 24 | AF14: 1788.4082 | AG14: =IFERROR(AF14/AE14,"") -> 74.51701 | AH14: =RANK(AG14, AG$7:AG$21) -> 8 | AJ14: 24 | AK14: 1788.4082 | AL14: =IFERROR(AK14/AJ14,"") -> 74.51701 | AM14: =RANK(AL14, AL$7:AL$21) -> 8 | AO14: 24 | AP14: 1788.4082 | AQ14: =IFERROR(AP14/AO14,"") -> 74.51701 | AR14: =RANK(AQ14, AQ$7:AQ$21) -> 8 | AT14: 24 | AU14: 1788.2082 | AV14: =IFERROR(AU14/AT14,"") -> 74.508676 | AW14: =RANK(AV14, AV$7:AV$21) -> 8
C15: 9 | D15: 香檸奶油魚排蔬滿盒 | E15: 26 | F15: 2000 | G15: =F15/E15 -> 76.923077 | I15: =AVERAGE(P15,U15,Z15,AE15,AJ15,AO15,AT15) -> 25.857143 | J15: =AVERAGE(Q15,V15,AA15,AF15,AK15,AP15,AU15) -> 1792.4805 | K15: =AVERAGE(R15,W15,AB15,AG15,AL15,AQ15,AV15) -> 69.335528 | M15: =RANK(K15, K$7:$K$21) -> 10 | P15: 26 | Q15: 1791.9662 | R15: =IFERROR(Q15/P15,"") -> 68.921777 | S15: =RANK(R15, R$7:R$21) -> 10 | U15: 26 | V15: 1792.5662 | W15: =IFERROR(V15/U15,"") -> 68.944854 | X15: =RANK(W15, W$7:W$21) -> 9 | Z15: 26 | AA15: 1792.5662 | AB15: =IFERROR(AA15/Z15,"") -> 68.944854 | AC15: =RANK(AB15, AB$7:AB$21) -> 9 | AE15: 26 | AF15: 1791.7662 | AG15: =IFERROR(AF15/AE15,"") -> 68.914085 | AH15: =RANK(AG15, AG$7:AG$21) -> 9 | AJ15: 26 | AK15: 1792.5662 | AL15: =IFERROR(AK15/AJ15,"") -> 68.944854 | AM15: =RANK(AL15, AL$7:AL$21) -> 9 | AO15: 26 | AP15: 1793.3662 | AQ15: =IFERROR(AP15/AO15,"") -> 68.975623 | AR15: =RANK(AQ15, AQ$7:AQ$21) -> 9 | AT15: 25 | AU15: 1792.5662 | AV15: =IFERROR(AU15/AT15,"") -> 71.702648 | AW15: =RANK(AV15, AV$7:AV$21) -> 9
C16: 10 | D16: 懷舊滷雙拼便當 | E16: 20 | F16: 2000 | G16: =F16/E16 -> 100 | I16: =AVERAGE(P16,U16,Z16,AE16,AJ16,AO16,AT16) -> 20 | J16: =AVERAGE(Q16,V16,AA16,AF16,AK16,AP16,AU16) -> 1789.317 | K16: =AVERAGE(R16,W16,AB16,AG16,AL16,AQ16,AV16) -> 89.465851 | M16: =RANK(K16, K$7:$K$21) -> 1 | P16: 20 | Q16: 1788.3456 | R16: =IFERROR(Q16/P16,"") -> 89.417279 | S16: =RANK(R16, R$7:R$21) -> 1 | U16: 20 | V16: 1788.5456 | W16: =IFERROR(V16/U16,"") -> 89.427279 | X16: =RANK(W16, W$7:W$21) -> 1 | Z16: 20 | AA16: 1789.3456 | AB16: =IFERROR(AA16/Z16,"") -> 89.467279 | AC16: =RANK(AB16, AB$7:AB$21) -> 1 | AE16: 20 | AF16: 1789.9456 | AG16: =IFERROR(AF16/AE16,"") -> 89.497279 | AH16: =RANK(AG16, AG$7:AG$21) -> 1 | AJ16: 20 | AK16: 1790.1456 | AL16: =IFERROR(AK16/AJ16,"") -> 89.507279 | AM16: =RANK(AL16, AL$7:AL$21) -> 1 | AO16: 20 | AP16: 1789.3456 | AQ16: =IFERROR(AP16/AO16,"") -> 89.467279 | AR16: =RANK(AQ16, AQ$7:AQ$21) -> 1 | AT16: 20 | AU16: 1789.5456 | AV16: =IFERROR(AU16/AT16,"") -> 89.477279 | AW16: =RANK(AV16, AV$7:AV$21) -> 1
C17: 11
C18: 12
C19: 13
C20: 14
C21: 15
B22: 產線配置圖－每週更新(0602-0608) | N22: 資料繳交 | O22: 日期 | P22: 46175 | U22: 46176 | Z22: 46177 | AE22: 46178 | AJ22: 46179 | AO22: 46180 | AT22: 46181
P23: 46175 | U23: 46176 | Z23: 46177 | AE23: 46178 | AJ23: 46179 | AO23: 46180 | AT23: 46181
B24: 品群 | C24: 商品名稱 | E24: 計畫 | H24: 平均人時性 | I24: 實績 (週平均) | L24: 平均人時性 | M24: 排名 | O24: 日報 | P24: 實際 | T24: 平均人時性 | U24: 實際 | Y24: 平均人時性 | Z24: 實際 | AD24: 平均人時性 | AE24: 實際 | AI24: 平均人時性 | AJ24: 實際 | AN24: 平均人時性 | AO24: 實際 | AS24: 平均人時性 | AT24: 實際 | AX24: 平均人時性
E25: 產線配置圖 | I25: 產線配置圖 | P25: 生產實績 | U25: 生產實績 | Z25: 生產實績 | AE25: 生產實績 | AJ25: 生產實績 | AO25: 生產實績 | AT25: 生產實績
E26: 人數 | F26: 產能／時 | G26: 人時性 | I26: 人數 | J26: 產能／時 | K26: 人時性 | P26: 人數 | Q26: 產能／時 | R26: 人時性 | S26: 排名 | U26: 人數 | V26: 產能／時 | W26: 人時性 | X26: 排名 | Z26: 人數 | AA26: 產能／時 | AB26: 人時性 | AC26: 排名 | AE26: 人數 | AF26: 產能／時 | AG26: 人時性 | AH26: 排名 | AJ26: 人數 | AK26: 產能／時 | AL26: 人時性 | AM26: 排名 | AO26: 人數 | AP26: 產能／時 | AQ26: 人時性 | AR26: 排名 | AT26: 人數 | AU26: 產能／時 | AV26: 人時性 | AW26: 排名
B27: 便當 | C27: 1 | D27: 健身G肉餐盒 | E27: 24 | F27: 2000 | G27: =F27/E27 -> 83.333333 | H27: =AVERAGE(G27:G41) -> 88.716147 | I27: =AVERAGE(P27,U27,Z27,AE27,AJ27,AO27,AT27) -> 24 | J27: =AVERAGE(Q27,V27,AA27,AF27,AK27,AP27,AU27) -> 1795.6974 | K27: =AVERAGE(R27,W27,AB27,AG27,AL27,AQ27,AV27) -> 74.820724 | L27: =IFERROR(AVERAGE(K27:K41),"-") -> 79.415025 | M27: =RANK(K27, K$27:$K$41) -> 7 | P27: 24 | Q27: 1795.0117 | R27: =IFERROR(Q27/P27,"") -> 74.792153 | S27: =RANK(R27, R$27:R$41) -> 7 | T27: =AVERAGE(R27:R41) -> 79.405573 | U27: 24 | V27: 1795.4117 | W27: =IFERROR(V27/U27,"") -> 74.80882 | X27: =RANK(W27, W$27:W$41) -> 7 | Y27: =AVERAGE(W27:W41) -> 79.410173 | Z27: 24 | AA27: 1795.2117 | AB27: =IFERROR(AA27/Z27,"") -> 74.800486 | AC27: =RANK(AB27, AB$27:AB$41) -> 7 | AD27: =AVERAGE(AB27:AB41) -> 79.407641 | AE27: 24 | AF27: 1796.0117 | AG27: =IFERROR(AF27/AE27,"") -> 74.83382 | AH27: =RANK(AG27, AG$27:AG$41) -> 7 | AI27: =AVERAGE(AG27:AG41) -> 79.41251 | AJ27: 24 | AK27: 1796.0117 | AL27: =IFERROR(AK27/AJ27,"") -> 74.83382 | AM27: =RANK(AL27, AL$27:AL$41) -> 7 | AN27: =AVERAGE(AL27:AL41) -> 79.420993 | AO27: 24 | AP27: 1796.0117 | AQ27: =IFERROR(AP27/AO27,"") -> 74.83382 | AR27: =RANK(AQ27, AQ$27:AQ$41) -> 7 | AS27: =AVERAGE(AQ27:AQ41) -> 79.419105 | AT27: 24 | AU27: 1796.2117 | AV27: =IFERROR(AU27/AT27,"") -> 74.842153 | AW27: =RANK(AV27, AV$27:AV$41) -> 7 | AX27: =AVERAGE(AV27:AV41) -> 79.429179
C28: 2 | D28: 烤蛋白餐盒 | E28: 23 | F28: 2000 | G28: =F28/E28 -> 86.956522 | I28: =AVERAGE(P28,U28,Z28,AE28,AJ28,AO28,AT28) -> 23 | J28: =AVERAGE(Q28,V28,AA28,AF28,AK28,AP28,AU28) -> 1791.1556 | K28: =AVERAGE(R28,W28,AB28,AG28,AL28,AQ28,AV28) -> 77.876329 | M28: =RANK(K28, K$27:$K$41) -> 5 | P28: 23 | Q28: 1791.727 | R28: =IFERROR(Q28/P28,"") -> 77.901174 | S28: =RANK(R28, R$27:R$41) -> 5 | U28: 23 | V28: 1791.727 | W28: =IFERROR(V28/U28,"") -> 77.901174 | X28: =RANK(W28, W$27:W$41) -> 5 | Z28: 23 | AA28: 1791.327 | AB28: =IFERROR(AA28/Z28,"") -> 77.883783 | AC28: =RANK(AB28, AB$27:AB$41) -> 5 | AE28: 23 | AF28: 1790.327 | AG28: =IFERROR(AF28/AE28,"") -> 77.840305 | AH28: =RANK(AG28, AG$27:AG$41) -> 6 | AJ28: 23 | AK28: 1791.127 | AL28: =IFERROR(AK28/AJ28,"") -> 77.875087 | AM28: =RANK(AL28, AL$27:AL$41) -> 5 | AO28: 23 | AP28: 1790.727 | AQ28: =IFERROR(AP28/AO28,"") -> 77.857696 | AR28: =RANK(AQ28, AQ$27:AQ$41) -> 6 | AT28: 23 | AU28: 1791.127 | AV28: =IFERROR(AU28/AT28,"") -> 77.875087 | AW28: =RANK(AV28, AV$27:AV$41) -> 5
C29: 3 | D29: 嫩烤香料雞胸排蔬滿盒 | E29: 23 | F29: 2000 | G29: =F29/E29 -> 86.956522 | I29: =AVERAGE(P29,U29,Z29,AE29,AJ29,AO29,AT29) -> 23 | J29: =AVERAGE(Q29,V29,AA29,AF29,AK29,AP29,AU29) -> 1791.1049 | K29: =AVERAGE(R29,W29,AB29,AG29,AL29,AQ29,AV29) -> 77.874128 | M29: =RANK(K29, K$27:$K$41) -> 6 | P29: 23 | Q29: 1791.2192 | R29: =IFERROR(Q29/P29,"") -> 77.879097 | S29: =RANK(R29, R$27:R$41) -> 6 | U29: 23 | V29: 1791.4192 | W29: =IFERROR(V29/U29,"") -> 77.887793 | X29: =RANK(W29, W$27:W$41) -> 6 | Z29: 23 | AA29: 1791.0192 | AB29: =IFERROR(AA29/Z29,"") -> 77.870401 | AC29: =RANK(AB29, AB$27:AB$41) -> 6 | AE29: 23 | AF29: 1790.8192 | AG29: =IFERROR(AF29/AE29,"") -> 77.861706 | AH29: =RANK(AG29, AG$27:AG$41) -> 5 | AJ29: 23 | AK29: 1791.0192 | AL29: =IFERROR(AK29/AJ29,"") -> 77.870401 | AM29: =RANK(AL29, AL$27:AL$41) -> 6 | AO29: 23 | AP29: 1791.4192 | AQ29: =IFERROR(AP29/AO29,"") -> 77.887793 | AR29: =RANK(AQ29, AQ$27:AQ$41) -> 5 | AT29: 23 | AU29: 1790.8192 | AV29: =IFERROR(AU29/AT29,"") -> 77.861706 | AW29: =RANK(AV29, AV$27:AV$41) -> 6
C30: 4 | D30: 海陸雙拼肉肉餐盒 | E30: 23 | F30: 2000 | G30: =F30/E30 -> 86.956522 | I30: =AVERAGE(P30,U30,Z30,AE30,AJ30,AO30,AT30) -> 23 | J30: =AVERAGE(Q30,V30,AA30,AF30,AK30,AP30,AU30) -> 1795.0816 | K30: =AVERAGE(R30,W30,AB30,AG30,AL30,AQ30,AV30) -> 78.047026 | M30: =RANK(K30, K$27:$K$41) -> 4 | P30: 23 | Q30: 1794.0816 | R30: =IFERROR(Q30/P30,"") -> 78.003548 | S30: =RANK(R30, R$27:R$41) -> 4 | U30: 23 | V30: 1793.6816 | W30: =IFERROR(V30/U30,"") -> 77.986156 | X30: =RANK(W30, W$27:W$41) -> 4 | Z30: 23 | AA30: 1794.2816 | AB30: =IFERROR(AA30/Z30,"") -> 78.012243 | AC30: =RANK(AB30, AB$27:AB$41) -> 4 | AE30: 23 | AF30: 1795.2816 | AG30: =IFERROR(AF30/AE30,"") -> 78.055722 | AH30: =RANK(AG30, AG$27:AG$41) -> 4 | AJ30: 23 | AK30: 1796.2816 | AL30: =IFERROR(AK30/AJ30,"") -> 78.0992 | AM30: =RANK(AL30, AL$27:AL$41) -> 4 | AO30: 23 | AP30: 1795.8816 | AQ30: =IFERROR(AP30/AO30,"") -> 78.081809 | AR30: =RANK(AQ30, AQ$27:AQ$41) -> 4 | AT30: 23 | AU30: 1796.0816 | AV30: =IFERROR(AU30/AT30,"") -> 78.090504 | AW30: =RANK(AV30, AV$27:AV$41) -> 4
C31: 5 | D31: 蔬活腿排補力餐盒 | E31: 22 | F31: 2000 | G31: =F31/E31 -> 90.909091 | I31: =AVERAGE(P31,U31,Z31,AE31,AJ31,AO31,AT31) -> 22 | J31: =AVERAGE(Q31,V31,AA31,AF31,AK31,AP31,AU31) -> 1785.8748 | K31: =AVERAGE(R31,W31,AB31,AG31,AL31,AQ31,AV31) -> 81.176126 | M31: =RANK(K31, K$27:$K$41) -> 3 | P31: 22 | Q31: 1786.0462 | R31: =IFERROR(Q31/P31,"") -> 81.183919 | S31: =RANK(R31, R$27:R$41) -> 3 | U31: 22 | V31: 1786.2462 | W31: =IFERROR(V31/U31,"") -> 81.19301 | X31: =RANK(W31, W$27:W$41) -> 3 | Z31: 22 | AA31: 1786.0462 | AB31: =IFERROR(AA31/Z31,"") -> 81.183919 | AC31: =RANK(AB31, AB$27:AB$41) -> 3 | AE31: 22 | AF31: 1786.4462 | AG31: =IFERROR(AF31/AE31,"") -> 81.2021 | AH31: =RANK(AG31, AG$27:AG$41) -> 3 | AJ31: 22 | AK31: 1785.8462 | AL31: =IFERROR(AK31/AJ31,"") -> 81.174828 | AM31: =RANK(AL31, AL$27:AL$41) -> 3 | AO31: 22 | AP31: 1785.2462 | AQ31: =IFERROR(AP31/AO31,"") -> 81.147555 | AR31: =RANK(AQ31, AQ$27:AQ$41) -> 3 | AT31: 22 | AU31: 1785.2462 | AV31: =IFERROR(AU31/AT31,"") -> 81.147555 | AW31: =RANK(AV31, AV$27:AV$41) -> 3
C32: 6 | D32: 香腸腿排雙拼便當 | E32: 20 | F32: 2000 | G32: =F32/E32 -> 100 | I32: =AVERAGE(P32,U32,Z32,AE32,AJ32,AO32,AT32) -> 20 | J32: =AVERAGE(Q32,V32,AA32,AF32,AK32,AP32,AU32) -> 1783.2324 | K32: =AVERAGE(R32,W32,AB32,AG32,AL32,AQ32,AV32) -> 89.161619 | M32: =RANK(K32, K$27:$K$41) -> 2 | P32: 20 | Q32: 1783.5467 | R32: =IFERROR(Q32/P32,"") -> 89.177333 | S32: =RANK(R32, R$27:R$41) -> 2 | U32: 20 | V32: 1783.5467 | W32: =IFERROR(V32/U32,"") -> 89.177333 | X32: =RANK(W32, W$27:W$41) -> 2 | Z32: 20 | AA32: 1783.3467 | AB32: =IFERROR(AA32/Z32,"") -> 89.167333 | AC32: =RANK(AB32, AB$27:AB$41) -> 2 | AE32: 20 | AF32: 1782.5467 | AG32: =IFERROR(AF32/AE32,"") -> 89.127333 | AH32: =RANK(AG32, AG$27:AG$41) -> 2 | AJ32: 20 | AK32: 1782.7467 | AL32: =IFERROR(AK32/AJ32,"") -> 89.137333 | AM32: =RANK(AL32, AL$27:AL$41) -> 2 | AO32: 20 | AP32: 1782.9467 | AQ32: =IFERROR(AP32/AO32,"") -> 89.147333 | AR32: =RANK(AQ32, AQ$27:AQ$41) -> 2 | AT32: 20 | AU32: 1783.9467 | AV32: =IFERROR(AU32/AT32,"") -> 89.197333 | AW32: =RANK(AV32, AV$27:AV$41) -> 2
C33: 7 | D33: 美式雞丁餐盒 | E33: 24 | F33: 2000 | G33: =F33/E33 -> 83.333333 | I33: =AVERAGE(P33,U33,Z33,AE33,AJ33,AO33,AT33) -> 24 | J33: =AVERAGE(Q33,V33,AA33,AF33,AK33,AP33,AU33) -> 1789.6368 | K33: =AVERAGE(R33,W33,AB33,AG33,AL33,AQ33,AV33) -> 74.5682 | M33: =RANK(K33, K$27:$K$41) -> 8 | P33: 24 | Q33: 1788.4082 | R33: =IFERROR(Q33/P33,"") -> 74.51701 | S33: =RANK(R33, R$27:R$41) -> 8 | U33: 24 | V33: 1788.6082 | W33: =IFERROR(V33/U33,"") -> 74.525343 | X33: =RANK(W33, W$27:W$41) -> 8 | Z33: 24 | AA33: 1789.4082 | AB33: =IFERROR(AA33/Z33,"") -> 74.558676 | AC33: =RANK(AB33, AB$27:AB$41) -> 8 | AE33: 24 | AF33: 1790.0082 | AG33: =IFERROR(AF33/AE33,"") -> 74.583676 | AH33: =RANK(AG33, AG$27:AG$41) -> 8 | AJ33: 24 | AK33: 1790.4082 | AL33: =IFERROR(AK33/AJ33,"") -> 74.600343 | AM33: =RANK(AL33, AL$27:AL$41) -> 8 | AO33: 24 | AP33: 1790.2082 | AQ33: =IFERROR(AP33/AO33,"") -> 74.59201 | AR33: =RANK(AQ33, AQ$27:AQ$41) -> 8 | AT33: 24 | AU33: 1790.4082 | AV33: =IFERROR(AU33/AT33,"") -> 74.600343 | AW33: =RANK(AV33, AV$27:AV$41) -> 8
C34: 8 | D34: 香檸奶油魚排蔬滿盒 | E34: 25 | F34: 2000 | G34: =F34/E34 -> 80 | I34: =AVERAGE(P34,U34,Z34,AE34,AJ34,AO34,AT34) -> 25 | J34: =AVERAGE(Q34,V34,AA34,AF34,AK34,AP34,AU34) -> 1791.7376 | K34: =AVERAGE(R34,W34,AB34,AG34,AL34,AQ34,AV34) -> 71.669505 | M34: =RANK(K34, K$27:$K$41) -> 9 | P34: 25 | Q34: 1792.9662 | R34: =IFERROR(Q34/P34,"") -> 71.718648 | S34: =RANK(R34, R$27:R$41) -> 9 | U34: 25 | V34: 1792.3662 | W34: =IFERROR(V34/U34,"") -> 71.694648 | X34: =RANK(W34, W$27:W$41) -> 9 | Z34: 25 | AA34: 1791.3662 | AB34: =IFERROR(AA34/Z34,"") -> 71.654648 | AC34: =RANK(AB34, AB$27:AB$41) -> 9 | AE34: 25 | AF34: 1791.7662 | AG34: =IFERROR(AF34/AE34,"") -> 71.670648 | AH34: =RANK(AG34, AG$27:AG$41) -> 9 | AJ34: 25 | AK34: 1791.7662 | AL34: =IFERROR(AK34/AJ34,"") -> 71.670648 | AM34: =RANK(AL34, AL$27:AL$41) -> 9 | AO34: 25 | AP34: 1791.1662 | AQ34: =IFERROR(AP34/AO34,"") -> 71.646648 | AR34: =RANK(AQ34, AQ$27:AQ$41) -> 9 | AT34: 25 | AU34: 1790.7662 | AV34: =IFERROR(AU34/AT34,"") -> 71.630648 | AW34: =RANK(AV34, AV$27:AV$41) -> 9
C35: 9 | D35: 懷舊滷雙拼便當 | E35: 20 | F35: 2000 | G35: =F35/E35 -> 100 | I35: =AVERAGE(P35,U35,Z35,AE35,AJ35,AO35,AT35) -> 20 | J35: =AVERAGE(Q35,V35,AA35,AF35,AK35,AP35,AU35) -> 1790.8313 | K35: =AVERAGE(R35,W35,AB35,AG35,AL35,AQ35,AV35) -> 89.541565 | M35: =RANK(K35, K$27:$K$41) -> 1 | P35: 20 | Q35: 1789.5456 | R35: =IFERROR(Q35/P35,"") -> 89.477279 | S35: =RANK(R35, R$27:R$41) -> 1 | U35: 20 | V35: 1790.3456 | W35: =IFERROR(V35/U35,"") -> 89.517279 | X35: =RANK(W35, W$27:W$41) -> 1 | Z35: 20 | AA35: 1790.7456 | AB35: =IFERROR(AA35/Z35,"") -> 89.537279 | AC35: =RANK(AB35, AB$27:AB$41) -> 1 | AE35: 20 | AF35: 1790.7456 | AG35: =IFERROR(AF35/AE35,"") -> 89.537279 | AH35: =RANK(AG35, AG$27:AG$41) -> 1 | AJ35: 20 | AK35: 1790.5456 | AL35: =IFERROR(AK35/AJ35,"") -> 89.527279 | AM35: =RANK(AL35, AL$27:AL$41) -> 1 | AO35: 20 | AP35: 1791.5456 | AQ35: =IFERROR(AP35/AO35,"") -> 89.577279 | AR35: =RANK(AQ35, AQ$27:AQ$41) -> 1 | AT35: 20 | AU35: 1792.3456 | AV35: =IFERROR(AU35/AT35,"") -> 89.617279 | AW35: =RANK(AV35, AV$27:AV$41) -> 1
C36: 10
C37: 11
C38: 12
C39: 13
C40: 14
C41: 15

Sheet （５-7）品群別人時生產性(熱食義麵) 
B1: 6月平均人時性
B2: 產線配置圖－每週更新(0526-0601) | N2: 資料繳交 | O2: 日期 | P2: 46168 | U2: =P2+1 -> 46169 | Z2: =U2+1 -> 46170 | AE2: =Z2+1 -> 46171 | AJ2: =AE2+1 -> 46172 | AO2: =AJ2+1 -> 46173 | AT2: =AO2+1 -> 46174
P3: =P2 -> 46168 | U3: =U2 -> 46169 | Z3: =Z2 -> 46170 | AE3: =AE2 -> 46171 | AJ3: =AJ2 -> 46172 | AO3: =AO2 -> 46173 | AT3: =AT2 -> 46174
B4: 品群 | C4: 商品名稱 | E4: 計畫 | H4: 平均人時性 | I4: 實績 (週平均) | L4: 平均人時性 | M4: 排名 | O4: 日報 | P4: 實際 | T4: 平均人時性 | U4: 實際 | Y4: 平均人時性 | Z4: 實際 | AD4: 平均人時性 | AE4: 實際 | AI4: 平均人時性 | AJ4: 實際 | AN4: 平均人時性 | AO4: 實際 | AS4: 平均人時性 | AT4: 實際 | AX4: 平均人時性
E5: 產線配置圖 | I5: 產線配置圖 | P5: 生產實績 | U5: 生產實績 | Z5: 生產實績 | AE5: 生產實績 | AJ5: 生產實績 | AO5: 生產實績 | AT5: 生產實績
E6: 人數 | F6: 產能／時 | G6: 人時性 | I6: 人數 | J6: 產能／時 | K6: 人時性 | P6: 人數 | Q6: 產能／時 | R6: 人時性 | S6: 排名 | U6: 人數 | V6: 產能／時 | W6: 人時性 | X6: 排名 | Z6: 人數 | AA6: 產能／時 | AB6: 人時性 | AC6: 排名 | AE6: 人數 | AF6: 產能／時 | AG6: 人時性 | AH6: 排名 | AJ6: 人數 | AK6: 產能／時 | AL6: 人時性 | AM6: 排名 | AO6: 人數 | AP6: 產能／時 | AQ6: 人時性 | AR6: 排名 | AT6: 人數 | AU6: 產能／時 | AV6: 人時性 | AW6: 排名
B7: 熱食義麵 | C7: 1
C8: 2
C9: 3
C10: 4
C11: 5
C12: 6
C13: 7
C14: 8
C15: 9
C16: 10
C17: 11
C18: 12
C19: 13
... C21: 15
B22: 產線配置圖－每週更新(0602-0608) | N22: 資料繳交 | O22: 日期 | P22: ='[1]（５-1）品群別人時生產性(18℃-飯糰)'!P102:T102 -> 0 | U22: =P22+1 -> 1 | Z22: =U22+1 -> 2 | AE22: =Z22+1 -> 3 | AJ22: =AE22+1 -> 4 | AO22: =AJ22+1 -> 5 | AT22: =AO22+1 -> 6
P23: =P22 -> 0 | U23: =U22 -> 1 | Z23: =Z22 -> 2 | AE23: =AE22 -> 3 | AJ23: =AJ22 -> 4 | AO23: =AO22 -> 5 | AT23: =AT22 -> 6
B24: 品群 | C24: 商品名稱 | E24: 計畫 | H24: 平均人時性 | I24: 實績 (週平均) | L24: 平均人時性 | M24: 排名 | O24: 日報 | P24: 實際 | T24: 平均人時性 | U24: 實際 | Y24: 平均人時性 | Z24: 實際 | AD24: 平均人時性 | AE24: 實際 | AI24: 平均人時性 | AJ24: 實際 | AN24: 平均人時性 | AO24: 實際 | AS24: 平均人時性 | AT24: 實際 | AX24: 平均人時性
E25: 產線配置圖 | I25: 產線配置圖 | P25: 生產實績 | U25: 生產實績 | Z25: 生產實績 | AE25: 生產實績 | AJ25: 生產實績 | AO25: 生產實績 | AT25: 生產實績
E26: 人數 | F26: 產能／時 | G26: 人時性 | I26: 人數 | J26: 產能／時 | K26: 人時性 | P26: 人數 | Q26: 產能／時 | R26: 人時性 | S26: 排名 | U26: 人數 | V26: 產能／時 | W26: 人時性 | X26: 排名 | Z26: 人數 | AA26: 產能／時 | AB26: 人時性 | AC26: 排名 | AE26: 人數 | AF26: 產能／時 | AG26: 人時性 | AH26: 排名 | AJ26: 人數 | AK26: 產能／時 | AL26: 人時性 | AM26: 排名 | AO26: 人數 | AP26: 產能／時 | AQ26: 人時性 | AR26: 排名 | AT26: 人數 | AU26: 產能／時 | AV26: 人時性 | AW26: 排名
B27: 熱食義麵 | C27: 1
C28: 2
C29: 3
C30: 4
C31: 5
C32: 6
C33: 7
C34: 8
C35: 9
C36: 10
C37: 11
C38: 12
C39: 13
... C41: 15

Sheet （５-8）品群別人時生產性(季節調理麵) 
B1: 6月平均人時性 | C1: =AVERAGE(L27) -> 156.76906
B2: 產線配置圖－每週更新(0526-0601) | N2: 資料繳交 | O2: 日期 | P2: 46168 | U2: 46169 | Z2: 46170 | AE2: 46171 | AJ2: 46172 | AO2: 46173 | AT2: 46174
P3: 46168 | U3: 46169 | Z3: 46170 | AE3: 46171 | AJ3: 46172 | AO3: 46173 | AT3: 46174
B4: 品群 | C4: 商品名稱 | E4: 計畫 | H4: 平均人時性 | I4: 實績 (週平均) | L4: 平均人時性 | M4: 排名 | O4: 日報 | P4: 實際 | T4: 平均人時性 | U4: 實際 | Y4: 平均人時性 | Z4: 實際 | AD4: 平均人時性 | AE4: 實際 | AI4: 平均人時性 | AJ4: 實際 | AN4: 平均人時性 | AO4: 實際 | AS4: 平均人時性 | AT4: 實際 | AX4: 平均人時性
E5: 產線配置圖 | I5: 產線配置圖 | P5: 生產實績 | U5: 生產實績 | Z5: 生產實績 | AE5: 生產實績 | AJ5: 生產實績 | AO5: 生產實績 | AT5: 生產實績
E6: 人數 | F6: 產能／時 | G6: 人時性 | I6: 人數 | J6: 產能／時 | K6: 人時性 | P6: 人數 | Q6: 產能／時 | R6: 人時性 | S6: 排名 | U6: 人數 | V6: 產能／時 | W6: 人時性 | X6: 排名 | Z6: 人數 | AA6: 產能／時 | AB6: 人時性 | AC6: 排名 | AE6: 人數 | AF6: 產能／時 | AG6: 人時性 | AH6: 排名 | AJ6: 人數 | AK6: 產能／時 | AL6: 人時性 | AM6: 排名 | AO6: 人數 | AP6: 產能／時 | AQ6: 人時性 | AR6: 排名 | AT6: 人數 | AU6: 產能／時 | AV6: 人時性 | AW6: 排名
B7: 季節調理麵 | C7: 1 | D7: 大滿足香辣涼麵 | E7: 20 | F7: 3600 | G7: =F7/E7 -> 180 | H7: =AVERAGE(G7:G21) -> 179.90333 | I7: =AVERAGE(P7,U7,Z7,AE7,AJ7,AO7,AT7) -> 20 | J7: =AVERAGE(Q7,V7,AA7,AF7,AK7,AP7,AU7) -> 3255.1257 | K7: =AVERAGE(R7,W7,AB7,AG7,AL7,AQ7,AV7) -> 162.75629 | L7: =IFERROR(AVERAGE(K7:K21),"-") -> 159.9798 | M7: =RANK(K7, K$7:$K$21) -> 5 | P7: 20 | Q7: 3254.2514 | R7: =IFERROR(Q7/P7,"") -> 162.71257 | S7: =RANK(R7, R$7:R$21) -> 4 | T7: =AVERAGE(R7:R21) -> 158.76159 | U7: 20 | V7: 3254.2514 | W7: =IFERROR(V7/U7,"") -> 162.71257 | X7: =RANK(W7, W$7:W$21) -> 4 | Y7: =AVERAGE(W7:W21) -> 159.29535 | Z7: 20 | AA7: 3253.5314 | AB7: =IFERROR(AA7/Z7,"") -> 162.67657 | AC7: =RANK(AB7, AB$7:AB$21) -> 5 | AD7: =AVERAGE(AB7:AB21) -> 159.83649 | AE7: 20 | AF7: 3253.8914 | AG7: =IFERROR(AF7/AE7,"") -> 162.69457 | AH7: =RANK(AG7, AG$7:AG$21) -> 5 | AI7: =AVERAGE(AG7:AG21) -> 160.454 | AJ7: 20 | AK7: 3255.6914 | AL7: =IFERROR(AK7/AJ7,"") -> 162.78457 | AM7: =RANK(AL7, AL$7:AL$21) -> 5 | AN7: =AVERAGE(AL7:AL21) -> 160.46137 | AO7: 20 | AP7: 3256.7714 | AQ7: =IFERROR(AP7/AO7,"") -> 162.83857 | AR7: =RANK(AQ7, AQ$7:AQ$21) -> 5 | AS7: =AVERAGE(AQ7:AQ21) -> 160.51555 | AT7: 20 | AU7: 3257.4914 | AV7: =IFERROR(AU7/AT7,"") -> 162.87457 | AW7: =RANK(AV7, AV$7:AV$21) -> 5 | AX7: =AVERAGE(AV7:AV21) -> 160.53422
C8: 2 | D8: 大滿足麻醬涼麵 | E8: 21 | F8: 3600 | G8: =F8/E8 -> 171.42857 | I8: =AVERAGE(P8,U8,Z8,AE8,AJ8,AO8,AT8) -> 21 | J8: =AVERAGE(Q8,V8,AA8,AF8,AK8,AP8,AU8) -> 3256.0238 | K8: =AVERAGE(R8,W8,AB8,AG8,AL8,AQ8,AV8) -> 155.04875 | M8: =RANK(K8, K$7:$K$21) -> 6 | P8: 21 | Q8: 3254.8924 | R8: =IFERROR(Q8/P8,"") -> 154.99488 | S8: =RANK(R8, R$7:R$21) -> 6 | U8: 21 | V8: 3256.3324 | W8: =IFERROR(V8/U8,"") -> 155.06345 | X8: =RANK(W8, W$7:W$21) -> 6 | Z8: 21 | AA8: 3255.9724 | AB8: =IFERROR(AA8/Z8,"") -> 155.0463 | AC8: =RANK(AB8, AB$7:AB$21) -> 6 | AE8: 21 | AF8: 3256.3324 | AG8: =IFERROR(AF8/AE8,"") -> 155.06345 | AH8: =RANK(AG8, AG$7:AG$21) -> 6 | AJ8: 21 | AK8: 3255.9724 | AL8: =IFERROR(AK8/AJ8,"") -> 155.0463 | AM8: =RANK(AL8, AL$7:AL$21) -> 6 | AO8: 21 | AP8: 3255.6124 | AQ8: =IFERROR(AP8/AO8,"") -> 155.02916 | AR8: =RANK(AQ8, AQ$7:AQ$21) -> 6 | AT8: 21 | AU8: 3257.0524 | AV8: =IFERROR(AU8/AT8,"") -> 155.09773 | AW8: =RANK(AV8, AV$7:AV$21) -> 6
C9: 3 | D9: 台式麻醬涼麵 | E9: 19 | F9: 3600 | G9: =F9/E9 -> 189.47368 | I9: =AVERAGE(P9,U9,Z9,AE9,AJ9,AO9,AT9) -> 19 | J9: =AVERAGE(Q9,V9,AA9,AF9,AK9,AP9,AU9) -> 3182.1114 | K9: =AVERAGE(R9,W9,AB9,AG9,AL9,AQ9,AV9) -> 167.47955 | M9: =RANK(K9, K$7:$K$21) -> 2 | P9: 19 | Q9: 3181.5971 | R9: =IFERROR(Q9/P9,"") -> 167.45248 | S9: =RANK(R9, R$7:R$21) -> 3 | U9: 19 | V9: 3181.9571 | W9: =IFERROR(V9/U9,"") -> 167.47143 | X9: =RANK(W9, W$7:W$21) -> 3 | Z9: 19 | AA9: 3182.3171 | AB9: =IFERROR(AA9/Z9,"") -> 167.49037 | AC9: =RANK(AB9, AB$7:AB$21) -> 1 | AE9: 19 | AF9: 3181.9571 | AG9: =IFERROR(AF9/AE9,"") -> 167.47143 | AH9: =RANK(AG9, AG$7:AG$21) -> 2 | AJ9: 19 | AK9: 3180.8771 | AL9: =IFERROR(AK9/AJ9,"") -> 167.41458 | AM9: =RANK(AL9, AL$7:AL$21) -> 3 | AO9: 19 | AP9: 3182.6771 | AQ9: =IFERROR(AP9/AO9,"") -> 167.50932 | AR9: =RANK(AQ9, AQ$7:AQ$21) -> 3 | AT9: 19 | AU9: 3183.3971 | AV9: =IFERROR(AU9/AT9,"") -> 167.54722 | AW9: =RANK(AV9, AV$7:AV$21) -> 1
C10: 4 | D10: 嘉義崇文白醋涼麵 | E10: 19 | F10: 3600 | G10: =F10/E10 -> 189.47368 | I10: =AVERAGE(P10,U10,Z10,AE10,AJ10,AO10,AT10) -> 19 | J10: =AVERAGE(Q10,V10,AA10,AF10,AK10,AP10,AU10) -> 3115.124 | K10: =AVERAGE(R10,W10,AB10,AG10,AL10,AQ10,AV10) -> 163.9539 | M10: =RANK(K10, K$7:$K$21) -> 4 | P10: 19 | Q10: 2952 | R10: =IFERROR(Q10/P10,"") -> 155.36842 | S10: =RANK(R10, R$7:R$21) -> 5 | U10: 19 | V10: 3025.062 | W10: =IFERROR(V10/U10,"") -> 159.21379 | X10: =RANK(W10, W$7:W$21) -> 5 | Z10: 19 | AA10: 3101.0575 | AB10: =IFERROR(AA10/Z10,"") -> 163.21356 | AC10: =RANK(AB10, AB$7:AB$21) -> 4 | AE10: 19 | AF10: 3181.0371 | AG10: =IFERROR(AF10/AE10,"") -> 167.42301 | AH10: =RANK(AG10, AG$7:AG$21) -> 3 | AJ10: 19 | AK10: 3182.4771 | AL10: =IFERROR(AK10/AJ10,"") -> 167.4988 | AM10: =RANK(AL10, AL$7:AL$21) -> 1 | AO10: 19 | AP10: 3182.8371 | AQ10: =IFERROR(AP10/AO10,"") -> 167.51774 | AR10: =RANK(AQ10, AQ$7:AQ$21) -> 2 | AT10: 19 | AU10: 3181.3971 | AV10: =IFERROR(AU10/AT10,"") -> 167.44195 | AW10: =RANK(AV10, AV$7:AV$21) -> 4
C11: 5 | D11: 鰹魚烏龍冷麵 | E11: 19 | F11: 3600 | G11: =F11/E11 -> 189.47368 | I11: =AVERAGE(P11,U11,Z11,AE11,AJ11,AO11,AT11) -> 19 | J11: =AVERAGE(Q11,V11,AA11,AF11,AK11,AP11,AU11) -> 3182.8924 | K11: =AVERAGE(R11,W11,AB11,AG11,AL11,AQ11,AV11) -> 167.52065 | M11: =RANK(K11, K$7:$K$21) -> 1 | P11: 19 | Q11: 3184.4353 | R11: =IFERROR(Q11/P11,"") -> 167.60186 | S11: =RANK(R11, R$7:R$21) -> 1 | U11: 19 | V11: 3182.9953 | W11: =IFERROR(V11/U11,"") -> 167.52607 | X11: =RANK(W11, W$7:W$21) -> 1 | Z11: 19 | AA11: 3182.2753 | AB11: =IFERROR(AA11/Z11,"") -> 167.48817 | AC11: =RANK(AB11, AB$7:AB$21) -> 2 | AE11: 19 | AF11: 3182.9953 | AG11: =IFERROR(AF11/AE11,"") -> 167.52607 | AH11: =RANK(AG11, AG$7:AG$21) -> 1 | AJ11: 19 | AK11: 3181.9153 | AL11: =IFERROR(AK11/AJ11,"") -> 167.46923 | AM11: =RANK(AL11, AL$7:AL$21) -> 2 | AO11: 19 | AP11: 3183.3553 | AQ11: =IFERROR(AP11/AO11,"") -> 167.54502 | AR11: =RANK(AQ11, AQ$7:AQ$21) -> 1 | AT11: 19 | AU11: 3182.2753 | AV11: =IFERROR(AU11/AT11,"") -> 167.48817 | AW11: =RANK(AV11, AV$7:AV$21) -> 3
C12: 6 | D12: 日式胡麻雞絲冷麵 | E12: 24 | F12: 3600 | G12: =F12/E12 -> 150 | I12: =AVERAGE(P12,U12,Z12,AE12,AJ12,AO12,AT12) -> 24 | J12: =AVERAGE(Q12,V12,AA12,AF12,AK12,AP12,AU12) -> 3255.9725 | K12: =AVERAGE(R12,W12,AB12,AG12,AL12,AQ12,AV12) -> 135.66552 | M12: =RANK(K12, K$7:$K$21) -> 7 | P12: 24 | Q12: 3255.0243 | R12: =IFERROR(Q12/P12,"") -> 135.62601 | S12: =RANK(R12, R$7:R$21) -> 7 | U12: 24 | V12: 3253.9443 | W12: =IFERROR(V12/U12,"") -> 135.58101 | X12: =RANK(W12, W$7:W$21) -> 7 | Z12: 24 | AA12: 3252.8643 | AB12: =IFERROR(AA12/Z12,"") -> 135.53601 | AC12: =RANK(AB12, AB$7:AB$21) -> 7 | AE12: 24 | AF12: 3256.1009 | AG12: =IFERROR(AF12/AE12,"") -> 135.67087 | AH12: =RANK(AG12, AG$7:AG$21) -> 7 | AJ12: 24 | AK12: 3258.318 | AL12: =IFERROR(AK12/AJ12,"") -> 135.76325 | AM12: =RANK(AL12, AL$7:AL$21) -> 7 | AO12: 24 | AP12: 3257.238 | AQ12: =IFERROR(AP12/AO12,"") -> 135.71825 | AR12: =RANK(AQ12, AQ$7:AQ$21) -> 7 | AT12: 24 | AU12: 3258.318 | AV12: =IFERROR(AU12/AT12,"") -> 135.76325 | AW12: =RANK(AV12, AV$7:AV$21) -> 7
C13: 7 | D13: 和風涓絲冷麵 | E13: 19 | F13: 3600 | G13: =F13/E13 -> 189.47368 | I13: =AVERAGE(P13,U13,Z13,AE13,AJ13,AO13,AT13) -> 19 | J13: =AVERAGE(Q13,V13,AA13,AF13,AK13,AP13,AU13) -> 3181.2444 | K13: =AVERAGE(R13,W13,AB13,AG13,AL13,AQ13,AV13) -> 167.43392 | M13: =RANK(K13, K$7:$K$21) -> 3 | P13: 19 | Q13: 3183.9239 | R13: =IFERROR(Q13/P13,"") -> 167.57494 | S13: =RANK(R13, R$7:R$21) -> 2 | U13: 19 | V13: 3182.4839 | W13: =IFERROR(V13/U13,"") -> 167.49915 | X13: =RANK(W13, W$7:W$21) -> 2 | Z13: 19 | AA13: 3180.6839 | AB13: =IFERROR(AA13/Z13,"") -> 167.40442 | AC13: =RANK(AB13, AB$7:AB$21) -> 3 | AE13: 19 | AF13: 3179.2439 | AG13: =IFERROR(AF13/AE13,"") -> 167.32863 | AH13: =RANK(AG13, AG$7:AG$21) -> 4 | AJ13: 19 | AK13: 3177.8039 | AL13: =IFERROR(AK13/AJ13,"") -> 167.25284 | AM13: =RANK(AL13, AL$7:AL$21) -> 4 | AO13: 19 | AP13: 3181.5656 | AQ13: =IFERROR(AP13/AO13,"") -> 167.45082 | AR13: =RANK(AQ13, AQ$7:AQ$21) -> 4 | AT13: 19 | AU13: 3183.0056 | AV13: =IFERROR(AU13/AT13,"") -> 167.52661 | AW13: =RANK(AV13, AV$7:AV$21) -> 2
C14: 8
C15: 9
C16: 10
C17: 11
C18: 12
C19: 13
C20: 14
C21: 15
B22: 產線配置圖－每週更新(0602-0608) | N22: 資料繳交 | O22: 日期 | P22: 46175 | U22: 46176 | Z22: 46177 | AE22: 46178 | AJ22: 46179 | AO22: 46180 | AT22: 46181
P23: 46175 | U23: 46176 | Z23: 46177 | AE23: 46178 | AJ23: 46179 | AO23: 46180 | AT23: 46181
B24: 品群 | C24: 商品名稱 | E24: 計畫 | H24: 平均人時性 | I24: 實績 (週平均) | L24: 平均人時性 | M24: 排名 | O24: 日報 | P24: 實際 | T24: 平均人時性 | U24: 實際 | Y24: 平均人時性 | Z24: 實際 | AD24: 平均人時性 | AE24: 實際 | AI24: 平均人時性 | AJ24: 實際 | AN24: 平均人時性 | AO24: 實際 | AS24: 平均人時性 | AT24: 實際 | AX24: 平均人時性
E25: 產線配置圖 | I25: 產線配置圖 | P25: 生產實績 | U25: 生產實績 | Z25: 生產實績 | AE25: 生產實績 | AJ25: 生產實績 | AO25: 生產實績 | AT25: 生產實績
E26: 人數 | F26: 產能／時 | G26: 人時性 | I26: 人數 | J26: 產能／時 | K26: 人時性 | P26: 人數 | Q26: 產能／時 | R26: 人時性 | S26: 排名 | U26: 人數 | V26: 產能／時 | W26: 人時性 | X26: 排名 | Z26: 人數 | AA26: 產能／時 | AB26: 人時性 | AC26: 排名 | AE26: 人數 | AF26: 產能／時 | AG26: 人時性 | AH26: 排名 | AJ26: 人數 | AK26: 產能／時 | AL26: 人時性 | AM26: 排名 | AO26: 人數 | AP26: 產能／時 | AQ26: 人時性 | AR26: 排名 | AT26: 人數 | AU26: 產能／時 | AV26: 人時性 | AW26: 排名
B27: 季節調理麵 | C27: 1 | D27: 大滿足香辣涼麵 | E27: 20 | F27: 3600 | G27: =F27/E27 -> 180 | H27: =AVERAGE(G27:G41) -> 176.16541 | I27: =AVERAGE(P27,U27,Z27,AE27,AJ27,AO27,AT27) -> 20 | J27: =AVERAGE(Q27,V27,AA27,AF27,AK27,AP27,AU27) -> 3255.5886 | K27: =AVERAGE(R27,W27,AB27,AG27,AL27,AQ27,AV27) -> 162.77943 | L27: =IFERROR(AVERAGE(K27:K41),"-") -> 156.76906 | M27: =RANK(K27, K$27:$K$41) -> 5 | P27: 20 | Q27: 3256.7714 | R27: =IFERROR(Q27/P27,"") -> 162.83857 | S27: =RANK(R27, R$27:R$41) -> 5 | T27: =AVERAGE(R27:R41) -> 155.81373 | U27: 20 | V27: 3255.3314 | W27: =IFERROR(V27/U27,"") -> 162.76657 | X27: =RANK(W27, W$27:W$41) -> 5 | Y27: =AVERAGE(W27:W41) -> 156.12285 | Z27: 20 | AA27: 3256.4114 | AB27: =IFERROR(AA27/Z27,"") -> 162.82057 | AC27: =RANK(AB27, AB$27:AB$41) -> 5 | AD27: =AVERAGE(AB27:AB41) -> 156.48856 | AE27: 20 | AF27: 3255.6914 | AG27: =IFERROR(AF27/AE27,"") -> 162.78457 | AH27: =RANK(AG27, AG$27:AG$41) -> 5 | AI27: =AVERAGE(AG27:AG41) -> 156.81125 | AJ27: 20 | AK27: 3255.3314 | AL27: =IFERROR(AK27/AJ27,"") -> 162.76657 | AM27: =RANK(AL27, AL$27:AL$41) -> 5 | AN27: =AVERAGE(AL27:AL41) -> 157.14298 | AO27: 20 | AP27: 3254.6114 | AQ27: =IFERROR(AP27/AO27,"") -> 162.73057 | AR27: =RANK(AQ27, AQ$27:AQ$41) -> 5 | AS27: =AVERAGE(AQ27:AQ41) -> 157.50096 | AT27: 20 | AU27: 3254.9714 | AV27: =IFERROR(AU27/AT27,"") -> 162.74857 | AW27: =RANK(AV27, AV$27:AV$41) -> 5 | AX27: =AVERAGE(AV27:AV41) -> 157.50309
C28: 2 | D28: 大滿足麻醬涼麵 | E28: 21 | F28: 3600 | G28: =F28/E28 -> 171.42857 | I28: =AVERAGE(P28,U28,Z28,AE28,AJ28,AO28,AT28) -> 21 | J28: =AVERAGE(Q28,V28,AA28,AF28,AK28,AP28,AU28) -> 3258.2352 | K28: =AVERAGE(R28,W28,AB28,AG28,AL28,AQ28,AV28) -> 155.15406 | M28: =RANK(K28, K$27:$K$41) -> 6 | P28: 21 | Q28: 3258.4924 | R28: =IFERROR(Q28/P28,"") -> 155.1663 | S28: =RANK(R28, R$27:R$41) -> 6 | U28: 21 | V28: 3257.7724 | W28: =IFERROR(V28/U28,"") -> 155.13202 | X28: =RANK(W28, W$27:W$41) -> 6 | Z28: 21 | AA28: 3257.7724 | AB28: =IFERROR(AA28/Z28,"") -> 155.13202 | AC28: =RANK(AB28, AB$27:AB$41) -> 6 | AE28: 21 | AF28: 3258.8524 | AG28: =IFERROR(AF28/AE28,"") -> 155.18345 | AH28: =RANK(AG28, AG$27:AG$41) -> 6 | AJ28: 21 | AK28: 3257.7724 | AL28: =IFERROR(AK28/AJ28,"") -> 155.13202 | AM28: =RANK(AL28, AL$27:AL$41) -> 6 | AO28: 21 | AP28: 3258.8524 | AQ28: =IFERROR(AP28/AO28,"") -> 155.18345 | AR28: =RANK(AQ28, AQ$27:AQ$41) -> 6 | AT28: 21 | AU28: 3258.1324 | AV28: =IFERROR(AU28/AT28,"") -> 155.14916 | AW28: =RANK(AV28, AV$27:AV$41) -> 6
C29: 3 | D29: 台式麻醬涼麵 | E29: 19 | F29: 3600 | G29: =F29/E29 -> 189.47368 | I29: =AVERAGE(P29,U29,Z29,AE29,AJ29,AO29,AT29) -> 19 | J29: =AVERAGE(Q29,V29,AA29,AF29,AK29,AP29,AU29) -> 3184.9914 | K29: =AVERAGE(R29,W29,AB29,AG29,AL29,AQ29,AV29) -> 167.63112 | M29: =RANK(K29, K$27:$K$41) -> 1 | P29: 19 | Q29: 3184.8371 | R29: =IFERROR(Q29/P29,"") -> 167.623 | S29: =RANK(R29, R$27:R$41) -> 1 | U29: 19 | V29: 3184.1171 | W29: =IFERROR(V29/U29,"") -> 167.58511 | X29: =RANK(W29, W$27:W$41) -> 1 | Z29: 19 | AA29: 3185.9171 | AB29: =IFERROR(AA29/Z29,"") -> 167.67985 | AC29: =RANK(AB29, AB$27:AB$41) -> 1 | AE29: 19 | AF29: 3184.4771 | AG29: =IFERROR(AF29/AE29,"") -> 167.60406 | AH29: =RANK(AG29, AG$27:AG$41) -> 4 | AJ29: 19 | AK29: 3185.1971 | AL29: =IFERROR(AK29/AJ29,"") -> 167.64195 | AM29: =RANK(AL29, AL$27:AL$41) -> 1 | AO29: 19 | AP29: 3185.5571 | AQ29: =IFERROR(AP29/AO29,"") -> 167.6609 | AR29: =RANK(AQ29, AQ$27:AQ$41) -> 1 | AT29: 19 | AU29: 3184.8371 | AV29: =IFERROR(AU29/AT29,"") -> 167.623 | AW29: =RANK(AV29, AV$27:AV$41) -> 3
C30: 4 | D30: 嘉義崇文白醋涼麵 | E30: 19 | F30: 3600 | G30: =F30/E30 -> 189.47368 | I30: =AVERAGE(P30,U30,Z30,AE30,AJ30,AO30,AT30) -> 19 | J30: =AVERAGE(Q30,V30,AA30,AF30,AK30,AP30,AU30) -> 3184.6481 | K30: =AVERAGE(R30,W30,AB30,AG30,AL30,AQ30,AV30) -> 167.61306 | M30: =RANK(K30, K$27:$K$41) -> 2 | P30: 19 | Q30: 3182.8371 | R30: =IFERROR(Q30/P30,"") -> 167.51774 | S30: =RANK(R30, R$27:R$41) -> 3 | U30: 19 | V30: 3183.9171 | W30: =IFERROR(V30/U30,"") -> 167.57459 | X30: =RANK(W30, W$27:W$41) -> 2 | Z30: 19 | AA30: 3184.9971 | AB30: =IFERROR(AA30/Z30,"") -> 167.63143 | AC30: =RANK(AB30, AB$27:AB$41) -> 2 | AE30: 19 | AF30: 3184.6371 | AG30: =IFERROR(AF30/AE30,"") -> 167.61248 | AH30: =RANK(AG30, AG$27:AG$41) -> 3 | AJ30: 19 | AK30: 3184.2771 | AL30: =IFERROR(AK30/AJ30,"") -> 167.59353 | AM30: =RANK(AL30, AL$27:AL$41) -> 2 | AO30: 19 | AP30: 3185.3954 | AQ30: =IFERROR(AP30/AO30,"") -> 167.65239 | AR30: =RANK(AQ30, AQ$27:AQ$41) -> 2 | AT30: 19 | AU30: 3186.4754 | AV30: =IFERROR(AU30/AT30,"") -> 167.70923 | AW30: =RANK(AV30, AV$27:AV$41) -> 1
C31: 5 | D31: 鰹魚烏龍冷麵 | E31: 19 | F31: 3600 | G31: =F31/E31 -> 189.47368 | I31: =AVERAGE(P31,U31,Z31,AE31,AJ31,AO31,AT31) -> 19 | J31: =AVERAGE(Q31,V31,AA31,AF31,AK31,AP31,AU31) -> 3183.9206 | K31: =AVERAGE(R31,W31,AB31,AG31,AL31,AQ31,AV31) -> 167.57477 | M31: =RANK(K31, K$27:$K$41) -> 4 | P31: 19 | Q31: 3181.9153 | R31: =IFERROR(Q31/P31,"") -> 167.46923 | S31: =RANK(R31, R$27:R$41) -> 4 | U31: 19 | V31: 3182.6353 | W31: =IFERROR(V31/U31,"") -> 167.50712 | X31: =RANK(W31, W$27:W$41) -> 4 | Z31: 19 | AA31: 3183.7153 | AB31: =IFERROR(AA31/Z31,"") -> 167.56396 | AC31: =RANK(AB31, AB$27:AB$41) -> 4 | AE31: 19 | AF31: 3184.7045 | AG31: =IFERROR(AF31/AE31,"") -> 167.61603 | AH31: =RANK(AG31, AG$27:AG$41) -> 2 | AJ31: 19 | AK31: 3183.6245 | AL31: =IFERROR(AK31/AJ31,"") -> 167.55918 | AM31: =RANK(AL31, AL$27:AL$41) -> 4 | AO31: 19 | AP31: 3185.0645 | AQ31: =IFERROR(AP31/AO31,"") -> 167.63497 | AR31: =RANK(AQ31, AQ$27:AQ$41) -> 4 | AT31: 19 | AU31: 3185.7845 | AV31: =IFERROR(AU31/AT31,"") -> 167.67287 | AW31: =RANK(AV31, AV$27:AV$41) -> 2
C32: 6 | D32: 日式胡麻雞絲冷麵 | E32: 24 | F32: 3600 | G32: =F32/E32 -> 150 | I32: =AVERAGE(P32,U32,Z32,AE32,AJ32,AO32,AT32) -> 24 | J32: =AVERAGE(Q32,V32,AA32,AF32,AK32,AP32,AU32) -> 3257.3408 | K32: =AVERAGE(R32,W32,AB32,AG32,AL32,AQ32,AV32) -> 135.72253 | M32: =RANK(K32, K$27:$K$41) -> 7 | P32: 24 | Q32: 3256.518 | R32: =IFERROR(Q32/P32,"") -> 135.68825 | S32: =RANK(R32, R$27:R$41) -> 7 | U32: 24 | V32: 3257.958 | W32: =IFERROR(V32/U32,"") -> 135.74825 | X32: =RANK(W32, W$27:W$41) -> 7 | Z32: 24 | AA32: 3257.238 | AB32: =IFERROR(AA32/Z32,"") -> 135.71825 | AC32: =RANK(AB32, AB$27:AB$41) -> 7 | AE32: 24 | AF32: 3257.598 | AG32: =IFERROR(AF32/AE32,"") -> 135.73325 | AH32: =RANK(AG32, AG$27:AG$41) -> 7 | AJ32: 24 | AK32: 3256.878 | AL32: =IFERROR(AK32/AJ32,"") -> 135.70325 | AM32: =RANK(AL32, AL$27:AL$41) -> 7 | AO32: 24 | AP32: 3256.878 | AQ32: =IFERROR(AP32/AO32,"") -> 135.70325 | AR32: =RANK(AQ32, AQ$27:AQ$41) -> 8 | AT32: 24 | AU32: 3258.318 | AV32: =IFERROR(AU32/AT32,"") -> 135.76325 | AW32: =RANK(AV32, AV$27:AV$41) -> 8
C33: 7 | D33: 和風涓絲冷麵 | E33: 19 | F33: 3600 | G33: =F33/E33 -> 189.47368 | I33: =AVERAGE(P33,U33,Z33,AE33,AJ33,AO33,AT33) -> 19 | J33: =AVERAGE(Q33,V33,AA33,AF33,AK33,AP33,AU33) -> 3184.1884 | K33: =AVERAGE(R33,W33,AB33,AG33,AL33,AQ33,AV33) -> 167.58887 | M33: =RANK(K33, K$27:$K$41) -> 3 | P33: 19 | Q33: 3183.7256 | R33: =IFERROR(Q33/P33,"") -> 167.5645 | S33: =RANK(R33, R$27:R$41) -> 2 | U33: 19 | V33: 3183.3656 | W33: =IFERROR(V33/U33,"") -> 167.54556 | X33: =RANK(W33, W$27:W$41) -> 3 | Z33: 19 | AA33: 3184.8056 | AB33: =IFERROR(AA33/Z33,"") -> 167.62135 | AC33: =RANK(AB33, AB$27:AB$41) -> 3 | AE33: 19 | AF33: 3185.1656 | AG33: =IFERROR(AF33/AE33,"") -> 167.64029 | AH33: =RANK(AG33, AG$27:AG$41) -> 1 | AJ33: 19 | AK33: 3183.7256 | AL33: =IFERROR(AK33/AJ33,"") -> 167.5645 | AM33: =RANK(AL33, AL$27:AL$41) -> 3 | AO33: 19 | AP33: 3185.1656 | AQ33: =IFERROR(AP33/AO33,"") -> 167.64029 | AR33: =RANK(AQ33, AQ$27:AQ$41) -> 3 | AT33: 19 | AU33: 3183.3656 | AV33: =IFERROR(AU33/AT33,"") -> 167.54556 | AW33: =RANK(AV33, AV$27:AV$41) -> 4
C34: 8 | D34: 招牌雞絲胡麻涼麵 | E34: 24 | F34: 3600 | G34: =F34/E34 -> 150 | I34: =AVERAGE(P34,U34,Z34,AE34,AJ34,AO34,AT34) -> 24 | J34: =AVERAGE(Q34,V34,AA34,AF34,AK34,AP34,AU34) -> 3122.1273 | K34: =AVERAGE(R34,W34,AB34,AG34,AL34,AQ34,AV34) -> 130.08864 | M34: =RANK(K34, K$27:$K$41) -> 8 | P34: 24 | Q34: 2943.4129 | R34: =IFERROR(Q34/P34,"") -> 122.6422 | S34: =RANK(R34, R$27:R$41) -> 8 | U34: 24 | V34: 3002.9658 | W34: =IFERROR(V34/U34,"") -> 125.12358 | X34: =RANK(W34, W$27:W$41) -> 8 | Z34: 24 | AA34: 3065.785 | AB34: =IFERROR(AA34/Z34,"") -> 127.74104 | AC34: =RANK(AB34, AB$27:AB$41) -> 8 | AE34: 24 | AF34: 3127.5816 | AG34: =IFERROR(AF34/AE34,"") -> 130.3159 | AH34: =RANK(AG34, AG$27:AG$41) -> 8 | AJ34: 24 | AK34: 3196.3884 | AL34: =IFERROR(AK34/AJ34,"") -> 133.18285 | AM34: =RANK(AL34, AL$27:AL$41) -> 8 | AO34: 24 | AP34: 3259.2439 | AQ34: =IFERROR(AP34/AO34,"") -> 135.80183 | AR34: =RANK(AQ34, AQ$27:AQ$41) -> 7 | AT34: 24 | AU34: 3259.5131 | AV34: =IFERROR(AU34/AT34,"") -> 135.81305 | AW34: =RANK(AV34, AV$27:AV$41) -> 7
C35: 9
C36: 10
C37: 11
C38: 12
C39: 13
C40: 14
C41: 15

Sheet （５-9）品群別人時生產性(微波小吃)
B1: 6月平均人時性 | C1: =AVERAGE(L27) -> 121.82808
B2: 產線配置圖－每週更新(0526-0601) | N2: 資料繳交 | O2: 日期 | P2: 46168 | U2: 46169 | Z2: 46170 | AE2: 46171 | AJ2: 46172 | AO2: 46173 | AT2: 46174
P3: 46168 | U3: 46169 | Z3: 46170 | AE3: 46171 | AJ3: 46172 | AO3: 46173 | AT3: 46174
B4: 品群 | C4: 商品名稱 | E4: 計畫 | H4: 平均人時性 | I4: 實績 (週平均) | L4: 平均人時性 | M4: 排名 | O4: 日報 | P4: 實際 | T4: 平均人時性 | U4: 實際 | Y4: 平均人時性 | Z4: 實際 | AD4: 平均人時性 | AE4: 實際 | AI4: 平均人時性 | AJ4: 實際 | AN4: 平均人時性 | AO4: 實際 | AS4: 平均人時性 | AT4: 實際 | AX4: 平均人時性
E5: 產線配置圖 | I5: 產線配置圖 | P5: 生產實績 | U5: 生產實績 | Z5: 生產實績 | AE5: 生產實績 | AJ5: 生產實績 | AO5: 生產實績 | AT5: 生產實績
E6: 人數 | F6: 產能／時 | G6: 人時性 | I6: 人數 | J6: 產能／時 | K6: 人時性 | P6: 人數 | Q6: 產能／時 | R6: 人時性 | S6: 排名 | U6: 人數 | V6: 產能／時 | W6: 人時性 | X6: 排名 | Z6: 人數 | AA6: 產能／時 | AB6: 人時性 | AC6: 排名 | AE6: 人數 | AF6: 產能／時 | AG6: 人時性 | AH6: 排名 | AJ6: 人數 | AK6: 產能／時 | AL6: 人時性 | AM6: 排名 | AO6: 人數 | AP6: 產能／時 | AQ6: 人時性 | AR6: 排名 | AT6: 人數 | AU6: 產能／時 | AV6: 人時性 | AW6: 排名
B7: 微波小吃 | C7: 1 | D7: 日式茶碗蒸 | E7: 13 | F7: 1200 | G7: =F7/E7 -> 92.307692 | H7: =AVERAGE(G7:G21) -> 136.71329 | I7: =AVERAGE(P7,U7,Z7,AE7,AJ7,AO7,AT7) -> 13 | J7: =AVERAGE(Q7,V7,AA7,AF7,AK7,AP7,AU7) -> 1079.9106 | K7: =AVERAGE(R7,W7,AB7,AG7,AL7,AQ7,AV7) -> 83.070043 | L7: =IFERROR(AVERAGE(K7:K21),"-") -> 114.90234 | M7: =RANK(K7, K$7:$K$21) -> 3 | P7: 13 | Q7: 1080.6477 | R7: =IFERROR(Q7/P7,"") -> 83.126746 | S7: =RANK(R7, R$7:R$931) -> 3 | T7: =AVERAGE(R7:R21) -> 83.126746 | U7: 13 | V7: 1080.5277 | W7: =IFERROR(V7/U7,"") -> 83.117516 | X7: =RANK(W7, W$7:W$931) -> 3 | Y7: =AVERAGE(W7:W21) -> 83.117516 | Z7: 13 | AA7: 1080.4077 | AB7: =IFERROR(AA7/Z7,"") -> 83.108285 | AC7: =RANK(AB7, AB$7:AB$931) -> 3 | AD7: =AVERAGE(AB7:AB21) -> 83.108285 | AE7: 13 | AF7: 1079.9277 | AG7: =IFERROR(AF7/AE7,"") -> 83.071362 | AH7: =RANK(AG7, AG$7:AG$931) -> 3 | AI7: =AVERAGE(AG7:AG21) -> 83.071362 | AJ7: 13 | AK7: 1079.5677 | AL7: =IFERROR(AK7/AJ7,"") -> 83.04367 | AM7: =RANK(AL7, AL$7:AL$931) -> 3 | AN7: =AVERAGE(AL7:AL21) -> 83.04367 | AO7: 13 | AP7: 1079.2077 | AQ7: =IFERROR(AP7/AO7,"") -> 83.015977 | AR7: =RANK(AQ7, AQ$7:AQ$931) -> 6 | AS7: =AVERAGE(AQ7:AQ21) -> 113.935 | AT7: 13 | AU7: 1079.0877 | AV7: =IFERROR(AU7/AT7,"") -> 83.006746 | AW7: =RANK(AV7, AV$7:AV$931) -> 6 | AX7: =AVERAGE(AV7:AV21) -> 115.84035
C8: 2 | D8: 蒸蛋湯 | E8: 11 | F8: 2000 | G8: =F8/E8 -> 181.81818 | I8: =AVERAGE(P8,U8,Z8,AE8,AJ8,AO8,AT8) -> 11 | J8: =AVERAGE(Q8,V8,AA8,AF8,AK8,AP8,AU8) -> 1659.5515 | K8: =AVERAGE(R8,W8,AB8,AG8,AL8,AQ8,AV8) -> 150.86832 | M8: =RANK(K8, K$7:$K$21) -> 1 | AO8: 11 | AP8: 1642.8173 | AQ8: =IFERROR(AP8/AO8,"") -> 149.34703 | AR8: =RANK(AQ8, AQ$7:AQ$931) -> 3 | AT8: 11 | AU8: 1676.2857 | AV8: =IFERROR(AU8/AT8,"") -> 152.38961 | AW8: =RANK(AV8, AV$7:AV$931) -> 3
C9: 3 | D9: 馬鈴薯玉米濃湯 | E9: 22 | F9: 2000 | G9: =F9/E9 -> 90.909091 | I9: =AVERAGE(P9,U9,Z9,AE9,AJ9,AO9,AT9) -> 22 | J9: =AVERAGE(Q9,V9,AA9,AF9,AK9,AP9,AU9) -> 1646.606 | K9: =AVERAGE(R9,W9,AB9,AG9,AL9,AQ9,AV9) -> 74.845727 | M9: =RANK(K9, K$7:$K$21) -> 4 | AO9: 22 | AP9: 1630 | AQ9: =IFERROR(AP9/AO9,"") -> 74.090909 | AR9: =RANK(AQ9, AQ$7:AQ$931) -> 8 | AT9: 22 | AU9: 1663.212 | AV9: =IFERROR(AU9/AT9,"") -> 75.600545 | AW9: =RANK(AV9, AV$7:AV$931) -> 8
C10: 4 | D10: 三合一味噌湯 | E10: 11 | F10: 2000 | G10: =F10/E10 -> 181.81818 | I10: =AVERAGE(P10,U10,Z10,AE10,AJ10,AO10,AT10) -> 11 | J10: =AVERAGE(Q10,V10,AA10,AF10,AK10,AP10,AU10) -> 1659.0782 | K10: =AVERAGE(R10,W10,AB10,AG10,AL10,AQ10,AV10) -> 150.82529 | M10: =RANK(K10, K$7:$K$21) -> 2 | AO10: 11 | AP10: 1642.1467 | AQ10: =IFERROR(AP10/AO10,"") -> 149.28607 | AR10: =RANK(AQ10, AQ$7:AQ$931) -> 4 | AT10: 11 | AU10: 1676.0097 | AV10: =IFERROR(AU10/AT10,"") -> 152.36452 | AW10: =RANK(AV10, AV$7:AV$931) -> 4
C11: 5
C12: 6
C13: 7
C14: 8
C15: 9
C16: 10
C17: 11
C18: 12
C19: 13
C20: 14
C21: 15
B22: 產線配置圖－每週更新(0602-0608) | N22: 資料繳交 | O22: 日期 | P22: 46175 | U22: 46176 | Z22: 46177 | AE22: 46178 | AJ22: 46179 | AO22: 46180 | AT22: 46181
P23: 46175 | U23: 46176 | Z23: 46177 | AE23: 46178 | AJ23: 46179 | AO23: 46180 | AT23: 46181
B24: 品群 | C24: 商品名稱 | E24: 計畫 | H24: 平均人時性 | I24: 實績 (週平均) | L24: 平均人時性 | M24: 排名 | O24: 日報 | P24: 實際 | T24: 平均人時性 | U24: 實際 | Y24: 平均人時性 | Z24: 實際 | AD24: 平均人時性 | AE24: 實際 | AI24: 平均人時性 | AJ24: 實際 | AN24: 平均人時性 | AO24: 實際 | AS24: 平均人時性 | AT24: 實際 | AX24: 平均人時性
E25: 產線配置圖 | I25: 產線配置圖 | P25: 生產實績 | U25: 生產實績 | Z25: 生產實績 | AE25: 生產實績 | AJ25: 生產實績 | AO25: 生產實績 | AT25: 生產實績
E26: 人數 | F26: 產能／時 | G26: 人時性 | I26: 人數 | J26: 產能／時 | K26: 人時性 | P26: 人數 | Q26: 產能／時 | R26: 人時性 | S26: 排名 | U26: 人數 | V26: 產能／時 | W26: 人時性 | X26: 排名 | Z26: 人數 | AA26: 產能／時 | AB26: 人時性 | AC26: 排名 | AE26: 人數 | AF26: 產能／時 | AG26: 人時性 | AH26: 排名 | AJ26: 人數 | AK26: 產能／時 | AL26: 人時性 | AM26: 排名 | AO26: 人數 | AP26: 產能／時 | AQ26: 人時性 | AR26: 排名 | AT26: 人數 | AU26: 產能／時 | AV26: 人時性 | AW26: 排名
B27: 微波小吃 | C27: 1 | D27: 日式茶碗蒸 | E27: 13 | F27: 1200 | G27: =F27/E27 -> 92.307692 | H27: =AVERAGE(G27:G41) -> 136.71329 | I27: =AVERAGE(P27,U27,Z27,AE27,AJ27,AO27,AT27) -> 13 | J27: =AVERAGE(Q27,V27,AA27,AF27,AK27,AP27,AU27) -> 1079.1391 | K27: =AVERAGE(R27,W27,AB27,AG27,AL27,AQ27,AV27) -> 83.010702 | L27: =IFERROR(AVERAGE(K27:K41),"-") -> 121.82808 | M27: =RANK(K27, K$27:$K$41) -> 3 | P27: 13 | Q27: 1078.9677 | R27: =IFERROR(Q27/P27,"") -> 82.997516 | S27: =RANK(R27, R$27:R$41) -> 3 | T27: =AVERAGE(R27:R41) -> 117.76996 | U27: 13 | V27: 1078.7277 | W27: =IFERROR(V27/U27,"") -> 82.979054 | X27: =RANK(W27, W$27:W$41) -> 3 | Y27: =AVERAGE(W27:W41) -> 119.76376 | Z27: 13 | AA27: 1078.9677 | AB27: =IFERROR(AA27/Z27,"") -> 82.997516 | AC27: =RANK(AB27, AB$27:AB$41) -> 3 | AD27: =AVERAGE(AB27:AB41) -> 121.77194 | AE27: 13 | AF27: 1079.4477 | AG27: =IFERROR(AF27/AE27,"") -> 83.034439 | AH27: =RANK(AG27, AG$27:AG$41) -> 3 | AI27: =AVERAGE(AG27:AG41) -> 123.40373 | AJ27: 13 | AK27: 1078.9677 | AL27: =IFERROR(AK27/AJ27,"") -> 82.997516 | AM27: =RANK(AL27, AL$27:AL$41) -> 3 | AN27: =AVERAGE(AL27:AL41) -> 123.36268 | AO27: 13 | AP27: 1079.3277 | AQ27: =IFERROR(AP27/AO27,"") -> 83.025208 | AR27: =RANK(AQ27, AQ$27:AQ$41) -> 3 | AS27: =AVERAGE(AQ27:AQ41) -> 123.36051 | AT27: 13 | AU27: 1079.5677 | AV27: =IFERROR(AU27/AT27,"") -> 83.04367 | AW27: =RANK(AV27, AV$27:AV$41) -> 3 | AX27: =AVERAGE(AV27:AV41) -> 123.36398
C28: 2 | D28: 蒸蛋湯 | E28: 11 | F28: 2000 | G28: =F28/E28 -> 181.81818 | I28: =AVERAGE(P28,U28,Z28,AE28,AJ28,AO28,AT28) -> 11 | J28: =AVERAGE(Q28,V28,AA28,AF28,AK28,AP28,AU28) -> 1780.4889 | K28: =AVERAGE(R28,W28,AB28,AG28,AL28,AQ28,AV28) -> 161.86263 | M28: =RANK(K28, K$27:$K$41) -> 2 | P28: 11 | Q28: 1710.2194 | R28: =IFERROR(Q28/P28,"") -> 155.47449 | S28: =RANK(R28, R$27:R$41) -> 2 | U28: 11 | V28: 1745.0358 | W28: =IFERROR(V28/U28,"") -> 158.63961 | X28: =RANK(W28, W$27:W$41) -> 2 | Z28: 11 | AA28: 1780.3445 | AB28: =IFERROR(AA28/Z28,"") -> 161.8495 | AC28: =RANK(AB28, AB$27:AB$41) -> 2 | AE28: 11 | AF28: 1807.4556 | AG28: =IFERROR(AF28/AE28,"") -> 164.31415 | AH28: =RANK(AG28, AG$27:AG$41) -> 2 | AJ28: 11 | AK28: 1806.6556 | AL28: =IFERROR(AK28/AJ28,"") -> 164.24142 | AM28: =RANK(AL28, AL$27:AL$41) -> 2 | AO28: 11 | AP28: 1807.0556 | AQ28: =IFERROR(AP28/AO28,"") -> 164.27779 | AR28: =RANK(AQ28, AQ$27:AQ$41) -> 1 | AT28: 11 | AU28: 1806.6556 | AV28: =IFERROR(AU28/AT28,"") -> 164.24142 | AW28: =RANK(AV28, AV$27:AV$41) -> 2
C29: 3 | D29: 馬鈴薯玉米濃湯 | E29: 22 | F29: 2000 | G29: =F29/E29 -> 90.909091 | I29: =AVERAGE(P29,U29,Z29,AE29,AJ29,AO29,AT29) -> 22 | J29: =AVERAGE(Q29,V29,AA29,AF29,AK29,AP29,AU29) -> 1771.074 | K29: =AVERAGE(R29,W29,AB29,AG29,AL29,AQ29,AV29) -> 80.503365 | M29: =RANK(K29, K$27:$K$41) -> 4 | P29: 22 | Q29: 1696.6802 | R29: =IFERROR(Q29/P29,"") -> 77.121829 | S29: =RANK(R29, R$27:R$41) -> 4 | U29: 22 | V29: 1731.2258 | W29: =IFERROR(V29/U29,"") -> 78.692084 | X29: =RANK(W29, W$27:W$41) -> 4 | Z29: 22 | AA29: 1766.2584 | AB29: =IFERROR(AA29/Z29,"") -> 80.284471 | AC29: =RANK(AB29, AB$27:AB$41) -> 4 | AE29: 22 | AF29: 1800.5635 | AG29: =IFERROR(AF29/AE29,"") -> 81.843797 | AH29: =RANK(AG29, AG$27:AG$41) -> 4 | AJ29: 22 | AK29: 1800.9635 | AL29: =IFERROR(AK29/AJ29,"") -> 81.861979 | AM29: =RANK(AL29, AL$27:AL$41) -> 4 | AO29: 22 | AP29: 1800.9635 | AQ29: =IFERROR(AP29/AO29,"") -> 81.861979 | AR29: =RANK(AQ29, AQ$27:AQ$41) -> 4 | AT29: 22 | AU29: 1800.8631 | AV29: =IFERROR(AU29/AT29,"") -> 81.857416 | AW29: =RANK(AV29, AV$27:AV$41) -> 4
C30: 4 | D30: 三合一味噌湯 | E30: 11 | F30: 2000 | G30: =F30/E30 -> 181.81818 | I30: =AVERAGE(P30,U30,Z30,AE30,AJ30,AO30,AT30) -> 11 | J30: =AVERAGE(Q30,V30,AA30,AF30,AK30,AP30,AU30) -> 1781.2918 | K30: =AVERAGE(R30,W30,AB30,AG30,AL30,AQ30,AV30) -> 161.93562 | M30: =RANK(K30, K$27:$K$41) -> 1 | P30: 11 | Q30: 1710.3459 | R30: =IFERROR(Q30/P30,"") -> 155.48599 | S30: =RANK(R30, R$27:R$41) -> 1 | U30: 11 | V30: 1746.1872 | W30: =IFERROR(V30/U30,"") -> 158.74429 | X30: =RANK(W30, W$27:W$41) -> 1 | Z30: 11 | AA30: 1781.5189 | AB30: =IFERROR(AA30/Z30,"") -> 161.95627 | AC30: =RANK(AB30, AB$27:AB$41) -> 1 | AE30: 11 | AF30: 1808.6477 | AG30: =IFERROR(AF30/AE30,"") -> 164.42252 | AH30: =RANK(AG30, AG$27:AG$41) -> 1 | AJ30: 11 | AK30: 1807.8477 | AL30: =IFERROR(AK30/AJ30,"") -> 164.34979 | AM30: =RANK(AL30, AL$27:AL$41) -> 1 | AO30: 11 | AP30: 1807.0477 | AQ30: =IFERROR(AP30/AO30,"") -> 164.27707 | AR30: =RANK(AQ30, AQ$27:AQ$41) -> 2 | AT30: 11 | AU30: 1807.4477 | AV30: =IFERROR(AU30/AT30,"") -> 164.31343 | AW30: =RANK(AV30, AV$27:AV$41) -> 1
C31: 5
C32: 6
C33: 7
C34: 8
C35: 9
C36: 10
C37: 11
C38: 12
C39: 13
C40: 14
C41: 15

Sheet 生產管理報表 6-1
A1: 生產管理報表
A3: （６）人時生產性前幾名品項(0526-0601)
A5: 品群 | B5: 1 | C5: 2 | D5: 3 | E5: 4 | F5: 5 | G5: 6 | H5: 7 | I5: 8 | J5: 9
B6: 18℃-飯糰 | C6: 18℃-壽司手卷 | D6: 4℃-飯糰 | E6: 4℃-壽司手卷 | F6: 微波主食 | G6: 便當 | H6: 熱食義麵 | I6: 季節調理麵 | J6: 微波小吃
A7: 品群 | C7: 排名 | D7: 商品名 | G7: 人數 | H7: 產能 | I7: 人時生產性 | J7: 前週比 | K7: 主要原因&對策
A8: 1 | B8: 18℃-飯糰 | C8: 1 | D8: 二配三杯醬爆菇菇飯糰 | G8: 3 | H8: 3199.0938 | I8: 1066.3646 | J8: 1.5942857 | K8: 人數配置相同與人時生產性維持穩定
C9: 2 | D9: 二配蔬食鮪魚飯糰 | G9: 3 | H9: 3193.7446 | I9: 1064.5815 | J9: 1.4057143 | K9: 人數配置相同與人時生產性維持穩定
C10: 3 | D10: 一配蔬食鮪魚飯糰 | G10: 3 | H10: 3192.5916 | I10: 1064.1972 | J10: 1.08 | K10: 人數配置相同與人時生產性維持穩定
C11: 4 | D11: 二配明太子龍蝦風味沙拉飯糰 | G11: 3 | H11: 3190.5805 | I11: 1063.5268 | K11: 人數配置相同與人時生產性維持穩定
C12: 5 | D12: 一配椒鹽檸檬鯖魚飯糰 | G12: 3 | H12: 3190.1523 | I12: 1063.3841 | K12: 人數配置相同與人時生產性維持穩定
C13: ▼1 | D13: 二配溏心蛋五目飯糰 | G13: 13 | H13: 3262.6306 | I13: 250.97158 | J13: 0.014986169 | K13: 人數配置相同與人時生產性維持穩定
C14: ▼2 | D14: 二配兩粒飯糰(鮪魚.焦糖鮭魚) | G14: 12 | H14: 3114.3858 | I14: 259.53215 | J14: -0.26571429 | K14: 人數配置相同與人時生產性維持穩定
C15: ▼3 | D15: 一配兩粒飯糰(鮪魚.焦糖鮭魚) | G15: 12 | H15: 3114.7349 | I15: 259.56124 | J15: -0.17333623 | K15: 人數配置相同與人時生產性維持穩定
C16: ▼4 | D16: 二配大飯糰乾燒風味鮮蝦 | G16: 5 | H16: 2707.7365 | I16: 541.5473 | J16: 0.25466633 | K16: 人數配置相同與人時生產性維持穩定
C17: ▼5 | D17: 二配壹號醬炙烤牛飯糰 | G17: 5 | H17: 2976.8738 | I17: 595.37476 | K17: 人數配置相同與人時生產性維持穩定
A18: 品群 | C18: 排名 | D18: 商品名 | G18: 人數 | H18: 產能 | I18: 人時生產性 | J18: 前週比 | K18: 主要原因&對策
A19: 2 | B19: 18℃-壽司手卷 | C19: 1 | D19: 一配長野稻荷壽司 | G19: 10 | H19: 3205.7942 | I19: 320.57942 | J19: 1.076868 | K19: 人數配置相同與人時生產性維持穩定
C20: 2 | D20: 一配經典人氣雙手卷 | G20: 11 | H20: 3150.2151 | I20: 286.38319 | J20: -0.18233766 | K20: 人數配置相同與人時生產性維持穩定
C21: 3 | D21: 一配鮭鮪海饌雙手卷 | G21: 11 | H21: 3149.8807 | I21: 286.35279 | J21: -0.23376623 | K21: 人數配置相同與人時生產性維持穩定
C22: 4
C23: 5
C24: ▼1
C25: ▼2
C26: ▼3
C27: ▼4
C28: ▼5
A29: （６）人時生產性前幾名品項(0602-0608)
A31: 品群 | B31: 1 | C31: 2 | D31: 3 | E31: 4 | F31: 5 | G31: 6 | H31: 7 | I31: 8 | J31: 9
B32: 18℃-飯糰 | C32: 18℃-壽司手卷 | D32: 4℃-飯糰 | E32: 4℃-壽司手卷 | F32: 微波主食 | G32: 便當 | H32: 熱食義麵 | I32: 季節調理麵 | J32: 微波小吃
A33: 品群 | C33: 排名 | D33: 商品名 | G33: 人數 | H33: 產能 | I33: 人時生產性 | J33: 前週比 | K33: 主要原因&對策
A34: 1 | B34: 18℃-飯糰 | C34: 1 | D34: 二配三杯醬爆菇菇飯糰 | G34: 3 | H34: 3197.6024 | I34: 1065.8675 | J34: =I34-I8 -> -0.49714286
C35: 2 | D35: 二配蔬食鮪魚飯糰 | G35: 3 | H35: 3196.3675 | I35: 1065.4558 | J35: =I35-I9 -> 0.87428571
C36: 3 | D36: 一配蔬食鮪魚飯糰 | G36: 3 | H36: 3194.7516 | I36: 1064.9172 | J36: =I36-I10 -> 0.72
C37: 4 | D37: 一配椒鹽檸檬鯖魚飯糰 | G37: 3 | H37: 3194.4208 | I37: 1064.8069 | J37: =I37-I12 -> 1.4228571
C38: 5 | D38: 二配明太子龍蝦風味沙拉飯糰 | G38: 3 | H38: 3194.0263 | I38: 1064.6754 | J38: =I38-I11 -> 1.1485714
C39: ▼1 | D39: 二配溏心蛋五目飯糰 | G39: 13 | H39: 3257.6523 | I39: 250.58864 | J39: =I39-I13 -> -0.3829405
C40: ▼2 | D40: 一配兩粒飯糰(鮪魚.焦糖鮭魚) | G40: 12 | H40: 3111.9063 | I40: 259.32553 | J40: =I40-I15 -> -0.23571429
C41: ▼3 | D41: 二配兩粒飯糰(鮪魚.焦糖鮭魚) | G41: 12 | H41: 3113.1001 | I41: 259.42501 | J41: =I41-I14 -> -0.10714286
C42: ▼4 | D42: 二配大飯糰乾燒風味鮮蝦 | G42: 5 | H42: 2707.1913 | I42: 541.43825 | J42: =I42-I17 -> -53.936507
C43: ▼5 | D43: 二配壹號醬炙烤牛飯糰 | G43: 5 | H43: 2979.2918 | I43: 595.85837
A44: 品群 | C44: 排名 | D44: 商品名 | G44: 人數 | H44: 產能 | I44: 人時生產性 | J44: 前週比 | K44: 主要原因&對策
A45: 2 | B45: 18℃-壽司手卷 | C45: 1 | D45: 一配長野稻荷壽司 | G45: 10 | H45: 3211.1413 | I45: 321.11413 | J45: =I45-I19 -> 0.5347069
C46: 2 | D46: 一配經典人氣雙手卷 | G46: 11 | H46: 3152.0151 | I46: 286.54683 | J46: =I46-I20 -> 0.16363636
C47: 3 | D47: 一配鮭鮪海饌雙手卷 | G47: 11 | H47: 3150.8065 | I47: 286.43695 | J47: =I47-I21 -> 0.084155844
C48: 4
C49: 5
C50: ▼1
C51: ▼2
C52: ▼3
C53: ▼4
C54: ▼5
A55: （６）人時生產性前幾名品項(0609-0615)
A57: 品群 | B57: 1 | C57: 2 | D57: 3 | E57: 4 | F57: 5 | G57: 6 | H57: 7 | I57: 8 | J57: 9
