Workbook

Sheet 數值累積總表(月)
B1: 項目 | D1: 1月 | E1: 2月 | F1: 3月 | G1: 4月 | H1: 5月 | I1: 6月 | J1: 7月 | K1: 8月 | L1: 9月 | M1: 10月 | N1: 11月 | O1: 12月 | P1: 合計/平均
B2: （１）收支狀況 | C2: 業績金額(千元) | D2: 146299.94 | E2: 116569.43 | F2: 148838 | G2: 160648.31 | P2: =SUM(D2:O2) -> 572355.68
C3: 訂單數量 | D3: 4768701 | E3: 3787002 | F3: 5045753 | G3: 5396292 | P3: =SUM(D3:O3) -> 18997748
C4: 材料費(千元) | D4: 93253 | E4: 74777 | F4: 93614 | G4: 104435 | P4: =SUM(D4:O4) -> 366079
C5: 材料費率(%) | D5: 0.655 | E5: 0.653 | F5: 0.648 | G5: 0.663 | H5: =IFERROR(H4/H2, "") | I5: =IFERROR(I4/I2, "") | J5: =IFERROR(J4/J2, "") | K5: =IFERROR(K4/K2, "") | L5: =IFERROR(L4/L2, "") | M5: =IFERROR(M4/M2, "") | N5: =IFERROR(N4/N2, "") | O5: =IFERROR(O4/O2, "") | P5: =AVERAGEIF(D5:O5, ">0") -> 0.65475
C6: 勞務成本(千元) | D6: 22378 | E6: 22860 | F6: 22710 | G6: 23226 | P6: =SUM(D6:O6) -> 91174
C7: 勞務費率(%) | D7: 0.157 | E7: 0.2 | F7: 0.157 | G7: 0.147 | H7: =IFERROR(H6/H2, "") | I7: =IFERROR(I6/I2, "") | J7: =IFERROR(J6/J2, "") | K7: =IFERROR(K6/K2, "") | L7: =IFERROR(L6/L2, "") | M7: =IFERROR(M6/M2, "") | N7: =IFERROR(N6/N2, "") | O7: =IFERROR(O6/O2, "") | P7: =AVERAGEIF(D7:O7, ">0") -> 0.16525
B9: （２）ＫＰＩ達成進度 | C9: 人時性KPI | D9: 497.6 | E9: 497.6 | F9: 497.6 | G9: 497.6 | P9: =AVERAGEIF(D9:O9, ">0") -> 497.6
C10: 人時性(個/月均) | D10: 458.38414 | E10: 476.04172 | F10: 409.81563 | G10: 402.86432 | P10: =AVERAGEIF(D10:O10, ">0") -> 436.77645
C11: 人時達成率(%/月均) | D11: =IFERROR(D10/D9, "") -> 0.92118999 | E11: =IFERROR(E10/E9, "") -> 0.95667547 | F11: =IFERROR(F10/F9, "") -> 0.82358447 | G11: =IFERROR(G10/G9, "") -> 0.80961479 | H11: =IFERROR(H10/H9, "") | I11: =IFERROR(I10/I9, "") | J11: =IFERROR(J10/J9, "") | K11: =IFERROR(K10/K9, "") | ... O11: =IFERROR(O10/O9, "") | P11: =AVERAGEIF(D11:O11, ">0") -> 0.87776618
C12: 半成品-報廢(%) | D12: 0.0024135432 | E12: 0.0023657636 | F12: 0.0020222248 | G12: 0.0020113648 | P12: =AVERAGEIF(D12:O12, ">0") -> 0.0022032241
C13: 半成品-超用(%) | D13: 0.0055994433 | E13: 0.0052393001 | F13: 0.0048799138 | G13: 0.0043085188 | P13: =AVERAGEIF(D13:O13, ">0") -> 0.005006794
C14: 固定產線-導入率(%) | D14: 0.9 | E14: 0.9 | F14: 0.9 | G14: 0.9 | P14: =AVERAGEIF(D14:O14, ">0") -> 0.9
C15: 教育訓練-實施率(%) | D15: 0.057692308 | E15: 0.13873626 | F15: 0.21960298 | G15: 0.30384615 | P15: 0.2196
B17: （３）業績構成比 | C17: 18℃-飯糰(061,063) | D17: 0.36139567 | E17: 0.34737657 | F17: 0.36414345 | G17: 0.38079956 | P17: =AVERAGEIF(D17:O17, ">0") -> 0.36342881
C18: 18℃-壽司手卷(071,072,075,076) | D18: 0.069633574 | E18: 0.077793665 | F18: 0.084480826 | G18: 0.060267904 | P18: =AVERAGEIF(D18:O18, ">0") -> 0.073043992
C19: 4℃-飯糰(065) | D19: 0.022453222 | E19: 0.02167645 | F19: 0.02436516 | G19: 0.018891118 | P19: =AVERAGEIF(D19:O19, ">0") -> 0.021846487
C20: 4℃-壽司手卷(077) | D20: 0.008585039 | E20: 0.0099523222 | F20: 0.014684918 | G20: 0.028316296 | P20: =AVERAGEIF(D20:O20, ">0") -> 0.015384644
C21: 主食(091,092,093,094,095) | D21: 0.16215294 | E21: 0.18214708 | F21: 0.20289324 | G21: 0.15628268 | P21: =AVERAGEIF(D21:O21, ">0") -> 0.17586898
C22: 便當(083) | D22: 0.27057088 | E22: 0.27529226 | F22: 0.29293399 | G22: 0.27842234 | P22: =AVERAGEIF(D22:O22, ">0") -> 0.27930487
C23: 熱食義麵(122,123,124,126) | D23: 0.029234371 | E23: 0.0089796819 | F23: 0 | G23: 0 | P23: =AVERAGEIF(D23:O23, ">0") -> 0.019107026
C24: 季節調理麵(111,112) | D24: 0.040564166 | E24: 0.040109499 | F24: 0.0016541185 | G24: 0.064343547 | P24: =AVERAGEIF(D24:O24, ">0") -> 0.036667833
C25: 微波小吃(153,154,155) | D25: 0.035410133 | E25: 0.036672477 | F25: 0.01484429 | G25: 0.012676559 | P25: =AVERAGEIF(D25:O25, ">0") -> 0.024900865
B27: （４）訂單數量構成比 | C27: 18℃-飯糰(061,063) | D27: 0.58577126 | E27: 0.57025346 | F27: 0.57640852 | G27: 0.58366912 | P27: =AVERAGEIF(D27:O27, ">0") -> 0.57902559
C28: 18℃-壽司手卷(071,072,075,076) | D28: 0.081693946 | E28: 0.091615478 | F28: 0.10179987 | G28: 0.068907687 | P28: =AVERAGEIF(D28:O28, ">0") -> 0.086004245
C29: 4℃-飯糰(065) | D29: 0.024966128 | E29: 0.023825971 | F29: 0.026809081 | G29: 0.020313393 | P29: =AVERAGEIF(D29:O29, ">0") -> 0.023978643
C30: 4℃-壽司手卷(077) | D30: 0.0097963785 | E30: 0.011706622 | F30: 0.016401516 | G30: 0.031347822 | P30: =AVERAGEIF(D30:O30, ">0") -> 0.017313085
C31: 主食(091,092,093,094,095) | D31: 0.089953008 | E31: 0.10114835 | F31: 0.11343936 | G31: 0.089562981 | P31: =AVERAGEIF(D31:O31, ">0") -> 0.098525925
C32: 便當(083) | D32: 0.13708178 | E32: 0.14060779 | F32: 0.14223546 | G32: 0.13317793 | P32: =AVERAGEIF(D32:O32, ">0") -> 0.13827574
C33: 熱食義麵(122,123,124,126) | D33: 0.015652481 | E33: 0.0048238686 | F33: 0 | G33: 0 | P33: =AVERAGEIF(D33:O33, ">0") -> 0.010238175
C34: 季節調理麵(111,112) | D34: 0.022004735 | E34: 0.020902022 | F34: 0.00067918505 | G34: 0.05386458 | P34: =AVERAGEIF(D34:O34, ">0") -> 0.02436263
C35: 微波小吃(153,154,155) | D35: 0.033080287 | E35: 0.035116432 | F35: 0.02222701 | G35: 0.019156487 | P35: =AVERAGEIF(D35:O35, ">0") -> 0.027395054
B37: （５）品群別人時生產性 | C37: 18℃-飯糰(061,063) | D37: 768.96509 | E37: 774.12086 | F37: 757.59042 | G37: 740.76981 | P37: =AVERAGEIF(D37:O37, ">0") -> 760.36155
C38: 18℃-壽司手卷(071,072,075,076) | D38: 280.52358 | E38: 304.46478 | F38: 311.70582 | G38: 320.67204 | P38: =AVERAGEIF(D38:O38, ">0") -> 304.34156
C39: 4℃-飯糰(065) | D39: 258.56167 | E39: 203.24374 | F39: 331.13667 | G39: 331.07659 | P39: =AVERAGEIF(D39:O39, ">0") -> 281.00467
C40: 4℃-壽司手卷(077) | D40: 486.07171 | E40: 490.19814 | F40: 493.97618 | G40: 416.8019 | P40: =AVERAGEIF(D40:O40, ">0") -> 471.76198
C41: 主食(091,092,093,094,095) | D41: 82.669482 | E41: 81.452412 | F41: 79.949999 | G41: 82.282454 | P41: =AVERAGEIF(D41:O41, ">0") -> 81.588587
C42: 便當(083) | D42: 78.306367 | E42: 77.971323 | F42: 77.906797 | G42: 78.189351 | P42: =AVERAGEIF(D42:O42, ">0") -> 78.093459
C43: 熱食義麵(122,123,124,126) | D43: 76.250133 | E43: 72.949976 | F43: 0 | G43: 0 | P43: =AVERAGEIF(D43:O43, ">0") -> 74.600054
C44: 季節調理麵(111,112) | D44: 110.8083 | E44: 97.157501 | F44: 84.601424 | G44: 159.74229 | P44: =AVERAGEIF(D44:O44, ">0") -> 113.07738
C45: 微波小吃(153,154,155) | D45: 76.123665 | E45: 77.592138 | F45: 83.044479 | G45: 83.064527 | P45: =AVERAGEIF(D45:O45, ">0") -> 79.956202

Sheet 生產管理報表(月)
A1: 大溪廠生產管理報表
A3: 月別 | B3: 4 | C3: 工廠 | D3: 大溪廠
A4: （１）收支狀況 | E4: ※單位：千元 | G4: （２）ＫＰＩ達成進度
A5: 項目 | B5: 當月 | C5: 前月 | D5: 差異 | E5: 累計 | G5: 項目 | H5: KPI | I5: 當月 | J5: 前月 | K5: 累計 | L5: ※補充
A6: 業績金額 | B6: ='（１）收支狀況'!H6/1000 -> 160648.31 | C6: ='數值累積總表(月)'!F2 -> 148838 | D6: =B6-C6 -> 11810.316 | E6: ='數值累積總表(月)'!P2 -> 572355.68 | G6: 人時性(個/月均) | H6: 497.6 | I6: ='（２）ＫＰＩ達成進度'!H6 -> 402.86432 | J6: ='數值累積總表(月)'!F10 -> 409.81563 | K6: ='數值累積總表(月)'!P10 -> 436.77645 | L6: 個／MH
A7: 訂單數量 | B7: ='（１）收支狀況'!K6 -> 5396292 | C7: ='數值累積總表(月)'!F3 -> 5045753 | D7: =B7-C7 -> 350539 | E7: ='數值累積總表(月)'!P3 -> 18997748 | G7: 人時達成率(%/月均) | H7: 0.8 | I7: ='（２）ＫＰＩ達成進度'!K6 -> 0.91063364 | J7: ='數值累積總表(月)'!F11 -> 0.82358447 | K7: ='數值累積總表(月)'!P11 -> 0.87776618 | L7: 達成率
A8: 材料費 | B8: 104435 | C8: ='數值累積總表(月)'!F4 -> 93614 | D8: =B8-C8 -> 10821 | E8: ='數值累積總表(月)'!P4 -> 366079 | G8: 半成品-報廢(%) | H8: 0.0025 | I8: ='（２）ＫＰＩ達成進度'!N6 -> 0.0020113648 | J8: ='數值累積總表(月)'!F12 -> 0.0020222248 | K8: ='數值累積總表(月)'!P12 -> 0.0022032241 | L8: 報廢率
A9: 材料費率 | B9: 0.663 | C9: ='數值累積總表(月)'!F5 -> 0.648 | D9: =B9-C9 -> 0.015 | E9: ='數值累積總表(月)'!P5 -> 0.65475 | G9: 半成品-超用(%) | H9: 0.004 | I9: ='（２）ＫＰＩ達成進度'!Q6 -> 0.0043085188 | J9: ='數值累積總表(月)'!F13 -> 0.0048799138 | K9: ='數值累積總表(月)'!P13 -> 0.005006794 | L9: 超用率
A10: 勞務成本 | B10: 23226 | C10: ='數值累積總表(月)'!F6 -> 22710 | D10: =B10-C10 -> 516 | E10: ='[1]數值累積總表(月)'!P6 -> 67948 | G10: 固定產線-導入率(%) | H10: 0.8 | I10: ='（２）ＫＰＩ達成進度'!T6 -> 0.9 | J10: ='數值累積總表(月)'!F14 -> 0.9 | K10: ='數值累積總表(月)'!P14 -> 0.9 | L10: 導入率
A11: 勞務費率 | B11: 0.147 | C11: ='數值累積總表(月)'!F7 -> 0.157 | D11: =B11-C11 -> -0.01 | E11: ='數值累積總表(月)'!P7 -> 0.16525 | G11: 教育訓練-實施率(%) | H11: 1 | I11: ='（２）ＫＰＩ達成進度'!W6 -> 0.30384615 | J11: ='數值累積總表(月)'!F15 -> 0.21960298 | K11: ='數值累積總表(月)'!P15 -> 0.2196 | L11: 實施率
A13: （３）業績構成比 | E13: ※單位：千元 | G13: （４）訂單數量構成比 | K13: ※單位：個
B14: 當月 | C14: 比例 | D14: 前月 | E14: 差異 | H14: 當月 | I14: 比例 | J14: 前月 | K14: 差異
A15: 18℃-飯糰(061,063) | B15: =SUM('（３）業績構成比'!M8:M37)/1000 -> 61174.808 | C15: =IFERROR(B15/$B$6,"") -> 0.38079956 | D15: ='數值累積總表(月)'!F17 -> 0.36414345 | E15: =IFERROR(C15-D15,"") -> 0.016656108 | G15: 18℃-飯糰(061,063) | H15: =SUM('（４）訂單數量構成比'!M8:M37) -> 3149649 | I15: =IFERROR(H15/$B$7,"") -> 0.58366912 | J15: ='數值累積總表(月)'!F27 -> 0.57640852 | K15: =IFERROR(I15-J15,"") -> 0.0072606032
A16: 18℃-壽司手卷(071,072,075,076) | B16: =SUM('（３）業績構成比'!S8:S37)/1000 -> 9681.9372 | C16: =IFERROR(B16/$B$6,"") -> 0.060267904 | D16: ='數值累積總表(月)'!F18 -> 0.084480826 | E16: =IFERROR(C16-D16,"") -> -0.024212923 | G16: 18℃-壽司手卷(071,072,075,076) | H16: =SUM('（４）訂單數量構成比'!S8:S37) -> 371846 | I16: =IFERROR(H16/$B$7,"") -> 0.068907687 | J16: ='數值累積總表(月)'!F28 -> 0.10179987 | K16: =IFERROR(I16-J16,"") -> -0.032892183
A17: 4℃-飯糰(065) | B17: =SUM('（３）業績構成比'!U8:U37)/1000 -> 3034.8262 | C17: =IFERROR(B17/$B$6,"") -> 0.018891118 | D17: ='數值累積總表(月)'!F19 -> 0.02436516 | E17: =IFERROR(C17-D17,"") -> -0.0054740425 | G17: 4℃-飯糰(065) | H17: =SUM('（４）訂單數量構成比'!U8:U37) -> 109617 | I17: =IFERROR(H17/$B$7,"") -> 0.020313393 | J17: ='數值累積總表(月)'!F29 -> 0.026809081 | K17: =IFERROR(I17-J17,"") -> -0.0064956879
A18: 4℃-壽司手卷(077) | B18: =SUM('（３）業績構成比'!W8:W37)/1000 -> 4548.9652 | C18: =IFERROR(B18/$B$6,"") -> 0.028316296 | D18: ='數值累積總表(月)'!F20 -> 0.014684918 | E18: =IFERROR(C18-D18,"") -> 0.013631378 | G18: 4℃-壽司手卷(077) | H18: =SUM('（４）訂單數量構成比'!W8:W37) -> 169162 | I18: =IFERROR(H18/$B$7,"") -> 0.031347822 | J18: ='數值累積總表(月)'!F30 -> 0.016401516 | K18: =IFERROR(I18-J18,"") -> 0.014946306
A19: 主食(091,092,093,094,095) | B19: =SUM('（３）業績構成比'!AC8:AC37)/1000 -> 25106.549 | C19: =IFERROR(B19/$B$6,"") -> 0.15628268 | D19: ='數值累積總表(月)'!F21 -> 0.20289324 | E19: =IFERROR(C19-D19,"") -> -0.04661056 | G19: 主食(091,092,093,094,095) | H19: =SUM('（４）訂單數量構成比'!AC8:AC37) -> 483308 | I19: =IFERROR(H19/$B$7,"") -> 0.089562981 | J19: ='數值累積總表(月)'!F31 -> 0.11343936 | K19: =IFERROR(I19-J19,"") -> -0.02387638
A20: 便當(083) | B20: =SUM('（３）業績構成比'!AE8:AE37)/1000 -> 44728.079 | C20: =IFERROR(B20/$B$6,"") -> 0.27842234 | D20: ='數值累積總表(月)'!F22 -> 0.29293399 | E20: =IFERROR(C20-D20,"") -> -0.014511658 | G20: 便當(083) | H20: =SUM('（４）訂單數量構成比'!AE8:AE37) -> 718667 | I20: =IFERROR(H20/$B$7,"") -> 0.13317793 | J20: ='數值累積總表(月)'!F32 -> 0.14223546 | K20: =IFERROR(I20-J20,"") -> -0.0090575299
A21: 熱食義麵(122,123,124,126) | B21: =SUM('（３）業績構成比'!AG8:AG37)/1000 -> 0 | C21: =IFERROR(B21/$B$6,"") -> 0 | D21: ='數值累積總表(月)'!F23 -> 0 | E21: =IFERROR(C21-D21,"") -> 0 | G21: 熱食義麵(122,123,124,126) | H21: =SUM('（４）訂單數量構成比'!AG8:AG37) -> 0 | I21: =IFERROR(H21/$B$7,"") -> 0 | J21: ='數值累積總表(月)'!F33 -> 0 | K21: =IFERROR(I21-J21,"") -> 0
A22: 季節調理麵(111,112) | B22: =SUM('（３）業績構成比'!AI8:AI37)/1000 -> 10336.682 | C22: =IFERROR(B22/$B$6,"") -> 0.064343547 | D22: ='數值累積總表(月)'!F24 -> 0.0016541185 | E22: =IFERROR(C22-D22,"") -> 0.062689429 | G22: 季節調理麵(111,112) | H22: =SUM('（４）訂單數量構成比'!AI8:AI37) -> 290669 | I22: =IFERROR(H22/$B$7,"") -> 0.05386458 | J22: ='數值累積總表(月)'!F34 -> 0.00067918505 | K22: =IFERROR(I22-J22,"") -> 0.053185395
A23: 微波小吃(153,154,155) | B23: =SUM('（３）業績構成比'!AK8:AK37)/1000 -> 2036.4678 | C23: =IFERROR(B23/$B$6,"") -> 0.012676559 | D23: ='數值累積總表(月)'!F25 -> 0.01484429 | E23: =IFERROR(C23-D23,"") -> -0.0021677312 | G23: 微波小吃(153,154,155) | H23: =SUM('（４）訂單數量構成比'!AK8:AK37) -> 103374 | I23: =IFERROR(H23/$B$7,"") -> 0.019156487 | J23: ='數值累積總表(月)'!F35 -> 0.02222701 | K23: =IFERROR(I23-J23,"") -> -0.0030705221
C24: =SUM(C15:C23) -> 1 | D24: =SUM(D15:D23) -> 1 | I24: =SUM(I15:I23) -> 1 | J24: =SUM(J15:J23) -> 1
A26: （５）品群別人時生產性
A27: 品群 | B27: 當月 | C27: 前月 | D27: 差異 | E27: 累計
A28: 18℃-飯A15:A23糰(061,063) | B28: ='（５-1）品群別人時生產性(18℃-飯糰)'!C1 -> 740.76981 | C28: ='數值累積總表(月)'!F37 -> 757.59042 | D28: =B28-C28 -> -16.820611 | E28: ='數值累積總表(月)'!P37 -> 760.36155
A29: 18℃-壽司手卷(071,072,075,076) | B29: ='（５-2）品群別人時生產性(18℃-壽司手卷)'!C1 -> 320.67204 | C29: ='數值累積總表(月)'!F38 -> 311.70582 | D29: =B29-C29 -> 8.9662241 | E29: ='數值累積總表(月)'!P38 -> 304.34156
A30: 4℃-飯糰(065) | B30: ='（５-3）品群別人時生產性(4℃-飯糰)'!C1 -> 331.07659 | C30: ='數值累積總表(月)'!F39 -> 331.13667 | D30: =B30-C30 -> -0.060077595 | E30: ='數值累積總表(月)'!P39 -> 281.00467
A31: 4℃-壽司手卷(077) | B31: ='（５-4）品群別人時生產性(4℃-壽司手卷)'!C1 -> 416.8019 | C31: ='數值累積總表(月)'!F40 -> 493.97618 | D31: =B31-C31 -> -77.174279 | E31: ='數值累積總表(月)'!P40 -> 471.76198
A32: 主食(091,092,093,094,095) | B32: ='（５-5）品群別人時生產性(微波主食) '!C1 -> 82.282454 | C32: ='數值累積總表(月)'!F41 -> 79.949999 | D32: =B32-C32 -> 2.3324549 | E32: ='數值累積總表(月)'!P41 -> 81.588587
A33: 便當(083) | B33: ='（５-6）品群別人時生產性(便當)'!C1 -> 78.189351 | C33: ='數值累積總表(月)'!F42 -> 77.906797 | D33: =B33-C33 -> 0.28255467 | E33: ='數值累積總表(月)'!P42 -> 78.093459
A34: 熱食義麵(122,123,124,126) | B34: ='（５-7）品群別人時生產性(熱食義麵) '!C1 -> 0 | C34: ='數值累積總表(月)'!F43 -> 0 | D34: =B34-C34 -> 0 | E34: ='數值累積總表(月)'!P43 -> 74.600054
A35: 季節調理麵(111,112) | B35: ='（５-8）品群別人時生產性(季節調理麵) '!C1 -> 159.74229 | C35: ='數值累積總表(月)'!F44 -> 84.601424 | D35: =B35-C35 -> 75.140862 | E35: ='數值累積總表(月)'!P44 -> 113.07738
A36: 微波小吃(153,154,155) | B36: ='（５-9）品群別人時生產性(微波小吃)'!C1 -> 83.064527 | C36: ='數值累積總表(月)'!F45 -> 83.044479 | D36: =B36-C36 -> 0.02004812 | E36: ='數值累積總表(月)'!P45 -> 79.956202

Sheet 生產管理報表(週) 
A1: 大溪廠生產管理報表
A3: 月別 | B3: 5 | C3: 週別 | D3: W1 | E3: 工廠 | F3: 大溪廠
A4: （１）收支狀況 | E4: ※單位：千元 | G4: （２）ＫＰＩ達成進度
A5: 項目 | B5: 當週 | C5: 前週 | D5: 差異 | E5: 累計 | G5: 項目 | H5: KPI | I5: 當週 | J5: 前週 | K5: 累計 | L5: ※補充
A6: 業績金額 | B6: ='（１）收支狀況'!G33/1000 -> 37624.281 | C6: 42842.571 | D6: =B6-C6 -> -5218.2897 | E6: ='（１）收支狀況'!H6:H6/1000 -> 160648.31 | G6: 人時性(個/月均) | H6: 442.4 | I6: ='（２）ＫＰＩ達成進度'!G33 -> 409.72046 | J6: 399.10175 | K6: ='（２）ＫＰＩ達成進度'!H6 -> 402.86432 | L6: 個／MH
A7: 訂單數量 | B7: ='（１）收支狀況'!J33 -> 1262288 | C7: 1445720 | D7: =B7-C7 -> -183432 | E7: ='（１）收支狀況'!K6:K6 -> 5396292 | G7: 人時達成率(%/月均) | H7: 0.8 | I7: ='（２）ＫＰＩ達成進度'!J33 -> 0.92613124 | J7: 0.90212873 | K7: ='（２）ＫＰＩ達成進度'!K6 -> 0.91063364 | L7: 達成率
A8: 材料費 | B8: ='（１）收支狀況'!M33/1000 -> 25299.965 | C8: 28823.931 | D8: =B8-C8 -> -3523.9664 | E8: ='（１）收支狀況'!N6:N6/1000 -> 107165.65 | G8: 半成品-報廢(%) | H8: 0.0025 | I8: ='（２）ＫＰＩ達成進度'!M33 -> 0.0020023819 | J8: 0.0020092676 | K8: ='（２）ＫＰＩ達成進度'!N6 -> 0.0020113648 | L8: 報廢率
A9: 材料費率 | B9: ='（１）收支狀況'!P33 -> 0.67243715 | C9: 0.67278715 | D9: =B9-C9 -> -0.00034999132 | E9: ='（１）收支狀況'!Q6 -> 0.66708234 | G9: 半成品-超用(%) | H9: 0.004 | I9: ='（２）ＫＰＩ達成進度'!P33 -> 0.0053888197 | J9: 0.0042144965 | K9: ='（２）ＫＰＩ達成進度'!Q6 -> 0.0043085188 | L9: 超用率
A10: 勞務成本 | B10: ='（１）收支狀況'!S33/1000 -> 5540.8399 | C10: 6142.9209 | D10: =B10-C10 -> -602.08105 | E10: ='（１）收支狀況'!T6/1000 -> 24653.627 | G10: 固定產線-導入率(%) | H10: 0.8 | I10: ='（２）ＫＰＩ達成進度'!S33 -> 0.9 | J10: 0.9 | K10: ='（２）ＫＰＩ達成進度'!T6 -> 0.9 | L10: 導入率
A11: 勞務費率 | B11: ='（１）收支狀況'!V33 -> 0.14726766 | C11: 0.14338357 | D11: =B11-C11 -> 0.003884087 | E11: ='（１）收支狀況'!W6 -> 0.15346334 | G11: 教育訓練-實施率(%) | H11: 1 | I11: =18/52*100% -> 0.34615385 | J11: 0.32692308 | K11: ='（２）ＫＰＩ達成進度'!W6 -> 0.30384615 | L11: 實施率
A13: （３）業績構成比 | E13: ※單位：千元 | G13: （４）訂單數量構成比 | K13: ※單位：個
B14: 當週 | C14: 比例 | D14: 前週 | E14: 差異 | H14: 當週 | I14: 比例 | J14: 前週 | K14: 差異
A15: 18℃-飯糰(061,063) | B15: =SUM('（３）業績構成比'!M35:M41)/1000 -> 14606.671 | C15: =IFERROR(B15/$B$6,"") -> 0.3882246 | D15: 0.39391673 | E15: =IFERROR(C15-D15,"") -> -0.0056921315 | G15: 18℃-飯糰(061,063) | H15: =SUM('（４）訂單數量構成比'!M35:M41) -> 738776 | I15: =IFERROR(H15/$B$7,"") -> 0.58526739 | J15: 0.5858946 | K15: =IFERROR(I15-J15,"") -> -0.00062721217
A16: 18℃-壽司手卷(071,072,075,076) | B16: =SUM('（３）業績構成比'!S35:S41)/1000 -> 1707.7732 | C16: =IFERROR(B16/$B$6,"") -> 0.045390189 | D16: 0.048102496 | E16: =IFERROR(C16-D16,"") -> -0.0027123067 | G16: 18℃-壽司手卷(071,072,075,076) | H16: =SUM('（４）訂單數量構成比'!S35:S41) -> 64836 | I16: =IFERROR(H16/$B$7,"") -> 0.051363873 | J16: 0.053336214 | K16: =IFERROR(I16-J16,"") -> -0.0019723413
A17: 4℃-飯糰(065) | B17: =SUM('（３）業績構成比'!U35:U41)/1000 -> 659.55544 | C17: =IFERROR(B17/$B$6,"") -> 0.017530048 | D17: 0.016606453 | E17: =IFERROR(C17-D17,"") -> 0.00092359472 | G17: 4℃-飯糰(065) | H17: =SUM('（４）訂單數量構成比'!U35:U41) -> 23517 | I17: =IFERROR(H17/$B$7,"") -> 0.018630455 | J17: 0.017600837 | K17: =IFERROR(I17-J17,"") -> 0.0010296183
A18: 4℃-壽司手卷(077) | B18: =SUM('（３）業績構成比'!W35:W41)/1000 -> 594.51477 | C18: =IFERROR(B18/$B$6,"") -> 0.015801359 | D18: 0.030988527 | E18: =IFERROR(C18-D18,"") -> -0.015187169 | G18: 4℃-壽司手卷(077) | H18: =SUM('（４）訂單數量構成比'!W35:W41) -> 23986 | I18: =IFERROR(H18/$B$7,"") -> 0.019002003 | J18: 0.03570624 | K18: =IFERROR(I18-J18,"") -> -0.016704237
A19: 主食(091,092,093,094,095) | B19: =SUM('（３）業績構成比'!AC35:AC41)/1000 -> 5466.2702 | C19: =IFERROR(B19/$B$6,"") -> 0.1452857 | D19: 0.14777577 | E19: =IFERROR(C19-D19,"") -> -0.0024900619 | G19: 主食(091,092,093,094,095) | H19: =SUM('（４）訂單數量構成比'!AC35:AC41) -> 108472 | I19: =IFERROR(H19/$B$7,"") -> 0.085932846 | J19: 0.087049772 | K19: =IFERROR(I19-J19,"") -> -0.0011169265
A20: 便當(083) | B20: =SUM('（３）業績構成比'!AE35:AE41)/1000 -> 9747.8155 | C20: =IFERROR(B20/$B$6,"") -> 0.2590831 | D20: 0.25091633 | E20: =IFERROR(C20-D20,"") -> 0.0081667677 | G20: 便當(083) | H20: =SUM('（４）訂單數量構成比'!AE35:AE41) -> 157290 | I20: =IFERROR(H20/$B$7,"") -> 0.12460706 | J20: 0.11899664 | K20: =IFERROR(I20-J20,"") -> 0.0056104248
A21: 熱食義麵(122,123,124,126) | B21: =SUM('（３）業績構成比'!AG35:AG41)/1000 -> 0 | C21: =IFERROR(B21/$B$6,"") -> 0 | D21: 0 | E21: =IFERROR(C21-D21,"") -> 0 | G21: 熱食義麵(122,123,124,126) | H21: =SUM('（４）訂單數量構成比'!AG35:AG41) -> 0 | I21: =IFERROR(H21/$B$7,"") -> 0 | J21: 0 | K21: =IFERROR(I21-J21,"") -> 0
A22: 季節調理麵(111,112) | B22: =SUM('（３）業績構成比'!AI35:AI41)/1000 -> 4376.0318 | C22: =IFERROR(B22/$B$6,"") -> 0.11630871 | D22: 0.099990949 | E22: =IFERROR(C22-D22,"") -> 0.016317765 | G22: 季節調理麵(111,112) | H22: =SUM('（４）訂單數量構成比'!AI35:AI41) -> 121774 | I22: =IFERROR(H22/$B$7,"") -> 0.096470853 | J22: 0.083886639 | K22: =IFERROR(I22-J22,"") -> 0.012584214
A23: 微波小吃(153,154,155) | B23: =SUM('（３）業績構成比'!AK35:AK41)/1000 -> 465.6489 | C23: =IFERROR(B23/$B$6,"") -> 0.012376287 | D23: 0.011702745 | E23: =IFERROR(C23-D23,"") -> 0.00067354152 | G23: 微波小吃(153,154,155) | H23: =SUM('（４）訂單數量構成比'!AK35:AK41) -> 23637 | I23: =IFERROR(H23/$B$7,"") -> 0.018725521 | J23: 0.017529061 | K23: =IFERROR(I23-J23,"") -> 0.0011964601
C24: =SUM(C15:C23) -> 1 | D24: =SUM(D15:D23) -> 1 | I24: =SUM(I15:I23) -> 1 | J24: =SUM(J15:J23) -> 1
A26: （５）品群別人時生產性
A27: 品群 | B27: 當週 | C27: 前週 | D27: 差異 | E27: 累計
A28: 18℃-飯糰(061,063) | B28: ='（５-1）品群別人時生產性(18℃-飯糰)'!L163 -> 754.59133 | C28: 747.01135 | D28: =B28-C28 -> 7.5799834 | E28: ='（５-1）品群別人時生產性(18℃-飯糰)'!C1 -> 740.76981
A29: 18℃-壽司手卷(071,072,075,076) | B29: ='（５-2）品群別人時生產性(18℃-壽司手卷)'!L87 -> 319.35259 | C29: 319.02575 | D29: =B29-C29 -> 0.3268455 | E29: ='（５-2）品群別人時生產性(18℃-壽司手卷)'!C1 -> 320.67204
A30: 4℃-飯糰(065) | B30: ='（５-3）品群別人時生產性(4℃-飯糰)'!L87 -> 330.92771 | C30: 330.64531 | D30: =B30-C30 -> 0.28240015 | E30: ='（５-3）品群別人時生產性(4℃-飯糰)'!C1 -> 331.07659
A31: 4℃-壽司手卷(077) | B31: ='（５-4）品群別人時生產性(4℃-壽司手卷)'!L87 -> 330.46633 | C31: 368.48118 | D31: =B31-C31 -> -38.014848 | E31: ='（５-4）品群別人時生產性(4℃-壽司手卷)'!C1 -> 416.8019
A32: 主食(091,092,093,094,095) | B32: ='（５-5）品群別人時生產性(微波主食) '!L87 -> 84.873929 | C32: 84.02673 | D32: =B32-C32 -> 0.84719915 | E32: ='（５-5）品群別人時生產性(微波主食) '!C1 -> 82.282454
A33: 便當(083) | B33: ='（５-6）品群別人時生產性(便當)'!L87 -> 78.556988 | C33: 78.552971 | D33: =B33-C33 -> 0.0040177483 | E33: ='（５-6）品群別人時生產性(便當)'!C1 -> 78.189351
A34: 熱食義麵(122,123,124,126) | B34: ='（５-7）品群別人時生產性(熱食義麵) '!L87 -> 0 | C34: 0 | D34: =B34-C34 -> 0 | E34: ='（５-7）品群別人時生產性(熱食義麵) '!C1 -> 0
A35: 季節調理麵(111,112) | B35: ='（５-6）品群別人時生產性(便當)'!L87 -> 78.556988 | C35: 78.552971 | D35: =B35-C35 -> 0.0040177483 | E35: ='（５-8）品群別人時生產性(季節調理麵) '!C1 -> 159.74229
A36: 微波小吃(153,154,155) | B36: ='（５-9）品群別人時生產性(微波小吃)'!L87 -> 83.100806 | C36: 83.106081 | D36: =B36-C36 -> -0.0052747253 | E36: ='（５-9）品群別人時生產性(微波小吃)'!C1 -> 83.064527

Sheet （１）收支狀況
B2: （１）收支狀況
B3: 資料繳交日 | C3: 月份 | D3: 日期 | F3: 營業額(元) | I3: 訂單數量(個) | L3: 材料費(元) | O3: 材料費率（材料費／營業額） | R3: 勞務成本（全廠人事成本） | U3: 勞務費率（勞務成本／營業額）
F4: 日 | G4: 週累積 | H4: 月累積 | I4: 日 | J4: 週累積 | K4: 月累積 | L4: 日 | M4: 週累積 | N4: 月累積 | O4: 日 | P4: 週累積 | Q4: 月累積 | R4: 日 | S4: 週累積 | T4: 月累積 | U4: 日 | V4: 週累積 | W4: 月累積
B5: 46120 | D5: 46112 | E5: 二 | F5: 5566322 | G5: =SUM(F5:F11) -> 30121755 | I5: 179182 | J5: =SUM(I5:I11) -> 995977 | L5: 3707859.1 | M5: =SUM(L5:L11) -> 20020074 | O5: =L5/F5 -> 0.66612371 | P5: =M5/G5 -> 0.66463837 | R5: 863172.14 | S5: =SUM(R5:R11) -> 5296902.8 | U5: =R5/F5 -> 0.15507046 | V5: =S5/G5 -> 0.17584974
C6: 四 | D6: =D5+1 -> 46113 | E6: 三 | F6: 4658389.7 | H6: =SUM(F6:F35) -> 1.6064831e+08 | I6: 156110 | K6: =SUM(I6:I35) -> 5396292 | L6: 3067045.4 | N6: =SUM(L6:L35) -> 1.0716565e+08 | O6: =L6/F6 -> 0.65839175 | Q6: =N6/H6 -> 0.66708234 | R6: 766317.89 | T6: =SUM(R6:R35) -> 24653627 | U6: =R6/F6 -> 0.16450274 | W6: =T6/H6 -> 0.15346334
D7: =D6+1 -> 46114 | E7: 四 | F7: 3718970.8 | I7: 125387 | L7: 2504899.4 | O7: =L7/F7 -> 0.67354639 | R7: 713559.72 | U7: =R7/F7 -> 0.19187021
D8: =D7+1 -> 46115 | E8: 五 | F8: 3549995.8 | I8: 119195 | L8: 2351927.1 | O8: =L8/F8 -> 0.66251546 | R8: 705005.24 | U8: =R8/F8 -> 0.19859326
D9: =D8+1 -> 46116 | E9: 六 | F9: 3467991.9 | I9: 114970 | L9: 2303676.2 | O9: =L9/F9 -> 0.66426804 | R9: 709401.68 | U9: =R9/F9 -> 0.2045569
D10: =D9+1 -> 46117 | E10: 日 | F10: 3900098.7 | I10: 129122 | L10: 2586288.2 | O10: =L10/F10 -> 0.66313402 | R10: 736893.51 | U10: =R10/F10 -> 0.18894227
D11: =D10+1 -> 46118 | E11: 一 | F11: 5259985.6 | I11: 172011 | L11: 3498378.5 | O11: =L11/F11 -> 0.66509278 | R11: 802552.6 | U11: =R11/F11 -> 0.15257696
B12: =B5+7 -> 46127 | D12: =D11+1 -> 46119 | E12: 二 | F12: 5422854.1 | G12: =SUM(F12:F18) -> 35260130 | I12: 179797 | J12: =SUM(I12:I18) -> 1171613 | L12: 3563094.7 | M12: =SUM(L12:L18) -> 23080517 | O12: =L12/F12 -> 0.65705155 | P12: =M12/G12 -> 0.65457832 | R12: 884507 | S12: =SUM(R12:R18) -> 5724562.6 | U12: =R12/F12 -> 0.16310728 | V12: =S12/G12 -> 0.16235229
D13: =D12+1 -> 46120 | E13: 三 | F13: 5000122.2 | I13: 166150 | L13: 3305441.6 | O13: =L13/F13 -> 0.66107216 | R13: 818122.79 | U13: =R13/F13 -> 0.16362056
D14: =D13+1 -> 46121 | E14: 四 | F14: 4626484.2 | I14: 155377 | L14: 3006928.6 | O14: =L14/F14 -> 0.64993814 | R14: 757121.41 | U14: =R14/F14 -> 0.16364941
D15: =D14+1 -> 46122 | E15: 五 | F15: 4119112.5 | I15: 137940 | L15: 2680565.5 | O15: =L15/F15 -> 0.65076289 | R15: 747813.04 | U15: =R15/F15 -> 0.18154713
D16: =D15+1 -> 46123 | E16: 六 | F16: 4445689.3 | I16: 148324 | L16: 3008585.8 | O16: =L16/F16 -> 0.67674227 | R16: 783926.04 | U16: =R16/F16 -> 0.17633397
D17: =D16+1 -> 46124 | E17: 日 | F17: 5887717.4 | I17: 191499 | L17: 3810263.6 | O17: =L17/F17 -> 0.64715464 | R17: 882575.08 | U17: =R17/F17 -> 0.14990106
D18: =D17+1 -> 46125 | E18: 一 | F18: 5758150 | I18: 192526 | L18: 3705636.7 | O18: =L18/F18 -> 0.64354639 | R18: 850497.28 | U18: =R18/F18 -> 0.14770322
B19: =B12+7 -> 46134 | D19: =D18+1 -> 46126 | E19: 二 | F19: 6972503.3 | G19: =SUM(F19:F25) -> 42842571 | I19: 236038 | J19: =SUM(I19:I25) -> 1445720 | L19: 4734401.6 | M19: =SUM(L19:L25) -> 28823931 | O19: =L19/F19 -> 0.67901031 | P19: =M19/G19 -> 0.67278715 | R19: 982263.52 | S19: =SUM(R19:R25) -> 6142920.9 | U19: =R19/F19 -> 0.14087674 | V19: =S19/G19 -> 0.14338357
D20: =D19+1 -> 46127 | E20: 三 | F20: 6457162.2 | I20: 218111 | L20: 4305928.6 | O20: =L20/F20 -> 0.66684536 | R20: 906270.98 | U20: =R20/F20 -> 0.14035128
D21: =D20+1 -> 46128 | E21: 四 | F21: 5781414.6 | I21: 197163 | L21: 3881534.5 | O21: =L21/F21 -> 0.67138144 | R21: 843663.48 | U21: =R21/F21 -> 0.14592683
D22: =D21+1 -> 46129 | E22: 五 | F22: 5012455.3 | I22: 171515 | L22: 3414877.3 | O22: =L22/F22 -> 0.68127835 | R22: 796938.67 | U22: =R22/F22 -> 0.15899167
D23: =D22+1 -> 46130 | E23: 六 | F23: 5245500.3 | I23: 179200 | L23: 3454675.7 | O23: =L23/F23 -> 0.65859794 | R23: 802448.93 | U23: =R23/F23 -> 0.15297853
D24: =D23+1 -> 46131 | E24: 日 | F24: 6890291.9 | I24: 227448 | L24: 4653717.3 | O24: =L24/F24 -> 0.67540206 | R24: 922125.71 | U24: =R24/F24 -> 0.1338297
D25: =D24+1 -> 46132 | E25: 一 | F25: 6483243.3 | I25: 216245 | L25: 4378795.9 | O25: =L25/F25 -> 0.67540206 | R25: 889209.66 | U25: =R25/F25 -> 0.13715507
B26: =B19+7 -> 46141 | D26: =D25+1 -> 46133 | E26: 二 | F26: 6566952.2 | G26: =SUM(F26:F32) -> 41521898 | I26: 222749 | J26: =SUM(I26:I32) -> 1407149 | L26: 4402836.8 | M26: =SUM(L26:L32) -> 27819796 | O26: =L26/F26 -> 0.67045361 | P26: =M26/G26 -> 0.670003 | R26: 906043.13 | S26: =SUM(R26:R32) -> 5935188.2 | U26: =R26/F26 -> 0.13797011 | V26: =S26/G26 -> 0.14294116
D27: =D26+1 -> 46134 | E27: 三 | F27: 6140458.7 | I27: 209305 | L27: 4066249.7 | O27: =L27/F27 -> 0.66220619 | R27: 869134.77 | U27: =R27/F27 -> 0.14154232
D28: =D27+1 -> 46135 | E28: 四 | F28: 5473020.2 | I28: 188863 | L28: 3675612.6 | O28: =L28/F28 -> 0.67158763 | R28: 802300.08 | U28: =R28/F28 -> 0.14659184
D29: =D28+1 -> 46136 | E29: 五 | F29: 4824961.6 | I29: 166555 | L29: 3335888.9 | O29: =L29/F29 -> 0.69138144 | R29: 757479.39 | U29: =R29/F29 -> 0.1569918
D30: =D29+1 -> 46137 | E30: 六 | F30: 5186632.6 | I30: 176739 | L30: 3465098.3 | O30: =L30/F30 -> 0.66808247 | R30: 783678.63 | U30: =R30/F30 -> 0.15109584
D31: =D30+1 -> 46138 | E31: 日 | F31: 6854398.4 | I31: 225993 | L31: 4471187.6 | O31: =L31/F31 -> 0.65230928 | R31: 920025.64 | U31: =R31/F31 -> 0.13422413
D32: =D31+1 -> 46139 | E32: 一 | F32: 6475474.2 | I32: 216945 | L32: 4402921.9 | O32: =L32/F32 -> 0.67993814 | R32: 896526.54 | U32: =R32/F32 -> 0.13844956
B33: =B26+7 -> 46148 | D33: =D32+1 -> 46140 | E33: 二 | F33: 6434818.3 | G33: =SUM(F33:F39) -> 37624281 | I33: 214895 | J33: =SUM(I33:I39) -> 1262288 | L33: 4415081.4 | M33: =SUM(L33:L39) -> 25299965 | O33: =L33/F33 -> 0.68612371 | P33: =M33/G33 -> 0.67243715 | R33: 888285.35 | S33: =SUM(R33:R39) -> 5540839.9 | U33: =R33/F33 -> 0.13804358 | V33: =S33/G33 -> 0.14726766
D34: =D33+1 -> 46141 | E34: 三 | F34: 5586966.6 | I34: 189446 | L34: 3741194.1 | O34: =L34/F34 -> 0.66962887 | R34: 808748.23 | U34: =R34/F34 -> 0.14475623
D35: =D34+1 -> 46142 | E35: 四 | F35: 4446498.9 | I35: 150674 | L35: 2972920 | O35: =L35/F35 -> 0.66859794 | R35: 720191.12 | U35: =R35/F35 -> 0.16196813
C36: 五 | D36: =D35+1 -> 46143 | E36: 五 | F36: 4128529.6 | I36: 140738 | L36: 2836938.3 | O36: =L36/F36 -> 0.68715464 | R36: 715052.78 | U36: =R36/F36 -> 0.17319793
D37: =D36+1 -> 46144 | E37: 六 | F37: 4422738.3 | I37: 150228 | L37: 2943355.2 | O37: =L37/F37 -> 0.66550515 | R37: 720724.18 | U37: =R37/F37 -> 0.16295881
D38: =D37+1 -> 46145 | E38: 日 | F38: 6472238.9 | I38: 212432 | L38: 4332663.5 | O38: =L38/F38 -> 0.66942268 | R38: 865468.5 | U38: =R38/F38 -> 0.13372011
D39: =D38+1 -> 46146 | E39: 一 | F39: 6132490.7 | I39: 203875 | L39: 4057812.2 | O39: =L39/F39 -> 0.66169072 | R39: 822369.74 | U39: =R39/F39 -> 0.13410045

Sheet （２）ＫＰＩ達成進度
B1: 人時生產性基準值 | C1: 442.4
B2: （２）ＫＰＩ達成進度
B3: 資料繳交日 | C3: 月份 | D3: 日期 | F3: 人時生產性(個/人) | I3: 人時生產性達成率(%) | L3: 半成品報廢(%) | O3: 半成品超用(%) | R3: 固定產線-導入率(固定產線數/總產線數) | U3: 教育訓練-實施率(進度/計畫)
F4: 日 | G4: 週平均 | H4: 月平均 | I4: 日 | J4: 週平均 | K4: 月平均 | L4: 日 | M4: 週平均 | N4: 月平均 | O4: 日 | P4: 週平均 | Q4: 月平均 | R4: 日 | S4: 週平均 | T4: 月平均 | U4: 日 | V4: 週平均 | W4: 月平均
B5: 46120 | D5: 46112 | E5: 二 | F5: 410.20375 | G5: =AVERAGE(F5:F11) -> 410.90558 | I5: =F5/$C$1 -> 0.92722367 | J5: =AVERAGE(I5:I11) -> 0.92881008 | L5: 0.0020115287 | M5: =AVERAGE(L5:L11) -> 0.002010833 | O5: 0.0044775692 | P5: =AVERAGE(O5:O11) -> 0.0044376523 | R5: 0.9 | S5: =AVERAGE(R5:R11) -> 0.9 | U5: =14/52*100% -> 0.26923077 | V5: =AVERAGE(U5:U11) -> 0.26923077
C6: 四 | D6: =D5+1 -> 46113 | E6: 三 | F6: 412.3539 | H6: =AVERAGEIF(F6:F35,"<>0") -> 402.86432 | I6: =F6/$C$1 -> 0.93208386 | K6: =AVERAGEIF(I6:I35,"<>0") -> 0.91063364 | L6: 0.0020102006 | N6: =AVERAGEIF(L6:L35,"<>0") -> 0.0020113648 | O6: 0.0044516756 | Q6: =AVERAGEIF(O6:O35,"<>0") -> 0.0043085188 | R6: 0.9 | T6: =AVERAGEIF(R6:R35,"<>0") -> 0.9 | U6: =14/52*100% -> 0.26923077 | W6: =AVERAGEIF(U6:U35,"<>0") -> 0.30384615
D7: =D6+1 -> 46114 | E7: 四 | F7: 413.12637 | I7: =F7/$C$1 -> 0.93382994 | L7: 0.0020157613 | O7: 0.0044335572 | R7: 0.9 | U7: =14/52*100% -> 0.26923077
D8: =D7+1 -> 46115 | E8: 五 | F8: 413.20841 | I8: =F8/$C$1 -> 0.9340154 | L8: 0.0020102222 | O8: 0.0044111784 | R8: 0.9 | U8: =14/52*100% -> 0.26923077
D9: =D8+1 -> 46116 | E9: 六 | F9: 410.99928 | I9: =F9/$C$1 -> 0.92902189 | L9: 0.002005793 | O9: 0.0044036967 | R9: 0.9 | U9: =14/52*100% -> 0.26923077
D10: =D9+1 -> 46117 | E10: 日 | F10: 410.97079 | I10: =F10/$C$1 -> 0.92895748 | L10: 0.0020082164 | O10: 0.0044119437 | R10: 0.9 | U10: =14/52*100% -> 0.26923077
D11: =D10+1 -> 46118 | E11: 一 | F11: 405.47656 | I11: =F11/$C$1 -> 0.91653833 | L11: 0.002014109 | O11: 0.0044739455 | R11: 0.9 | U11: =14/52*100% -> 0.26923077
B12: =B5+7 -> 46127 | D12: =D11+1 -> 46119 | E12: 二 | F12: 404.90475 | G12: =AVERAGE(F12:F18) -> 407.834 | I12: =F12/$C$1 -> 0.91524583 | J12: =AVERAGE(I12:I18) -> 0.92186709 | L12: 0.0020201585 | M12: =AVERAGE(L12:L18) -> 0.0020153951 | O12: 0.0043276383 | P12: =AVERAGE(O12:O18) -> 0.0043307228 | R12: 0.9 | S12: =AVERAGE(R12:R18) -> 0.9 | U12: =15/52*100% -> 0.28846154 | V12: =AVERAGE(U12:U18) -> 0.28846154
D13: =D12+1 -> 46120 | E13: 三 | F13: 405.31668 | I13: =F13/$C$1 -> 0.91617695 | L13: 0.0020155733 | O13: 0.0043342109 | R13: 0.9 | U13: =15/52*100% -> 0.28846154
D14: =D13+1 -> 46121 | E14: 四 | F14: 407.25962 | I14: =F14/$C$1 -> 0.92056875 | L14: 0.002013879 | O14: 0.0041880141 | R14: 0.9 | U14: =15/52*100% -> 0.28846154
D15: =D14+1 -> 46122 | E15: 五 | F15: 407.72238 | I15: =F15/$C$1 -> 0.92161479 | L15: 0.0020055706 | O15: 0.0041643234 | R15: 0.9 | U15: =15/52*100% -> 0.28846154
D16: =D15+1 -> 46123 | E16: 六 | F16: 407.72238 | I16: =F16/$C$1 -> 0.92161479 | L16: 0.0020123063 | O16: 0.0045432982 | R16: 0.9 | U16: =15/52*100% -> 0.28846154
D17: =D16+1 -> 46124 | E17: 日 | F17: 407.43387 | I17: =F17/$C$1 -> 0.92096263 | L17: 0.0020202072 | O17: 0.0043819396 | R17: 0.9 | U17: =15/52*100% -> 0.28846154
D18: =D17+1 -> 46125 | E18: 一 | F18: 414.47832 | I18: =F18/$C$1 -> 0.9368859 | L18: 0.0020200704 | O18: 0.0043756351 | R18: 0.9 | U18: =15/52*100% -> 0.28846154
B19: =B12+7 -> 46134 | D19: =D18+1 -> 46126 | E19: 二 | F19: 390.84595 | G19: =AVERAGE(F19:F25) -> 393.52033 | I19: =F19/$C$1 -> 0.88346733 | J19: =AVERAGE(I19:I25) -> 0.88951251 | L19: 0.0020252908 | M19: =AVERAGE(L19:L25) -> 0.0020149066 | O19: 0.0043072154 | P19: =AVERAGE(O19:O25) -> 0.0043163657 | R19: 0.9 | S19: =AVERAGE(R19:R25) -> 0.9 | U19: =16/52*100% -> 0.30769231 | V19: =AVERAGE(U19:U25) -> 0.30769231
D20: =D19+1 -> 46127 | E20: 三 | F20: 391.6932 | I20: =F20/$C$1 -> 0.88538247 | L20: 0.0020180784 | O20: 0.0042965399 | R20: 0.9 | U20: =16/52*100% -> 0.30769231
D21: =D20+1 -> 46128 | E21: 四 | F21: 395.47062 | I21: =F21/$C$1 -> 0.89392093 | L21: 0.0020143241 | O21: 0.0042908731 | R21: 0.9 | U21: =16/52*100% -> 0.30769231
D22: =D21+1 -> 46129 | E22: 五 | F22: 393.86102 | I22: =F22/$C$1 -> 0.8902826 | L22: 0.0020086653 | O22: 0.0042765285 | R22: 0.9 | U22: =16/52*100% -> 0.30769231
D23: =D22+1 -> 46130 | E23: 六 | F23: 394.15729 | I23: =F23/$C$1 -> 0.89095227 | L23: 0.0020099673 | O23: 0.0044085363 | R23: 0.9 | U23: =16/52*100% -> 0.30769231
D24: =D23+1 -> 46131 | E24: 日 | F24: 394.19777 | I24: =F24/$C$1 -> 0.89104378 | L24: 0.002015922 | O24: 0.004311963 | R24: 0.9 | U24: =16/52*100% -> 0.30769231
D25: =D24+1 -> 46132 | E25: 一 | F25: 394.41649 | I25: =F25/$C$1 -> 0.89153817 | L25: 0.0020120983 | O25: 0.0043229041 | R25: 0.9 | U25: =16/52*100% -> 0.30769231
B26: =B19+7 -> 46141 | D26: =D25+1 -> 46133 | E26: 二 | F26: 397.7401 | G26: =AVERAGE(F26:F32) -> 399.10175 | I26: =F26/$C$1 -> 0.89905086 | J26: =AVERAGE(I26:I32) -> 0.90212873 | L26: 0.0020145328 | M26: =AVERAGE(L26:L32) -> 0.0020092676 | O26: 0.0044409426 | P26: =AVERAGE(O26:O32) -> 0.0042144965 | R26: 0.9 | S26: =AVERAGE(R26:R32) -> 0.9 | U26: =17/52*100% -> 0.32692308 | V26: =AVERAGE(U26:U32) -> 0.32692308
D27: =D26+1 -> 46134 | E27: 三 | F27: 396.61574 | I27: =F27/$C$1 -> 0.89650935 | L27: 0.0020082066 | O27: 0.0044221506 | R27: 0.9 | U27: =17/52*100% -> 0.32692308
D28: =D27+1 -> 46135 | E28: 四 | F28: 400.08457 | I28: =F28/$C$1 -> 0.90435029 | L28: 0.002006015 | O28: 0.0041921447 | R28: 0.9 | U28: =17/52*100% -> 0.32692308
D29: =D28+1 -> 46136 | E29: 五 | F29: 399.08734 | I29: =F29/$C$1 -> 0.90209615 | L29: 0.0020067676 | O29: 0.0041585061 | R29: 0.9 | U29: =17/52*100% -> 0.32692308
D30: =D29+1 -> 46137 | E30: 六 | F30: 399.88745 | I30: =F30/$C$1 -> 0.90390472 | L30: 0.0020097102 | O30: 0.0041700692 | R30: 0.9 | U30: =17/52*100% -> 0.32692308
D31: =D30+1 -> 46138 | E31: 日 | F31: 400.12911 | I31: =F31/$C$1 -> 0.90445098 | L31: 0.0020144545 | O31: 0.0040397191 | R31: 0.9 | U31: =17/52*100% -> 0.32692308
D32: =D31+1 -> 46139 | E32: 一 | F32: 400.16794 | I32: =F32/$C$1 -> 0.90453875 | L32: 0.0020051861 | O32: 0.0040779428 | R32: 0.9 | U32: =17/52*100% -> 0.32692308
B33: =B26+7 -> 46148 | D33: =D32+1 -> 46140 | E33: 二 | F33: 399.7543 | G33: =AVERAGE(F33:F39) -> 409.72046 | I33: =F33/$C$1 -> 0.90360376 | J33: =AVERAGE(I33:I39) -> 0.92613124 | L33: 0.0019999699 | M33: =AVERAGE(L33:L39) -> 0.0020023819 | O33: 0.0042745687 | P33: =AVERAGE(O33:O39) -> 0.0053888197 | R33: 0.9 | S33: =AVERAGE(R33:R39) -> 0.9 | U33: =18/52*100% -> 0.34615385 | V33: =AVERAGE(U33:U39) -> 0.34615385
D34: =D33+1 -> 46141 | E34: 三 | F34: 399.78289 | I34: =F34/$C$1 -> 0.90366837 | L34: 0.0020001055 | O34: 0.0041835264 | R34: 0.9 | U34: =18/52*100% -> 0.34615385
D35: =D34+1 -> 46142 | E35: 四 | F35: 417.06453 | I35: =F35/$C$1 -> 0.94273176 | L35: 0.001999582 | O35: 0.0041803774 | R35: 0.9 | U35: =18/52*100% -> 0.34615385
D36: =D35+1 -> 46143 | E36: 五 | F36: 421.58555 | I36: =F36/$C$1 -> 0.95295107 | L36: 0.0019983887 | O36: 0.0064823776 | R36: 0.9 | U36: =18/52*100% -> 0.34615385
D37: =D36+1 -> 46144 | E37: 六 | F37: 423.28012 | I37: =F37/$C$1 -> 0.95678145 | L37: 0.00200407 | O37: 0.0063600143 | R37: 0.9 | U37: =18/52*100% -> 0.34615385
D38: =D37+1 -> 46145 | E38: 日 | F38: 403.2986 | I38: =F38/$C$1 -> 0.91161527 | L38: 0.002008357 | O38: 0.0061243973 | R38: 0.9 | U38: =18/52*100% -> 0.34615385
D39: =D38+1 -> 46146 | E39: 一 | F39: 403.27725 | I39: =F39/$C$1 -> 0.91156702 | L39: 0.0020062 | O39: 0.0061164763 | R39: 0.9 | U39: =18/52*100% -> 0.34615385

Sheet （３）業績構成比
B2: （3）業績構成比
B3: 資料繳交日 | C3: 月份 | D3: 日期 | F3: 營業額 | I3: 品類業績
I4: 18℃-飯糰 | O4: 18℃-壽司手卷 | U4: 4℃-飯糰 | W4: 4℃-壽司手卷 | Y4: 主食 | AE4: 便當 | AG4: 熱食義麵 | AI4: 季節調理麵 | AK4: 微波小吃
F5: 日 | G5: 週累積 | H5: 月累積 | I5: 一配 | K5: 二配 | M5: 合計 | O5: 一配 | Q5: 二配 | S5: 合計 | U5: 一配 | W5: 一配 | Y5: 一配 | AA5: 二配 | AC5: 合計 | AE5: 一配 | AG5: 一配 | AI5: 一配 | AK5: 一配
I6: 業績(元) | J6: 比例(%) | K6: 業績(元) | L6: 比例(%) | M6: 業績(元) | N6: 比例(%) | O6: 業績(元) | P6: 比例(%) | Q6: 業績(元) | R6: 比例(%) | S6: 業績(元) | T6: 比例(%) | U6: 業績(元) | V6: 比例(%) | W6: 業績(元) | X6: 比例(%) | Y6: 業績(元) | Z6: 比例(%) | AA6: 業績(元) | AB6: 比例(%) | AC6: 業績(元) | AD6: 比例(%) | AE6: 業績(元) | AF6: 比例(%) | AG6: 業績(元) | AH6: 比例(%) | AI6: 業績(元) | AJ6: 比例(%) | AK6: 業績(元) | AL6: 比例(%)
B7: 46120 | D7: 46112 | E7: 二 | F7: =SUM(M7,S7,U7,W7,AC7,AE7,AG7,AI7,AK7) -> 5566322 | G7: =SUM(F7:F13) -> 30121755 | I7: 752249.45 | J7: =I7/$F7 -> 0.135143 | K7: 1129332.2 | L7: =K7/$F7 -> 0.20288661 | M7: =I7+K7 -> 1881581.7 | N7: =M7/$F7 -> 0.33802961 | O7: 273203.44 | P7: =O7/$F7 -> 0.049081501 | Q7: 158294.29 | R7: =Q7/$F7 -> 0.028437861 | S7: =O7+Q7 -> 431497.73 | T7: =S7/$F7 -> 0.077519362 | U7: 121140.07 | V7: =U7/$F7 -> 0.021763037 | W7: 55570.2 | X7: =W7/$F7 -> 0.0099832888 | Y7: 210219.31 | Z7: =Y7/$F7 -> 0.037766286 | AA7: 691696.28 | AB7: =AA7/$F7 -> 0.12426451 | AC7: =Y7+AA7 -> 901915.59 | AD7: =AC7/$F7 -> 0.1620308 | AE7: 2104169.5 | AF7: =AE7/F7 -> 0.37801793 | AG7: 0 | AH7: =AG7/$F7 -> 0 | AI7: 0 | AJ7: =AI7/$F7 -> 0 | AK7: 70447.2 | AL7: =AK7/$F7 -> 0.012655969
C8: 四 | D8: 46113 | E8: 三 | F8: =SUM(M8,S8,U8,W8,AC8,AE8,AG8,AI8,AK8) -> 4658389.7 | H8: =SUM(F8:F37) -> 1.6064831e+08 | I8: 719533.41 | J8: =I8/$F8 -> 0.15445968 | K8: 970987.48 | L8: =K8/$F8 -> 0.20843844 | M8: =I8+K8 -> 1690520.9 | N8: =M8/F8 -> 0.36289812 | O8: 261602.18 | P8: =O8/$F8 -> 0.056157212 | Q8: 149817.69 | R8: =Q8/$F8 -> 0.032160832 | S8: =O8+Q8 -> 411419.87 | T8: =S8/F8 -> 0.088318044 | U8: 107039.32 | V8: =U8/F8 -> 0.022977751 | W8: 53783.39 | X8: =W8/$F8 -> 0.01154549 | Y8: 181153.07 | Z8: =Y8/$F8 -> 0.038887487 | AA8: 510626.16 | AB8: =AA8/$F8 -> 0.10961431 | AC8: =Y8+AA8 -> 691779.23 | AD8: =AC8/$F8 -> 0.14850179 | AE8: 1631567.7 | AF8: =AE8/F8 -> 0.35024286 | AG8: 0 | AH8: =AG8/$F8 -> 0 | AI8: 0 | AJ8: =AI8/$F8 -> 0 | AK8: 72279.3 | AL8: =AK8/$F8 -> 0.015515941
D9: 46114 | E9: 四 | F9: =SUM(M9,S9,U9,W9,AC9,AE9,AG9,AI9,AK9) -> 3718970.8 | I9: 518858.25 | J9: =I9/$F9 -> 0.13951662 | K9: 839779.06 | L9: =K9/$F9 -> 0.22580953 | M9: =I9+K9 -> 1358637.3 | N9: =M9/$F9 -> 0.36532615 | O9: 182456.07 | P9: =O9/$F9 -> 0.049060904 | Q9: 128612.81 | R9: =Q9/$F9 -> 0.034582904 | S9: =O9+Q9 -> 311068.88 | T9: =S9/$F9 -> 0.083643807 | U9: 100483.61 | V9: =U9/$F9 -> 0.027019198 | W9: 56261.58 | X9: =W9/$F9 -> 0.015128266 | Y9: 162305.43 | Z9: =Y9/$F9 -> 0.043642566 | AA9: 451157.26 | AB9: =AA9/$F9 -> 0.1213124 | AC9: =Y9+AA9 -> 613462.69 | AD9: =AC9/$F9 -> 0.16495496 | AE9: 1213869.5 | AF9: =AE9/F9 -> 0.3263993 | AG9: 0 | AH9: =AG9/$F9 -> 0 | AI9: 0 | AJ9: =AI9/$F9 -> 0 | AK9: 65187.3 | AL9: =AK9/$F9 -> 0.017528317
D10: 46115 | E10: 五 | F10: =SUM(M10,S10,U10,W10,AC10,AE10,AG10,AI10,AK10) -> 3549995.8 | I10: 491564.32 | J10: =I10/$F10 -> 0.13846898 | K10: 782541.59 | L10: =K10/$F10 -> 0.22043451 | M10: =I10+K10 -> 1274105.9 | N10: =M10/F10 -> 0.35890349 | O10: 173037.11 | P10: =O10/$F10 -> 0.048742905 | Q10: 126119.12 | R10: =Q10/$F10 -> 0.035526554 | S10: =O10+Q10 -> 299156.23 | T10: =S10/F10 -> 0.084269459 | U10: 90274.5 | V10: =U10/F10 -> 0.025429466 | W10: 51525.3 | X10: =W10/$F10 -> 0.014514186 | Y10: 165257.47 | Z10: =Y10/$F10 -> 0.046551455 | AA10: 533278.96 | AB10: =AA10/$F10 -> 0.1502196 | AC10: =Y10+AA10 -> 698536.43 | AD10: =AC10/$F10 -> 0.19677106 | AE10: 1069673.6 | AF10: =AE10/F10 -> 0.30131685 | AG10: 0 | AH10: =AG10/$F10 -> 0 | AI10: 0 | AJ10: =AI10/$F10 -> 0 | AK10: 66723.9 | AL10: =AK10/$F10 -> 0.018795487
D11: 46116 | E11: 六 | F11: =SUM(M11,S11,U11,W11,AC11,AE11,AG11,AI11,AK11) -> 3467991.9 | I11: 462930.57 | J11: =I11/$F11 -> 0.13348664 | K11: 745948.21 | L11: =K11/$F11 -> 0.21509514 | M11: =I11+K11 -> 1208878.8 | N11: =M11/$F11 -> 0.34858178 | O11: 165347.73 | P11: =O11/$F11 -> 0.047678234 | Q11: 120162.98 | R11: =Q11/$F11 -> 0.034649153 | S11: =O11+Q11 -> 285510.71 | T11: =S11/$F11 -> 0.082327387 | U11: 88877.66 | V11: =U11/$F11 -> 0.02562799 | W11: 54072.54 | X11: =W11/$F11 -> 0.015591888 | Y11: 179279.66 | Z11: =Y11/$F11 -> 0.051695525 | AA11: 516766.39 | AB11: =AA11/$F11 -> 0.14901027 | AC11: =Y11+AA11 -> 696046.05 | AD11: =AC11/$F11 -> 0.20070579 | AE11: 1077988.3 | AF11: =AE11/F11 -> 0.31083935 | AG11: 0 | AH11: =AG11/$F11 -> 0 | AI11: 0 | AJ11: =AI11/$F11 -> 0 | AK11: 56617.8 | AL11: =AK11/$F11 -> 0.016325817
D12: 46117 | E12: 日 | F12: =SUM(M12,S12,U12,W12,AC12,AE12,AG12,AI12,AK12) -> 3900098.7 | I12: 479277.5 | J12: =I12/$F12 -> 0.12288856 | K12: 911676.73 | L12: =K12/$F12 -> 0.23375735 | M12: =I12+K12 -> 1390954.2 | N12: =M12/F12 -> 0.3566459 | O12: 173959.83 | P12: =O12/$F12 -> 0.044603955 | Q12: 131401.9 | R12: =Q12/$F12 -> 0.033691942 | S12: =O12+Q12 -> 305361.73 | T12: =S12/F12 -> 0.078295897 | U12: 89975.67 | V12: =U12/F12 -> 0.023070101 | W12: 44345.78 | X12: =W12/$F12 -> 0.011370425 | Y12: 184161.88 | Z12: =Y12/$F12 -> 0.047219799 | AA12: 669396.06 | AB12: =AA12/$F12 -> 0.17163567 | AC12: =Y12+AA12 -> 853557.94 | AD12: =AC12/$F12 -> 0.21885547 | AE12: 1167677.8 | AF12: =AE12/F12 -> 0.29939698 | AG12: 0 | AH12: =AG12/$F12 -> 0 | AI12: 0 | AJ12: =AI12/$F12 -> 0 | AK12: 48225.6 | AL12: =AK12/$F12 -> 0.012365225
D13: 46118 | E13: 一 | F13: =SUM(M13,S13,U13,W13,AC13,AE13,AG13,AI13,AK13) -> 5259985.6 | I13: 734783.02 | J13: =I13/$F13 -> 0.13969297 | K13: 1178346.5 | L13: =K13/$F13 -> 0.22402086 | M13: =I13+K13 -> 1913129.6 | N13: =M13/$F13 -> 0.36371384 | O13: 244577.85 | P13: =O13/$F13 -> 0.046497817 | Q13: 36895.96 | R13: =Q13/$F13 -> 0.0070144602 | S13: =O13+Q13 -> 281473.81 | T13: =S13/$F13 -> 0.053512277 | U13: 114560.81 | V13: =U13/$F13 -> 0.021779681 | W13: 54753.82 | X13: =W13/$F13 -> 0.0104095 | Y13: 233835.63 | Z13: =Y13/$F13 -> 0.044455564 | AA13: 739447.82 | AB13: =AA13/$F13 -> 0.14057982 | AC13: =Y13+AA13 -> 973283.45 | AD13: =AC13/$F13 -> 0.18503538 | AE13: 1855823.9 | AF13: =AE13/F13 -> 0.3528192 | AG13: 0 | AH13: =AG13/$F13 -> 0 | AI13: 0 | AJ13: =AI13/$F13 -> 0 | AK13: 66960.3 | AL13: =AK13/$F13 -> 0.01273013
B14: =D15+7 -> 46127 | D14: 46119 | E14: 二 | F14: =SUM(M14,S14,U14,W14,AC14,AE14,AG14,AI14,AK14) -> 5422854.1 | G14: =SUM(F14:F20) -> 35260130 | I14: 726498.72 | J14: =I14/$F14 -> 0.13396981 | K14: 1140765 | L14: =K14/$F14 -> 0.21036246 | M14: =I14+K14 -> 1867263.7 | N14: =M14/$F14 -> 0.34433227 | O14: 412715.15 | P14: =O14/$F14 -> 0.07610663 | Q14: 36588.28 | R14: =Q14/$F14 -> 0.0067470523 | S14: =O14+Q14 -> 449303.43 | T14: =S14/$F14 -> 0.082853682 | U14: 107099.04 | V14: =U14/$F14 -> 0.019749571 | W14: 299758.41 | X14: =W14/$F14 -> 0.055276872 | Y14: 221005.61 | Z14: =Y14/$F14 -> 0.040754482 | AA14: 703046 | AB14: =AA14/$F14 -> 0.12964502 | AC14: =Y14+AA14 -> 924051.61 | AD14: =AC14/$F14 -> 0.1703995 | AE14: 1709067.7 | AF14: =AE14/F14 -> 0.31516019 | AG14: 0 | AH14: =AG14/$F14 -> 0 | AI14: 0 | AJ14: =AI14/$F14 -> 0 | AK14: 66310.2 | AL14: =AK14/$F14 -> 0.012227915
D15: 46120 | E15: 三 | F15: =SUM(M15,S15,U15,W15,AC15,AE15,AG15,AI15,AK15) -> 5000122.2 | I15: 715108.15 | J15: =I15/$F15 -> 0.14301813 | K15: 1092771.8 | L15: =K15/$F15 -> 0.21854901 | M15: =I15+K15 -> 1807879.9 | N15: =M15/F15 -> 0.36156715 | O15: 284132.89 | P15: =O15/$F15 -> 0.056825189 | Q15: 38434.36 | R15: =Q15/$F15 -> 0.0076866841 | S15: =O15+Q15 -> 322567.25 | T15: =S15/F15 -> 0.064511873 | U15: 102456.79 | V15: =U15/F15 -> 0.020490857 | W15: 189354.67 | X15: =W15/$F15 -> 0.037870008 | Y15: 245587.02 | Z15: =Y15/$F15 -> 0.049116203 | AA15: 667171.61 | AB15: =AA15/$F15 -> 0.13343106 | AC15: =Y15+AA15 -> 912758.63 | AD15: =AC15/$F15 -> 0.18254726 | AE15: 1593830.4 | AF15: =AE15/F15 -> 0.31875828 | AG15: 0 | AH15: =AG15/$F15 -> 0 | AI15: 0 | AJ15: =AI15/$F15 -> 0 | AK15: 71274.6 | AL15: =AK15/$F15 -> 0.014254572
D16: 46121 | E16: 四 | F16: =SUM(M16,S16,U16,W16,AC16,AE16,AG16,AI16,AK16) -> 4626484.2 | I16: 707984.22 | J16: =I16/$F16 -> 0.15302856 | K16: 986475.33 | L16: =K16/$F16 -> 0.21322354 | M16: =I16+K16 -> 1694459.6 | N16: =M16/$F16 -> 0.3662521 | O16: 284757.63 | P16: =O16/$F16 -> 0.061549465 | Q16: 39126.64 | R16: =Q16/$F16 -> 0.0084571 | S16: =O16+Q16 -> 323884.27 | T16: =S16/$F16 -> 0.070006565 | U16: 100285.57 | V16: =U16/$F16 -> 0.02167641 | W16: 179198.42 | X16: =W16/$F16 -> 0.038733174 | Y16: 208629.75 | Z16: =Y16/$F16 -> 0.045094664 | AA16: 570556.21 | AB16: =AA16/$F16 -> 0.12332393 | AC16: =Y16+AA16 -> 779185.96 | AD16: =AC16/$F16 -> 0.16841859 | AE16: 1477841.3 | AF16: =AE16/F16 -> 0.31943074 | AG16: 0 | AH16: =AG16/$F16 -> 0 | AI16: 0 | AJ16: =AI16/$F16 -> 0 | AK16: 71629.2 | AL16: =AK16/$F16 -> 0.015482426
D17: 46122 | E17: 五 | F17: =SUM(M17,S17,U17,W17,AC17,AE17,AG17,AI17,AK17) -> 4119112.5 | I17: 546375 | J17: =I17/$F17 -> 0.13264386 | K17: 932111.57 | L17: =K17/$F17 -> 0.22628942 | M17: =I17+K17 -> 1478486.6 | N17: =M17/F17 -> 0.35893328 | O17: 345940.9 | P17: =O17/$F17 -> 0.083984329 | Q17: 30947.48 | R17: =Q17/$F17 -> 0.0075131427 | S17: =O17+Q17 -> 376888.38 | T17: =S17/F17 -> 0.091497472 | U17: 86602.33 | V17: =U17/F17 -> 0.021024512 | W17: 98150.12 | X17: =W17/$F17 -> 0.023827978 | Y17: 186205.6 | Z17: =Y17/$F17 -> 0.045205272 | AA17: 584960.54 | AB17: =AA17/$F17 -> 0.1420113 | AC17: =Y17+AA17 -> 771166.14 | AD17: =AC17/$F17 -> 0.18721658 | AE17: 1238494.6 | AF17: =AE17/F17 -> 0.30067027 | AG17: 0 | AH17: =AG17/$F17 -> 0 | AI17: 0 | AJ17: =AI17/$F17 -> 0 | AK17: 69324.3 | AL17: =AK17/$F17 -> 0.016829912
D18: 46123 | E18: 六 | F18: =SUM(M18,S18,U18,W18,AC18,AE18,AG18,AI18,AK18) -> 4445689.3 | I18: 527618.04 | J18: =I18/$F18 -> 0.11868082 | K18: 1046469.2 | L18: =K18/$F18 -> 0.23538965 | M18: =I18+K18 -> 1574087.3 | N18: =M18/$F18 -> 0.35407047 | O18: 321897.41 | P18: =O18/$F18 -> 0.072406637 | Q18: 31178.24 | R18: =Q18/$F18 -> 0.0070131397 | S18: =O18+Q18 -> 353075.65 | T18: =S18/$F18 -> 0.079419777 | U18: 96924.85 | V18: =U18/$F18 -> 0.021801985 | W18: 161005.28 | X18: =W18/$F18 -> 0.036216044 | Y18: 201817.35 | Z18: =Y18/$F18 -> 0.045396189 | AA18: 653197.6 | AB18: =AA18/$F18 -> 0.14692831 | AC18: =Y18+AA18 -> 855014.95 | AD18: =AC18/$F18 -> 0.1923245 | AE18: 1338680.1 | AF18: =AE18/F18 -> 0.30111867 | AG18: 0 | AH18: =AG18/$F18 -> 0 | AI18: 0 | AJ18: =AI18/$F18 -> 0 | AK18: 66901.2 | AL18: =AK18/$F18 -> 0.015048555
D19: 46124 | E19: 日 | F19: =SUM(M19,S19,U19,W19,AC19,AE19,AG19,AI19,AK19) -> 5887717.4 | I19: 784944.8 | J19: =I19/$F19 -> 0.13331903 | K19: 1182563.4 | L19: =K19/$F19 -> 0.20085261 | M19: =I19+K19 -> 1967508.2 | N19: =M19/F19 -> 0.33417165 | O19: 468701.41 | P19: =O19/$F19 -> 0.079606642 | Q19: 39331.76 | R19: =Q19/$F19 -> 0.006680307 | S19: =O19+Q19 -> 508033.17 | T19: =S19/F19 -> 0.086286949 | U19: 121800.06 | V19: =U19/F19 -> 0.020687144 | W19: 201043.55 | X19: =W19/$F19 -> 0.034146264 | Y19: 278343.31 | Z19: =Y19/$F19 -> 0.04727525 | AA19: 752453.89 | AB19: =AA19/$F19 -> 0.12780061 | AC19: =Y19+AA19 -> 1030797.2 | AD19: =AC19/$F19 -> 0.17507586 | AE19: 1988442.6 | AF19: =AE19/F19 -> 0.33772725 | AG19: 0 | AH19: =AG19/$F19 -> 0 | AI19: 0 | AJ19: =AI19/$F19 -> 0 | AK19: 70092.6 | AL19: =AK19/$F19 -> 0.011904885
D20: 46125 | E20: 一 | F20: =SUM(M20,S20,U20,W20,AC20,AE20,AG20,AI20,AK20) -> 5758150 | I20: 786274.22 | J20: =I20/$F20 -> 0.1365498 | K20: 1455401.4 | L20: =K20/$F20 -> 0.25275503 | M20: =I20+K20 -> 2241675.6 | N20: =M20/$F20 -> 0.38930483 | O20: 348349.76 | P20: =O20/$F20 -> 0.060496819 | Q20: 0 | R20: =Q20/$F20 -> 0 | S20: =O20+Q20 -> 348349.76 | T20: =S20/$F20 -> 0.060496819 | U20: 114683.79 | V20: =U20/$F20 -> 0.019916777 | W20: 175473.28 | X20: =W20/$F20 -> 0.030473899 | Y20: 253478.05 | Z20: =Y20/$F20 -> 0.044020744 | AA20: 728125.53 | AB20: =AA20/$F20 -> 0.1264513 | AC20: =Y20+AA20 -> 981603.58 | AD20: =AC20/$F20 -> 0.17047204 | AE20: 1823552.8 | AF20: =AE20/F20 -> 0.31669074 | AG20: 0 | AH20: =AG20/$F20 -> 0 | AI20: 0 | AJ20: =AI20/$F20 -> 0 | AK20: 72811.2 | AL20: =AK20/$F20 -> 0.012644895
B21: =D22+7 -> 46134 | D21: 46126 | E21: 二 | F21: =SUM(M21,S21,U21,W21,AC21,AE21,AG21,AI21,AK21) -> 6972503.3 | G21: =SUM(F21:F27) -> 42842571 | I21: 1258157.2 | J21: =I21/$F21 -> 0.18044554 | K21: 1524527.7 | L21: =K21/$F21 -> 0.21864855 | M21: =I21+K21 -> 2782684.9 | N21: =M21/$F21 -> 0.3990941 | O21: 393165.25 | P21: =O21/$F21 -> 0.056387962 | Q21: 0 | R21: =Q21/$F21 -> 0 | S21: =O21+Q21 -> 393165.25 | T21: =S21/$F21 -> 0.056387962 | U21: 116867.41 | V21: =U21/$F21 -> 0.016761184 | W21: 225134.61 | X21: =W21/$F21 -> 0.032288921 | Y21: 271871.53 | Z21: =Y21/$F21 -> 0.038991954 | AA21: 708520.84 | AB21: =AA21/$F21 -> 0.10161642 | AC21: =Y21+AA21 -> 980392.37 | AD21: =AC21/$F21 -> 0.14060838 | AE21: 1697613.4 | AF21: =AE21/F21 -> 0.24347258 | AG21: 0 | AH21: =AG21/$F21 -> 0 | AI21: 700169.98 | AJ21: =AI21/$F21 -> 0.10041874 | AK21: 76475.4 | AL21: =AK21/$F21 -> 0.010968141
D22: 46127 | E22: 三 | F22: =SUM(M22,S22,U22,W22,AC22,AE22,AG22,AI22,AK22) -> 6457162.2 | I22: 1139592.1 | J22: =I22/$F22 -> 0.17648497 | K22: 1416940.8 | L22: =K22/$F22 -> 0.21943708 | M22: =I22+K22 -> 2556532.9 | N22: =M22/F22 -> 0.39592205 | O22: 371236.07 | P22: =O22/$F22 -> 0.05749214 | Q22: 0 | R22: =Q22/$F22 -> 0 | S22: =O22+Q22 -> 371236.07 | T22: =S22/F22 -> 0.05749214 | U22: 106528.63 | V22: =U22/F22 -> 0.016497747 | W22: 220203.09 | X22: =W22/$F22 -> 0.034102146 | Y22: 225603.98 | Z22: =Y22/$F22 -> 0.034938565 | AA22: 629756.9 | AB22: =AA22/$F22 -> 0.097528432 | AC22: =Y22+AA22 -> 855360.88 | AD22: =AC22/$F22 -> 0.132467 | AE22: 1629884 | AF22: =AE22/F22 -> 0.25241491 | AG22: 0 | AH22: =AG22/$F22 -> 0 | AI22: 644487.2 | AJ22: =AI22/$F22 -> 0.099809666 | AK22: 72929.4 | AL22: =AK22/$F22 -> 0.011294342
D23: 46128 | E23: 四 | F23: =SUM(M23,S23,U23,W23,AC23,AE23,AG23,AI23,AK23) -> 5781414.6 | I23: 1038888.5 | J23: =I23/$F23 -> 0.17969452 | K23: 1249824.1 | L23: =K23/$F23 -> 0.21617963 | M23: =I23+K23 -> 2288712.6 | N23: =M23/$F23 -> 0.39587415 | O23: 372327.2 | P23: =O23/$F23 -> 0.064400709 | Q23: 0 | R23: =Q23/$F23 -> 0 | S23: =O23+Q23 -> 372327.2 | T23: =S23/$F23 -> 0.064400709 | U23: 104326.46 | V23: =U23/$F23 -> 0.018045144 | W23: 221197.83 | X23: =W23/$F23 -> 0.038260157 | Y23: 164178.84 | Z23: =Y23/$F23 -> 0.028397694 | AA23: 517650.11 | AB23: =AA23/$F23 -> 0.089536929 | AC23: =Y23+AA23 -> 681828.95 | AD23: =AC23/$F23 -> 0.11793462 | AE23: 1462842 | AF23: =AE23/F23 -> 0.25302492 | AG23: 0 | AH23: =AG23/$F23 -> 0 | AI23: 580323.4 | AJ23: =AI23/$F23 -> 0.10037741 | AK23: 69856.2 | AL23: =AK23/$F23 -> 0.012082891
D24: 46129 | E24: 五 | F24: =SUM(M24,S24,U24,W24,AC24,AE24,AG24,AI24,AK24) -> 5012455.3 | I24: 921116.98 | J24: =I24/$F24 -> 0.18376562 | K24: 1146056 | L24: =K24/$F24 -> 0.22864163 | M24: =I24+K24 -> 2067172.9 | N24: =M24/F24 -> 0.41240725 | O24: 271252.9 | P24: =O24/$F24 -> 0.054115774 | Q24: 0 | R24: =Q24/$F24 -> 0 | S24: =O24+Q24 -> 271252.9 | T24: =S24/F24 -> 0.054115774 | U24: 88997.86 | V24: =U24/F24 -> 0.017755342 | W24: 143139.74 | X24: =W24/$F24 -> 0.028556811 | Y24: 181266.61 | Z24: =Y24/$F24 -> 0.036163237 | AA24: 547464.2 | AB24: =AA24/$F24 -> 0.10922076 | AC24: =Y24+AA24 -> 728730.81 | AD24: =AC24/$F24 -> 0.145384 | AE24: 1185234.5 | AF24: =AE24/F24 -> 0.23645788 | AG24: 0 | AH24: =AG24/$F24 -> 0 | AI24: 463330.24 | AJ24: =AI24/$F24 -> 0.092435784 | AK24: 64596.3 | AL24: =AK24/$F24 -> 0.012887157
D25: 46130 | E25: 六 | F25: =SUM(M25,S25,U25,W25,AC25,AE25,AG25,AI25,AK25) -> 5245500.3 | I25: 888743.04 | J25: =I25/$F25 -> 0.1694296 | K25: 1270153.7 | L25: =K25/$F25 -> 0.24214157 | M25: =I25+K25 -> 2158896.8 | N25: =M25/$F25 -> 0.41157118 | O25: 260175.2 | P25: =O25/$F25 -> 0.049599692 | Q25: 0 | R25: =Q25/$F25 -> 0 | S25: =O25+Q25 -> 260175.2 | T25: =S25/$F25 -> 0.049599692 | U25: 94890.53 | V25: =U25/$F25 -> 0.018089891 | W25: 148344.82 | X25: =W25/$F25 -> 0.028280395 | Y25: 209424.53 | Z25: =Y25/$F25 -> 0.039924605 | AA25: 568078.98 | AB25: =AA25/$F25 -> 0.10829834 | AC25: =Y25+AA25 -> 777503.51 | AD25: =AC25/$F25 -> 0.14822295 | AE25: 1279111.7 | AF25: =AE25/F25 -> 0.24384932 | AG25: 0 | AH25: =AG25/$F25 -> 0 | AI25: 465527.54 | AJ25: =AI25/$F25 -> 0.088747976 | AK25: 61050.3 | AL25: =AK25/$F25 -> 0.011638604
D26: 46131 | E26: 日 | F26: =SUM(M26,S26,U26,W26,AC26,AE26,AG26,AI26,AK26) -> 6890291.9 | I26: 1212193.8 | J26: =I26/$F26 -> 0.17592778 | K26: 1407729 | L26: =K26/$F26 -> 0.20430615 | M26: =I26+K26 -> 2619922.8 | N26: =M26/F26 -> 0.38023394 | O26: 348770.65 | P26: =O26/$F26 -> 0.050617689 | Q26: 0 | R26: =Q26/$F26 -> 0 | S26: =O26+Q26 -> 348770.65 | T26: =S26/F26 -> 0.050617689 | U26: 114802.47 | V26: =U26/F26 -> 0.016661481 | W26: 178802.81 | X26: =W26/$F26 -> 0.025949962 | Y26: 241726.66 | Z26: =Y26/$F26 -> 0.035082209 | AA26: 669644.16 | AB26: =AA26/$F26 -> 0.097186618 | AC26: =Y26+AA26 -> 911370.82 | AD26: =AC26/$F26 -> 0.13226883 | AE26: 1978242.8 | AF26: =AE26/F26 -> 0.2871058 | AG26: 0 | AH26: =AG26/$F26 -> 0 | AI26: 669468.94 | AJ26: =AI26/$F26 -> 0.097161188 | AK26: 68910.6 | AL26: =AK26/$F26 -> 0.010001115
D27: 46132 | E27: 一 | F27: =SUM(M27,S27,U27,W27,AC27,AE27,AG27,AI27,AK27) -> 6483243.3 | I27: 1132051.6 | J27: =I27/$F27 -> 0.17461193 | K27: 1366929.5 | L27: =K27/$F27 -> 0.21084039 | M27: =I27+K27 -> 2498981.1 | N27: =M27/$F27 -> 0.38545232 | O27: 329958.05 | P27: =O27/$F27 -> 0.050893979 | Q27: 0 | R27: =Q27/$F27 -> 0 | S27: =O27+Q27 -> 329958.05 | T27: =S27/$F27 -> 0.050893979 | U27: 110429.19 | V27: =U27/$F27 -> 0.017033017 | W27: 134382.16 | X27: =W27/$F27 -> 0.020727613 | Y27: 242351.13 | Z27: =Y27/$F27 -> 0.037381156 | AA27: 842782.64 | AB27: =AA27/$F27 -> 0.12999399 | AC27: =Y27+AA27 -> 1085133.8 | AD27: =AC27/$F27 -> 0.16737514 | AE27: 1735202.8 | AF27: =AE27/F27 -> 0.26764426 | AG27: 0 | AH27: =AG27/$F27 -> 0 | AI27: 520895.62 | AJ27: =AI27/$F27 -> 0.080344914 | AK27: 68260.5 | AL27: =AK27/$F27 -> 0.010528758
B28: =D29+7 -> 46141 | D28: 46133 | E28: 二 | F28: =SUM(M28,S28,U28,W28,AC28,AE28,AG28,AI28,AK28) -> 6566952.2 | G28: =SUM(F28:F34) -> 41521898 | I28: 1278190 | J28: =I28/$F28 -> 0.19463976 | K28: 1285739.4 | L28: =K28/$F28 -> 0.19578936 | M28: =I28+K28 -> 2563929.4 | N28: =M28/$F28 -> 0.39042913 | O28: 317551 | P28: =O28/$F28 -> 0.048355918 | Q28: 0 | R28: =Q28/$F28 -> 0 | S28: =O28+Q28 -> 317551 | T28: =S28/$F28 -> 0.048355918 | U28: 104174.16 | V28: =U28/$F28 -> 0.015863396 | W28: 236777.73 | X28: =W28/$F28 -> 0.036055955 | Y28: 214193.21 | Z28: =Y28/$F28 -> 0.032616837 | AA28: 771386.98 | AB28: =AA28/$F28 -> 0.11746499 | AC28: =Y28+AA28 -> 985580.19 | AD28: =AC28/$F28 -> 0.15008183 | AE28: 1587691.1 | AF28: =AE28/F28 -> 0.24176986 | AG28: 0 | AH28: =AG28/$F28 -> 0 | AI28: 698910.17 | AJ28: =AI28/$F28 -> 0.10642839 | AK28: 72338.4 | AL28: =AK28/$F28 -> 0.011015521
D29: 46134 | E29: 三 | F29: =SUM(M29,S29,U29,W29,AC29,AE29,AG29,AI29,AK29) -> 6140458.7 | I29: 1209010.4 | J29: =I29/$F29 -> 0.19689253 | K29: 1225063.6 | L29: =K29/$F29 -> 0.19950686 | M29: =I29+K29 -> 2434074 | N29: =M29/F29 -> 0.39639938 | O29: 331023.74 | P29: =O29/$F29 -> 0.053908634 | Q29: 0 | R29: =Q29/$F29 -> 0 | S29: =O29+Q29 -> 331023.74 | T29: =S29/F29 -> 0.053908634 | U29: 95765.7 | V29: =U29/F29 -> 0.015595854 | W29: 223474.63 | X29: =W29/$F29 -> 0.036393801 | Y29: 199546.55 | Z29: =Y29/$F29 -> 0.03249701 | AA29: 701711.01 | AB29: =AA29/$F29 -> 0.11427664 | AC29: =Y29+AA29 -> 901257.56 | AD29: =AC29/$F29 -> 0.14677365 | AE29: 1479645.7 | AF29: =AE29/F29 -> 0.24096664 | AG29: 0 | AH29: =AG29/$F29 -> 0 | AI29: 601105.95 | AJ29: =AI29/$F29 -> 0.097892678 | AK29: 74111.4 | AL29: =AK29/$F29 -> 0.012069359
D30: 46135 | E30: 四 | F30: =SUM(M30,S30,U30,W30,AC30,AE30,AG30,AI30,AK30) -> 5473020.2 | I30: 1154751.9 | J30: =I30/$F30 -> 0.21098989 | K30: 1093354.6 | L30: =K30/$F30 -> 0.19977171 | M30: =I30+K30 -> 2248106.5 | N30: =M30/$F30 -> 0.4107616 | O30: 286119.92 | P30: =O30/$F30 -> 0.052278251 | Q30: 0 | R30: =Q30/$F30 -> 0 | S30: =O30+Q30 -> 286119.92 | T30: =S30/$F30 -> 0.052278251 | U30: 91240.12 | V30: =U30/$F30 -> 0.016670891 | W30: 203098.51 | X30: =W30/$F30 -> 0.037109037 | Y30: 183991.57 | Z30: =Y30/$F30 -> 0.033617923 | AA30: 550787.47 | AB30: =AA30/$F30 -> 0.10063684 | AC30: =Y30+AA30 -> 734779.04 | AD30: =AC30/$F30 -> 0.13425477 | AE30: 1328694.3 | AF30: =AE30/F30 -> 0.24277168 | AG30: 0 | AH30: =AG30/$F30 -> 0 | AI30: 514435.16 | AJ30: =AI30/$F30 -> 0.09399475 | AK30: 66546.6 | AL30: =AK30/$F30 -> 0.012159027
D31: 46136 | E31: 五 | F31: =SUM(M31,S31,U31,W31,AC31,AE31,AG31,AI31,AK31) -> 4824961.6 | I31: 953322.75 | J31: =I31/$F31 -> 0.19758142 | K31: 1022775.6 | L31: =K31/$F31 -> 0.2119759 | M31: =I31+K31 -> 1976098.3 | N31: =M31/F31 -> 0.40955731 | O31: 227864.44 | P31: =O31/$F31 -> 0.047226166 | Q31: 0 | R31: =Q31/$F31 -> 0 | S31: =O31+Q31 -> 227864.44 | T31: =S31/F31 -> 0.047226166 | U31: 84346.09 | V31: =U31/F31 -> 0.017481194 | W31: 139059.4 | X31: =W31/$F31 -> 0.02882083 | Y31: 180755.68 | Z31: =Y31/$F31 -> 0.037462615 | AA31: 561493.13 | AB31: =AA31/$F31 -> 0.11637256 | AC31: =Y31+AA31 -> 742248.81 | AD31: =AC31/$F31 -> 0.15383517 | AE31: 1100312.8 | AF31: =AE31/F31 -> 0.22804591 | AG31: 0 | AH31: =AG31/$F31 -> 0 | AI31: 491026.49 | AJ31: =AI31/$F31 -> 0.10176796 | AK31: 64005.3 | AL31: =AK31/$F31 -> 0.013265453
D32: 46137 | E32: 六 | F32: =SUM(M32,S32,U32,W32,AC32,AE32,AG32,AI32,AK32) -> 5186632.6 | I32: 919782.46 | J32: =I32/$F32 -> 0.17733712 | K32: 1147607.2 | L32: =K32/$F32 -> 0.22126249 | M32: =I32+K32 -> 2067389.7 | N32: =M32/$F32 -> 0.3985996 | O32: 230461.09 | P32: =O32/$F32 -> 0.044433664 | Q32: 0 | R32: =Q32/$F32 -> 0 | S32: =O32+Q32 -> 230461.09 | T32: =S32/$F32 -> 0.044433664 | U32: 88602.05 | V32: =U32/$F32 -> 0.01708277 | W32: 131301.64 | X32: =W32/$F32 -> 0.025315393 | Y32: 206983.42 | Z32: =Y32/$F32 -> 0.039907091 | AA32: 646782.49 | AB32: =AA32/$F32 -> 0.12470181 | AC32: =Y32+AA32 -> 853765.91 | AD32: =AC32/$F32 -> 0.16460891 | AE32: 1240038.9 | AF32: =AE32/F32 -> 0.23908362 | AG32: 0 | AH32: =AG32/$F32 -> 0 | AI32: 506694.62 | AJ32: =AI32/$F32 -> 0.097692407 | AK32: 68378.7 | AL32: =AK32/$F32 -> 0.013183641
D33: 46138 | E33: 日 | F33: =SUM(M33,S33,U33,W33,AC33,AE33,AG33,AI33,AK33) -> 6854398.4 | I33: 1245590.4 | J33: =I33/$F33 -> 0.18172133 | K33: 1291860.1 | L33: =K33/$F33 -> 0.1884717 | M33: =I33+K33 -> 2537450.5 | N33: =M33/F33 -> 0.37019303 | O33: 309378.71 | P33: =O33/$F33 -> 0.045135794 | Q33: 0 | R33: =Q33/$F33 -> 0 | S33: =O33+Q33 -> 309378.71 | T33: =S33/F33 -> 0.045135794 | U33: 110799.76 | V33: =U33/F33 -> 0.016164768 | W33: 178856.44 | X33: =W33/$F33 -> 0.026093675 | Y33: 234289.79 | Z33: =Y33/$F33 -> 0.034180942 | AA33: 746727.58 | AB33: =AA33/$F33 -> 0.10894137 | AC33: =Y33+AA33 -> 981017.37 | AD33: =AC33/$F33 -> 0.14312232 | AE33: 1939330.3 | AF33: =AE33/F33 -> 0.28293224 | AG33: 0 | AH33: =AG33/$F33 -> 0 | AI33: 728300.09 | AJ33: =AI33/$F33 -> 0.10625296 | AK33: 69265.2 | AL33: =AK33/$F33 -> 0.01010522
D34: 46139 | E34: 一 | F34: =SUM(M34,S34,U34,W34,AC34,AE34,AG34,AI34,AK34) -> 6475474.2 | I34: 1206540.5 | J34: =I34/$F34 -> 0.18632465 | K34: 1322581.2 | L34: =K34/$F34 -> 0.20424469 | M34: =I34+K34 -> 2529121.7 | N34: =M34/$F34 -> 0.39056934 | O34: 294908.03 | P34: =O34/$F34 -> 0.045542306 | Q34: 0 | R34: =Q34/$F34 -> 0 | S34: =O34+Q34 -> 294908.03 | T34: =S34/$F34 -> 0.045542306 | U34: 114603.56 | V34: =U34/$F34 -> 0.017698095 | W34: 174134.12 | X34: =W34/$F34 -> 0.026891331 | Y34: 228896.64 | Z34: =Y34/$F34 -> 0.035348243 | AA34: 708384.77 | AB34: =AA34/$F34 -> 0.10939504 | AC34: =Y34+AA34 -> 937281.41 | AD34: =AC34/$F34 -> 0.14474328 | AE34: 1742809.3 | AF34: =AE34/F34 -> 0.26914003 | AG34: 0 | AH34: =AG34/$F34 -> 0 | AI34: 611341.49 | AJ34: =AI34/$F34 -> 0.094408759 | AK34: 71274.6 | AL34: =AK34/$F34 -> 0.011006854
B35: =D36+7 -> 46148 | D35: 46140 | E35: 二 | F35: =SUM(M35,S35,U35,W35,AC35,AE35,AG35,AI35,AK35) -> 6434818.3 | G35: =SUM(F35:F41) -> 37624281 | I35: 1196648 | J35: =I35/$F35 -> 0.18596453 | K35: 1283344.1 | L35: =K35/$F35 -> 0.19943751 | M35: =I35+K35 -> 2479992.1 | N35: =M35/$F35 -> 0.38540204 | O35: 293690.21 | P35: =O35/$F35 -> 0.045640793 | Q35: 0 | R35: =Q35/$F35 -> 0 | S35: =O35+Q35 -> 293690.21 | T35: =S35/$F35 -> 0.045640793 | U35: 106373.61 | V35: =U35/$F35 -> 0.016530942 | W35: 124844.22 | X35: =W35/$F35 -> 0.019401359 | Y35: 224979.51 | Z35: =Y35/$F35 -> 0.034962838 | AA35: 654753.21 | AB35: =AA35/$F35 -> 0.10175162 | AC35: =Y35+AA35 -> 879732.72 | AD35: =AC35/$F35 -> 0.13671446 | AE35: 1635891.8 | AF35: =AE35/F35 -> 0.25422501 | AG35: 0 | AH35: =AG35/$F35 -> 0 | AI35: 840773.25 | AJ35: =AI35/$F35 -> 0.13065998 | AK35: 73520.4 | AL35: =AK35/$F35 -> 0.011425404
D36: 46141 | E36: 三 | F36: =SUM(M36,S36,U36,W36,AC36,AE36,AG36,AI36,AK36) -> 5586966.6 | I36: 1152282.1 | J36: =I36/$F36 -> 0.20624468 | K36: 1052758.5 | L36: =K36/$F36 -> 0.18843114 | M36: =I36+K36 -> 2205040.6 | N36: =M36/F36 -> 0.39467583 | O36: 273819.69 | P36: =O36/$F36 -> 0.04901044 | Q36: 0 | R36: =Q36/$F36 -> 0 | S36: =O36+Q36 -> 273819.69 | T36: =S36/F36 -> 0.04901044 | U36: 96518.21 | V36: =U36/F36 -> 0.017275602 | W36: 143424.39 | X36: =W36/$F36 -> 0.025671245 | Y36: 174567.75 | Z36: =Y36/$F36 -> 0.031245533 | AA36: 510976.59 | AB36: =AA36/$F36 -> 0.091458681 | AC36: =Y36+AA36 -> 685544.34 | AD36: =AC36/$F36 -> 0.12270421 | AE36: 1433507.4 | AF36: =AE36/F36 -> 0.25658062 | AG36: 0 | AH36: =AG36/$F36 -> 0 | AI36: 685934.02 | AJ36: =AI36/$F36 -> 0.12277396 | AK36: 63177.9 | AL36: =AK36/$F36 -> 0.011308086
D37: 46142 | E37: 四 | F37: =SUM(M37,S37,U37,W37,AC37,AE37,AG37,AI37,AK37) -> 4446498.9 | I37: 762684.46 | J37: =I37/$F37 -> 0.17152472 | K37: 930428.7 | L37: =K37/$F37 -> 0.20924973 | M37: =I37+K37 -> 1693113.2 | N37: =M37/$F37 -> 0.38077445 | O37: 194141.89 | P37: =O37/$F37 -> 0.043661743 | Q37: 0 | R37: =Q37/$F37 -> 0 | S37: =O37+Q37 -> 194141.89 | T37: =S37/$F37 -> 0.043661743 | U37: 84496.43 | V37: =U37/$F37 -> 0.019002913 | W37: 104062.92 | X37: =W37/$F37 -> 0.023403339 | Y37: 149475.41 | Z37: =Y37/$F37 -> 0.033616428 | AA37: 454301.42 | AB37: =AA37/$F37 -> 0.10217059 | AC37: =Y37+AA37 -> 603776.83 | AD37: =AC37/$F37 -> 0.13578702 | AE37: 1085516.3 | AF37: =AE37/F37 -> 0.24412831 | AG37: 0 | AH37: =AG37/$F37 -> 0 | AI37: 613958.28 | AJ37: =AI37/$F37 -> 0.13807679 | AK37: 67433.1 | AL37: =AK37/$F37 -> 0.015165437
D38: 46143 | E38: 五 | F38: =SUM(M38,S38,U38,W38,AC38,AE38,AG38,AI38,AK38) -> 4128529.6 | I38: 735223.63 | J38: =I38/$F38 -> 0.17808365 | K38: 904301.05 | L38: =K38/$F38 -> 0.21903708 | M38: =I38+K38 -> 1639524.7 | N38: =M38/F38 -> 0.39712073 | O38: 189738.31 | P38: =O38/$F38 -> 0.045957842 | Q38: 0 | R38: =Q38/$F38 -> 0 | S38: =O38+Q38 -> 189738.31 | T38: =S38/F38 -> 0.045957842 | U38: 74886.61 | V38: =U38/F38 -> 0.018138809 | W38: 51528.84 | X38: =W38/$F38 -> 0.01248116 | Y38: 153506.08 | Z38: =Y38/$F38 -> 0.03718178 | AA38: 528791.28 | AB38: =AA38/$F38 -> 0.12808223 | AC38: =Y38+AA38 -> 682297.36 | AD38: =AC38/$F38 -> 0.16526401 | AE38: 951820.67 | AF38: =AE38/F38 -> 0.23054714 | AG38: 0 | AH38: =AG38/$F38 -> 0 | AI38: 473191.21 | AJ38: =AI38/$F38 -> 0.11461495 | AK38: 65541.9 | AL38: =AK38/$F38 -> 0.015875362
D39: 46144 | E39: 六 | F39: =SUM(M39,S39,U39,W39,AC39,AE39,AG39,AI39,AK39) -> 4422738.3 | I39: 696928.85 | J39: =I39/$F39 -> 0.15757859 | K39: 1077661 | L39: =K39/$F39 -> 0.24366374 | M39: =I39+K39 -> 1774589.8 | N39: =M39/$F39 -> 0.40124233 | O39: 185451.79 | P39: =O39/$F39 -> 0.041931441 | Q39: 0 | R39: =Q39/$F39 -> 0 | S39: =O39+Q39 -> 185451.79 | T39: =S39/$F39 -> 0.041931441 | U39: 77677.25 | V39: =U39/$F39 -> 0.017563158 | W39: 43769.16 | X39: =W39/$F39 -> 0.0098963938 | Y39: 182174.93 | Z39: =Y39/$F39 -> 0.041190529 | AA39: 591196.37 | AB39: =AA39/$F39 -> 0.13367202 | AC39: =Y39+AA39 -> 773371.3 | AD39: =AC39/$F39 -> 0.17486255 | AE39: 1049970.1 | AF39: =AE39/F39 -> 0.23740271 | AG39: 0 | AH39: =AG39/$F39 -> 0 | AI39: 455262.94 | AJ39: =AI39/$F39 -> 0.10293689 | AK39: 62646 | AL39: =AK39/$F39 -> 0.014164528
D40: 46145 | E40: 日 | F40: =SUM(M40,S40,U40,W40,AC40,AE40,AG40,AI40,AK40) -> 6472238.9 | I40: 1156742.1 | J40: =I40/$F40 -> 0.17872364 | K40: 1287660.1 | L40: =K40/$F40 -> 0.19895127 | M40: =I40+K40 -> 2444402.2 | N40: =M40/F40 -> 0.37767491 | O40: 295800.71 | P40: =O40/$F40 -> 0.045702997 | Q40: 0 | R40: =Q40/$F40 -> 0 | S40: =O40+Q40 -> 295800.71 | T40: =S40/F40 -> 0.045702997 | U40: 113189.96 | V40: =U40/F40 -> 0.017488533 | W40: 63000.24 | X40: =W40/$F40 -> 0.0097339176 | Y40: 232813.77 | Z40: =Y40/$F40 -> 0.035971134 | AA40: 696145.05 | AB40: =AA40/$F40 -> 0.10755862 | AC40: =Y40+AA40 -> 928958.82 | AD40: =AC40/$F40 -> 0.14352975 | AE40: 1880462.7 | AF40: =AE40/F40 -> 0.29054285 | AG40: 0 | AH40: =AG40/$F40 -> 0 | AI40: 683482.69 | AJ40: =AI40/$F40 -> 0.1056022 | AK40: 62941.5 | AL40: =AK40/$F40 -> 0.009724842
D41: 46146 | E41: 一 | F41: =SUM(M41,S41,U41,W41,AC41,AE41,AG41,AI41,AK41) -> 6132490.7 | I41: 1117910.6 | J41: =I41/$F41 -> 0.18229309 | K41: 1252098.1 | L41: =K41/$F41 -> 0.20417448 | M41: =I41+K41 -> 2370008.7 | N41: =M41/$F41 -> 0.38646756 | O41: 275130.65 | P41: =O41/$F41 -> 0.044864422 | Q41: 0 | R41: =Q41/$F41 -> 0 | S41: =O41+Q41 -> 275130.65 | T41: =S41/$F41 -> 0.044864422 | U41: 106413.37 | V41: =U41/$F41 -> 0.01735239 | W41: 63885 | X41: =W41/$F41 -> 0.010417464 | Y41: 228328.94 | Z41: =Y41/$F41 -> 0.03723266 | AA41: 684259.9 | AB41: =AA41/$F41 -> 0.11157944 | AC41: =Y41+AA41 -> 912588.84 | AD41: =AC41/$F41 -> 0.1488121 | AE41: 1710646.6 | AF41: =AE41/F41 -> 0.2789481 | AG41: 0 | AH41: =AG41/$F41 -> 0 | AI41: 623429.36 | AJ41: =AI41/$F41 -> 0.10166006 | AK41: 70388.1 | AL41: =AK41/$F41 -> 0.011477898

Sheet （４）訂單數量構成比
B2: （4）訂單數量構成比
B3: 資料繳交日 | C3: 月份 | D3: 日期 | F3: 訂單量 | I3: 品類訂單量
I4: 18℃-飯糰 | O4: 18℃-壽司手卷 | U4: 4℃-飯糰 | W4: 4℃-壽司手卷 | Y4: 主食 | AE4: 便當 | AG4: 熱食義麵 | AI4: 季節調理麵 | AK4: 微波小吃
F5: 日 | G5: 週累積 | H5: 月累積 | I5: 一配 | K5: 二配 | M5: 合計 | O5: 一配 | Q5: 二配 | S5: 合計 | U5: 一配 | W5: 一配 | Y5: 一配 | AA5: 二配 | AC5: 合計 | AE5: 一配 | AG5: 一配 | AI5: 一配 | AK5: 一配
I6: 訂單數 | J6: 比例(%) | K6: 訂單數 | L6: 比例(%) | M6: 訂單數 | N6: 比例(%) | O6: 訂單數 | P6: 比例(%) | Q6: 訂單數 | R6: 比例(%) | S6: 訂單數 | T6: 比例(%) | U6: 訂單數 | V6: 比例(%) | W6: 訂單數 | X6: 比例(%) | Y6: 訂單數 | Z6: 比例(%) | AA6: 訂單數 | AB6: 比例(%) | AC6: 訂單數 | AD6: 比例(%) | AE6: 訂單數 | AF6: 比例(%) | AG6: 訂單數 | AH6: 比例(%) | AI6: 訂單數 | AJ6: 比例(%) | AK6: 訂單數 | AL6: 比例(%)
B7: 46120 | D7: 46112 | E7: 二 | F7: =SUM(M7,S7,U7,W7,AC7,AE7,AG7,AI7,AK7) -> 179182 | G7: =SUM(F7:F13) -> 995977 | I7: 39563 | J7: =I7/$F7 -> 0.22079785 | K7: 61872 | L7: =K7/$F7 -> 0.34530254 | M7: =I7+K7 -> 101435 | N7: =M7/$F7 -> 0.56610039 | O7: 11990 | P7: =O7/$F7 -> 0.066915204 | Q7: 5532 | R7: =Q7/$F7 -> 0.030873637 | S7: =O7+Q7 -> 17522 | T7: =S7/$F7 -> 0.09778884 | U7: 4406 | V7: =U7/$F7 -> 0.024589524 | W7: 2100 | X7: =W7/$F7 -> 0.011719927 | Y7: 3703 | Z7: =Y7/$F7 -> 0.020666138 | AA7: 13360 | AB7: =AA7/$F7 -> 0.074561061 | AC7: =Y7+AA7 -> 17063 | AD7: =AC7/$F7 -> 0.095227199 | AE7: 33080 | AF7: =AE7/$F7 -> 0.18461676 | AG7: 0 | AH7: =AG7/$F7 -> 0 | AI7: 0 | AJ7: =AI7/$F7 -> 0 | AK7: 3576 | AL7: =AK7/$F7 -> 0.019957362
C8: 四 | D8: 46113 | E8: 三 | F8: =SUM(M8,S8,U8,W8,AC8,AE8,AG8,AI8,AK8) -> 156110 | H8: =SUM(F8:F37) -> 5396292 | I8: 37671 | J8: =I8/$F8 -> 0.24131061 | K8: 53228 | L8: =K8/$F8 -> 0.3409647 | M8: =I8+K8 -> 90899 | N8: =M8/$F8 -> 0.58227532 | O8: 11422 | P8: =O8/$F8 -> 0.073166357 | Q8: 5248 | R8: =Q8/$F8 -> 0.033617321 | S8: =O8+Q8 -> 16670 | T8: =S8/$F8 -> 0.10678368 | U8: 3921 | V8: =U8/$F8 -> 0.025116905 | W8: 2035 | X8: =W8/$F8 -> 0.01303568 | Y8: 3191 | Z8: =Y8/$F8 -> 0.020440715 | AA8: 9792 | AB8: =AA8/$F8 -> 0.062725002 | AC8: =Y8+AA8 -> 12983 | AD8: =AC8/$F8 -> 0.083165716 | AE8: 25933 | AF8: =AE8/$F8 -> 0.16612004 | AG8: 0 | AH8: =AG8/$F8 -> 0 | AI8: 0 | AJ8: =AI8/$F8 -> 0 | AK8: 3669 | AL8: =AK8/$F8 -> 0.023502658
D9: 46114 | E9: 四 | F9: =SUM(M9,S9,U9,W9,AC9,AE9,AG9,AI9,AK9) -> 125387 | I9: 27133 | J9: =I9/$F9 -> 0.21639404 | K9: 46135 | L9: =K9/$F9 -> 0.36794086 | M9: =I9+K9 -> 73268 | N9: =M9/$F9 -> 0.5843349 | O9: 7731 | P9: =O9/$F9 -> 0.06165711 | Q9: 4501 | R9: =Q9/$F9 -> 0.035896863 | S9: =O9+Q9 -> 12232 | T9: =S9/$F9 -> 0.097553973 | U9: 3648 | V9: =U9/$F9 -> 0.029093925 | W9: 2130 | X9: =W9/$F9 -> 0.016987407 | Y9: 2859 | Z9: =Y9/$F9 -> 0.022801407 | AA9: 8660 | AB9: =AA9/$F9 -> 0.069066171 | AC9: =Y9+AA9 -> 11519 | AD9: =AC9/$F9 -> 0.091867578 | AE9: 19281 | AF9: =AE9/$F9 -> 0.15377192 | AG9: 0 | AH9: =AG9/$F9 -> 0 | AI9: 0 | AJ9: =AI9/$F9 -> 0 | AK9: 3309 | AL9: =AK9/$F9 -> 0.026390296
D10: 46115 | E10: 五 | F10: =SUM(M10,S10,U10,W10,AC10,AE10,AG10,AI10,AK10) -> 119195 | I10: 25747 | J10: =I10/$F10 -> 0.21600738 | K10: 43064 | L10: =K10/$F10 -> 0.36129032 | M10: =I10+K10 -> 68811 | N10: =M10/$F10 -> 0.57729771 | O10: 7237 | P10: =O10/$F10 -> 0.060715634 | Q10: 4414 | R10: =Q10/$F10 -> 0.037031755 | S10: =O10+Q10 -> 11651 | T10: =S10/$F10 -> 0.097747389 | U10: 3295 | V10: =U10/$F10 -> 0.027643777 | W10: 1950 | X10: =W10/$F10 -> 0.016359747 | Y10: 2911 | Z10: =Y10/$F10 -> 0.024422165 | AA10: 10214 | AB10: =AA10/$F10 -> 0.085691514 | AC10: =Y10+AA10 -> 13125 | AD10: =AC10/$F10 -> 0.11011368 | AE10: 16976 | AF10: =AE10/$F10 -> 0.14242208 | AG10: 0 | AH10: =AG10/$F10 -> 0 | AI10: 0 | AJ10: =AI10/$F10 -> 0 | AK10: 3387 | AL10: =AK10/$F10 -> 0.028415621
D11: 46116 | E11: 六 | F11: =SUM(M11,S11,U11,W11,AC11,AE11,AG11,AI11,AK11) -> 114970 | I11: 24260 | J11: =I11/$F11 -> 0.21101157 | K11: 41153 | L11: =K11/$F11 -> 0.35794555 | M11: =I11+K11 -> 65413 | N11: =M11/$F11 -> 0.56895712 | O11: 6856 | P11: =O11/$F11 -> 0.059632948 | Q11: 4201 | R11: =Q11/$F11 -> 0.036539967 | S11: =O11+Q11 -> 11057 | T11: =S11/$F11 -> 0.096172915 | U11: 3268 | V11: =U11/$F11 -> 0.028424806 | W11: 2046 | X11: =W11/$F11 -> 0.017795947 | Y11: 3158 | Z11: =Y11/$F11 -> 0.027468035 | AA11: 9944 | AB11: =AA11/$F11 -> 0.086492128 | AC11: =Y11+AA11 -> 13102 | AD11: =AC11/$F11 -> 0.11396016 | AE11: 17210 | AF11: =AE11/$F11 -> 0.14969122 | AG11: 0 | AH11: =AG11/$F11 -> 0 | AI11: 0 | AJ11: =AI11/$F11 -> 0 | AK11: 2874 | AL11: =AK11/$F11 -> 0.024997826
D12: 46117 | E12: 日 | F12: =SUM(M12,S12,U12,W12,AC12,AE12,AG12,AI12,AK12) -> 129122 | I12: 25018 | J12: =I12/$F12 -> 0.19375474 | K12: 50126 | L12: =K12/$F12 -> 0.3882065 | M12: =I12+K12 -> 75144 | N12: =M12/$F12 -> 0.58196125 | O12: 7276 | P12: =O12/$F12 -> 0.056349809 | Q12: 4599 | R12: =Q12/$F12 -> 0.035617478 | S12: =O12+Q12 -> 11875 | T12: =S12/$F12 -> 0.091967287 | U12: 3281 | V12: =U12/$F12 -> 0.025410077 | W12: 1678 | X12: =W12/$F12 -> 0.012995462 | Y12: 3244 | Z12: =Y12/$F12 -> 0.025123527 | AA12: 12878 | AB12: =AA12/$F12 -> 0.099735134 | AC12: =Y12+AA12 -> 16122 | AD12: =AC12/$F12 -> 0.12485866 | AE12: 18574 | AF12: =AE12/$F12 -> 0.14384845 | AG12: 0 | AH12: =AG12/$F12 -> 0 | AI12: 0 | AJ12: =AI12/$F12 -> 0 | AK12: 2448 | AL12: =AK12/$F12 -> 0.018958814
D13: 46118 | E13: 一 | F13: =SUM(M13,S13,U13,W13,AC13,AE13,AG13,AI13,AK13) -> 172011 | I13: 38598 | J13: =I13/$F13 -> 0.22439263 | K13: 63604 | L13: =K13/$F13 -> 0.36976705 | M13: =I13+K13 -> 102202 | N13: =M13/$F13 -> 0.59415968 | O13: 10406 | P13: =O13/$F13 -> 0.060496131 | Q13: 1439 | R13: =Q13/$F13 -> 0.0083657441 | S13: =O13+Q13 -> 11845 | T13: =S13/$F13 -> 0.068861875 | U13: 4158 | V13: =U13/$F13 -> 0.024172873 | W13: 2066 | X13: =W13/$F13 -> 0.01201086 | Y13: 4119 | Z13: =Y13/$F13 -> 0.023946143 | AA13: 14276 | AB13: =AA13/$F13 -> 0.082994692 | AC13: =Y13+AA13 -> 18395 | AD13: =AC13/$F13 -> 0.10694084 | AE13: 29946 | AF13: =AE13/$F13 -> 0.17409352 | AG13: 0 | AH13: =AG13/$F13 -> 0 | AI13: 0 | AJ13: =AI13/$F13 -> 0 | AK13: 3399 | AL13: =AK13/$F13 -> 0.019760364
B14: =B7+7 -> 46127 | D14: 46119 | E14: 二 | F14: =SUM(M14,S14,U14,W14,AC14,AE14,AG14,AI14,AK14) -> 179797 | G14: =SUM(F14:F20) -> 1171613 | I14: 38175 | J14: =I14/$F14 -> 0.21232279 | K14: 61850 | L14: =K14/$F14 -> 0.34399907 | M14: =I14+K14 -> 100025 | N14: =M14/$F14 -> 0.55632185 | O14: 15937 | P14: =O14/$F14 -> 0.088638854 | Q14: 1427 | R14: =Q14/$F14 -> 0.0079367286 | S14: =O14+Q14 -> 17364 | T14: =S14/$F14 -> 0.096575582 | U14: 3887 | V14: =U14/$F14 -> 0.021618826 | W14: 10076 | X14: =W14/$F14 -> 0.05604098 | Y14: 3893 | Z14: =Y14/$F14 -> 0.021652197 | AA14: 13527 | AB14: =AA14/$F14 -> 0.075234848 | AC14: =Y14+AA14 -> 17420 | AD14: =AC14/$F14 -> 0.096887045 | AE14: 27659 | AF14: =AE14/$F14 -> 0.1538346 | AG14: 0 | AH14: =AG14/$F14 -> 0 | AI14: 0 | AJ14: =AI14/$F14 -> 0 | AK14: 3366 | AL14: =AK14/$F14 -> 0.018721113
D15: 46120 | E15: 三 | F15: =SUM(M15,S15,U15,W15,AC15,AE15,AG15,AI15,AK15) -> 166150 | I15: 37405 | J15: =I15/$F15 -> 0.2251279 | K15: 59075 | L15: =K15/$F15 -> 0.35555221 | M15: =I15+K15 -> 96480 | N15: =M15/$F15 -> 0.58068011 | O15: 11557 | P15: =O15/$F15 -> 0.069557629 | Q15: 1499 | R15: =Q15/$F15 -> 0.0090219681 | S15: =O15+Q15 -> 13056 | T15: =S15/$F15 -> 0.078579597 | U15: 3727 | V15: =U15/$F15 -> 0.022431538 | W15: 6442 | X15: =W15/$F15 -> 0.038772194 | Y15: 4326 | Z15: =Y15/$F15 -> 0.026036714 | AA15: 12822 | AB15: =AA15/$F15 -> 0.077171231 | AC15: =Y15+AA15 -> 17148 | AD15: =AC15/$F15 -> 0.10320794 | AE15: 25679 | AF15: =AE15/$F15 -> 0.15455311 | AG15: 0 | AH15: =AG15/$F15 -> 0 | AI15: 0 | AJ15: =AI15/$F15 -> 0 | AK15: 3618 | AL15: =AK15/$F15 -> 0.021775504
D16: 46121 | E16: 四 | F16: =SUM(M16,S16,U16,W16,AC16,AE16,AG16,AI16,AK16) -> 155377 | I16: 37021 | J16: =I16/$F16 -> 0.23826564 | K16: 53369 | L16: =K16/$F16 -> 0.3434807 | M16: =I16+K16 -> 90390 | N16: =M16/$F16 -> 0.58174633 | O16: 11585 | P16: =O16/$F16 -> 0.074560585 | Q16: 1526 | R16: =Q16/$F16 -> 0.0098212734 | S16: =O16+Q16 -> 13111 | T16: =S16/$F16 -> 0.084381858 | U16: 3661 | V16: =U16/$F16 -> 0.023562046 | W16: 6152 | X16: =W16/$F16 -> 0.03959402 | Y16: 3675 | Z16: =Y16/$F16 -> 0.023652149 | AA16: 10970 | AB16: =AA16/$F16 -> 0.07060247 | AC16: =Y16+AA16 -> 14645 | AD16: =AC16/$F16 -> 0.094254619 | AE16: 23782 | AF16: =AE16/$F16 -> 0.15305998 | AG16: 0 | AH16: =AG16/$F16 -> 0 | AI16: 0 | AJ16: =AI16/$F16 -> 0 | AK16: 3636 | AL16: =AK16/$F16 -> 0.023401147
D17: 46122 | E17: 五 | F17: =SUM(M17,S17,U17,W17,AC17,AE17,AG17,AI17,AK17) -> 137940 | I17: 28594 | J17: =I17/$F17 -> 0.20729303 | K17: 50493 | L17: =K17/$F17 -> 0.36605046 | M17: =I17+K17 -> 79087 | N17: =M17/$F17 -> 0.57334348 | O17: 13148 | P17: =O17/$F17 -> 0.095316804 | Q17: 1207 | R17: =Q17/$F17 -> 0.0087501812 | S17: =O17+Q17 -> 14355 | T17: =S17/$F17 -> 0.10406699 | U17: 3144 | V17: =U17/$F17 -> 0.022792518 | W17: 3411 | X17: =W17/$F17 -> 0.024728143 | Y17: 3280 | Z17: =Y17/$F17 -> 0.023778454 | AA17: 11226 | AB17: =AA17/$F17 -> 0.08138321 | AC17: =Y17+AA17 -> 14506 | AD17: =AC17/$F17 -> 0.10516166 | AE17: 19918 | AF17: =AE17/$F17 -> 0.14439611 | AG17: 0 | AH17: =AG17/$F17 -> 0 | AI17: 0 | AJ17: =AI17/$F17 -> 0 | AK17: 3519 | AL17: =AK17/$F17 -> 0.025511092
D18: 46123 | E18: 六 | F18: =SUM(M18,S18,U18,W18,AC18,AE18,AG18,AI18,AK18) -> 148324 | I18: 27633 | J18: =I18/$F18 -> 0.18630161 | K18: 57067 | L18: =K18/$F18 -> 0.38474556 | M18: =I18+K18 -> 84700 | N18: =M18/$F18 -> 0.57104717 | O18: 12199 | P18: =O18/$F18 -> 0.082245624 | Q18: 1216 | R18: =Q18/$F18 -> 0.0081982687 | S18: =O18+Q18 -> 13415 | T18: =S18/$F18 -> 0.090443893 | U18: 3540 | V18: =U18/$F18 -> 0.02386667 | W18: 5532 | X18: =W18/$F18 -> 0.037296729 | Y18: 3555 | Z18: =Y18/$F18 -> 0.0239678 | AA18: 12588 | AB18: =AA18/$F18 -> 0.084868261 | AC18: =Y18+AA18 -> 16143 | AD18: =AC18/$F18 -> 0.10883606 | AE18: 21598 | AF18: =AE18/$F18 -> 0.14561366 | AG18: 0 | AH18: =AG18/$F18 -> 0 | AI18: 0 | AJ18: =AI18/$F18 -> 0 | AK18: 3396 | AL18: =AK18/$F18 -> 0.022895823
D19: 46124 | E19: 日 | F19: =SUM(M19,S19,U19,W19,AC19,AE19,AG19,AI19,AK19) -> 191499 | I19: 41219 | J19: =I19/$F19 -> 0.21524394 | K19: 64586 | L19: =K19/$F19 -> 0.33726547 | M19: =I19+K19 -> 105805 | N19: =M19/$F19 -> 0.55250941 | O19: 17972 | P19: =O19/$F19 -> 0.093849054 | Q19: 1534 | R19: =Q19/$F19 -> 0.0080104857 | S19: =O19+Q19 -> 19506 | T19: =S19/$F19 -> 0.10185954 | U19: 4388 | V19: =U19/$F19 -> 0.022913958 | W19: 6826 | X19: =W19/$F19 -> 0.035645095 | Y19: 4903 | Z19: =Y19/$F19 -> 0.025603267 | AA19: 14479 | AB19: =AA19/$F19 -> 0.07560875 | AC19: =Y19+AA19 -> 19382 | AD19: =AC19/$F19 -> 0.10121202 | AE19: 32034 | AF19: =AE19/$F19 -> 0.16728025 | AG19: 0 | AH19: =AG19/$F19 -> 0 | AI19: 0 | AJ19: =AI19/$F19 -> 0 | AK19: 3558 | AL19: =AK19/$F19 -> 0.018579731
D20: 46125 | E20: 一 | F20: =SUM(M20,S20,U20,W20,AC20,AE20,AG20,AI20,AK20) -> 192526 | I20: 41374 | J20: =I20/$F20 -> 0.21490084 | K20: 75818 | L20: =K20/$F20 -> 0.39380655 | M20: =I20+K20 -> 117192 | N20: =M20/$F20 -> 0.6087074 | O20: 13637 | P20: =O20/$F20 -> 0.070831992 | Q20: 0 | R20: =Q20/$F20 -> 0 | S20: =O20+Q20 -> 13637 | T20: =S20/$F20 -> 0.070831992 | U20: 4157 | V20: =U20/$F20 -> 0.021591889 | W20: 6021 | X20: =W20/$F20 -> 0.031273698 | Y20: 4465 | Z20: =Y20/$F20 -> 0.023191673 | AA20: 14008 | AB20: =AA20/$F20 -> 0.072759004 | AC20: =Y20+AA20 -> 18473 | AD20: =AC20/$F20 -> 0.095950677 | AE20: 29350 | AF20: =AE20/$F20 -> 0.15244694 | AG20: 0 | AH20: =AG20/$F20 -> 0 | AI20: 0 | AJ20: =AI20/$F20 -> 0 | AK20: 3696 | AL20: =AK20/$F20 -> 0.019197407
B21: =B14+7 -> 46134 | D21: 46126 | E21: 二 | F21: =SUM(M21,S21,U21,W21,AC21,AE21,AG21,AI21,AK21) -> 236038 | G21: =SUM(F21:F27) -> 1445720 | I21: 60029 | J21: =I21/$F21 -> 0.25431922 | K21: 78738 | L21: =K21/$F21 -> 0.33358188 | M21: =I21+K21 -> 138767 | N21: =M21/$F21 -> 0.5879011 | O21: 14737 | P21: =O21/$F21 -> 0.062434862 | Q21: 0 | R21: =Q21/$F21 -> 0 | S21: =O21+Q21 -> 14737 | T21: =S21/$F21 -> 0.062434862 | U21: 4203 | V21: =U21/$F21 -> 0.017806455 | W21: 8764 | X21: =W21/$F21 -> 0.037129615 | Y21: 4789 | Z21: =Y21/$F21 -> 0.020289106 | AA21: 13636 | AB21: =AA21/$F21 -> 0.057770359 | AC21: =Y21+AA21 -> 18425 | AD21: =AC21/$F21 -> 0.078059465 | AE21: 27391 | AF21: =AE21/$F21 -> 0.11604487 | AG21: 0 | AH21: =AG21/$F21 -> 0 | AI21: 19869 | AJ21: =AI21/$F21 -> 0.084177124 | AK21: 3882 | AL21: =AK21/$F21 -> 0.016446504
D22: 46127 | E22: 三 | F22: =SUM(M22,S22,U22,W22,AC22,AE22,AG22,AI22,AK22) -> 218111 | I22: 54647 | J22: =I22/$F22 -> 0.25054674 | K22: 73167 | L22: =K22/$F22 -> 0.33545763 | M22: =I22+K22 -> 127814 | N22: =M22/$F22 -> 0.58600437 | O22: 13964 | P22: =O22/$F22 -> 0.064022447 | Q22: 0 | R22: =Q22/$F22 -> 0 | S22: =O22+Q22 -> 13964 | T22: =S22/$F22 -> 0.064022447 | U22: 3854 | V22: =U22/$F22 -> 0.017669902 | W22: 8361 | X22: =W22/$F22 -> 0.038333692 | Y22: 3974 | Z22: =Y22/$F22 -> 0.018220081 | AA22: 12123 | AB22: =AA22/$F22 -> 0.055581791 | AC22: =Y22+AA22 -> 16097 | AD22: =AC22/$F22 -> 0.073801872 | AE22: 26126 | AF22: =AE22/$F22 -> 0.11978305 | AG22: 0 | AH22: =AG22/$F22 -> 0 | AI22: 18193 | AJ22: =AI22/$F22 -> 0.083411657 | AK22: 3702 | AL22: =AK22/$F22 -> 0.016973009
D23: 46128 | E23: 四 | F23: =SUM(M23,S23,U23,W23,AC23,AE23,AG23,AI23,AK23) -> 197163 | I23: 50325 | J23: =I23/$F23 -> 0.25524566 | K23: 64613 | L23: =K23/$F23 -> 0.32771362 | M23: =I23+K23 -> 114938 | N23: =M23/$F23 -> 0.58295928 | O23: 13923 | P23: =O23/$F23 -> 0.070616698 | Q23: 0 | R23: =Q23/$F23 -> 0 | S23: =O23+Q23 -> 13923 | T23: =S23/$F23 -> 0.070616698 | U23: 3773 | V23: =U23/$F23 -> 0.019136451 | W23: 8273 | X23: =W23/$F23 -> 0.041960206 | Y23: 2892 | Z23: =Y23/$F23 -> 0.014668067 | AA23: 9948 | AB23: =AA23/$F23 -> 0.050455714 | AC23: =Y23+AA23 -> 12840 | AD23: =AC23/$F23 -> 0.065123781 | AE23: 23539 | AF23: =AE23/$F23 -> 0.11938853 | AG23: 0 | AH23: =AG23/$F23 -> 0 | AI23: 16331 | AJ23: =AI23/$F23 -> 0.082829943 | AK23: 3546 | AL23: =AK23/$F23 -> 0.017985119
D24: 46129 | E24: 五 | F24: =SUM(M24,S24,U24,W24,AC24,AE24,AG24,AI24,AK24) -> 171515 | I24: 44038 | J24: =I24/$F24 -> 0.25675888 | K24: 59919 | L24: =K24/$F24 -> 0.34935137 | M24: =I24+K24 -> 103957 | N24: =M24/$F24 -> 0.60611025 | O24: 10144 | P24: =O24/$F24 -> 0.059143515 | Q24: 0 | R24: =Q24/$F24 -> 0 | S24: =O24+Q24 -> 10144 | T24: =S24/$F24 -> 0.059143515 | U24: 3178 | V24: =U24/$F24 -> 0.018528992 | W24: 5236 | X24: =W24/$F24 -> 0.030527942 | Y24: 3193 | Z24: =Y24/$F24 -> 0.018616448 | AA24: 10505 | AB24: =AA24/$F24 -> 0.061248287 | AC24: =Y24+AA24 -> 13698 | AD24: =AC24/$F24 -> 0.079864735 | AE24: 19053 | AF24: =AE24/$F24 -> 0.11108649 | AG24: 0 | AH24: =AG24/$F24 -> 0 | AI24: 12970 | AJ24: =AI24/$F24 -> 0.075620208 | AK24: 3279 | AL24: =AK24/$F24 -> 0.019117861
D25: 46130 | E25: 六 | F25: =SUM(M25,S25,U25,W25,AC25,AE25,AG25,AI25,AK25) -> 179200 | I25: 42479 | J25: =I25/$F25 -> 0.23704799 | K25: 66732 | L25: =K25/$F25 -> 0.37238839 | M25: =I25+K25 -> 109211 | N25: =M25/$F25 -> 0.60943638 | O25: 9694 | P25: =O25/$F25 -> 0.054095982 | Q25: 0 | R25: =Q25/$F25 -> 0 | S25: =O25+Q25 -> 9694 | T25: =S25/$F25 -> 0.054095982 | U25: 3409 | V25: =U25/$F25 -> 0.019023438 | W25: 5549 | X25: =W25/$F25 -> 0.030965402 | Y25: 3689 | Z25: =Y25/$F25 -> 0.020585937 | AA25: 10934 | AB25: =AA25/$F25 -> 0.061015625 | AC25: =Y25+AA25 -> 14623 | AD25: =AC25/$F25 -> 0.081601563 | AE25: 20659 | AF25: =AE25/$F25 -> 0.1152846 | AG25: 0 | AH25: =AG25/$F25 -> 0 | AI25: 12956 | AJ25: =AI25/$F25 -> 0.072299107 | AK25: 3099 | AL25: =AK25/$F25 -> 0.017293527
D26: 46131 | E26: 日 | F26: =SUM(M26,S26,U26,W26,AC26,AE26,AG26,AI26,AK26) -> 227448 | I26: 58368 | J26: =I26/$F26 -> 0.25662129 | K26: 74095 | L26: =K26/$F26 -> 0.32576677 | M26: =I26+K26 -> 132463 | N26: =M26/$F26 -> 0.58238806 | O26: 13136 | P26: =O26/$F26 -> 0.05775386 | Q26: 0 | R26: =Q26/$F26 -> 0 | S26: =O26+Q26 -> 13136 | T26: =S26/$F26 -> 0.05775386 | U26: 4111 | V26: =U26/$F26 -> 0.018074461 | W26: 6827 | X26: =W26/$F26 -> 0.030015652 | Y26: 4258 | Z26: =Y26/$F26 -> 0.018720763 | AA26: 12845 | AB26: =AA26/$F26 -> 0.056474447 | AC26: =Y26+AA26 -> 17103 | AD26: =AC26/$F26 -> 0.075195209 | AE26: 31723 | AF26: =AE26/$F26 -> 0.13947364 | AG26: 0 | AH26: =AG26/$F26 -> 0 | AI26: 18587 | AJ26: =AI26/$F26 -> 0.081719778 | AK26: 3498 | AL26: =AK26/$F26 -> 0.015379339
D27: 46132 | E27: 一 | F27: =SUM(M27,S27,U27,W27,AC27,AE27,AG27,AI27,AK27) -> 216245 | I27: 54983 | J27: =I27/$F27 -> 0.25426253 | K27: 72194 | L27: =K27/$F27 -> 0.33385281 | M27: =I27+K27 -> 127177 | N27: =M27/$F27 -> 0.58811533 | O27: 12454 | P27: =O27/$F27 -> 0.057592083 | Q27: 0 | R27: =Q27/$F27 -> 0 | S27: =O27+Q27 -> 12454 | T27: =S27/$F27 -> 0.057592083 | U27: 3982 | V27: =U27/$F27 -> 0.018414299 | W27: 5053 | X27: =W27/$F27 -> 0.023367014 | Y27: 4269 | Z27: =Y27/$F27 -> 0.019741497 | AA27: 17611 | AB27: =AA27/$F27 -> 0.081440033 | AC27: =Y27+AA27 -> 21880 | AD27: =AC27/$F27 -> 0.10118153 | AE27: 27810 | AF27: =AE27/$F27 -> 0.12860413 | AG27: 0 | AH27: =AG27/$F27 -> 0 | AI27: 14424 | AJ27: =AI27/$F27 -> 0.06670212 | AK27: 3465 | AL27: =AK27/$F27 -> 0.016023492
B28: =B21+7 -> 46141 | D28: 46133 | E28: 二 | F28: =SUM(M28,S28,U28,W28,AC28,AE28,AG28,AI28,AK28) -> 222749 | G28: =SUM(F28:F34) -> 1407149 | I28: 60748 | J28: =I28/$F28 -> 0.27271952 | K28: 68189 | L28: =K28/$F28 -> 0.30612483 | M28: =I28+K28 -> 128937 | N28: =M28/$F28 -> 0.57884435 | O28: 11895 | P28: =O28/$F28 -> 0.053400913 | Q28: 0 | R28: =Q28/$F28 -> 0 | S28: =O28+Q28 -> 11895 | T28: =S28/$F28 -> 0.053400913 | U28: 3733 | V28: =U28/$F28 -> 0.016758773 | W28: 9425 | X28: =W28/$F28 -> 0.042312199 | Y28: 3773 | Z28: =Y28/$F28 -> 0.016938348 | AA28: 16037 | AB28: =AA28/$F28 -> 0.071995834 | AC28: =Y28+AA28 -> 19810 | AD28: =AC28/$F28 -> 0.088934182 | AE28: 25516 | AF28: =AE28/$F28 -> 0.11455046 | AG28: 0 | AH28: =AG28/$F28 -> 0 | AI28: 19761 | AJ28: =AI28/$F28 -> 0.088714203 | AK28: 3672 | AL28: =AK28/$F28 -> 0.016484922
D29: 46134 | E29: 三 | F29: =SUM(M29,S29,U29,W29,AC29,AE29,AG29,AI29,AK29) -> 209305 | I29: 57342 | J29: =I29/$F29 -> 0.27396383 | K29: 64846 | L29: =K29/$F29 -> 0.30981582 | M29: =I29+K29 -> 122188 | N29: =M29/$F29 -> 0.58377965 | O29: 12408 | P29: =O29/$F29 -> 0.059281909 | Q29: 0 | R29: =Q29/$F29 -> 0 | S29: =O29+Q29 -> 12408 | T29: =S29/$F29 -> 0.059281909 | U29: 3475 | V29: =U29/$F29 -> 0.016602566 | W29: 8576 | X29: =W29/$F29 -> 0.040973699 | Y29: 3515 | Z29: =Y29/$F29 -> 0.016793674 | AA29: 14543 | AB29: =AA29/$F29 -> 0.069482334 | AC29: =Y29+AA29 -> 18058 | AD29: =AC29/$F29 -> 0.086276009 | AE29: 23758 | AF29: =AE29/$F29 -> 0.11350899 | AG29: 0 | AH29: =AG29/$F29 -> 0 | AI29: 17080 | AJ29: =AI29/$F29 -> 0.081603402 | AK29: 3762 | AL29: =AK29/$F29 -> 0.01797377
D30: 46135 | E30: 四 | F30: =SUM(M30,S30,U30,W30,AC30,AE30,AG30,AI30,AK30) -> 188863 | I30: 54860 | J30: =I30/$F30 -> 0.29047511 | K30: 57907 | L30: =K30/$F30 -> 0.30660849 | M30: =I30+K30 -> 112767 | N30: =M30/$F30 -> 0.5970836 | O30: 10827 | P30: =O30/$F30 -> 0.057327269 | Q30: 0 | R30: =Q30/$F30 -> 0 | S30: =O30+Q30 -> 10827 | T30: =S30/$F30 -> 0.057327269 | U30: 3306 | V30: =U30/$F30 -> 0.017504752 | W30: 7950 | X30: =W30/$F30 -> 0.042094005 | Y30: 3241 | Z30: =Y30/$F30 -> 0.017160587 | AA30: 11412 | AB30: =AA30/$F30 -> 0.060424752 | AC30: =Y30+AA30 -> 14653 | AD30: =AC30/$F30 -> 0.07758534 | AE30: 21307 | AF30: =AE30/$F30 -> 0.11281723 | AG30: 0 | AH30: =AG30/$F30 -> 0 | AI30: 14675 | AJ30: =AI30/$F30 -> 0.077701826 | AK30: 3378 | AL30: =AK30/$F30 -> 0.017885981
D31: 46136 | E31: 五 | F31: =SUM(M31,S31,U31,W31,AC31,AE31,AG31,AI31,AK31) -> 166555 | I31: 45092 | J31: =I31/$F31 -> 0.27073339 | K31: 54548 | L31: =K31/$F31 -> 0.32750743 | M31: =I31+K31 -> 99640 | N31: =M31/$F31 -> 0.59824082 | O31: 8555 | P31: =O31/$F31 -> 0.051364414 | Q31: 0 | R31: =Q31/$F31 -> 0 | S31: =O31+Q31 -> 8555 | T31: =S31/$F31 -> 0.051364414 | U31: 2997 | V31: =U31/$F31 -> 0.017994056 | W31: 5407 | X31: =W31/$F31 -> 0.032463751 | Y31: 3184 | Z31: =Y31/$F31 -> 0.019116808 | AA31: 11567 | AB31: =AA31/$F31 -> 0.069448531 | AC31: =Y31+AA31 -> 14751 | AD31: =AC31/$F31 -> 0.088565339 | AE31: 17734 | AF31: =AE31/$F31 -> 0.10647534 | AG31: 0 | AH31: =AG31/$F31 -> 0 | AI31: 14222 | AJ31: =AI31/$F31 -> 0.085389211 | AK31: 3249 | AL31: =AK31/$F31 -> 0.01950707
D32: 46137 | E32: 六 | F32: =SUM(M32,S32,U32,W32,AC32,AE32,AG32,AI32,AK32) -> 176739 | I32: 43383 | J32: =I32/$F32 -> 0.24546365 | K32: 61471 | L32: =K32/$F32 -> 0.34780665 | M32: =I32+K32 -> 104854 | N32: =M32/$F32 -> 0.5932703 | O32: 8598 | P32: =O32/$F32 -> 0.048648006 | Q32: 0 | R32: =Q32/$F32 -> 0 | S32: =O32+Q32 -> 8598 | T32: =S32/$F32 -> 0.048648006 | U32: 3175 | V32: =U32/$F32 -> 0.017964343 | W32: 5156 | X32: =W32/$F32 -> 0.029172961 | Y32: 3646 | Z32: =Y32/$F32 -> 0.02062929 | AA32: 13401 | AB32: =AA32/$F32 -> 0.075823672 | AC32: =Y32+AA32 -> 17047 | AD32: =AC32/$F32 -> 0.096452962 | AE32: 19996 | AF32: =AE32/$F32 -> 0.11313858 | AG32: 0 | AH32: =AG32/$F32 -> 0 | AI32: 14442 | AJ32: =AI32/$F32 -> 0.081713713 | AK32: 3471 | AL32: =AK32/$F32 -> 0.019639129
D33: 46138 | E33: 日 | F33: =SUM(M33,S33,U33,W33,AC33,AE33,AG33,AI33,AK33) -> 225993 | I33: 59438 | J33: =I33/$F33 -> 0.26300815 | K33: 69127 | L33: =K33/$F33 -> 0.30588116 | M33: =I33+K33 -> 128565 | N33: =M33/$F33 -> 0.5688893 | O33: 11650 | P33: =O33/$F33 -> 0.051550269 | Q33: 0 | R33: =Q33/$F33 -> 0 | S33: =O33+Q33 -> 11650 | T33: =S33/$F33 -> 0.051550269 | U33: 3953 | V33: =U33/$F33 -> 0.017491692 | W33: 7009 | X33: =W33/$F33 -> 0.031014235 | Y33: 4127 | Z33: =Y33/$F33 -> 0.018261628 | AA33: 15404 | AB33: =AA33/$F33 -> 0.068161403 | AC33: =Y33+AA33 -> 19531 | AD33: =AC33/$F33 -> 0.086423031 | AE33: 31134 | AF33: =AE33/$F33 -> 0.13776533 | AG33: 0 | AH33: =AG33/$F33 -> 0 | AI33: 20635 | AJ33: =AI33/$F33 -> 0.091308138 | AK33: 3516 | AL33: =AK33/$F33 -> 0.015558004
D34: 46139 | E34: 一 | F34: =SUM(M34,S34,U34,W34,AC34,AE34,AG34,AI34,AK34) -> 216945 | I34: 57571 | J34: =I34/$F34 -> 0.26537141 | K34: 69919 | L34: =K34/$F34 -> 0.32228906 | M34: =I34+K34 -> 127490 | N34: =M34/$F34 -> 0.58766047 | O34: 11119 | P34: =O34/$F34 -> 0.051252622 | Q34: 0 | R34: =Q34/$F34 -> 0 | S34: =O34+Q34 -> 11119 | T34: =S34/$F34 -> 0.051252622 | U34: 4128 | V34: =U34/$F34 -> 0.019027864 | W34: 6721 | X34: =W34/$F34 -> 0.030980202 | Y34: 4032 | Z34: =Y34/$F34 -> 0.018585356 | AA34: 14610 | AB34: =AA34/$F34 -> 0.067344258 | AC34: =Y34+AA34 -> 18642 | AD34: =AC34/$F34 -> 0.085929613 | AE34: 28001 | AF34: =AE34/$F34 -> 0.12906958 | AG34: 0 | AH34: =AG34/$F34 -> 0 | AI34: 17226 | AJ34: =AI34/$F34 -> 0.079402614 | AK34: 3618 | AL34: =AK34/$F34 -> 0.016677038
B35: =B28+7 -> 46148 | D35: 46140 | E35: 二 | F35: =SUM(M35,S35,U35,W35,AC35,AE35,AG35,AI35,AK35) -> 214895 | G35: =SUM(F35:F41) -> 1262288 | I35: 56898 | J35: =I35/$F35 -> 0.26477117 | K35: 67514 | L35: =K35/$F35 -> 0.31417204 | M35: =I35+K35 -> 124412 | N35: =M35/$F35 -> 0.5789432 | O35: 11239 | P35: =O35/$F35 -> 0.05229996 | Q35: 0 | R35: =Q35/$F35 -> 0 | S35: =O35+Q35 -> 11239 | T35: =S35/$F35 -> 0.05229996 | U35: 3808 | V35: =U35/$F35 -> 0.017720282 | W35: 4795 | X35: =W35/$F35 -> 0.022313223 | Y35: 3963 | Z35: =Y35/$F35 -> 0.018441564 | AA35: 13498 | AB35: =AA35/$F35 -> 0.062812071 | AC35: =Y35+AA35 -> 17461 | AD35: =AC35/$F35 -> 0.081253635 | AE35: 26331 | AF35: =AE35/$F35 -> 0.12252961 | AG35: 0 | AH35: =AG35/$F35 -> 0 | AI35: 23117 | AJ35: =AI35/$F35 -> 0.10757347 | AK35: 3732 | AL35: =AK35/$F35 -> 0.017366621
D36: 46141 | E36: 三 | F36: =SUM(M36,S36,U36,W36,AC36,AE36,AG36,AI36,AK36) -> 189446 | I36: 54628 | J36: =I36/$F36 -> 0.28835658 | K36: 56301 | L36: =K36/$F36 -> 0.29718759 | M36: =I36+K36 -> 110929 | N36: =M36/$F36 -> 0.58554417 | O36: 10410 | P36: =O36/$F36 -> 0.054949695 | Q36: 0 | R36: =Q36/$F36 -> 0 | S36: =O36+Q36 -> 10410 | T36: =S36/$F36 -> 0.054949695 | U36: 3448 | V36: =U36/$F36 -> 0.018200437 | W36: 5590 | X36: =W36/$F36 -> 0.029507089 | Y36: 3075 | Z36: =Y36/$F36 -> 0.016231538 | AA36: 10603 | AB36: =AA36/$F36 -> 0.055968455 | AC36: =Y36+AA36 -> 13678 | AD36: =AC36/$F36 -> 0.072199994 | AE36: 23123 | AF36: =AE36/$F36 -> 0.12205589 | AG36: 0 | AH36: =AG36/$F36 -> 0 | AI36: 19061 | AJ36: =AI36/$F36 -> 0.10061442 | AK36: 3207 | AL36: =AK36/$F36 -> 0.016928307
D37: 46142 | E37: 四 | F37: =SUM(M37,S37,U37,W37,AC37,AE37,AG37,AI37,AK37) -> 150674 | I37: 36437 | J37: =I37/$F37 -> 0.24182673 | K37: 49687 | L37: =K37/$F37 -> 0.32976492 | M37: =I37+K37 -> 86124 | N37: =M37/$F37 -> 0.57159165 | O37: 7319 | P37: =O37/$F37 -> 0.048575069 | Q37: 0 | R37: =Q37/$F37 -> 0 | S37: =O37+Q37 -> 7319 | T37: =S37/$F37 -> 0.048575069 | U37: 3009 | V37: =U37/$F37 -> 0.019970267 | W37: 4105 | X37: =W37/$F37 -> 0.027244249 | Y37: 2633 | Z37: =Y37/$F37 -> 0.017474813 | AA37: 9415 | AB37: =AA37/$F37 -> 0.062485897 | AC37: =Y37+AA37 -> 12048 | AD37: =AC37/$F37 -> 0.07996071 | AE37: 17526 | AF37: =AE37/$F37 -> 0.11631735 | AG37: 0 | AH37: =AG37/$F37 -> 0 | AI37: 17120 | AJ37: =AI37/$F37 -> 0.11362279 | AK37: 3423 | AL37: =AK37/$F37 -> 0.022717921
D38: 46143 | E38: 五 | F38: =SUM(M38,S38,U38,W38,AC38,AE38,AG38,AI38,AK38) -> 140738 | I38: 35108 | J38: =I38/$F38 -> 0.24945644 | K38: 47984 | L38: =K38/$F38 -> 0.34094559 | M38: =I38+K38 -> 83092 | N38: =M38/$F38 -> 0.59040202 | O38: 7180 | P38: =O38/$F38 -> 0.051016783 | Q38: 0 | R38: =Q38/$F38 -> 0 | S38: =O38+Q38 -> 7180 | T38: =S38/$F38 -> 0.051016783 | U38: 2658 | V38: =U38/$F38 -> 0.018886157 | W38: 2200 | X38: =W38/$F38 -> 0.015631883 | Y38: 2704 | Z38: =Y38/$F38 -> 0.019213006 | AA38: 10892 | AB38: =AA38/$F38 -> 0.077392033 | AC38: =Y38+AA38 -> 13596 | AD38: =AC38/$F38 -> 0.096605039 | AE38: 15422 | AF38: =AE38/$F38 -> 0.1095795 | AG38: 0 | AH38: =AG38/$F38 -> 0 | AI38: 13263 | AJ38: =AI38/$F38 -> 0.09423894 | AK38: 3327 | AL38: =AK38/$F38 -> 0.023639671
D39: 46144 | E39: 六 | F39: =SUM(M39,S39,U39,W39,AC39,AE39,AG39,AI39,AK39) -> 150228 | I39: 33372 | J39: =I39/$F39 -> 0.22214234 | K39: 56972 | L39: =K39/$F39 -> 0.37923689 | M39: =I39+K39 -> 90344 | N39: =M39/$F39 -> 0.60137924 | O39: 6959 | P39: =O39/$F39 -> 0.046322922 | Q39: 0 | R39: =Q39/$F39 -> 0 | S39: =O39+Q39 -> 6959 | T39: =S39/$F39 -> 0.046322922 | U39: 2800 | V39: =U39/$F39 -> 0.018638336 | W39: 1872 | X39: =W39/$F39 -> 0.012461059 | Y39: 3209 | Z39: =Y39/$F39 -> 0.021360865 | AA39: 12056 | AB39: =AA39/$F39 -> 0.080251351 | AC39: =Y39+AA39 -> 15265 | AD39: =AC39/$F39 -> 0.10161222 | AE39: 17040 | AF39: =AE39/$F39 -> 0.11342759 | AG39: 0 | AH39: =AG39/$F39 -> 0 | AI39: 12768 | AJ39: =AI39/$F39 -> 0.084990814 | AK39: 3180 | AL39: =AK39/$F39 -> 0.021167825
D40: 46145 | E40: 日 | F40: =SUM(M40,S40,U40,W40,AC40,AE40,AG40,AI40,AK40) -> 212432 | I40: 55360 | J40: =I40/$F40 -> 0.26060104 | K40: 68288 | L40: =K40/$F40 -> 0.32145816 | M40: =I40+K40 -> 123648 | N40: =M40/$F40 -> 0.5820592 | O40: 11280 | P40: =O40/$F40 -> 0.053099345 | Q40: 0 | R40: =Q40/$F40 -> 0 | S40: =O40+Q40 -> 11280 | T40: =S40/$F40 -> 0.053099345 | U40: 3993 | V40: =U40/$F40 -> 0.018796603 | W40: 2692 | X40: =W40/$F40 -> 0.01267229 | Y40: 4101 | Z40: =Y40/$F40 -> 0.019305001 | AA40: 14261 | AB40: =AA40/$F40 -> 0.06713207 | AC40: =Y40+AA40 -> 18362 | AD40: =AC40/$F40 -> 0.086437072 | AE40: 30259 | AF40: =AE40/$F40 -> 0.14244088 | AG40: 0 | AH40: =AG40/$F40 -> 0 | AI40: 19003 | AJ40: =AI40/$F40 -> 0.089454508 | AK40: 3195 | AL40: =AK40/$F40 -> 0.015040107
D41: 46146 | E41: 一 | F41: =SUM(M41,S41,U41,W41,AC41,AE41,AG41,AI41,AK41) -> 203875 | I41: 53553 | J41: =I41/$F41 -> 0.26267566 | K41: 66674 | L41: =K41/$F41 -> 0.32703372 | M41: =I41+K41 -> 120227 | N41: =M41/$F41 -> 0.58970938 | O41: 10449 | P41: =O41/$F41 -> 0.051251993 | Q41: 0 | R41: =Q41/$F41 -> 0 | S41: =O41+Q41 -> 10449 | T41: =S41/$F41 -> 0.051251993 | U41: 3801 | V41: =U41/$F41 -> 0.018643777 | W41: 2732 | X41: =W41/$F41 -> 0.013400368 | Y41: 4022 | Z41: =Y41/$F41 -> 0.019727774 | AA41: 14040 | AB41: =AA41/$F41 -> 0.068865727 | AC41: =Y41+AA41 -> 18062 | AD41: =AC41/$F41 -> 0.088593501 | AE41: 27589 | AF41: =AE41/$F41 -> 0.13532311 | AG41: 0 | AH41: =AG41/$F41 -> 0 | AI41: 17442 | AJ41: =AI41/$F41 -> 0.085552422 | AK41: 3573 | AL41: =AK41/$F41 -> 0.017525445

Sheet （５-1）品群別人時生產性(18℃-飯糰)
B1: 4月平均人時性 | C1: =AVERAGE(L7,L45,L83,L123) -> 740.76981
B2: 產線配置圖－每週更新(0331-0406) | N2: 資料繳交 | O2: 日期 | P2: 46112 | U2: 46113 | Z2: 46114 | AE2: 46115 | AJ2: 46116 | AO2: 46117 | AT2: 46118
P3: 46112 | U3: 46113 | Z3: 46114 | AE3: 46115 | AJ3: 46116 | AO3: 46117 | AT3: 46118
B4: 品群 | C4: 商品名稱 | E4: 計畫 | H4: 平均人時性 | I4: 實績 (週平均) | L4: 平均人時性 | M4: 排名 | O4: 日報 | P4: 實際 | T4: 平均人時性 | U4: 實際 | Y4: 平均人時性 | Z4: 實際 | AD4: 平均人時性 | AE4: 實際 | AI4: 平均人時性 | AJ4: 實際 | AN4: 平均人時性 | AO4: 實際 | AS4: 平均人時性 | AT4: 實際 | AX4: 平均人時性
E5: 產線配置圖 | I5: 產線配置圖 | P5: 生產實績 | U5: 生產實績 | Z5: 生產實績 | AE5: 生產實績 | AJ5: 生產實績 | AO5: 生產實績 | AT5: 生產實績
E6: 人數 | F6: 產能／時 | G6: 人時性 | I6: 人數 | J6: 產能／時 | K6: 人時性 | P6: 人數 | Q6: 產能／時 | R6: 人時性 | S6: 排名 | U6: 人數 | V6: 產能／時 | W6: 人時性 | X6: 排名 | Z6: 人數 | AA6: 產能／時 | AB6: 人時性 | AC6: 排名 | AE6: 人數 | AF6: 產能／時 | AG6: 人時性 | AH6: 排名 | AJ6: 人數 | AK6: 產能／時 | AL6: 人時性 | AM6: 排名 | AO6: 人數 | AP6: 產能／時 | AQ6: 人時性 | AR6: 排名 | AT6: 人數 | AU6: 產能／時 | AV6: 人時性 | AW6: 排名
B7: 18℃-飯糰 | C7: 1 | D7: 一配鹽蔥燒肉飯糰 | E7: 4 | F7: 3600 | G7: =F7/E7 -> 900 | H7: =AVERAGE(G7:G39) -> 832.64268 | I7: =AVERAGE(P7,U7,Z7,AE7,AJ7,AO7,AT7) -> 4 | J7: =AVERAGE(Q7,V7,AA7,AF7,AK7,AP7,AU7) -> 3173.5386 | K7: =AVERAGE(R7,W7,AB7,AG7,AL7,AQ7,AV7) -> 793.38465 | L7: =IFERROR(AVERAGE(K7:K39),"-") -> 738.89977 | M7: =RANK(K7, K$7:$K$39) -> 13 | P7: 4 | Q7: 3172.5175 | R7: =IFERROR(Q7/P7,"") -> 793.12938 | S7: =RANK(R7, R$7:R$39) -> 13 | T7: =AVERAGE(R7:R39) -> 746.59493 | U7: 4 | V7: 3172.7987 | W7: =IFERROR(V7/U7,"") -> 793.19967 | X7: =RANK(W7, W$7:W$39) -> 13 | Y7: =AVERAGE(W7:W39) -> 746.82008 | Z7: 4 | AA7: 3172.3032 | AB7: =IFERROR(AA7/Z7,"") -> 793.0758 | AC7: =RANK(AB7, AB$7:AB$39) -> 13 | AD7: =AVERAGE(AB7:AB39) -> 747.00784 | AE7: 4 | AF7: 3173.4996 | AG7: =IFERROR(AF7/AE7,"") -> 793.3749 | AH7: =RANK(AG7, AG$7:AG$39) -> 13 | AI7: =AVERAGE(AG7:AG39) -> 747.12715 | AJ7: 4 | AK7: 3174.1007 | AL7: =IFERROR(AK7/AJ7,"") -> 793.52518 | AM7: =RANK(AL7, AL$7:AL$39) -> 13 | AN7: =AVERAGE(AL7:AL39) -> 747.34171 | AO7: 4 | AP7: 3174.7253 | AQ7: =IFERROR(AP7/AO7,"") -> 793.68132 | AR7: =RANK(AQ7, AQ$7:AQ$39) -> 13 | AS7: =AVERAGE(AQ7:AQ39) -> 747.48752 | AT7: 4 | AU7: 3174.8252 | AV7: =IFERROR(AU7/AT7,"") -> 793.70629 | AW7: =RANK(AV7, AV$7:AV$39) -> 13 | AX7: =AVERAGE(AV7:AV39) -> 739.16591
C8: 2 | D8: 一配鮪魚飯糰 | E8: 3 | F8: 3600 | G8: =F8/E8 -> 1200 | I8: =AVERAGE(P8,U8,Z8,AE8,AJ8,AO8,AT8) -> 3 | J8: =AVERAGE(Q8,V8,AA8,AF8,AK8,AP8,AU8) -> 3173.7726 | K8: =AVERAGE(R8,W8,AB8,AG8,AL8,AQ8,AV8) -> 1057.9242 | M8: =RANK(K8, K$7:$K$39) -> 7 | P8: 3 | Q8: 3173.0698 | R8: =IFERROR(Q8/P8,"") -> 1057.6899 | S8: =RANK(R8, R$7:R$39) -> 7 | U8: 3 | V8: 3173.1861 | W8: =IFERROR(V8/U8,"") -> 1057.7287 | X8: =RANK(W8, W$7:W$39) -> 7 | Z8: 3 | AA8: 3173.4533 | AB8: =IFERROR(AA8/Z8,"") -> 1057.8178 | AC8: =RANK(AB8, AB$7:AB$39) -> 7 | AE8: 3 | AF8: 3173.9063 | AG8: =IFERROR(AF8/AE8,"") -> 1057.9688 | AH8: =RANK(AG8, AG$7:AG$39) -> 7 | AJ8: 3 | AK8: 3174.1611 | AL8: =IFERROR(AK8/AJ8,"") -> 1058.0537 | AM8: =RANK(AL8, AL$7:AL$39) -> 7 | AO8: 3 | AP8: 3174.3547 | AQ8: =IFERROR(AP8/AO8,"") -> 1058.1182 | AR8: =RANK(AQ8, AQ$7:AQ$39) -> 7 | AT8: 3 | AU8: 3174.2767 | AV8: =IFERROR(AU8/AT8,"") -> 1058.0922 | AW8: =RANK(AV8, AV$7:AV$39) -> 7
C9: 3 | D9: 一配雞肉飯飯糰 | E9: 5 | F9: 3600 | G9: =F9/E9 -> 720 | I9: =AVERAGE(P9,U9,Z9,AE9,AJ9,AO9,AT9) -> 5 | J9: =AVERAGE(Q9,V9,AA9,AF9,AK9,AP9,AU9) -> 3173.8657 | K9: =AVERAGE(R9,W9,AB9,AG9,AL9,AQ9,AV9) -> 634.77315 | M9: =RANK(K9, K$7:$K$39) -> 23 | P9: 5 | Q9: 3173.2457 | R9: =IFERROR(Q9/P9,"") -> 634.64915 | S9: =RANK(R9, R$7:R$39) -> 22 | U9: 5 | V9: 3173.7819 | W9: =IFERROR(V9/U9,"") -> 634.75639 | X9: =RANK(W9, W$7:W$39) -> 22 | Z9: 5 | AA9: 3173.8318 | AB9: =IFERROR(AA9/Z9,"") -> 634.76636 | AC9: =RANK(AB9, AB$7:AB$39) -> 22 | AE9: 5 | AF9: 3174.1576 | AG9: =IFERROR(AF9/AE9,"") -> 634.83151 | AH9: =RANK(AG9, AG$7:AG$39) -> 23 | AJ9: 5 | AK9: 3174.0286 | AL9: =IFERROR(AK9/AJ9,"") -> 634.80572 | AM9: =RANK(AL9, AL$7:AL$39) -> 23 | AO9: 5 | AP9: 3174.1551 | AQ9: =IFERROR(AP9/AO9,"") -> 634.83101 | AR9: =RANK(AQ9, AQ$7:AQ$39) -> 23 | AT9: 5 | AU9: 3173.8594 | AV9: =IFERROR(AU9/AT9,"") -> 634.77189 | AW9: =RANK(AV9, AV$7:AV$39) -> 22
C10: 4 | D10: 一配壹號醬炙烤牛飯糰 | E10: 5 | F10: 3300 | G10: =F10/E10 -> 660 | I10: =AVERAGE(P10,U10,Z10,AE10,AJ10,AO10,AT10) -> 5 | J10: =AVERAGE(Q10,V10,AA10,AF10,AK10,AP10,AU10) -> 2947.5099 | K10: =AVERAGE(R10,W10,AB10,AG10,AL10,AQ10,AV10) -> 589.50197 | M10: =RANK(K10, K$7:$K$39) -> 24 | P10: 5 | Q10: 2947.7273 | R10: =IFERROR(Q10/P10,"") -> 589.54545 | S10: =RANK(R10, R$7:R$39) -> 24 | U10: 5 | V10: 2946.9128 | W10: =IFERROR(V10/U10,"") -> 589.38256 | X10: =RANK(W10, W$7:W$39) -> 24 | Z10: 5 | AA10: 2948.3304 | AB10: =IFERROR(AA10/Z10,"") -> 589.66608 | AC10: =RANK(AB10, AB$7:AB$39) -> 24 | AE10: 5 | AF10: 2947.8992 | AG10: =IFERROR(AF10/AE10,"") -> 589.57983 | AH10: =RANK(AG10, AG$7:AG$39) -> 24 | AJ10: 5 | AK10: 2947.4104 | AL10: =IFERROR(AK10/AJ10,"") -> 589.48207 | AM10: =RANK(AL10, AL$7:AL$39) -> 24 | AO10: 5 | AP10: 2947.6056 | AQ10: =IFERROR(AP10/AO10,"") -> 589.52113 | AR10: =RANK(AQ10, AQ$7:AQ$39) -> 24 | AT10: 5 | AU10: 2946.6834 | AV10: =IFERROR(AU10/AT10,"") -> 589.33667 | AW10: =RANK(AV10, AV$7:AV$39) -> 23
C11: 5 | D11: 一配明太子龍蝦風味沙拉飯糰 | E11: 3 | F11: 3600 | G11: =F11/E11 -> 1200 | I11: =AVERAGE(P11,U11,Z11,AE11,AJ11,AO11,AT11) -> 3 | J11: =AVERAGE(Q11,V11,AA11,AF11,AK11,AP11,AU11) -> 3175.3093 | K11: =AVERAGE(R11,W11,AB11,AG11,AL11,AQ11,AV11) -> 1058.4364 | M11: =RANK(K11, K$7:$K$39) -> 6 | P11: 3 | Q11: 3175.2175 | R11: =IFERROR(Q11/P11,"") -> 1058.4058 | S11: =RANK(R11, R$7:R$39) -> 6 | U11: 3 | V11: 3175.3386 | W11: =IFERROR(V11/U11,"") -> 1058.4462 | X11: =RANK(W11, W$7:W$39) -> 6 | Z11: 3 | AA11: 3174.9522 | AB11: =IFERROR(AA11/Z11,"") -> 1058.3174 | AC11: =RANK(AB11, AB$7:AB$39) -> 5 | AE11: 3 | AF11: 3174.5288 | AG11: =IFERROR(AF11/AE11,"") -> 1058.1763 | AH11: =RANK(AG11, AG$7:AG$39) -> 5 | AJ11: 3 | AK11: 3175.9113 | AL11: =IFERROR(AK11/AJ11,"") -> 1058.6371 | AM11: =RANK(AL11, AL$7:AL$39) -> 4 | AO11: 3 | AP11: 3175.4892 | AQ11: =IFERROR(AP11/AO11,"") -> 1058.4964 | AR11: =RANK(AQ11, AQ$7:AQ$39) -> 6 | AT11: 3 | AU11: 3175.7278 | AV11: =IFERROR(AU11/AT11,"") -> 1058.5759 | AW11: =RANK(AV11, AV$7:AV$39) -> 6
C12: 6 | D12: 一配贅沢鮭魚肚飯糰 | E12: 3 | F12: 3000 | G12: =F12/E12 -> 1000 | I12: =AVERAGE(P12,U12,Z12,AE12,AJ12,AO12,AT12) -> 3 | J12: =AVERAGE(Q12,V12,AA12,AF12,AK12,AP12,AU12) -> 2700.2761 | K12: =AVERAGE(R12,W12,AB12,AG12,AL12,AQ12,AV12) -> 900.09203 | M12: =RANK(K12, K$7:$K$39) -> 9 | P12: 3 | Q12: 2700.1992 | R12: =IFERROR(Q12/P12,"") -> 900.06642 | S12: =RANK(R12, R$7:R$39) -> 9 | U12: 3 | V12: 2700.4127 | W12: =IFERROR(V12/U12,"") -> 900.13755 | X12: =RANK(W12, W$7:W$39) -> 9 | Z12: 3 | AA12: 2700.2895 | AB12: =IFERROR(AA12/Z12,"") -> 900.09649 | AC12: =RANK(AB12, AB$7:AB$39) -> 9 | AE12: 3 | AF12: 2700.3069 | AG12: =IFERROR(AF12/AE12,"") -> 900.10228 | AH12: =RANK(AG12, AG$7:AG$39) -> 9 | AJ12: 3 | AK12: 2700 | AL12: =IFERROR(AK12/AJ12,"") -> 900 | AM12: =RANK(AL12, AL$7:AL$39) -> 10 | AO12: 3 | AP12: 2700.3155 | AQ12: =IFERROR(AP12/AO12,"") -> 900.10515 | AR12: =RANK(AQ12, AQ$7:AQ$39) -> 10 | AT12: 3 | AU12: 2700.4089 | AV12: =IFERROR(AU12/AT12,"") -> 900.1363 | AW12: =RANK(AV12, AV$7:AV$39) -> 10
C13: 7 | D13: 一配蔬食鮪魚飯糰 | E13: 3 | F13: 3600 | G13: =F13/E13 -> 1200 | I13: =AVERAGE(P13,U13,Z13,AE13,AJ13,AO13,AT13) -> 3 | J13: =AVERAGE(Q13,V13,AA13,AF13,AK13,AP13,AU13) -> 3178.8362 | K13: =AVERAGE(R13,W13,AB13,AG13,AL13,AQ13,AV13) -> 1059.6121 | M13: =RANK(K13, K$7:$K$39) -> 2 | P13: 3 | Q13: 3178.5481 | R13: =IFERROR(Q13/P13,"") -> 1059.516 | S13: =RANK(R13, R$7:R$39) -> 1 | U13: 3 | V13: 3179.6834 | W13: =IFERROR(V13/U13,"") -> 1059.8945 | X13: =RANK(W13, W$7:W$39) -> 2 | Z13: 3 | AA13: 3179.4393 | AB13: =IFERROR(AA13/Z13,"") -> 1059.8131 | AC13: =RANK(AB13, AB$7:AB$39) -> 2 | AE13: 3 | AF13: 3178.3156 | AG13: =IFERROR(AF13/AE13,"") -> 1059.4385 | AH13: =RANK(AG13, AG$7:AG$39) -> 2 | AJ13: 3 | AK13: 3178.8526 | AL13: =IFERROR(AK13/AJ13,"") -> 1059.6175 | AM13: =RANK(AL13, AL$7:AL$39) -> 2 | AO13: 3 | AP13: 3178.5714 | AQ13: =IFERROR(AP13/AO13,"") -> 1059.5238 | AR13: =RANK(AQ13, AQ$7:AQ$39) -> 2 | AT13: 3 | AU13: 3178.4431 | AV13: =IFERROR(AU13/AT13,"") -> 1059.481 | AW13: =RANK(AV13, AV$7:AV$39) -> 3
C14: 8 | D14: 一配熟成紅鮭飯糰 | E14: 4 | F14: 3300 | G14: =F14/E14 -> 825 | I14: =AVERAGE(P14,U14,Z14,AE14,AJ14,AO14,AT14) -> 4 | J14: =AVERAGE(Q14,V14,AA14,AF14,AK14,AP14,AU14) -> 2943.6952 | K14: =AVERAGE(R14,W14,AB14,AG14,AL14,AQ14,AV14) -> 735.92379 | M14: =RANK(K14, K$7:$K$39) -> 17 | P14: 4 | Q14: 2941.2916 | R14: =IFERROR(Q14/P14,"") -> 735.3229 | S14: =RANK(R14, R$7:R$39) -> 17 | U14: 4 | V14: 2941.5507 | W14: =IFERROR(V14/U14,"") -> 735.38767 | X14: =RANK(W14, W$7:W$39) -> 17 | Z14: 4 | AA14: 2943.7359 | AB14: =IFERROR(AA14/Z14,"") -> 735.93398 | AC14: =RANK(AB14, AB$7:AB$39) -> 16 | AE14: 4 | AF14: 2943.3414 | AG14: =IFERROR(AF14/AE14,"") -> 735.83535 | AH14: =RANK(AG14, AG$7:AG$39) -> 17 | AJ14: 4 | AK14: 2944.8763 | AL14: =IFERROR(AK14/AJ14,"") -> 736.21908 | AM14: =RANK(AL14, AL$7:AL$39) -> 15 | AO14: 4 | AP14: 2945.4545 | AQ14: =IFERROR(AP14/AO14,"") -> 736.36364 | AR14: =RANK(AQ14, AQ$7:AQ$39) -> 15 | AT14: 4 | AU14: 2945.6158 | AV14: =IFERROR(AU14/AT14,"") -> 736.40394 | AW14: =RANK(AV14, AV$7:AV$39) -> 16
C15: 9 | D15: 一配北海道秋鮭親子飯糰 | E15: 4 | F15: 3300 | G15: =F15/E15 -> 825 | I15: =AVERAGE(P15,U15,Z15,AE15,AJ15,AO15,AT15) -> 4 | J15: =AVERAGE(Q15,V15,AA15,AF15,AK15,AP15,AU15) -> 2942.657 | K15: =AVERAGE(R15,W15,AB15,AG15,AL15,AQ15,AV15) -> 735.66426 | M15: =RANK(K15, K$7:$K$39) -> 18 | P15: 4 | Q15: 2941.1294 | R15: =IFERROR(Q15/P15,"") -> 735.28234 | S15: =RANK(R15, R$7:R$39) -> 18 | U15: 4 | V15: 2940.866 | W15: =IFERROR(V15/U15,"") -> 735.21649 | X15: =RANK(W15, W$7:W$39) -> 18 | Z15: 4 | AA15: 2942.6087 | AB15: =IFERROR(AA15/Z15,"") -> 735.65217 | AC15: =RANK(AB15, AB$7:AB$39) -> 18 | AE15: 4 | AF15: 2942.4354 | AG15: =IFERROR(AF15/AE15,"") -> 735.60886 | AH15: =RANK(AG15, AG$7:AG$39) -> 18 | AJ15: 4 | AK15: 2942.9483 | AL15: =IFERROR(AK15/AJ15,"") -> 735.73708 | AM15: =RANK(AL15, AL$7:AL$39) -> 17 | AO15: 4 | AP15: 2944.086 | AQ15: =IFERROR(AP15/AO15,"") -> 736.02151 | AR15: =RANK(AQ15, AQ$7:AQ$39) -> 18 | AT15: 4 | AU15: 2944.5255 | AV15: =IFERROR(AU15/AT15,"") -> 736.13139 | AW15: =RANK(AV15, AV$7:AV$39) -> 17
C16: 10 | D16: 一配經典肉鬆飯糰 | E16: 3 | F16: 3000 | G16: =F16/E16 -> 1000 | I16: =AVERAGE(P16,U16,Z16,AE16,AJ16,AO16,AT16) -> 3 | J16: =AVERAGE(Q16,V16,AA16,AF16,AK16,AP16,AU16) -> 2700.0011 | K16: =AVERAGE(R16,W16,AB16,AG16,AL16,AQ16,AV16) -> 900.00037 | M16: =RANK(K16, K$7:$K$39) -> 10 | P16: 3 | Q16: 2699.0918 | R16: =IFERROR(Q16/P16,"") -> 899.69728 | S16: =RANK(R16, R$7:R$39) -> 11 | U16: 3 | V16: 2699.43 | W16: =IFERROR(V16/U16,"") -> 899.81001 | X16: =RANK(W16, W$7:W$39) -> 11 | Z16: 3 | AA16: 2699.6037 | AB16: =IFERROR(AA16/Z16,"") -> 899.8679 | AC16: =RANK(AB16, AB$7:AB$39) -> 11 | AE16: 3 | AF16: 2699.7918 | AG16: =IFERROR(AF16/AE16,"") -> 899.9306 | AH16: =RANK(AG16, AG$7:AG$39) -> 10 | AJ16: 3 | AK16: 2700.2159 | AL16: =IFERROR(AK16/AJ16,"") -> 900.07196 | AM16: =RANK(AL16, AL$7:AL$39) -> 9 | AO16: 3 | AP16: 2701.0492 | AQ16: =IFERROR(AP16/AO16,"") -> 900.34973 | AR16: =RANK(AQ16, AQ$7:AQ$39) -> 9 | AT16: 3 | AU16: 2700.8254 | AV16: =IFERROR(AU16/AT16,"") -> 900.27515 | AW16: =RANK(AV16, AV$7:AV$39) -> 9
C17: 11 | D17: 一配兩粒飯糰(鮪魚.焦糖鮭魚) | E17: 12 | F17: 3600 | G17: =F17/E17 -> 300 | I17: =AVERAGE(P17,U17,Z17,AE17,AJ17,AO17,AT17) -> 12 | J17: =AVERAGE(Q17,V17,AA17,AF17,AK17,AP17,AU17) -> 3125.1403 | K17: =AVERAGE(R17,W17,AB17,AG17,AL17,AQ17,AV17) -> 260.42836 | M17: =RANK(K17, K$7:$K$39) -> 29 | P17: 12 | Q17: 3125.5328 | R17: =IFERROR(Q17/P17,"") -> 260.46107 | S17: =RANK(R17, R$7:R$39) -> 28 | U17: 12 | V17: 3126.1894 | W17: =IFERROR(V17/U17,"") -> 260.51578 | X17: =RANK(W17, W$7:W$39) -> 28 | Z17: 12 | AA17: 3125.1152 | AB17: =IFERROR(AA17/Z17,"") -> 260.42627 | AC17: =RANK(AB17, AB$7:AB$39) -> 28 | AE17: 12 | AF17: 3124.4037 | AG17: =IFERROR(AF17/AE17,"") -> 260.36697 | AH17: =RANK(AG17, AG$7:AG$39) -> 28 | AJ17: 12 | AK17: 3125.2747 | AL17: =IFERROR(AK17/AJ17,"") -> 260.43956 | AM17: =RANK(AL17, AL$7:AL$39) -> 28 | AO17: 12 | AP17: 3124.9071 | AQ17: =IFERROR(AP17/AO17,"") -> 260.40892 | AR17: =RANK(AQ17, AQ$7:AQ$39) -> 29 | AT17: 12 | AU17: 3124.559 | AV17: =IFERROR(AU17/AT17,"") -> 260.37992 | AW17: =RANK(AV17, AV$7:AV$39) -> 29
C18: 12 | D18: 一配鮭魚奶油醬油飯糰 | E18: 3 | F18: 3300 | G18: =F18/E18 -> 1100 | I18: =AVERAGE(P18,U18,Z18,AE18,AJ18,AO18,AT18) -> 3 | J18: =AVERAGE(Q18,V18,AA18,AF18,AK18,AP18,AU18) -> 2971.5361 | K18: =AVERAGE(R18,W18,AB18,AG18,AL18,AQ18,AV18) -> 990.51204 | M18: =RANK(K18, K$7:$K$39) -> 8 | P18: 3 | Q18: 2971.3639 | R18: =IFERROR(Q18/P18,"") -> 990.45465 | S18: =RANK(R18, R$7:R$39) -> 8 | U18: 3 | V18: 2971.6052 | W18: =IFERROR(V18/U18,"") -> 990.53508 | X18: =RANK(W18, W$7:W$39) -> 8 | Z18: 3 | AA18: 2971.0636 | AB18: =IFERROR(AA18/Z18,"") -> 990.35452 | AC18: =RANK(AB18, AB$7:AB$39) -> 8 | AE18: 3 | AF18: 2971.5439 | AG18: =IFERROR(AF18/AE18,"") -> 990.51463 | AH18: =RANK(AG18, AG$7:AG$39) -> 8 | AJ18: 3 | AK18: 2970.6383 | AL18: =IFERROR(AK18/AJ18,"") -> 990.21277 | AM18: =RANK(AL18, AL$7:AL$39) -> 8 | AO18: 3 | AP18: 2972.2689 | AQ18: =IFERROR(AP18/AO18,"") -> 990.7563 | AR18: =RANK(AQ18, AQ$7:AQ$39) -> 8 | AT18: 3 | AU18: 2972.2689 | AV18: =IFERROR(AU18/AT18,"") -> 990.7563 | AW18: =RANK(AV18, AV$7:AV$39) -> 8
C19: 13 | D19: 二配雞肉飯飯糰 | E19: 5 | F19: 3600 | G19: =F19/E19 -> 720 | I19: =AVERAGE(P19,U19,Z19,AE19,AJ19,AO19,AT19) -> 5 | J19: =AVERAGE(Q19,V19,AA19,AF19,AK19,AP19,AU19) -> 3174.357 | K19: =AVERAGE(R19,W19,AB19,AG19,AL19,AQ19,AV19) -> 634.87141 | M19: =RANK(K19, K$7:$K$39) -> 22 | P19: 5 | Q19: 3173.0408 | R19: =IFERROR(Q19/P19,"") -> 634.60816 | S19: =RANK(R19, R$7:R$39) -> 23 | U19: 5 | V19: 3173.2393 | W19: =IFERROR(V19/U19,"") -> 634.64785 | X19: =RANK(W19, W$7:W$39) -> 23 | Z19: 5 | AA19: 3173.6454 | AB19: =IFERROR(AA19/Z19,"") -> 634.72909 | AC19: =RANK(AB19, AB$7:AB$39) -> 23 | AE19: 5 | AF19: 3174.163 | AG19: =IFERROR(AF19/AE19,"") -> 634.8326 | AH19: =RANK(AG19, AG$7:AG$39) -> 22 | AJ19: 5 | AK19: 3174.6403 | AL19: =IFERROR(AK19/AJ19,"") -> 634.92806 | AM19: =RANK(AL19, AL$7:AL$39) -> 22 | AO19: 5 | AP19: 3175.6054 | AQ19: =IFERROR(AP19/AO19,"") -> 635.12109 | AR19: =RANK(AQ19, AQ$7:AQ$39) -> 22 | AT19: 5 | AU19: 3176.1649 | AV19: =IFERROR(AU19/AT19,"") -> 635.23299 | AW19: =RANK(AV19, AV$7:AV$39) -> 21
... C27: 21 | D27: 二配芝麻香鬆飯糰 | E27: 4 | F27: 3000 | G27: =F27/E27 -> 750 | I27: =AVERAGE(P27,U27,Z27,AE27,AJ27,AO27,AT27) -> 4 | J27: =AVERAGE(Q27,V27,AA27,AF27,AK27,AP27,AU27) -> 2700.9421 | K27: =AVERAGE(R27,W27,AB27,AG27,AL27,AQ27,AV27) -> 675.23552 | M27: =RANK(K27, K$7:$K$39) -> 19 | P27: 4 | Q27: 2700.7531 | R27: =IFERROR(Q27/P27,"") -> 675.18829 | S27: =RANK(R27, R$7:R$39) -> 19 | U27: 4 | V27: 2701.1765 | W27: =IFERROR(V27/U27,"") -> 675.29413 | X27: =RANK(W27, W$7:W$39) -> 19 | Z27: 4 | AA27: 2701.3507 | AB27: =IFERROR(AA27/Z27,"") -> 675.33767 | AC27: =RANK(AB27, AB$7:AB$39) -> 19 | AE27: 4 | AF27: 2700.9444 | AG27: =IFERROR(AF27/AE27,"") -> 675.2361 | AH27: =RANK(AG27, AG$7:AG$39) -> 19 | AJ27: 4 | AK27: 2701.4524 | AL27: =IFERROR(AK27/AJ27,"") -> 675.3631 | AM27: =RANK(AL27, AL$7:AL$39) -> 19 | AO27: 4 | AP27: 2700.3786 | AQ27: =IFERROR(AP27/AO27,"") -> 675.09466 | AR27: =RANK(AQ27, AQ$7:AQ$39) -> 19 | AT27: 4 | AU27: 2700.5389 | AV27: =IFERROR(AU27/AT27,"") -> 675.13473 | AW27: =RANK(AV27, AV$7:AV$39) -> 18
C28: 22 | D28: 二配油蔥G絲飯糰 | E28: 4 | F28: 3300 | G28: =F28/E28 -> 825 | I28: =AVERAGE(P28,U28,Z28,AE28,AJ28,AO28,AT28) -> 4 | J28: =AVERAGE(Q28,V28,AA28,AF28,AK28,AP28,AU28) -> 2971.1758 | K28: =AVERAGE(R28,W28,AB28,AG28,AL28,AQ28,AV28) -> 742.79394 | M28: =RANK(K28, K$7:$K$39) -> 14 | P28: 4 | Q28: 2971.2676 | R28: =IFERROR(Q28/P28,"") -> 742.8169 | S28: =RANK(R28, R$7:R$39) -> 14 | U28: 4 | V28: 2970.9563 | W28: =IFERROR(V28/U28,"") -> 742.73908 | X28: =RANK(W28, W$7:W$39) -> 14 | Z28: 4 | AA28: 2970.7736 | AB28: =IFERROR(AA28/Z28,"") -> 742.69341 | AC28: =RANK(AB28, AB$7:AB$39) -> 14 | AE28: 4 | AF28: 2970.1445 | AG28: =IFERROR(AF28/AE28,"") -> 742.53612 | AH28: =RANK(AG28, AG$7:AG$39) -> 14 | AJ28: 4 | AK28: 2969.3023 | AL28: =IFERROR(AK28/AJ28,"") -> 742.32558 | AM28: =RANK(AL28, AL$7:AL$39) -> 14 | AO28: 4 | AP28: 2974.6102 | AQ28: =IFERROR(AP28/AO28,"") -> 743.65256 | AR28: =RANK(AQ28, AQ$7:AQ$39) -> 14
C29: 23 | D29: 二配三杯醬爆菇菇飯糰 | E29: 3 | F29: 3600 | G29: =F29/E29 -> 1200 | I29: =AVERAGE(P29,U29,Z29,AE29,AJ29,AO29,AT29) -> 3 | J29: =AVERAGE(Q29,V29,AA29,AF29,AK29,AP29,AU29) -> 3180.9857 | K29: =AVERAGE(R29,W29,AB29,AG29,AL29,AQ29,AV29) -> 1060.3286 | M29: =RANK(K29, K$7:$K$39) -> 1 | P29: 3 | Q29: 3177.8457 | R29: =IFERROR(Q29/P29,"") -> 1059.2819 | S29: =RANK(R29, R$7:R$39) -> 2 | U29: 3 | V29: 3180.2915 | W29: =IFERROR(V29/U29,"") -> 1060.0972 | X29: =RANK(W29, W$7:W$39) -> 1 | Z29: 3 | AA29: 3180.4401 | AB29: =IFERROR(AA29/Z29,"") -> 1060.1467 | AC29: =RANK(AB29, AB$7:AB$39) -> 1 | AE29: 3 | AF29: 3180.7356 | AG29: =IFERROR(AF29/AE29,"") -> 1060.2452 | AH29: =RANK(AG29, AG$7:AG$39) -> 1 | AJ29: 3 | AK29: 3182.3204 | AL29: =IFERROR(AK29/AJ29,"") -> 1060.7735 | AM29: =RANK(AL29, AL$7:AL$39) -> 1 | AO29: 3 | AP29: 3182.5 | AQ29: =IFERROR(AP29/AO29,"") -> 1060.8333 | AR29: =RANK(AQ29, AQ$7:AQ$39) -> 1 | AT29: 3 | AU29: 3182.767 | AV29: =IFERROR(AU29/AT29,"") -> 1060.9223 | AW29: =RANK(AV29, AV$7:AV$39) -> 1
C30: 24 | D30: 二配大飯糰韓式蒜烤豬五花 | E30: 4 | F30: 3000 | G30: =F30/E30 -> 750 | I30: =AVERAGE(P30,U30,Z30,AE30,AJ30,AO30,AT30) -> 4 | J30: =AVERAGE(Q30,V30,AA30,AF30,AK30,AP30,AU30) -> 2682.7256 | K30: =AVERAGE(R30,W30,AB30,AG30,AL30,AQ30,AV30) -> 670.68139 | M30: =RANK(K30, K$7:$K$39) -> 20 | P30: 4 | Q30: 2682.7179 | R30: =IFERROR(Q30/P30,"") -> 670.67947 | S30: =RANK(R30, R$7:R$39) -> 21 | U30: 4 | V30: 2683.3613 | W30: =IFERROR(V30/U30,"") -> 670.84034 | X30: =RANK(W30, W$7:W$39) -> 20 | Z30: 4 | AA30: 2682.5532 | AB30: =IFERROR(AA30/Z30,"") -> 670.6383 | AC30: =RANK(AB30, AB$7:AB$39) -> 21 | AE30: 4 | AF30: 2682.1737 | AG30: =IFERROR(AF30/AE30,"") -> 670.54342 | AH30: =RANK(AG30, AG$7:AG$39) -> 21 | AJ30: 4 | AK30: 2682.8262 | AL30: =IFERROR(AK30/AJ30,"") -> 670.70655 | AM30: =RANK(AL30, AL$7:AL$39) -> 21 | AO30: 4 | AP30: 2682.7145 | AQ30: =IFERROR(AP30/AO30,"") -> 670.67862 | AR30: =RANK(AQ30, AQ$7:AQ$39) -> 20 | AT30: 4 | AU30: 2682.7322 | AV30: =IFERROR(AU30/AT30,"") -> 670.68304 | AW30: =RANK(AV30, AV$7:AV$39) -> 19
C31: 25 | D31: 二配大飯糰滷肉飯加蛋 | E31: 5 | F31: 3000 | G31: =F31/E31 -> 600 | I31: =AVERAGE(P31,U31,Z31,AE31,AJ31,AO31,AT31) -> 5 | J31: =AVERAGE(Q31,V31,AA31,AF31,AK31,AP31,AU31) -> 2682.0995 | K31: =AVERAGE(R31,W31,AB31,AG31,AL31,AQ31,AV31) -> 536.4199 | M31: =RANK(K31, K$7:$K$39) -> 26 | P31: 5 | Q31: 2682.5297 | R31: =IFERROR(Q31/P31,"") -> 536.50595 | S31: =RANK(R31, R$7:R$39) -> 26 | U31: 5 | V31: 2681.9867 | W31: =IFERROR(V31/U31,"") -> 536.39733 | X31: =RANK(W31, W$7:W$39) -> 26 | Z31: 5 | AA31: 2683.3333 | AB31: =IFERROR(AA31/Z31,"") -> 536.66667 | AC31: =RANK(AB31, AB$7:AB$39) -> 26 | AE31: 5 | AF31: 2682.1429 | AG31: =IFERROR(AF31/AE31,"") -> 536.42857 | AH31: =RANK(AG31, AG$7:AG$39) -> 26 | AJ31: 5 | AK31: 2681.4524 | AL31: =IFERROR(AK31/AJ31,"") -> 536.29048 | AM31: =RANK(AL31, AL$7:AL$39) -> 26 | AO31: 5 | AP31: 2680.8511 | AQ31: =IFERROR(AP31/AO31,"") -> 536.17021 | AR31: =RANK(AQ31, AQ$7:AQ$39) -> 26 | AT31: 5 | AU31: 2682.4005 | AV31: =IFERROR(AU31/AT31,"") -> 536.48011 | AW31: =RANK(AV31, AV$7:AV$39) -> 25
C32: 26 | D32: 二配大飯糰鮪魚昆布 | E32: 4 | F32: 3000 | G32: =F32/E32 -> 750 | I32: =AVERAGE(P32,U32,Z32,AE32,AJ32,AO32,AT32) -> 4 | J32: =AVERAGE(Q32,V32,AA32,AF32,AK32,AP32,AU32) -> 2682.7132 | K32: =AVERAGE(R32,W32,AB32,AG32,AL32,AQ32,AV32) -> 670.67829 | M32: =RANK(K32, K$7:$K$39) -> 21 | P32: 4 | Q32: 2683.0319 | R32: =IFERROR(Q32/P32,"") -> 670.75798 | S32: =RANK(R32, R$7:R$39) -> 20 | U32: 4 | V32: 2682.7098 | W32: =IFERROR(V32/U32,"") -> 670.67745 | X32: =RANK(W32, W$7:W$39) -> 21 | Z32: 4 | AA32: 2682.7723 | AB32: =IFERROR(AA32/Z32,"") -> 670.69307 | AC32: =RANK(AB32, AB$7:AB$39) -> 20 | AE32: 4 | AF32: 2683.0426 | AG32: =IFERROR(AF32/AE32,"") -> 670.76064 | AH32: =RANK(AG32, AG$7:AG$39) -> 20 | AJ32: 4 | AK32: 2682.8994 | AL32: =IFERROR(AK32/AJ32,"") -> 670.72484 | AM32: =RANK(AL32, AL$7:AL$39) -> 20 | AO32: 4 | AP32: 2682.2134 | AQ32: =IFERROR(AP32/AO32,"") -> 670.55336 | AR32: =RANK(AQ32, AQ$7:AQ$39) -> 21 | AT32: 4 | AU32: 2682.3228 | AV32: =IFERROR(AU32/AT32,"") -> 670.5807 | AW32: =RANK(AV32, AV$7:AV$39) -> 20
C33: 27 | D33: 二配鮮蝦旬彩炊飯飯糰 | E33: 12 | F33: 3600 | G33: =F33/E33 -> 300 | I33: =AVERAGE(P33,U33,Z33,AE33,AJ33,AO33,AT33) -> 12 | J33: =AVERAGE(Q33,V33,AA33,AF33,AK33,AP33,AU33) -> 3252.2427 | K33: =AVERAGE(R33,W33,AB33,AG33,AL33,AQ33,AV33) -> 271.02022 | M33: =RANK(K33, K$7:$K$39) -> 28 | P33: 12 | Q33: 3250.108 | R33: =IFERROR(Q33/P33,"") -> 270.84233 | S33: =RANK(R33, R$7:R$39) -> 27 | U33: 12 | V33: 3249.9018 | W33: =IFERROR(V33/U33,"") -> 270.82515 | X33: =RANK(W33, W$7:W$39) -> 27 | Z33: 12 | AA33: 3249.7006 | AB33: =IFERROR(AA33/Z33,"") -> 270.80838 | AC33: =RANK(AB33, AB$7:AB$39) -> 27 | AE33: 12 | AF33: 3253.1792 | AG33: =IFERROR(AF33/AE33,"") -> 271.09827 | AH33: =RANK(AG33, AG$7:AG$39) -> 27 | AJ33: 12 | AK33: 3253.8462 | AL33: =IFERROR(AK33/AJ33,"") -> 271.15385 | AM33: =RANK(AL33, AL$7:AL$39) -> 27 | AO33: 12 | AP33: 3253.1387 | AQ33: =IFERROR(AP33/AO33,"") -> 271.09489 | AR33: =RANK(AQ33, AQ$7:AQ$39) -> 27 | AT33: 12 | AU33: 3255.8242 | AV33: =IFERROR(AU33/AT33,"") -> 271.31868 | AW33: =RANK(AV33, AV$7:AV$39) -> 27
C34: 28 | D34: 二配溏心蛋五目飯糰 | E34: 13 | F34: 3600 | G34: =F34/E34 -> 276.92308 | I34: =AVERAGE(P34,U34,Z34,AE34,AJ34,AO34,AT34) -> 13 | J34: =AVERAGE(Q34,V34,AA34,AF34,AK34,AP34,AU34) -> 3172.7093 | K34: =AVERAGE(R34,W34,AB34,AG34,AL34,AQ34,AV34) -> 244.05456 | M34: =RANK(K34, K$7:$K$39) -> 31 | P34: 13 | Q34: 3019.0758 | R34: =IFERROR(Q34/P34,"") -> 232.2366 | S34: =RANK(R34, R$7:R$39) -> 30 | U34: 13 | V34: 3083.9161 | W34: =IFERROR(V34/U34,"") -> 237.22431 | X34: =RANK(W34, W$7:W$39) -> 30 | Z34: 13 | AA34: 3145.4417 | AB34: =IFERROR(AA34/Z34,"") -> 241.95705 | AC34: =RANK(AB34, AB$7:AB$39) -> 30 | AE34: 13 | AF34: 3197.4545 | AG34: =IFERROR(AF34/AE34,"") -> 245.95804 | AH34: =RANK(AG34, AG$7:AG$39) -> 30 | AJ34: 13 | AK34: 3253.9114 | AL34: =IFERROR(AK34/AJ34,"") -> 250.30088 | AM34: =RANK(AL34, AL$7:AL$39) -> 30 | AO34: 13 | AP34: 3254.6022 | AQ34: =IFERROR(AP34/AO34,"") -> 250.35401 | AR34: =RANK(AQ34, AQ$7:AQ$39) -> 30 | AT34: 13 | AU34: 3254.5637 | AV34: =IFERROR(AU34/AT34,"") -> 250.35105 | AW34: =RANK(AV34, AV$7:AV$39) -> 30
C35: 29 | D35: 二配經典肉鬆飯糰 | E35: 3 | F35: 3000 | G35: =F35/E35 -> 1000 | I35: =AVERAGE(P35,U35,Z35,AE35,AJ35,AO35,AT35) -> 3 | J35: =AVERAGE(Q35,V35,AA35,AF35,AK35,AP35,AU35) -> 2699.4704 | K35: =AVERAGE(R35,W35,AB35,AG35,AL35,AQ35,AV35) -> 899.82345 | M35: =RANK(K35, K$7:$K$39) -> 11 | P35: 3 | Q35: 2699.4726 | R35: =IFERROR(Q35/P35,"") -> 899.82418 | S35: =RANK(R35, R$7:R$39) -> 10 | U35: 3 | V35: 2699.5514 | W35: =IFERROR(V35/U35,"") -> 899.85048 | X35: =RANK(W35, W$7:W$39) -> 10 | Z35: 3 | AA35: 2699.6527 | AB35: =IFERROR(AA35/Z35,"") -> 899.88424 | AC35: =RANK(AB35, AB$7:AB$39) -> 10 | AE35: 3 | AF35: 2699.4378 | AG35: =IFERROR(AF35/AE35,"") -> 899.81259 | AH35: =RANK(AG35, AG$7:AG$39) -> 11 | AJ35: 3 | AK35: 2699.3546 | AL35: =IFERROR(AK35/AJ35,"") -> 899.78487 | AM35: =RANK(AL35, AL$7:AL$39) -> 11 | AO35: 3 | AP35: 2699.3758 | AQ35: =IFERROR(AP35/AO35,"") -> 899.79194 | AR35: =RANK(AQ35, AQ$7:AQ$39) -> 11 | AT35: 3 | AU35: 2699.4476 | AV35: =IFERROR(AU35/AT35,"") -> 899.81586 | AW35: =RANK(AV35, AV$7:AV$39) -> 11
C36: 30 | D36: 二配兩粒飯糰(鮪魚.焦糖鮭魚) | E36: 12 | F36: 3600 | G36: =F36/E36 -> 300 | I36: =AVERAGE(P36,U36,Z36,AE36,AJ36,AO36,AT36) -> 12 | J36: =AVERAGE(Q36,V36,AA36,AF36,AK36,AP36,AU36) -> 3124.515 | K36: =AVERAGE(R36,W36,AB36,AG36,AL36,AQ36,AV36) -> 260.37625 | M36: =RANK(K36, K$7:$K$39) -> 30 | P36: 12 | Q36: 3124.3001 | R36: =IFERROR(Q36/P36,"") -> 260.35834 | S36: =RANK(R36, R$7:R$39) -> 29 | U36: 12 | V36: 3124.6184 | W36: =IFERROR(V36/U36,"") -> 260.38487 | X36: =RANK(W36, W$7:W$39) -> 29 | Z36: 12 | AA36: 3124.8869 | AB36: =IFERROR(AA36/Z36,"") -> 260.40724 | AC36: =RANK(AB36, AB$7:AB$39) -> 29 | AE36: 12 | AF36: 3124.1379 | AG36: =IFERROR(AF36/AE36,"") -> 260.34483 | AH36: =RANK(AG36, AG$7:AG$39) -> 29 | AJ36: 12 | AK36: 3123.8416 | AL36: =IFERROR(AK36/AJ36,"") -> 260.32013 | AM36: =RANK(AL36, AL$7:AL$39) -> 29 | AO36: 12 | AP36: 3125.1682 | AQ36: =IFERROR(AP36/AO36,"") -> 260.43069 | AR36: =RANK(AQ36, AQ$7:AQ$39) -> 28 | AT36: 12 | AU36: 3124.6517 | AV36: =IFERROR(AU36/AT36,"") -> 260.38764 | AW36: =RANK(AV36, AV$7:AV$39) -> 28
C37: 31 | D37: 二配大飯糰乾燒風味鮮蝦 | E37: 5 | F37: 3000 | G37: =F37/E37 -> 600 | I37: =AVERAGE(P37,U37,Z37,AE37,AJ37,AO37,AT37) -> 5 | J37: =AVERAGE(Q37,V37,AA37,AF37,AK37,AP37,AU37) -> 2460.0856 | K37: =AVERAGE(R37,W37,AB37,AG37,AL37,AQ37,AV37) -> 492.01712 | M37: =RANK(K37, K$7:$K$39) -> 27 | AT37: 5 | AU37: 2460.0856 | AV37: =IFERROR(AU37/AT37,"") -> 492.01712 | AW37: =RANK(AV37, AV$7:AV$39) -> 26
C38: 32
C39: 33
B40: 產線配置圖－每週更新(0407-0413) | N40: 資料繳交 | O40: 日期 | P40: 46119 | U40: 46120 | Z40: 46121 | AE40: 46122 | AJ40: 46123 | AO40: 46124 | AT40: 46125
P41: 46119 | U41: 46120 | Z41: 46121 | AE41: 46122 | AJ41: 46123 | AO41: 46124 | AT41: 46125
B42: 品群 | C42: 商品名稱 | E42: 計畫 | H42: 平均人時性 | I42: 實績 (週平均) | L42: 平均人時性 | M42: 排名 | O42: 日報 | P42: 實際 | T42: 平均人時性 | U42: 實際 | Y42: 平均人時性 | Z42: 實際 | AD42: 平均人時性 | AE42: 實際 | AI42: 平均人時性 | AJ42: 實際 | AN42: 平均人時性 | AO42: 實際 | AS42: 平均人時性 | AT42: 實際 | AX42: 平均人時性
E43: 產線配置圖 | I43: 產線配置圖 | P43: 生產實績 | U43: 生產實績 | Z43: 生產實績 | AE43: 生產實績 | AJ43: 生產實績 | AO43: 生產實績 | AT43: 生產實績
E44: 人數 | F44: 產能／時 | G44: 人時性 | I44: 人數 | J44: 產能／時 | K44: 人時性 | P44: 人數 | Q44: 產能／時 | R44: 人時性 | S44: 排名 | U44: 人數 | V44: 產能／時 | W44: 人時性 | X44: 排名 | Z44: 人數 | AA44: 產能／時 | AB44: 人時性 | AC44: 排名 | AE44: 人數 | AF44: 產能／時 | AG44: 人時性 | AH44: 排名 | AJ44: 人數 | AK44: 產能／時 | AL44: 人時性 | AM44: 排名 | AO44: 人數 | AP44: 產能／時 | AQ44: 人時性 | AR44: 排名 | AT44: 人數 | AU44: 產能／時 | AV44: 人時性 | AW44: 排名
B45: 18℃-飯糰 | C45: 1 | D45: 一配鹽蔥燒肉飯糰 | E45: 4 | F45: 3600 | G45: =F45/E45 -> 900 | H45: =AVERAGE(G45:G77) -> 846.46635 | I45: =AVERAGE(P45,U45,Z45,AE45,AJ45,AO45,AT45) -> 4 | J45: =AVERAGE(Q45,V45,AA45,AF45,AK45,AP45,AU45) -> 3175.4816 | K45: =AVERAGE(R45,W45,AB45,AG45,AL45,AQ45,AV45) -> 793.87041 | L45: =IFERROR(AVERAGE(K45:K77),"-") -> 748.8927 | M45: =RANK(K45, K$45:$K$77) -> 15 | P45: 4 | Q45: 3175.0912 | R45: =IFERROR(Q45/P45,"") -> 793.7728 | S45: =RANK(R45, R$45:R$77) -> 13 | T45: =AVERAGE(R45:R77) -> 739.62271 | U45: 4 | V45: 3174.9467 | W45: =IFERROR(V45/U45,"") -> 793.73667 | X45: =RANK(W45, W$45:W$77) -> 13 | Y45: =AVERAGE(W45:W77) -> 740.02792 | Z45: 4 | AA45: 3174.2267 | AB45: =IFERROR(AA45/Z45,"") -> 793.55667 | AC45: =RANK(AB45, AB$45:AB$77) -> 13 | AD45: =AVERAGE(AB45:AB77) -> 740.34461 | AE45: 4 | AF45: 3174.9467 | AG45: =IFERROR(AF45/AE45,"") -> 793.73667 | AH45: =RANK(AG45, AG$45:AG$77) -> 13 | AI45: =AVERAGE(AG45:AG77) -> 740.64285 | AJ45: 4 | AK45: 3176.7467 | AL45: =IFERROR(AK45/AJ45,"") -> 794.18667 | AM45: =RANK(AL45, AL$45:AL$77) -> 12 | AN45: =AVERAGE(AL45:AL77) -> 740.73801 | AO45: 4 | AP45: 3176.0267 | AQ45: =IFERROR(AP45/AO45,"") -> 794.00667 | AR45: =RANK(AQ45, AQ$45:AQ$77) -> 13 | AS45: =AVERAGE(AQ45:AQ77) -> 740.75623 | AT45: 4 | AU45: 3176.3867 | AV45: =IFERROR(AU45/AT45,"") -> 794.09667 | AW45: =RANK(AV45, AV$45:AV$77) -> 15 | AX45: =AVERAGE(AV45:AV77) -> 749.25114
C46: 2 | D46: 一配鮪魚飯糰 | E46: 3 | F46: 3600 | G46: =F46/E46 -> 1200 | I46: =AVERAGE(P46,U46,Z46,AE46,AJ46,AO46,AT46) -> 3 | J46: =AVERAGE(Q46,V46,AA46,AF46,AK46,AP46,AU46) -> 3175.3592 | K46: =AVERAGE(R46,W46,AB46,AG46,AL46,AQ46,AV46) -> 1058.4531 | M46: =RANK(K46, K$45:$K$77) -> 7 | P46: 3 | Q46: 3174.3212 | R46: =IFERROR(Q46/P46,"") -> 1058.1071 | S46: =RANK(R46, R$45:R$77) -> 7 | U46: 3 | V46: 3174.1522 | W46: =IFERROR(V46/U46,"") -> 1058.0507 | X46: =RANK(W46, W$45:W$77) -> 7 | Z46: 3 | AA46: 3175.5922 | AB46: =IFERROR(AA46/Z46,"") -> 1058.5307 | AC46: =RANK(AB46, AB$45:AB$77) -> 7 | AE46: 3 | AF46: 3176.6722 | AG46: =IFERROR(AF46/AE46,"") -> 1058.8907 | AH46: =RANK(AG46, AG$45:AG$77) -> 7 | AJ46: 3 | AK46: 3175.2322 | AL46: =IFERROR(AK46/AJ46,"") -> 1058.4107 | AM46: =RANK(AL46, AL$45:AL$77) -> 7 | AO46: 3 | AP46: 3176.6722 | AQ46: =IFERROR(AP46/AO46,"") -> 1058.8907 | AR46: =RANK(AQ46, AQ$45:AQ$77) -> 6 | AT46: 3 | AU46: 3174.8722 | AV46: =IFERROR(AU46/AT46,"") -> 1058.2907 | AW46: =RANK(AV46, AV$45:AV$77) -> 7
C47: 3 | D47: 一配雞肉飯飯糰 | E47: 5 | F47: 3600 | G47: =F47/E47 -> 720 | I47: =AVERAGE(P47,U47,Z47,AE47,AJ47,AO47,AT47) -> 5 | J47: =AVERAGE(Q47,V47,AA47,AF47,AK47,AP47,AU47) -> 3172.0426 | K47: =AVERAGE(R47,W47,AB47,AG47,AL47,AQ47,AV47) -> 634.40853 | M47: =RANK(K47, K$45:$K$77) -> 24 | P47: 5 | Q47: 3173.909 | R47: =IFERROR(Q47/P47,"") -> 634.78181 | S47: =RANK(R47, R$45:R$77) -> 22 | U47: 5 | V47: 3174.1316 | W47: =IFERROR(V47/U47,"") -> 634.82632 | X47: =RANK(W47, W$45:W$77) -> 22 | Z47: 5 | AA47: 3172.6916 | AB47: =IFERROR(AA47/Z47,"") -> 634.53832 | AC47: =RANK(AB47, AB$45:AB$77) -> 22 | AE47: 5 | AF47: 3171.6116 | AG47: =IFERROR(AF47/AE47,"") -> 634.32232 | AH47: =RANK(AG47, AG$45:AG$77) -> 22 | AJ47: 5 | AK47: 3170.1716 | AL47: =IFERROR(AK47/AJ47,"") -> 634.03432 | AM47: =RANK(AL47, AL$45:AL$77) -> 22 | AO47: 5 | AP47: 3170.1716 | AQ47: =IFERROR(AP47/AO47,"") -> 634.03432 | AR47: =RANK(AQ47, AQ$45:AQ$77) -> 22 | AT47: 5 | AU47: 3171.6116 | AV47: =IFERROR(AU47/AT47,"") -> 634.32232 | AW47: =RANK(AV47, AV$45:AV$77) -> 24
C48: 4 | D48: 一配壹號醬炙烤牛飯糰 | E48: 5 | F48: 3300 | G48: =F48/E48 -> 660 | I48: =AVERAGE(P48,U48,Z48,AE48,AJ48,AO48,AT48) -> 5 | J48: =AVERAGE(Q48,V48,AA48,AF48,AK48,AP48,AU48) -> 2947.3997 | K48: =AVERAGE(R48,W48,AB48,AG48,AL48,AQ48,AV48) -> 589.47995 | M48: =RANK(K48, K$45:$K$77) -> 25 | P48: 5 | Q48: 2945.8793 | R48: =IFERROR(Q48/P48,"") -> 589.17586 | S48: =RANK(R48, R$45:R$77) -> 23 | U48: 5 | V48: 2946.7181 | W48: =IFERROR(V48/U48,"") -> 589.34363 | X48: =RANK(W48, W$45:W$77) -> 23 | Z48: 5 | AA48: 2946.7181 | AB48: =IFERROR(AA48/Z48,"") -> 589.34363 | AC48: =RANK(AB48, AB$45:AB$77) -> 24 | AE48: 5 | AF48: 2946.3881 | AG48: =IFERROR(AF48/AE48,"") -> 589.27763 | AH48: =RANK(AG48, AG$45:AG$77) -> 23 | AJ48: 5 | AK48: 2947.7081 | AL48: =IFERROR(AK48/AJ48,"") -> 589.54163 | AM48: =RANK(AL48, AL$45:AL$77) -> 23 | AO48: 5 | AP48: 2948.3681 | AQ48: =IFERROR(AP48/AO48,"") -> 589.67363 | AR48: =RANK(AQ48, AQ$45:AQ$77) -> 23 | AT48: 5 | AU48: 2950.0181 | AV48: =IFERROR(AU48/AT48,"") -> 590.00363 | AW48: =RANK(AV48, AV$45:AV$77) -> 25
C49: 5 | D49: 一配明太子龍蝦風味沙拉飯糰 | E49: 3 | F49: 3600 | G49: =F49/E49 -> 1200 | I49: =AVERAGE(P49,U49,Z49,AE49,AJ49,AO49,AT49) -> 3 | J49: =AVERAGE(Q49,V49,AA49,AF49,AK49,AP49,AU49) -> 3176.5327 | K49: =AVERAGE(R49,W49,AB49,AG49,AL49,AQ49,AV49) -> 1058.8442 | M49: =RANK(K49, K$45:$K$77) -> 6 | P49: 3 | Q49: 3176.0893 | R49: =IFERROR(Q49/P49,"") -> 1058.6964 | S49: =RANK(R49, R$45:R$77) -> 6 | U49: 3 | V49: 3176.8466 | W49: =IFERROR(V49/U49,"") -> 1058.9489 | X49: =RANK(W49, W$45:W$77) -> 6 | Z49: 3 | AA49: 3176.1266 | AB49: =IFERROR(AA49/Z49,"") -> 1058.7089 | AC49: =RANK(AB49, AB$45:AB$77) -> 6 | AE49: 3 | AF49: 3177.2066 | AG49: =IFERROR(AF49/AE49,"") -> 1059.0689 | AH49: =RANK(AG49, AG$45:AG$77) -> 6 | AJ49: 3 | AK49: 3175.7666 | AL49: =IFERROR(AK49/AJ49,"") -> 1058.5889 | AM49: =RANK(AL49, AL$45:AL$77) -> 6 | AO49: 3 | AP49: 3176.8466 | AQ49: =IFERROR(AP49/AO49,"") -> 1058.9489 | AR49: =RANK(AQ49, AQ$45:AQ$77) -> 4 | AT49: 3 | AU49: 3176.8466 | AV49: =IFERROR(AU49/AT49,"") -> 1058.9489 | AW49: =RANK(AV49, AV$45:AV$77) -> 6
C50: 6 | D50: 一配贅沢鮭魚肚飯糰 | E50: 3 | F50: 3000 | G50: =F50/E50 -> 1000 | I50: =AVERAGE(P50,U50,Z50,AE50,AJ50,AO50,AT50) -> 3 | J50: =AVERAGE(Q50,V50,AA50,AF50,AK50,AP50,AU50) -> 2700.6705 | K50: =AVERAGE(R50,W50,AB50,AG50,AL50,AQ50,AV50) -> 900.22351 | M50: =RANK(K50, K$45:$K$77) -> 11 | P50: 3 | Q50: 2700.6138 | R50: =IFERROR(Q50/P50,"") -> 900.20459 | S50: =RANK(R50, R$45:R$77) -> 10 | U50: 3 | V50: 2701.03 | W50: =IFERROR(V50/U50,"") -> 900.34333 | X50: =RANK(W50, W$45:W$77) -> 10 | Z50: 3 | AA50: 2701.03 | AB50: =IFERROR(AA50/Z50,"") -> 900.34333 | AC50: =RANK(AB50, AB$45:AB$77) -> 10 | AE50: 3 | AF50: 2699.83 | AG50: =IFERROR(AF50/AE50,"") -> 899.94333 | AH50: =RANK(AG50, AG$45:AG$77) -> 11 | AJ50: 3 | AK50: 2700.43 | AL50: =IFERROR(AK50/AJ50,"") -> 900.14333 | AM50: =RANK(AL50, AL$45:AL$77) -> 11 | AO50: 3 | AP50: 2700.73 | AQ50: =IFERROR(AP50/AO50,"") -> 900.24333 | AR50: =RANK(AQ50, AQ$45:AQ$77) -> 11 | AT50: 3 | AU50: 2701.03 | AV50: =IFERROR(AU50/AT50,"") -> 900.34333 | AW50: =RANK(AV50, AV$45:AV$77) -> 11
C51: 7 | D51: 一配蔬食鮪魚飯糰 | E51: 3 | F51: 3600 | G51: =F51/E51 -> 1200 | I51: =AVERAGE(P51,U51,Z51,AE51,AJ51,AO51,AT51) -> 3 | J51: =AVERAGE(Q51,V51,AA51,AF51,AK51,AP51,AU51) -> 3178.6352 | K51: =AVERAGE(R51,W51,AB51,AG51,AL51,AQ51,AV51) -> 1059.5451 | M51: =RANK(K51, K$45:$K$77) -> 5 | P51: 3 | Q51: 3178.9047 | R51: =IFERROR(Q51/P51,"") -> 1059.6349 | S51: =RANK(R51, R$45:R$77) -> 4 | U51: 3 | V51: 3179.6703 | W51: =IFERROR(V51/U51,"") -> 1059.8901 | X51: =RANK(W51, W$45:W$77) -> 3 | Z51: 3 | AA51: 3179.6703 | AB51: =IFERROR(AA51/Z51,"") -> 1059.8901 | AC51: =RANK(AB51, AB$45:AB$77) -> 3 | AE51: 3 | AF51: 3178.5903 | AG51: =IFERROR(AF51/AE51,"") -> 1059.5301 | AH51: =RANK(AG51, AG$45:AG$77) -> 5 | AJ51: 3 | AK51: 3178.5903 | AL51: =IFERROR(AK51/AJ51,"") -> 1059.5301 | AM51: =RANK(AL51, AL$45:AL$77) -> 3 | AO51: 3 | AP51: 3176.7903 | AQ51: =IFERROR(AP51/AO51,"") -> 1058.9301 | AR51: =RANK(AQ51, AQ$45:AQ$77) -> 5 | AT51: 3 | AU51: 3178.2303 | AV51: =IFERROR(AU51/AT51,"") -> 1059.4101 | AW51: =RANK(AV51, AV$45:AV$77) -> 4
C52: 8 | D52: 一配熟成紅鮭飯糰 | E52: 4 | F52: 3300 | G52: =F52/E52 -> 825 | I52: =AVERAGE(P52,U52,Z52,AE52,AJ52,AO52,AT52) -> 4 | J52: =AVERAGE(Q52,V52,AA52,AF52,AK52,AP52,AU52) -> 2947.5691 | K52: =AVERAGE(R52,W52,AB52,AG52,AL52,AQ52,AV52) -> 736.89228 | M52: =RANK(K52, K$45:$K$77) -> 16 | P52: 4 | Q52: 2946.4503 | R52: =IFERROR(Q52/P52,"") -> 736.61258 | S52: =RANK(R52, R$45:R$77) -> 15 | U52: 4 | V52: 2945.9406 | W52: =IFERROR(V52/U52,"") -> 736.48515 | X52: =RANK(W52, W$45:W$77) -> 16 | Z52: 4 | AA52: 2946.2706 | AB52: =IFERROR(AA52/Z52,"") -> 736.56765 | AC52: =RANK(AB52, AB$45:AB$77) -> 16 | AE52: 4 | AF52: 2946.6006 | AG52: =IFERROR(AF52/AE52,"") -> 736.65015 | AH52: =RANK(AG52, AG$45:AG$77) -> 14 | AJ52: 4 | AK52: 2948.2506 | AL52: =IFERROR(AK52/AJ52,"") -> 737.06265 | AM52: =RANK(AL52, AL$45:AL$77) -> 14 | AO52: 4 | AP52: 2949.2406 | AQ52: =IFERROR(AP52/AO52,"") -> 737.31015 | AR52: =RANK(AQ52, AQ$45:AQ$77) -> 14 | AT52: 4 | AU52: 2950.2306 | AV52: =IFERROR(AU52/AT52,"") -> 737.55765 | AW52: =RANK(AV52, AV$45:AV$77) -> 16
C53: 9 | D53: 一配北海道秋鮭親子飯糰 | E53: 4 | F53: 3300 | G53: =F53/E53 -> 825 | I53: =AVERAGE(P53,U53,Z53,AE53,AJ53,AO53,AT53) -> 4 | J53: =AVERAGE(Q53,V53,AA53,AF53,AK53,AP53,AU53) -> 2943.9439 | K53: =AVERAGE(R53,W53,AB53,AG53,AL53,AQ53,AV53) -> 735.98598 | M53: =RANK(K53, K$45:$K$77) -> 19 | P53: 4 | Q53: 2945.0439 | R53: =IFERROR(Q53/P53,"") -> 736.26098 | S53: =RANK(R53, R$45:R$77) -> 17 | U53: 4 | V53: 2944.9156 | W53: =IFERROR(V53/U53,"") -> 736.2289 | X53: =RANK(W53, W$45:W$77) -> 17 | Z53: 4 | AA53: 2945.5756 | AB53: =IFERROR(AA53/Z53,"") -> 736.3939 | AC53: =RANK(AB53, AB$45:AB$77) -> 17 | AE53: 4 | AF53: 2943.9256 | AG53: =IFERROR(AF53/AE53,"") -> 735.9814 | AH53: =RANK(AG53, AG$45:AG$77) -> 17 | AJ53: 4 | AK53: 2942.9356 | AL53: =IFERROR(AK53/AJ53,"") -> 735.7339 | AM53: =RANK(AL53, AL$45:AL$77) -> 17 | AO53: 4 | AP53: 2943.2656 | AQ53: =IFERROR(AP53/AO53,"") -> 735.8164 | AR53: =RANK(AQ53, AQ$45:AQ$77) -> 17 | AT53: 4 | AU53: 2941.9456 | AV53: =IFERROR(AU53/AT53,"") -> 735.4864 | AW53: =RANK(AV53, AV$45:AV$77) -> 19
C54: 10 | D54: 一配經典肉鬆飯糰 | E54: 3 | F54: 3000 | G54: =F54/E54 -> 1000 | I54: =AVERAGE(P54,U54,Z54,AE54,AJ54,AO54,AT54) -> 3 | J54: =AVERAGE(Q54,V54,AA54,AF54,AK54,AP54,AU54) -> 2702.5392 | K54: =AVERAGE(R54,W54,AB54,AG54,AL54,AQ54,AV54) -> 900.84639 | M54: =RANK(K54, K$45:$K$77) -> 9 | P54: 3 | Q54: 2700.9821 | R54: =IFERROR(Q54/P54,"") -> 900.32736 | S54: =RANK(R54, R$45:R$77) -> 9 | U54: 3 | V54: 2701.2987 | W54: =IFERROR(V54/U54,"") -> 900.4329 | X54: =RANK(W54, W$45:W$77) -> 9 | Z54: 3 | AA54: 2702.4987 | AB54: =IFERROR(AA54/Z54,"") -> 900.8329 | AC54: =RANK(AB54, AB$45:AB$77) -> 9 | AE54: 3 | AF54: 2702.4987 | AG54: =IFERROR(AF54/AE54,"") -> 900.8329 | AH54: =RANK(AG54, AG$45:AG$77) -> 9 | AJ54: 3 | AK54: 2703.3987 | AL54: =IFERROR(AK54/AJ54,"") -> 901.1329 | AM54: =RANK(AL54, AL$45:AL$77) -> 9 | AO54: 3 | AP54: 2702.7987 | AQ54: =IFERROR(AP54/AO54,"") -> 900.9329 | AR54: =RANK(AQ54, AQ$45:AQ$77) -> 10 | AT54: 3 | AU54: 2704.2987 | AV54: =IFERROR(AU54/AT54,"") -> 901.4329 | AW54: =RANK(AV54, AV$45:AV$77) -> 9
C55: 11 | D55: 一配兩粒飯糰(鮪魚.焦糖鮭魚) | E55: 12 | F55: 3600 | G55: =F55/E55 -> 300 | I55: =AVERAGE(P55,U55,Z55,AE55,AJ55,AO55,AT55) -> 12 | J55: =AVERAGE(Q55,V55,AA55,AF55,AK55,AP55,AU55) -> 3125.4832 | K55: =AVERAGE(R55,W55,AB55,AG55,AL55,AQ55,AV55) -> 260.45693 | M55: =RANK(K55, K$45:$K$77) -> 31 | P55: 12 | Q55: 3124.2507 | R55: =IFERROR(Q55/P55,"") -> 260.35422 | S55: =RANK(R55, R$45:R$77) -> 28 | U55: 12 | V55: 3124.1286 | W55: =IFERROR(V55/U55,"") -> 260.34405 | X55: =RANK(W55, W$45:W$77) -> 29 | Z55: 12 | AA55: 3125.5686 | AB55: =IFERROR(AA55/Z55,"") -> 260.46405 | AC55: =RANK(AB55, AB$45:AB$77) -> 29 | AE55: 12 | AF55: 3125.2086 | AG55: =IFERROR(AF55/AE55,"") -> 260.43405 | AH55: =RANK(AG55, AG$45:AG$77) -> 29 | AJ55: 12 | AK55: 3125.5686 | AL55: =IFERROR(AK55/AJ55,"") -> 260.46405 | AM55: =RANK(AL55, AL$45:AL$77) -> 29 | AO55: 12 | AP55: 3126.2886 | AQ55: =IFERROR(AP55/AO55,"") -> 260.52405 | AR55: =RANK(AQ55, AQ$45:AQ$77) -> 28 | AT55: 12 | AU55: 3127.3686 | AV55: =IFERROR(AU55/AT55,"") -> 260.61405 | AW55: =RANK(AV55, AV$45:AV$77) -> 30
C56: 12 | D56: 一配鮭魚奶油醬油飯糰 | E56: 3 | F56: 3300 | G56: =F56/E56 -> 1100 | I56: =AVERAGE(P56,U56,Z56,AE56,AJ56,AO56,AT56) -> 3 | J56: =AVERAGE(Q56,V56,AA56,AF56,AK56,AP56,AU56) -> 2972.3815 | K56: =AVERAGE(R56,W56,AB56,AG56,AL56,AQ56,AV56) -> 990.79385 | M56: =RANK(K56, K$45:$K$77) -> 8 | P56: 3 | Q56: 2972.3121 | R56: =IFERROR(Q56/P56,"") -> 990.77069 | S56: =RANK(R56, R$45:R$77) -> 8 | U56: 3 | V56: 2972.6681 | W56: =IFERROR(V56/U56,"") -> 990.88937 | X56: =RANK(W56, W$45:W$77) -> 8 | Z56: 3 | AA56: 2971.6781 | AB56: =IFERROR(AA56/Z56,"") -> 990.55937 | AC56: =RANK(AB56, AB$45:AB$77) -> 8 | AE56: 3 | AF56: 2972.9981 | AG56: =IFERROR(AF56/AE56,"") -> 990.99937 | AH56: =RANK(AG56, AG$45:AG$77) -> 8 | AJ56: 3 | AK56: 2972.6681 | AL56: =IFERROR(AK56/AJ56,"") -> 990.88937 | AM56: =RANK(AL56, AL$45:AL$77) -> 8 | AO56: 3 | AP56: 2972.0081 | AQ56: =IFERROR(AP56/AO56,"") -> 990.66937 | AR56: =RANK(AQ56, AQ$45:AQ$77) -> 8 | AT56: 3 | AU56: 2972.3381 | AV56: =IFERROR(AU56/AT56,"") -> 990.77937 | AW56: =RANK(AV56, AV$45:AV$77) -> 8
C57: 13 | D57: 二配雞肉飯飯糰 | E57: 5 | F57: 3600 | G57: =F57/E57 -> 720 | I57: =AVERAGE(P57,U57,Z57,AE57,AJ57,AO57,AT57) -> 5 | J57: =AVERAGE(Q57,V57,AA57,AF57,AK57,AP57,AU57) -> 3175.1243 | K57: =AVERAGE(R57,W57,AB57,AG57,AL57,AQ57,AV57) -> 635.02486 | M57: =RANK(K57, K$45:$K$77) -> 23 | P57: 5 | Q57: 3176.2152 | R57: =IFERROR(Q57/P57,"") -> 635.24305 | S57: =RANK(R57, R$45:R$77) -> 21 | U57: 5 | V57: 3176.8193 | W57: =IFERROR(V57/U57,"") -> 635.36386 | X57: =RANK(W57, W$45:W$77) -> 21 | Z57: 5 | AA57: 3176.2231 | AB57: =IFERROR(AA57/Z57,"") -> 635.24462 | AC57: =RANK(AB57, AB$45:AB$77) -> 21 | AE57: 5 | AF57: 3175.8631 | AG57: =IFERROR(AF57/AE57,"") -> 635.17262 | AH57: =RANK(AG57, AG$45:AG$77) -> 21 | AJ57: 5 | AK57: 3174.4231 | AL57: =IFERROR(AK57/AJ57,"") -> 634.88462 | AM57: =RANK(AL57, AL$45:AL$77) -> 21 | AO57: 5 | AP57: 3173.7031 | AQ57: =IFERROR(AP57/AO57,"") -> 634.74062 | AR57: =RANK(AQ57, AQ$45:AQ$77) -> 21 | AT57: 5 | AU57: 3172.6231 | AV57: =IFERROR(AU57/AT57,"") -> 634.52462 | AW57: =RANK(AV57, AV$45:AV$77) -> 23
... C74: 30 | D74: 二配兩粒飯糰(鮪魚.焦糖鮭魚) | E74: 12 | F74: 3600 | G74: =F74/E74 -> 300 | I74: =AVERAGE(P74,U74,Z74,AE74,AJ74,AO74,AT74) -> 12 | J74: =AVERAGE(Q74,V74,AA74,AF74,AK74,AP74,AU74) -> 3126.0086 | K74: =AVERAGE(R74,W74,AB74,AG74,AL74,AQ74,AV74) -> 260.50071 | M74: =RANK(K74, K$45:$K$77) -> 30 | P74: 12 | Q74: 3123.913 | R74: =IFERROR(Q74/P74,"") -> 260.32609 | S74: =RANK(R74, R$45:R$77) -> 29 | U74: 12 | V74: 3124.7378 | W74: =IFERROR(V74/U74,"") -> 260.39482 | X74: =RANK(W74, W$45:W$77) -> 28 | Z74: 12 | AA74: 3126.5378 | AB74: =IFERROR(AA74/Z74,"") -> 260.54482 | AC74: =RANK(AB74, AB$45:AB$77) -> 28 | AE74: 12 | AF74: 3127.6178 | AG74: =IFERROR(AF74/AE74,"") -> 260.63482 | AH74: =RANK(AG74, AG$45:AG$77) -> 28 | AJ74: 12 | AK74: 3126.1778 | AL74: =IFERROR(AK74/AJ74,"") -> 260.51482 | AM74: =RANK(AL74, AL$45:AL$77) -> 28 | AO74: 12 | AP74: 3125.8178 | AQ74: =IFERROR(AP74/AO74,"") -> 260.48482 | AR74: =RANK(AQ74, AQ$45:AQ$77) -> 29 | AT74: 12 | AU74: 3127.2578 | AV74: =IFERROR(AU74/AT74,"") -> 260.60482 | AW74: =RANK(AV74, AV$45:AV$77) -> 31
C75: 31 | D75: 二配贅沢鮭魚肚飯糰 | E75: 3 | F75: 3000 | G75: =F75/E75 -> 1000 | I75: =AVERAGE(P75,U75,Z75,AE75,AJ75,AO75,AT75) -> 3 | J75: =AVERAGE(Q75,V75,AA75,AF75,AK75,AP75,AU75) -> 2557.0177 | K75: =AVERAGE(R75,W75,AB75,AG75,AL75,AQ75,AV75) -> 852.33925 | M75: =RANK(K75, K$45:$K$77) -> 13 | AT75: 3 | AU75: 2557.0177 | AV75: =IFERROR(AU75/AT75,"") -> 852.33925 | AW75: =RANK(AV75, AV$45:AV$77) -> 13
C76: 32 | D76: 二配鹽水G絲飯糰 | E76: 3 | F76: 3300 | G76: =F76/E76 -> 1100 | I76: =AVERAGE(P76,U76,Z76,AE76,AJ76,AO76,AT76) -> 3 | J76: =AVERAGE(Q76,V76,AA76,AF76,AK76,AP76,AU76) -> 2698.9615 | K76: =AVERAGE(R76,W76,AB76,AG76,AL76,AQ76,AV76) -> 899.65382 | M76: =RANK(K76, K$45:$K$77) -> 12 | AT76: 3 | AU76: 2698.9615 | AV76: =IFERROR(AU76/AT76,"") -> 899.65382 | AW76: =RANK(AV76, AV$45:AV$77) -> 12
C77: 33
B78: 產線配置圖－每週更新(0414-0420) | N78: 資料繳交 | O78: 日期 | P78: 46126 | U78: 46127 | Z78: 46128 | AE78: 46129 | AJ78: 46130 | AO78: 46131 | AT78: 46132
P79: 46126 | U79: 46127 | Z79: 46128 | AE79: 46129 | AJ79: 46130 | AO79: 46131 | AT79: 46132
B80: 品群 | C80: 商品名稱 | E80: 計畫 | H80: 平均人時性 | I80: 實績 (週平均) | L80: 平均人時性 | M80: 排名 | O80: 日報 | P80: 實際 | T80: 平均人時性 | U80: 實際 | Y80: 平均人時性 | Z80: 實際 | AD80: 平均人時性 | AE80: 實際 | AI80: 平均人時性 | AJ80: 實際 | AN80: 平均人時性 | AO80: 實際 | AS80: 平均人時性 | AT80: 實際 | AX80: 平均人時性
E81: 產線配置圖 | I81: 產線配置圖 | P81: 生產實績 | U81: 生產實績 | Z81: 生產實績 | AE81: 生產實績 | AJ81: 生產實績 | AO81: 生產實績 | AT81: 生產實績
E82: 人數 | F82: 產能／時 | G82: 人時性 | I82: 人數 | J82: 產能／時 | K82: 人時性 | P82: 人數 | Q82: 產能／時 | R82: 人時性 | S82: 排名 | U82: 人數 | V82: 產能／時 | W82: 人時性 | X82: 排名 | Z82: 人數 | AA82: 產能／時 | AB82: 人時性 | AC82: 排名 | AE82: 人數 | AF82: 產能／時 | AG82: 人時性 | AH82: 排名 | AJ82: 人數 | AK82: 產能／時 | AL82: 人時性 | AM82: 排名 | AO82: 人數 | AP82: 產能／時 | AQ82: 人時性 | AR82: 排名 | AT82: 人數 | AU82: 產能／時 | AV82: 人時性 | AW82: 排名
B83: 18℃-飯糰 | C83: 1 | D83: 一配鹽蔥燒肉飯糰 | E83: 4 | F83: 3600 | G83: =F83/E83 -> 900 | H83: =AVERAGE(G83:G117) -> 820.79186 | I83: =AVERAGE(P83,U83,Z83,AE83,AJ83,AO83,AT83) -> 4 | J83: =AVERAGE(Q83,V83,AA83,AF83,AK83,AP83,AU83) -> 3175.7181 | K83: =AVERAGE(R83,W83,AB83,AG83,AL83,AQ83,AV83) -> 793.92953 | L83: =IFERROR(AVERAGE(K83:K117),"-") -> 728.27543 | M83: =RANK(K83, K$83:$K$117) -> 15 | P83: 4 | Q83: 3176.3867 | R83: =IFERROR(Q83/P83,"") -> 794.09667 | S83: =RANK(R83, R$83:R$117) -> 15 | T83: =AVERAGE(R83:R117) -> 725.37499 | U83: 4 | V83: 3174.5867 | W83: =IFERROR(V83/U83,"") -> 793.64667 | X83: =RANK(W83, W$83:W$117) -> 15 | Y83: =AVERAGE(W83:W117) -> 726.54142 | Z83: 4 | AA83: 3174.5867 | AB83: =IFERROR(AA83/Z83,"") -> 793.64667 | AC83: =RANK(AB83, AB$83:AB$117) -> 15 | AD83: =AVERAGE(AB83:AB117) -> 727.82164 | AE83: 4 | AF83: 3174.9467 | AG83: =IFERROR(AF83/AE83,"") -> 793.73667 | AH83: =RANK(AG83, AG$83:AG$117) -> 15 | AI83: =AVERAGE(AG83:AG117) -> 729.23424 | AJ83: 4 | AK83: 3176.0267 | AL83: =IFERROR(AK83/AJ83,"") -> 794.00667 | AM83: =RANK(AL83, AL$83:AL$117) -> 15 | AN83: =AVERAGE(AL83:AL117) -> 729.65455 | AO83: 4 | AP83: 3177.1067 | AQ83: =IFERROR(AP83/AO83,"") -> 794.27667 | AR83: =RANK(AQ83, AQ$83:AQ$117) -> 15 | AS83: =AVERAGE(AQ83:AQ117) -> 729.66937 | AT83: 4 | AU83: 3176.3867 | AV83: =IFERROR(AU83/AT83,"") -> 794.09667 | AW83: =RANK(AV83, AV$83:AV$117) -> 15 | AX83: =AVERAGE(AV83:AV117) -> 729.63181
C84: 2 | D84: 一配鮪魚飯糰 | E84: 3 | F84: 3600 | G84: =F84/E84 -> 1200 | I84: =AVERAGE(P84,U84,Z84,AE84,AJ84,AO84,AT84) -> 3 | J84: =AVERAGE(Q84,V84,AA84,AF84,AK84,AP84,AU84) -> 3174.8722 | K84: =AVERAGE(R84,W84,AB84,AG84,AL84,AQ84,AV84) -> 1058.2907 | M84: =RANK(K84, K$83:$K$117) -> 6 | P84: 3 | Q84: 3174.8722 | R84: =IFERROR(Q84/P84,"") -> 1058.2907 | S84: =RANK(R84, R$83:R$117) -> 7 | U84: 3 | V84: 3173.7922 | W84: =IFERROR(V84/U84,"") -> 1057.9307 | X84: =RANK(W84, W$83:W$117) -> 7 | Z84: 3 | AA84: 3175.2322 | AB84: =IFERROR(AA84/Z84,"") -> 1058.4107 | AC84: =RANK(AB84, AB$83:AB$117) -> 6 | AE84: 3 | AF84: 3175.9522 | AG84: =IFERROR(AF84/AE84,"") -> 1058.6507 | AH84: =RANK(AG84, AG$83:AG$117) -> 6 | AJ84: 3 | AK84: 3175.2322 | AL84: =IFERROR(AK84/AJ84,"") -> 1058.4107 | AM84: =RANK(AL84, AL$83:AL$117) -> 6 | AO84: 3 | AP84: 3174.8722 | AQ84: =IFERROR(AP84/AO84,"") -> 1058.2907 | AR84: =RANK(AQ84, AQ$83:AQ$117) -> 6 | AT84: 3 | AU84: 3174.1522 | AV84: =IFERROR(AU84/AT84,"") -> 1058.0507 | AW84: =RANK(AV84, AV$83:AV$117) -> 7
C85: 3 | D85: 一配雞肉飯飯糰 | E85: 5 | F85: 3600 | G85: =F85/E85 -> 720 | I85: =AVERAGE(P85,U85,Z85,AE85,AJ85,AO85,AT85) -> 5 | J85: =AVERAGE(Q85,V85,AA85,AF85,AK85,AP85,AU85) -> 3169.143 | K85: =AVERAGE(R85,W85,AB85,AG85,AL85,AQ85,AV85) -> 633.8286 | M85: =RANK(K85, K$83:$K$117) -> 24 | P85: 5 | Q85: 3170.1716 | R85: =IFERROR(Q85/P85,"") -> 634.03432 | S85: =RANK(R85, R$83:R$117) -> 24 | U85: 5 | V85: 3169.4516 | W85: =IFERROR(V85/U85,"") -> 633.89032 | X85: =RANK(W85, W$83:W$117) -> 23 | Z85: 5 | AA85: 3169.8116 | AB85: =IFERROR(AA85/Z85,"") -> 633.96232 | AC85: =RANK(AB85, AB$83:AB$117) -> 24 | AE85: 5 | AF85: 3168.3716 | AG85: =IFERROR(AF85/AE85,"") -> 633.67432 | AH85: =RANK(AG85, AG$83:AG$117) -> 24 | AJ85: 5 | AK85: 3168.3716 | AL85: =IFERROR(AK85/AJ85,"") -> 633.67432 | AM85: =RANK(AL85, AL$83:AL$117) -> 26 | AO85: 5 | AP85: 3169.0916 | AQ85: =IFERROR(AP85/AO85,"") -> 633.81832 | AR85: =RANK(AQ85, AQ$83:AQ$117) -> 26 | AT85: 5 | AU85: 3168.7316 | AV85: =IFERROR(AU85/AT85,"") -> 633.74632 | AW85: =RANK(AV85, AV$83:AV$117) -> 25
C86: 4 | D86: 一配壹號醬炙烤牛飯糰 | E86: 5 | F86: 3300 | G86: =F86/E86 -> 660 | I86: =AVERAGE(P86,U86,Z86,AE86,AJ86,AO86,AT86) -> 5 | J86: =AVERAGE(Q86,V86,AA86,AF86,AK86,AP86,AU86) -> 2947.6081 | K86: =AVERAGE(R86,W86,AB86,AG86,AL86,AQ86,AV86) -> 589.52162 | M86: =RANK(K86, K$83:$K$117) -> 27 | P86: 5 | Q86: 2950.3481 | R86: =IFERROR(Q86/P86,"") -> 590.06963 | S86: =RANK(R86, R$83:R$117) -> 25 | U86: 5 | V86: 2950.6781 | W86: =IFERROR(V86/U86,"") -> 590.13563 | X86: =RANK(W86, W$83:W$117) -> 27 | Z86: 5 | AA86: 2950.6781 | AB86: =IFERROR(AA86/Z86,"") -> 590.13563 | AC86: =RANK(AB86, AB$83:AB$117) -> 27 | AE86: 5 | AF86: 2952.3281 | AG86: =IFERROR(AF86/AE86,"") -> 590.46563 | AH86: =RANK(AG86, AG$83:AG$117) -> 27 | AJ86: 5 | AK86: 2944.2847 | AL86: =IFERROR(AK86/AJ86,"") -> 588.85694 | AM86: =RANK(AL86, AL$83:AL$117) -> 27 | AO86: 5 | AP86: 2942.9647 | AQ86: =IFERROR(AP86/AO86,"") -> 588.59294 | AR86: =RANK(AQ86, AQ$83:AQ$117) -> 28 | AT86: 5 | AU86: 2941.9747 | AV86: =IFERROR(AU86/AT86,"") -> 588.39494 | AW86: =RANK(AV86, AV$83:AV$117) -> 28
C87: 5 | D87: 一配明太子龍蝦風味沙拉飯糰 | E87: 3 | F87: 3600 | G87: =F87/E87 -> 1200 | I87: =AVERAGE(P87,U87,Z87,AE87,AJ87,AO87,AT87) -> 3 | J87: =AVERAGE(Q87,V87,AA87,AF87,AK87,AP87,AU87) -> 3173.6066 | K87: =AVERAGE(R87,W87,AB87,AG87,AL87,AQ87,AV87) -> 1057.8689 | M87: =RANK(K87, K$83:$K$117) -> 7 | P87: 3 | Q87: 3175.0466 | R87: =IFERROR(Q87/P87,"") -> 1058.3489 | S87: =RANK(R87, R$83:R$117) -> 6 | U87: 3 | V87: 3174.3266 | W87: =IFERROR(V87/U87,"") -> 1058.1089 | X87: =RANK(W87, W$83:W$117) -> 6 | Z87: 3 | AA87: 3172.8866 | AB87: =IFERROR(AA87/Z87,"") -> 1057.6289 | AC87: =RANK(AB87, AB$83:AB$117) -> 7 | AE87: 3 | AF87: 3172.1666 | AG87: =IFERROR(AF87/AE87,"") -> 1057.3889 | AH87: =RANK(AG87, AG$83:AG$117) -> 7 | AJ87: 3 | AK87: 3172.8866 | AL87: =IFERROR(AK87/AJ87,"") -> 1057.6289 | AM87: =RANK(AL87, AL$83:AL$117) -> 7 | AO87: 3 | AP87: 3173.2466 | AQ87: =IFERROR(AP87/AO87,"") -> 1057.7489 | AR87: =RANK(AQ87, AQ$83:AQ$117) -> 7 | AT87: 3 | AU87: 3174.6866 | AV87: =IFERROR(AU87/AT87,"") -> 1058.2289 | AW87: =RANK(AV87, AV$83:AV$117) -> 6
C88: 6 | D88: 一配贅沢鮭魚肚飯糰 | E88: 4 | F88: 3600 | G88: =F88/E88 -> 900 | I88: =AVERAGE(P88,U88,Z88,AE88,AJ88,AO88,AT88) -> 4 | J88: =AVERAGE(Q88,V88,AA88,AF88,AK88,AP88,AU88) -> 3217.5634 | K88: =AVERAGE(R88,W88,AB88,AG88,AL88,AQ88,AV88) -> 804.39085 | M88: =RANK(K88, K$83:$K$117) -> 13 | P88: 4 | Q88: 3241.236 | R88: =IFERROR(Q88/P88,"") -> 810.309 | S88: =RANK(R88, R$83:R$117) -> 12 | U88: 4 | V88: 3240.876 | W88: =IFERROR(V88/U88,"") -> 810.219 | X88: =RANK(W88, W$83:W$117) -> 12 | Z88: 4 | AA88: 3241.236 | AB88: =IFERROR(AA88/Z88,"") -> 810.309 | AC88: =RANK(AB88, AB$83:AB$117) -> 12 | AE88: 4 | AF88: 3241.236 | AG88: =IFERROR(AF88/AE88,"") -> 810.309 | AH88: =RANK(AG88, AG$83:AG$117) -> 13 | AJ88: 4 | AK88: 3186 | AL88: =IFERROR(AK88/AJ88,"") -> 796.5 | AM88: =RANK(AL88, AL$83:AL$117) -> 13 | AO88: 4 | AP88: 3185.64 | AQ88: =IFERROR(AP88/AO88,"") -> 796.41 | AR88: =RANK(AQ88, AQ$83:AQ$117) -> 13 | AT88: 4 | AU88: 3186.72 | AV88: =IFERROR(AU88/AT88,"") -> 796.68 | AW88: =RANK(AV88, AV$83:AV$117) -> 13
C89: 7 | D89: 一配蔬食鮪魚飯糰 | E89: 3 | F89: 3600 | G89: =F89/E89 -> 1200 | I89: =AVERAGE(P89,U89,Z89,AE89,AJ89,AO89,AT89) -> 3 | J89: =AVERAGE(Q89,V89,AA89,AF89,AK89,AP89,AU89) -> 3176.5846 | K89: =AVERAGE(R89,W89,AB89,AG89,AL89,AQ89,AV89) -> 1058.8615 | M89: =RANK(K89, K$83:$K$117) -> 5 | P89: 3 | Q89: 3176.7903 | R89: =IFERROR(Q89/P89,"") -> 1058.9301 | S89: =RANK(R89, R$83:R$117) -> 5 | U89: 3 | V89: 3177.5103 | W89: =IFERROR(V89/U89,"") -> 1059.1701 | X89: =RANK(W89, W$83:W$117) -> 5 | Z89: 3 | AA89: 3176.4303 | AB89: =IFERROR(AA89/Z89,"") -> 1058.8101 | AC89: =RANK(AB89, AB$83:AB$117) -> 5 | AE89: 3 | AF89: 3176.7903 | AG89: =IFERROR(AF89/AE89,"") -> 1058.9301 | AH89: =RANK(AG89, AG$83:AG$117) -> 4 | AJ89: 3 | AK89: 3175.7103 | AL89: =IFERROR(AK89/AJ89,"") -> 1058.5701 | AM89: =RANK(AL89, AL$83:AL$117) -> 5 | AO89: 3 | AP89: 3175.7103 | AQ89: =IFERROR(AP89/AO89,"") -> 1058.5701 | AR89: =RANK(AQ89, AQ$83:AQ$117) -> 5 | AT89: 3 | AU89: 3177.1503 | AV89: =IFERROR(AU89/AT89,"") -> 1059.0501 | AW89: =RANK(AV89, AV$83:AV$117) -> 4
C90: 8 | D90: 一配熟成紅鮭飯糰 | E90: 5 | F90: 3600 | G90: =F90/E90 -> 720 | I90: =AVERAGE(P90,U90,Z90,AE90,AJ90,AO90,AT90) -> 5 | J90: =AVERAGE(Q90,V90,AA90,AF90,AK90,AP90,AU90) -> 3216.6848 | K90: =AVERAGE(R90,W90,AB90,AG90,AL90,AQ90,AV90) -> 643.33696 | M90: =RANK(K90, K$83:$K$117) -> 19 | P90: 5 | Q90: 3218.7934 | R90: =IFERROR(Q90/P90,"") -> 643.75868 | S90: =RANK(R90, R$83:R$117) -> 19 | U90: 5 | V90: 3217.3534 | W90: =IFERROR(V90/U90,"") -> 643.47068 | X90: =RANK(W90, W$83:W$117) -> 19 | Z90: 5 | AA90: 3216.6334 | AB90: =IFERROR(AA90/Z90,"") -> 643.32668 | AC90: =RANK(AB90, AB$83:AB$117) -> 19 | AE90: 5 | AF90: 3216.2734 | AG90: =IFERROR(AF90/AE90,"") -> 643.25468 | AH90: =RANK(AG90, AG$83:AG$117) -> 19 | AJ90: 5 | AK90: 3215.9134 | AL90: =IFERROR(AK90/AJ90,"") -> 643.18268 | AM90: =RANK(AL90, AL$83:AL$117) -> 19 | AO90: 5 | AP90: 3215.1934 | AQ90: =IFERROR(AP90/AO90,"") -> 643.03868 | AR90: =RANK(AQ90, AQ$83:AQ$117) -> 19 | AT90: 5 | AU90: 3216.6334 | AV90: =IFERROR(AU90/AT90,"") -> 643.32668 | AW90: =RANK(AV90, AV$83:AV$117) -> 19
C91: 9 | D91: 一配北海道秋鮭親子飯糰 | E91: 5 | F91: 3600 | G91: =F91/E91 -> 720 | I91: =AVERAGE(P91,U91,Z91,AE91,AJ91,AO91,AT91) -> 5 | J91: =AVERAGE(Q91,V91,AA91,AF91,AK91,AP91,AU91) -> 3210.0123 | K91: =AVERAGE(R91,W91,AB91,AG91,AL91,AQ91,AV91) -> 642.00247 | M91: =RANK(K91, K$83:$K$117) -> 22 | P91: 5 | Q91: 3208.3152 | R91: =IFERROR(Q91/P91,"") -> 641.66304 | S91: =RANK(R91, R$83:R$117) -> 22 | U91: 5 | V91: 3210.1152 | W91: =IFERROR(V91/U91,"") -> 642.02304 | X91: =RANK(W91, W$83:W$117) -> 22 | Z91: 5 | AA91: 3209.3952 | AB91: =IFERROR(AA91/Z91,"") -> 641.87904 | AC91: =RANK(AB91, AB$83:AB$117) -> 22 | AE91: 5 | AF91: 3209.0352 | AG91: =IFERROR(AF91/AE91,"") -> 641.80704 | AH91: =RANK(AG91, AG$83:AG$117) -> 22 | AJ91: 5 | AK91: 3210.8352 | AL91: =IFERROR(AK91/AJ91,"") -> 642.16704 | AM91: =RANK(AL91, AL$83:AL$117) -> 21 | AO91: 5 | AP91: 3211.9152 | AQ91: =IFERROR(AP91/AO91,"") -> 642.38304 | AR91: =RANK(AQ91, AQ$83:AQ$117) -> 20 | AT91: 5 | AU91: 3210.4752 | AV91: =IFERROR(AU91/AT91,"") -> 642.09504 | AW91: =RANK(AV91, AV$83:AV$117) -> 21
C92: 10 | D92: 一配經典肉鬆飯糰 | E92: 3 | F92: 3000 | G92: =F92/E92 -> 1000 | I92: =AVERAGE(P92,U92,Z92,AE92,AJ92,AO92,AT92) -> 3 | J92: =AVERAGE(Q92,V92,AA92,AF92,AK92,AP92,AU92) -> 2705.413 | K92: =AVERAGE(R92,W92,AB92,AG92,AL92,AQ92,AV92) -> 901.80433 | M92: =RANK(K92, K$83:$K$117) -> 10 | P92: 3 | Q92: 2703.3987 | R92: =IFERROR(Q92/P92,"") -> 901.1329 | S92: =RANK(R92, R$83:R$117) -> 10 | U92: 3 | V92: 2704.2987 | W92: =IFERROR(V92/U92,"") -> 901.4329 | X92: =RANK(W92, W$83:W$117) -> 10 | Z92: 3 | AA92: 2705.1987 | AB92: =IFERROR(AA92/Z92,"") -> 901.7329 | AC92: =RANK(AB92, AB$83:AB$117) -> 10 | AE92: 3 | AF92: 2705.7987 | AG92: =IFERROR(AF92/AE92,"") -> 901.9329 | AH92: =RANK(AG92, AG$83:AG$117) -> 10 | AJ92: 3 | AK92: 2706.3987 | AL92: =IFERROR(AK92/AJ92,"") -> 902.1329 | AM92: =RANK(AL92, AL$83:AL$117) -> 10 | AO92: 3 | AP92: 2706.3987 | AQ92: =IFERROR(AP92/AO92,"") -> 902.1329 | AR92: =RANK(AQ92, AQ$83:AQ$117) -> 10 | AT92: 3 | AU92: 2706.3987 | AV92: =IFERROR(AU92/AT92,"") -> 902.1329 | AW92: =RANK(AV92, AV$83:AV$117) -> 10
C93: 11 | D93: 一配兩粒飯糰(鮪魚.焦糖鮭魚) | E93: 12 | F93: 3600 | G93: =F93/E93 -> 300 | I93: =AVERAGE(P93,U93,Z93,AE93,AJ93,AO93,AT93) -> 12 | J93: =AVERAGE(Q93,V93,AA93,AF93,AK93,AP93,AU93) -> 3128.2037 | K93: =AVERAGE(R93,W93,AB93,AG93,AL93,AQ93,AV93) -> 260.68364 | M93: =RANK(K93, K$83:$K$117) -> 32 | P93: 12 | Q93: 3128.0886 | R93: =IFERROR(Q93/P93,"") -> 260.67405 | S93: =RANK(R93, R$83:R$117) -> 33 | U93: 12 | V93: 3128.0886 | W93: =IFERROR(V93/U93,"") -> 260.67405 | X93: =RANK(W93, W$83:W$117) -> 33 | Z93: 12 | AA93: 3129.5286 | AB93: =IFERROR(AA93/Z93,"") -> 260.79405 | AC93: =RANK(AB93, AB$83:AB$117) -> 32 | AE93: 12 | AF93: 3128.8086 | AG93: =IFERROR(AF93/AE93,"") -> 260.73405 | AH93: =RANK(AG93, AG$83:AG$117) -> 32 | AJ93: 12 | AK93: 3128.0886 | AL93: =IFERROR(AK93/AJ93,"") -> 260.67405 | AM93: =RANK(AL93, AL$83:AL$117) -> 32 | AO93: 12 | AP93: 3128.8086 | AQ93: =IFERROR(AP93/AO93,"") -> 260.73405 | AR93: =RANK(AQ93, AQ$83:AQ$117) -> 32 | AT93: 12 | AU93: 3126.0147 | AV93: =IFERROR(AU93/AT93,"") -> 260.50123 | AW93: =RANK(AV93, AV$83:AV$117) -> 33
C94: 12 | D94: 一配鮭魚奶油醬油飯糰 | E94: 3 | F94: 3300 | G94: =F94/E94 -> 1100 | I94: =AVERAGE(P94,U94,Z94,AE94,AJ94,AO94,AT94) -> 3 | J94: =AVERAGE(Q94,V94,AA94,AF94,AK94,AP94,AU94) -> 2974.4595 | K94: =AVERAGE(R94,W94,AB94,AG94,AL94,AQ94,AV94) -> 991.48651 | M94: =RANK(K94, K$83:$K$117) -> 8 | P94: 3 | Q94: 2971.6781 | R94: =IFERROR(Q94/P94,"") -> 990.55937 | S94: =RANK(R94, R$83:R$117) -> 8 | U94: 3 | V94: 2972.3381 | W94: =IFERROR(V94/U94,"") -> 990.77937 | X94: =RANK(W94, W$83:W$117) -> 8 | Z94: 3 | AA94: 2973.6581 | AB94: =IFERROR(AA94/Z94,"") -> 991.21937 | AC94: =RANK(AB94, AB$83:AB$117) -> 8 | AE94: 3 | AF94: 2974.9781 | AG94: =IFERROR(AF94/AE94,"") -> 991.65937 | AH94: =RANK(AG94, AG$83:AG$117) -> 8 | AJ94: 3 | AK94: 2975.9681 | AL94: =IFERROR(AK94/AJ94,"") -> 991.98937 | AM94: =RANK(AL94, AL$83:AL$117) -> 9 | AO94: 3 | AP94: 2975.6381 | AQ94: =IFERROR(AP94/AO94,"") -> 991.87937 | AR94: =RANK(AQ94, AQ$83:AQ$117) -> 9 | AT94: 3 | AU94: 2976.9581 | AV94: =IFERROR(AU94/AT94,"") -> 992.31937 | AW94: =RANK(AV94, AV$83:AV$117) -> 9
C95: 13 | D95: 一配鹽蔥生鮭飯糰 | E95: 5 | F95: 3600 | G95: =F95/E95 -> 720 | I95: =AVERAGE(P95,U95,Z95,AE95,AJ95,AO95,AT95) -> 5 | J95: =AVERAGE(Q95,V95,AA95,AF95,AK95,AP95,AU95) -> 3096.1209 | K95: =AVERAGE(R95,W95,AB95,AG95,AL95,AQ95,AV95) -> 619.22418 | M95: =RANK(K95, K$83:$K$117) -> 26 | P95: 5 | Q95: 2942.9434 | R95: =IFERROR(Q95/P95,"") -> 588.58869 | S95: =RANK(R95, R$83:R$117) -> 28 | U95: 5 | V95: 2998.3871 | W95: =IFERROR(V95/U95,"") -> 599.67742 | X95: =RANK(W95, W$83:W$117) -> 25 | Z95: 5 | AA95: 3054.0097 | AB95: =IFERROR(AA95/Z95,"") -> 610.80195 | AC95: =RANK(AB95, AB$83:AB$117) -> 26 | AE95: 5 | AF95: 3131.098 | AG95: =IFERROR(AF95/AE95,"") -> 626.2196 | AH95: =RANK(AG95, AG$83:AG$117) -> 25 | AJ95: 5 | AK95: 3182.4961 | AL95: =IFERROR(AK95/AJ95,"") -> 636.49921 | AM95: =RANK(AL95, AL$83:AL$117) -> 24 | AO95: 5 | AP95: 3181.0561 | AQ95: =IFERROR(AP95/AO95,"") -> 636.21121 | AR95: =RANK(AQ95, AQ$83:AQ$117) -> 24 | AT95: 5 | AU95: 3182.8561 | AV95: =IFERROR(AU95/AT95,"") -> 636.57121 | AW95: =RANK(AV95, AV$83:AV$117) -> 23
... C116: 34 | D116: 二配兩粒飯糰(鮪魚.焦糖鮭魚) | E116: 12 | F116: 3600 | G116: =F116/E116 -> 300 | I116: =AVERAGE(P116,U116,Z116,AE116,AJ116,AO116,AT116) -> 12 | J116: =AVERAGE(Q116,V116,AA116,AF116,AK116,AP116,AU116) -> 3127.875 | K116: =AVERAGE(R116,W116,AB116,AG116,AL116,AQ116,AV116) -> 260.65625 | M116: =RANK(K116, K$83:$K$117) -> 33 | P116: 12 | Q116: 3128.3378 | R116: =IFERROR(Q116/P116,"") -> 260.69482 | S116: =RANK(R116, R$83:R$117) -> 32 | U116: 12 | V116: 3129.7778 | W116: =IFERROR(V116/U116,"") -> 260.81482 | X116: =RANK(W116, W$83:W$117) -> 32 | Z116: 12 | AA116: 3128.3378 | AB116: =IFERROR(AA116/Z116,"") -> 260.69482 | AC116: =RANK(AB116, AB$83:AB$117) -> 33 | AE116: 12 | AF116: 3128.6978 | AG116: =IFERROR(AF116/AE116,"") -> 260.72482 | AH116: =RANK(AG116, AG$83:AG$117) -> 33 | AJ116: 12 | AK116: 3126.8978 | AL116: =IFERROR(AK116/AJ116,"") -> 260.57482 | AM116: =RANK(AL116, AL$83:AL$117) -> 33 | AO116: 12 | AP116: 3126.8978 | AQ116: =IFERROR(AP116/AO116,"") -> 260.57482 | AR116: =RANK(AQ116, AQ$83:AQ$117) -> 33 | AT116: 12 | AU116: 3126.1778 | AV116: =IFERROR(AU116/AT116,"") -> 260.51482 | AW116: =RANK(AV116, AV$83:AV$117) -> 32
C117: 35
B118: 產線配置圖－每週更新(0421-0427) | N118: 資料繳交 | O118: 日期 | P118: 46133 | U118: 46134 | Z118: 46135 | AE118: 46136 | AJ118: 46137 | AO118: 46138 | AT118: 46139
P119: 46133 | U119: 46134 | Z119: 46135 | AE119: 46136 | AJ119: 46137 | AO119: 46138 | AT119: 46139
B120: 品群 | C120: 商品名稱 | E120: 計畫 | H120: 平均人時性 | I120: 實績 (週平均) | L120: 平均人時性 | M120: 排名 | O120: 日報 | P120: 實際 | T120: 平均人時性 | U120: 實際 | Y120: 平均人時性 | Z120: 實際 | AD120: 平均人時性 | AE120: 實際 | AI120: 平均人時性 | AJ120: 實際 | AN120: 平均人時性 | AO120: 實際 | AS120: 平均人時性 | AT120: 實際 | AX120: 平均人時性
E121: 產線配置圖 | I121: 產線配置圖 | P121: 生產實績 | U121: 生產實績 | Z121: 生產實績 | AE121: 生產實績 | AJ121: 生產實績 | AO121: 生產實績 | AT121: 生產實績
E122: 人數 | F122: 產能／時 | G122: 人時性 | I122: 人數 | J122: 產能／時 | K122: 人時性 | P122: 人數 | Q122: 產能／時 | R122: 人時性 | S122: 排名 | U122: 人數 | V122: 產能／時 | W122: 人時性 | X122: 排名 | Z122: 人數 | AA122: 產能／時 | AB122: 人時性 | AC122: 排名 | AE122: 人數 | AF122: 產能／時 | AG122: 人時性 | AH122: 排名 | AJ122: 人數 | AK122: 產能／時 | AL122: 人時性 | AM122: 排名 | AO122: 人數 | AP122: 產能／時 | AQ122: 人時性 | AR122: 排名 | AT122: 人數 | AU122: 產能／時 | AV122: 人時性 | AW122: 排名
B123: 18℃-飯糰 | C123: 1 | D123: 一配鹽蔥燒肉飯糰 | E123: 4 | F123: 3600 | G123: =F123/E123 -> 900 | H123: =AVERAGE(G123:G157) -> 841.38009 | I123: =AVERAGE(P123,U123,Z123,AE123,AJ123,AO123,AT123) -> 4 | J123: =AVERAGE(Q123,V123,AA123,AF123,AK123,AP123,AU123) -> 3176.9942 | K123: =AVERAGE(R123,W123,AB123,AG123,AL123,AQ123,AV123) -> 794.24856 | L123: =IFERROR(AVERAGE(K123:K157),"-") -> 747.01135 | M123: =RANK(K123, K$123:$K$157) -> 17 | P123: 4 | Q123: 3175.6667 | R123: =IFERROR(Q123/P123,"") -> 793.91667 | S123: =RANK(R123, R$123:R$157) -> 17 | T123: =AVERAGE(R123:R157) -> 745.43592 | U123: 4 | V123: 3174.9467 | W123: =IFERROR(V123/U123,"") -> 793.73667 | X123: =RANK(W123, W$123:W$157) -> 17 | Y123: =AVERAGE(W123:W157) -> 745.90353 | Z123: 4 | AA123: 3173.8667 | AB123: =IFERROR(AA123/Z123,"") -> 793.46667 | AC123: =RANK(AB123, AB$123:AB$157) -> 17 | AD123: =AVERAGE(AB123:AB157) -> 752.85408 | AE123: 4 | AF123: 3172.4267 | AG123: =IFERROR(AF123/AE123,"") -> 793.10667 | AH123: =RANK(AG123, AG$123:AG$157) -> 17 | AI123: =AVERAGE(AG123:AG157) -> 753.45516 | AJ123: 4 | AK123: 3181.1643 | AL123: =IFERROR(AK123/AJ123,"") -> 795.29108 | AM123: =RANK(AL123, AL$123:AL$157) -> 17 | AN123: =AVERAGE(AL123:AL157) -> 754.3335 | AO123: 4 | AP123: 3180.8043 | AQ123: =IFERROR(AP123/AO123,"") -> 795.20108 | AR123: =RANK(AQ123, AQ$123:AQ$157) -> 17 | AS123: =AVERAGE(AQ123:AQ157) -> 754.4353 | AT123: 4 | AU123: 3180.0843 | AV123: =IFERROR(AU123/AT123,"") -> 795.02108 | AW123: =RANK(AV123, AV$123:AV$157) -> 17 | AX123: =AVERAGE(AV123:AV157) -> 754.48189
C124: 2 | D124: 一配鮪魚飯糰 | E124: 3 | F124: 3600 | G124: =F124/E124 -> 1200 | I124: =AVERAGE(P124,U124,Z124,AE124,AJ124,AO124,AT124) -> 3 | J124: =AVERAGE(Q124,V124,AA124,AF124,AK124,AP124,AU124) -> 3178.0673 | K124: =AVERAGE(R124,W124,AB124,AG124,AL124,AQ124,AV124) -> 1059.3558 | M124: =RANK(K124, K$123:$K$157) -> 4 | P124: 3 | Q124: 3174.1522 | R124: =IFERROR(Q124/P124,"") -> 1058.0507 | S124: =RANK(R124, R$123:R$157) -> 6 | U124: 3 | V124: 3175.2322 | W124: =IFERROR(V124/U124,"") -> 1058.4107 | X124: =RANK(W124, W$123:W$157) -> 5 | Z124: 3 | AA124: 3174.5122 | AB124: =IFERROR(AA124/Z124,"") -> 1058.1707 | AC124: =RANK(AB124, AB$123:AB$157) -> 5 | AE124: 3 | AF124: 3175.2322 | AG124: =IFERROR(AF124/AE124,"") -> 1058.4107 | AH124: =RANK(AG124, AG$123:AG$157) -> 4 | AJ124: 3 | AK124: 3182.0518 | AL124: =IFERROR(AK124/AJ124,"") -> 1060.6839 | AM124: =RANK(AL124, AL$123:AL$157) -> 6 | AO124: 3 | AP124: 3183.3653 | AQ124: =IFERROR(AP124/AO124,"") -> 1061.1218 | AR124: =RANK(AQ124, AQ$123:AQ$157) -> 4 | AT124: 3 | AU124: 3181.9253 | AV124: =IFERROR(AU124/AT124,"") -> 1060.6418 | AW124: =RANK(AV124, AV$123:AV$157) -> 6
C125: 3 | D125: 一配雞肉飯飯糰 | E125: 5 | F125: 3600 | G125: =F125/E125 -> 720 | I125: =AVERAGE(P125,U125,Z125,AE125,AJ125,AO125,AT125) -> 5 | J125: =AVERAGE(Q125,V125,AA125,AF125,AK125,AP125,AU125) -> 3175.3079 | K125: =AVERAGE(R125,W125,AB125,AG125,AL125,AQ125,AV125) -> 635.06159 | M125: =RANK(K125, K$123:$K$157) -> 26 | P125: 5 | Q125: 3169.0916 | R125: =IFERROR(Q125/P125,"") -> 633.81832 | S125: =RANK(R125, R$123:R$157) -> 25 | U125: 5 | V125: 3168.3716 | W125: =IFERROR(V125/U125,"") -> 633.67432 | X125: =RANK(W125, W$123:W$157) -> 26 | Z125: 5 | AA125: 3168.7316 | AB125: =IFERROR(AA125/Z125,"") -> 633.74632 | AC125: =RANK(AB125, AB$123:AB$157) -> 26 | AE125: 5 | AF125: 3169.4516 | AG125: =IFERROR(AF125/AE125,"") -> 633.89032 | AH125: =RANK(AG125, AG$123:AG$157) -> 26 | AJ125: 5 | AK125: 3181.7575 | AL125: =IFERROR(AK125/AJ125,"") -> 636.3515 | AM125: =RANK(AL125, AL$123:AL$157) -> 25 | AO125: 5 | AP125: 3185.0558 | AQ125: =IFERROR(AP125/AO125,"") -> 637.01117 | AR125: =RANK(AQ125, AQ$123:AQ$157) -> 25 | AT125: 5 | AU125: 3184.6958 | AV125: =IFERROR(AU125/AT125,"") -> 636.93917 | AW125: =RANK(AV125, AV$123:AV$157) -> 24
C126: 4 | D126: 一配壹號醬炙烤牛飯糰 | E126: 5 | F126: 3300 | G126: =F126/E126 -> 660 | I126: =AVERAGE(P126,U126,Z126,AE126,AJ126,AO126,AT126) -> 5 | J126: =AVERAGE(Q126,V126,AA126,AF126,AK126,AP126,AU126) -> 2939.1461 | K126: =AVERAGE(R126,W126,AB126,AG126,AL126,AQ126,AV126) -> 587.82922 | M126: =RANK(K126, K$123:$K$157) -> 28 | P126: 5 | Q126: 2941.6447 | R126: =IFERROR(Q126/P126,"") -> 588.32894 | S126: =RANK(R126, R$123:R$157) -> 28 | U126: 5 | V126: 2940.6547 | W126: =IFERROR(V126/U126,"") -> 588.13094 | X126: =RANK(W126, W$123:W$157) -> 28 | Z126: 5 | AA126: 2939.3347 | AB126: =IFERROR(AA126/Z126,"") -> 587.86694 | AC126: =RANK(AB126, AB$123:AB$157) -> 28 | AE126: 5 | AF126: 2938.3447 | AG126: =IFERROR(AF126/AE126,"") -> 587.66894 | AH126: =RANK(AG126, AG$123:AG$157) -> 28 | AJ126: 5 | AK126: 2937.0247 | AL126: =IFERROR(AK126/AJ126,"") -> 587.40494 | AM126: =RANK(AL126, AL$123:AL$157) -> 28 | AO126: 5 | AP126: 2937.6847 | AQ126: =IFERROR(AP126/AO126,"") -> 587.53694 | AR126: =RANK(AQ126, AQ$123:AQ$157) -> 28 | AT126: 5 | AU126: 2939.3347 | AV126: =IFERROR(AU126/AT126,"") -> 587.86694 | AW126: =RANK(AV126, AV$123:AV$157) -> 27
C127: 5 | D127: 一配明太子龍蝦風味沙拉飯糰 | E127: 3 | F127: 3600 | G127: =F127/E127 -> 1200 | I127: =AVERAGE(P127,U127,Z127,AE127,AJ127,AO127,AT127) -> 3 | J127: =AVERAGE(Q127,V127,AA127,AF127,AK127,AP127,AU127) -> 3177.9916 | K127: =AVERAGE(R127,W127,AB127,AG127,AL127,AQ127,AV127) -> 1059.3305 | M127: =RANK(K127, K$123:$K$157) -> 5 | P127: 3 | Q127: 3173.2466 | R127: =IFERROR(Q127/P127,"") -> 1057.7489 | S127: =RANK(R127, R$123:R$157) -> 7 | U127: 3 | V127: 3173.2466 | W127: =IFERROR(V127/U127,"") -> 1057.7489 | X127: =RANK(W127, W$123:W$157) -> 7 | Z127: 3 | AA127: 3173.2466 | AB127: =IFERROR(AA127/Z127,"") -> 1057.7489 | AC127: =RANK(AB127, AB$123:AB$157) -> 7 | AE127: 3 | AF127: 3174.6866 | AG127: =IFERROR(AF127/AE127,"") -> 1058.2289 | AH127: =RANK(AG127, AG$123:AG$157) -> 6 | AJ127: 3 | AK127: 3184.4383 | AL127: =IFERROR(AK127/AJ127,"") -> 1061.4794 | AM127: =RANK(AL127, AL$123:AL$157) -> 4 | AO127: 3 | AP127: 3183.3583 | AQ127: =IFERROR(AP127/AO127,"") -> 1061.1194 | AR127: =RANK(AQ127, AQ$123:AQ$157) -> 5 | AT127: 3 | AU127: 3183.7183 | AV127: =IFERROR(AU127/AT127,"") -> 1061.2394 | AW127: =RANK(AV127, AV$123:AV$157) -> 4
C128: 6 | D128: 一配贅沢鮭魚肚飯糰 | E128: 4 | F128: 3600 | G128: =F128/E128 -> 900 | I128: =AVERAGE(P128,U128,Z128,AE128,AJ128,AO128,AT128) -> 4 | J128: =AVERAGE(Q128,V128,AA128,AF128,AK128,AP128,AU128) -> 3186.2571 | K128: =AVERAGE(R128,W128,AB128,AG128,AL128,AQ128,AV128) -> 796.56429 | M128: =RANK(K128, K$123:$K$157) -> 15 | P128: 4 | Q128: 3185.28 | R128: =IFERROR(Q128/P128,"") -> 796.32 | S128: =RANK(R128, R$123:R$157) -> 15 | U128: 4 | V128: 3184.56 | W128: =IFERROR(V128/U128,"") -> 796.14 | X128: =RANK(W128, W$123:W$157) -> 15 | Z128: 4 | AA128: 3185.64 | AB128: =IFERROR(AA128/Z128,"") -> 796.41 | AC128: =RANK(AB128, AB$123:AB$157) -> 15 | AE128: 4 | AF128: 3187.08 | AG128: =IFERROR(AF128/AE128,"") -> 796.77 | AH128: =RANK(AG128, AG$123:AG$157) -> 15 | AJ128: 4 | AK128: 3188.16 | AL128: =IFERROR(AK128/AJ128,"") -> 797.04 | AM128: =RANK(AL128, AL$123:AL$157) -> 15 | AO128: 4 | AP128: 3186.72 | AQ128: =IFERROR(AP128/AO128,"") -> 796.68 | AR128: =RANK(AQ128, AQ$123:AQ$157) -> 16 | AT128: 4 | AU128: 3186.36 | AV128: =IFERROR(AU128/AT128,"") -> 796.59 | AW128: =RANK(AV128, AV$123:AV$157) -> 16
C129: 7 | D129: 一配蔬食鮪魚飯糰 | E129: 3 | F129: 3600 | G129: =F129/E129 -> 1200 | I129: =AVERAGE(P129,U129,Z129,AE129,AJ129,AO129,AT129) -> 3 | J129: =AVERAGE(Q129,V129,AA129,AF129,AK129,AP129,AU129) -> 3177.9713 | K129: =AVERAGE(R129,W129,AB129,AG129,AL129,AQ129,AV129) -> 1059.3238 | M129: =RANK(K129, K$123:$K$157) -> 6 | P129: 3 | Q129: 3175.3503 | R129: =IFERROR(Q129/P129,"") -> 1058.4501 | S129: =RANK(R129, R$123:R$157) -> 5 | U129: 3 | V129: 3174.9903 | W129: =IFERROR(V129/U129,"") -> 1058.3301 | X129: =RANK(W129, W$123:W$157) -> 6 | Z129: 3 | AA129: 3173.5503 | AB129: =IFERROR(AA129/Z129,"") -> 1057.8501 | AC129: =RANK(AB129, AB$123:AB$157) -> 6 | AE129: 3 | AF129: 3172.4703 | AG129: =IFERROR(AF129/AE129,"") -> 1057.4901 | AH129: =RANK(AG129, AG$123:AG$157) -> 7 | AJ129: 3 | AK129: 3183.0259 | AL129: =IFERROR(AK129/AJ129,"") -> 1061.0086 | AM129: =RANK(AL129, AL$123:AL$157) -> 5 | AO129: 3 | AP129: 3183.7459 | AQ129: =IFERROR(AP129/AO129,"") -> 1061.2486 | AR129: =RANK(AQ129, AQ$123:AQ$157) -> 3 | AT129: 3 | AU129: 3182.6659 | AV129: =IFERROR(AU129/AT129,"") -> 1060.8886 | AW129: =RANK(AV129, AV$123:AV$157) -> 5
C130: 8 | D130: 一配熟成紅鮭飯糰 | E130: 5 | F130: 3600 | G130: =F130/E130 -> 720 | I130: =AVERAGE(P130,U130,Z130,AE130,AJ130,AO130,AT130) -> 5 | J130: =AVERAGE(Q130,V130,AA130,AF130,AK130,AP130,AU130) -> 3205.6571 | K130: =AVERAGE(R130,W130,AB130,AG130,AL130,AQ130,AV130) -> 641.13142 | M130: =RANK(K130, K$123:$K$157) -> 19 | P130: 5 | Q130: 3217.7134 | R130: =IFERROR(Q130/P130,"") -> 643.54268 | S130: =RANK(R130, R$123:R$157) -> 19 | U130: 5 | V130: 3216.9934 | W130: =IFERROR(V130/U130,"") -> 643.39868 | X130: =RANK(W130, W$123:W$157) -> 19 | Z130: 5 | AA130: 3217.3534 | AB130: =IFERROR(AA130/Z130,"") -> 643.47068 | AC130: =RANK(AB130, AB$123:AB$157) -> 19 | AE130: 5 | AF130: 3216.6334 | AG130: =IFERROR(AF130/AE130,"") -> 643.32668 | AH130: =RANK(AG130, AG$123:AG$157) -> 19 | AJ130: 5 | AK130: 3190.662 | AL130: =IFERROR(AK130/AJ130,"") -> 638.1324 | AM130: =RANK(AL130, AL$123:AL$157) -> 20 | AO130: 5 | AP130: 3191.022 | AQ130: =IFERROR(AP130/AO130,"") -> 638.2044 | AR130: =RANK(AQ130, AQ$123:AQ$157) -> 19 | AT130: 5 | AU130: 3189.222 | AV130: =IFERROR(AU130/AT130,"") -> 637.8444 | AW130: =RANK(AV130, AV$123:AV$157) -> 20
C131: 9 | D131: 一配北海道秋鮭親子飯糰 | E131: 5 | F131: 3600 | G131: =F131/E131 -> 720 | I131: =AVERAGE(P131,U131,Z131,AE131,AJ131,AO131,AT131) -> 5 | J131: =AVERAGE(Q131,V131,AA131,AF131,AK131,AP131,AU131) -> 3200.2909 | K131: =AVERAGE(R131,W131,AB131,AG131,AL131,AQ131,AV131) -> 640.05818 | M131: =RANK(K131, K$123:$K$157) -> 21 | P131: 5 | Q131: 3209.0352 | R131: =IFERROR(Q131/P131,"") -> 641.80704 | S131: =RANK(R131, R$123:R$157) -> 21 | U131: 5 | V131: 3207.9552 | W131: =IFERROR(V131/U131,"") -> 641.59104 | X131: =RANK(W131, W$123:W$157) -> 21 | Z131: 5 | AA131: 3208.3152 | AB131: =IFERROR(AA131/Z131,"") -> 641.66304 | AC131: =RANK(AB131, AB$123:AB$157) -> 22 | AE131: 5 | AF131: 3207.5952 | AG131: =IFERROR(AF131/AE131,"") -> 641.51904 | AH131: =RANK(AG131, AG$123:AG$157) -> 21 | AJ131: 5 | AK131: 3190.6718 | AL131: =IFERROR(AK131/AJ131,"") -> 638.13437 | AM131: =RANK(AL131, AL$123:AL$157) -> 19 | AO131: 5 | AP131: 3189.5918 | AQ131: =IFERROR(AP131/AO131,"") -> 637.91837 | AR131: =RANK(AQ131, AQ$123:AQ$157) -> 21 | AT131: 5 | AU131: 3188.8718 | AV131: =IFERROR(AU131/AT131,"") -> 637.77437 | AW131: =RANK(AV131, AV$123:AV$157) -> 21
C132: 10 | D132: 一配經典肉鬆飯糰 | E132: 3 | F132: 3000 | G132: =F132/E132 -> 1000 | I132: =AVERAGE(P132,U132,Z132,AE132,AJ132,AO132,AT132) -> 3 | J132: =AVERAGE(Q132,V132,AA132,AF132,AK132,AP132,AU132) -> 2706.0558 | K132: =AVERAGE(R132,W132,AB132,AG132,AL132,AQ132,AV132) -> 902.01861 | M132: =RANK(K132, K$123:$K$157) -> 11 | P132: 3 | Q132: 2705.1987 | R132: =IFERROR(Q132/P132,"") -> 901.7329 | S132: =RANK(R132, R$123:R$157) -> 11 | U132: 3 | V132: 2705.4987 | W132: =IFERROR(V132/U132,"") -> 901.8329 | X132: =RANK(W132, W$123:W$157) -> 11 | Z132: 3 | AA132: 2706.6987 | AB132: =IFERROR(AA132/Z132,"") -> 902.2329 | AC132: =RANK(AB132, AB$123:AB$157) -> 11 | AE132: 3 | AF132: 2706.0987 | AG132: =IFERROR(AF132/AE132,"") -> 902.0329 | AH132: =RANK(AG132, AG$123:AG$157) -> 11 | AJ132: 3 | AK132: 2706.0987 | AL132: =IFERROR(AK132/AJ132,"") -> 902.0329 | AM132: =RANK(AL132, AL$123:AL$157) -> 11 | AO132: 3 | AP132: 2706.0987 | AQ132: =IFERROR(AP132/AO132,"") -> 902.0329 | AR132: =RANK(AQ132, AQ$123:AQ$157) -> 12 | AT132: 3 | AU132: 2706.6987 | AV132: =IFERROR(AU132/AT132,"") -> 902.2329 | AW132: =RANK(AV132, AV$123:AV$157) -> 12
C133: 11 | D133: 一配兩粒飯糰(鮪魚.焦糖鮭魚) | E133: 12 | F133: 3600 | G133: =F133/E133 -> 300 | I133: =AVERAGE(P133,U133,Z133,AE133,AJ133,AO133,AT133) -> 12 | J133: =AVERAGE(Q133,V133,AA133,AF133,AK133,AP133,AU133) -> 3124.6262 | K133: =AVERAGE(R133,W133,AB133,AG133,AL133,AQ133,AV133) -> 260.38551 | M133: =RANK(K133, K$123:$K$157) -> 33 | P133: 12 | Q133: 3126.0147 | R133: =IFERROR(Q133/P133,"") -> 260.50123 | S133: =RANK(R133, R$123:R$157) -> 32 | U133: 12 | V133: 3124.5747 | W133: =IFERROR(V133/U133,"") -> 260.38123 | X133: =RANK(W133, W$123:W$157) -> 33 | Z133: 12 | AA133: 3123.4947 | AB133: =IFERROR(AA133/Z133,"") -> 260.29123 | AC133: =RANK(AB133, AB$123:AB$157) -> 32 | AE133: 12 | AF133: 3124.5747 | AG133: =IFERROR(AF133/AE133,"") -> 260.38123 | AH133: =RANK(AG133, AG$123:AG$157) -> 32 | AJ133: 12 | AK133: 3123.8547 | AL133: =IFERROR(AK133/AJ133,"") -> 260.32123 | AM133: =RANK(AL133, AL$123:AL$157) -> 32 | AO133: 12 | AP133: 3125.6547 | AQ133: =IFERROR(AP133/AO133,"") -> 260.47123 | AR133: =RANK(AQ133, AQ$123:AQ$157) -> 31 | AT133: 12 | AU133: 3124.2147 | AV133: =IFERROR(AU133/AT133,"") -> 260.35123 | AW133: =RANK(AV133, AV$123:AV$157) -> 32
C134: 12 | D134: 一配鮭魚奶油醬油飯糰 | E134: 3 | F134: 3300 | G134: =F134/E134 -> 1100 | I134: =AVERAGE(P134,U134,Z134,AE134,AJ134,AO134,AT134) -> 3 | J134: =AVERAGE(Q134,V134,AA134,AF134,AK134,AP134,AU134) -> 2978.231 | K134: =AVERAGE(R134,W134,AB134,AG134,AL134,AQ134,AV134) -> 992.74366 | M134: =RANK(K134, K$123:$K$157) -> 10 | P134: 3 | Q134: 2975.6381 | R134: =IFERROR(Q134/P134,"") -> 991.87937 | S134: =RANK(R134, R$123:R$157) -> 9 | U134: 3 | V134: 2976.2981 | W134: =IFERROR(V134/U134,"") -> 992.09937 | X134: =RANK(W134, W$123:W$157) -> 10 | Z134: 3 | AA134: 2977.9481 | AB134: =IFERROR(AA134/Z134,"") -> 992.64937 | AC134: =RANK(AB134, AB$123:AB$157) -> 10 | AE134: 3 | AF134: 2978.2781 | AG134: =IFERROR(AF134/AE134,"") -> 992.75937 | AH134: =RANK(AG134, AG$123:AG$157) -> 9 | AJ134: 3 | AK134: 2979.5981 | AL134: =IFERROR(AK134/AJ134,"") -> 993.19937 | AM134: =RANK(AL134, AL$123:AL$157) -> 9 | AO134: 3 | AP134: 2979.2681 | AQ134: =IFERROR(AP134/AO134,"") -> 993.08937 | AR134: =RANK(AQ134, AQ$123:AQ$157) -> 9 | AT134: 3 | AU134: 2980.5881 | AV134: =IFERROR(AU134/AT134,"") -> 993.52937 | AW134: =RANK(AV134, AV$123:AV$157) -> 9
C135: 13 | D135: 一配鹽蔥生鮭飯糰 | E135: 5 | F135: 3600 | G135: =F135/E135 -> 720 | I135: =AVERAGE(P135,U135,Z135,AE135,AJ135,AO135,AT135) -> 5 | J135: =AVERAGE(Q135,V135,AA135,AF135,AK135,AP135,AU135) -> 3184.6561 | K135: =AVERAGE(R135,W135,AB135,AG135,AL135,AQ135,AV135) -> 636.93121 | M135: =RANK(K135, K$123:$K$157) -> 23 | P135: 5 | Q135: 3183.5761 | R135: =IFERROR(Q135/P135,"") -> 636.71521 | S135: =RANK(R135, R$123:R$157) -> 23 | U135: 5 | V135: 3183.5761 | W135: =IFERROR(V135/U135,"") -> 636.71521 | X135: =RANK(W135, W$123:W$157) -> 23 | Z135: 5 | AA135: 3185.0161 | AB135: =IFERROR(AA135/Z135,"") -> 637.00321 | AC135: =RANK(AB135, AB$123:AB$157) -> 23 | AE135: 5 | AF135: 3183.9361 | AG135: =IFERROR(AF135/AE135,"") -> 636.78721 | AH135: =RANK(AG135, AG$123:AG$157) -> 23 | AJ135: 5 | AK135: 3184.2961 | AL135: =IFERROR(AK135/AJ135,"") -> 636.85921 | AM135: =RANK(AL135, AL$123:AL$157) -> 24 | AO135: 5 | AP135: 3185.3761 | AQ135: =IFERROR(AP135/AO135,"") -> 637.07521 | AR135: =RANK(AQ135, AQ$123:AQ$157) -> 24 | AT135: 5 | AU135: 3186.8161 | AV135: =IFERROR(AU135/AT135,"") -> 637.36321 | AW135: =RANK(AV135, AV$123:AV$157) -> 23
... C149: 27 | D149: 二配大飯糰韓式蒜烤豬五花 | E149: 4 | F149: 3000 | G149: =F149/E149 -> 750 | I149: =AVERAGE(P149,U149,Z149,AE149,AJ149,AO149,AT149) -> 4 | J149: =AVERAGE(Q149,V149,AA149,AF149,AK149,AP149,AU149) -> 2686.182 | K149: =AVERAGE(R149,W149,AB149,AG149,AL149,AQ149,AV149) -> 671.54549 | M149: =RANK(K149, K$123:$K$157) -> 18 | P149: 4 | Q149: 2686.8248 | R149: =IFERROR(Q149/P149,"") -> 671.7062 | S149: =RANK(R149, R$123:R$157) -> 18 | U149: 4 | V149: 2686.5248 | W149: =IFERROR(V149/U149,"") -> 671.6312 | X149: =RANK(W149, W$123:W$157) -> 18 | Z149: 4 | AA149: 2685.9248 | AB149: =IFERROR(AA149/Z149,"") -> 671.4812 | AC149: =RANK(AB149, AB$123:AB$157) -> 18 | AE149: 4 | AF149: 2686.2248 | AG149: =IFERROR(AF149/AE149,"") -> 671.5562 | AH149: =RANK(AG149, AG$123:AG$157) -> 18 | AJ149: 4 | AK149: 2685.3248 | AL149: =IFERROR(AK149/AJ149,"") -> 671.3312 | AM149: =RANK(AL149, AL$123:AL$157) -> 18 | AO149: 4 | AP149: 2686.2248 | AQ149: =IFERROR(AP149/AO149,"") -> 671.5562 | AR149: =RANK(AQ149, AQ$123:AQ$157) -> 18 | AT149: 4 | AU149: 2686.2248 | AV149: =IFERROR(AU149/AT149,"") -> 671.5562 | AW149: =RANK(AV149, AV$123:AV$157) -> 18
C150: 28 | D150: 二配大飯糰滷肉飯加蛋 | E150: 5 | F150: 3000 | G150: =F150/E150 -> 600 | I150: =AVERAGE(P150,U150,Z150,AE150,AJ150,AO150,AT150) -> 5 | J150: =AVERAGE(Q150,V150,AA150,AF150,AK150,AP150,AU150) -> 2687.6818 | K150: =AVERAGE(R150,W150,AB150,AG150,AL150,AQ150,AV150) -> 537.53635 | M150: =RANK(K150, K$123:$K$157) -> 29 | P150: 5 | Q150: 2688.2818 | R150: =IFERROR(Q150/P150,"") -> 537.65635 | S150: =RANK(R150, R$123:R$157) -> 29 | U150: 5 | V150: 2687.0818 | W150: =IFERROR(V150/U150,"") -> 537.41635 | X150: =RANK(W150, W$123:W$157) -> 29
C151: 29 | D151: 二配大飯糰乾燒風味鮮蝦 | E151: 5 | F151: 3000 | G151: =F151/E151 -> 600 | I151: =AVERAGE(P151,U151,Z151,AE151,AJ151,AO151,AT151) -> 5 | J151: =AVERAGE(Q151,V151,AA151,AF151,AK151,AP151,AU151) -> 2685 | K151: =AVERAGE(R151,W151,AB151,AG151,AL151,AQ151,AV151) -> 537 | M151: =RANK(K151, K$123:$K$157) -> 30 | P151: 5 | Q151: 2686.5 | R151: =IFERROR(Q151/P151,"") -> 537.3 | S151: =RANK(R151, R$123:R$157) -> 30 | U151: 5 | V151: 2685.3 | W151: =IFERROR(V151/U151,"") -> 537.06 | X151: =RANK(W151, W$123:W$157) -> 30 | Z151: 5 | AA151: 2684.1 | AB151: =IFERROR(AA151/Z151,"") -> 536.82 | AC151: =RANK(AB151, AB$123:AB$157) -> 29 | AE151: 5 | AF151: 2684.7 | AG151: =IFERROR(AF151/AE151,"") -> 536.94 | AH151: =RANK(AG151, AG$123:AG$157) -> 29 | AJ151: 5 | AK151: 2684.1 | AL151: =IFERROR(AK151/AJ151,"") -> 536.82 | AM151: =RANK(AL151, AL$123:AL$157) -> 29 | AO151: 5 | AP151: 2684.7 | AQ151: =IFERROR(AP151/AO151,"") -> 536.94 | AR151: =RANK(AQ151, AQ$123:AQ$157) -> 29 | AT151: 5 | AU151: 2685.6 | AV151: =IFERROR(AU151/AT151,"") -> 537.12 | AW151: =RANK(AV151, AV$123:AV$157) -> 29
C152: 30 | D152: 二配鹽水G絲飯糰 | E152: 3 | F152: 3300 | G152: =F152/E152 -> 1100 | I152: =AVERAGE(P152,U152,Z152,AE152,AJ152,AO152,AT152) -> 3 | J152: =AVERAGE(Q152,V152,AA152,AF152,AK152,AP152,AU152) -> 2978.3725 | K152: =AVERAGE(R152,W152,AB152,AG152,AL152,AQ152,AV152) -> 992.79085 | M152: =RANK(K152, K$123:$K$157) -> 9 | P152: 3 | Q152: 2979.1268 | R152: =IFERROR(Q152/P152,"") -> 993.04227 | S152: =RANK(R152, R$123:R$157) -> 8 | U152: 3 | V152: 2979.7868 | W152: =IFERROR(V152/U152,"") -> 993.26227 | X152: =RANK(W152, W$123:W$157) -> 9 | Z152: 3 | AA152: 2978.4668 | AB152: =IFERROR(AA152/Z152,"") -> 992.82227 | AC152: =RANK(AB152, AB$123:AB$157) -> 9 | AE152: 3 | AF152: 2977.1468 | AG152: =IFERROR(AF152/AE152,"") -> 992.38227 | AH152: =RANK(AG152, AG$123:AG$157) -> 10 | AJ152: 3 | AK152: 2977.1468 | AL152: =IFERROR(AK152/AJ152,"") -> 992.38227 | AM152: =RANK(AL152, AL$123:AL$157) -> 10 | AO152: 3 | AP152: 2977.8068 | AQ152: =IFERROR(AP152/AO152,"") -> 992.60227 | AR152: =RANK(AQ152, AQ$123:AQ$157) -> 10 | AT152: 3 | AU152: 2979.1268 | AV152: =IFERROR(AU152/AT152,"") -> 993.04227 | AW152: =RANK(AV152, AV$123:AV$157) -> 10
C153: 31 | D153: 二配鮮蝦旬彩炊飯飯糰 | E153: 12 | F153: 3600 | G153: =F153/E153 -> 300 | I153: =AVERAGE(P153,U153,Z153,AE153,AJ153,AO153,AT153) -> 12 | J153: =AVERAGE(Q153,V153,AA153,AF153,AK153,AP153,AU153) -> 3258.0067 | K153: =AVERAGE(R153,W153,AB153,AG153,AL153,AQ153,AV153) -> 271.50056 | M153: =RANK(K153, K$123:$K$157) -> 31 | P153: 12 | Q153: 3253.8901 | R153: =IFERROR(Q153/P153,"") -> 271.15751 | S153: =RANK(R153, R$123:R$157) -> 31 | U153: 12 | V153: 3252.8101 | W153: =IFERROR(V153/U153,"") -> 271.06751 | X153: =RANK(W153, W$123:W$157) -> 31 | Z153: 12 | AA153: 3259.5814 | AB153: =IFERROR(AA153/Z153,"") -> 271.63178 | AC153: =RANK(AB153, AB$123:AB$157) -> 30 | AE153: 12 | AF153: 3258.5014 | AG153: =IFERROR(AF153/AE153,"") -> 271.54178 | AH153: =RANK(AG153, AG$123:AG$157) -> 30 | AJ153: 12 | AK153: 3259.9414 | AL153: =IFERROR(AK153/AJ153,"") -> 271.66178 | AM153: =RANK(AL153, AL$123:AL$157) -> 30 | AO153: 12 | AP153: 3260.6614 | AQ153: =IFERROR(AP153/AO153,"") -> 271.72178 | AR153: =RANK(AQ153, AQ$123:AQ$157) -> 30 | AT153: 12 | AU153: 3260.6614 | AV153: =IFERROR(AU153/AT153,"") -> 271.72178 | AW153: =RANK(AV153, AV$123:AV$157) -> 30
C154: 32 | D154: 二配溏心蛋五目飯糰 | E154: 13 | F154: 3600 | G154: =F154/E154 -> 276.92308 | I154: =AVERAGE(P154,U154,Z154,AE154,AJ154,AO154,AT154) -> 13 | J154: =AVERAGE(Q154,V154,AA154,AF154,AK154,AP154,AU154) -> 3259.7343 | K154: =AVERAGE(R154,W154,AB154,AG154,AL154,AQ154,AV154) -> 250.74879 | M154: =RANK(K154, K$123:$K$157) -> 34 | P154: 13 | Q154: 3259.7423 | R154: =IFERROR(Q154/P154,"") -> 250.74941 | S154: =RANK(R154, R$123:R$157) -> 34 | U154: 13 | V154: 3257.7248 | W154: =IFERROR(V154/U154,"") -> 250.59421 | X154: =RANK(W154, W$123:W$157) -> 34 | Z154: 13 | AA154: 3259.1648 | AB154: =IFERROR(AA154/Z154,"") -> 250.70498 | AC154: =RANK(AB154, AB$123:AB$157) -> 33 | AE154: 13 | AF154: 3259.8848 | AG154: =IFERROR(AF154/AE154,"") -> 250.76037 | AH154: =RANK(AG154, AG$123:AG$157) -> 33 | AJ154: 13 | AK154: 3259.8848 | AL154: =IFERROR(AK154/AJ154,"") -> 250.76037 | AM154: =RANK(AL154, AL$123:AL$157) -> 33 | AO154: 13 | AP154: 3259.8848 | AQ154: =IFERROR(AP154/AO154,"") -> 250.76037 | AR154: =RANK(AQ154, AQ$123:AQ$157) -> 33 | AT154: 13 | AU154: 3261.854 | AV154: =IFERROR(AU154/AT154,"") -> 250.91185 | AW154: =RANK(AV154, AV$123:AV$157) -> 33
C155: 33 | D155: 二配經典肉鬆飯糰 | E155: 3 | F155: 3000 | G155: =F155/E155 -> 1000 | I155: =AVERAGE(P155,U155,Z155,AE155,AJ155,AO155,AT155) -> 3 | J155: =AVERAGE(Q155,V155,AA155,AF155,AK155,AP155,AU155) -> 2704.3437 | K155: =AVERAGE(R155,W155,AB155,AG155,AL155,AQ155,AV155) -> 901.44792 | M155: =RANK(K155, K$123:$K$157) -> 12 | P155: 3 | Q155: 2703.9152 | R155: =IFERROR(Q155/P155,"") -> 901.30506 | S155: =RANK(R155, R$123:R$157) -> 12 | U155: 3 | V155: 2704.8152 | W155: =IFERROR(V155/U155,"") -> 901.60506 | X155: =RANK(W155, W$123:W$157) -> 12 | Z155: 3 | AA155: 2703.6152 | AB155: =IFERROR(AA155/Z155,"") -> 901.20506 | AC155: =RANK(AB155, AB$123:AB$157) -> 12 | AE155: 3 | AF155: 2704.8152 | AG155: =IFERROR(AF155/AE155,"") -> 901.60506 | AH155: =RANK(AG155, AG$123:AG$157) -> 12 | AJ155: 3 | AK155: 2704.8152 | AL155: =IFERROR(AK155/AJ155,"") -> 901.60506 | AM155: =RANK(AL155, AL$123:AL$157) -> 13 | AO155: 3 | AP155: 2703.9152 | AQ155: =IFERROR(AP155/AO155,"") -> 901.30506 | AR155: =RANK(AQ155, AQ$123:AQ$157) -> 13 | AT155: 3 | AU155: 2704.5152 | AV155: =IFERROR(AU155/AT155,"") -> 901.50506 | AW155: =RANK(AV155, AV$123:AV$157) -> 13
C156: 34 | D156: 二配兩粒飯糰(鮪魚.焦糖鮭魚) | E156: 12 | F156: 3600 | G156: =F156/E156 -> 300 | I156: =AVERAGE(P156,U156,Z156,AE156,AJ156,AO156,AT156) -> 12 | J156: =AVERAGE(Q156,V156,AA156,AF156,AK156,AP156,AU156) -> 3125.2167 | K156: =AVERAGE(R156,W156,AB156,AG156,AL156,AQ156,AV156) -> 260.43472 | M156: =RANK(K156, K$123:$K$157) -> 32 | P156: 12 | Q156: 3125.0978 | R156: =IFERROR(Q156/P156,"") -> 260.42482 | S156: =RANK(R156, R$123:R$157) -> 33 | U156: 12 | V156: 3124.7378 | W156: =IFERROR(V156/U156,"") -> 260.39482 | X156: =RANK(W156, W$123:W$157) -> 32 | Z156: 12 | AA156: 3125.8178 | AB156: =IFERROR(AA156/Z156,"") -> 260.48482 | AC156: =RANK(AB156, AB$123:AB$157) -> 31 | AE156: 12 | AF156: 3126.1778 | AG156: =IFERROR(AF156/AE156,"") -> 260.51482 | AH156: =RANK(AG156, AG$123:AG$157) -> 31 | AJ156: 12 | AK156: 3126.1778 | AL156: =IFERROR(AK156/AJ156,"") -> 260.51482 | AM156: =RANK(AL156, AL$123:AL$157) -> 31 | AO156: 12 | AP156: 3123.8938 | AQ156: =IFERROR(AP156/AO156,"") -> 260.32448 | AR156: =RANK(AQ156, AQ$123:AQ$157) -> 32 | AT156: 12 | AU156: 3124.6138 | AV156: =IFERROR(AU156/AT156,"") -> 260.38448 | AW156: =RANK(AV156, AV$123:AV$157) -> 31
...

Sheet （５-2）品群別人時生產性(18℃-壽司手卷)
B1: 4月平均人時性 | C1: =AVERAGE(L7,L27,L47,L67) -> 320.67204
B2: 產線配置圖－每週更新(0331-0406) | N2: 資料繳交 | O2: 日期 | P2: 46112 | U2: =P2+1 -> 46113 | Z2: =U2+1 -> 46114 | AE2: =Z2+1 -> 46115 | AJ2: =AE2+1 -> 46116 | AO2: =AJ2+1 -> 46117 | AT2: =AO2+1 -> 46118
P3: =P2 -> 46112 | U3: =U2 -> 46113 | Z3: =Z2 -> 46114 | AE3: =AE2 -> 46115 | AJ3: =AJ2 -> 46116 | AO3: =AO2 -> 46117 | AT3: =AT2 -> 46118
B4: 品群 | C4: 商品名稱 | E4: 計畫 | H4: 平均人時性 | I4: 實績 (週平均) | L4: 平均人時性 | M4: 排名 | O4: 日報 | P4: 實際 | T4: 平均人時性 | U4: 實際 | Y4: 平均人時性 | Z4: 實際 | AD4: 平均人時性 | AE4: 實際 | AI4: 平均人時性 | AJ4: 實際 | AN4: 平均人時性 | AO4: 實際 | AS4: 平均人時性 | AT4: 實際 | AX4: 平均人時性
E5: 產線配置圖 | I5: 產線配置圖 | P5: 生產實績 | U5: 生產實績 | Z5: 生產實績 | AE5: 生產實績 | AJ5: 生產實績 | AO5: 生產實績 | AT5: 生產實績
E6: 人數 | F6: 產能／時 | G6: 人時性 | I6: 人數 | J6: 產能／時 | K6: 人時性 | P6: 人數 | Q6: 產能／時 | R6: 人時性 | S6: 排名 | U6: 人數 | V6: 產能／時 | W6: 人時性 | X6: 排名 | Z6: 人數 | AA6: 產能／時 | AB6: 人時性 | AC6: 排名 | AE6: 人數 | AF6: 產能／時 | AG6: 人時性 | AH6: 排名 | AJ6: 人數 | AK6: 產能／時 | AL6: 人時性 | AM6: 排名 | AO6: 人數 | AP6: 產能／時 | AQ6: 人時性 | AR6: 排名 | AT6: 人數 | AU6: 產能／時 | AV6: 人時性 | AW6: 排名
B7: 18℃-壽司手卷 | C7: 1 | D7: 一配海饌雙手卷 | E7: 12 | F7: 3600 | G7: =F7/E7 -> 300 | H7: =AVERAGE(G7:G21) -> 355.45455 | I7: =AVERAGE(P7,U7,Z7,AE7,AJ7,AO7,AT7) -> 12 | J7: =AVERAGE(Q7,V7,AA7,AF7,AK7,AP7,AU7) -> 3147.1343 | K7: =AVERAGE(R7,W7,AB7,AG7,AL7,AQ7,AV7) -> 262.26119 | L7: =IFERROR(AVERAGE(K7:K21),"-") -> 316.081 | M7: =RANK(K7, K$7:$K$21) -> 8 | P7: 12 | Q7: 3146.9437 | R7: =IFERROR(Q7/P7,"") -> 262.24531 | S7: =RANK(R7, R$7:R$21) -> 9 | T7: =AVERAGE(R7:R21) -> 316.06277 | U7: 12 | V7: 3146.9141 | W7: =IFERROR(V7/U7,"") -> 262.24284 | X7: =RANK(W7, W$7:W$21) -> 9 | Y7: =AVERAGE(W7:W21) -> 316.02879 | Z7: 12 | AA7: 3147.2165 | AB7: =IFERROR(AA7/Z7,"") -> 262.26804 | AC7: =RANK(AB7, AB$7:AB$21) -> 7 | AD7: =AVERAGE(AB7:AB21) -> 316.03087 | AE7: 12 | AF7: 3146.6946 | AG7: =IFERROR(AF7/AE7,"") -> 262.22455 | AH7: =RANK(AG7, AG$7:AG$21) -> 8 | AI7: =AVERAGE(AG7:AG21) -> 316.08142 | AJ7: 12 | AK7: 3147.3515 | AL7: =IFERROR(AK7/AJ7,"") -> 262.27929 | AM7: =RANK(AL7, AL$7:AL$21) -> 8 | AN7: =AVERAGE(AL7:AL21) -> 316.12612 | AO7: 12 | AP7: 3147.4392 | AQ7: =IFERROR(AP7/AO7,"") -> 262.2866 | AR7: =RANK(AQ7, AQ$7:AQ$21) -> 7 | AS7: =AVERAGE(AQ7:AQ21) -> 316.11161 | AT7: 12 | AU7: 3147.3807 | AV7: =IFERROR(AU7/AT7,"") -> 262.28172 | AW7: =RANK(AV7, AV$7:AV$21) -> 8 | AX7: =AVERAGE(AV7:AV21) -> 329.59966
C8: 2 | D8: 一配雙饗雙手卷 | E8: 12 | F8: 3600 | G8: =F8/E8 -> 300 | I8: =AVERAGE(P8,U8,Z8,AE8,AJ8,AO8,AT8) -> 12 | J8: =AVERAGE(Q8,V8,AA8,AF8,AK8,AP8,AU8) -> 3147.3182 | K8: =AVERAGE(R8,W8,AB8,AG8,AL8,AQ8,AV8) -> 262.27651 | M8: =RANK(K8, K$7:$K$21) -> 7 | P8: 12 | Q8: 3147.8107 | R8: =IFERROR(Q8/P8,"") -> 262.31756 | S8: =RANK(R8, R$7:R$21) -> 7 | U8: 12 | V8: 3147.19 | W8: =IFERROR(V8/U8,"") -> 262.26583 | X8: =RANK(W8, W$7:W$21) -> 8 | Z8: 12 | AA8: 3146.6968 | AB8: =IFERROR(AA8/Z8,"") -> 262.22473 | AC8: =RANK(AB8, AB$7:AB$21) -> 9 | AE8: 12 | AF8: 3147.1698 | AG8: =IFERROR(AF8/AE8,"") -> 262.26415 | AH8: =RANK(AG8, AG$7:AG$21) -> 7 | AJ8: 12 | AK8: 3147.4634 | AL8: =IFERROR(AK8/AJ8,"") -> 262.28861 | AM8: =RANK(AL8, AL$7:AL$21) -> 7 | AO8: 12 | AP8: 3147.033 | AQ8: =IFERROR(AP8/AO8,"") -> 262.25275 | AR8: =RANK(AQ8, AQ$7:AQ$21) -> 10 | AT8: 12 | AU8: 3147.8636 | AV8: =IFERROR(AU8/AT8,"") -> 262.32197 | AW8: =RANK(AV8, AV$7:AV$21) -> 7
C9: 3 | D9: 一配長野稻荷壽司 | E9: 11 | F9: 3600 | G9: =F9/E9 -> 327.27273 | I9: =AVERAGE(P9,U9,Z9,AE9,AJ9,AO9,AT9) -> 11 | J9: =AVERAGE(Q9,V9,AA9,AF9,AK9,AP9,AU9) -> 3182.7207 | K9: =AVERAGE(R9,W9,AB9,AG9,AL9,AQ9,AV9) -> 289.33824 | M9: =RANK(K9, K$7:$K$21) -> 6 | P9: 11 | Q9: 3182.8151 | R9: =IFERROR(Q9/P9,"") -> 289.34683 | S9: =RANK(R9, R$7:R$21) -> 6 | U9: 11 | V9: 3182.0639 | W9: =IFERROR(V9/U9,"") -> 289.27853 | X9: =RANK(W9, W$7:W$21) -> 6 | Z9: 11 | AA9: 3182.7721 | AB9: =IFERROR(AA9/Z9,"") -> 289.34292 | AC9: =RANK(AB9, AB$7:AB$21) -> 6 | AE9: 11 | AF9: 3183.8319 | AG9: =IFERROR(AF9/AE9,"") -> 289.43926 | AH9: =RANK(AG9, AG$7:AG$21) -> 5 | AJ9: 11 | AK9: 3182.0841 | AL9: =IFERROR(AK9/AJ9,"") -> 289.28037 | AM9: =RANK(AL9, AL$7:AL$21) -> 6 | AO9: 11 | AP9: 3182.4742 | AQ9: =IFERROR(AP9/AO9,"") -> 289.31584 | AR9: =RANK(AQ9, AQ$7:AQ$21) -> 6 | AT9: 11 | AU9: 3183.0035 | AV9: =IFERROR(AU9/AT9,"") -> 289.36395 | AW9: =RANK(AV9, AV$7:AV$21) -> 6
C10: 4 | D10: 一配經典鮪魚沙拉細卷 | E10: 6 | F10: 2600 | G10: =F10/E10 -> 433.33333 | I10: =AVERAGE(P10,U10,Z10,AE10,AJ10,AO10,AT10) -> 6 | J10: =AVERAGE(Q10,V10,AA10,AF10,AK10,AP10,AU10) -> 2340.3483 | K10: =AVERAGE(R10,W10,AB10,AG10,AL10,AQ10,AV10) -> 390.05804 | M10: =RANK(K10, K$7:$K$21) -> 2 | P10: 6 | Q10: 2340.3123 | R10: =IFERROR(Q10/P10,"") -> 390.05205 | S10: =RANK(R10, R$7:R$21) -> 2 | U10: 6 | V10: 2340.2135 | W10: =IFERROR(V10/U10,"") -> 390.03559 | X10: =RANK(W10, W$7:W$21) -> 1 | Z10: 6 | AA10: 2340.9015 | AB10: =IFERROR(AA10/Z10,"") -> 390.15025 | AC10: =RANK(AB10, AB$7:AB$21) -> 1 | AE10: 6 | AF10: 2340.4959 | AG10: =IFERROR(AF10/AE10,"") -> 390.08264 | AH10: =RANK(AG10, AG$7:AG$21) -> 1 | AJ10: 6 | AK10: 2340.9045 | AL10: =IFERROR(AK10/AJ10,"") -> 390.15075 | AM10: =RANK(AL10, AL$7:AL$21) -> 2 | AO10: 6 | AP10: 2339.8359 | AQ10: =IFERROR(AP10/AO10,"") -> 389.97265 | AR10: =RANK(AQ10, AQ$7:AQ$21) -> 2 | AT10: 6 | AU10: 2339.7742 | AV10: =IFERROR(AU10/AT10,"") -> 389.96236 | AW10: =RANK(AV10, AV$7:AV$21) -> 2
C11: 5 | D11: 一配雙鬆細卷 | E11: 6 | F11: 2600 | G11: =F11/E11 -> 433.33333 | I11: =AVERAGE(P11,U11,Z11,AE11,AJ11,AO11,AT11) -> 6 | J11: =AVERAGE(Q11,V11,AA11,AF11,AK11,AP11,AU11) -> 2340.625 | K11: =AVERAGE(R11,W11,AB11,AG11,AL11,AQ11,AV11) -> 390.10417 | M11: =RANK(K11, K$7:$K$21) -> 1 | P11: 6 | Q11: 2340.9574 | R11: =IFERROR(Q11/P11,"") -> 390.15957 | S11: =RANK(R11, R$7:R$21) -> 1 | U11: 6 | V11: 2340.1302 | W11: =IFERROR(V11/U11,"") -> 390.02169 | X11: =RANK(W11, W$7:W$21) -> 2 | Z11: 6 | AA11: 2340.6977 | AB11: =IFERROR(AA11/Z11,"") -> 390.11628 | AC11: =RANK(AB11, AB$7:AB$21) -> 2 | AE11: 6 | AF11: 2339.4072 | AG11: =IFERROR(AF11/AE11,"") -> 389.90121 | AH11: =RANK(AG11, AG$7:AG$21) -> 2 | AJ11: 6 | AK11: 2341.2888 | AL11: =IFERROR(AK11/AJ11,"") -> 390.2148 | AM11: =RANK(AL11, AL$7:AL$21) -> 1 | AO11: 6 | AP11: 2340.7258 | AQ11: =IFERROR(AP11/AO11,"") -> 390.12097 | AR11: =RANK(AQ11, AQ$7:AQ$21) -> 1 | AT11: 6 | AU11: 2341.168 | AV11: =IFERROR(AU11/AT11,"") -> 390.19466 | AW11: =RANK(AV11, AV$7:AV$21) -> 1
C12: 6 | D12: 一配日式鮪魚美乃滋脆卷 | E12: 6 | F12: 2500 | G12: =F12/E12 -> 416.66667 | I12: =AVERAGE(P12,U12,Z12,AE12,AJ12,AO12,AT12) -> 6 | J12: =AVERAGE(Q12,V12,AA12,AF12,AK12,AP12,AU12) -> 2258.8431 | K12: =AVERAGE(R12,W12,AB12,AG12,AL12,AQ12,AV12) -> 376.47385 | M12: =RANK(K12, K$7:$K$21) -> 3 | P12: 6 | Q12: 2258.4362 | R12: =IFERROR(Q12/P12,"") -> 376.40604 | S12: =RANK(R12, R$7:R$21) -> 3 | U12: 6 | V12: 2258.4173 | W12: =IFERROR(V12/U12,"") -> 376.40288 | X12: =RANK(W12, W$7:W$21) -> 3 | Z12: 6 | AA12: 2256.5489 | AB12: =IFERROR(AA12/Z12,"") -> 376.09148 | AC12: =RANK(AB12, AB$7:AB$21) -> 4 | AE12: 6 | AF12: 2259.0909 | AG12: =IFERROR(AF12/AE12,"") -> 376.51515 | AH12: =RANK(AG12, AG$7:AG$21) -> 4 | AJ12: 6 | AK12: 2259.5205 | AL12: =IFERROR(AK12/AJ12,"") -> 376.58674 | AM12: =RANK(AL12, AL$7:AL$21) -> 4 | AO12: 6 | AP12: 2259.8203 | AQ12: =IFERROR(AP12/AO12,"") -> 376.63671 | AR12: =RANK(AQ12, AQ$7:AQ$21) -> 3 | AT12: 6 | AU12: 2260.0678 | AV12: =IFERROR(AU12/AT12,"") -> 376.67797 | AW12: =RANK(AV12, AV$7:AV$21) -> 3
C13: 7 | D13: 一配銀鮭美乃滋脆卷 | E13: 6 | F13: 2500 | G13: =F13/E13 -> 416.66667 | I13: =AVERAGE(P13,U13,Z13,AE13,AJ13,AO13,AT13) -> 6 | J13: =AVERAGE(Q13,V13,AA13,AF13,AK13,AP13,AU13) -> 2258.6161 | K13: =AVERAGE(R13,W13,AB13,AG13,AL13,AQ13,AV13) -> 376.43602 | M13: =RANK(K13, K$7:$K$21) -> 4 | P13: 6 | Q13: 2257.6958 | R13: =IFERROR(Q13/P13,"") -> 376.28263 | S13: =RANK(R13, R$7:R$21) -> 4 | U13: 6 | V13: 2257.6271 | W13: =IFERROR(V13/U13,"") -> 376.27119 | X13: =RANK(W13, W$7:W$21) -> 4 | Z13: 6 | AA13: 2257.5685 | AB13: =IFERROR(AA13/Z13,"") -> 376.26141 | AC13: =RANK(AB13, AB$7:AB$21) -> 3 | AE13: 6 | AF13: 2259.3239 | AG13: =IFERROR(AF13/AE13,"") -> 376.55398 | AH13: =RANK(AG13, AG$7:AG$21) -> 3 | AJ13: 6 | AK13: 2259.5294 | AL13: =IFERROR(AK13/AJ13,"") -> 376.58824 | AM13: =RANK(AL13, AL$7:AL$21) -> 3 | AO13: 6 | AP13: 2259.3382 | AQ13: =IFERROR(AP13/AO13,"") -> 376.55637 | AR13: =RANK(AQ13, AQ$7:AQ$21) -> 4 | AT13: 6 | AU13: 2259.2299 | AV13: =IFERROR(AU13/AT13,"") -> 376.53832 | AW13: =RANK(AV13, AV$7:AV$21) -> 4
C14: 8 | D14: 二配海饌雙手卷 | E14: 12 | F14: 3600 | G14: =F14/E14 -> 300 | I14: =AVERAGE(P14,U14,Z14,AE14,AJ14,AO14,AT14) -> 12 | J14: =AVERAGE(Q14,V14,AA14,AF14,AK14,AP14,AU14) -> 3146.4361 | K14: =AVERAGE(R14,W14,AB14,AG14,AL14,AQ14,AV14) -> 262.203 | M14: =RANK(K14, K$7:$K$21) -> 10 | P14: 12 | Q14: 3145.2949 | R14: =IFERROR(Q14/P14,"") -> 262.1079 | S14: =RANK(R14, R$7:R$21) -> 10 | U14: 12 | V14: 3145.7104 | W14: =IFERROR(V14/U14,"") -> 262.14253 | X14: =RANK(W14, W$7:W$21) -> 10 | Z14: 12 | AA14: 3146.6525 | AB14: =IFERROR(AA14/Z14,"") -> 262.22104 | AC14: =RANK(AB14, AB$7:AB$21) -> 10 | AE14: 12 | AF14: 3146.6093 | AG14: =IFERROR(AF14/AE14,"") -> 262.21744 | AH14: =RANK(AG14, AG$7:AG$21) -> 9 | AJ14: 12 | AK14: 3147.3054 | AL14: =IFERROR(AK14/AJ14,"") -> 262.27545 | AM14: =RANK(AL14, AL$7:AL$21) -> 9 | AO14: 12 | AP14: 3147.044 | AQ14: =IFERROR(AP14/AO14,"") -> 262.25366 | AR14: =RANK(AQ14, AQ$7:AQ$21) -> 9
C15: 9 | D15: 二配雙饗雙手卷 | E15: 12 | F15: 3600 | G15: =F15/E15 -> 300 | I15: =AVERAGE(P15,U15,Z15,AE15,AJ15,AO15,AT15) -> 12 | J15: =AVERAGE(Q15,V15,AA15,AF15,AK15,AP15,AU15) -> 3147.0489 | K15: =AVERAGE(R15,W15,AB15,AG15,AL15,AQ15,AV15) -> 262.25408 | M15: =RANK(K15, K$7:$K$21) -> 9 | P15: 12 | Q15: 3147.2099 | R15: =IFERROR(Q15/P15,"") -> 262.26749 | S15: =RANK(R15, R$7:R$21) -> 8 | U15: 12 | V15: 3147.6529 | W15: =IFERROR(V15/U15,"") -> 262.30441 | X15: =RANK(W15, W$7:W$21) -> 7 | Z15: 12 | AA15: 3147.0842 | AB15: =IFERROR(AA15/Z15,"") -> 262.25702 | AC15: =RANK(AB15, AB$7:AB$21) -> 8 | AE15: 12 | AF15: 3146.2521 | AG15: =IFERROR(AF15/AE15,"") -> 262.18767 | AH15: =RANK(AG15, AG$7:AG$21) -> 10 | AJ15: 12 | AK15: 3147.0483 | AL15: =IFERROR(AK15/AJ15,"") -> 262.25403 | AM15: =RANK(AL15, AL$7:AL$21) -> 10 | AO15: 12 | AP15: 3147.046 | AQ15: =IFERROR(AP15/AO15,"") -> 262.25383 | AR15: =RANK(AQ15, AQ$7:AQ$21) -> 8
C16: 10 | D16: 二配長野稻荷壽司 | E16: 11 | F16: 3600 | G16: =F16/E16 -> 327.27273 | I16: =AVERAGE(P16,U16,Z16,AE16,AJ16,AO16,AT16) -> 11 | J16: =AVERAGE(Q16,V16,AA16,AF16,AK16,AP16,AU16) -> 3183.4538 | K16: =AVERAGE(R16,W16,AB16,AG16,AL16,AQ16,AV16) -> 289.40489 | M16: =RANK(K16, K$7:$K$21) -> 5 | P16: 11 | Q16: 3183.8651 | R16: =IFERROR(Q16/P16,"") -> 289.44229 | S16: =RANK(R16, R$7:R$21) -> 5 | U16: 11 | V16: 3182.5463 | W16: =IFERROR(V16/U16,"") -> 289.32239 | X16: =RANK(W16, W$7:W$21) -> 5 | Z16: 11 | AA16: 3183.1308 | AB16: =IFERROR(AA16/Z16,"") -> 289.37553 | AC16: =RANK(AB16, AB$7:AB$21) -> 5 | AE16: 11 | AF16: 3183.7091 | AG16: =IFERROR(AF16/AE16,"") -> 289.4281 | AH16: =RANK(AG16, AG$7:AG$21) -> 6 | AJ16: 11 | AK16: 3182.7721 | AL16: =IFERROR(AK16/AJ16,"") -> 289.34292 | AM16: =RANK(AL16, AL$7:AL$21) -> 5 | AO16: 11 | AP16: 3184.1336 | AQ16: =IFERROR(AP16/AO16,"") -> 289.46669 | AR16: =RANK(AQ16, AQ$7:AQ$21) -> 5 | AT16: 11 | AU16: 3184.0197 | AV16: =IFERROR(AU16/AT16,"") -> 289.45633 | AW16: =RANK(AV16, AV$7:AV$21) -> 5
C17: 11
C18: 12
C19: 13
C20: 14
C21: 15
B22: 產線配置圖－每週更新(0407-0413) | N22: 資料繳交 | O22: 日期 | P22: 46119 | U22: 46120 | Z22: 46121 | AE22: 46122 | AJ22: 46123 | AO22: 46124 | AT22: 46125
P23: 46119 | U23: 46120 | Z23: 46121 | AE23: 46122 | AJ23: 46123 | AO23: 46124 | AT23: 46125
B24: 品群 | C24: 商品名稱 | E24: 計畫 | H24: 平均人時性 | I24: 實績 (週平均) | L24: 平均人時性 | M24: 排名 | O24: 日報 | P24: 實際 | T24: 平均人時性 | U24: 實際 | Y24: 平均人時性 | Z24: 實際 | AD24: 平均人時性 | AE24: 實際 | AI24: 平均人時性 | AJ24: 實際 | AN24: 平均人時性 | AO24: 實際 | AS24: 平均人時性 | AT24: 實際 | AX24: 平均人時性
E25: 產線配置圖 | I25: 產線配置圖 | P25: 生產實績 | U25: 生產實績 | Z25: 生產實績 | AE25: 生產實績 | AJ25: 生產實績 | AO25: 生產實績 | AT25: 生產實績
E26: 人數 | F26: 產能／時 | G26: 人時性 | I26: 人數 | J26: 產能／時 | K26: 人時性 | P26: 人數 | Q26: 產能／時 | R26: 人時性 | S26: 排名 | U26: 人數 | V26: 產能／時 | W26: 人時性 | X26: 排名 | Z26: 人數 | AA26: 產能／時 | AB26: 人時性 | AC26: 排名 | AE26: 人數 | AF26: 產能／時 | AG26: 人時性 | AH26: 排名 | AJ26: 人數 | AK26: 產能／時 | AL26: 人時性 | AM26: 排名 | AO26: 人數 | AP26: 產能／時 | AQ26: 人時性 | AR26: 排名 | AT26: 人數 | AU26: 產能／時 | AV26: 人時性 | AW26: 排名
B27: 18℃-壽司手卷 | C27: 1 | D27: 一配長野稻荷壽司 | E27: 11 | F27: 3600 | G27: =F27/E27 -> 327.27273 | H27: =AVERAGE(G27:G41) -> 369.31818 | I27: =AVERAGE(P27,U27,Z27,AE27,AJ27,AO27,AT27) -> 11 | J27: =AVERAGE(Q27,V27,AA27,AF27,AK27,AP27,AU27) -> 3183.0783 | K27: =AVERAGE(R27,W27,AB27,AG27,AL27,AQ27,AV27) -> 289.37076 | L27: =IFERROR(AVERAGE(K27:K41),"-") -> 328.57875 | M27: =RANK(K27, K$27:$K$41) -> 5 | P27: 11 | Q27: 3182.1012 | R27: =IFERROR(Q27/P27,"") -> 289.28192 | S27: =RANK(R27, R$27:R$41) -> 6 | T27: =AVERAGE(R27:R41) -> 325.89334 | U27: 11 | V27: 3182.1012 | W27: =IFERROR(V27/U27,"") -> 289.28192 | X27: =RANK(W27, W$27:W$41) -> 6 | Y27: =AVERAGE(W27:W41) -> 327.14091 | Z27: 11 | AA27: 3182.8212 | AB27: =IFERROR(AA27/Z27,"") -> 289.34738 | AC27: =RANK(AB27, AB$27:AB$41) -> 5 | AD27: =AVERAGE(AB27:AB41) -> 328.35945 | AE27: 11 | AF27: 3182.4612 | AG27: =IFERROR(AF27/AE27,"") -> 289.31465 | AH27: =RANK(AG27, AG$27:AG$41) -> 5 | AI27: =AVERAGE(AG27:AG41) -> 329.64159 | AJ27: 11 | AK27: 3182.8212 | AL27: =IFERROR(AK27/AJ27,"") -> 289.34738 | AM27: =RANK(AL27, AL$27:AL$41) -> 5 | AN27: =AVERAGE(AL27:AL41) -> 329.64213 | AO27: 11 | AP27: 3184.6212 | AQ27: =IFERROR(AP27/AO27,"") -> 289.51102 | AR27: =RANK(AQ27, AQ$27:AQ$41) -> 5 | AS27: =AVERAGE(AQ27:AQ41) -> 329.68294 | AT27: 11 | AU27: 3184.6212 | AV27: =IFERROR(AU27/AT27,"") -> 289.51102 | AW27: =RANK(AV27, AV$27:AV$41) -> 5 | AX27: =AVERAGE(AV27:AV41) -> 335.45762
C28: 2 | D28: 一配經典鮪魚沙拉細卷 | E28: 6 | F28: 2600 | G28: =F28/E28 -> 433.33333 | I28: =AVERAGE(P28,U28,Z28,AE28,AJ28,AO28,AT28) -> 6 | J28: =AVERAGE(Q28,V28,AA28,AF28,AK28,AP28,AU28) -> 2340.1058 | K28: =AVERAGE(R28,W28,AB28,AG28,AL28,AQ28,AV28) -> 390.01763 | M28: =RANK(K28, K$27:$K$41) -> 1 | P28: 6 | Q28: 2340.1214 | R28: =IFERROR(Q28/P28,"") -> 390.02023 | S28: =RANK(R28, R$27:R$41) -> 1 | U28: 6 | V28: 2340.1198 | W28: =IFERROR(V28/U28,"") -> 390.01996 | X28: =RANK(W28, W$27:W$41) -> 2 | Z28: 6 | AA28: 2339.3398 | AB28: =IFERROR(AA28/Z28,"") -> 389.88996 | AC28: =RANK(AB28, AB$27:AB$41) -> 1 | AE28: 6 | AF28: 2339.3398 | AG28: =IFERROR(AF28/AE28,"") -> 389.88996 | AH28: =RANK(AG28, AG$27:AG$41) -> 2 | AJ28: 6 | AK28: 2340 | AL28: =IFERROR(AK28/AJ28,"") -> 390 | AM28: =RANK(AL28, AL$27:AL$41) -> 1 | AO28: 6 | AP28: 2341.04 | AQ28: =IFERROR(AP28/AO28,"") -> 390.17333 | AR28: =RANK(AQ28, AQ$27:AQ$41) -> 1 | AT28: 6 | AU28: 2340.78 | AV28: =IFERROR(AU28/AT28,"") -> 390.13 | AW28: =RANK(AV28, AV$27:AV$41) -> 1
C29: 3 | D29: 一配雙鬆細卷 | E29: 6 | F29: 2600 | G29: =F29/E29 -> 433.33333 | I29: =AVERAGE(P29,U29,Z29,AE29,AJ29,AO29,AT29) -> 6 | J29: =AVERAGE(Q29,V29,AA29,AF29,AK29,AP29,AU29) -> 2339.67 | K29: =AVERAGE(R29,W29,AB29,AG29,AL29,AQ29,AV29) -> 389.945 | M29: =RANK(K29, K$27:$K$41) -> 2 | P29: 6 | Q29: 2339.5683 | R29: =IFERROR(Q29/P29,"") -> 389.92806 | S29: =RANK(R29, R$27:R$41) -> 2 | U29: 6 | V29: 2340.2936 | W29: =IFERROR(V29/U29,"") -> 390.04894 | X29: =RANK(W29, W$27:W$41) -> 1 | Z29: 6 | AA29: 2339.2536 | AB29: =IFERROR(AA29/Z29,"") -> 389.87561 | AC29: =RANK(AB29, AB$27:AB$41) -> 2 | AE29: 6 | AF29: 2340.0336 | AG29: =IFERROR(AF29/AE29,"") -> 390.00561 | AH29: =RANK(AG29, AG$27:AG$41) -> 1 | AJ29: 6 | AK29: 2339.5136 | AL29: =IFERROR(AK29/AJ29,"") -> 389.91894 | AM29: =RANK(AL29, AL$27:AL$41) -> 2 | AO29: 6 | AP29: 2339.5136 | AQ29: =IFERROR(AP29/AO29,"") -> 389.91894 | AR29: =RANK(AQ29, AQ$27:AQ$41) -> 2 | AT29: 6 | AU29: 2339.5136 | AV29: =IFERROR(AU29/AT29,"") -> 389.91894 | AW29: =RANK(AV29, AV$27:AV$41) -> 2
C30: 4 | D30: 一配日式鮪魚美乃滋脆卷 | E30: 6 | F30: 2500 | G30: =F30/E30 -> 416.66667 | I30: =AVERAGE(P30,U30,Z30,AE30,AJ30,AO30,AT30) -> 6 | J30: =AVERAGE(Q30,V30,AA30,AF30,AK30,AP30,AU30) -> 2259.6392 | K30: =AVERAGE(R30,W30,AB30,AG30,AL30,AQ30,AV30) -> 376.60654 | M30: =RANK(K30, K$27:$K$41) -> 4 | P30: 6 | Q30: 2259.9857 | R30: =IFERROR(Q30/P30,"") -> 376.66428 | S30: =RANK(R30, R$27:R$41) -> 3 | U30: 6 | V30: 2260.8315 | W30: =IFERROR(V30/U30,"") -> 376.80525 | X30: =RANK(W30, W$27:W$41) -> 3 | Z30: 6 | AA30: 2260.5815 | AB30: =IFERROR(AA30/Z30,"") -> 376.76358 | AC30: =RANK(AB30, AB$27:AB$41) -> 3 | AE30: 6 | AF30: 2259.8315 | AG30: =IFERROR(AF30/AE30,"") -> 376.63858 | AH30: =RANK(AG30, AG$27:AG$41) -> 4 | AJ30: 6 | AK30: 2258.8315 | AL30: =IFERROR(AK30/AJ30,"") -> 376.47192 | AM30: =RANK(AL30, AL$27:AL$41) -> 4 | AO30: 6 | AP30: 2259.0815 | AQ30: =IFERROR(AP30/AO30,"") -> 376.51358 | AR30: =RANK(AQ30, AQ$27:AQ$41) -> 4 | AT30: 6 | AU30: 2258.3315 | AV30: =IFERROR(AU30/AT30,"") -> 376.38858 | AW30: =RANK(AV30, AV$27:AV$41) -> 4
C31: 5 | D31: 一配銀鮭美乃滋脆卷 | E31: 6 | F31: 2500 | G31: =F31/E31 -> 416.66667 | I31: =AVERAGE(P31,U31,Z31,AE31,AJ31,AO31,AT31) -> 6 | J31: =AVERAGE(Q31,V31,AA31,AF31,AK31,AP31,AU31) -> 2260.2734 | K31: =AVERAGE(R31,W31,AB31,AG31,AL31,AQ31,AV31) -> 376.71223 | M31: =RANK(K31, K$27:$K$41) -> 3 | P31: 6 | Q31: 2259.056 | R31: =IFERROR(Q31/P31,"") -> 376.50933 | S31: =RANK(R31, R$27:R$41) -> 4 | U31: 6 | V31: 2258.8513 | W31: =IFERROR(V31/U31,"") -> 376.47522 | X31: =RANK(W31, W$27:W$41) -> 4 | Z31: 6 | AA31: 2260.1013 | AB31: =IFERROR(AA31/Z31,"") -> 376.68355 | AC31: =RANK(AB31, AB$27:AB$41) -> 4 | AE31: 6 | AF31: 2260.6013 | AG31: =IFERROR(AF31/AE31,"") -> 376.76688 | AH31: =RANK(AG31, AG$27:AG$41) -> 3 | AJ31: 6 | AK31: 2261.6013 | AL31: =IFERROR(AK31/AJ31,"") -> 376.93355 | AM31: =RANK(AL31, AL$27:AL$41) -> 3 | AO31: 6 | AP31: 2260.6013 | AQ31: =IFERROR(AP31/AO31,"") -> 376.76688 | AR31: =RANK(AQ31, AQ$27:AQ$41) -> 3 | AT31: 6 | AU31: 2261.1013 | AV31: =IFERROR(AU31/AT31,"") -> 376.85022 | AW31: =RANK(AV31, AV$27:AV$41) -> 3
C32: 6 | D32: 一配經典人氣雙手卷 | E32: 12 | F32: 3600 | G32: =F32/E32 -> 300 | I32: =AVERAGE(P32,U32,Z32,AE32,AJ32,AO32,AT32) -> 12 | J32: =AVERAGE(Q32,V32,AA32,AF32,AK32,AP32,AU32) -> 3100.0298 | K32: =AVERAGE(R32,W32,AB32,AG32,AL32,AQ32,AV32) -> 258.33581 | M32: =RANK(K32, K$27:$K$41) -> 7 | P32: 12 | Q32: 2972.0388 | R32: =IFERROR(Q32/P32,"") -> 247.6699 | S32: =RANK(R32, R$27:R$41) -> 8 | U32: 12 | V32: 3030.0845 | W32: =IFERROR(V32/U32,"") -> 252.50704 | X32: =RANK(W32, W$27:W$41) -> 8 | Z32: 12 | AA32: 3089.5846 | AB32: =IFERROR(AA32/Z32,"") -> 257.46538 | AC32: =RANK(AB32, AB$27:AB$41) -> 8 | AE32: 12 | AF32: 3152.8451 | AG32: =IFERROR(AF32/AE32,"") -> 262.73709 | AH32: =RANK(AG32, AG$27:AG$41) -> 7 | AJ32: 12 | AK32: 3151.0451 | AL32: =IFERROR(AK32/AJ32,"") -> 262.58709 | AM32: =RANK(AL32, AL$27:AL$41) -> 7 | AO32: 12 | AP32: 3152.1251 | AQ32: =IFERROR(AP32/AO32,"") -> 262.67709 | AR32: =RANK(AQ32, AQ$27:AQ$41) -> 7 | AT32: 12 | AU32: 3152.4851 | AV32: =IFERROR(AU32/AT32,"") -> 262.70709 | AW32: =RANK(AV32, AV$27:AV$41) -> 6
C33: 7 | D33: 一配鮭鮪海饌雙手卷 | E33: 12 | F33: 3600 | G33: =F33/E33 -> 300 | I33: =AVERAGE(P33,U33,Z33,AE33,AJ33,AO33,AT33) -> 12 | J33: =AVERAGE(Q33,V33,AA33,AF33,AK33,AP33,AU33) -> 3099.8196 | K33: =AVERAGE(R33,W33,AB33,AG33,AL33,AQ33,AV33) -> 258.3183 | M33: =RANK(K33, K$27:$K$41) -> 8 | P33: 12 | Q33: 2972.6214 | R33: =IFERROR(Q33/P33,"") -> 247.71845 | S33: =RANK(R33, R$27:R$41) -> 7 | U33: 12 | V33: 3030.7214 | W33: =IFERROR(V33/U33,"") -> 252.56011 | X33: =RANK(W33, W$27:W$41) -> 7 | Z33: 12 | AA33: 3090.2342 | AB33: =IFERROR(AA33/Z33,"") -> 257.51952 | AC33: =RANK(AB33, AB$27:AB$41) -> 7 | AE33: 12 | AF33: 3150.5701 | AG33: =IFERROR(AF33/AE33,"") -> 262.54751 | AH33: =RANK(AG33, AG$27:AG$41) -> 8 | AJ33: 12 | AK33: 3150.5701 | AL33: =IFERROR(AK33/AJ33,"") -> 262.54751 | AM33: =RANK(AL33, AL$27:AL$41) -> 8 | AO33: 12 | AP33: 3151.6501 | AQ33: =IFERROR(AP33/AO33,"") -> 262.63751 | AR33: =RANK(AQ33, AQ$27:AQ$41) -> 8 | AT33: 12 | AU33: 3152.3701 | AV33: =IFERROR(AU33/AT33,"") -> 262.69751 | AW33: =RANK(AV33, AV$27:AV$41) -> 7
C34: 8 | D34: 二配長野稻荷壽司 | E34: 11 | F34: 3600 | G34: =F34/E34 -> 327.27273 | I34: =AVERAGE(P34,U34,Z34,AE34,AJ34,AO34,AT34) -> 11 | J34: =AVERAGE(Q34,V34,AA34,AF34,AK34,AP34,AU34) -> 3182.5606 | K34: =AVERAGE(R34,W34,AB34,AG34,AL34,AQ34,AV34) -> 289.32369 | M34: =RANK(K34, K$27:$K$41) -> 6 | P34: 11 | Q34: 3182.8996 | R34: =IFERROR(Q34/P34,"") -> 289.35451 | S34: =RANK(R34, R$27:R$41) -> 5 | U34: 11 | V34: 3183.7168 | W34: =IFERROR(V34/U34,"") -> 289.4288 | X34: =RANK(W34, W$27:W$41) -> 5 | Z34: 11 | AA34: 3182.6368 | AB34: =IFERROR(AA34/Z34,"") -> 289.33062 | AC34: =RANK(AB34, AB$27:AB$41) -> 6 | AE34: 11 | AF34: 3181.5568 | AG34: =IFERROR(AF34/AE34,"") -> 289.23244 | AH34: =RANK(AG34, AG$27:AG$41) -> 6 | AJ34: 11 | AK34: 3182.6368 | AL34: =IFERROR(AK34/AJ34,"") -> 289.33062 | AM34: =RANK(AL34, AL$27:AL$41) -> 6 | AO34: 11 | AP34: 3181.9168 | AQ34: =IFERROR(AP34/AO34,"") -> 289.26516 | AR34: =RANK(AQ34, AQ$27:AQ$41) -> 6
C35: 9
C36: 10
C37: 11
C38: 12
C39: 13
C40: 14
C41: 15
B42: 產線配置圖－每週更新(0414-0420) | N42: 資料繳交 | O42: 日期 | P42: 46126 | U42: 46127 | Z42: 46128 | AE42: 46129 | AJ42: 46130 | AO42: 46131 | AT42: 46132
P43: 46126 | U43: 46127 | Z43: 46128 | AE43: 46129 | AJ43: 46130 | AO43: 46131 | AT43: 46132
B44: 品群 | C44: 商品名稱 | E44: 計畫 | H44: 平均人時性 | I44: 實績 (週平均) | L44: 平均人時性 | M44: 排名 | O44: 日報 | P44: 實際 | T44: 平均人時性 | U44: 實際 | Y44: 平均人時性 | Z44: 實際 | AD44: 平均人時性 | AE44: 實際 | AI44: 平均人時性 | AJ44: 實際 | AN44: 平均人時性 | AO44: 實際 | AS44: 平均人時性 | AT44: 實際 | AX44: 平均人時性
E45: 產線配置圖 | I45: 產線配置圖 | P45: 生產實績 | U45: 生產實績 | Z45: 生產實績 | AE45: 生產實績 | AJ45: 生產實績 | AO45: 生產實績 | AT45: 生產實績
E46: 人數 | F46: 產能／時 | G46: 人時性 | I46: 人數 | J46: 產能／時 | K46: 人時性 | P46: 人數 | Q46: 產能／時 | R46: 人時性 | S46: 排名 | U46: 人數 | V46: 產能／時 | W46: 人時性 | X46: 排名 | Z46: 人數 | AA46: 產能／時 | AB46: 人時性 | AC46: 排名 | AE46: 人數 | AF46: 產能／時 | AG46: 人時性 | AH46: 排名 | AJ46: 人數 | AK46: 產能／時 | AL46: 人時性 | AM46: 排名 | AO46: 人數 | AP46: 產能／時 | AQ46: 人時性 | AR46: 排名 | AT46: 人數 | AU46: 產能／時 | AV46: 人時性 | AW46: 排名
B47: 18℃-壽司手卷 | C47: 1 | D47: 一配長野稻荷壽司 | E47: 11 | F47: 3600 | G47: =F47/E47 -> 327.27273 | H47: =AVERAGE(G47:G61) -> 358.78788 | I47: =AVERAGE(P47,U47,Z47,AE47,AJ47,AO47,AT47) -> 11 | J47: =AVERAGE(Q47,V47,AA47,AF47,AK47,AP47,AU47) -> 3183.4383 | K47: =AVERAGE(R47,W47,AB47,AG47,AL47,AQ47,AV47) -> 289.40348 | L47: =IFERROR(AVERAGE(K47:K61),"-") -> 319.00268 | M47: =RANK(K47, K$47:$K$61) -> 3 | P47: 11 | Q47: 3185.7012 | R47: =IFERROR(Q47/P47,"") -> 289.6092 | S47: =RANK(R47, R$47:R$61) -> 3 | T47: =AVERAGE(R47:R61) -> 318.94582 | U47: 11 | V47: 3184.2612 | W47: =IFERROR(V47/U47,"") -> 289.47829 | X47: =RANK(W47, W$47:W$61) -> 3 | Y47: =AVERAGE(W47:W61) -> 318.95897 | Z47: 11 | AA47: 3182.8212 | AB47: =IFERROR(AA47/Z47,"") -> 289.34738 | AC47: =RANK(AB47, AB$47:AB$61) -> 3 | AD47: =AVERAGE(AB47:AB61) -> 319.00879 | AE47: 11 | AF47: 3184.6212 | AG47: =IFERROR(AF47/AE47,"") -> 289.51102 | AH47: =RANK(AG47, AG$47:AG$61) -> 3 | AI47: =AVERAGE(AG47:AG61) -> 319.03485 | AJ47: 11 | AK47: 3183.1812 | AL47: =IFERROR(AK47/AJ47,"") -> 289.38011 | AM47: =RANK(AL47, AL$47:AL$61) -> 3 | AN47: =AVERAGE(AL47:AL61) -> 319.01934 | AO47: 11 | AP47: 3182.4612 | AQ47: =IFERROR(AP47/AO47,"") -> 289.31465 | AR47: =RANK(AQ47, AQ$47:AQ$61) -> 3 | AS47: =AVERAGE(AQ47:AQ61) -> 319.03291 | AT47: 11 | AU47: 3181.0212 | AV47: =IFERROR(AU47/AT47,"") -> 289.18374 | AW47: =RANK(AV47, AV$47:AV$61) -> 3 | AX47: =AVERAGE(AV47:AV61) -> 319.01806
C48: 2 | D48: 一配經典鮪魚沙拉細卷 | E48: 6 | F48: 2600 | G48: =F48/E48 -> 433.33333 | I48: =AVERAGE(P48,U48,Z48,AE48,AJ48,AO48,AT48) -> 6 | J48: =AVERAGE(Q48,V48,AA48,AF48,AK48,AP48,AU48) -> 2340.0611 | K48: =AVERAGE(R48,W48,AB48,AG48,AL48,AQ48,AV48) -> 390.01018 | M48: =RANK(K48, K$47:$K$61) -> 2 | P48: 6 | Q48: 2339.5782 | R48: =IFERROR(Q48/P48,"") -> 389.92971 | S48: =RANK(R48, R$47:R$61) -> 1 | U48: 6 | V48: 2339.5782 | W48: =IFERROR(V48/U48,"") -> 389.92971 | X48: =RANK(W48, W$47:W$61) -> 1 | Z48: 6 | AA48: 2340.3582 | AB48: =IFERROR(AA48/Z48,"") -> 390.05971 | AC48: =RANK(AB48, AB$47:AB$61) -> 1 | AE48: 6 | AF48: 2339.5782 | AG48: =IFERROR(AF48/AE48,"") -> 389.92971 | AH48: =RANK(AG48, AG$47:AG$61) -> 2 | AJ48: 6 | AK48: 2340.0982 | AL48: =IFERROR(AK48/AJ48,"") -> 390.01637 | AM48: =RANK(AL48, AL$47:AL$61) -> 2 | AO48: 6 | AP48: 2340.3582 | AQ48: =IFERROR(AP48/AO48,"") -> 390.05971 | AR48: =RANK(AQ48, AQ$47:AQ$61) -> 2 | AT48: 6 | AU48: 2340.8782 | AV48: =IFERROR(AU48/AT48,"") -> 390.14637 | AW48: =RANK(AV48, AV$47:AV$61) -> 2
