Workbook

Sheet 數值累積總表(月)
B1: 項目 | D1: 1月 | E1: 2月 | F1: 3月 | G1: 4月 | H1: 5月 | I1: 6月 | J1: 7月 | K1: 8月 | L1: 9月 | M1: 10月 | N1: 11月 | O1: 12月 | P1: 合計/平均
B2: （１）收支狀況 | C2: 業績金額(千元) | D2: 146299.94 | E2: 116569.43 | F2: 148838 | G2: 160648.31 | H2: 181836.63 | I2: 194099.29 | P2: =SUM(D2:O2) -> 948291.59
C3: 訂單數量 | D3: 4768701 | E3: 3787002 | F3: 5045753 | G3: 5396292 | H3: 6084520 | I3: 6275618 | P3: =SUM(D3:O3) -> 31357886
C4: 材料費(千元) | D4: 93253 | E4: 74777 | F4: 93614 | G4: 104435 | H4: 116562 | I4: 126964 | P4: =SUM(D4:O4) -> 609605
C5: 材料費率(%) | D5: 0.655 | E5: 0.653 | F5: 0.648 | G5: 0.663 | H5: 0.672 | I5: 0.675 | J5: =IFERROR(J4/J2, "") | K5: =IFERROR(K4/K2, "") | L5: =IFERROR(L4/L2, "") | M5: =IFERROR(M4/M2, "") | N5: =IFERROR(N4/N2, "") | O5: =IFERROR(O4/O2, "") | P5: =AVERAGEIF(D5:O5, ">0") -> 0.661
C6: 勞務成本(千元) | D6: 22378 | E6: 22860 | F6: 22710 | G6: 23226 | H6: 24474 | I6: 26795 | P6: =SUM(D6:O6) -> 142443
C7: 勞務費率(%) | D7: 0.157 | E7: 0.2 | F7: 0.157 | G7: 0.147 | H7: 0.141 | I7: 0.142 | J7: =IFERROR(J6/J2, "") | K7: =IFERROR(K6/K2, "") | L7: =IFERROR(L6/L2, "") | M7: =IFERROR(M6/M2, "") | N7: =IFERROR(N6/N2, "") | O7: =IFERROR(O6/O2, "") | P7: =AVERAGEIF(D7:O7, ">0") -> 0.15733333
B9: （２）ＫＰＩ達成進度 | C9: 人時性KPI | D9: 497.6 | E9: 497.6 | F9: 497.6 | G9: 497.6 | H9: 497.6 | I9: 497.6 | P9: =AVERAGEIF(D9:O9, ">0") -> 497.6
C10: 人時性(個/月均) | D10: 458.38414 | E10: 476.04172 | F10: 409.81563 | G10: 402.86432 | H10: 419.38046 | I10: 425.95259 | P10: =AVERAGEIF(D10:O10, ">0") -> 432.07314
C11: 人時達成率(%/月均) | D11: =IFERROR(D10/D9, "") -> 0.92118999 | E11: =IFERROR(E10/E9, "") -> 0.95667547 | F11: =IFERROR(F10/F9, "") -> 0.82358447 | G11: =IFERROR(G10/G9, "") -> 0.80961479 | H11: 0.94796667 | I11: 0.96282231 | J11: =IFERROR(J10/J9, "") | K11: =IFERROR(K10/K9, "") | L11: =IFERROR(L10/L9, "") | M11: =IFERROR(M10/M9, "") | N11: =IFERROR(N10/N9, "") | O11: =IFERROR(O10/O9, "") | P11: =AVERAGEIF(D11:O11, ">0") -> 0.90364229
C12: 半成品-報廢(%) | D12: 0.0024135432 | E12: 0.0023657636 | F12: 0.0020222248 | G12: 0.0020113648 | H12: 0.002008824 | I12: 0.0020072506 | P12: =AVERAGEIF(D12:O12, ">0") -> 0.0021381618
C13: 半成品-超用(%) | D13: 0.0055994433 | E13: 0.0052393001 | F13: 0.0048799138 | G13: 0.0043085188 | H13: 0.0061874817 | I13: 0.0060775211 | P13: =AVERAGEIF(D13:O13, ">0") -> 0.0053820298
C14: 固定產線-導入率(%) | D14: 0.9 | E14: 0.9 | F14: 0.9 | G14: 0.9 | H14: 0.9 | I14: 0.9 | P14: =AVERAGEIF(D14:O14, ">0") -> 0.9
C15: 教育訓練-實施率(%) | D15: 0.057692308 | E15: 0.13873626 | F15: 0.21960298 | G15: 0.30384615 | H15: 0.38709677 | I15: 0.47115385 | P15: =MAX(D15:O15) -> 0.47115385
B17: （３）業績構成比 | C17: 18℃-飯糰(061,063) | D17: 0.36139567 | E17: 0.34737657 | F17: 0.36414345 | G17: 0.38079956 | H17: 0.3631831 | I17: 0.29977347 | P17: =AVERAGEIF(D17:O17, ">0") -> 0.35277864
C18: 18℃-壽司手卷(071,072,075,076) | D18: 0.069633574 | E18: 0.077793665 | F18: 0.084480826 | G18: 0.060267904 | H18: 0.041707027 | I18: 0.035290065 | P18: =AVERAGEIF(D18:O18, ">0") -> 0.061528844
C19: 4℃-飯糰(065) | D19: 0.022453222 | E19: 0.02167645 | F19: 0.02436516 | G19: 0.018891118 | H19: 0.013969 | I19: 0.010903809 | P19: =AVERAGEIF(D19:O19, ">0") -> 0.018709793
C20: 4℃-壽司手卷(077) | D20: 0.008585039 | E20: 0.0099523222 | F20: 0.014684918 | G20: 0.028316296 | H20: 0.034128078 | I20: 0.049548361 | P20: =AVERAGEIF(D20:O20, ">0") -> 0.024202502
C21: 主食(091,092,093,094,095) | D21: 0.16215294 | E21: 0.18214708 | F21: 0.20289324 | G21: 0.15628268 | H21: 0.13415544 | I21: 0.1343246 | P21: =AVERAGEIF(D21:O21, ">0") -> 0.16199266
C22: 便當(083) | D22: 0.27057088 | E22: 0.27529226 | F22: 0.29293399 | G22: 0.27842234 | H22: 0.26474822 | I22: 0.22905816 | P22: =AVERAGEIF(D22:O22, ">0") -> 0.26850431
C23: 熱食義麵(122,123,124,126) | D23: 0.029234371 | E23: 0.0089796819 | F23: 0 | G23: 0 | H23: 0 | I23: 0 | P23: =AVERAGEIF(D23:O23, ">0") -> 0.019107026
C24: 季節調理麵(111,112) | D24: 0.040564166 | E24: 0.040109499 | F24: 0.0016541185 | G24: 0.064343547 | H24: 0.13502459 | I24: 0.17184921 | P24: =AVERAGEIF(D24:O24, ">0") -> 0.075590856
C25: 微波小吃(153,154,155) | D25: 0.035410133 | E25: 0.036672477 | F25: 0.01484429 | G25: 0.012676559 | H25: 0.013084541 | I25: 0.069252321 | P25: =AVERAGEIF(D25:O25, ">0") -> 0.030323387
B27: （４）訂單數量構成比 | C27: 18℃-飯糰(061,063) | D27: 0.58577126 | E27: 0.57025346 | F27: 0.57640852 | G27: 0.58366912 | H27: 0.56064801 | I27: 0.49244059 | P27: =AVERAGEIF(D27:O27, ">0") -> 0.56153182
C28: 18℃-壽司手卷(071,072,075,076) | D28: 0.081693946 | E28: 0.091615478 | F28: 0.10179987 | G28: 0.068907687 | H28: 0.044634581 | I28: 0.037850934 | P28: =AVERAGEIF(D28:O28, ">0") -> 0.071083749
C29: 4℃-飯糰(065) | D29: 0.024966128 | E29: 0.023825971 | F29: 0.026809081 | G29: 0.020313393 | H29: 0.014309264 | I29: 0.011252756 | P29: =AVERAGEIF(D29:O29, ">0") -> 0.020246099
C30: 4℃-壽司手卷(077) | D30: 0.0097963785 | E30: 0.011706622 | F30: 0.016401516 | G30: 0.031347822 | H30: 0.048132803 | I30: 0.062276894 | P30: =AVERAGEIF(D30:O30, ">0") -> 0.029943673
C31: 主食(091,092,093,094,095) | D31: 0.089953008 | E31: 0.10114835 | F31: 0.11343936 | G31: 0.089562981 | H31: 0.075610895 | I31: 0.076646794 | P31: =AVERAGEIF(D31:O31, ">0") -> 0.091060231
C32: 便當(083) | D32: 0.13708178 | E32: 0.14060779 | F32: 0.14223546 | G32: 0.13317793 | H32: 0.12743437 | I32: 0.11321897 | P32: =AVERAGEIF(D32:O32, ">0") -> 0.13229272
C33: 熱食義麵(122,123,124,126) | D33: 0.015652481 | E33: 0.0048238686 | F33: 0 | G33: 0 | H33: 0 | I33: 0 | P33: =AVERAGEIF(D33:O33, ">0") -> 0.010238175
C34: 季節調理麵(111,112) | D34: 0.022004735 | E34: 0.020902022 | F34: 0.00067918505 | G34: 0.05386458 | H34: 0.1102248 | I34: 0.14207987 | P34: =AVERAGEIF(D34:O34, ">0") -> 0.058292532
C35: 微波小吃(153,154,155) | D35: 0.033080287 | E35: 0.035116432 | F35: 0.02222701 | G35: 0.019156487 | H35: 0.019005279 | I35: 0.064233196 | P35: =AVERAGEIF(D35:O35, ">0") -> 0.032136449
B37: （５）品群別人時生產性 | C37: 18℃-飯糰(061,063) | D37: 768.96509 | E37: 774.12086 | F37: 757.59042 | G37: 740.76981 | H37: 765.35782 | I37: 783.42711 | P37: =AVERAGEIF(D37:O37, ">0") -> 765.03852
C38: 18℃-壽司手卷(071,072,075,076) | D38: 280.52358 | E38: 304.46478 | F38: 311.70582 | G38: 320.67204 | H38: 308.11597 | I38: 298.23677 | P38: =AVERAGEIF(D38:O38, ">0") -> 303.95316
C39: 4℃-飯糰(065) | D39: 258.56167 | E39: 203.24374 | F39: 331.13667 | G39: 331.07659 | H39: 209.58696 | I39: 118.56652 | P39: =AVERAGEIF(D39:O39, ">0") -> 242.02869
C40: 4℃-壽司手卷(077) | D40: 486.07171 | E40: 490.19814 | F40: 493.97618 | G40: 416.8019 | H40: 367.70757 | I40: 397.08854 | P40: =AVERAGEIF(D40:O40, ">0") -> 441.97401
C41: 主食(091,092,093,094,095) | D41: 82.669482 | E41: 81.452412 | F41: 79.949999 | G41: 82.282454 | H41: 81.903989 | I41: 84.22771 | P41: =AVERAGEIF(D41:O41, ">0") -> 82.081008
C42: 便當(083) | D42: 78.306367 | E42: 77.971323 | F42: 77.906797 | G42: 78.189351 | H42: 79.190462 | I42: 79.718377 | P42: =AVERAGEIF(D42:O42, ">0") -> 78.547113
C43: 熱食義麵(122,123,124,126) | D43: 76.250133 | E43: 72.949976 | F43: 0 | G43: 0 | H43: 0 | I43: 0 | P43: =AVERAGEIF(D43:O43, ">0") -> 74.600054
C44: 季節調理麵(111,112) | D44: 110.8083 | E44: 97.157501 | F44: 84.601424 | G44: 159.74229 | H44: 161.80618 | I44: 157.36335 | P44: =AVERAGEIF(D44:O44, ">0") -> 128.57984
C45: 微波小吃(153,154,155) | D45: 76.123665 | E45: 77.592138 | F45: 83.044479 | G45: 83.064527 | H45: 89.419713 | I45: 118.28437 | P45: =AVERAGEIF(D45:O45, ">0") -> 87.921481

Sheet 生產管理報表(月)
A1: 大溪廠生產管理報表
A3: 月別 | B3: 6 | C3: 工廠 | D3: 大溪廠
A4: （１）收支狀況 | E4: ※單位：千元 | G4: （２）ＫＰＩ達成進度
A5: 項目 | B5: 當月 | C5: 前月 | D5: 差異 | E5: 累計 | G5: 項目 | H5: KPI | I5: 當月 | J5: 前月 | K5: 累計 | L5: ※補充
A6: 業績金額 | B6: ='（１）收支狀況'!#REF!/1000 -> #REF! | C6: 181836.63 | D6: =B6-C6 -> #REF! | E6: ='數值累積總表(月)'!P2 -> 948291.59 | G6: 人時性(個/月均) | H6: 497.6 | I6: ='（２）ＫＰＩ達成進度'!#REF! -> #REF! | J6: 419.38046 | K6: ='數值累積總表(月)'!P10 -> 432.07314 | L6: 個／MH
A7: 訂單數量 | B7: ='（１）收支狀況'!#REF! -> #REF! | C7: 6084520 | D7: =B7-C7 -> #REF! | E7: ='數值累積總表(月)'!P3 -> 31357886 | G7: 人時達成率(%/月均) | H7: 0.8 | I7: ='（２）ＫＰＩ達成進度'!#REF! -> #REF! | J7: 0.94796667 | K7: ='數值累積總表(月)'!P11 -> 0.90364229 | L7: 達成率
A8: 材料費 | B8: ='（１）收支狀況'!#REF!/1000 -> #REF! | C8: 122511 | D8: =B8-C8 -> #REF! | E8: ='數值累積總表(月)'!P4 -> 609605 | G8: 半成品-報廢(%) | H8: 0.0025 | I8: ='（２）ＫＰＩ達成進度'!#REF! -> #REF! | J8: 0.002008824 | K8: ='數值累積總表(月)'!P12 -> 0.0021381618 | L8: 報廢率
A9: 材料費率 | B9: ='（１）收支狀況'!#REF! -> #REF! | C9: 0.67374214 | D9: =B9-C9 -> #REF! | E9: ='數值累積總表(月)'!P5 -> 0.661 | G9: 半成品-超用(%) | H9: 0.004 | I9: ='（２）ＫＰＩ達成進度'!#REF! -> #REF! | J9: 0.0061874817 | K9: ='數值累積總表(月)'!P13 -> 0.0053820298 | L9: 超用率
A10: 勞務成本 | B10: ='（１）收支狀況'!#REF!/1000 -> #REF! | C10: 25634.58 | D10: =B10-C10 -> #REF! | E10: ='數值累積總表(月)'!P6 -> 142443 | G10: 固定產線-導入率(%) | H10: 0.8 | I10: ='（２）ＫＰＩ達成進度'!#REF! -> #REF! | J10: 0.9 | K10: ='數值累積總表(月)'!P14 -> 0.9 | L10: 導入率
A11: 勞務費率 | B11: ='（１）收支狀況'!#REF! -> #REF! | C11: 0.14097589 | D11: =B11-C11 -> #REF! | E11: ='數值累積總表(月)'!P7 -> 0.15733333 | G11: 教育訓練-實施率(%) | H11: 1 | I11: ='（２）ＫＰＩ達成進度'!#REF! -> #REF! | J11: 0.38709677 | K11: ='數值累積總表(月)'!P15 -> 0.47115385 | L11: 實施率
A13: （３）業績構成比 | E13: ※單位：千元 | G13: （４）訂單數量構成比 | K13: ※單位：個
B14: 當月 | C14: 比例 | D14: 前月 | E14: 差異 | H14: 當月 | I14: 比例 | J14: 前月 | K14: 差異
A15: 18℃-飯糰(061,063) | B15: =SUM('（３）業績構成比'!M7:M7)/1000 -> 2166.4421 | C15: =IFERROR(B15/$B$6,"") | D15: 0.3631831 | E15: =IFERROR(C15-D15,"") | G15: 18℃-飯糰(061,063) | H15: =SUM('（４）訂單數量構成比'!M7:M7) -> 114912 | I15: =IFERROR(H15/$B$7,"") | J15: 0.56064801 | K15: =IFERROR(I15-J15,"")
A16: 18℃-壽司手卷(071,072,075,076) | B16: =SUM('（３）業績構成比'!S7:S7)/1000 -> 243.64036 | C16: =IFERROR(B16/$B$6,"") | D16: 0.041707027 | E16: =IFERROR(C16-D16,"") | G16: 18℃-壽司手卷(071,072,075,076) | H16: =SUM('（４）訂單數量構成比'!S7:S7) -> 8454 | I16: =IFERROR(H16/$B$7,"") | J16: 0.044634581 | K16: =IFERROR(I16-J16,"")
A17: 4℃-飯糰(065) | B17: =SUM('（３）業績構成比'!U7:U7)/1000 -> 76.93299 | C17: =IFERROR(B17/$B$6,"") | D17: 0.013969 | E17: =IFERROR(C17-D17,"") | G17: 4℃-飯糰(065) | H17: =SUM('（４）訂單數量構成比'!U7:U7) -> 2567 | I17: =IFERROR(H17/$B$7,"") | J17: 0.014309264 | K17: =IFERROR(I17-J17,"")
A18: 4℃-壽司手卷(077) | B18: =SUM('（３）業績構成比'!W7:W7)/1000 -> 269.17606 | C18: =IFERROR(B18/$B$6,"") | D18: 0.034128078 | E18: =IFERROR(C18-D18,"") | G18: 4℃-壽司手卷(077) | H18: =SUM('（４）訂單數量構成比'!W7:W7) -> 11068 | I18: =IFERROR(H18/$B$7,"") | J18: 0.048132803 | K18: =IFERROR(I18-J18,"")
A19: 主食(091,092,093,094,095) | B19: =SUM('（３）業績構成比'!AC7:AC7)/1000 -> 1058.9949 | C19: =IFERROR(B19/$B$6,"") | D19: 0.13415544 | E19: =IFERROR(C19-D19,"") | G19: 主食(091,092,093,094,095) | H19: =SUM('（４）訂單數量構成比'!AC7:AC7) -> 19314 | I19: =IFERROR(H19/$B$7,"") | J19: 0.075610895 | K19: =IFERROR(I19-J19,"")
A20: 便當(083) | B20: =SUM('（３）業績構成比'!AE7:AE7)/1000 -> 1964.1923 | C20: =IFERROR(B20/$B$6,"") | D20: 0.26474822 | E20: =IFERROR(C20-D20,"") | G20: 便當(083) | H20: =SUM('（４）訂單數量構成比'!AE7:AE7) -> 31363 | I20: =IFERROR(H20/$B$7,"") | J20: 0.12743437 | K20: =IFERROR(I20-J20,"")
A21: 熱食義麵(122,123,124,126) | B21: =SUM('（３）業績構成比'!AG7:AG7)/1000 -> 0 | C21: =IFERROR(B21/$B$6,"") | D21: 0 | E21: =IFERROR(C21-D21,"") | G21: 熱食義麵(122,123,124,126) | H21: =SUM('（４）訂單數量構成比'!AG7:AG7) -> 0 | I21: =IFERROR(H21/$B$7,"") | J21: 0 | K21: =IFERROR(I21-J21,"")
A22: 季節調理麵(111,112) | B22: =SUM('（３）業績構成比'!AI7:AI7)/1000 -> 1049.909 | C22: =IFERROR(B22/$B$6,"") | D22: 0.13502459 | E22: =IFERROR(C22-D22,"") | G22: 季節調理麵(111,112) | H22: =SUM('（４）訂單數量構成比'!AI7:AI7) -> 28378 | I22: =IFERROR(H22/$B$7,"") | J22: 0.1102248 | K22: =IFERROR(I22-J22,"")
A23: 微波小吃(153,154,155) | B23: =SUM('（３）業績構成比'!AK7:AK7)/1000 -> 463.46359 | C23: =IFERROR(B23/$B$6,"") | D23: 0.013084541 | E23: =IFERROR(C23-D23,"") | G23: 微波小吃(153,154,155) | H23: =SUM('（４）訂單數量構成比'!AK7:AK7) -> 13924 | I23: =IFERROR(H23/$B$7,"") | J23: 0.019005279 | K23: =IFERROR(I23-J23,"")
C24: =SUM(C15:C23) -> 0 | D24: =SUM(D15:D23) -> 1 | I24: =SUM(I15:I23) -> 0 | J24: =SUM(J15:J23) -> 1
A26: （５）品群別人時生產性
A27: 品群 | B27: 當月 | C27: 前月 | D27: 差異 | E27: 累計
A28: 18℃-飯A15:A23糰(061,063) | B28: ='（５-1）品群別人時生產性(18℃-飯糰)'!C1 -> 768.74032 | C28: 765.35782 | D28: =B28-C28 -> 3.3825014 | E28: ='數值累積總表(月)'!P37 -> 765.03852
A29: 18℃-壽司手卷(071,072,075,076) | B29: ='（５-2）品群別人時生產性(18℃-壽司手卷)'!C1 -> 298.86613 | C29: 308.11597 | D29: =B29-C29 -> -9.2498406 | E29: ='數值累積總表(月)'!P38 -> 303.95316
A30: 4℃-飯糰(065) | B30: ='（５-3）品群別人時生產性(4℃-飯糰)'!C1 -> 116.24957 | C30: 209.58696 | D30: =B30-C30 -> -93.337399 | E30: ='數值累積總表(月)'!P39 -> 242.02869
A31: 4℃-壽司手卷(077) | B31: ='（５-4）品群別人時生產性(4℃-壽司手卷)'!C1 -> 432.41163 | C31: 367.70757 | D31: =B31-C31 -> 64.70406 | E31: ='數值累積總表(月)'!P40 -> 441.97401
A32: 主食(091,092,093,094,095) | B32: ='（５-5）品群別人時生產性(微波主食) '!C1 -> 85.267291 | C32: 81.903989 | D32: =B32-C32 -> 3.3633018 | E32: ='數值累積總表(月)'!P41 -> 82.081008
A33: 便當(083) | B33: ='（５-6）品群別人時生產性(便當)'!C1 -> 79.34755 | C33: 79.190462 | D33: =B33-C33 -> 0.15708879 | E33: ='數值累積總表(月)'!P42 -> 78.547113
A34: 熱食義麵(122,123,124,126) | B34: ='（５-7）品群別人時生產性(熱食義麵) '!C1 -> 0 | C34: 0 | D34: =B34-C34 -> 0 | E34: ='數值累積總表(月)'!P43 -> 74.600054
A35: 季節調理麵(111,112) | B35: ='（５-8）品群別人時生產性(季節調理麵) '!C1 -> 156.88743 | C35: 161.80618 | D35: =B35-C35 -> -4.9187539 | E35: ='數值累積總表(月)'!P44 -> 128.57984
A36: 微波小吃(153,154,155) | B36: ='（５-9）品群別人時生產性(微波小吃)'!C1 -> 117.5096 | C36: 89.419713 | D36: =B36-C36 -> 28.089884 | E36: ='數值累積總表(月)'!P45 -> 87.921481

Sheet 生產管理報表(週) 
A1: 大溪廠生產管理報表
A3: 月別 | B3: 7 | C3: 週別 | D3: W3 | E3: 工廠 | F3: 大溪廠
A4: （１）收支狀況 | E4: ※單位：千元 | G4: （２）ＫＰＩ達成進度
A5: 項目 | B5: 當週 | C5: 前週 | D5: 差異 | E5: 累計 | G5: 項目 | H5: KPI | I5: 當週 | J5: 前週 | K5: 累計 | L5: ※補充
A6: 業績金額 | B6: ='（１）收支狀況'!G19/1000 -> 43787.409 | C6: 48409.402 | D6: =B6-C6 -> -4621.9934 | E6: ='（１）收支狀況'!H6:H6/1000 -> 131301.23 | G6: 人時性(個/月均) | H6: 442.4 | I6: ='（２）ＫＰＩ達成進度'!G19 -> 435.74576 | J6: 427.48888 | K6: ='（２）ＫＰＩ達成進度'!H6 -> 431.30084 | L6: 個／MH
A7: 訂單數量 | B7: ='（１）收支狀況'!J19 -> 1380106 | C7: 1514096 | D7: =B7-C7 -> -133990 | E7: ='（１）收支狀況'!K6:K6 -> 4151257 | G7: 人時達成率(%/月均) | H7: 0.8 | I7: ='（２）ＫＰＩ達成進度'!J19 -> 0.98495878 | J7: 0.96629495 | K7: ='（２）ＫＰＩ達成進度'!K6 -> 0.97491147 | L7: 達成率
A8: 材料費 | B8: ='（１）收支狀況'!M19/1000 -> 29380.856 | C8: 32519.175 | D8: =B8-C8 -> -3138.319 | E8: ='（１）收支狀況'!N6:N6/1000 -> 88351.545 | G8: 半成品-報廢(%) | H8: 0.0025 | I8: ='（２）ＫＰＩ達成進度'!M19 -> 0.0020036679 | J8: 0.002012889 | K8: ='（２）ＫＰＩ達成進度'!N6 -> 0.0020080487 | L8: 報廢率
A9: 材料費率 | B9: ='（１）收支狀況'!P19 -> 0.67098869 | C9: 0.67175329 | D9: =B9-C9 -> -0.00076459715 | E9: ='（１）收支狀況'!Q6 -> 0.67289201 | G9: 半成品-超用(%) | H9: 0.004 | I9: ='（２）ＫＰＩ達成進度'!P19 -> 0.0060137091 | J9: 0.0060293903 | K9: ='（２）ＫＰＩ達成進度'!Q6 -> 0.0060192687 | L9: 超用率
A10: 勞務成本 | B10: ='（１）收支狀況'!S19/1000 -> 6117.744 | C10: 6474.2051 | D10: =B10-C10 -> -356.46102 | E10: ='（１）收支狀況'!T6/1000 -> 17903.717 | G10: 固定產線-導入率(%) | H10: 0.8 | I10: ='（２）ＫＰＩ達成進度'!S19 -> 0.9 | J10: 0.9 | K10: ='（２）ＫＰＩ達成進度'!T6 -> 0.9 | L10: 導入率
A11: 勞務費率 | B11: ='（１）收支狀況'!V19 -> 0.13971469 | C11: 0.13373859 | D11: =B11-C11 -> 0.0059760983 | E11: ='（１）收支狀況'!W6 -> 0.13635605 | G11: 教育訓練-實施率(%) | H11: 1 | I11: =29/52*100% -> 0.55769231 | J11: 0.53846154 | K11: ='（２）ＫＰＩ達成進度'!W6 -> 0.53942308 | L11: 實施率
A13: （３）業績構成比 | E13: ※單位：千元 | G13: （４）訂單數量構成比 | K13: ※單位：個
B14: 當週 | C14: 比例 | D14: 前週 | E14: 差異 | H14: 當週 | I14: 比例 | J14: 前週 | K14: 差異
A15: 18℃-飯糰(061,063) | B15: =SUM('（３）業績構成比'!M21:M27)/1000 -> 12614.878 | C15: =IFERROR(B15/$B$6,"") -> 0.28809374 | D15: 0.26595563 | E15: =IFERROR(C15-D15,"") -> 0.02213811 | G15: 18℃-飯糰(061,063) | H15: =SUM('（４）訂單數量構成比'!M21:M27) -> 659652 | I15: =IFERROR(H15/$B$7,"") -> 0.47797198 | J15: 0.45248782 | K15: =IFERROR(I15-J15,"") -> 0.025484161
A16: 18℃-壽司手卷(071,072,075,076) | B16: =SUM('（３）業績構成比'!S21:S27)/1000 -> 1542.3037 | C16: =IFERROR(B16/$B$6,"") -> 0.035222539 | D16: 0.032307378 | E16: =IFERROR(C16-D16,"") -> 0.0029151606 | G16: 18℃-壽司手卷(071,072,075,076) | H16: =SUM('（４）訂單數量構成比'!S21:S27) -> 53620 | I16: =IFERROR(H16/$B$7,"") -> 0.038852088 | J16: 0.035898648 | K16: =IFERROR(I16-J16,"") -> 0.0029534397
A17: 4℃-飯糰(065) | B17: =SUM('（３）業績構成比'!U21:U27)/1000 -> 1287.4039 | C17: =IFERROR(B17/$B$6,"") -> 0.029401235 | D17: 0.034651895 | E17: =IFERROR(C17-D17,"") -> -0.0052506597 | G17: 4℃-飯糰(065) | H17: =SUM('（４）訂單數量構成比'!U21:U27) -> 43652 | I17: =IFERROR(H17/$B$7,"") -> 0.031629455 | J17: 0.037657454 | K17: =IFERROR(I17-J17,"") -> -0.0060279991
A18: 4℃-壽司手卷(077) | B18: =SUM('（３）業績構成比'!W21:W27)/1000 -> 1533.5521 | C18: =IFERROR(B18/$B$6,"") -> 0.035022673 | D18: 0.033949055 | E18: =IFERROR(C18-D18,"") -> 0.0010736173 | G18: 4℃-壽司手卷(077) | H18: =SUM('（４）訂單數量構成比'!W21:W27) -> 63826 | I18: =IFERROR(H18/$B$7,"") -> 0.046247172 | J18: 0.044975352 | K18: =IFERROR(I18-J18,"") -> 0.0012718207
A19: 主食(091,092,093,094,095) | B19: =SUM('（３）業績構成比'!AC21:AC27)/1000 -> 7180.1879 | C19: =IFERROR(B19/$B$6,"") -> 0.16397837 | D19: 0.17931256 | E19: =IFERROR(C19-D19,"") -> -0.015334189 | G19: 主食(091,092,093,094,095) | H19: =SUM('（４）訂單數量構成比'!AC21:AC27) -> 134272 | I19: =IFERROR(H19/$B$7,"") -> 0.097291078 | J19: 0.10840462 | K19: =IFERROR(I19-J19,"") -> -0.011113541
A20: 便當(083) | B20: =SUM('（３）業績構成比'!AE21:AE27)/1000 -> 10175.318 | C20: =IFERROR(B20/$B$6,"") -> 0.23238001 | D20: 0.2183814 | E20: =IFERROR(C20-D20,"") -> 0.013998603 | G20: 便當(083) | H20: =SUM('（４）訂單數量構成比'!AE21:AE27) -> 163257 | I20: =IFERROR(H20/$B$7,"") -> 0.11829309 | J20: 0.11181854 | K20: =IFERROR(I20-J20,"") -> 0.0064745504
A21: 熱食義麵(122,123,124,126) | B21: =SUM('（３）業績構成比'!AG21:AG27)/1000 -> 0 | C21: =IFERROR(B21/$B$6,"") -> 0 | D21: 0 | E21: =IFERROR(C21-D21,"") -> 0 | G21: 熱食義麵(122,123,124,126) | H21: =SUM('（４）訂單數量構成比'!AG21:AG27) -> 0 | I21: =IFERROR(H21/$B$7,"") -> 0 | J21: 0 | K21: =IFERROR(I21-J21,"") -> 0
A22: 季節調理麵(111,112) | B22: =SUM('（３）業績構成比'!AI21:AI27)/1000 -> 6739.2106 | C22: =IFERROR(B22/$B$6,"") -> 0.1539075 | D22: 0.17424934 | E22: =IFERROR(C22-D22,"") -> -0.020341837 | G22: 季節調理麵(111,112) | H22: =SUM('（４）訂單數量構成比'!AI21:AI27) -> 178703 | I22: =IFERROR(H22/$B$7,"") -> 0.12948498 | J22: 0.1491702 | K22: =IFERROR(I22-J22,"") -> -0.019685216
A23: 微波小吃(153,154,155) | B23: =SUM('（３）業績構成比'!AK21:AK27)/1000 -> 2714.5536 | C23: =IFERROR(B23/$B$6,"") -> 0.061993933 | D23: 0.061192737 | E23: =IFERROR(C23-D23,"") -> 0.00080119515 | G23: 微波小吃(153,154,155) | H23: =SUM('（４）訂單數量構成比'!AK21:AK27) -> 83124 | I23: =IFERROR(H23/$B$7,"") -> 0.060230156 | J23: 0.059587371 | K23: =IFERROR(I23-J23,"") -> 0.00064278529
C24: =SUM(C15:C23) -> 1 | D24: =SUM(D15:D23) -> 1 | I24: =SUM(I15:I23) -> 1 | J24: =SUM(J15:J23) -> 1
A26: （５）品群別人時生產性
A27: 品群 | B27: 當週 | C27: 前週 | D27: 差異 | E27: 累計
A28: 18℃-飯糰(061,063) | B28: ='（５-1）品群別人時生產性(18℃-飯糰)'!L91 -> 769.53148 | C28: 765.61007 | D28: =B28-C28 -> 3.9214086 | E28: ='（５-1）品群別人時生產性(18℃-飯糰)'!C1 -> 768.74032
A29: 18℃-壽司手卷(071,072,075,076) | B29: ='（５-2）品群別人時生產性(18℃-壽司手卷)'!L47 -> 298.89112 | C29: 298.97236 | D29: =B29-C29 -> -0.081239932 | E29: ='（５-2）品群別人時生產性(18℃-壽司手卷)'!C1 -> 298.86613
A30: 4℃-飯糰(065) | B30: ='（５-3）品群別人時生產性(4℃-飯糰)'!L47 -> 115.9678 | C30: 113.38841 | D30: =B30-C30 -> 2.5793906 | E30: ='（５-3）品群別人時生產性(4℃-飯糰)'!C1 -> 116.24957
A31: 4℃-壽司手卷(077) | B31: ='（５-4）品群別人時生產性(4℃-壽司手卷)'!L47 -> 452.87919 | C31: 451.13497 | D31: =B31-C31 -> 1.7442227 | E31: ='（５-4）品群別人時生產性(4℃-壽司手卷)'!C1 -> 432.41163
A32: 主食(091,092,093,094,095) | B32: ='（５-5）品群別人時生產性(微波主食) '!L47 -> 85.849102 | C32: 84.201375 | D32: =B32-C32 -> 1.6477269 | E32: ='（５-5）品群別人時生產性(微波主食) '!C1 -> 85.267291
A33: 便當(083) | B33: ='（５-6）品群別人時生產性(便當)'!L47 -> 79.518358 | C33: 79.487088 | D33: =B33-C33 -> 0.031270237 | E33: ='（５-6）品群別人時生產性(便當)'!C1 -> 79.34755
A34: 熱食義麵(122,123,124,126) | B34: ='（５-7）品群別人時生產性(熱食義麵) '!L47 -> 0 | C34: 0 | D34: =B34-C34 -> 0 | E34: ='（５-7）品群別人時生產性(熱食義麵) '!C1 -> 0
A35: 季節調理麵(111,112) | B35: ='（５-8）品群別人時生產性(季節調理麵) '!L47 -> 155.59253 | C35: 157.47086 | D35: =B35-C35 -> -1.8783338 | E35: ='（５-8）品群別人時生產性(季節調理麵) '!C1 -> 156.88743
A36: 微波小吃(153,154,155) | B36: ='（５-9）品群別人時生產性(微波小吃)'!L47 -> 117.51708 | C36: 117.52142 | D36: =B36-C36 -> -0.0043364273 | E36: ='（５-9）品群別人時生產性(微波小吃)'!C1 -> 117.5096

Sheet （１）收支狀況
B2: （１）收支狀況
B3: 資料繳交日 | C3: 月份 | D3: 日期 | F3: 營業額(元) | I3: 訂單數量(個) | L3: 材料費(元) | O3: 材料費率（材料費／營業額） | R3: 勞務成本（全廠人事成本） | U3: 勞務費率（勞務成本／營業額）
F4: 日 | G4: 週累積 | H4: 月累積 | I4: 日 | J4: 週累積 | K4: 月累積 | L4: 日 | M4: 週累積 | N4: 月累積 | O4: 日 | P4: 週累積 | Q4: 月累積 | R4: 日 | S4: 週累積 | T4: 月累積 | U4: 日 | V4: 週累積 | W4: 月累積
B5: 46211 | D5: 46203 | E5: 二 | F5: 7292751.3 | G5: =SUM(F5:F11) -> 46397167 | I5: 229980 | J5: =SUM(I5:I11) -> 1487035 | L5: 4832312.4 | M5: =SUM(L5:L11) -> 31283826 | O5: =L5/F5 -> 0.66261856 | P5: =M5/G5 -> 0.67426157 | R5: 983789.55 | S5: =SUM(R5:R11) -> 6295557.1 | U5: =R5/F5 -> 0.13489964 | V5: =S5/G5 -> 0.1356884
C6: 七 | D6: =D5+1 -> 46204 | E6: 三 | F6: 6821172.8 | H6: =SUM(F6:F36) -> 1.3130123e+08 | I6: 219467 | K6: =SUM(I6:I36) -> 4151257 | L6: 4619692 | N6: =SUM(L6:L36) -> 88351545 | O6: =L6/F6 -> 0.67725773 | Q6: =N6/H6 -> 0.67289201 | R6: 891137.81 | T6: =SUM(R6:R36) -> 17903717 | U6: =R6/F6 -> 0.1306429 | W6: =T6/H6 -> 0.13635605
D7: =D6+1 -> 46205 | E7: 四 | F7: 6343385.2 | I7: 206563 | L7: 4244444.1 | O7: =L7/F7 -> 0.6691134 | R7: 886674.37 | U7: =R7/F7 -> 0.13977937
D8: =D7+1 -> 46206 | E8: 五 | F8: 5464679.9 | I8: 176725 | L8: 3679588.7 | O8: =L8/F8 -> 0.67334021 | R8: 824958.19 | U8: =R8/F8 -> 0.15096185
D9: =D8+1 -> 46207 | E9: 六 | F9: 6007602.6 | I9: 192415 | L9: 4079843.5 | O9: =L9/F9 -> 0.6791134 | R9: 838341.33 | U9: =R9/F9 -> 0.13954673
D10: =D9+1 -> 46208 | E10: 日 | F10: 7429288.9 | I10: 234759 | L10: 5016225.2 | O10: =L10/F10 -> 0.67519588 | R10: 943212.37 | U10: =R10/F10 -> 0.12695863
D11: =D10+1 -> 46209 | E11: 一 | F11: 7038286 | I11: 227126 | L11: 4811720.6 | O11: =L11/F11 -> 0.68364948 | R11: 927443.5 | U11: =R11/F11 -> 0.13177121
B12: =B5+7 -> 46218 | D12: =D11+1 -> 46210 | E12: 二 | F12: 7860603.4 | G12: =SUM(F12:F18) -> 48409402 | I12: 249215 | J12: =SUM(I12:I18) -> 1514096 | L12: 5271790.6 | M12: =SUM(L12:L18) -> 32519175 | O12: =L12/F12 -> 0.67065979 | P12: =M12/G12 -> 0.67175329 | R12: 992155.3 | S12: =SUM(R12:R18) -> 6474205.1 | U12: =R12/F12 -> 0.12621872 | V12: =S12/G12 -> 0.13373859
D13: =D12+1 -> 46211 | E13: 三 | F13: 7229875 | I13: 230160 | L13: 4820463.2 | O13: =L13/F13 -> 0.66674227 | R13: 938245.1 | U13: =R13/F13 -> 0.12977335
D14: =D13+1 -> 46212 | E14: 四 | F14: 6763681.4 | I14: 211372 | L14: 4492897.4 | O14: =L14/F14 -> 0.66426804 | R14: 923989.09 | U14: =R14/F14 -> 0.13661038
D15: =D14+1 -> 46213 | E15: 五 | F15: 5383246.3 | I15: 168721 | L15: 3666934.2 | O15: =L15/F15 -> 0.68117526 | R15: 808018.27 | U15: =R15/F15 -> 0.1500987
D16: =D15+1 -> 46214 | E16: 六 | F16: 6085802.3 | I16: 191243 | L16: 4159928.2 | O16: =L16/F16 -> 0.68354639 | R16: 846564.04 | U16: =R16/F16 -> 0.13910475
D17: =D16+1 -> 46215 | E17: 日 | F17: 7790002.1 | I17: 237620 | L17: 5212394.8 | O17: =L17/F17 -> 0.6691134 | R17: 1014302.4 | U17: =R17/F17 -> 0.13020566
D18: =D17+1 -> 46216 | E18: 一 | F18: 7296191.5 | I18: 225765 | L18: 4894766.6 | O18: =L18/F18 -> 0.67086598 | R18: 950930.87 | U18: =R18/F18 -> 0.1303325
B19: =B12+7 -> 46225 | D19: =D18+1 -> 46217 | E19: 二 | F19: 6870172.4 | G19: =SUM(F19:F25) -> 43787409 | I19: 215096 | J19: =SUM(I19:I25) -> 1380106 | L19: 4655710.5 | M19: =SUM(L19:L25) -> 29380856 | O19: =L19/F19 -> 0.6776701 | P19: =M19/G19 -> 0.67098869 | R19: 917953.9 | S19: =SUM(R19:R25) -> 6117744 | U19: =R19/F19 -> 0.13361439 | V19: =S19/G19 -> 0.13971469
D20: =D19+1 -> 46218 | E20: 三 | F20: 6423738.6 | I20: 202647 | L20: 4261786.3 | O20: =L20/F20 -> 0.6634433 | R20: 880401.01 | U20: =R20/F20 -> 0.1370543
D21: =D20+1 -> 46219 | E21: 四 | F21: 5886839.1 | I21: 187259 | L21: 3929252.7 | O21: =L21/F21 -> 0.66746392 | R21: 849047.79 | U21: =R21/F21 -> 0.14422813
D22: =D21+1 -> 46220 | E22: 五 | F22: 5200104.5 | I22: 164894 | L22: 3489109.3 | O22: =L22/F22 -> 0.67096907 | R22: 799003.18 | U22: =R22/F22 -> 0.15365137
D23: =D22+1 -> 46221 | E23: 六 | F23: 5391308.3 | I23: 172065 | L23: 3661865.5 | O23: =L23/F23 -> 0.67921649 | R23: 802686.22 | U23: =R23/F23 -> 0.14888524
D24: =D23+1 -> 46222 | E24: 日 | F24: 7176291.2 | I24: 222011 | L24: 4825427 | O24: =L24/F24 -> 0.67241237 | R24: 944834.8 | U24: =R24/F24 -> 0.1316606
D25: =D24+1 -> 46223 | E25: 一 | F25: 6838954.4 | I25: 216134 | L25: 4557704.8 | O25: =L25/F25 -> 0.66643299 | R25: 923817.14 | U25: =R25/F25 -> 0.13508164
B26: =B19+7 -> 46232 | D26: =D25+1 -> 46224 | E26: 二 | G26: =SUM(F26:F32) -> 0 | J26: =SUM(I26:I32) -> 0 | M26: =SUM(L26:L32) -> 0 | O26: =L26/F26 -> #DIV/0! | P26: =M26/G26 -> #DIV/0! | S26: =SUM(R26:R32) -> 0 | U26: =R26/F26 -> #DIV/0! | V26: =S26/G26 -> #DIV/0!
D27: =D26+1 -> 46225 | E27: 三 | O27: =L27/F27 -> #DIV/0! | U27: =R27/F27 -> #DIV/0!
D28: =D27+1 -> 46226 | E28: 四 | O28: =L28/F28 -> #DIV/0! | U28: =R28/F28 -> #DIV/0!
D29: =D28+1 -> 46227 | E29: 五 | O29: =L29/F29 -> #DIV/0! | U29: =R29/F29 -> #DIV/0!
D30: =D29+1 -> 46228 | E30: 六 | O30: =L30/F30 -> #DIV/0! | U30: =R30/F30 -> #DIV/0!
D31: =D30+1 -> 46229 | E31: 日 | O31: =L31/F31 -> #DIV/0! | U31: =R31/F31 -> #DIV/0!
D32: =D31+1 -> 46230 | E32: 一 | O32: =L32/F32 -> #DIV/0! | U32: =R32/F32 -> #DIV/0!
B33: =B26+7 -> 46239 | D33: =D32+1 -> 46231 | E33: 二 | G33: =SUM(F33:F39) -> 0 | J33: =SUM(I33:I39) -> 0 | M33: =SUM(L33:L39) -> 0 | O33: =L33/F33 -> #DIV/0! | P33: =M33/G33 -> #DIV/0! | S33: =SUM(R33:R39) -> 0 | U33: =R33/F33 -> #DIV/0! | V33: =S33/G33 -> #DIV/0!
D34: =D33+1 -> 46232 | E34: 三 | O34: =L34/F34 -> #DIV/0! | U34: =R34/F34 -> #DIV/0!
D35: =D34+1 -> 46233 | E35: 四 | O35: =L35/F35 -> #DIV/0! | U35: =R35/F35 -> #DIV/0!
D36: =D35+1 -> 46234 | E36: 五 | O36: =L36/F36 -> #DIV/0! | U36: =R36/F36 -> #DIV/0!
D37: =D36+1 -> 46235 | E37: 六 | O37: =L37/F37 -> #DIV/0! | U37: =R37/F37 -> #DIV/0!
D38: =D37+1 -> 46236 | E38: 日 | O38: =L38/F38 -> #DIV/0! | U38: =R38/F38 -> #DIV/0!
D39: =D38+1 -> 46237 | E39: 一 | O39: =L39/F39 -> #DIV/0! | U39: =R39/F39 -> #DIV/0!

Sheet （２）ＫＰＩ達成進度
B1: 人時生產性基準值 | C1: 442.4
B2: （２）ＫＰＩ達成進度
B3: 資料繳交日 | C3: 月份 | D3: 日期 | F3: 人時生產性(個/人) | I3: 人時生產性達成率(%) | L3: 半成品報廢(%) | O3: 半成品超用(%) | R3: 固定產線-導入率(固定產線數/總產線數) | U3: 教育訓練-實施率(進度/計畫)
F4: 日 | G4: 週平均 | H4: 月平均 | I4: 日 | J4: 週平均 | K4: 月平均 | L4: 日 | M4: 週平均 | N4: 月平均 | O4: 日 | P4: 週平均 | Q4: 月平均 | R4: 日 | S4: 週平均 | T4: 月平均 | U4: 日 | V4: 週平均 | W4: 月平均
B5: 46211 | D5: 46203 | E5: 二 | F5: 414.46182 | G5: =AVERAGE(F5:F11) -> 428.26229 | I5: =F5/$C$1 -> 0.93684859 | J5: =AVERAGE(I5:I11) -> 0.96804314 | L5: 0.00201 | M5: =AVERAGE(L5:L11) -> 0.002007868 | O5: 0.006 | P5: =AVERAGE(O5:O11) -> 0.0060119541 | R5: 0.9 | S5: =AVERAGE(R5:R11) -> 0.9 | U5: =27/52*100% -> 0.51923077 | V5: =AVERAGE(U5:U11) -> 0.51923077
C6: 七 | D6: =D5+1 -> 46204 | E6: 三 | F6: 435.97969 | H6: =AVERAGEIF(F6:F36,"<>0") -> 431.30084 | I6: =F6/$C$1 -> 0.98548754 | K6: =AVERAGEIF(I6:I36,"<>0") -> 0.97491147 | L6: 0.002007906 | N6: =AVERAGEIF(L6:L36,"<>0") -> 0.0020080487 | O6: 0.0060181156 | Q6: =AVERAGEIF(O6:O36,"<>0") -> 0.0060192687 | R6: 0.9 | T6: =AVERAGEIF(R6:R36,"<>0") -> 0.9 | U6: =27/52*100% -> 0.51923077 | W6: =AVERAGEIF(U6:U36,"<>0") -> 0.53942308
D7: =D6+1 -> 46205 | E7: 四 | F7: 436.43137 | I7: =F7/$C$1 -> 0.98650852 | L7: 0.0020058935 | O7: 0.0060118098 | R7: 0.9 | U7: =27/52*100% -> 0.51923077
D8: =D7+1 -> 46206 | E8: 五 | F8: 437.68597 | I8: =F8/$C$1 -> 0.98934442 | L8: 0.0020024104 | O8: 0.0060083487 | R8: 0.9 | U8: =27/52*100% -> 0.51923077
D9: =D8+1 -> 46207 | E9: 六 | F9: 437.88829 | I9: =F9/$C$1 -> 0.98980174 | L9: 0.0020044785 | O9: 0.0060121684 | R9: 0.9 | U9: =27/52*100% -> 0.51923077
D10: =D9+1 -> 46208 | E10: 日 | F10: 417.6721 | I10: =F10/$C$1 -> 0.94410511 | L10: 0.0020142457 | O10: 0.0060237044 | R10: 0.9 | U10: =27/52*100% -> 0.51923077
D11: =D10+1 -> 46209 | E11: 一 | F11: 417.71676 | I11: =F11/$C$1 -> 0.94420606 | L11: 0.0020101416 | O11: 0.006009532 | R11: 0.9 | U11: =27/52*100% -> 0.51923077
B12: =B5+7 -> 46218 | D12: =D11+1 -> 46210 | E12: 二 | F12: 423.14213 | G12: =AVERAGE(F12:F18) -> 427.48888 | I12: =F12/$C$1 -> 0.95646954 | J12: =AVERAGE(I12:I18) -> 0.96629495 | L12: 0.002019974 | M12: =AVERAGE(L12:L18) -> 0.002012889 | O12: 0.0060496513 | P12: =AVERAGE(O12:O18) -> 0.0060293903 | R12: 0.9 | S12: =AVERAGE(R12:R18) -> 0.9 | U12: =28/52*100% -> 0.53846154 | V12: =AVERAGE(U12:U18) -> 0.53846154
D13: =D12+1 -> 46211 | E13: 三 | F13: 423.43805 | I13: =F13/$C$1 -> 0.95713846 | L13: 0.0020159882 | O13: 0.0060363254 | R13: 0.9 | U13: =28/52*100% -> 0.53846154
D14: =D13+1 -> 46212 | E14: 四 | F14: 422.02496 | I14: =F14/$C$1 -> 0.95394431 | L14: 0.0020104575 | O14: 0.0059852622 | R14: 0.9 | U14: =28/52*100% -> 0.53846154
D15: =D14+1 -> 46213 | E15: 五 | F15: 443.36312 | I15: =F15/$C$1 -> 1.002177 | L15: 0.0020041493 | O15: 0.0059880402 | R15: 0.9 | U15: =28/52*100% -> 0.53846154
D16: =D15+1 -> 46214 | E16: 六 | F16: 440.60112 | I16: =F16/$C$1 -> 0.99593382 | L16: 0.0020097747 | O16: 0.0060040977 | R16: 0.9 | U16: =28/52*100% -> 0.53846154
D17: =D16+1 -> 46215 | E17: 日 | F17: 420.01861 | I17: =F17/$C$1 -> 0.94940916 | L17: 0.0020195444 | O17: 0.0061082606 | R17: 0.9 | U17: =28/52*100% -> 0.53846154
D18: =D17+1 -> 46216 | E18: 一 | F18: 419.83419 | I18: =F18/$C$1 -> 0.94899229 | L18: 0.0020103349 | O18: 0.0060340948 | R18: 0.9 | U18: =28/52*100% -> 0.53846154
B19: =B12+7 -> 46225 | D19: =D18+1 -> 46217 | E19: 二 | F19: 418.55908 | G19: =AVERAGE(F19:F25) -> 435.74576 | I19: =F19/$C$1 -> 0.94611004 | J19: =AVERAGE(I19:I25) -> 0.98495878 | L19: 0.0020063636 | M19: =AVERAGE(L19:L25) -> 0.0020036679 | O19: 0.0060199613 | P19: =AVERAGE(O19:O25) -> 0.0060137091 | R19: 0.9 | S19: =AVERAGE(R19:R25) -> 0.9 | U19: =29/52*100% -> 0.55769231 | V19: =AVERAGE(U19:U25) -> 0.55769231
D20: =D19+1 -> 46218 | E20: 三 | F20: 437.52615 | I20: =F20/$C$1 -> 0.98898316 | L20: 0.0020015268 | O20: 0.0060137341 | R20: 0.9 | U20: =29/52*100% -> 0.55769231
D21: =D20+1 -> 46219 | E21: 四 | F21: 437.96388 | I21: =F21/$C$1 -> 0.9899726 | L21: 0.0020004877 | O21: 0.0060104612 | R21: 0.9 | U21: =29/52*100% -> 0.55769231
D22: =D21+1 -> 46220 | E22: 五 | F22: 440.66021 | I22: =F22/$C$1 -> 0.99606738 | L22: 0.0019975764 | O22: 0.0060076929 | R22: 0.9 | U22: =29/52*100% -> 0.55769231
D23: =D22+1 -> 46221 | E23: 六 | F23: 438.37297 | I23: =F23/$C$1 -> 0.99089732 | L23: 0.0019995971 | O23: 0.0060103892 | R23: 0.9 | U23: =29/52*100% -> 0.55769231
D24: =D23+1 -> 46222 | E24: 日 | F24: 438.70799 | I24: =F24/$C$1 -> 0.99165459 | L24: 0.0020142842 | O24: 0.0060178085 | R24: 0.9 | U24: =29/52*100% -> 0.55769231
D25: =D24+1 -> 46223 | E25: 一 | F25: 438.43007 | I25: =F25/$C$1 -> 0.99102637 | L25: 0.0020058393 | O25: 0.0060159161 | R25: 0.9 | U25: =29/52*100% -> 0.55769231
B26: =B19+7 -> 46232 | D26: =D25+1 -> 46224 | E26: 二 | G26: =AVERAGE(F26:F32) -> #DIV/0! | I26: =F26/$C$1 -> 0 | J26: =AVERAGE(I26:I32) -> 0 | M26: =AVERAGE(L26:L32) -> #DIV/0! | P26: =AVERAGE(O26:O32) -> #DIV/0! | S26: =AVERAGE(R26:R32) -> #DIV/0! | V26: =AVERAGE(U26:U32) -> #DIV/0!
D27: =D26+1 -> 46225 | E27: 三 | I27: =F27/$C$1 -> 0
D28: =D27+1 -> 46226 | E28: 四 | I28: =F28/$C$1 -> 0
D29: =D28+1 -> 46227 | E29: 五 | I29: =F29/$C$1 -> 0
D30: =D29+1 -> 46228 | E30: 六 | I30: =F30/$C$1 -> 0
D31: =D30+1 -> 46229 | E31: 日 | I31: =F31/$C$1 -> 0
D32: =D31+1 -> 46230 | E32: 一 | I32: =F32/$C$1 -> 0
B33: =B26+7 -> 46239 | D33: =D32+1 -> 46231 | E33: 二 | G33: =AVERAGE(F33:F39) -> #DIV/0! | I33: =F33/$C$1 -> 0 | J33: =AVERAGE(I33:I39) -> 0 | M33: =AVERAGE(L33:L39) -> #DIV/0! | P33: =AVERAGE(O33:O39) -> #DIV/0! | S33: =AVERAGE(R33:R39) -> #DIV/0! | V33: =AVERAGE(U33:U39) -> #DIV/0!
D34: =D33+1 -> 46232 | E34: 三 | I34: =F34/$C$1 -> 0
D35: =D34+1 -> 46233 | E35: 四 | I35: =F35/$C$1 -> 0
D36: =D35+1 -> 46234 | E36: 五 | I36: =F36/$C$1 -> 0
D37: =D36+1 -> 46235 | E37: 六 | I37: =F37/$C$1 -> 0
D38: =D37+1 -> 46236 | E38: 日 | I38: =F38/$C$1 -> 0
D39: =D38+1 -> 46237 | E39: 一 | I39: =F39/$C$1 -> 0

Sheet （３）業績構成比
B2: （3）業績構成比
B3: 資料繳交日 | C3: 月份 | D3: 日期 | F3: 營業額 | I3: 品類業績
I4: 18℃-飯糰 | O4: 18℃-壽司手卷 | U4: 4℃-飯糰 | W4: 4℃-壽司手卷 | Y4: 主食 | AE4: 便當 | AG4: 熱食義麵 | AI4: 季節調理麵 | AK4: 微波小吃
F5: 日 | G5: 週累積 | H5: 月累積 | I5: 一配 | K5: 二配 | M5: 合計 | O5: 一配 | Q5: 二配 | S5: 合計 | U5: 一配 | W5: 一配 | Y5: 一配 | AA5: 二配 | AC5: 合計 | AE5: 一配 | AG5: 一配 | AI5: 一配 | AK5: 一配
I6: 業績(元) | J6: 比例(%) | K6: 業績(元) | L6: 比例(%) | M6: 業績(元) | N6: 比例(%) | O6: 業績(元) | P6: 比例(%) | Q6: 業績(元) | R6: 比例(%) | S6: 業績(元) | T6: 比例(%) | U6: 業績(元) | V6: 比例(%) | W6: 業績(元) | X6: 比例(%) | Y6: 業績(元) | Z6: 比例(%) | AA6: 業績(元) | AB6: 比例(%) | AC6: 業績(元) | AD6: 比例(%) | AE6: 業績(元) | AF6: 比例(%) | AG6: 業績(元) | AH6: 比例(%) | AI6: 業績(元) | AJ6: 比例(%) | AK6: 業績(元) | AL6: 比例(%)
B7: =D8+7 -> 46211 | D7: 46203 | E7: 二 | F7: =SUM(M7,S7,U7,W7,AC7,AE7,AG7,AI7,AK7) -> 7292751.3 | G7: =SUM(F7:F13) -> 46397167 | I7: 870247.34 | J7: =I7/$F7 -> 0.11933046 | K7: 1296194.8 | L7: =K7/$F7 -> 0.17773742 | M7: =I7+K7 -> 2166442.1 | N7: =M7/$F7 -> 0.29706787 | O7: 243640.36 | P7: =O7/$F7 -> 0.033408565 | Q7: 0 | R7: =Q7/$F7 -> 0 | S7: =O7+Q7 -> 243640.36 | T7: =S7/$F7 -> 0.033408565 | U7: 76932.99 | V7: =U7/$F7 -> 0.010549241 | W7: 269176.06 | X7: =W7/$F7 -> 0.036910083 | Y7: 267703.92 | Z7: =Y7/$F7 -> 0.03670822 | AA7: 791291.01 | AB7: =AA7/$F7 -> 0.10850377 | AC7: =Y7+AA7 -> 1058994.9 | AD7: =AC7/$F7 -> 0.14521199 | AE7: 1964192.3 | AF7: =AE7/F7 -> 0.26933488 | AG7: 0 | AH7: =AG7/$F7 -> 0 | AI7: 1049909 | AJ7: =AI7/$F7 -> 0.1439661 | AK7: 463463.59 | AL7: =AK7/$F7 -> 0.063551268
C8: 七 | D8: 46204 | E8: 三 | F8: =SUM(M8,S8,U8,W8,AC8,AE8,AG8,AI8,AK8) -> 6821172.8 | H8: =SUM(F8:F38) -> 1.3130123e+08 | I8: 852518.15 | J8: =I8/$F8 -> 0.12498117 | K8: 1247636.7 | L8: =K8/$F8 -> 0.18290648 | M8: =I8+K8 -> 2100154.9 | N8: =M8/F8 -> 0.30788765 | O8: 241584.82 | P8: =O8/$F8 -> 0.035416904 | Q8: 0 | R8: =Q8/$F8 -> 0 | S8: =O8+Q8 -> 241584.82 | T8: =S8/F8 -> 0.035416904 | U8: 69560.37 | V8: =U8/F8 -> 0.010197714 | W8: 266298.69 | X8: =W8/$F8 -> 0.039040015 | Y8: 228710.79 | Z8: =Y8/$F8 -> 0.033529541 | AA8: 715486.28 | AB8: =AA8/$F8 -> 0.10489197 | AC8: =Y8+AA8 -> 944197.07 | AD8: =AC8/$F8 -> 0.13842151 | AE8: 1635986 | AF8: =AE8/F8 -> 0.2398394 | AG8: 0 | AH8: =AG8/$F8 -> 0 | AI8: 1137140.8 | AJ8: =AI8/$F8 -> 0.16670752 | AK8: 426250.15 | AL8: =AK8/$F8 -> 0.062489276
D9: 46205 | E9: 四 | F9: =SUM(M9,S9,U9,W9,AC9,AE9,AG9,AI9,AK9) -> 6343385.2 | I9: 841060.58 | J9: =I9/$F9 -> 0.1325886 | K9: 1132330.3 | L9: =K9/$F9 -> 0.17850568 | M9: =I9+K9 -> 1973390.9 | N9: =M9/$F9 -> 0.31109428 | O9: 241052.02 | P9: =O9/$F9 -> 0.038000533 | Q9: 0 | R9: =Q9/$F9 -> 0 | S9: =O9+Q9 -> 241052.02 | T9: =S9/$F9 -> 0.038000533 | U9: 68391.54 | V9: =U9/$F9 -> 0.010781552 | W9: 263487.44 | X9: =W9/$F9 -> 0.041537354 | Y9: 238868.19 | Z9: =Y9/$F9 -> 0.037656264 | AA9: 571313.38 | AB9: =AA9/$F9 -> 0.090064431 | AC9: =Y9+AA9 -> 810181.57 | AD9: =AC9/$F9 -> 0.1277207 | AE9: 1417335.5 | AF9: =AE9/F9 -> 0.22343519 | AG9: 0 | AH9: =AG9/$F9 -> 0 | AI9: 1172740.3 | AJ9: =AI9/$F9 -> 0.18487609 | AK9: 396806.03 | AL9: =AK9/$F9 -> 0.062554301
D10: 46206 | E10: 五 | F10: =SUM(M10,S10,U10,W10,AC10,AE10,AG10,AI10,AK10) -> 5464679.9 | I10: 647323.16 | J10: =I10/$F10 -> 0.11845582 | K10: 1011868.3 | L10: =K10/$F10 -> 0.18516515 | M10: =I10+K10 -> 1659191.4 | N10: =M10/F10 -> 0.30362097 | O10: 189998.62 | P10: =O10/$F10 -> 0.034768481 | Q10: 0 | R10: =Q10/$F10 -> 0 | S10: =O10+Q10 -> 189998.62 | T10: =S10/F10 -> 0.034768481 | U10: 52327.62 | V10: =U10/F10 -> 0.0095756056 | W10: 203624.02 | X10: =W10/$F10 -> 0.037261838 | Y10: 304834.86 | Z10: =Y10/$F10 -> 0.055782747 | AA10: 602529.19 | AB10: =AA10/$F10 -> 0.11025883 | AC10: =Y10+AA10 -> 907364.05 | AD10: =AC10/$F10 -> 0.16604157 | AE10: 1049930.6 | AF10: =AE10/F10 -> 0.1921303 | AG10: 0 | AH10: =AG10/$F10 -> 0 | AI10: 1060721.9 | AJ10: =AI10/$F10 -> 0.19410504 | AK10: 341521.67 | AL10: =AK10/$F10 -> 0.062496189
D11: 46207 | E11: 六 | F11: =SUM(M11,S11,U11,W11,AC11,AE11,AG11,AI11,AK11) -> 6007602.6 | I11: 628066.32 | J11: =I11/$F11 -> 0.10454525 | K11: 1138095.7 | L11: =K11/$F11 -> 0.18944257 | M11: =I11+K11 -> 1766162 | N11: =M11/$F11 -> 0.29398782 | O11: 182080.85 | P11: =O11/$F11 -> 0.030308404 | Q11: 0 | R11: =Q11/$F11 -> 0 | S11: =O11+Q11 -> 182080.85 | T11: =S11/$F11 -> 0.030308404 | U11: 58711.23 | V11: =U11/$F11 -> 0.0097728218 | W11: 240534.61 | X11: =W11/$F11 -> 0.040038369 | Y11: 256248.63 | Z11: =Y11/$F11 -> 0.042654058 | AA11: 720303.38 | AB11: =AA11/$F11 -> 0.11989864 | AC11: =Y11+AA11 -> 976552.01 | AD11: =AC11/$F11 -> 0.1625527 | AE11: 1274785.1 | AF11: =AE11/F11 -> 0.2121953 | AG11: 0 | AH11: =AG11/$F11 -> 0 | AI11: 1117715.3 | AJ11: =AI11/$F11 -> 0.18605015 | AK11: 391061.54 | AL11: =AK11/$F11 -> 0.065094442
D12: 46208 | E12: 日 | F12: =SUM(M12,S12,U12,W12,AC12,AE12,AG12,AI12,AK12) -> 7429288.9 | I12: 898860.55 | J12: =I12/$F12 -> 0.12098877 | K12: 1280412.9 | L12: =K12/$F12 -> 0.17234663 | M12: =I12+K12 -> 2179273.5 | N12: =M12/F12 -> 0.2933354 | O12: 252783.55 | P12: =O12/$F12 -> 0.034025268 | Q12: 0 | R12: =Q12/$F12 -> 0 | S12: =O12+Q12 -> 252783.55 | T12: =S12/F12 -> 0.034025268 | U12: 83136.78 | V12: =U12/F12 -> 0.011190409 | W12: 262650.2 | X12: =W12/$F12 -> 0.035353343 | Y12: 291573.81 | Z12: =Y12/$F12 -> 0.03924653 | AA12: 778259.38 | AB12: =AA12/$F12 -> 0.10475557 | AC12: =Y12+AA12 -> 1069833.2 | AD12: =AC12/$F12 -> 0.1440021 | AE12: 1901796.6 | AF12: =AE12/F12 -> 0.25598635 | AG12: 0 | AH12: =AG12/$F12 -> 0 | AI12: 1246032.1 | AJ12: =AI12/$F12 -> 0.16771889 | AK12: 433783.09 | AL12: =AK12/$F12 -> 0.058388238
D13: 46209 | E13: 一 | F13: =SUM(M13,S13,U13,W13,AC13,AE13,AG13,AI13,AK13) -> 7038286 | I13: 885803.68 | J13: =I13/$F13 -> 0.12585503 | K13: 1266607.5 | L13: =K13/$F13 -> 0.17995966 | M13: =I13+K13 -> 2152411.2 | N13: =M13/$F13 -> 0.30581468 | O13: 250345.35 | P13: =O13/$F13 -> 0.035569079 | Q13: 0 | R13: =Q13/$F13 -> 0 | S13: =O13+Q13 -> 250345.35 | T13: =S13/$F13 -> 0.035569079 | U13: 77682.24 | V13: =U13/$F13 -> 0.011037096 | W13: 286246.63 | X13: =W13/$F13 -> 0.040669934 | Y13: 242197.56 | Z13: =Y13/$F13 -> 0.03441144 | AA13: 759357.09 | AB13: =AA13/$F13 -> 0.10788949 | AC13: =Y13+AA13 -> 1001554.7 | AD13: =AC13/$F13 -> 0.14230093 | AE13: 1659551.5 | AF13: =AE13/F13 -> 0.23578915 | AG13: 0 | AH13: =AG13/$F13 -> 0 | AI13: 1152323.2 | AJ13: =AI13/$F13 -> 0.16372213 | AK13: 458171.27 | AL13: =AK13/$F13 -> 0.065096995
B14: =D15+7 -> 46218 | D14: 46210 | E14: 二 | F14: =SUM(M14,S14,U14,W14,AC14,AE14,AG14,AI14,AK14) -> 7860603.4 | G14: =SUM(F14:F20) -> 48409402 | I14: 880930.33 | J14: =I14/$F14 -> 0.11206905 | K14: 1233744.4 | L14: =K14/$F14 -> 0.15695289 | M14: =I14+K14 -> 2114674.8 | N14: =M14/$F14 -> 0.26902194 | O14: 249319.47 | P14: =O14/$F14 -> 0.0317176 | Q14: 0 | R14: =Q14/$F14 -> 0 | S14: =O14+Q14 -> 249319.47 | T14: =S14/$F14 -> 0.0317176 | U14: 346715.9 | V14: =U14/$F14 -> 0.044108052 | W14: 263397.85 | X14: =W14/$F14 -> 0.033508605 | Y14: 682575.13 | Z14: =Y14/$F14 -> 0.086834954 | AA14: 734119.83 | AB14: =AA14/$F14 -> 0.0933923 | AC14: =Y14+AA14 -> 1416695 | AD14: =AC14/$F14 -> 0.18022725 | AE14: 1550480.4 | AF14: =AE14/F14 -> 0.19724699 | AG14: 0 | AH14: =AG14/$F14 -> 0 | AI14: 1479142.7 | AJ14: =AI14/$F14 -> 0.18817165 | AK14: 440177.33 | AL14: =AK14/$F14 -> 0.055997906
D15: 46211 | E15: 三 | F15: =SUM(M15,S15,U15,W15,AC15,AE15,AG15,AI15,AK15) -> 7229875 | I15: 854165.39 | J15: =I15/$F15 -> 0.11814387 | K15: 1144812 | L15: =K15/$F15 -> 0.15834464 | M15: =I15+K15 -> 1998977.3 | N15: =M15/F15 -> 0.27648851 | O15: 246302.58 | P15: =O15/$F15 -> 0.034067336 | Q15: 0 | R15: =Q15/$F15 -> 0 | S15: =O15+Q15 -> 246302.58 | T15: =S15/F15 -> 0.034067336 | U15: 229547.26 | V15: =U15/F15 -> 0.031749824 | W15: 255314.84 | X15: =W15/$F15 -> 0.035313867 | Y15: 535980.38 | Z15: =Y15/$F15 -> 0.074134115 | AA15: 722118.41 | AB15: =AA15/$F15 -> 0.099879792 | AC15: =Y15+AA15 -> 1258098.8 | AD15: =AC15/$F15 -> 0.17401391 | AE15: 1457285.8 | AF15: =AE15/F15 -> 0.20156445 | AG15: 0 | AH15: =AG15/$F15 -> 0 | AI15: 1356785.8 | AJ15: =AI15/$F15 -> 0.18766381 | AK15: 427562.5 | AL15: =AK15/$F15 -> 0.059138298
D16: 46212 | E16: 四 | F16: =SUM(M16,S16,U16,W16,AC16,AE16,AG16,AI16,AK16) -> 6763681.4 | I16: 765228.93 | J16: =I16/$F16 -> 0.11313793 | K16: 992416.56 | L16: =K16/$F16 -> 0.14672728 | M16: =I16+K16 -> 1757645.5 | N16: =M16/$F16 -> 0.25986521 | O16: 228745.53 | P16: =O16/$F16 -> 0.033819678 | Q16: 0 | R16: =Q16/$F16 -> 0 | S16: =O16+Q16 -> 228745.53 | T16: =S16/$F16 -> 0.033819678 | U16: 212758.88 | V16: =U16/$F16 -> 0.031456076 | W16: 247015.87 | X16: =W16/$F16 -> 0.03652092 | Y16: 496231.16 | Z16: =Y16/$F16 -> 0.073367021 | AA16: 668808.42 | AB16: =AA16/$F16 -> 0.098882307 | AC16: =Y16+AA16 -> 1165039.6 | AD16: =AC16/$F16 -> 0.17224933 | AE16: 1456308.1 | AF16: =AE16/F16 -> 0.21531294 | AG16: 0 | AH16: =AG16/$F16 -> 0 | AI16: 1250972.6 | AJ16: =AI16/$F16 -> 0.18495439 | AK16: 445195.38 | AL16: =AK16/$F16 -> 0.065821459
D17: 46213 | E17: 五 | F17: =SUM(M17,S17,U17,W17,AC17,AE17,AG17,AI17,AK17) -> 5383246.3 | I17: 579909.59 | J17: =I17/$F17 -> 0.10772489 | K17: 866974.1 | L17: =K17/$F17 -> 0.16105043 | M17: =I17+K17 -> 1446883.7 | N17: =M17/F17 -> 0.26877531 | O17: 178415.97 | P17: =O17/$F17 -> 0.033142822 | Q17: 0 | R17: =Q17/$F17 -> 0 | S17: =O17+Q17 -> 178415.97 | T17: =S17/F17 -> 0.033142822 | U17: 182945.39 | V17: =U17/F17 -> 0.033984213 | W17: 183686.99 | X17: =W17/$F17 -> 0.034121974 | Y17: 384734.26 | Z17: =Y17/$F17 -> 0.07146882 | AA17: 584000.58 | AB17: =AA17/$F17 -> 0.10848483 | AC17: =Y17+AA17 -> 968734.84 | AD17: =AC17/$F17 -> 0.17995365 | AE17: 1171330.5 | AF17: =AE17/F17 -> 0.21758813 | AG17: 0 | AH17: =AG17/$F17 -> 0 | AI17: 917881.72 | AJ17: =AI17/$F17 -> 0.1705071 | AK17: 333367.17 | AL17: =AK17/$F17 -> 0.061926792
D18: 46214 | E18: 六 | F18: =SUM(M18,S18,U18,W18,AC18,AE18,AG18,AI18,AK18) -> 6085802.3 | I18: 575469.15 | J18: =I18/$F18 -> 0.09455929 | K18: 1056890.2 | L18: =K18/$F18 -> 0.17366488 | M18: =I18+K18 -> 1632359.3 | N18: =M18/$F18 -> 0.26822417 | O18: 180329.66 | P18: =O18/$F18 -> 0.029631205 | Q18: 0 | R18: =Q18/$F18 -> 0 | S18: =O18+Q18 -> 180329.66 | T18: =S18/$F18 -> 0.029631205 | U18: 224454.95 | V18: =U18/$F18 -> 0.036881735 | W18: 209800.09 | X18: =W18/$F18 -> 0.034473694 | Y18: 453560.67 | Z18: =Y18/$F18 -> 0.07452767 | AA18: 671874.37 | AB18: =AA18/$F18 -> 0.11040029 | AC18: =Y18+AA18 -> 1125435 | AD18: =AC18/$F18 -> 0.18492796 | AE18: 1269917.1 | AF18: =AE18/F18 -> 0.2086688 | AG18: 0 | AH18: =AG18/$F18 -> 0 | AI18: 1068018.8 | AJ18: =AI18/$F18 -> 0.17549351 | AK18: 375487.37 | AL18: =AK18/$F18 -> 0.06169891
D19: 46215 | E19: 日 | F19: =SUM(M19,S19,U19,W19,AC19,AE19,AG19,AI19,AK19) -> 7790002.1 | I19: 825821.42 | J19: =I19/$F19 -> 0.10601042 | K19: 1163118.6 | L19: =K19/$F19 -> 0.14930915 | M19: =I19+K19 -> 1988940.1 | N19: =M19/F19 -> 0.25531958 | O19: 241261.93 | P19: =O19/$F19 -> 0.030970714 | Q19: 0 | R19: =Q19/$F19 -> 0 | S19: =O19+Q19 -> 241261.93 | T19: =S19/F19 -> 0.030970714 | U19: 263001.55 | V19: =U19/F19 -> 0.033761422 | W19: 231269.79 | X19: =W19/$F19 -> 0.029688027 | Y19: 588890.14 | Z19: =Y19/$F19 -> 0.075595633 | AA19: 823525.13 | AB19: =AA19/$F19 -> 0.10571565 | AC19: =Y19+AA19 -> 1412415.3 | AD19: =AC19/$F19 -> 0.18131128 | AE19: 1954760.6 | AF19: =AE19/F19 -> 0.25093198 | AG19: 0 | AH19: =AG19/$F19 -> 0 | AI19: 1247470.8 | AJ19: =AI19/$F19 -> 0.16013742 | AK19: 450882.04 | AL19: =AK19/$F19 -> 0.057879579
D20: 46216 | E20: 一 | F20: =SUM(M20,S20,U20,W20,AC20,AE20,AG20,AI20,AK20) -> 7296191.5 | I20: 807393.35 | J20: =I20/$F20 -> 0.11065956 | K20: 1127879.2 | L20: =K20/$F20 -> 0.15458465 | M20: =I20+K20 -> 1935272.5 | N20: =M20/$F20 -> 0.26524421 | O20: 239605.71 | P20: =O20/$F20 -> 0.032839833 | Q20: 0 | R20: =Q20/$F20 -> 0 | S20: =O20+Q20 -> 239605.71 | T20: =S20/$F20 -> 0.032839833 | U20: 218053.58 | V20: =U20/$F20 -> 0.029885945 | W20: 252968.04 | X20: =W20/$F20 -> 0.034671245 | Y20: 496197.77 | Z20: =Y20/$F20 -> 0.068007778 | AA20: 837797.56 | AB20: =AA20/$F20 -> 0.1148267 | AC20: =Y20+AA20 -> 1333995.3 | AD20: =AC20/$F20 -> 0.18283447 | AE20: 1711630.6 | AF20: =AE20/F20 -> 0.23459234 | AG20: 0 | AH20: =AG20/$F20 -> 0 | AI20: 1115033.7 | AJ20: =AI20/$F20 -> 0.15282407 | AK20: 489632.03 | AL20: =AK20/$F20 -> 0.067107892
B21: =D22+7 -> 46225 | D21: 46217 | E21: 二 | F21: =SUM(M21,S21,U21,W21,AC21,AE21,AG21,AI21,AK21) -> 6870172.4 | G21: =SUM(F21:F27) -> 43787409 | I21: 933663.58 | J21: =I21/$F21 -> 0.13590104 | K21: 1079108.7 | L21: =K21/$F21 -> 0.15707156 | M21: =I21+K21 -> 2012772.3 | N21: =M21/$F21 -> 0.2929726 | O21: 235295.28 | P21: =O21/$F21 -> 0.034248817 | Q21: 0 | R21: =Q21/$F21 -> 0 | S21: =O21+Q21 -> 235295.28 | T21: =S21/$F21 -> 0.034248817 | U21: 181053.58 | V21: =U21/$F21 -> 0.026353571 | W21: 237786.15 | X21: =W21/$F21 -> 0.03461138 | Y21: 440755.01 | Z21: =Y21/$F21 -> 0.064154869 | AA21: 668894.01 | AB21: =AA21/$F21 -> 0.097362041 | AC21: =Y21+AA21 -> 1109649 | AD21: =AC21/$F21 -> 0.16151691 | AE21: 1680304.2 | AF21: =AE21/F21 -> 0.24457963 | AG21: 0 | AH21: =AG21/$F21 -> 0 | AI21: 987387.25 | AJ21: =AI21/$F21 -> 0.14372088 | AK21: 425924.66 | AL21: =AK21/$F21 -> 0.061996211
D22: 46218 | E22: 三 | F22: =SUM(M22,S22,U22,W22,AC22,AE22,AG22,AI22,AK22) -> 6423738.6 | I22: 837864.73 | J22: =I22/$F22 -> 0.13043257 | K22: 1031638.5 | L22: =K22/$F22 -> 0.16059783 | M22: =I22+K22 -> 1869503.2 | N22: =M22/F22 -> 0.2910304 | O22: 233445.58 | P22: =O22/$F22 -> 0.036341077 | Q22: 0 | R22: =Q22/$F22 -> 0 | S22: =O22+Q22 -> 233445.58 | T22: =S22/F22 -> 0.036341077 | U22: 191547.89 | V22: =U22/F22 -> 0.029818755 | W22: 224753.52 | X22: =W22/$F22 -> 0.034987962 | Y22: 441698.23 | Z22: =Y22/$F22 -> 0.068760306 | AA22: 594309.3 | AB22: =AA22/$F22 -> 0.092517665 | AC22: =Y22+AA22 -> 1036007.5 | AD22: =AC22/$F22 -> 0.16127797 | AE22: 1535257.7 | AF22: =AE22/F22 -> 0.23899754 | AG22: 0 | AH22: =AG22/$F22 -> 0 | AI22: 914812.07 | AJ22: =AI22/$F22 -> 0.14241116 | AK22: 418411.07 | AL22: =AK22/$F22 -> 0.065135133
D23: 46219 | E23: 四 | F23: =SUM(M23,S23,U23,W23,AC23,AE23,AG23,AI23,AK23) -> 5886839.1 | I23: 796140.71 | J23: =I23/$F23 -> 0.13524078 | K23: 914813.24 | L23: =K23/$F23 -> 0.15539974 | M23: =I23+K23 -> 1710954 | N23: =M23/$F23 -> 0.29064052 | O23: 230334.59 | P23: =O23/$F23 -> 0.03912704 | Q23: 0 | R23: =Q23/$F23 -> 0 | S23: =O23+Q23 -> 230334.59 | T23: =S23/$F23 -> 0.03912704 | U23: 179909.91 | V23: =U23/$F23 -> 0.030561377 | W23: 219929.86 | X23: =W23/$F23 -> 0.037359584 | Y23: 431493.03 | Z23: =Y23/$F23 -> 0.073297915 | AA23: 483611.21 | AB23: =AA23/$F23 -> 0.082151253 | AC23: =Y23+AA23 -> 915104.24 | AD23: =AC23/$F23 -> 0.15544917 | AE23: 1354591.6 | AF23: =AE23/F23 -> 0.23010507 | AG23: 0 | AH23: =AG23/$F23 -> 0 | AI23: 895147.95 | AJ23: =AI23/$F23 -> 0.15205918 | AK23: 380867.04 | AL23: =AK23/$F23 -> 0.064698055
D24: 46220 | E24: 五 | F24: =SUM(M24,S24,U24,W24,AC24,AE24,AG24,AI24,AK24) -> 5200104.5 | I24: 640903.02 | J24: =I24/$F24 -> 0.1232481 | K24: 838132.21 | L24: =K24/$F24 -> 0.16117603 | M24: =I24+K24 -> 1479035.2 | N24: =M24/F24 -> 0.28442414 | O24: 184063.19 | P24: =O24/$F24 -> 0.035396056 | Q24: 0 | R24: =Q24/$F24 -> 0 | S24: =O24+Q24 -> 184063.19 | T24: =S24/F24 -> 0.035396056 | U24: 161117.61 | V24: =U24/F24 -> 0.030983533 | W24: 175888.92 | X24: =W24/$F24 -> 0.033824113 | Y24: 442099.4 | Z24: =Y24/$F24 -> 0.085017407 | AA24: 477587.3 | AB24: =AA24/$F24 -> 0.091841866 | AC24: =Y24+AA24 -> 919686.7 | AD24: =AC24/$F24 -> 0.17685927 | AE24: 1020406.2 | AF24: =AE24/F24 -> 0.19622801 | AG24: 0 | AH24: =AG24/$F24 -> 0 | AI24: 946134.59 | AJ24: =AI24/$F24 -> 0.1819453 | AK24: 313772.08 | AL24: =AK24/$F24 -> 0.060339572
D25: 46221 | E25: 六 | F25: =SUM(M25,S25,U25,W25,AC25,AE25,AG25,AI25,AK25) -> 5391308.3 | I25: 615469.3 | J25: =I25/$F25 -> 0.11415954 | K25: 969000.51 | L25: =K25/$F25 -> 0.17973383 | M25: =I25+K25 -> 1584469.8 | N25: =M25/$F25 -> 0.29389338 | O25: 174193.89 | P25: =O25/$F25 -> 0.032310133 | Q25: 0 | R25: =Q25/$F25 -> 0 | S25: =O25+Q25 -> 174193.89 | T25: =S25/$F25 -> 0.032310133 | U25: 161820.98 | V25: =U25/$F25 -> 0.03001516 | W25: 183074.12 | X25: =W25/$F25 -> 0.033957271 | Y25: 413382.74 | Z25: =Y25/$F25 -> 0.076675774 | AA25: 556245.62 | AB25: =AA25/$F25 -> 0.10317451 | AC25: =Y25+AA25 -> 969628.36 | AD25: =AC25/$F25 -> 0.17985029 | AE25: 1087810 | AF25: =AE25/F25 -> 0.20177106 | AG25: 0 | AH25: =AG25/$F25 -> 0 | AI25: 903060.12 | AJ25: =AI25/$F25 -> 0.16750296 | AK25: 327251.05 | AL25: =AK25/$F25 -> 0.060699747
D26: 46222 | E26: 日 | F26: =SUM(M26,S26,U26,W26,AC26,AE26,AG26,AI26,AK26) -> 7176291.2 | I26: 881753.83 | J26: =I26/$F26 -> 0.12287041 | K26: 1111733.8 | L26: =K26/$F26 -> 0.15491759 | M26: =I26+K26 -> 1993487.6 | N26: =M26/F26 -> 0.277788 | O26: 243741.48 | P26: =O26/$F26 -> 0.033964825 | Q26: 0 | R26: =Q26/$F26 -> 0 | S26: =O26+Q26 -> 243741.48 | T26: =S26/F26 -> 0.033964825 | U26: 217036.82 | V26: =U26/F26 -> 0.030243591 | W26: 227469.35 | X26: =W26/$F26 -> 0.031697341 | Y26: 509935.66 | Z26: =Y26/$F26 -> 0.071058384 | AA26: 636335.04 | AB26: =AA26/$F26 -> 0.088671853 | AC26: =Y26+AA26 -> 1146270.7 | AD26: =AC26/$F26 -> 0.15973024 | AE26: 1873840.4 | AF26: =AE26/F26 -> 0.26111543 | AG26: 0 | AH26: =AG26/$F26 -> 0 | AI26: 1069355 | AJ26: =AI26/$F26 -> 0.14901221 | AK26: 405089.93 | AL26: =AK26/$F26 -> 0.056448368
D27: 46223 | E27: 一 | F27: =SUM(M27,S27,U27,W27,AC27,AE27,AG27,AI27,AK27) -> 6838954.4 | I27: 865702.96 | J27: =I27/$F27 -> 0.12658411 | K27: 1098953.4 | L27: =K27/$F27 -> 0.16069027 | M27: =I27+K27 -> 1964656.4 | N27: =M27/$F27 -> 0.28727438 | O27: 241229.68 | P27: =O27/$F27 -> 0.035272889 | Q27: 0 | R27: =Q27/$F27 -> 0 | S27: =O27+Q27 -> 241229.68 | T27: =S27/$F27 -> 0.035272889 | U27: 194917.11 | V27: =U27/$F27 -> 0.02850101 | W27: 264650.16 | X27: =W27/$F27 -> 0.03869746 | Y27: 484698.73 | Z27: =Y27/$F27 -> 0.070873222 | AA27: 599142.64 | AB27: =AA27/$F27 -> 0.087607346 | AC27: =Y27+AA27 -> 1083841.4 | AD27: =AC27/$F27 -> 0.15848057 | AE27: 1623108.3 | AF27: =AE27/F27 -> 0.23733281 | AG27: 0 | AH27: =AG27/$F27 -> 0 | AI27: 1023313.6 | AJ27: =AI27/$F27 -> 0.14963012 | AK27: 443237.82 | AL27: =AK27/$F27 -> 0.064810759
B28: =D29+7 -> 46232 | D28: 46224 | E28: 二 | F28: =SUM(M28,S28,U28,W28,AC28,AE28,AG28,AI28,AK28) -> 0 | G28: =SUM(F28:F34) -> 0
D29: 46225 | E29: 三 | F29: =SUM(M29,S29,U29,W29,AC29,AE29,AG29,AI29,AK29) -> 0
D30: 46226 | E30: 四 | F30: =SUM(M30,S30,U30,W30,AC30,AE30,AG30,AI30,AK30) -> 0
D31: 46227 | E31: 五 | F31: =SUM(M31,S31,U31,W31,AC31,AE31,AG31,AI31,AK31) -> 0
D32: 46228 | E32: 六 | F32: =SUM(M32,S32,U32,W32,AC32,AE32,AG32,AI32,AK32) -> 0
D33: 46229 | E33: 日 | F33: =SUM(M33,S33,U33,W33,AC33,AE33,AG33,AI33,AK33) -> 0
D34: 46230 | E34: 一 | F34: =SUM(M34,S34,U34,W34,AC34,AE34,AG34,AI34,AK34) -> 0
B35: =D36+7 -> 46239 | D35: 46231 | E35: 二 | F35: =SUM(M35,S35,U35,W35,AC35,AE35,AG35,AI35,AK35) -> 0 | G35: =SUM(F35:F41) -> 0
D36: 46232 | E36: 三 | F36: =SUM(M36,S36,U36,W36,AC36,AE36,AG36,AI36,AK36) -> 0
D37: 46233 | E37: 四 | F37: =SUM(M37,S37,U37,W37,AC37,AE37,AG37,AI37,AK37) -> 0
D38: 46234 | E38: 五 | F38: =SUM(M38,S38,U38,W38,AC38,AE38,AG38,AI38,AK38) -> 0
C39: 八 | D39: 46235 | E39: 六 | F39: =SUM(M39,S39,U39,W39,AC39,AE39,AG39,AI39,AK39) -> 0
D40: 46236 | E40: 日 | F40: =SUM(M40,S40,U40,W40,AC40,AE40,AG40,AI40,AK40) -> 0
D41: 46237 | E41: 一 | F41: =SUM(M41,S41,U41,W41,AC41,AE41,AG41,AI41,AK41) -> 0

Sheet （４）訂單數量構成比
B2: （4）訂單數量構成比
B3: 資料繳交日 | C3: 月份 | D3: 日期 | F3: 訂單量 | I3: 品類訂單量
I4: 18℃-飯糰 | O4: 18℃-壽司手卷 | U4: 4℃-飯糰 | W4: 4℃-壽司手卷 | Y4: 主食 | AE4: 便當 | AG4: 熱食義麵 | AI4: 季節調理麵 | AK4: 微波小吃
F5: 日 | G5: 週累積 | H5: 月累積 | I5: 一配 | K5: 二配 | M5: 合計 | O5: 一配 | Q5: 二配 | S5: 合計 | U5: 一配 | W5: 一配 | Y5: 一配 | AA5: 二配 | AC5: 合計 | AE5: 一配 | AG5: 一配 | AI5: 一配 | AK5: 一配
I6: 訂單數 | J6: 比例(%) | K6: 訂單數 | L6: 比例(%) | M6: 訂單數 | N6: 比例(%) | O6: 訂單數 | P6: 比例(%) | Q6: 訂單數 | R6: 比例(%) | S6: 訂單數 | T6: 比例(%) | U6: 訂單數 | V6: 比例(%) | W6: 訂單數 | X6: 比例(%) | Y6: 訂單數 | Z6: 比例(%) | AA6: 訂單數 | AB6: 比例(%) | AC6: 訂單數 | AD6: 比例(%) | AE6: 訂單數 | AF6: 比例(%) | AG6: 訂單數 | AH6: 比例(%) | AI6: 訂單數 | AJ6: 比例(%) | AK6: 訂單數 | AL6: 比例(%)
B7: 46211 | D7: 46203 | E7: 二 | F7: =SUM(M7,S7,U7,W7,AC7,AE7,AG7,AI7,AK7) -> 229980 | G7: =SUM(F7:F13) -> 1487035 | I7: 45550 | J7: =I7/$F7 -> 0.1980607 | K7: 69362 | L7: =K7/$F7 -> 0.30160014 | M7: =I7+K7 -> 114912 | N7: =M7/$F7 -> 0.49966084 | O7: 8454 | P7: =O7/$F7 -> 0.036759718 | Q7: 0 | R7: =Q7/$F7 -> 0 | S7: =O7+Q7 -> 8454 | T7: =S7/$F7 -> 0.036759718 | U7: 2567 | V7: =U7/$F7 -> 0.01116184 | W7: 11068 | X7: =W7/$F7 -> 0.048125924 | Y7: 4744 | Z7: =Y7/$F7 -> 0.020627881 | AA7: 14570 | AB7: =AA7/$F7 -> 0.063353335 | AC7: =Y7+AA7 -> 19314 | AD7: =AC7/$F7 -> 0.083981216 | AE7: 31363 | AF7: =AE7/$F7 -> 0.13637273 | AG7: 0 | AH7: =AG7/$F7 -> 0 | AI7: 28378 | AJ7: =AI7/$F7 -> 0.12339334 | AK7: 13924 | AL7: =AK7/$F7 -> 0.060544395
C8: 七 | D8: =D7+1 -> 46204 | E8: 三 | F8: =SUM(M8,S8,U8,W8,AC8,AE8,AG8,AI8,AK8) -> 219467 | H8: =SUM(F8:F38) -> 4151257 | I8: 44534 | J8: =I8/$F8 -> 0.20291889 | K8: 66568 | L8: =K8/$F8 -> 0.30331667 | M8: =I8+K8 -> 111102 | N8: =M8/$F8 -> 0.50623556 | O8: 8378 | P8: =O8/$F8 -> 0.038174304 | Q8: 0 | R8: =Q8/$F8 -> 0 | S8: =O8+Q8 -> 8378 | T8: =S8/$F8 -> 0.038174304 | U8: 2321 | V8: =U8/$F8 -> 0.010575622 | W8: 10915 | X8: =W8/$F8 -> 0.049734129 | Y8: 4053 | Z8: =Y8/$F8 -> 0.018467469 | AA8: 13127 | AB8: =AA8/$F8 -> 0.059813093 | AC8: =Y8+AA8 -> 17180 | AD8: =AC8/$F8 -> 0.078280562 | AE8: 26085 | AF8: =AE8/$F8 -> 0.11885614 | AG8: 0 | AH8: =AG8/$F8 -> 0 | AI8: 30626 | AJ8: =AI8/$F8 -> 0.13954718 | AK8: 12860 | AL8: =AK8/$F8 -> 0.058596509
D9: =D8+1 -> 46205 | E9: 四 | F9: =SUM(M9,S9,U9,W9,AC9,AE9,AG9,AI9,AK9) -> 206563 | I9: 43894 | J9: =I9/$F9 -> 0.21249691 | K9: 60386 | L9: =K9/$F9 -> 0.29233696 | M9: =I9+K9 -> 104280 | N9: =M9/$F9 -> 0.50483388 | O9: 8359 | P9: =O9/$F9 -> 0.040467073 | Q9: 0 | R9: =Q9/$F9 -> 0 | S9: =O9+Q9 -> 8359 | T9: =S9/$F9 -> 0.040467073 | U9: 2282 | V9: =U9/$F9 -> 0.011047477 | W9: 10882 | X9: =W9/$F9 -> 0.052681264 | Y9: 4233 | Z9: =Y9/$F9 -> 0.020492537 | AA9: 10501 | AB9: =AA9/$F9 -> 0.050836791 | AC9: =Y9+AA9 -> 14734 | AD9: =AC9/$F9 -> 0.071329328 | AE9: 22577 | AF9: =AE9/$F9 -> 0.10929837 | AG9: 0 | AH9: =AG9/$F9 -> 0 | AI9: 31626 | AJ9: =AI9/$F9 -> 0.15310583 | AK9: 11823 | AL9: =AK9/$F9 -> 0.057236775
D10: =D9+1 -> 46206 | E10: 五 | F10: =SUM(M10,S10,U10,W10,AC10,AE10,AG10,AI10,AK10) -> 176725 | I10: 33752 | J10: =I10/$F10 -> 0.190986 | K10: 54067 | L10: =K10/$F10 -> 0.30593861 | M10: =I10+K10 -> 87819 | N10: =M10/$F10 -> 0.4969246 | O10: 6604 | P10: =O10/$F10 -> 0.037368793 | Q10: 0 | R10: =Q10/$F10 -> 0 | S10: =O10+Q10 -> 6604 | T10: =S10/$F10 -> 0.037368793 | U10: 1746 | V10: =U10/$F10 -> 0.0098797567 | W10: 8346 | X10: =W10/$F10 -> 0.047225916 | Y10: 5402 | Z10: =Y10/$F10 -> 0.030567266 | AA10: 11076 | AB10: =AA10/$F10 -> 0.062673645 | AC10: =Y10+AA10 -> 16478 | AD10: =AC10/$F10 -> 0.093240911 | AE10: 16756 | AF10: =AE10/$F10 -> 0.094813977 | AG10: 0 | AH10: =AG10/$F10 -> 0 | AI10: 28501 | AJ10: =AI10/$F10 -> 0.16127316 | AK10: 10475 | AL10: =AK10/$F10 -> 0.059272882
D11: =D10+1 -> 46207 | E11: 六 | F11: =SUM(M11,S11,U11,W11,AC11,AE11,AG11,AI11,AK11) -> 192415 | I11: 32941 | J11: =I11/$F11 -> 0.17119767 | K11: 61237 | L11: =K11/$F11 -> 0.31825481 | M11: =I11+K11 -> 94178 | N11: =M11/$F11 -> 0.48945249 | O11: 6326 | P11: =O11/$F11 -> 0.032876855 | Q11: 0 | R11: =Q11/$F11 -> 0 | S11: =O11+Q11 -> 6326 | T11: =S11/$F11 -> 0.032876855 | U11: 1959 | V11: =U11/$F11 -> 0.010181119 | W11: 9903 | X11: =W11/$F11 -> 0.051466881 | Y11: 4541 | Z11: =Y11/$F11 -> 0.023600031 | AA11: 13213 | AB11: =AA11/$F11 -> 0.068669283 | AC11: =Y11+AA11 -> 17754 | AD11: =AC11/$F11 -> 0.092269314 | AE11: 20362 | AF11: =AE11/$F11 -> 0.10582335 | AG11: 0 | AH11: =AG11/$F11 -> 0 | AI11: 30085 | AJ11: =AI11/$F11 -> 0.15635475 | AK11: 11848 | AL11: =AK11/$F11 -> 0.061575241
D12: =D11+1 -> 46208 | E12: 日 | F12: =SUM(M12,S12,U12,W12,AC12,AE12,AG12,AI12,AK12) -> 234759 | I12: 47177 | J12: =I12/$F12 -> 0.20095928 | K12: 68899 | L12: =K12/$F12 -> 0.29348822 | M12: =I12+K12 -> 116076 | N12: =M12/$F12 -> 0.4944475 | O12: 8773 | P12: =O12/$F12 -> 0.037370239 | Q12: 0 | R12: =Q12/$F12 -> 0 | S12: =O12+Q12 -> 8773 | T12: =S12/$F12 -> 0.037370239 | U12: 2774 | V12: =U12/$F12 -> 0.011816373 | W12: 10858 | X12: =W12/$F12 -> 0.046251688 | Y12: 5167 | Z12: =Y12/$F12 -> 0.022009806 | AA12: 14280 | AB12: =AA12/$F12 -> 0.060828339 | AC12: =Y12+AA12 -> 19447 | AD12: =AC12/$F12 -> 0.082838145 | AE12: 30337 | AF12: =AE12/$F12 -> 0.12922614 | AG12: 0 | AH12: =AG12/$F12 -> 0 | AI12: 33607 | AJ12: =AI12/$F12 -> 0.14315532 | AK12: 12887 | AL12: =AK12/$F12 -> 0.054894594
D13: =D12+1 -> 46209 | E13: 一 | F13: =SUM(M13,S13,U13,W13,AC13,AE13,AG13,AI13,AK13) -> 227126 | I13: 46467 | J13: =I13/$F13 -> 0.20458688 | K13: 68106 | L13: =K13/$F13 -> 0.29985999 | M13: =I13+K13 -> 114573 | N13: =M13/$F13 -> 0.50444687 | O13: 8688 | P13: =O13/$F13 -> 0.038251895 | Q13: 0 | R13: =Q13/$F13 -> 0 | S13: =O13+Q13 -> 8688 | T13: =S13/$F13 -> 0.038251895 | U13: 2592 | V13: =U13/$F13 -> 0.011412168 | W13: 11801 | X13: =W13/$F13 -> 0.051957944 | Y13: 4292 | Z13: =Y13/$F13 -> 0.018897 | AA13: 13922 | AB13: =AA13/$F13 -> 0.061296373 | AC13: =Y13+AA13 -> 18214 | AD13: =AC13/$F13 -> 0.080193373 | AE13: 26496 | AF13: =AE13/$F13 -> 0.11665771 | AG13: 0 | AH13: =AG13/$F13 -> 0 | AI13: 31068 | AJ13: =AI13/$F13 -> 0.13678751 | AK13: 13694 | AL13: =AK13/$F13 -> 0.060292525
B14: =D15+7 -> 46218 | D14: =D13+1 -> 46210 | E14: 二 | F14: =SUM(M14,S14,U14,W14,AC14,AE14,AG14,AI14,AK14) -> 249215 | G14: =SUM(F14:F20) -> 1514096 | I14: 46233 | J14: =I14/$F14 -> 0.18551452 | K14: 66245 | L14: =K14/$F14 -> 0.26581466 | M14: =I14+K14 -> 112478 | N14: =M14/$F14 -> 0.45132917 | O14: 8659 | P14: =O14/$F14 -> 0.0347451 | Q14: 0 | R14: =Q14/$F14 -> 0 | S14: =O14+Q14 -> 8659 | T14: =S14/$F14 -> 0.0347451 | U14: 11796 | V14: =U14/$F14 -> 0.047332624 | W14: 10943 | X14: =W14/$F14 -> 0.043909877 | Y14: 13734 | Z14: =Y14/$F14 -> 0.055109042 | AA14: 13478 | AB14: =AA14/$F14 -> 0.054081817 | AC14: =Y14+AA14 -> 27212 | AD14: =AC14/$F14 -> 0.10919086 | AE14: 24810 | AF14: =AE14/$F14 -> 0.099552595 | AG14: 0 | AH14: =AG14/$F14 -> 0 | AI14: 40029 | AJ14: =AI14/$F14 -> 0.16062035 | AK14: 13288 | AL14: =AK14/$F14 -> 0.053319423
D15: =D14+1 -> 46211 | E15: 三 | F15: =SUM(M15,S15,U15,W15,AC15,AE15,AG15,AI15,AK15) -> 230160 | I15: 44805 | J15: =I15/$F15 -> 0.19466893 | K15: 61375 | L15: =K15/$F15 -> 0.26666232 | M15: =I15+K15 -> 106180 | N15: =M15/$F15 -> 0.46133125 | O15: 8552 | P15: =O15/$F15 -> 0.037156761 | Q15: 0 | R15: =Q15/$F15 -> 0 | S15: =O15+Q15 -> 8552 | T15: =S15/$F15 -> 0.037156761 | U15: 7808 | V15: =U15/$F15 -> 0.033924227 | W15: 10614 | X15: =W15/$F15 -> 0.046115746 | Y15: 10532 | Z15: =Y15/$F15 -> 0.045759472 | AA15: 13276 | AB15: =AA15/$F15 -> 0.057681613 | AC15: =Y15+AA15 -> 23808 | AD15: =AC15/$F15 -> 0.10344108 | AE15: 23380 | AF15: =AE15/$F15 -> 0.10158151 | AG15: 0 | AH15: =AG15/$F15 -> 0 | AI15: 36686 | AJ15: =AI15/$F15 -> 0.15939347 | AK15: 13132 | AL15: =AK15/$F15 -> 0.057055961
D16: =D15+1 -> 46212 | E16: 四 | F16: =SUM(M16,S16,U16,W16,AC16,AE16,AG16,AI16,AK16) -> 211372 | I16: 40163 | J16: =I16/$F16 -> 0.19001098 | K16: 53139 | L16: =K16/$F16 -> 0.25140037 | M16: =I16+K16 -> 93302 | N16: =M16/$F16 -> 0.44141135 | O16: 7949 | P16: =O16/$F16 -> 0.037606684 | Q16: 0 | R16: =Q16/$F16 -> 0 | S16: =O16+Q16 -> 7949 | T16: =S16/$F16 -> 0.037606684 | U16: 7232 | V16: =U16/$F16 -> 0.03421456 | W16: 10237 | X16: =W16/$F16 -> 0.048431202 | Y16: 9723 | Z16: =Y16/$F16 -> 0.04599947 | AA16: 12306 | AB16: =AA16/$F16 -> 0.058219632 | AC16: =Y16+AA16 -> 22029 | AD16: =AC16/$F16 -> 0.1042191 | AE16: 23273 | AF16: =AE16/$F16 -> 0.11010446 | AG16: 0 | AH16: =AG16/$F16 -> 0 | AI16: 33866 | AJ16: =AI16/$F16 -> 0.1602199 | AK16: 13484 | AL16: =AK16/$F16 -> 0.063792745
D17: =D16+1 -> 46213 | E17: 五 | F17: =SUM(M17,S17,U17,W17,AC17,AE17,AG17,AI17,AK17) -> 168721 | I17: 30451 | J17: =I17/$F17 -> 0.18048139 | K17: 46500 | L17: =K17/$F17 -> 0.27560292 | M17: =I17+K17 -> 76951 | N17: =M17/$F17 -> 0.4560843 | O17: 6208 | P17: =O17/$F17 -> 0.036794471 | Q17: 0 | R17: =Q17/$F17 -> 0 | S17: =O17+Q17 -> 6208 | T17: =S17/$F17 -> 0.036794471 | U17: 6217 | V17: =U17/$F17 -> 0.036847814 | W17: 7579 | X17: =W17/$F17 -> 0.044920312 | Y17: 7492 | Z17: =Y17/$F17 -> 0.044404668 | AA17: 10740 | AB17: =AA17/$F17 -> 0.063655384 | AC17: =Y17+AA17 -> 18232 | AD17: =AC17/$F17 -> 0.10806005 | AE17: 18753 | AF17: =AE17/$F17 -> 0.11114799 | AG17: 0 | AH17: =AG17/$F17 -> 0 | AI17: 24332 | AJ17: =AI17/$F17 -> 0.14421441 | AK17: 10449 | AL17: =AK17/$F17 -> 0.061930643
D18: =D17+1 -> 46214 | E18: 六 | F18: =SUM(M18,S18,U18,W18,AC18,AE18,AG18,AI18,AK18) -> 191243 | I18: 30361 | J18: =I18/$F18 -> 0.15875614 | K18: 56798 | L18: =K18/$F18 -> 0.29699388 | M18: =I18+K18 -> 87159 | N18: =M18/$F18 -> 0.45575001 | O18: 6270 | P18: =O18/$F18 -> 0.032785514 | Q18: 0 | R18: =Q18/$F18 -> 0 | S18: =O18+Q18 -> 6270 | T18: =S18/$F18 -> 0.032785514 | U18: 7631 | V18: =U18/$F18 -> 0.039902114 | W18: 8687 | X18: =W18/$F18 -> 0.045423885 | Y18: 8876 | Z18: =Y18/$F18 -> 0.046412156 | AA18: 12336 | AB18: =AA18/$F18 -> 0.064504322 | AC18: =Y18+AA18 -> 21212 | AD18: =AC18/$F18 -> 0.11091648 | AE18: 20296 | AF18: =AE18/$F18 -> 0.10612676 | AG18: 0 | AH18: =AG18/$F18 -> 0 | AI18: 28312 | AJ18: =AI18/$F18 -> 0.14804202 | AK18: 11676 | AL18: =AK18/$F18 -> 0.061053215
D19: =D18+1 -> 46215 | E19: 日 | F19: =SUM(M19,S19,U19,W19,AC19,AE19,AG19,AI19,AK19) -> 237620 | I19: 43521 | J19: =I19/$F19 -> 0.18315377 | K19: 62461 | L19: =K19/$F19 -> 0.26286087 | M19: =I19+K19 -> 105982 | N19: =M19/$F19 -> 0.44601465 | O19: 8389 | P19: =O19/$F19 -> 0.035304267 | Q19: 0 | R19: =Q19/$F19 -> 0 | S19: =O19+Q19 -> 8389 | T19: =S19/$F19 -> 0.035304267 | U19: 8939 | V19: =U19/$F19 -> 0.037618887 | W19: 9563 | X19: =W19/$F19 -> 0.040244929 | Y19: 11598 | Z19: =Y19/$F19 -> 0.048809023 | AA19: 15117 | AB19: =AA19/$F19 -> 0.063618382 | AC19: =Y19+AA19 -> 26715 | AD19: =AC19/$F19 -> 0.11242741 | AE19: 31411 | AF19: =AE19/$F19 -> 0.13219005 | AG19: 0 | AH19: =AG19/$F19 -> 0 | AI19: 33106 | AJ19: =AI19/$F19 -> 0.13932329 | AK19: 13515 | AL19: =AK19/$F19 -> 0.056876526
D20: =D19+1 -> 46216 | E20: 一 | F20: =SUM(M20,S20,U20,W20,AC20,AE20,AG20,AI20,AK20) -> 225765 | I20: 42515 | J20: =I20/$F20 -> 0.18831528 | K20: 60543 | L20: =K20/$F20 -> 0.26816823 | M20: =I20+K20 -> 103058 | N20: =M20/$F20 -> 0.45648351 | O20: 8327 | P20: =O20/$F20 -> 0.036883485 | Q20: 0 | R20: =Q20/$F20 -> 0 | S20: =O20+Q20 -> 8327 | T20: =S20/$F20 -> 0.036883485 | U20: 7394 | V20: =U20/$F20 -> 0.032750869 | W20: 10474 | X20: =W20/$F20 -> 0.046393374 | Y20: 9547 | Z20: =Y20/$F20 -> 0.042287334 | AA20: 15380 | AB20: =AA20/$F20 -> 0.068123934 | AC20: =Y20+AA20 -> 24927 | AD20: =AC20/$F20 -> 0.11041127 | AE20: 27381 | AF20: =AE20/$F20 -> 0.12128098 | AG20: 0 | AH20: =AG20/$F20 -> 0 | AI20: 29527 | AJ20: =AI20/$F20 -> 0.13078644 | AK20: 14677 | AL20: =AK20/$F20 -> 0.065010077
B21: =D22+7 -> 46225 | D21: =D20+1 -> 46217 | E21: 二 | F21: =SUM(M21,S21,U21,W21,AC21,AE21,AG21,AI21,AK21) -> 215096 | G21: =SUM(F21:F27) -> 1380106 | I21: 46118 | J21: =I21/$F21 -> 0.21440659 | K21: 58009 | L21: =K21/$F21 -> 0.26968888 | M21: =I21+K21 -> 104127 | N21: =M21/$F21 -> 0.48409547 | O21: 8177 | P21: =O21/$F21 -> 0.038015584 | Q21: 0 | R21: =Q21/$F21 -> 0 | S21: =O21+Q21 -> 8177 | T21: =S21/$F21 -> 0.038015584 | U21: 6132 | V21: =U21/$F21 -> 0.028508201 | W21: 9893 | X21: =W21/$F21 -> 0.045993417 | Y21: 8432 | Z21: =Y21/$F21 -> 0.039201101 | AA21: 12230 | AB21: =AA21/$F21 -> 0.056858333 | AC21: =Y21+AA21 -> 20662 | AD21: =AC21/$F21 -> 0.096059434 | AE21: 27053 | AF21: =AE21/$F21 -> 0.12577175 | AG21: 0 | AH21: =AG21/$F21 -> 0 | AI21: 26200 | AJ21: =AI21/$F21 -> 0.12180608 | AK21: 12852 | AL21: =AK21/$F21 -> 0.059750065
D22: =D21+1 -> 46218 | E22: 三 | F22: =SUM(M22,S22,U22,W22,AC22,AE22,AG22,AI22,AK22) -> 202647 | I22: 42400 | J22: =I22/$F22 -> 0.20923083 | K22: 55338 | L22: =K22/$F22 -> 0.27307584 | M22: =I22+K22 -> 97738 | N22: =M22/$F22 -> 0.48230667 | O22: 8117 | P22: =O22/$F22 -> 0.040054874 | Q22: 0 | R22: =Q22/$F22 -> 0 | S22: =O22+Q22 -> 8117 | T22: =S22/$F22 -> 0.040054874 | U22: 6495 | V22: =U22/$F22 -> 0.032050808 | W22: 9352 | X22: =W22/$F22 -> 0.046149215 | Y22: 8421 | Z22: =Y22/$F22 -> 0.041555019 | AA22: 10853 | AB22: =AA22/$F22 -> 0.053556184 | AC22: =Y22+AA22 -> 19274 | AD22: =AC22/$F22 -> 0.095111203 | AE22: 24643 | AF22: =AE22/$F22 -> 0.12160555 | AG22: 0 | AH22: =AG22/$F22 -> 0 | AI22: 24229 | AJ22: =AI22/$F22 -> 0.11956259 | AK22: 12799 | AL22: =AK22/$F22 -> 0.063159089
D23: =D22+1 -> 46219 | E23: 四 | F23: =SUM(M23,S23,U23,W23,AC23,AE23,AG23,AI23,AK23) -> 187259 | I23: 40442 | J23: =I23/$F23 -> 0.21596826 | K23: 49238 | L23: =K23/$F23 -> 0.26294063 | M23: =I23+K23 -> 89680 | N23: =M23/$F23 -> 0.47890889 | O23: 8000 | P23: =O23/$F23 -> 0.042721578 | Q23: 0 | R23: =Q23/$F23 -> 0 | S23: =O23+Q23 -> 8000 | T23: =S23/$F23 -> 0.042721578 | U23: 6101 | V23: =U23/$F23 -> 0.032580544 | W23: 9180 | X23: =W23/$F23 -> 0.049023011 | Y23: 8287 | Z23: =Y23/$F23 -> 0.044254215 | AA23: 8851 | AB23: =AA23/$F23 -> 0.047266086 | AC23: =Y23+AA23 -> 17138 | AD23: =AC23/$F23 -> 0.091520301 | AE23: 21695 | AF23: =AE23/$F23 -> 0.11585558 | AG23: 0 | AH23: =AG23/$F23 -> 0 | AI23: 23730 | AJ23: =AI23/$F23 -> 0.12672288 | AK23: 11735 | AL23: =AK23/$F23 -> 0.062667215
D24: =D23+1 -> 46220 | E24: 五 | F24: =SUM(M24,S24,U24,W24,AC24,AE24,AG24,AI24,AK24) -> 164894 | I24: 31950 | J24: =I24/$F24 -> 0.19376084 | K24: 45113 | L24: =K24/$F24 -> 0.27358788 | M24: =I24+K24 -> 77063 | N24: =M24/$F24 -> 0.46734872 | O24: 6404 | P24: =O24/$F24 -> 0.038837071 | Q24: 0 | R24: =Q24/$F24 -> 0 | S24: =O24+Q24 -> 6404 | T24: =S24/$F24 -> 0.038837071 | U24: 5471 | V24: =U24/$F24 -> 0.033178891 | W24: 7226 | X24: =W24/$F24 -> 0.043822092 | Y24: 8672 | Z24: =Y24/$F24 -> 0.052591362 | AA24: 8742 | AB24: =AA24/$F24 -> 0.053015877 | AC24: =Y24+AA24 -> 17414 | AD24: =AC24/$F24 -> 0.10560724 | AE24: 16349 | AF24: =AE24/$F24 -> 0.099148544 | AG24: 0 | AH24: =AG24/$F24 -> 0 | AI24: 25122 | AJ24: =AI24/$F24 -> 0.15235242 | AK24: 9845 | AL24: =AK24/$F24 -> 0.059705023
D25: =D24+1 -> 46221 | E25: 六 | F25: =SUM(M25,S25,U25,W25,AC25,AE25,AG25,AI25,AK25) -> 172065 | I25: 30761 | J25: =I25/$F25 -> 0.17877546 | K25: 52335 | L25: =K25/$F25 -> 0.30415831 | M25: =I25+K25 -> 83096 | N25: =M25/$F25 -> 0.48293378 | O25: 6060 | P25: =O25/$F25 -> 0.035219249 | Q25: 0 | R25: =Q25/$F25 -> 0 | S25: =O25+Q25 -> 6060 | T25: =S25/$F25 -> 0.035219249 | U25: 5490 | V25: =U25/$F25 -> 0.031906547 | W25: 7572 | X25: =W25/$F25 -> 0.044006625 | Y25: 7970 | Z25: =Y25/$F25 -> 0.046319705 | AA25: 10156 | AB25: =AA25/$F25 -> 0.059024206 | AC25: =Y25+AA25 -> 18126 | AD25: =AC25/$F25 -> 0.10534391 | AE25: 17475 | AF25: =AE25/$F25 -> 0.10156046 | AG25: 0 | AH25: =AG25/$F25 -> 0 | AI25: 23949 | AJ25: =AI25/$F25 -> 0.13918577 | AK25: 10297 | AL25: =AK25/$F25 -> 0.059843664
D26: =D25+1 -> 46222 | E26: 日 | F26: =SUM(M26,S26,U26,W26,AC26,AE26,AG26,AI26,AK26) -> 222011 | I26: 44457 | J26: =I26/$F26 -> 0.20024683 | K26: 60136 | L26: =K26/$F26 -> 0.27086946 | M26: =I26+K26 -> 104593 | N26: =M26/$F26 -> 0.4711163 | O26: 8474 | P26: =O26/$F26 -> 0.03816928 | Q26: 0 | R26: =Q26/$F26 -> 0 | S26: =O26+Q26 -> 8474 | T26: =S26/$F26 -> 0.03816928 | U26: 7356 | V26: =U26/$F26 -> 0.033133493 | W26: 9545 | X26: =W26/$F26 -> 0.042993365 | Y26: 9774 | Z26: =Y26/$F26 -> 0.044024846 | AA26: 11627 | AB26: =AA26/$F26 -> 0.052371279 | AC26: =Y26+AA26 -> 21401 | AD26: =AC26/$F26 -> 0.096396125 | AE26: 30057 | AF26: =AE26/$F26 -> 0.13538518 | AG26: 0 | AH26: =AG26/$F26 -> 0 | AI26: 28393 | AJ26: =AI26/$F26 -> 0.12789006 | AK26: 12192 | AL26: =AK26/$F26 -> 0.054916198
D27: =D26+1 -> 46223 | E27: 一 | F27: =SUM(M27,S27,U27,W27,AC27,AE27,AG27,AI27,AK27) -> 216134 | I27: 43906 | J27: =I27/$F27 -> 0.20314249 | K27: 59449 | L27: =K27/$F27 -> 0.27505622 | M27: =I27+K27 -> 103355 | N27: =M27/$F27 -> 0.47819871 | O27: 8388 | P27: =O27/$F27 -> 0.038809257 | Q27: 0 | R27: =Q27/$F27 -> 0 | S27: =O27+Q27 -> 8388 | T27: =S27/$F27 -> 0.038809257 | U27: 6607 | V27: =U27/$F27 -> 0.030568999 | W27: 11058 | X27: =W27/$F27 -> 0.051162705 | Y27: 9308 | Z27: =Y27/$F27 -> 0.043065876 | AA27: 10949 | AB27: =AA27/$F27 -> 0.050658388 | AC27: =Y27+AA27 -> 20257 | AD27: =AC27/$F27 -> 0.093724264 | AE27: 25985 | AF27: =AE27/$F27 -> 0.12022634 | AG27: 0 | AH27: =AG27/$F27 -> 0 | AI27: 27080 | AJ27: =AI27/$F27 -> 0.12529264 | AK27: 13404 | AL27: =AK27/$F27 -> 0.062017082
B28: =D29+7 -> 46232 | D28: =D27+1 -> 46224 | E28: 二 | F28: =SUM(M28,S28,U28,W28,AC28,AE28,AG28,AI28,AK28) -> 0 | G28: =SUM(F28:F34) -> 0
D29: =D28+1 -> 46225 | E29: 三 | F29: =SUM(M29,S29,U29,W29,AC29,AE29,AG29,AI29,AK29) -> 0
D30: =D29+1 -> 46226 | E30: 四 | F30: =SUM(M30,S30,U30,W30,AC30,AE30,AG30,AI30,AK30) -> 0
D31: =D30+1 -> 46227 | E31: 五 | F31: =SUM(M31,S31,U31,W31,AC31,AE31,AG31,AI31,AK31) -> 0
D32: =D31+1 -> 46228 | E32: 六 | F32: =SUM(M32,S32,U32,W32,AC32,AE32,AG32,AI32,AK32) -> 0
D33: =D32+1 -> 46229 | E33: 日 | F33: =SUM(M33,S33,U33,W33,AC33,AE33,AG33,AI33,AK33) -> 0
D34: =D33+1 -> 46230 | E34: 一 | F34: =SUM(M34,S34,U34,W34,AC34,AE34,AG34,AI34,AK34) -> 0
B35: =D36+7 -> 46239 | D35: =D34+1 -> 46231 | E35: 二 | F35: =SUM(M35,S35,U35,W35,AC35,AE35,AG35,AI35,AK35) -> 0 | G35: =SUM(F35:F41) -> 0
D36: =D35+1 -> 46232 | E36: 三 | F36: =SUM(M36,S36,U36,W36,AC36,AE36,AG36,AI36,AK36) -> 0
D37: =D36+1 -> 46233 | E37: 四 | F37: =SUM(M37,S37,U37,W37,AC37,AE37,AG37,AI37,AK37) -> 0
D38: =D37+1 -> 46234 | E38: 五 | F38: =SUM(M38,S38,U38,W38,AC38,AE38,AG38,AI38,AK38) -> 0
D39: =D38+1 -> 46235 | E39: 六 | F39: =SUM(M39,S39,U39,W39,AC39,AE39,AG39,AI39,AK39) -> 0
D40: =D39+1 -> 46236 | E40: 日 | F40: =SUM(M40,S40,U40,W40,AC40,AE40,AG40,AI40,AK40) -> 0
D41: =D40+1 -> 46237 | E41: 一 | F41: =SUM(M41,S41,U41,W41,AC41,AE41,AG41,AI41,AK41) -> 0

Sheet （５-1）品群別人時生產性(18℃-飯糰)
B1: 7月平均人時性 | C1: =AVERAGE(L7,L49,L91) -> 768.74032
B2: 產線配置圖－每週更新(0630-0706) | N2: 資料繳交 | O2: 日期 | P2: 46203 | U2: 46204 | Z2: 46205 | AE2: 46206 | AJ2: 46207 | AO2: 46208 | AT2: 46209
P3: 46196 | U3: 46197 | Z3: 46198 | AE3: 46199 | AJ3: 46200 | AO3: 46201 | AT3: 46202
B4: 品群 | C4: 商品名稱 | E4: 計畫 | H4: 平均人時性 | I4: 實績 (週平均) | L4: 平均人時性 | M4: 排名 | O4: 日報 | P4: 實際 | T4: 平均人時性 | U4: 實際 | Y4: 平均人時性 | Z4: 實際 | AD4: 平均人時性 | AE4: 實際 | AI4: 平均人時性 | AJ4: 實際 | AN4: 平均人時性 | AO4: 實際 | AS4: 平均人時性 | AT4: 實際 | AX4: 平均人時性
E5: 產線配置圖 | I5: 產線配置圖 | P5: 生產實績 | U5: 生產實績 | Z5: 生產實績 | AE5: 生產實績 | AJ5: 生產實績 | AO5: 生產實績 | AT5: 生產實績
E6: 人數 | F6: 產能／時 | G6: 人時性 | I6: 人數 | J6: 產能／時 | K6: 人時性 | P6: 人數 | Q6: 產能／時 | R6: 人時性 | S6: 排名 | U6: 人數 | V6: 產能／時 | W6: 人時性 | X6: 排名 | Z6: 人數 | AA6: 產能／時 | AB6: 人時性 | AC6: 排名 | AE6: 人數 | AF6: 產能／時 | AG6: 人時性 | AH6: 排名 | AJ6: 人數 | AK6: 產能／時 | AL6: 人時性 | AM6: 排名 | AO6: 人數 | AP6: 產能／時 | AQ6: 人時性 | AR6: 排名 | AT6: 人數 | AU6: 產能／時 | AV6: 人時性 | AW6: 排名
B7: 18℃-飯糰 | C7: 1 | D7: 一配鹽蔥燒肉飯糰 | E7: 4 | F7: 3300 | G7: =IFERROR(F7/E7,"") -> 825 | H7: =AVERAGE(G7:G43) -> 863.52564 | I7: =AVERAGE(P7,U7,Z7,AE7,AJ7,AO7,AT7) -> 4 | J7: =AVERAGE(Q7,V7,AA7,AF7,AK7,AP7,AU7) -> 2989.8 | K7: =AVERAGE(R7,W7,AB7,AG7,AL7,AQ7,AV7) -> 747.45 | L7: =IFERROR(AVERAGE(K7:K43),"-") -> 771.0794 | M7: =RANK(K7, K$7:$K$43) -> 18 | P7: 4 | Q7: 2989.8 | R7: =IFERROR(Q7/P7,"") -> 747.45 | S7: =RANK(R7, R$7:R$43) -> 19 | T7: =AVERAGE(R7:R43) -> 769.35072 | U7: 4 | V7: 2989.8 | W7: =IFERROR(V7/U7,"") -> 747.45 | X7: =RANK(W7, W$7:W$43) -> 19 | Y7: =AVERAGE(W7:W43) -> 770.09659 | Z7: 4 | AA7: 2989.8 | AB7: =IFERROR(AA7/Z7,"") -> 747.45 | AC7: =RANK(AB7, AB$7:AB$43) -> 19 | AD7: =AVERAGE(AB7:AB43) -> 770.80625 | AE7: 4 | AF7: 2989.8 | AG7: =IFERROR(AF7/AE7,"") -> 747.45 | AH7: =RANK(AG7, AG$7:AG$43) -> 18 | AI7: =AVERAGE(AG7:AG43) -> 771.42305 | AJ7: 4 | AK7: 2989.8 | AL7: =IFERROR(AK7/AJ7,"") -> 747.45 | AM7: =RANK(AL7, AL$7:AL$43) -> 18 | AN7: =AVERAGE(AL7:AL43) -> 771.95314 | AO7: 4 | AP7: 2989.8 | AQ7: =IFERROR(AP7/AO7,"") -> 747.45 | AR7: =RANK(AQ7, AQ$7:AQ$43) -> 19 | AS7: =AVERAGE(AQ7:AQ43) -> 771.96688 | AT7: 4 | AU7: 2989.8 | AV7: =IFERROR(AU7/AT7,"") -> 747.45 | AW7: =RANK(AV7, AV$7:AV$43) -> 18 | AX7: =AVERAGE(AV7:AV43) -> 771.95919
C8: 2 | D8: 一配鮪魚飯糰 | E8: 3 | F8: 3600 | G8: =IFERROR(F8/E8,"") -> 1200 | I8: =AVERAGE(P8,U8,Z8,AE8,AJ8,AO8,AT8) -> 3 | J8: =AVERAGE(Q8,V8,AA8,AF8,AK8,AP8,AU8) -> 3187.3584 | K8: =AVERAGE(R8,W8,AB8,AG8,AL8,AQ8,AV8) -> 1062.4528 | M8: =RANK(K8, K$7:$K$43) -> 8 | P8: 3 | Q8: 3190.0841 | R8: =IFERROR(Q8/P8,"") -> 1063.3614 | S8: =RANK(R8, R$7:R$43) -> 6 | U8: 3 | V8: 3189.0041 | W8: =IFERROR(V8/U8,"") -> 1063.0014 | X8: =RANK(W8, W$7:W$43) -> 7 | Z8: 3 | AA8: 3187.9241 | AB8: =IFERROR(AA8/Z8,"") -> 1062.6414 | AC8: =RANK(AB8, AB$7:AB$43) -> 8 | AE8: 3 | AF8: 3186.8441 | AG8: =IFERROR(AF8/AE8,"") -> 1062.2814 | AH8: =RANK(AG8, AG$7:AG$43) -> 8 | AJ8: 3 | AK8: 3185.7641 | AL8: =IFERROR(AK8/AJ8,"") -> 1061.9214 | AM8: =RANK(AL8, AL$7:AL$43) -> 9 | AO8: 3 | AP8: 3185.0441 | AQ8: =IFERROR(AP8/AO8,"") -> 1061.6814 | AR8: =RANK(AQ8, AQ$7:AQ$43) -> 9 | AT8: 3 | AU8: 3186.8441 | AV8: =IFERROR(AU8/AT8,"") -> 1062.2814 | AW8: =RANK(AV8, AV$7:AV$43) -> 7
C9: 3 | D9: 一配雞肉飯飯糰 | E9: 5 | F9: 3600 | G9: =IFERROR(F9/E9,"") -> 720 | I9: =AVERAGE(P9,U9,Z9,AE9,AJ9,AO9,AT9) -> 5 | J9: =AVERAGE(Q9,V9,AA9,AF9,AK9,AP9,AU9) -> 3195.393 | K9: =AVERAGE(R9,W9,AB9,AG9,AL9,AQ9,AV9) -> 639.07859 | M9: =RANK(K9, K$7:$K$43) -> 24 | P9: 5 | Q9: 3194.4158 | R9: =IFERROR(Q9/P9,"") -> 638.88317 | S9: =RANK(R9, R$7:R$43) -> 24 | U9: 5 | V9: 3195.1358 | W9: =IFERROR(V9/U9,"") -> 639.02717 | X9: =RANK(W9, W$7:W$43) -> 23 | Z9: 5 | AA9: 3195.8558 | AB9: =IFERROR(AA9/Z9,"") -> 639.17117 | AC9: =RANK(AB9, AB$7:AB$43) -> 24 | AE9: 5 | AF9: 3196.9358 | AG9: =IFERROR(AF9/AE9,"") -> 639.38717 | AH9: =RANK(AG9, AG$7:AG$43) -> 23 | AJ9: 5 | AK9: 3195.4958 | AL9: =IFERROR(AK9/AJ9,"") -> 639.09917 | AM9: =RANK(AL9, AL$7:AL$43) -> 24 | AO9: 5 | AP9: 3195.1358 | AQ9: =IFERROR(AP9/AO9,"") -> 639.02717 | AR9: =RANK(AQ9, AQ$7:AQ$43) -> 24 | AT9: 5 | AU9: 3194.7758 | AV9: =IFERROR(AU9/AT9,"") -> 638.95517 | AW9: =RANK(AV9, AV$7:AV$43) -> 25
C10: 4 | D10: 一配壹號醬炙烤牛飯糰 | E10: 5 | F10: 3300 | G10: =IFERROR(F10/E10,"") -> 660 | I10: =AVERAGE(P10,U10,Z10,AE10,AJ10,AO10,AT10) -> 5 | J10: =AVERAGE(Q10,V10,AA10,AF10,AK10,AP10,AU10) -> 2989.8 | K10: =AVERAGE(R10,W10,AB10,AG10,AL10,AQ10,AV10) -> 597.96 | M10: =RANK(K10, K$7:$K$43) -> 29 | P10: 5 | Q10: 2989.8 | R10: =IFERROR(Q10/P10,"") -> 597.96 | S10: =RANK(R10, R$7:R$43) -> 29 | U10: 5 | V10: 2989.8 | W10: =IFERROR(V10/U10,"") -> 597.96 | X10: =RANK(W10, W$7:W$43) -> 29 | Z10: 5 | AA10: 2989.8 | AB10: =IFERROR(AA10/Z10,"") -> 597.96 | AC10: =RANK(AB10, AB$7:AB$43) -> 29 | AE10: 5 | AF10: 2989.8 | AG10: =IFERROR(AF10/AE10,"") -> 597.96 | AH10: =RANK(AG10, AG$7:AG$43) -> 29 | AJ10: 5 | AK10: 2989.8 | AL10: =IFERROR(AK10/AJ10,"") -> 597.96 | AM10: =RANK(AL10, AL$7:AL$43) -> 30 | AO10: 5 | AP10: 2989.8 | AQ10: =IFERROR(AP10/AO10,"") -> 597.96 | AR10: =RANK(AQ10, AQ$7:AQ$43) -> 30 | AT10: 5 | AU10: 2989.8 | AV10: =IFERROR(AU10/AT10,"") -> 597.96 | AW10: =RANK(AV10, AV$7:AV$43) -> 29
C11: 5 | D11: 一配明太子龍蝦風味沙拉飯糰 | E11: 3 | F11: 3600 | G11: =IFERROR(F11/E11,"") -> 1200 | I11: =AVERAGE(P11,U11,Z11,AE11,AJ11,AO11,AT11) -> 3 | J11: =AVERAGE(Q11,V11,AA11,AF11,AK11,AP11,AU11) -> 3194.364 | K11: =AVERAGE(R11,W11,AB11,AG11,AL11,AQ11,AV11) -> 1064.788 | M11: =RANK(K11, K$7:$K$43) -> 3 | P11: 3 | Q11: 3193.4383 | R11: =IFERROR(Q11/P11,"") -> 1064.4794 | S11: =RANK(R11, R$7:R$43) -> 3 | U11: 3 | V11: 3193.7983 | W11: =IFERROR(V11/U11,"") -> 1064.5994 | X11: =RANK(W11, W$7:W$43) -> 3 | Z11: 3 | AA11: 3193.4383 | AB11: =IFERROR(AA11/Z11,"") -> 1064.4794 | AC11: =RANK(AB11, AB$7:AB$43) -> 3 | AE11: 3 | AF11: 3193.4383 | AG11: =IFERROR(AF11/AE11,"") -> 1064.4794 | AH11: =RANK(AG11, AG$7:AG$43) -> 3 | AJ11: 3 | AK11: 3194.5183 | AL11: =IFERROR(AK11/AJ11,"") -> 1064.8394 | AM11: =RANK(AL11, AL$7:AL$43) -> 3 | AO11: 3 | AP11: 3195.5983 | AQ11: =IFERROR(AP11/AO11,"") -> 1065.1994 | AR11: =RANK(AQ11, AQ$7:AQ$43) -> 3 | AT11: 3 | AU11: 3196.3183 | AV11: =IFERROR(AU11/AT11,"") -> 1065.4394 | AW11: =RANK(AV11, AV$7:AV$43) -> 2
C12: 6 | D12: 一配贅沢鮭魚肚飯糰 | E12: 4 | F12: 3600 | G12: =IFERROR(F12/E12,"") -> 900 | I12: =AVERAGE(P12,U12,Z12,AE12,AJ12,AO12,AT12) -> 4 | J12: =AVERAGE(Q12,V12,AA12,AF12,AK12,AP12,AU12) -> 3192.4286 | K12: =AVERAGE(R12,W12,AB12,AG12,AL12,AQ12,AV12) -> 798.10714 | M12: =RANK(K12, K$7:$K$43) -> 17 | P12: 4 | Q12: 3193.2 | R12: =IFERROR(Q12/P12,"") -> 798.3 | S12: =RANK(R12, R$7:R$43) -> 17 | U12: 4 | V12: 3193.2 | W12: =IFERROR(V12/U12,"") -> 798.3 | X12: =RANK(W12, W$7:W$43) -> 16 | Z12: 4 | AA12: 3192.48 | AB12: =IFERROR(AA12/Z12,"") -> 798.12 | AC12: =RANK(AB12, AB$7:AB$43) -> 16 | AE12: 4 | AF12: 3191.4 | AG12: =IFERROR(AF12/AE12,"") -> 797.85 | AH12: =RANK(AG12, AG$7:AG$43) -> 17 | AJ12: 4 | AK12: 3191.76 | AL12: =IFERROR(AK12/AJ12,"") -> 797.94 | AM12: =RANK(AL12, AL$7:AL$43) -> 17 | AO12: 4 | AP12: 3192.84 | AQ12: =IFERROR(AP12/AO12,"") -> 798.21 | AR12: =RANK(AQ12, AQ$7:AQ$43) -> 17 | AT12: 4 | AU12: 3192.12 | AV12: =IFERROR(AU12/AT12,"") -> 798.03 | AW12: =RANK(AV12, AV$7:AV$43) -> 17
C13: 7 | D13: 一配蔬食鮪魚飯糰 | E13: 3 | F13: 3600 | G13: =IFERROR(F13/E13,"") -> 1200 | I13: =AVERAGE(P13,U13,Z13,AE13,AJ13,AO13,AT13) -> 3 | J13: =AVERAGE(Q13,V13,AA13,AF13,AK13,AP13,AU13) -> 3187.6545 | K13: =AVERAGE(R13,W13,AB13,AG13,AL13,AQ13,AV13) -> 1062.5515 | M13: =RANK(K13, K$7:$K$43) -> 7 | P13: 3 | Q13: 3186.2659 | R13: =IFERROR(Q13/P13,"") -> 1062.0886 | S13: =RANK(R13, R$7:R$43) -> 8 | U13: 3 | V13: 3187.3459 | W13: =IFERROR(V13/U13,"") -> 1062.4486 | X13: =RANK(W13, W$7:W$43) -> 8 | Z13: 3 | AA13: 3188.4259 | AB13: =IFERROR(AA13/Z13,"") -> 1062.8086 | AC13: =RANK(AB13, AB$7:AB$43) -> 7 | AE13: 3 | AF13: 3187.7059 | AG13: =IFERROR(AF13/AE13,"") -> 1062.5686 | AH13: =RANK(AG13, AG$7:AG$43) -> 7 | AJ13: 3 | AK13: 3188.7859 | AL13: =IFERROR(AK13/AJ13,"") -> 1062.9286 | AM13: =RANK(AL13, AL$7:AL$43) -> 6 | AO13: 3 | AP13: 3188.0659 | AQ13: =IFERROR(AP13/AO13,"") -> 1062.6886 | AR13: =RANK(AQ13, AQ$7:AQ$43) -> 6 | AT13: 3 | AU13: 3186.9859 | AV13: =IFERROR(AU13/AT13,"") -> 1062.3286 | AW13: =RANK(AV13, AV$7:AV$43) -> 6
C14: 8 | D14: 一配熟成紅鮭飯糰 | E14: 5 | F14: 3600 | G14: =IFERROR(F14/E14,"") -> 720 | I14: =AVERAGE(P14,U14,Z14,AE14,AJ14,AO14,AT14) -> 5 | J14: =AVERAGE(Q14,V14,AA14,AF14,AK14,AP14,AU14) -> 3191.799 | K14: =AVERAGE(R14,W14,AB14,AG14,AL14,AQ14,AV14) -> 638.3598 | M14: =RANK(K14, K$7:$K$43) -> 27 | P14: 5 | Q14: 3193.4962 | R14: =IFERROR(Q14/P14,"") -> 638.69923 | S14: =RANK(R14, R$7:R$43) -> 25 | U14: 5 | V14: 3193.1362 | W14: =IFERROR(V14/U14,"") -> 638.62723 | X14: =RANK(W14, W$7:W$43) -> 25 | Z14: 5 | AA14: 3191.6962 | AB14: =IFERROR(AA14/Z14,"") -> 638.33923 | AC14: =RANK(AB14, AB$7:AB$43) -> 28 | AE14: 5 | AF14: 3190.2562 | AG14: =IFERROR(AF14/AE14,"") -> 638.05123 | AH14: =RANK(AG14, AG$7:AG$43) -> 28 | AJ14: 5 | AK14: 3191.6962 | AL14: =IFERROR(AK14/AJ14,"") -> 638.33923 | AM14: =RANK(AL14, AL$7:AL$43) -> 27 | AO14: 5 | AP14: 3190.9762 | AQ14: =IFERROR(AP14/AO14,"") -> 638.19523 | AR14: =RANK(AQ14, AQ$7:AQ$43) -> 28 | AT14: 5 | AU14: 3191.3362 | AV14: =IFERROR(AU14/AT14,"") -> 638.26723 | AW14: =RANK(AV14, AV$7:AV$43) -> 28
C15: 9 | D15: 一配北海道秋鮭親子飯糰 | E15: 5 | F15: 3600 | G15: =IFERROR(F15/E15,"") -> 720 | I15: =AVERAGE(P15,U15,Z15,AE15,AJ15,AO15,AT15) -> 5 | J15: =AVERAGE(Q15,V15,AA15,AF15,AK15,AP15,AU15) -> 3197.9721 | K15: =AVERAGE(R15,W15,AB15,AG15,AL15,AQ15,AV15) -> 639.59443 | M15: =RANK(K15, K$7:$K$43) -> 23 | P15: 5 | Q15: 3200.7833 | R15: =IFERROR(Q15/P15,"") -> 640.15667 | S15: =RANK(R15, R$7:R$43) -> 22 | U15: 5 | V15: 3202.2233 | W15: =IFERROR(V15/U15,"") -> 640.44467 | X15: =RANK(W15, W$7:W$43) -> 21 | Z15: 5 | AA15: 3196.8477 | AB15: =IFERROR(AA15/Z15,"") -> 639.36953 | AC15: =RANK(AB15, AB$7:AB$43) -> 22 | AE15: 5 | AF15: 3196.4877 | AG15: =IFERROR(AF15/AE15,"") -> 639.29753 | AH15: =RANK(AG15, AG$7:AG$43) -> 24 | AJ15: 5 | AK15: 3196.8477 | AL15: =IFERROR(AK15/AJ15,"") -> 639.36953 | AM15: =RANK(AL15, AL$7:AL$43) -> 23 | AO15: 5 | AP15: 3196.8477 | AQ15: =IFERROR(AP15/AO15,"") -> 639.36953 | AR15: =RANK(AQ15, AQ$7:AQ$43) -> 23 | AT15: 5 | AU15: 3195.7677 | AV15: =IFERROR(AU15/AT15,"") -> 639.15353 | AW15: =RANK(AV15, AV$7:AV$43) -> 23
C16: 10 | D16: 一配經典肉鬆飯糰 | E16: 3 | F16: 3000 | G16: =IFERROR(F16/E16,"") -> 1000 | I16: =AVERAGE(P16,U16,Z16,AE16,AJ16,AO16,AT16) -> 3 | J16: =AVERAGE(Q16,V16,AA16,AF16,AK16,AP16,AU16) -> 2718.2065 | K16: =AVERAGE(R16,W16,AB16,AG16,AL16,AQ16,AV16) -> 906.06882 | M16: =RANK(K16, K$7:$K$43) -> 13 | P16: 3 | Q16: 2717.9922 | R16: =IFERROR(Q16/P16,"") -> 905.99739 | S16: =RANK(R16, R$7:R$43) -> 13 | U16: 3 | V16: 2719.1922 | W16: =IFERROR(V16/U16,"") -> 906.39739 | X16: =RANK(W16, W$7:W$43) -> 13 | Z16: 3 | AA16: 2718.8922 | AB16: =IFERROR(AA16/Z16,"") -> 906.29739 | AC16: =RANK(AB16, AB$7:AB$43) -> 13 | AE16: 3 | AF16: 2717.9922 | AG16: =IFERROR(AF16/AE16,"") -> 905.99739 | AH16: =RANK(AG16, AG$7:AG$43) -> 13 | AJ16: 3 | AK16: 2718.2922 | AL16: =IFERROR(AK16/AJ16,"") -> 906.09739 | AM16: =RANK(AL16, AL$7:AL$43) -> 14 | AO16: 3 | AP16: 2717.0922 | AQ16: =IFERROR(AP16/AO16,"") -> 905.69739 | AR16: =RANK(AQ16, AQ$7:AQ$43) -> 15 | AT16: 3 | AU16: 2717.9922 | AV16: =IFERROR(AU16/AT16,"") -> 905.99739 | AW16: =RANK(AV16, AV$7:AV$43) -> 14
C17: 11 | D17: 一配兩粒飯糰(鮪魚.焦糖鮭魚) | E17: 12 | F17: 3600 | G17: =IFERROR(F17/E17,"") -> 300 | I17: =AVERAGE(P17,U17,Z17,AE17,AJ17,AO17,AT17) -> 12 | J17: =AVERAGE(Q17,V17,AA17,AF17,AK17,AP17,AU17) -> 3116.6325 | K17: =AVERAGE(R17,W17,AB17,AG17,AL17,AQ17,AV17) -> 259.71938 | M17: =RANK(K17, K$7:$K$43) -> 35 | P17: 12 | Q17: 3114.4211 | R17: =IFERROR(Q17/P17,"") -> 259.53509 | S17: =RANK(R17, R$7:R$43) -> 34 | U17: 12 | V17: 3115.8611 | W17: =IFERROR(V17/U17,"") -> 259.65509 | X17: =RANK(W17, W$7:W$43) -> 35 | Z17: 12 | AA17: 3116.9411 | AB17: =IFERROR(AA17/Z17,"") -> 259.74509 | AC17: =RANK(AB17, AB$7:AB$43) -> 34 | AE17: 12 | AF17: 3118.7411 | AG17: =IFERROR(AF17/AE17,"") -> 259.89509 | AH17: =RANK(AG17, AG$7:AG$43) -> 34 | AJ17: 12 | AK17: 3117.6611 | AL17: =IFERROR(AK17/AJ17,"") -> 259.80509 | AM17: =RANK(AL17, AL$7:AL$43) -> 34 | AO17: 12 | AP17: 3115.8611 | AQ17: =IFERROR(AP17/AO17,"") -> 259.65509 | AR17: =RANK(AQ17, AQ$7:AQ$43) -> 35 | AT17: 12 | AU17: 3116.9411 | AV17: =IFERROR(AU17/AT17,"") -> 259.74509 | AW17: =RANK(AV17, AV$7:AV$43) -> 35
C18: 12 | D18: 一配鮭魚奶油醬油飯糰 | E18: 3 | F18: 3300 | G18: =IFERROR(F18/E18,"") -> 1100 | I18: =AVERAGE(P18,U18,Z18,AE18,AJ18,AO18,AT18) -> 3 | J18: =AVERAGE(Q18,V18,AA18,AF18,AK18,AP18,AU18) -> 2988.9164 | K18: =AVERAGE(R18,W18,AB18,AG18,AL18,AQ18,AV18) -> 996.30548 | M18: =RANK(K18, K$7:$K$43) -> 11 | P18: 3 | Q18: 2989.8593 | R18: =IFERROR(Q18/P18,"") -> 996.61977 | S18: =RANK(R18, R$7:R$43) -> 10 | U18: 3 | V18: 2989.5293 | W18: =IFERROR(V18/U18,"") -> 996.50977 | X18: =RANK(W18, W$7:W$43) -> 11 | Z18: 3 | AA18: 2989.1993 | AB18: =IFERROR(AA18/Z18,"") -> 996.39977 | AC18: =RANK(AB18, AB$7:AB$43) -> 10 | AE18: 3 | AF18: 2987.8793 | AG18: =IFERROR(AF18/AE18,"") -> 995.95977 | AH18: =RANK(AG18, AG$7:AG$43) -> 11 | AJ18: 3 | AK18: 2988.8693 | AL18: =IFERROR(AK18/AJ18,"") -> 996.28977 | AM18: =RANK(AL18, AL$7:AL$43) -> 11 | AO18: 3 | AP18: 2989.1993 | AQ18: =IFERROR(AP18/AO18,"") -> 996.39977 | AR18: =RANK(AQ18, AQ$7:AQ$43) -> 10 | AT18: 3 | AU18: 2987.8793 | AV18: =IFERROR(AU18/AT18,"") -> 995.95977 | AW18: =RANK(AV18, AV$7:AV$43) -> 11
C19: 13 | D19: 一配山葵章魚飯糰 | E19: 3 | F19: 3600 | G19: =IFERROR(F19/E19,"") -> 1200 | I19: =AVERAGE(P19,U19,Z19,AE19,AJ19,AO19,AT19) -> 3 | J19: =AVERAGE(Q19,V19,AA19,AF19,AK19,AP19,AU19) -> 3189.6593 | K19: =AVERAGE(R19,W19,AB19,AG19,AL19,AQ19,AV19) -> 1063.2198 | M19: =RANK(K19, K$7:$K$43) -> 5 | P19: 3 | Q19: 3187.7889 | R19: =IFERROR(Q19/P19,"") -> 1062.5963 | S19: =RANK(R19, R$7:R$43) -> 7 | U19: 3 | V19: 3189.2289 | W19: =IFERROR(V19/U19,"") -> 1063.0763 | X19: =RANK(W19, W$7:W$43) -> 6 | Z19: 3 | AA19: 3191.8475 | AB19: =IFERROR(AA19/Z19,"") -> 1063.9492 | AC19: =RANK(AB19, AB$7:AB$43) -> 4 | AE19: 3 | AF19: 3190.7675 | AG19: =IFERROR(AF19/AE19,"") -> 1063.5892 | AH19: =RANK(AG19, AG$7:AG$43) -> 5 | AJ19: 3 | AK19: 3189.6875 | AL19: =IFERROR(AK19/AJ19,"") -> 1063.2292 | AM19: =RANK(AL19, AL$7:AL$43) -> 4 | AO19: 3 | AP19: 3188.9675 | AQ19: =IFERROR(AP19/AO19,"") -> 1062.9892 | AR19: =RANK(AQ19, AQ$7:AQ$43) -> 5 | AT19: 3 | AU19: 3189.3275 | AV19: =IFERROR(AU19/AT19,"") -> 1063.1092 | AW19: =RANK(AV19, AV$7:AV$43) -> 5
... C42: 36 | D42: 二配兩粒飯糰(鮪魚.焦糖鮭魚) | E42: 12 | F42: 3600 | G42: =IFERROR(F42/E42,"") -> 300 | I42: =AVERAGE(P42,U42,Z42,AE42,AJ42,AO42,AT42) -> 12 | J42: =AVERAGE(Q42,V42,AA42,AF42,AK42,AP42,AU42) -> 3117.4577 | K42: =AVERAGE(R42,W42,AB42,AG42,AL42,AQ42,AV42) -> 259.78814 | M42: =RANK(K42, K$7:$K$43) -> 34 | P42: 12 | Q42: 3114.2226 | R42: =IFERROR(Q42/P42,"") -> 259.51855 | S42: =RANK(R42, R$7:R$43) -> 35 | U42: 12 | V42: 3116.0226 | W42: =IFERROR(V42/U42,"") -> 259.66855 | X42: =RANK(W42, W$7:W$43) -> 34 | Z42: 12 | AA42: 3116.7426 | AB42: =IFERROR(AA42/Z42,"") -> 259.72855 | AC42: =RANK(AB42, AB$7:AB$43) -> 35 | AE42: 12 | AF42: 3118.1826 | AG42: =IFERROR(AF42/AE42,"") -> 259.84855 | AH42: =RANK(AG42, AG$7:AG$43) -> 35 | AJ42: 12 | AK42: 3117.4513 | AL42: =IFERROR(AK42/AJ42,"") -> 259.78761 | AM42: =RANK(AL42, AL$7:AL$43) -> 35 | AO42: 12 | AP42: 3118.8913 | AQ42: =IFERROR(AP42/AO42,"") -> 259.90761 | AR42: =RANK(AQ42, AQ$7:AQ$43) -> 34 | AT42: 12 | AU42: 3120.6913 | AV42: =IFERROR(AU42/AT42,"") -> 260.05761 | AW42: =RANK(AV42, AV$7:AV$43) -> 34
C43: 37
B44: 產線配置圖－每週更新(0707-0713) | N44: 資料繳交 | O44: 日期 | P44: 46210 | U44: 46211 | Z44: 46212 | AE44: 46213 | AJ44: 46214 | AO44: 46215 | AT44: 46216
P45: 46196 | U45: 46197 | Z45: 46198 | AE45: 46199 | AJ45: 46200 | AO45: 46201 | AT45: 46202
B46: 品群 | C46: 商品名稱 | E46: 計畫 | H46: 平均人時性 | I46: 實績 (週平均) | L46: 平均人時性 | M46: 排名 | O46: 日報 | P46: 實際 | T46: 平均人時性 | U46: 實際 | Y46: 平均人時性 | Z46: 實際 | AD46: 平均人時性 | AE46: 實際 | AI46: 平均人時性 | AJ46: 實際 | AN46: 平均人時性 | AO46: 實際 | AS46: 平均人時性 | AT46: 實際 | AX46: 平均人時性
E47: 產線配置圖 | I47: 產線配置圖 | P47: 生產實績 | U47: 生產實績 | Z47: 生產實績 | AE47: 生產實績 | AJ47: 生產實績 | AO47: 生產實績 | AT47: 生產實績
E48: 人數 | F48: 產能／時 | G48: 人時性 | I48: 人數 | J48: 產能／時 | K48: 人時性 | P48: 人數 | Q48: 產能／時 | R48: 人時性 | S48: 排名 | U48: 人數 | V48: 產能／時 | W48: 人時性 | X48: 排名 | Z48: 人數 | AA48: 產能／時 | AB48: 人時性 | AC48: 排名 | AE48: 人數 | AF48: 產能／時 | AG48: 人時性 | AH48: 排名 | AJ48: 人數 | AK48: 產能／時 | AL48: 人時性 | AM48: 排名 | AO48: 人數 | AP48: 產能／時 | AQ48: 人時性 | AR48: 排名 | AT48: 人數 | AU48: 產能／時 | AV48: 人時性 | AW48: 排名
B49: 18℃-飯糰 | C49: 1 | D49: 一配鹽蔥燒肉飯糰 | E49: 4 | F49: 3300 | G49: =IFERROR(F49/E49,"") -> 825 | H49: =AVERAGE(G49:G85) -> 856.76923 | I49: =AVERAGE(P49,U49,Z49,AE49,AJ49,AO49,AT49) -> 4 | J49: =AVERAGE(Q49,V49,AA49,AF49,AK49,AP49,AU49) -> 2989.8 | K49: =AVERAGE(R49,W49,AB49,AG49,AL49,AQ49,AV49) -> 747.45 | L49: =IFERROR(AVERAGE(K49:K85),"-") -> 765.61007 | M49: =RANK(K49, K$49:$K$85) -> 18 | P49: 4 | Q49: 2989.8 | R49: =IFERROR(Q49/P49,"") -> 747.45 | S49: =RANK(R49, R$49:R$85) -> 18 | T49: =AVERAGE(R49:R85) -> 765.56828 | U49: 4 | V49: 2989.8 | W49: =IFERROR(V49/U49,"") -> 747.45 | X49: =RANK(W49, W$49:W$85) -> 18 | Y49: =AVERAGE(W49:W85) -> 765.53824 | Z49: 4 | AA49: 2989.8 | AB49: =IFERROR(AA49/Z49,"") -> 747.45 | AC49: =RANK(AB49, AB$49:AB$85) -> 17 | AD49: =AVERAGE(AB49:AB85) -> 765.60833 | AE49: 4 | AF49: 2989.8 | AG49: =IFERROR(AF49/AE49,"") -> 747.45 | AH49: =RANK(AG49, AG$49:AG$85) -> 17 | AI49: =AVERAGE(AG49:AG85) -> 765.62008 | AJ49: 4 | AK49: 2989.8 | AL49: =IFERROR(AK49/AJ49,"") -> 747.45 | AM49: =RANK(AL49, AL$49:AL$85) -> 18 | AN49: =AVERAGE(AL49:AL85) -> 765.64865 | AO49: 4 | AP49: 2989.8 | AQ49: =IFERROR(AP49/AO49,"") -> 747.45 | AR49: =RANK(AQ49, AQ$49:AQ$85) -> 17 | AS49: =AVERAGE(AQ49:AQ85) -> 765.61714 | AT49: 4 | AU49: 2989.8 | AV49: =IFERROR(AU49/AT49,"") -> 747.45 | AW49: =RANK(AV49, AV$49:AV$85) -> 17 | AX49: =AVERAGE(AV49:AV85) -> 765.66979
C50: 2 | D50: 一配鮪魚飯糰 | E50: 3 | F50: 3600 | G50: =IFERROR(F50/E50,"") -> 1200 | I50: =AVERAGE(P50,U50,Z50,AE50,AJ50,AO50,AT50) -> 3 | J50: =AVERAGE(Q50,V50,AA50,AF50,AK50,AP50,AU50) -> 3185.3527 | K50: =AVERAGE(R50,W50,AB50,AG50,AL50,AQ50,AV50) -> 1061.7842 | M50: =RANK(K50, K$49:$K$85) -> 9 | P50: 3 | Q50: 3185.7641 | R50: =IFERROR(Q50/P50,"") -> 1061.9214 | S50: =RANK(R50, R$49:R$85) -> 8 | U50: 3 | V50: 3185.0441 | W50: =IFERROR(V50/U50,"") -> 1061.6814 | X50: =RANK(W50, W$49:W$85) -> 8 | Z50: 3 | AA50: 3184.6841 | AB50: =IFERROR(AA50/Z50,"") -> 1061.5614 | AC50: =RANK(AB50, AB$49:AB$85) -> 9 | AE50: 3 | AF50: 3186.4841 | AG50: =IFERROR(AF50/AE50,"") -> 1062.1614 | AH50: =RANK(AG50, AG$49:AG$85) -> 6 | AJ50: 3 | AK50: 3185.0441 | AL50: =IFERROR(AK50/AJ50,"") -> 1061.6814 | AM50: =RANK(AL50, AL$49:AL$85) -> 8 | AO50: 3 | AP50: 3184.3241 | AQ50: =IFERROR(AP50/AO50,"") -> 1061.4414 | AR50: =RANK(AQ50, AQ$49:AQ$85) -> 9 | AT50: 3 | AU50: 3186.1241 | AV50: =IFERROR(AU50/AT50,"") -> 1062.0414 | AW50: =RANK(AV50, AV$49:AV$85) -> 9
C51: 3 | D51: 一配雞肉飯飯糰 | E51: 5 | F51: 3600 | G51: =IFERROR(F51/E51,"") -> 720 | I51: =AVERAGE(P51,U51,Z51,AE51,AJ51,AO51,AT51) -> 5 | J51: =AVERAGE(Q51,V51,AA51,AF51,AK51,AP51,AU51) -> 3195.7015 | K51: =AVERAGE(R51,W51,AB51,AG51,AL51,AQ51,AV51) -> 639.14031 | M51: =RANK(K51, K$49:$K$85) -> 24 | P51: 5 | Q51: 3196.2158 | R51: =IFERROR(Q51/P51,"") -> 639.24317 | S51: =RANK(R51, R$49:R$85) -> 23 | U51: 5 | V51: 3194.7758 | W51: =IFERROR(V51/U51,"") -> 638.95517 | X51: =RANK(W51, W$49:W$85) -> 24 | Z51: 5 | AA51: 3195.1358 | AB51: =IFERROR(AA51/Z51,"") -> 639.02717 | AC51: =RANK(AB51, AB$49:AB$85) -> 24 | AE51: 5 | AF51: 3194.4158 | AG51: =IFERROR(AF51/AE51,"") -> 638.88317 | AH51: =RANK(AG51, AG$49:AG$85) -> 24 | AJ51: 5 | AK51: 3196.2158 | AL51: =IFERROR(AK51/AJ51,"") -> 639.24317 | AM51: =RANK(AL51, AL$49:AL$85) -> 24 | AO51: 5 | AP51: 3196.2158 | AQ51: =IFERROR(AP51/AO51,"") -> 639.24317 | AR51: =RANK(AQ51, AQ$49:AQ$85) -> 24 | AT51: 5 | AU51: 3196.9358 | AV51: =IFERROR(AU51/AT51,"") -> 639.38717 | AW51: =RANK(AV51, AV$49:AV$85) -> 22
C52: 4 | D52: 一配壹號醬炙烤牛飯糰 | E52: 5 | F52: 3300 | G52: =IFERROR(F52/E52,"") -> 660 | I52: =AVERAGE(P52,U52,Z52,AE52,AJ52,AO52,AT52) -> 5 | J52: =AVERAGE(Q52,V52,AA52,AF52,AK52,AP52,AU52) -> 2989.8 | K52: =AVERAGE(R52,W52,AB52,AG52,AL52,AQ52,AV52) -> 597.96 | M52: =RANK(K52, K$49:$K$85) -> 28 | P52: 5 | Q52: 2989.8 | R52: =IFERROR(Q52/P52,"") -> 597.96 | S52: =RANK(R52, R$49:R$85) -> 28 | U52: 5 | V52: 2989.8 | W52: =IFERROR(V52/U52,"") -> 597.96 | X52: =RANK(W52, W$49:W$85) -> 28 | Z52: 5 | AA52: 2989.8 | AB52: =IFERROR(AA52/Z52,"") -> 597.96 | AC52: =RANK(AB52, AB$49:AB$85) -> 29 | AE52: 5 | AF52: 2989.8 | AG52: =IFERROR(AF52/AE52,"") -> 597.96 | AH52: =RANK(AG52, AG$49:AG$85) -> 28 | AJ52: 5 | AK52: 2989.8 | AL52: =IFERROR(AK52/AJ52,"") -> 597.96 | AM52: =RANK(AL52, AL$49:AL$85) -> 29 | AO52: 5 | AP52: 2989.8 | AQ52: =IFERROR(AP52/AO52,"") -> 597.96 | AR52: =RANK(AQ52, AQ$49:AQ$85) -> 28 | AT52: 5 | AU52: 2989.8 | AV52: =IFERROR(AU52/AT52,"") -> 597.96 | AW52: =RANK(AV52, AV$49:AV$85) -> 28
C53: 5 | D53: 一配明太子龍蝦風味沙拉飯糰 | E53: 3 | F53: 3600 | G53: =IFERROR(F53/E53,"") -> 1200 | I53: =AVERAGE(P53,U53,Z53,AE53,AJ53,AO53,AT53) -> 3 | J53: =AVERAGE(Q53,V53,AA53,AF53,AK53,AP53,AU53) -> 3197.0383 | K53: =AVERAGE(R53,W53,AB53,AG53,AL53,AQ53,AV53) -> 1065.6794 | M53: =RANK(K53, K$49:$K$85) -> 2 | P53: 3 | Q53: 3196.3183 | R53: =IFERROR(Q53/P53,"") -> 1065.4394 | S53: =RANK(R53, R$49:R$85) -> 2 | U53: 3 | V53: 3196.6783 | W53: =IFERROR(V53/U53,"") -> 1065.5594 | X53: =RANK(W53, W$49:W$85) -> 2 | Z53: 3 | AA53: 3196.6783 | AB53: =IFERROR(AA53/Z53,"") -> 1065.5594 | AC53: =RANK(AB53, AB$49:AB$85) -> 2 | AE53: 3 | AF53: 3198.4783 | AG53: =IFERROR(AF53/AE53,"") -> 1066.1594 | AH53: =RANK(AG53, AG$49:AG$85) -> 2 | AJ53: 3 | AK53: 3197.7583 | AL53: =IFERROR(AK53/AJ53,"") -> 1065.9194 | AM53: =RANK(AL53, AL$49:AL$85) -> 2 | AO53: 3 | AP53: 3196.6783 | AQ53: =IFERROR(AP53/AO53,"") -> 1065.5594 | AR53: =RANK(AQ53, AQ$49:AQ$85) -> 2 | AT53: 3 | AU53: 3196.6783 | AV53: =IFERROR(AU53/AT53,"") -> 1065.5594 | AW53: =RANK(AV53, AV$49:AV$85) -> 2
C54: 6 | D54: 一配贅沢鮭魚肚飯糰 | E54: 4 | F54: 3600 | G54: =IFERROR(F54/E54,"") -> 900 | I54: =AVERAGE(P54,U54,Z54,AE54,AJ54,AO54,AT54) -> 4 | J54: =AVERAGE(Q54,V54,AA54,AF54,AK54,AP54,AU54) -> 3192.2229 | K54: =AVERAGE(R54,W54,AB54,AG54,AL54,AQ54,AV54) -> 798.05571 | M54: =RANK(K54, K$49:$K$85) -> 15 | P54: 4 | Q54: 3193.56 | R54: =IFERROR(Q54/P54,"") -> 798.39 | S54: =RANK(R54, R$49:R$85) -> 15 | U54: 4 | V54: 3192.12 | W54: =IFERROR(V54/U54,"") -> 798.03 | X54: =RANK(W54, W$49:W$85) -> 15 | Z54: 4 | AA54: 3192.12 | AB54: =IFERROR(AA54/Z54,"") -> 798.03 | AC54: =RANK(AB54, AB$49:AB$85) -> 15 | AE54: 4 | AF54: 3193.2 | AG54: =IFERROR(AF54/AE54,"") -> 798.3 | AH54: =RANK(AG54, AG$49:AG$85) -> 15 | AJ54: 4 | AK54: 3192.12 | AL54: =IFERROR(AK54/AJ54,"") -> 798.03 | AM54: =RANK(AL54, AL$49:AL$85) -> 15 | AO54: 4 | AP54: 3191.4 | AQ54: =IFERROR(AP54/AO54,"") -> 797.85 | AR54: =RANK(AQ54, AQ$49:AQ$85) -> 16 | AT54: 4 | AU54: 3191.04 | AV54: =IFERROR(AU54/AT54,"") -> 797.76 | AW54: =RANK(AV54, AV$49:AV$85) -> 16
C55: 7 | D55: 一配蔬食鮪魚飯糰 | E55: 3 | F55: 3600 | G55: =IFERROR(F55/E55,"") -> 1200 | I55: =AVERAGE(P55,U55,Z55,AE55,AJ55,AO55,AT55) -> 3 | J55: =AVERAGE(Q55,V55,AA55,AF55,AK55,AP55,AU55) -> 3187.0174 | K55: =AVERAGE(R55,W55,AB55,AG55,AL55,AQ55,AV55) -> 1062.3391 | M55: =RANK(K55, K$49:$K$85) -> 6 | P55: 3 | Q55: 3186.6259 | R55: =IFERROR(Q55/P55,"") -> 1062.2086 | S55: =RANK(R55, R$49:R$85) -> 6 | U55: 3 | V55: 3186.2659 | W55: =IFERROR(V55/U55,"") -> 1062.0886 | X55: =RANK(W55, W$49:W$85) -> 6 | Z55: 3 | AA55: 3185.9059 | AB55: =IFERROR(AA55/Z55,"") -> 1061.9686 | AC55: =RANK(AB55, AB$49:AB$85) -> 7 | AE55: 3 | AF55: 3184.4659 | AG55: =IFERROR(AF55/AE55,"") -> 1061.4886 | AH55: =RANK(AG55, AG$49:AG$85) -> 9 | AJ55: 3 | AK55: 3188.8594 | AL55: =IFERROR(AK55/AJ55,"") -> 1062.9531 | AM55: =RANK(AL55, AL$49:AL$85) -> 6 | AO55: 3 | AP55: 3188.4994 | AQ55: =IFERROR(AP55/AO55,"") -> 1062.8331 | AR55: =RANK(AQ55, AQ$49:AQ$85) -> 6 | AT55: 3 | AU55: 3188.4994 | AV55: =IFERROR(AU55/AT55,"") -> 1062.8331 | AW55: =RANK(AV55, AV$49:AV$85) -> 6
C56: 8 | D56: 一配熟成紅鮭飯糰 | E56: 5 | F56: 3600 | G56: =IFERROR(F56/E56,"") -> 720 | I56: =AVERAGE(P56,U56,Z56,AE56,AJ56,AO56,AT56) -> 5 | J56: =AVERAGE(Q56,V56,AA56,AF56,AK56,AP56,AU56) -> 3192.7247 | K56: =AVERAGE(R56,W56,AB56,AG56,AL56,AQ56,AV56) -> 638.54495 | M56: =RANK(K56, K$49:$K$85) -> 25 | P56: 5 | Q56: 3192.7762 | R56: =IFERROR(Q56/P56,"") -> 638.55523 | S56: =RANK(R56, R$49:R$85) -> 25 | U56: 5 | V56: 3191.3362 | W56: =IFERROR(V56/U56,"") -> 638.26723 | X56: =RANK(W56, W$49:W$85) -> 25 | Z56: 5 | AA56: 3192.4162 | AB56: =IFERROR(AA56/Z56,"") -> 638.48323 | AC56: =RANK(AB56, AB$49:AB$85) -> 25 | AE56: 5 | AF56: 3193.4962 | AG56: =IFERROR(AF56/AE56,"") -> 638.69923 | AH56: =RANK(AG56, AG$49:AG$85) -> 25 | AJ56: 5 | AK56: 3192.4162 | AL56: =IFERROR(AK56/AJ56,"") -> 638.48323 | AM56: =RANK(AL56, AL$49:AL$85) -> 25 | AO56: 5 | AP56: 3192.7762 | AQ56: =IFERROR(AP56/AO56,"") -> 638.55523 | AR56: =RANK(AQ56, AQ$49:AQ$85) -> 25 | AT56: 5 | AU56: 3193.8562 | AV56: =IFERROR(AU56/AT56,"") -> 638.77123 | AW56: =RANK(AV56, AV$49:AV$85) -> 25
C57: 9 | D57: 一配北海道秋鮭親子飯糰 | E57: 5 | F57: 3600 | G57: =IFERROR(F57/E57,"") -> 720 | I57: =AVERAGE(P57,U57,Z57,AE57,AJ57,AO57,AT57) -> 5 | J57: =AVERAGE(Q57,V57,AA57,AF57,AK57,AP57,AU57) -> 3198.4934 | K57: =AVERAGE(R57,W57,AB57,AG57,AL57,AQ57,AV57) -> 639.69867 | M57: =RANK(K57, K$49:$K$85) -> 21 | P57: 5 | Q57: 3196.8477 | R57: =IFERROR(Q57/P57,"") -> 639.36953 | S57: =RANK(R57, R$49:R$85) -> 22 | U57: 5 | V57: 3198.6477 | W57: =IFERROR(V57/U57,"") -> 639.72953 | X57: =RANK(W57, W$49:W$85) -> 21 | Z57: 5 | AA57: 3199.0077 | AB57: =IFERROR(AA57/Z57,"") -> 639.80153 | AC57: =RANK(AB57, AB$49:AB$85) -> 21 | AE57: 5 | AF57: 3199.0077 | AG57: =IFERROR(AF57/AE57,"") -> 639.80153 | AH57: =RANK(AG57, AG$49:AG$85) -> 21 | AJ57: 5 | AK57: 3197.5677 | AL57: =IFERROR(AK57/AJ57,"") -> 639.51353 | AM57: =RANK(AL57, AL$49:AL$85) -> 22 | AO57: 5 | AP57: 3199.3677 | AQ57: =IFERROR(AP57/AO57,"") -> 639.87353 | AR57: =RANK(AQ57, AQ$49:AQ$85) -> 21 | AT57: 5 | AU57: 3199.0077 | AV57: =IFERROR(AU57/AT57,"") -> 639.80153 | AW57: =RANK(AV57, AV$49:AV$85) -> 21
C58: 10 | D58: 一配經典肉鬆飯糰 | E58: 3 | F58: 3000 | G58: =IFERROR(F58/E58,"") -> 1000 | I58: =AVERAGE(P58,U58,Z58,AE58,AJ58,AO58,AT58) -> 3 | J58: =AVERAGE(Q58,V58,AA58,AF58,AK58,AP58,AU58) -> 2719.6207 | K58: =AVERAGE(R58,W58,AB58,AG58,AL58,AQ58,AV58) -> 906.54025 | M58: =RANK(K58, K$49:$K$85) -> 12 | P58: 3 | Q58: 2717.9922 | R58: =IFERROR(Q58/P58,"") -> 905.99739 | S58: =RANK(R58, R$49:R$85) -> 12 | U58: 3 | V58: 2717.6922 | W58: =IFERROR(V58/U58,"") -> 905.89739 | X58: =RANK(W58, W$49:W$85) -> 13 | Z58: 3 | AA58: 2718.8922 | AB58: =IFERROR(AA58/Z58,"") -> 906.29739 | AC58: =RANK(AB58, AB$49:AB$85) -> 13 | AE58: 3 | AF58: 2720.0922 | AG58: =IFERROR(AF58/AE58,"") -> 906.69739 | AH58: =RANK(AG58, AG$49:AG$85) -> 12 | AJ58: 3 | AK58: 2720.6922 | AL58: =IFERROR(AK58/AJ58,"") -> 906.89739 | AM58: =RANK(AL58, AL$49:AL$85) -> 12 | AO58: 3 | AP58: 2721.5922 | AQ58: =IFERROR(AP58/AO58,"") -> 907.19739 | AR58: =RANK(AQ58, AQ$49:AQ$85) -> 12 | AT58: 3 | AU58: 2720.3922 | AV58: =IFERROR(AU58/AT58,"") -> 906.79739 | AW58: =RANK(AV58, AV$49:AV$85) -> 12
C59: 11 | D59: 一配兩粒飯糰(鮪魚.焦糖鮭魚) | E59: 12 | F59: 3600 | G59: =IFERROR(F59/E59,"") -> 300 | I59: =AVERAGE(P59,U59,Z59,AE59,AJ59,AO59,AT59) -> 12 | J59: =AVERAGE(Q59,V59,AA59,AF59,AK59,AP59,AU59) -> 3118.8366 | K59: =AVERAGE(R59,W59,AB59,AG59,AL59,AQ59,AV59) -> 259.90305 | M59: =RANK(K59, K$49:$K$85) -> 34 | P59: 12 | Q59: 3118.3811 | R59: =IFERROR(Q59/P59,"") -> 259.86509 | S59: =RANK(R59, R$49:R$85) -> 34 | U59: 12 | V59: 3119.1011 | W59: =IFERROR(V59/U59,"") -> 259.92509 | X59: =RANK(W59, W$49:W$85) -> 34 | Z59: 12 | AA59: 3117.6611 | AB59: =IFERROR(AA59/Z59,"") -> 259.80509 | AC59: =RANK(AB59, AB$49:AB$85) -> 34 | AE59: 12 | AF59: 3119.4611 | AG59: =IFERROR(AF59/AE59,"") -> 259.95509 | AH59: =RANK(AG59, AG$49:AG$85) -> 34 | AJ59: 12 | AK59: 3118.7411 | AL59: =IFERROR(AK59/AJ59,"") -> 259.89509 | AM59: =RANK(AL59, AL$49:AL$85) -> 34 | AO59: 12 | AP59: 3117.6611 | AQ59: =IFERROR(AP59/AO59,"") -> 259.80509 | AR59: =RANK(AQ59, AQ$49:AQ$85) -> 34 | AT59: 12 | AU59: 3120.8498 | AV59: =IFERROR(AU59/AT59,"") -> 260.07082 | AW59: =RANK(AV59, AV$49:AV$85) -> 33
C60: 12 | D60: 一配鮭魚奶油醬油飯糰 | E60: 3 | F60: 3300 | G60: =IFERROR(F60/E60,"") -> 1100 | I60: =AVERAGE(P60,U60,Z60,AE60,AJ60,AO60,AT60) -> 3 | J60: =AVERAGE(Q60,V60,AA60,AF60,AK60,AP60,AU60) -> 2987.0779 | K60: =AVERAGE(R60,W60,AB60,AG60,AL60,AQ60,AV60) -> 995.69262 | M60: =RANK(K60, K$49:$K$85) -> 10 | P60: 3 | Q60: 2988.2093 | R60: =IFERROR(Q60/P60,"") -> 996.06977 | S60: =RANK(R60, R$49:R$85) -> 10 | U60: 3 | V60: 2986.5593 | W60: =IFERROR(V60/U60,"") -> 995.51977 | X60: =RANK(W60, W$49:W$85) -> 10 | Z60: 3 | AA60: 2988.2093 | AB60: =IFERROR(AA60/Z60,"") -> 996.06977 | AC60: =RANK(AB60, AB$49:AB$85) -> 10 | AE60: 3 | AF60: 2986.5593 | AG60: =IFERROR(AF60/AE60,"") -> 995.51977 | AH60: =RANK(AG60, AG$49:AG$85) -> 10 | AJ60: 3 | AK60: 2986.5593 | AL60: =IFERROR(AK60/AJ60,"") -> 995.51977 | AM60: =RANK(AL60, AL$49:AL$85) -> 10 | AO60: 3 | AP60: 2987.2193 | AQ60: =IFERROR(AP60/AO60,"") -> 995.73977 | AR60: =RANK(AQ60, AQ$49:AQ$85) -> 10 | AT60: 3 | AU60: 2986.2293 | AV60: =IFERROR(AU60/AT60,"") -> 995.40977 | AW60: =RANK(AV60, AV$49:AV$85) -> 10
C61: 13 | D61: 一配山葵章魚飯糰 | E61: 3 | F61: 3600 | G61: =IFERROR(F61/E61,"") -> 1200 | I61: =AVERAGE(P61,U61,Z61,AE61,AJ61,AO61,AT61) -> 3 | J61: =AVERAGE(Q61,V61,AA61,AF61,AK61,AP61,AU61) -> 3190.4589 | K61: =AVERAGE(R61,W61,AB61,AG61,AL61,AQ61,AV61) -> 1063.4863 | M61: =RANK(K61, K$49:$K$85) -> 5 | P61: 3 | Q61: 3190.4075 | R61: =IFERROR(Q61/P61,"") -> 1063.4692 | S61: =RANK(R61, R$49:R$85) -> 5 | U61: 3 | V61: 3190.0475 | W61: =IFERROR(V61/U61,"") -> 1063.3492 | X61: =RANK(W61, W$49:W$85) -> 5 | Z61: 3 | AA61: 3189.3275 | AB61: =IFERROR(AA61/Z61,"") -> 1063.1092 | AC61: =RANK(AB61, AB$49:AB$85) -> 5 | AE61: 3 | AF61: 3190.0475 | AG61: =IFERROR(AF61/AE61,"") -> 1063.3492 | AH61: =RANK(AG61, AG$49:AG$85) -> 5 | AJ61: 3 | AK61: 3191.1275 | AL61: =IFERROR(AK61/AJ61,"") -> 1063.7092 | AM61: =RANK(AL61, AL$49:AL$85) -> 5 | AO61: 3 | AP61: 3191.4875 | AQ61: =IFERROR(AP61/AO61,"") -> 1063.8292 | AR61: =RANK(AQ61, AQ$49:AQ$85) -> 5 | AT61: 3 | AU61: 3190.7675 | AV61: =IFERROR(AU61/AT61,"") -> 1063.5892 | AW61: =RANK(AV61, AV$49:AV$85) -> 5
... C83: 35 | D83: 二配兩粒飯糰(鮪魚.焦糖鮭魚) | E83: 12 | F83: 3600 | G83: =IFERROR(F83/E83,"") -> 300 | I83: =AVERAGE(P83,U83,Z83,AE83,AJ83,AO83,AT83) -> 12 | J83: =AVERAGE(Q83,V83,AA83,AF83,AK83,AP83,AU83) -> 3120.7427 | K83: =AVERAGE(R83,W83,AB83,AG83,AL83,AQ83,AV83) -> 260.06189 | M83: =RANK(K83, K$49:$K$85) -> 33 | P83: 12 | Q83: 3119.9713 | R83: =IFERROR(Q83/P83,"") -> 259.99761 | S83: =RANK(R83, R$49:R$85) -> 33 | U83: 12 | V83: 3120.3313 | W83: =IFERROR(V83/U83,"") -> 260.02761 | X83: =RANK(W83, W$49:W$85) -> 33 | Z83: 12 | AA83: 3119.9713 | AB83: =IFERROR(AA83/Z83,"") -> 259.99761 | AC83: =RANK(AB83, AB$49:AB$85) -> 33 | AE83: 12 | AF83: 3121.0513 | AG83: =IFERROR(AF83/AE83,"") -> 260.08761 | AH83: =RANK(AG83, AG$49:AG$85) -> 33 | AJ83: 12 | AK83: 3121.0513 | AL83: =IFERROR(AK83/AJ83,"") -> 260.08761 | AM83: =RANK(AL83, AL$49:AL$85) -> 33 | AO83: 12 | AP83: 3122.1313 | AQ83: =IFERROR(AP83/AO83,"") -> 260.17761 | AR83: =RANK(AQ83, AQ$49:AQ$85) -> 33 | AT83: 12 | AU83: 3120.6913 | AV83: =IFERROR(AU83/AT83,"") -> 260.05761 | AW83: =RANK(AV83, AV$49:AV$85) -> 34
C84: 36
C85: 37
B86: 產線配置圖－每週更新(0714-0720) | N86: 資料繳交 | O86: 日期 | P86: 46217 | U86: 46218 | Z86: 46219 | AE86: 46220 | AJ86: 46221 | AO86: 46222 | AT86: 46223
P87: 46196 | U87: 46197 | Z87: 46198 | AE87: 46199 | AJ87: 46200 | AO87: 46201 | AT87: 46202
B88: 品群 | C88: 商品名稱 | E88: 計畫 | H88: 平均人時性 | I88: 實績 (週平均) | L88: 平均人時性 | M88: 排名 | O88: 日報 | P88: 實際 | T88: 平均人時性 | U88: 實際 | Y88: 平均人時性 | Z88: 實際 | AD88: 平均人時性 | AE88: 實際 | AI88: 平均人時性 | AJ88: 實際 | AN88: 平均人時性 | AO88: 實際 | AS88: 平均人時性 | AT88: 實際 | AX88: 平均人時性
E89: 產線配置圖 | I89: 產線配置圖 | P89: 生產實績 | U89: 生產實績 | Z89: 生產實績 | AE89: 生產實績 | AJ89: 生產實績 | AO89: 生產實績 | AT89: 生產實績
E90: 人數 | F90: 產能／時 | G90: 人時性 | I90: 人數 | J90: 產能／時 | K90: 人時性 | P90: 人數 | Q90: 產能／時 | R90: 人時性 | S90: 排名 | U90: 人數 | V90: 產能／時 | W90: 人時性 | X90: 排名 | Z90: 人數 | AA90: 產能／時 | AB90: 人時性 | AC90: 排名 | AE90: 人數 | AF90: 產能／時 | AG90: 人時性 | AH90: 排名 | AJ90: 人數 | AK90: 產能／時 | AL90: 人時性 | AM90: 排名 | AO90: 人數 | AP90: 產能／時 | AQ90: 人時性 | AR90: 排名 | AT90: 人數 | AU90: 產能／時 | AV90: 人時性 | AW90: 排名
B91: 18℃-飯糰 | C91: 1 | D91: 一配鹽蔥燒肉飯糰 | E91: 4 | F91: 3300 | G91: =IFERROR(F91/E91,"") -> 825 | H91: =AVERAGE(G91:G127) -> 855.88675 | I91: =AVERAGE(P91,U91,Z91,AE91,AJ91,AO91,AT91) -> 4 | J91: =AVERAGE(Q91,V91,AA91,AF91,AK91,AP91,AU91) -> 2987.7257 | K91: =AVERAGE(R91,W91,AB91,AG91,AL91,AQ91,AV91) -> 746.93143 | L91: =IFERROR(AVERAGE(K91:K127),"-") -> 769.53148 | M91: =RANK(K91, K$91:$K$127) -> 17 | P91: 4 | Q91: 2989.14 | R91: =IFERROR(Q91/P91,"") -> 747.285 | S91: =RANK(R91, R$91:R$127) -> 17 | T91: =AVERAGE(R91:R127) -> 763.25726 | U91: 4 | V91: 2989.14 | W91: =IFERROR(V91/U91,"") -> 747.285 | X91: =RANK(W91, W$91:W$127) -> 16 | Y91: =AVERAGE(W91:W127) -> 761.2756 | Z91: 4 | AA91: 2987.82 | AB91: =IFERROR(AA91/Z91,"") -> 746.955 | AC91: =RANK(AB91, AB$91:AB$127) -> 16 | AD91: =AVERAGE(AB91:AB127) -> 761.63192 | AE91: 4 | AF91: 2987.82 | AG91: =IFERROR(AF91/AE91,"") -> 746.955 | AH91: =RANK(AG91, AG$91:AG$127) -> 16 | AI91: =AVERAGE(AG91:AG127) -> 762.05515 | AJ91: 4 | AK91: 2987.82 | AL91: =IFERROR(AK91/AJ91,"") -> 746.955 | AM91: =RANK(AL91, AL$91:AL$127) -> 16 | AN91: =AVERAGE(AL91:AL127) -> 762.70695 | AO91: 4 | AP91: 2986.5 | AQ91: =IFERROR(AP91/AO91,"") -> 746.625 | AR91: =RANK(AQ91, AQ$91:AQ$127) -> 17 | AS91: =AVERAGE(AQ91:AQ127) -> 762.66302 | AT91: 4 | AU91: 2985.84 | AV91: =IFERROR(AU91/AT91,"") -> 746.46 | AW91: =RANK(AV91, AV$91:AV$127) -> 17 | AX91: =AVERAGE(AV91:AV127) -> 762.81756
C92: 2 | D92: 一配鮪魚飯糰 | E92: 3 | F92: 3600 | G92: =IFERROR(F92/E92,"") -> 1200 | I92: =AVERAGE(P92,U92,Z92,AE92,AJ92,AO92,AT92) -> 3 | J92: =AVERAGE(Q92,V92,AA92,AF92,AK92,AP92,AU92) -> 3185.1369 | K92: =AVERAGE(R92,W92,AB92,AG92,AL92,AQ92,AV92) -> 1061.7123 | M92: =RANK(K92, K$91:$K$127) -> 9 | P92: 3 | Q92: 3186.1241 | R92: =IFERROR(Q92/P92,"") -> 1062.0414 | S92: =RANK(R92, R$91:R$127) -> 9 | U92: 3 | V92: 3185.4041 | W92: =IFERROR(V92/U92,"") -> 1061.8014 | X92: =RANK(W92, W$91:W$127) -> 8 | Z92: 3 | AA92: 3185.4041 | AB92: =IFERROR(AA92/Z92,"") -> 1061.8014 | AC92: =RANK(AB92, AB$91:AB$127) -> 8 | AE92: 3 | AF92: 3185.0441 | AG92: =IFERROR(AF92/AE92,"") -> 1061.6814 | AH92: =RANK(AG92, AG$91:AG$127) -> 8 | AJ92: 3 | AK92: 3184.3241 | AL92: =IFERROR(AK92/AJ92,"") -> 1061.4414 | AM92: =RANK(AL92, AL$91:AL$127) -> 8 | AO92: 3 | AP92: 3182.8841 | AQ92: =IFERROR(AP92/AO92,"") -> 1060.9614 | AR92: =RANK(AQ92, AQ$91:AQ$127) -> 8 | AT92: 3 | AU92: 3186.7738 | AV92: =IFERROR(AU92/AT92,"") -> 1062.2579 | AW92: =RANK(AV92, AV$91:AV$127) -> 8
C93: 3 | D93: 一配雞肉飯飯糰 | E93: 5 | F93: 3600 | G93: =IFERROR(F93/E93,"") -> 720 | I93: =AVERAGE(P93,U93,Z93,AE93,AJ93,AO93,AT93) -> 5 | J93: =AVERAGE(Q93,V93,AA93,AF93,AK93,AP93,AU93) -> 3198.3758 | K93: =AVERAGE(R93,W93,AB93,AG93,AL93,AQ93,AV93) -> 639.67517 | M93: =RANK(K93, K$91:$K$127) -> 24 | P93: 5 | Q93: 3198.0158 | R93: =IFERROR(Q93/P93,"") -> 639.60317 | S93: =RANK(R93, R$91:R$127) -> 23 | U93: 5 | V93: 3199.0958 | W93: =IFERROR(V93/U93,"") -> 639.81917 | X93: =RANK(W93, W$91:W$127) -> 23 | Z93: 5 | AA93: 3198.7358 | AB93: =IFERROR(AA93/Z93,"") -> 639.74717 | AC93: =RANK(AB93, AB$91:AB$127) -> 25 | AE93: 5 | AF93: 3198.0158 | AG93: =IFERROR(AF93/AE93,"") -> 639.60317 | AH93: =RANK(AG93, AG$91:AG$127) -> 25 | AJ93: 5 | AK93: 3199.4558 | AL93: =IFERROR(AK93/AJ93,"") -> 639.89117 | AM93: =RANK(AL93, AL$91:AL$127) -> 25 | AO93: 5 | AP93: 3198.0158 | AQ93: =IFERROR(AP93/AO93,"") -> 639.60317 | AR93: =RANK(AQ93, AQ$91:AQ$127) -> 25 | AT93: 5 | AU93: 3197.2958 | AV93: =IFERROR(AU93/AT93,"") -> 639.45917 | AW93: =RANK(AV93, AV$91:AV$127) -> 26
C94: 4 | D94: 一配壹號醬炙烤牛飯糰 | E94: 5 | F94: 3300 | G94: =IFERROR(F94/E94,"") -> 660 | I94: =AVERAGE(P94,U94,Z94,AE94,AJ94,AO94,AT94) -> 5 | J94: =AVERAGE(Q94,V94,AA94,AF94,AK94,AP94,AU94) -> 2986.5 | K94: =AVERAGE(R94,W94,AB94,AG94,AL94,AQ94,AV94) -> 597.3 | M94: =RANK(K94, K$91:$K$127) -> 32 | P94: 5 | Q94: 2989.14 | R94: =IFERROR(Q94/P94,"") -> 597.828 | S94: =RANK(R94, R$91:R$127) -> 30 | U94: 5 | V94: 2987.82 | W94: =IFERROR(V94/U94,"") -> 597.564 | X94: =RANK(W94, W$91:W$127) -> 31 | Z94: 5 | AA94: 2986.5 | AB94: =IFERROR(AA94/Z94,"") -> 597.3 | AC94: =RANK(AB94, AB$91:AB$127) -> 31 | AE94: 5 | AF94: 2985.51 | AG94: =IFERROR(AF94/AE94,"") -> 597.102 | AH94: =RANK(AG94, AG$91:AG$127) -> 31 | AJ94: 5 | AK94: 2985.51 | AL94: =IFERROR(AK94/AJ94,"") -> 597.102 | AM94: =RANK(AL94, AL$91:AL$127) -> 31 | AO94: 5 | AP94: 2986.17 | AQ94: =IFERROR(AP94/AO94,"") -> 597.234 | AR94: =RANK(AQ94, AQ$91:AQ$127) -> 31 | AT94: 5 | AU94: 2984.85 | AV94: =IFERROR(AU94/AT94,"") -> 596.97 | AW94: =RANK(AV94, AV$91:AV$127) -> 31
C95: 5 | D95: 一配明太子龍蝦風味沙拉飯糰 | E95: 3 | F95: 3600 | G95: =IFERROR(F95/E95,"") -> 1200 | I95: =AVERAGE(P95,U95,Z95,AE95,AJ95,AO95,AT95) -> 3 | J95: =AVERAGE(Q95,V95,AA95,AF95,AK95,AP95,AU95) -> 3199.3526 | K95: =AVERAGE(R95,W95,AB95,AG95,AL95,AQ95,AV95) -> 1066.4509 | M95: =RANK(K95, K$91:$K$127) -> 1 | P95: 3 | Q95: 3197.3983 | R95: =IFERROR(Q95/P95,"") -> 1065.7994 | S95: =RANK(R95, R$91:R$127) -> 2 | U95: 3 | V95: 3198.8383 | W95: =IFERROR(V95/U95,"") -> 1066.2794 | X95: =RANK(W95, W$91:W$127) -> 2 | Z95: 3 | AA95: 3199.9183 | AB95: =IFERROR(AA95/Z95,"") -> 1066.6394 | AC95: =RANK(AB95, AB$91:AB$127) -> 1 | AE95: 3 | AF95: 3200.9983 | AG95: =IFERROR(AF95/AE95,"") -> 1066.9994 | AH95: =RANK(AG95, AG$91:AG$127) -> 1 | AJ95: 3 | AK95: 3199.9183 | AL95: =IFERROR(AK95/AJ95,"") -> 1066.6394 | AM95: =RANK(AL95, AL$91:AL$127) -> 1 | AO95: 3 | AP95: 3198.8383 | AQ95: =IFERROR(AP95/AO95,"") -> 1066.2794 | AR95: =RANK(AQ95, AQ$91:AQ$127) -> 2 | AT95: 3 | AU95: 3199.5583 | AV95: =IFERROR(AU95/AT95,"") -> 1066.5194 | AW95: =RANK(AV95, AV$91:AV$127) -> 1
C96: 6 | D96: 一配贅沢鮭魚肚飯糰 | E96: 4 | F96: 3600 | G96: =IFERROR(F96/E96,"") -> 900 | I96: =AVERAGE(P96,U96,Z96,AE96,AJ96,AO96,AT96) -> 4 | J96: =AVERAGE(Q96,V96,AA96,AF96,AK96,AP96,AU96) -> 3188.5912 | K96: =AVERAGE(R96,W96,AB96,AG96,AL96,AQ96,AV96) -> 797.14781 | M96: =RANK(K96, K$91:$K$127) -> 16 | P96: 4 | Q96: 3191.04 | R96: =IFERROR(Q96/P96,"") -> 797.76 | S96: =RANK(R96, R$91:R$127) -> 15 | U96: 4 | V96: 3189.6 | W96: =IFERROR(V96/U96,"") -> 797.4 | X96: =RANK(W96, W$91:W$127) -> 15 | Z96: 4 | AA96: 3188.52 | AB96: =IFERROR(AA96/Z96,"") -> 797.13 | AC96: =RANK(AB96, AB$91:AB$127) -> 15 | AE96: 4 | AF96: 3187.44 | AG96: =IFERROR(AF96/AE96,"") -> 796.86 | AH96: =RANK(AG96, AG$91:AG$127) -> 15 | AJ96: 4 | AK96: 3187.8 | AL96: =IFERROR(AK96/AJ96,"") -> 796.95 | AM96: =RANK(AL96, AL$91:AL$127) -> 15 | AO96: 4 | AP96: 3187.08 | AQ96: =IFERROR(AP96/AO96,"") -> 796.77 | AR96: =RANK(AQ96, AQ$91:AQ$127) -> 15 | AT96: 4 | AU96: 3188.6587 | AV96: =IFERROR(AU96/AT96,"") -> 797.16467 | AW96: =RANK(AV96, AV$91:AV$127) -> 15
C97: 7 | D97: 一配蔬食鮪魚飯糰 | E97: 3 | F97: 3600 | G97: =IFERROR(F97/E97,"") -> 1200 | I97: =AVERAGE(P97,U97,Z97,AE97,AJ97,AO97,AT97) -> 3 | J97: =AVERAGE(Q97,V97,AA97,AF97,AK97,AP97,AU97) -> 3188.6537 | K97: =AVERAGE(R97,W97,AB97,AG97,AL97,AQ97,AV97) -> 1062.8846 | M97: =RANK(K97, K$91:$K$127) -> 6 | P97: 3 | Q97: 3188.4994 | R97: =IFERROR(Q97/P97,"") -> 1062.8331 | S97: =RANK(R97, R$91:R$127) -> 6 | U97: 3 | V97: 3189.2194 | W97: =IFERROR(V97/U97,"") -> 1063.0731 | X97: =RANK(W97, W$91:W$127) -> 5 | Z97: 3 | AA97: 3188.1394 | AB97: =IFERROR(AA97/Z97,"") -> 1062.7131 | AC97: =RANK(AB97, AB$91:AB$127) -> 5 | AE97: 3 | AF97: 3187.4194 | AG97: =IFERROR(AF97/AE97,"") -> 1062.4731 | AH97: =RANK(AG97, AG$91:AG$127) -> 7 | AJ97: 3 | AK97: 3188.4994 | AL97: =IFERROR(AK97/AJ97,"") -> 1062.8331 | AM97: =RANK(AL97, AL$91:AL$127) -> 6 | AO97: 3 | AP97: 3190.2994 | AQ97: =IFERROR(AP97/AO97,"") -> 1063.4331 | AR97: =RANK(AQ97, AQ$91:AQ$127) -> 3 | AT97: 3 | AU97: 3188.4994 | AV97: =IFERROR(AU97/AT97,"") -> 1062.8331 | AW97: =RANK(AV97, AV$91:AV$127) -> 6
C98: 8 | D98: 一配熟成紅鮭飯糰 | E98: 5 | F98: 3600 | G98: =IFERROR(F98/E98,"") -> 720 | I98: =AVERAGE(P98,U98,Z98,AE98,AJ98,AO98,AT98) -> 5 | J98: =AVERAGE(Q98,V98,AA98,AF98,AK98,AP98,AU98) -> 3193.599 | K98: =AVERAGE(R98,W98,AB98,AG98,AL98,AQ98,AV98) -> 638.7198 | M98: =RANK(K98, K$91:$K$127) -> 26 | P98: 5 | Q98: 3194.2162 | R98: =IFERROR(Q98/P98,"") -> 638.84323 | S98: =RANK(R98, R$91:R$127) -> 26 | U98: 5 | V98: 3193.8562 | W98: =IFERROR(V98/U98,"") -> 638.77123 | X98: =RANK(W98, W$91:W$127) -> 27 | Z98: 5 | AA98: 3193.1362 | AB98: =IFERROR(AA98/Z98,"") -> 638.62723 | AC98: =RANK(AB98, AB$91:AB$127) -> 27 | AE98: 5 | AF98: 3192.7762 | AG98: =IFERROR(AF98/AE98,"") -> 638.55523 | AH98: =RANK(AG98, AG$91:AG$127) -> 27 | AJ98: 5 | AK98: 3194.2162 | AL98: =IFERROR(AK98/AJ98,"") -> 638.84323 | AM98: =RANK(AL98, AL$91:AL$127) -> 27 | AO98: 5 | AP98: 3193.1362 | AQ98: =IFERROR(AP98/AO98,"") -> 638.62723 | AR98: =RANK(AQ98, AQ$91:AQ$127) -> 27 | AT98: 5 | AU98: 3193.8562 | AV98: =IFERROR(AU98/AT98,"") -> 638.77123 | AW98: =RANK(AV98, AV$91:AV$127) -> 27
C99: 9 | D99: 一配北海道秋鮭親子飯糰 | E99: 5 | F99: 3600 | G99: =IFERROR(F99/E99,"") -> 720 | I99: =AVERAGE(P99,U99,Z99,AE99,AJ99,AO99,AT99) -> 5 | J99: =AVERAGE(Q99,V99,AA99,AF99,AK99,AP99,AU99) -> 3199.2134 | K99: =AVERAGE(R99,W99,AB99,AG99,AL99,AQ99,AV99) -> 639.84267 | M99: =RANK(K99, K$91:$K$127) -> 22 | P99: 5 | Q99: 3199.7277 | R99: =IFERROR(Q99/P99,"") -> 639.94553 | S99: =RANK(R99, R$91:R$127) -> 22 | U99: 5 | V99: 3197.9277 | W99: =IFERROR(V99/U99,"") -> 639.58553 | X99: =RANK(W99, W$91:W$127) -> 24 | Z99: 5 | AA99: 3199.0077 | AB99: =IFERROR(AA99/Z99,"") -> 639.80153 | AC99: =RANK(AB99, AB$91:AB$127) -> 24 | AE99: 5 | AF99: 3200.0877 | AG99: =IFERROR(AF99/AE99,"") -> 640.01753 | AH99: =RANK(AG99, AG$91:AG$127) -> 23 | AJ99: 5 | AK99: 3199.7277 | AL99: =IFERROR(AK99/AJ99,"") -> 639.94553 | AM99: =RANK(AL99, AL$91:AL$127) -> 24 | AO99: 5 | AP99: 3198.6477 | AQ99: =IFERROR(AP99/AO99,"") -> 639.72953 | AR99: =RANK(AQ99, AQ$91:AQ$127) -> 24 | AT99: 5 | AU99: 3199.3677 | AV99: =IFERROR(AU99/AT99,"") -> 639.87353 | AW99: =RANK(AV99, AV$91:AV$127) -> 24
C100: 10 | D100: 一配經典肉鬆飯糰 | E100: 3 | F100: 3000 | G100: =IFERROR(F100/E100,"") -> 1000 | I100: =AVERAGE(P100,U100,Z100,AE100,AJ100,AO100,AT100) -> 3 | J100: =AVERAGE(Q100,V100,AA100,AF100,AK100,AP100,AU100) -> 2723.2207 | K100: =AVERAGE(R100,W100,AB100,AG100,AL100,AQ100,AV100) -> 907.74025 | M100: =RANK(K100, K$91:$K$127) -> 12 | P100: 3 | Q100: 2721.5922 | R100: =IFERROR(Q100/P100,"") -> 907.19739 | S100: =RANK(R100, R$91:R$127) -> 12 | U100: 3 | V100: 2722.4922 | W100: =IFERROR(V100/U100,"") -> 907.49739 | X100: =RANK(W100, W$91:W$127) -> 11 | Z100: 3 | AA100: 2722.1922 | AB100: =IFERROR(AA100/Z100,"") -> 907.39739 | AC100: =RANK(AB100, AB$91:AB$127) -> 11 | AE100: 3 | AF100: 2722.7922 | AG100: =IFERROR(AF100/AE100,"") -> 907.59739 | AH100: =RANK(AG100, AG$91:AG$127) -> 11 | AJ100: 3 | AK100: 2723.3922 | AL100: =IFERROR(AK100/AJ100,"") -> 907.79739 | AM100: =RANK(AL100, AL$91:AL$127) -> 11 | AO100: 3 | AP100: 2724.5922 | AQ100: =IFERROR(AP100/AO100,"") -> 908.19739 | AR100: =RANK(AQ100, AQ$91:AQ$127) -> 11 | AT100: 3 | AU100: 2725.4922 | AV100: =IFERROR(AU100/AT100,"") -> 908.49739 | AW100: =RANK(AV100, AV$91:AV$127) -> 11
C101: 11 | D101: 一配兩粒飯糰(鮪魚.焦糖鮭魚) | E101: 12 | F101: 3600 | G101: =IFERROR(F101/E101,"") -> 300 | I101: =AVERAGE(P101,U101,Z101,AE101,AJ101,AO101,AT101) -> 12 | J101: =AVERAGE(Q101,V101,AA101,AF101,AK101,AP101,AU101) -> 3120.7953 | K101: =AVERAGE(R101,W101,AB101,AG101,AL101,AQ101,AV101) -> 260.06627 | M101: =RANK(K101, K$91:$K$127) -> 34 | P101: 12 | Q101: 3120.1298 | R101: =IFERROR(Q101/P101,"") -> 260.01082 | S101: =RANK(R101, R$91:R$127) -> 34 | U101: 12 | V101: 3121.2098 | W101: =IFERROR(V101/U101,"") -> 260.10082 | X101: =RANK(W101, W$91:W$127) -> 33 | Z101: 12 | AA101: 3121.2098 | AB101: =IFERROR(AA101/Z101,"") -> 260.10082 | AC101: =RANK(AB101, AB$91:AB$127) -> 33 | AE101: 12 | AF101: 3119.7698 | AG101: =IFERROR(AF101/AE101,"") -> 259.98082 | AH101: =RANK(AG101, AG$91:AG$127) -> 33 | AJ101: 12 | AK101: 3120.8498 | AL101: =IFERROR(AK101/AJ101,"") -> 260.07082 | AM101: =RANK(AL101, AL$91:AL$127) -> 33 | AO101: 12 | AP101: 3122.2898 | AQ101: =IFERROR(AP101/AO101,"") -> 260.19082 | AR101: =RANK(AQ101, AQ$91:AQ$127) -> 33 | AT101: 12 | AU101: 3120.108 | AV101: =IFERROR(AU101/AT101,"") -> 260.009 | AW101: =RANK(AV101, AV$91:AV$127) -> 34
C102: 12 | D102: 一配鮭魚奶油醬油飯糰 | E102: 3 | F102: 3300 | G102: =IFERROR(F102/E102,"") -> 1100 | I102: =AVERAGE(P102,U102,Z102,AE102,AJ102,AO102,AT102) -> 3 | J102: =AVERAGE(Q102,V102,AA102,AF102,AK102,AP102,AU102) -> 2986.2764 | K102: =AVERAGE(R102,W102,AB102,AG102,AL102,AQ102,AV102) -> 995.42548 | M102: =RANK(K102, K$91:$K$127) -> 10 | P102: 3 | Q102: 2987.5493 | R102: =IFERROR(Q102/P102,"") -> 995.84977 | S102: =RANK(R102, R$91:R$127) -> 10 | U102: 3 | V102: 2987.2193 | W102: =IFERROR(V102/U102,"") -> 995.73977 | X102: =RANK(W102, W$91:W$127) -> 9 | Z102: 3 | AA102: 2987.2193 | AB102: =IFERROR(AA102/Z102,"") -> 995.73977 | AC102: =RANK(AB102, AB$91:AB$127) -> 9 | AE102: 3 | AF102: 2985.8993 | AG102: =IFERROR(AF102/AE102,"") -> 995.29977 | AH102: =RANK(AG102, AG$91:AG$127) -> 9 | AJ102: 3 | AK102: 2985.2393 | AL102: =IFERROR(AK102/AJ102,"") -> 995.07977 | AM102: =RANK(AL102, AL$91:AL$127) -> 9 | AO102: 3 | AP102: 2984.9093 | AQ102: =IFERROR(AP102/AO102,"") -> 994.96977 | AR102: =RANK(AQ102, AQ$91:AQ$127) -> 9 | AT102: 3 | AU102: 2985.8993 | AV102: =IFERROR(AU102/AT102,"") -> 995.29977 | AW102: =RANK(AV102, AV$91:AV$127) -> 9
C103: 13 | D103: 一配山葵章魚飯糰 | E103: 3 | F103: 3600 | G103: =IFERROR(F103/E103,"") -> 1200 | I103: =AVERAGE(P103,U103,Z103,AE103,AJ103,AO103,AT103) -> 3 | J103: =AVERAGE(Q103,V103,AA103,AF103,AK103,AP103,AU103) -> 3192.2075 | K103: =AVERAGE(R103,W103,AB103,AG103,AL103,AQ103,AV103) -> 1064.0692 | M103: =RANK(K103, K$91:$K$127) -> 3 | P103: 3 | Q103: 3192.2075 | R103: =IFERROR(Q103/P103,"") -> 1064.0692 | S103: =RANK(R103, R$91:R$127) -> 4
C104: 14 | D104: 一配柚檸海灣貝飯糰 | E104: 5 | F104: 3600 | G104: =IFERROR(F104/E104,"") -> 720 | I104: =AVERAGE(P104,U104,Z104,AE104,AJ104,AO104,AT104) -> 5 | J104: =AVERAGE(Q104,V104,AA104,AF104,AK104,AP104,AU104) -> 3198.9454 | K104: =AVERAGE(R104,W104,AB104,AG104,AL104,AQ104,AV104) -> 639.78909 | M104: =RANK(K104, K$91:$K$127) -> 23 | P104: 5 | Q104: 3196.6311 | R104: =IFERROR(Q104/P104,"") -> 639.32623 | S104: =RANK(R104, R$91:R$127) -> 25 | U104: 5 | V104: 3197.7111 | W104: =IFERROR(V104/U104,"") -> 639.54223 | X104: =RANK(W104, W$91:W$127) -> 25 | Z104: 5 | AA104: 3199.5111 | AB104: =IFERROR(AA104/Z104,"") -> 639.90223 | AC104: =RANK(AB104, AB$91:AB$127) -> 23 | AE104: 5 | AF104: 3198.7911 | AG104: =IFERROR(AF104/AE104,"") -> 639.75823 | AH104: =RANK(AG104, AG$91:AG$127) -> 24 | AJ104: 5 | AK104: 3200.2311 | AL104: =IFERROR(AK104/AJ104,"") -> 640.04623 | AM104: =RANK(AL104, AL$91:AL$127) -> 23 | AO104: 5 | AP104: 3199.5111 | AQ104: =IFERROR(AP104/AO104,"") -> 639.90223 | AR104: =RANK(AQ104, AQ$91:AQ$127) -> 23 | AT104: 5 | AU104: 3200.2311 | AV104: =IFERROR(AU104/AT104,"") -> 640.04623 | AW104: =RANK(AV104, AV$91:AV$127) -> 23
C105: 15 | D105: 一配椒鹽檸檬鯖魚飯糰 | E105: 3 | F105: 3600 | G105: =IFERROR(F105/E105,"") -> 1200 | I105: =AVERAGE(P105,U105,Z105,AE105,AJ105,AO105,AT105) -> 3 | J105: =AVERAGE(Q105,V105,AA105,AF105,AK105,AP105,AU105) -> 3190.358 | K105: =AVERAGE(R105,W105,AB105,AG105,AL105,AQ105,AV105) -> 1063.4527 | M105: =RANK(K105, K$91:$K$127) -> 4 | P105: 3 | Q105: 3191.438 | R105: =IFERROR(Q105/P105,"") -> 1063.8127 | S105: =RANK(R105, R$91:R$127) -> 5 | U105: 3 | V105: 3192.158 | W105: =IFERROR(V105/U105,"") -> 1064.0527 | X105: =RANK(W105, W$91:W$127) -> 3 | Z105: 3 | AA105: 3190.358 | AB105: =IFERROR(AA105/Z105,"") -> 1063.4527 | AC105: =RANK(AB105, AB$91:AB$127) -> 4 | AE105: 3 | AF105: 3190.358 | AG105: =IFERROR(AF105/AE105,"") -> 1063.4527 | AH105: =RANK(AG105, AG$91:AG$127) -> 4 | AJ105: 3 | AK105: 3190.718 | AL105: =IFERROR(AK105/AJ105,"") -> 1063.5727 | AM105: =RANK(AL105, AL$91:AL$127) -> 3 | AO105: 3 | AP105: 3188.918 | AQ105: =IFERROR(AP105/AO105,"") -> 1062.9727 | AR105: =RANK(AQ105, AQ$91:AQ$127) -> 5 | AT105: 3 | AU105: 3188.558 | AV105: =IFERROR(AU105/AT105,"") -> 1062.8527 | AW105: =RANK(AV105, AV$91:AV$127) -> 5
C106: 16 | D106: 一配黑胡椒洋蔥豬飯糰 | E106: 3 | F106: 3300 | G106: =IFERROR(F106/E106,"") -> 1100 | I106: =AVERAGE(P106,U106,Z106,AE106,AJ106,AO106,AT106) -> 3 | J106: =AVERAGE(Q106,V106,AA106,AF106,AK106,AP106,AU106) -> 2970.7635 | K106: =AVERAGE(R106,W106,AB106,AG106,AL106,AQ106,AV106) -> 990.2545 | M106: =RANK(K106, K$91:$K$127) -> 11 | P106: 3 | Q106: 2971.1788 | R106: =IFERROR(Q106/P106,"") -> 990.39294 | S106: =RANK(R106, R$91:R$127) -> 11 | U106: 3 | V106: 2970.8488 | W106: =IFERROR(V106/U106,"") -> 990.28294 | X106: =RANK(W106, W$91:W$127) -> 10 | Z106: 3 | AA106: 2970.1888 | AB106: =IFERROR(AA106/Z106,"") -> 990.06294 | AC106: =RANK(AB106, AB$91:AB$127) -> 10 | AE106: 3 | AF106: 2969.5288 | AG106: =IFERROR(AF106/AE106,"") -> 989.84294 | AH106: =RANK(AG106, AG$91:AG$127) -> 10 | AJ106: 3 | AK106: 2970.7603 | AL106: =IFERROR(AK106/AJ106,"") -> 990.25342 | AM106: =RANK(AL106, AL$91:AL$127) -> 10 | AO106: 3 | AP106: 2970.7603 | AQ106: =IFERROR(AP106/AO106,"") -> 990.25342 | AR106: =RANK(AQ106, AQ$91:AQ$127) -> 10 | AT106: 3 | AU106: 2972.0787 | AV106: =IFERROR(AU106/AT106,"") -> 990.69291 | AW106: =RANK(AV106, AV$91:AV$127) -> 10
C107: 17 | D107: 一配筋子銀鮭飯糰 | E107: 4 | F107: 3300 | G107: =IFERROR(F107/E107,"") -> 825 | I107: =AVERAGE(P107,U107,Z107,AE107,AJ107,AO107,AT107) -> 4 | J107: =AVERAGE(Q107,V107,AA107,AF107,AK107,AP107,AU107) -> 2871.4487 | K107: =AVERAGE(R107,W107,AB107,AG107,AL107,AQ107,AV107) -> 717.86219 | M107: =RANK(K107, K$91:$K$127) -> 19 | P107: 4 | Q107: 2713 | R107: =IFERROR(Q107/P107,"") -> 678.25 | S107: =RANK(R107, R$91:R$127) -> 21 | U107: 4 | V107: 2766.9234 | W107: =IFERROR(V107/U107,"") -> 691.73085 | X107: =RANK(W107, W$91:W$127) -> 18 | Z107: 4 | AA107: 2823.3441 | AB107: =IFERROR(AA107/Z107,"") -> 705.83604 | AC107: =RANK(AB107, AB$91:AB$127) -> 18 | AE107: 4 | AF107: 2883.9821 | AG107: =IFERROR(AF107/AE107,"") -> 720.99552 | AH107: =RANK(AG107, AG$91:AG$127) -> 18 | AJ107: 4 | AK107: 2969.6439 | AL107: =IFERROR(AK107/AJ107,"") -> 742.41097 | AM107: =RANK(AL107, AL$91:AL$127) -> 18 | AO107: 4 | AP107: 2970.9639 | AQ107: =IFERROR(AP107/AO107,"") -> 742.74097 | AR107: =RANK(AQ107, AQ$91:AQ$127) -> 18 | AT107: 4 | AU107: 2972.2839 | AV107: =IFERROR(AU107/AT107,"") -> 743.07097 | AW107: =RANK(AV107, AV$91:AV$127) -> 18
C108: 18 | D108: 二配雞肉飯飯糰 | E108: 5 | F108: 3600 | G108: =IFERROR(F108/E108,"") -> 720 | I108: =AVERAGE(P108,U108,Z108,AE108,AJ108,AO108,AT108) -> 5 | J108: =AVERAGE(Q108,V108,AA108,AF108,AK108,AP108,AU108) -> 3186.0694 | K108: =AVERAGE(R108,W108,AB108,AG108,AL108,AQ108,AV108) -> 637.21388 | M108: =RANK(K108, K$91:$K$127) -> 28 | P108: 5 | Q108: 3188.1079 | R108: =IFERROR(Q108/P108,"") -> 637.62158 | S108: =RANK(R108, R$91:R$127) -> 28 | U108: 5 | V108: 3187.3879 | W108: =IFERROR(V108/U108,"") -> 637.47758 | X108: =RANK(W108, W$91:W$127) -> 29 | Z108: 5 | AA108: 3185.5879 | AB108: =IFERROR(AA108/Z108,"") -> 637.11758 | AC108: =RANK(AB108, AB$91:AB$127) -> 29 | AE108: 5 | AF108: 3184.8679 | AG108: =IFERROR(AF108/AE108,"") -> 636.97358 | AH108: =RANK(AG108, AG$91:AG$127) -> 29 | AJ108: 5 | AK108: 3183.4279 | AL108: =IFERROR(AK108/AJ108,"") -> 636.68558 | AM108: =RANK(AL108, AL$91:AL$127) -> 29 | AO108: 5 | AP108: 3184.8679 | AQ108: =IFERROR(AP108/AO108,"") -> 636.97358 | AR108: =RANK(AQ108, AQ$91:AQ$127) -> 29 | AT108: 5 | AU108: 3188.2383 | AV108: =IFERROR(AU108/AT108,"") -> 637.64765 | AW108: =RANK(AV108, AV$91:AV$127) -> 29
C109: 19 | D109: 二配鮪魚飯糰 | E109: 3 | F109: 3600 | G109: =IFERROR(F109/E109,"") -> 1200 | I109: =AVERAGE(P109,U109,Z109,AE109,AJ109,AO109,AT109) -> 3 | J109: =AVERAGE(Q109,V109,AA109,AF109,AK109,AP109,AU109) -> 3188.4066 | K109: =AVERAGE(R109,W109,AB109,AG109,AL109,AQ109,AV109) -> 1062.8022 | M109: =RANK(K109, K$91:$K$127) -> 7 | P109: 3 | Q109: 3187.7894 | R109: =IFERROR(Q109/P109,"") -> 1062.5965 | S109: =RANK(R109, R$91:R$127) -> 7 | U109: 3 | V109: 3186.7094 | W109: =IFERROR(V109/U109,"") -> 1062.2365 | X109: =RANK(W109, W$91:W$127) -> 7 | Z109: 3 | AA109: 3187.0694 | AB109: =IFERROR(AA109/Z109,"") -> 1062.3565 | AC109: =RANK(AB109, AB$91:AB$127) -> 6 | AE109: 3 | AF109: 3188.8694 | AG109: =IFERROR(AF109/AE109,"") -> 1062.9565 | AH109: =RANK(AG109, AG$91:AG$127) -> 5 | AJ109: 3 | AK109: 3189.5894 | AL109: =IFERROR(AK109/AJ109,"") -> 1063.1965 | AM109: =RANK(AL109, AL$91:AL$127) -> 5 | AO109: 3 | AP109: 3189.5894 | AQ109: =IFERROR(AP109/AO109,"") -> 1063.1965 | AR109: =RANK(AQ109, AQ$91:AQ$127) -> 4 | AT109: 3 | AU109: 3189.2294 | AV109: =IFERROR(AU109/AT109,"") -> 1063.0765 | AW109: =RANK(AV109, AV$91:AV$127) -> 3
C110: 20 | D110: 二配鹽蔥燒肉飯糰 | E110: 4 | F110: 3300 | G110: =IFERROR(F110/E110,"") -> 825 | I110: =AVERAGE(P110,U110,Z110,AE110,AJ110,AO110,AT110) -> 4 | J110: =AVERAGE(Q110,V110,AA110,AF110,AK110,AP110,AU110) -> 2986.9243 | K110: =AVERAGE(R110,W110,AB110,AG110,AL110,AQ110,AV110) -> 746.73107 | M110: =RANK(K110, K$91:$K$127) -> 18 | P110: 4 | Q110: 2988.15 | R110: =IFERROR(Q110/P110,"") -> 747.0375 | S110: =RANK(R110, R$91:R$127) -> 18 | U110: 4 | V110: 2986.5 | W110: =IFERROR(V110/U110,"") -> 746.625 | X110: =RANK(W110, W$91:W$127) -> 17 | Z110: 4 | AA110: 2986.17 | AB110: =IFERROR(AA110/Z110,"") -> 746.5425 | AC110: =RANK(AB110, AB$91:AB$127) -> 17 | AE110: 4 | AF110: 2986.83 | AG110: =IFERROR(AF110/AE110,"") -> 746.7075 | AH110: =RANK(AG110, AG$91:AG$127) -> 17 | AJ110: 4 | AK110: 2985.84 | AL110: =IFERROR(AK110/AJ110,"") -> 746.46 | AM110: =RANK(AL110, AL$91:AL$127) -> 17 | AO110: 4 | AP110: 2986.83 | AQ110: =IFERROR(AP110/AO110,"") -> 746.7075 | AR110: =RANK(AQ110, AQ$91:AQ$127) -> 16 | AT110: 4 | AU110: 2988.15 | AV110: =IFERROR(AU110/AT110,"") -> 747.0375 | AW110: =RANK(AV110, AV$91:AV$127) -> 16
C111: 21 | D111: 二配壹號醬炙烤牛飯糰 | E111: 5 | F111: 3300 | G111: =IFERROR(F111/E111,"") -> 660 | I111: =AVERAGE(P111,U111,Z111,AE111,AJ111,AO111,AT111) -> 5 | J111: =AVERAGE(Q111,V111,AA111,AF111,AK111,AP111,AU111) -> 2990.8843 | K111: =AVERAGE(R111,W111,AB111,AG111,AL111,AQ111,AV111) -> 598.17686 | M111: =RANK(K111, K$91:$K$127) -> 31 | P111: 5 | Q111: 2991.12 | R111: =IFERROR(Q111/P111,"") -> 598.224 | S111: =RANK(R111, R$91:R$127) -> 29 | U111: 5 | V111: 2990.13 | W111: =IFERROR(V111/U111,"") -> 598.026 | X111: =RANK(W111, W$91:W$127) -> 30 | Z111: 5 | AA111: 2991.12 | AB111: =IFERROR(AA111/Z111,"") -> 598.224 | AC111: =RANK(AB111, AB$91:AB$127) -> 30 | AE111: 5 | AF111: 2990.13 | AG111: =IFERROR(AF111/AE111,"") -> 598.026 | AH111: =RANK(AG111, AG$91:AG$127) -> 30 | AJ111: 5 | AK111: 2991.12 | AL111: =IFERROR(AK111/AJ111,"") -> 598.224 | AM111: =RANK(AL111, AL$91:AL$127) -> 30 | AO111: 5 | AP111: 2990.79 | AQ111: =IFERROR(AP111/AO111,"") -> 598.158 | AR111: =RANK(AQ111, AQ$91:AQ$127) -> 30 | AT111: 5 | AU111: 2991.78 | AV111: =IFERROR(AU111/AT111,"") -> 598.356 | AW111: =RANK(AV111, AV$91:AV$127) -> 30
C112: 22 | D112: 二配明太子龍蝦風味沙拉飯糰 | E112: 3 | F112: 3600 | G112: =IFERROR(F112/E112,"") -> 1200 | I112: =AVERAGE(P112,U112,Z112,AE112,AJ112,AO112,AT112) -> 3 | J112: =AVERAGE(Q112,V112,AA112,AF112,AK112,AP112,AU112) -> 3190.3549 | K112: =AVERAGE(R112,W112,AB112,AG112,AL112,AQ112,AV112) -> 1063.4516 | M112: =RANK(K112, K$91:$K$127) -> 5 | P112: 3 | Q112: 3192.6178 | R112: =IFERROR(Q112/P112,"") -> 1064.2059 | S112: =RANK(R112, R$91:R$127) -> 3 | U112: 3 | V112: 3191.8978 | W112: =IFERROR(V112/U112,"") -> 1063.9659 | X112: =RANK(W112, W$91:W$127) -> 4 | Z112: 3 | AA112: 3190.4578 | AB112: =IFERROR(AA112/Z112,"") -> 1063.4859 | AC112: =RANK(AB112, AB$91:AB$127) -> 3 | AE112: 3 | AF112: 3191.5378 | AG112: =IFERROR(AF112/AE112,"") -> 1063.8459 | AH112: =RANK(AG112, AG$91:AG$127) -> 3 | AJ112: 3 | AK112: 3189.7378 | AL112: =IFERROR(AK112/AJ112,"") -> 1063.2459 | AM112: =RANK(AL112, AL$91:AL$127) -> 4 | AO112: 3 | AP112: 3187.9378 | AQ112: =IFERROR(AP112/AO112,"") -> 1062.6459 | AR112: =RANK(AQ112, AQ$91:AQ$127) -> 7 | AT112: 3 | AU112: 3188.2978 | AV112: =IFERROR(AU112/AT112,"") -> 1062.7659 | AW112: =RANK(AV112, AV$91:AV$127) -> 7
C113: 23 | D113: 二配贅沢鮭魚肚飯糰 | E113: 4 | F113: 3600 | G113: =IFERROR(F113/E113,"") -> 900 | I113: =AVERAGE(P113,U113,Z113,AE113,AJ113,AO113,AT113) -> 4 | J113: =AVERAGE(Q113,V113,AA113,AF113,AK113,AP113,AU113) -> 3189.4188 | K113: =AVERAGE(R113,W113,AB113,AG113,AL113,AQ113,AV113) -> 797.35471 | M113: =RANK(K113, K$91:$K$127) -> 15 | P113: 4 | Q113: 3190.68 | R113: =IFERROR(Q113/P113,"") -> 797.67 | S113: =RANK(R113, R$91:R$127) -> 16 | U113: 4 | V113: 3190.32 | W113: =IFERROR(V113/U113,"") -> 797.58 | X113: =RANK(W113, W$91:W$127) -> 14 | Z113: 4 | AA113: 3189.24 | AB113: =IFERROR(AA113/Z113,"") -> 797.31 | AC113: =RANK(AB113, AB$91:AB$127) -> 14 | AE113: 4 | AF113: 3189.24 | AG113: =IFERROR(AF113/AE113,"") -> 797.31 | AH113: =RANK(AG113, AG$91:AG$127) -> 14 | AJ113: 4 | AK113: 3188.16 | AL113: =IFERROR(AK113/AJ113,"") -> 797.04 | AM113: =RANK(AL113, AL$91:AL$127) -> 14 | AO113: 4 | AP113: 3187.8 | AQ113: =IFERROR(AP113/AO113,"") -> 796.95 | AR113: =RANK(AQ113, AQ$91:AQ$127) -> 14 | AT113: 4 | AU113: 3190.4918 | AV113: =IFERROR(AU113/AT113,"") -> 797.62296 | AW113: =RANK(AV113, AV$91:AV$127) -> 14
C114: 24 | D114: 二配蔬食鮪魚飯糰 | E114: 3 | F114: 3600 | G114: =IFERROR(F114/E114,"") -> 1200 | I114: =AVERAGE(P114,U114,Z114,AE114,AJ114,AO114,AT114) -> 3 | J114: =AVERAGE(Q114,V114,AA114,AF114,AK114,AP114,AU114) -> 3198.3649 | K114: =AVERAGE(R114,W114,AB114,AG114,AL114,AQ114,AV114) -> 1066.1216 | M114: =RANK(K114, K$91:$K$127) -> 2 | P114: 3 | Q114: 3199.0967 | R114: =IFERROR(Q114/P114,"") -> 1066.3656 | S114: =RANK(R114, R$91:R$127) -> 1 | U114: 3 | V114: 3198.8429 | W114: =IFERROR(V114/U114,"") -> 1066.281 | X114: =RANK(W114, W$91:W$127) -> 1 | Z114: 3 | AA114: 3198.4829 | AB114: =IFERROR(AA114/Z114,"") -> 1066.161 | AC114: =RANK(AB114, AB$91:AB$127) -> 2 | AE114: 3 | AF114: 3197.0429 | AG114: =IFERROR(AF114/AE114,"") -> 1065.681 | AH114: =RANK(AG114, AG$91:AG$127) -> 2 | AJ114: 3 | AK114: 3197.4029 | AL114: =IFERROR(AK114/AJ114,"") -> 1065.801 | AM114: =RANK(AL114, AL$91:AL$127) -> 2 | AO114: 3 | AP114: 3199.2029 | AQ114: =IFERROR(AP114/AO114,"") -> 1066.401 | AR114: =RANK(AQ114, AQ$91:AQ$127) -> 1 | AT114: 3 | AU114: 3198.4829 | AV114: =IFERROR(AU114/AT114,"") -> 1066.161 | AW114: =RANK(AV114, AV$91:AV$127) -> 2
C115: 25 | D115: 二配熟成紅鮭飯糰 | E115: 5 | F115: 3600 | G115: =IFERROR(F115/E115,"") -> 720 | I115: =AVERAGE(P115,U115,Z115,AE115,AJ115,AO115,AT115) -> 5 | J115: =AVERAGE(Q115,V115,AA115,AF115,AK115,AP115,AU115) -> 3196.8573 | K115: =AVERAGE(R115,W115,AB115,AG115,AL115,AQ115,AV115) -> 639.37146 | M115: =RANK(K115, K$91:$K$127) -> 25 | P115: 5 | Q115: 3197.6287 | R115: =IFERROR(Q115/P115,"") -> 639.52575 | S115: =RANK(R115, R$91:R$127) -> 24 | U115: 5 | V115: 3196.5487 | W115: =IFERROR(V115/U115,"") -> 639.30975 | X115: =RANK(W115, W$91:W$127) -> 26 | Z115: 5 | AA115: 3196.9087 | AB115: =IFERROR(AA115/Z115,"") -> 639.38175 | AC115: =RANK(AB115, AB$91:AB$127) -> 26 | AE115: 5 | AF115: 3195.1087 | AG115: =IFERROR(AF115/AE115,"") -> 639.02175 | AH115: =RANK(AG115, AG$91:AG$127) -> 26 | AJ115: 5 | AK115: 3196.9087 | AL115: =IFERROR(AK115/AJ115,"") -> 639.38175 | AM115: =RANK(AL115, AL$91:AL$127) -> 26 | AO115: 5 | AP115: 3197.2687 | AQ115: =IFERROR(AP115/AO115,"") -> 639.45375 | AR115: =RANK(AQ115, AQ$91:AQ$127) -> 26 | AT115: 5 | AU115: 3197.6287 | AV115: =IFERROR(AU115/AT115,"") -> 639.52575 | AW115: =RANK(AV115, AV$91:AV$127) -> 25
... C126: 36 | D126: 二配兩粒飯糰(鮪魚.焦糖鮭魚) | E126: 12 | F126: 3600 | G126: =IFERROR(F126/E126,"") -> 300 | I126: =AVERAGE(P126,U126,Z126,AE126,AJ126,AO126,AT126) -> 12 | J126: =AVERAGE(Q126,V126,AA126,AF126,AK126,AP126,AU126) -> 3119.1011 | K126: =AVERAGE(R126,W126,AB126,AG126,AL126,AQ126,AV126) -> 259.92509 | M126: =RANK(K126, K$91:$K$127) -> 35 | P126: 12 | Q126: 3119.2513 | R126: =IFERROR(Q126/P126,"") -> 259.93761 | S126: =RANK(R126, R$91:R$127) -> 35 | U126: 12 | V126: 3119.6113 | W126: =IFERROR(V126/U126,"") -> 259.96761 | X126: =RANK(W126, W$91:W$127) -> 34 | Z126: 12 | AA126: 3118.8913 | AB126: =IFERROR(AA126/Z126,"") -> 259.90761 | AC126: =RANK(AB126, AB$91:AB$127) -> 34 | AE126: 12 | AF126: 3118.8913 | AG126: =IFERROR(AF126/AE126,"") -> 259.90761 | AH126: =RANK(AG126, AG$91:AG$127) -> 34 | AJ126: 12 | AK126: 3118.5313 | AL126: =IFERROR(AK126/AJ126,"") -> 259.87761 | AM126: =RANK(AL126, AL$91:AL$127) -> 34 | AO126: 12 | AP126: 3117.8113 | AQ126: =IFERROR(AP126/AO126,"") -> 259.81761 | AR126: =RANK(AQ126, AQ$91:AQ$127) -> 34 | AT126: 12 | AU126: 3120.7202 | AV126: =IFERROR(AU126/AT126,"") -> 260.06002 | AW126: =RANK(AV126, AV$91:AV$127) -> 33
C127: 37

Sheet （５-2）品群別人時生產性(18℃-壽司手卷)
B1: 7月平均人時性 | C1: =AVERAGE(L7,L27,L47) -> 298.86613
B2: 產線配置圖－每週更新(0630-0706) | N2: 資料繳交 | O2: 日期 | P2: 46203 | U2: 46204 | Z2: 46205 | AE2: 46206 | AJ2: 46207 | AO2: 46208 | AT2: 46209
P3: 46196 | U3: 46197 | Z3: 46198 | AE3: 46199 | AJ3: 46200 | AO3: 46201 | AT3: 46202
B4: 品群 | C4: 商品名稱 | E4: 計畫 | H4: 平均人時性 | I4: 實績 (週平均) | L4: 平均人時性 | M4: 排名 | O4: 日報 | P4: 實際 | T4: 平均人時性 | U4: 實際 | Y4: 平均人時性 | Z4: 實際 | AD4: 平均人時性 | AE4: 實際 | AI4: 平均人時性 | AJ4: 實際 | AN4: 平均人時性 | AO4: 實際 | AS4: 平均人時性 | AT4: 實際 | AX4: 平均人時性
E5: 產線配置圖 | I5: 產線配置圖 | P5: 生產實績 | U5: 生產實績 | Z5: 生產實績 | AE5: 生產實績 | AJ5: 生產實績 | AO5: 生產實績 | AT5: 生產實績
E6: 人數 | F6: 產能／時 | G6: 人時性 | I6: 人數 | J6: 產能／時 | K6: 人時性 | P6: 人數 | Q6: 產能／時 | R6: 人時性 | S6: 排名 | U6: 人數 | V6: 產能／時 | W6: 人時性 | X6: 排名 | Z6: 人數 | AA6: 產能／時 | AB6: 人時性 | AC6: 排名 | AE6: 人數 | AF6: 產能／時 | AG6: 人時性 | AH6: 排名 | AJ6: 人數 | AK6: 產能／時 | AL6: 人時性 | AM6: 排名 | AO6: 人數 | AP6: 產能／時 | AQ6: 人時性 | AR6: 排名 | AT6: 人數 | AU6: 產能／時 | AV6: 人時性 | AW6: 排名
B7: 18℃-壽司手卷 | C7: 1 | D7: 一配長野稻荷壽司 | E7: 10 | F7: 3600 | G7: =IFERROR(F7/E7,"") -> 360 | H7: =AVERAGE(G7:G21) -> 338.18182 | I7: =AVERAGE(P7,U7,Z7,AE7,AJ7,AO7,AT7) -> 10 | J7: =AVERAGE(Q7,V7,AA7,AF7,AK7,AP7,AU7) -> 3214.6267 | K7: =AVERAGE(R7,W7,AB7,AG7,AL7,AQ7,AV7) -> 321.46267 | L7: =IFERROR(AVERAGE(K7:K21),"-") -> 298.73492 | M7: =RANK(K7, K$7:$K$21) -> 1 | P7: 10 | Q7: 3214.0096 | R7: =IFERROR(Q7/P7,"") -> 321.40096 | S7: =RANK(R7, R$7:R$21) -> 1 | T7: =AVERAGE(R7:R21) -> 298.6561 | U7: 10 | V7: 3214.7296 | W7: =IFERROR(V7/U7,"") -> 321.47296 | X7: =RANK(W7, W$7:W$21) -> 1 | Y7: =AVERAGE(W7:W21) -> 298.72374 | Z7: 10 | AA7: 3214.0096 | AB7: =IFERROR(AA7/Z7,"") -> 321.40096 | AC7: =RANK(AB7, AB$7:AB$21) -> 1 | AD7: =AVERAGE(AB7:AB21) -> 298.69974 | AE7: 10 | AF7: 3215.0896 | AG7: =IFERROR(AF7/AE7,"") -> 321.50896 | AH7: =RANK(AG7, AG$7:AG$21) -> 1 | AI7: =AVERAGE(AG7:AG21) -> 298.77937 | AJ7: 10 | AK7: 3215.0896 | AL7: =IFERROR(AK7/AJ7,"") -> 321.50896 | AM7: =RANK(AL7, AL$7:AL$21) -> 1 | AN7: =AVERAGE(AL7:AL21) -> 298.73574 | AO7: 10 | AP7: 3215.4496 | AQ7: =IFERROR(AP7/AO7,"") -> 321.54496 | AR7: =RANK(AQ7, AQ$7:AQ$21) -> 1 | AS7: =AVERAGE(AQ7:AQ21) -> 298.74774 | AT7: 10 | AU7: 3214.0096 | AV7: =IFERROR(AU7/AT7,"") -> 321.40096 | AW7: =RANK(AV7, AV$7:AV$21) -> 1 | AX7: =AVERAGE(AV7:AV21) -> 298.80198
C8: 2 | D8: 一配經典人氣雙手卷 | E8: 11 | F8: 3600 | G8: =IFERROR(F8/E8,"") -> 327.27273 | I8: =AVERAGE(P8,U8,Z8,AE8,AJ8,AO8,AT8) -> 11 | J8: =AVERAGE(Q8,V8,AA8,AF8,AK8,AP8,AU8) -> 3160.2518 | K8: =AVERAGE(R8,W8,AB8,AG8,AL8,AQ8,AV8) -> 287.29562 | M8: =RANK(K8, K$7:$K$21) -> 3 | P8: 11 | Q8: 3159.2041 | R8: =IFERROR(Q8/P8,"") -> 287.20037 | S8: =RANK(R8, R$7:R$21) -> 3 | U8: 11 | V8: 3160.6441 | W8: =IFERROR(V8/U8,"") -> 287.33128 | X8: =RANK(W8, W$7:W$21) -> 3 | Z8: 11 | AA8: 3160.6441 | AB8: =IFERROR(AA8/Z8,"") -> 287.33128 | AC8: =RANK(AB8, AB$7:AB$21) -> 3 | AE8: 11 | AF8: 3161.0041 | AG8: =IFERROR(AF8/AE8,"") -> 287.36401 | AH8: =RANK(AG8, AG$7:AG$21) -> 3 | AJ8: 11 | AK8: 3159.5641 | AL8: =IFERROR(AK8/AJ8,"") -> 287.2331 | AM8: =RANK(AL8, AL$7:AL$21) -> 3 | AO8: 11 | AP8: 3159.5641 | AQ8: =IFERROR(AP8/AO8,"") -> 287.2331 | AR8: =RANK(AQ8, AQ$7:AQ$21) -> 3 | AT8: 11 | AU8: 3161.1381 | AV8: =IFERROR(AU8/AT8,"") -> 287.37619 | AW8: =RANK(AV8, AV$7:AV$21) -> 3
C9: 3 | D9: 一配鮭鮪海饌雙手卷 | E9: 11 | F9: 3600 | G9: =IFERROR(F9/E9,"") -> 327.27273 | I9: =AVERAGE(P9,U9,Z9,AE9,AJ9,AO9,AT9) -> 11 | J9: =AVERAGE(Q9,V9,AA9,AF9,AK9,AP9,AU9) -> 3161.911 | K9: =AVERAGE(R9,W9,AB9,AG9,AL9,AQ9,AV9) -> 287.44646 | M9: =RANK(K9, K$7:$K$21) -> 2 | P9: 11 | Q9: 3161.0368 | R9: =IFERROR(Q9/P9,"") -> 287.36698 | S9: =RANK(R9, R$7:R$21) -> 2 | U9: 11 | V9: 3161.0368 | W9: =IFERROR(V9/U9,"") -> 287.36698 | X9: =RANK(W9, W$7:W$21) -> 2 | Z9: 11 | AA9: 3161.0368 | AB9: =IFERROR(AA9/Z9,"") -> 287.36698 | AC9: =RANK(AB9, AB$7:AB$21) -> 2 | AE9: 11 | AF9: 3162.1168 | AG9: =IFERROR(AF9/AE9,"") -> 287.46516 | AH9: =RANK(AG9, AG$7:AG$21) -> 2 | AJ9: 11 | AK9: 3162.1168 | AL9: =IFERROR(AK9/AJ9,"") -> 287.46516 | AM9: =RANK(AL9, AL$7:AL$21) -> 2 | AO9: 11 | AP9: 3162.1168 | AQ9: =IFERROR(AP9/AO9,"") -> 287.46516 | AR9: =RANK(AQ9, AQ$7:AQ$21) -> 2 | AT9: 11 | AU9: 3163.9168 | AV9: =IFERROR(AU9/AT9,"") -> 287.6288 | AW9: =RANK(AV9, AV$7:AV$21) -> 2
C10: 4
C11: 5
C12: 6
C13: 7
C14: 8
C15: 9
C16: 10
C17: 11
C18: 12
C19: 13
C20: 14
C21: 15
B22: 產線配置圖－每週更新(0707-0713) | N22: 資料繳交 | O22: 日期 | P22: 46210 | U22: 46211 | Z22: 46212 | AE22: 46213 | AJ22: 46214 | AO22: 46215 | AT22: 46216
P23: 46196 | U23: 46197 | Z23: 46198 | AE23: 46199 | AJ23: 46200 | AO23: 46201 | AT23: 46202
B24: 品群 | C24: 商品名稱 | E24: 計畫 | H24: 平均人時性 | I24: 實績 (週平均) | L24: 平均人時性 | M24: 排名 | O24: 日報 | P24: 實際 | T24: 平均人時性 | U24: 實際 | Y24: 平均人時性 | Z24: 實際 | AD24: 平均人時性 | AE24: 實際 | AI24: 平均人時性 | AJ24: 實際 | AN24: 平均人時性 | AO24: 實際 | AS24: 平均人時性 | AT24: 實際 | AX24: 平均人時性
E25: 產線配置圖 | I25: 產線配置圖 | P25: 生產實績 | U25: 生產實績 | Z25: 生產實績 | AE25: 生產實績 | AJ25: 生產實績 | AO25: 生產實績 | AT25: 生產實績
E26: 人數 | F26: 產能／時 | G26: 人時性 | I26: 人數 | J26: 產能／時 | K26: 人時性 | P26: 人數 | Q26: 產能／時 | R26: 人時性 | S26: 排名 | U26: 人數 | V26: 產能／時 | W26: 人時性 | X26: 排名 | Z26: 人數 | AA26: 產能／時 | AB26: 人時性 | AC26: 排名 | AE26: 人數 | AF26: 產能／時 | AG26: 人時性 | AH26: 排名 | AJ26: 人數 | AK26: 產能／時 | AL26: 人時性 | AM26: 排名 | AO26: 人數 | AP26: 產能／時 | AQ26: 人時性 | AR26: 排名 | AT26: 人數 | AU26: 產能／時 | AV26: 人時性 | AW26: 排名
B27: 18℃-壽司手卷 | C27: 1 | D27: 一配長野稻荷壽司 | E27: 10 | F27: 3600 | G27: =IFERROR(F27/E27,"") -> 360 | H27: =AVERAGE(G27:G41) -> 338.18182 | I27: =AVERAGE(P27,U27,Z27,AE27,AJ27,AO27,AT27) -> 10 | J27: =AVERAGE(Q27,V27,AA27,AF27,AK27,AP27,AU27) -> 3216.0153 | K27: =AVERAGE(R27,W27,AB27,AG27,AL27,AQ27,AV27) -> 321.60153 | L27: =IFERROR(AVERAGE(K27:K41),"-") -> 298.97236 | M27: =RANK(K27, K$27:$K$41) -> 1 | P27: 10 | Q27: 3213.2896 | R27: =IFERROR(Q27/P27,"") -> 321.32896 | S27: =RANK(R27, R$27:R$41) -> 1 | T27: =AVERAGE(R27:R41) -> 298.86525 | U27: 10 | V27: 3213.2896 | W27: =IFERROR(V27/U27,"") -> 321.32896 | X27: =RANK(W27, W$27:W$41) -> 1 | Y27: =AVERAGE(W27:W41) -> 298.83253 | Z27: 10 | AA27: 3214.7296 | AB27: =IFERROR(AA27/Z27,"") -> 321.47296 | AC27: =RANK(AB27, AB$27:AB$41) -> 1 | AD27: =AVERAGE(AB27:AB41) -> 298.94598 | AE27: 10 | AF27: 3216.1696 | AG27: =IFERROR(AF27/AE27,"") -> 321.61696 | AH27: =RANK(AG27, AG$27:AG$41) -> 1 | AI27: =AVERAGE(AG27:AG41) -> 299.06528 | AJ27: 10 | AK27: 3217.6096 | AL27: =IFERROR(AK27/AJ27,"") -> 321.76096 | AM27: =RANK(AL27, AL$27:AL$41) -> 1 | AN27: =AVERAGE(AL27:AL41) -> 299.09283 | AO27: 10 | AP27: 3217.6096 | AQ27: =IFERROR(AP27/AO27,"") -> 321.76096 | AR27: =RANK(AQ27, AQ$27:AQ$41) -> 1 | AS27: =AVERAGE(AQ27:AQ41) -> 299.02253 | AT27: 10 | AU27: 3219.4096 | AV27: =IFERROR(AU27/AT27,"") -> 321.94096 | AW27: =RANK(AV27, AV$27:AV$41) -> 1 | AX27: =AVERAGE(AV27:AV41) -> 298.98211
C28: 2 | D28: 一配經典人氣雙手卷 | E28: 11 | F28: 3600 | G28: =IFERROR(F28/E28,"") -> 327.27273 | I28: =AVERAGE(P28,U28,Z28,AE28,AJ28,AO28,AT28) -> 11 | J28: =AVERAGE(Q28,V28,AA28,AF28,AK28,AP28,AU28) -> 3163.7063 | K28: =AVERAGE(R28,W28,AB28,AG28,AL28,AQ28,AV28) -> 287.60967 | M28: =RANK(K28, K$27:$K$41) -> 3 | P28: 11 | Q28: 3162.5781 | R28: =IFERROR(Q28/P28,"") -> 287.5071 | S28: =RANK(R28, R$27:R$41) -> 3 | U28: 11 | V28: 3161.8581 | W28: =IFERROR(V28/U28,"") -> 287.44165 | X28: =RANK(W28, W$27:W$41) -> 3 | Z28: 11 | AA28: 3163.2981 | AB28: =IFERROR(AA28/Z28,"") -> 287.57256 | AC28: =RANK(AB28, AB$27:AB$41) -> 3 | AE28: 11 | AF28: 3165.651 | AG28: =IFERROR(AF28/AE28,"") -> 287.78646 | AH28: =RANK(AG28, AG$27:AG$41) -> 3 | AJ28: 11 | AK28: 3164.811 | AL28: =IFERROR(AK28/AJ28,"") -> 287.71009 | AM28: =RANK(AL28, AL$27:AL$41) -> 3 | AO28: 11 | AP28: 3165.171 | AQ28: =IFERROR(AP28/AO28,"") -> 287.74281 | AR28: =RANK(AQ28, AQ$27:AQ$41) -> 2 | AT28: 11 | AU28: 3162.5771 | AV28: =IFERROR(AU28/AT28,"") -> 287.50701 | AW28: =RANK(AV28, AV$27:AV$41) -> 2
C29: 3 | D29: 一配鮭鮪海饌雙手卷 | E29: 11 | F29: 3600 | G29: =IFERROR(F29/E29,"") -> 327.27273 | I29: =AVERAGE(P29,U29,Z29,AE29,AJ29,AO29,AT29) -> 11 | J29: =AVERAGE(Q29,V29,AA29,AF29,AK29,AP29,AU29) -> 3164.7647 | K29: =AVERAGE(R29,W29,AB29,AG29,AL29,AQ29,AV29) -> 287.70588 | M29: =RANK(K29, K$27:$K$41) -> 2 | P29: 11 | Q29: 3165.3568 | R29: =IFERROR(Q29/P29,"") -> 287.75971 | S29: =RANK(R29, R$27:R$41) -> 2 | U29: 11 | V29: 3164.9968 | W29: =IFERROR(V29/U29,"") -> 287.72698 | X29: =RANK(W29, W$27:W$41) -> 2 | Z29: 11 | AA29: 3165.7168 | AB29: =IFERROR(AA29/Z29,"") -> 287.79243 | AC29: =RANK(AB29, AB$27:AB$41) -> 2 | AE29: 11 | AF29: 3165.7168 | AG29: =IFERROR(AF29/AE29,"") -> 287.79243 | AH29: =RANK(AG29, AG$27:AG$41) -> 2 | AJ29: 11 | AK29: 3165.8821 | AL29: =IFERROR(AK29/AJ29,"") -> 287.80746 | AM29: =RANK(AL29, AL$27:AL$41) -> 2 | AO29: 11 | AP29: 3163.202 | AQ29: =IFERROR(AP29/AO29,"") -> 287.56382 | AR29: =RANK(AQ29, AQ$27:AQ$41) -> 3 | AT29: 11 | AU29: 3162.482 | AV29: =IFERROR(AU29/AT29,"") -> 287.49836 | AW29: =RANK(AV29, AV$27:AV$41) -> 3
C30: 4
C31: 5
C32: 6
C33: 7
C34: 8
C35: 9
C36: 10
C37: 11
C38: 12
C39: 13
C40: 14
C41: 15
B42: 產線配置圖－每週更新(0714-0720) | N42: 資料繳交 | O42: 日期 | P42: 46217 | U42: 46218 | Z42: 46219 | AE42: 46220 | AJ42: 46221 | AO42: 46222 | AT42: 46223
P43: 46196 | U43: 46197 | Z43: 46198 | AE43: 46199 | AJ43: 46200 | AO43: 46201 | AT43: 46202
B44: 品群 | C44: 商品名稱 | E44: 計畫 | H44: 平均人時性 | I44: 實績 (週平均) | L44: 平均人時性 | M44: 排名 | O44: 日報 | P44: 實際 | T44: 平均人時性 | U44: 實際 | Y44: 平均人時性 | Z44: 實際 | AD44: 平均人時性 | AE44: 實際 | AI44: 平均人時性 | AJ44: 實際 | AN44: 平均人時性 | AO44: 實際 | AS44: 平均人時性 | AT44: 實際 | AX44: 平均人時性
E45: 產線配置圖 | I45: 產線配置圖 | P45: 生產實績 | U45: 生產實績 | Z45: 生產實績 | AE45: 生產實績 | AJ45: 生產實績 | AO45: 生產實績 | AT45: 生產實績
E46: 人數 | F46: 產能／時 | G46: 人時性 | I46: 人數 | J46: 產能／時 | K46: 人時性 | P46: 人數 | Q46: 產能／時 | R46: 人時性 | S46: 排名 | U46: 人數 | V46: 產能／時 | W46: 人時性 | X46: 排名 | Z46: 人數 | AA46: 產能／時 | AB46: 人時性 | AC46: 排名 | AE46: 人數 | AF46: 產能／時 | AG46: 人時性 | AH46: 排名 | AJ46: 人數 | AK46: 產能／時 | AL46: 人時性 | AM46: 排名 | AO46: 人數 | AP46: 產能／時 | AQ46: 人時性 | AR46: 排名 | AT46: 人數 | AU46: 產能／時 | AV46: 人時性 | AW46: 排名
B47: 18℃-壽司手卷 | C47: 1 | D47: 一配長野稻荷壽司 | E47: 10 | F47: 3600 | G47: =IFERROR(F47/E47,"") -> 360 | H47: =AVERAGE(G47:G61) -> 338.18182 | I47: =AVERAGE(P47,U47,Z47,AE47,AJ47,AO47,AT47) -> 10 | J47: =AVERAGE(Q47,V47,AA47,AF47,AK47,AP47,AU47) -> 3216.8381 | K47: =AVERAGE(R47,W47,AB47,AG47,AL47,AQ47,AV47) -> 321.68381 | L47: =IFERROR(AVERAGE(K47:K61),"-") -> 298.89112 | M47: =RANK(K47, K$47:$K$61) -> 1 | P47: 10 | Q47: 3217.9696 | R47: =IFERROR(Q47/P47,"") -> 321.79696 | S47: =RANK(R47, R$47:R$61) -> 1 | T47: =AVERAGE(R47:R61) -> 299.01047 | U47: 10 | V47: 3218.3296 | W47: =IFERROR(V47/U47,"") -> 321.83296 | X47: =RANK(W47, W$47:W$61) -> 1 | Y47: =AVERAGE(W47:W61) -> 298.95702 | Z47: 10 | AA47: 3217.6096 | AB47: =IFERROR(AA47/Z47,"") -> 321.76096 | AC47: =RANK(AB47, AB$47:AB$61) -> 1 | AD47: =AVERAGE(AB47:AB61) -> 298.8635 | AE47: 10 | AF47: 3217.2496 | AG47: =IFERROR(AF47/AE47,"") -> 321.72496 | AH47: =RANK(AG47, AG$47:AG$61) -> 1 | AI47: =AVERAGE(AG47:AG61) -> 298.86241 | AJ47: 10 | AK47: 3216.1696 | AL47: =IFERROR(AK47/AJ47,"") -> 321.61696 | AM47: =RANK(AL47, AL$47:AL$61) -> 1 | AN47: =AVERAGE(AL47:AL61) -> 298.91369 | AO47: 10 | AP47: 3215.8096 | AQ47: =IFERROR(AP47/AO47,"") -> 321.58096 | AR47: =RANK(AQ47, AQ$47:AQ$61) -> 1 | AS47: =AVERAGE(AQ47:AQ61) -> 298.9126 | AT47: 10 | AU47: 3214.7296 | AV47: =IFERROR(AU47/AT47,"") -> 321.47296 | AW47: =RANK(AV47, AV$47:AV$61) -> 1 | AX47: =AVERAGE(AV47:AV61) -> 298.71815
C48: 2 | D48: 一配經典人氣雙手卷 | E48: 11 | F48: 3600 | G48: =IFERROR(F48/E48,"") -> 327.27273 | I48: =AVERAGE(P48,U48,Z48,AE48,AJ48,AO48,AT48) -> 11 | J48: =AVERAGE(Q48,V48,AA48,AF48,AK48,AP48,AU48) -> 3162.403 | K48: =AVERAGE(R48,W48,AB48,AG48,AL48,AQ48,AV48) -> 287.49118 | M48: =RANK(K48, K$47:$K$61) -> 3 | P48: 11 | Q48: 3163.2971 | R48: =IFERROR(Q48/P48,"") -> 287.57246 | S48: =RANK(R48, R$47:R$61) -> 3 | U48: 11 | V48: 3161.8571 | W48: =IFERROR(V48/U48,"") -> 287.44155 | X48: =RANK(W48, W$47:W$61) -> 3 | Z48: 11 | AA48: 3161.0032 | AB48: =IFERROR(AA48/Z48,"") -> 287.36392 | AC48: =RANK(AB48, AB$47:AB$61) -> 3 | AE48: 11 | AF48: 3161.7232 | AG48: =IFERROR(AF48/AE48,"") -> 287.42938 | AH48: =RANK(AG48, AG$47:AG$61) -> 3 | AJ48: 11 | AK48: 3163.5232 | AL48: =IFERROR(AK48/AJ48,"") -> 287.59301 | AM48: =RANK(AL48, AL$47:AL$61) -> 2 | AO48: 11 | AP48: 3164.9632 | AQ48: =IFERROR(AP48/AO48,"") -> 287.72392 | AR48: =RANK(AQ48, AQ$47:AQ$61) -> 2 | AT48: 11 | AU48: 3160.4544 | AV48: =IFERROR(AU48/AT48,"") -> 287.31403 | AW48: =RANK(AV48, AV$47:AV$61) -> 3
C49: 3 | D49: 一配鮭鮪海饌雙手卷 | E49: 11 | F49: 3600 | G49: =IFERROR(F49/E49,"") -> 327.27273 | I49: =AVERAGE(P49,U49,Z49,AE49,AJ49,AO49,AT49) -> 11 | J49: =AVERAGE(Q49,V49,AA49,AF49,AK49,AP49,AU49) -> 3162.482 | K49: =AVERAGE(R49,W49,AB49,AG49,AL49,AQ49,AV49) -> 287.49836 | M49: =RANK(K49, K$47:$K$61) -> 2 | P49: 11 | Q49: 3164.282 | R49: =IFERROR(Q49/P49,"") -> 287.662 | S49: =RANK(R49, R$47:R$61) -> 2 | U49: 11 | V49: 3163.562 | W49: =IFERROR(V49/U49,"") -> 287.59654 | X49: =RANK(W49, W$47:W$61) -> 2 | Z49: 11 | AA49: 3162.122 | AB49: =IFERROR(AA49/Z49,"") -> 287.46564 | AC49: =RANK(AB49, AB$47:AB$61) -> 2 | AE49: 11 | AF49: 3161.762 | AG49: =IFERROR(AF49/AE49,"") -> 287.43291 | AH49: =RANK(AG49, AG$47:AG$61) -> 2 | AJ49: 11 | AK49: 3162.842 | AL49: =IFERROR(AK49/AJ49,"") -> 287.53109 | AM49: =RANK(AL49, AL$47:AL$61) -> 3 | AO49: 11 | AP49: 3161.762 | AQ49: =IFERROR(AP49/AO49,"") -> 287.43291 | AR49: =RANK(AQ49, AQ$47:AQ$61) -> 3 | AT49: 11 | AU49: 3161.042 | AV49: =IFERROR(AU49/AT49,"") -> 287.36745 | AW49: =RANK(AV49, AV$47:AV$61) -> 2
C50: 4
C51: 5
C52: 6
C53: 7
C54: 8
C55: 9
C56: 10
C57: 11
C58: 12
C59: 13
C60: 14
C61: 15
B86: 產線配置圖－每週更新(0714-0720) | N86: 資料繳交 | O86: 日期 | P86: 46217 | U86: 46218 | Z86: 46219 | AE86: 46220 | AJ86: 46221 | AO86: 46222 | AT86: 46223
P87: 46196 | U87: 46197 | Z87: 46198 | AE87: 46199 | AJ87: 46200 | AO87: 46201 | AT87: 46202
B88: 品群 | C88: 商品名稱 | E88: 計畫 | H88: 平均人時性 | I88: 實績 (週平均) | L88: 平均人時性 | M88: 排名 | O88: 日報 | P88: 實際 | T88: 平均人時性 | U88: 實際 | Y88: 平均人時性 | Z88: 實際 | AD88: 平均人時性 | AE88: 實際 | AI88: 平均人時性 | AJ88: 實際 | AN88: 平均人時性 | AO88: 實際 | AS88: 平均人時性 | AT88: 實際 | AX88: 平均人時性
E89: 產線配置圖 | I89: 產線配置圖 | P89: 生產實績 | U89: 生產實績 | Z89: 生產實績 | AE89: 生產實績 | AJ89: 生產實績 | AO89: 生產實績 | AT89: 生產實績
E90: 人數 | F90: 產能／時 | G90: 人時性 | I90: 人數 | J90: 產能／時 | K90: 人時性 | P90: 人數 | Q90: 產能／時 | R90: 人時性 | S90: 排名 | U90: 人數 | V90: 產能／時 | W90: 人時性 | X90: 排名 | Z90: 人數 | AA90: 產能／時 | AB90: 人時性 | AC90: 排名 | AE90: 人數 | AF90: 產能／時 | AG90: 人時性 | AH90: 排名 | AJ90: 人數 | AK90: 產能／時 | AL90: 人時性 | AM90: 排名 | AO90: 人數 | AP90: 產能／時 | AQ90: 人時性 | AR90: 排名 | AT90: 人數 | AU90: 產能／時 | AV90: 人時性 | AW90: 排名
B91: 18℃-壽司手卷 | C91: 1 | D91: 一配長野稻荷壽司 | E91: 10 | F91: 3600 | G91: =IFERROR(F91/E91,"") -> 360 | H91: =AVERAGE(G91:G105) -> 338.18182 | I91: =AVERAGE(P91,U91,Z91,AE91,AJ91,AO91,AT91) -> 10 | J91: =AVERAGE(Q91,V91,AA91,AF91,AK91,AP91,AU91) -> 3216.8381 | K91: =AVERAGE(R91,W91,AB91,AG91,AL91,AQ91,AV91) -> 321.68381 | L91: =IFERROR(AVERAGE(K91:K105),"-") -> 298.89112 | M91: =RANK(K91, K$91:$K$127) -> 1 | P91: 10 | Q91: 3217.9696 | R91: =IFERROR(Q91/P91,"") -> 321.79696 | S91: =RANK(R91, R$91:R$127) -> 1 | T91: =AVERAGE(R91:R105) -> 299.01047 | U91: 10 | V91: 3218.3296 | W91: =IFERROR(V91/U91,"") -> 321.83296 | X91: =RANK(W91, W$91:W$127) -> 1 | Y91: =AVERAGE(W91:W105) -> 298.95702 | Z91: 10 | AA91: 3217.6096 | AB91: =IFERROR(AA91/Z91,"") -> 321.76096 | AC91: =RANK(AB91, AB$91:AB$127) -> 1 | AD91: =AVERAGE(AB91:AB105) -> 298.8635 | AE91: 10 | AF91: 3217.2496 | AG91: =IFERROR(AF91/AE91,"") -> 321.72496 | AH91: =RANK(AG91, AG$91:AG$127) -> 1 | AI91: =AVERAGE(AG91:AG105) -> 298.86241 | AJ91: 10 | AK91: 3216.1696 | AL91: =IFERROR(AK91/AJ91,"") -> 321.61696 | AM91: =RANK(AL91, AL$91:AL$127) -> 1 | AN91: =AVERAGE(AL91:AL105) -> 298.91369 | AO91: 10 | AP91: 3215.8096 | AQ91: =IFERROR(AP91/AO91,"") -> 321.58096 | AR91: =RANK(AQ91, AQ$91:AQ$127) -> 1 | AS91: =AVERAGE(AQ91:AQ105) -> 298.9126 | AT91: 10 | AU91: 3214.7296 | AV91: =IFERROR(AU91/AT91,"") -> 321.47296 | AW91: =RANK(AV91, AV$91:AV$127) -> 1 | AX91: =AVERAGE(AV91:AV105) -> 298.71815
C92: 2 | D92: 一配經典人氣雙手卷 | E92: 11 | F92: 3600 | G92: =IFERROR(F92/E92,"") -> 327.27273 | I92: =AVERAGE(P92,U92,Z92,AE92,AJ92,AO92,AT92) -> 11 | J92: =AVERAGE(Q92,V92,AA92,AF92,AK92,AP92,AU92) -> 3162.403 | K92: =AVERAGE(R92,W92,AB92,AG92,AL92,AQ92,AV92) -> 287.49118 | M92: =RANK(K92, K$91:$K$127) -> 3 | P92: 11 | Q92: 3163.2971 | R92: =IFERROR(Q92/P92,"") -> 287.57246 | S92: =RANK(R92, R$91:R$127) -> 3 | U92: 11 | V92: 3161.8571 | W92: =IFERROR(V92/U92,"") -> 287.44155 | X92: =RANK(W92, W$91:W$127) -> 3 | Z92: 11 | AA92: 3161.0032 | AB92: =IFERROR(AA92/Z92,"") -> 287.36392 | AC92: =RANK(AB92, AB$91:AB$127) -> 3 | AE92: 11 | AF92: 3161.7232 | AG92: =IFERROR(AF92/AE92,"") -> 287.42938 | AH92: =RANK(AG92, AG$91:AG$127) -> 3 | AJ92: 11 | AK92: 3163.5232 | AL92: =IFERROR(AK92/AJ92,"") -> 287.59301 | AM92: =RANK(AL92, AL$91:AL$127) -> 2 | AO92: 11 | AP92: 3164.9632 | AQ92: =IFERROR(AP92/AO92,"") -> 287.72392 | AR92: =RANK(AQ92, AQ$91:AQ$127) -> 2 | AT92: 11 | AU92: 3160.4544 | AV92: =IFERROR(AU92/AT92,"") -> 287.31403 | AW92: =RANK(AV92, AV$91:AV$127) -> 3
C93: 3 | D93: 一配鮭鮪海饌雙手卷 | E93: 11 | F93: 3600 | G93: =IFERROR(F93/E93,"") -> 327.27273 | I93: =AVERAGE(P93,U93,Z93,AE93,AJ93,AO93,AT93) -> 11 | J93: =AVERAGE(Q93,V93,AA93,AF93,AK93,AP93,AU93) -> 3162.482 | K93: =AVERAGE(R93,W93,AB93,AG93,AL93,AQ93,AV93) -> 287.49836 | M93: =RANK(K93, K$91:$K$127) -> 2 | P93: 11 | Q93: 3164.282 | R93: =IFERROR(Q93/P93,"") -> 287.662 | S93: =RANK(R93, R$91:R$127) -> 2 | U93: 11 | V93: 3163.562 | W93: =IFERROR(V93/U93,"") -> 287.59654 | X93: =RANK(W93, W$91:W$127) -> 2 | Z93: 11 | AA93: 3162.122 | AB93: =IFERROR(AA93/Z93,"") -> 287.46564 | AC93: =RANK(AB93, AB$91:AB$127) -> 2 | AE93: 11 | AF93: 3161.762 | AG93: =IFERROR(AF93/AE93,"") -> 287.43291 | AH93: =RANK(AG93, AG$91:AG$127) -> 2 | AJ93: 11 | AK93: 3162.842 | AL93: =IFERROR(AK93/AJ93,"") -> 287.53109 | AM93: =RANK(AL93, AL$91:AL$127) -> 3 | AO93: 11 | AP93: 3161.762 | AQ93: =IFERROR(AP93/AO93,"") -> 287.43291 | AR93: =RANK(AQ93, AQ$91:AQ$127) -> 3 | AT93: 11 | AU93: 3161.042 | AV93: =IFERROR(AU93/AT93,"") -> 287.36745 | AW93: =RANK(AV93, AV$91:AV$127) -> 2
C94: 4 | M94: =RANK(K94, K$91:$K$127) -> #N/A | S94: =RANK(R94, R$91:R$127) -> #N/A | X94: =RANK(W94, W$91:W$127) -> #N/A | AC94: =RANK(AB94, AB$91:AB$127) -> #N/A | AH94: =RANK(AG94, AG$91:AG$127) -> #N/A | AM94: =RANK(AL94, AL$91:AL$127) -> #N/A | AR94: =RANK(AQ94, AQ$91:AQ$127) -> #N/A | AW94: =RANK(AV94, AV$91:AV$127) -> #N/A
C95: 5 | M95: =RANK(K95, K$91:$K$127) -> #N/A | S95: =RANK(R95, R$91:R$127) -> #N/A | X95: =RANK(W95, W$91:W$127) -> #N/A | AC95: =RANK(AB95, AB$91:AB$127) -> #N/A | AH95: =RANK(AG95, AG$91:AG$127) -> #N/A | AM95: =RANK(AL95, AL$91:AL$127) -> #N/A | AR95: =RANK(AQ95, AQ$91:AQ$127) -> #N/A | AW95: =RANK(AV95, AV$91:AV$127) -> #N/A
C96: 6 | M96: =RANK(K96, K$91:$K$127) -> #N/A | S96: =RANK(R96, R$91:R$127) -> #N/A | X96: =RANK(W96, W$91:W$127) -> #N/A | AC96: =RANK(AB96, AB$91:AB$127) -> #N/A | AH96: =RANK(AG96, AG$91:AG$127) -> #N/A | AM96: =RANK(AL96, AL$91:AL$127) -> #N/A | AR96: =RANK(AQ96, AQ$91:AQ$127) -> #N/A | AW96: =RANK(AV96, AV$91:AV$127) -> #N/A
C97: 7 | M97: =RANK(K97, K$91:$K$127) -> #N/A | S97: =RANK(R97, R$91:R$127) -> #N/A | X97: =RANK(W97, W$91:W$127) -> #N/A | AC97: =RANK(AB97, AB$91:AB$127) -> #N/A | AH97: =RANK(AG97, AG$91:AG$127) -> #N/A | AM97: =RANK(AL97, AL$91:AL$127) -> #N/A | AR97: =RANK(AQ97, AQ$91:AQ$127) -> #N/A | AW97: =RANK(AV97, AV$91:AV$127) -> #N/A
C98: 8 | M98: =RANK(K98, K$91:$K$127) -> #N/A | S98: =RANK(R98, R$91:R$127) -> #N/A | X98: =RANK(W98, W$91:W$127) -> #N/A | AC98: =RANK(AB98, AB$91:AB$127) -> #N/A | AH98: =RANK(AG98, AG$91:AG$127) -> #N/A | AM98: =RANK(AL98, AL$91:AL$127) -> #N/A | AR98: =RANK(AQ98, AQ$91:AQ$127) -> #N/A | AW98: =RANK(AV98, AV$91:AV$127) -> #N/A
C99: 9 | M99: =RANK(K99, K$91:$K$127) -> #N/A | S99: =RANK(R99, R$91:R$127) -> #N/A | X99: =RANK(W99, W$91:W$127) -> #N/A | AC99: =RANK(AB99, AB$91:AB$127) -> #N/A | AH99: =RANK(AG99, AG$91:AG$127) -> #N/A | AM99: =RANK(AL99, AL$91:AL$127) -> #N/A | AR99: =RANK(AQ99, AQ$91:AQ$127) -> #N/A | AW99: =RANK(AV99, AV$91:AV$127) -> #N/A
C100: 10 | M100: =RANK(K100, K$91:$K$127) -> #N/A | S100: =RANK(R100, R$91:R$127) -> #N/A | X100: =RANK(W100, W$91:W$127) -> #N/A | AC100: =RANK(AB100, AB$91:AB$127) -> #N/A | AH100: =RANK(AG100, AG$91:AG$127) -> #N/A | AM100: =RANK(AL100, AL$91:AL$127) -> #N/A | AR100: =RANK(AQ100, AQ$91:AQ$127) -> #N/A | AW100: =RANK(AV100, AV$91:AV$127) -> #N/A
C101: 11 | M101: =RANK(K101, K$91:$K$127) -> #N/A | S101: =RANK(R101, R$91:R$127) -> #N/A | X101: =RANK(W101, W$91:W$127) -> #N/A | AC101: =RANK(AB101, AB$91:AB$127) -> #N/A | AH101: =RANK(AG101, AG$91:AG$127) -> #N/A | AM101: =RANK(AL101, AL$91:AL$127) -> #N/A | AR101: =RANK(AQ101, AQ$91:AQ$127) -> #N/A | AW101: =RANK(AV101, AV$91:AV$127) -> #N/A
C102: 12 | M102: =RANK(K102, K$91:$K$127) -> #N/A | S102: =RANK(R102, R$91:R$127) -> #N/A | X102: =RANK(W102, W$91:W$127) -> #N/A | AC102: =RANK(AB102, AB$91:AB$127) -> #N/A | AH102: =RANK(AG102, AG$91:AG$127) -> #N/A | AM102: =RANK(AL102, AL$91:AL$127) -> #N/A | AR102: =RANK(AQ102, AQ$91:AQ$127) -> #N/A | AW102: =RANK(AV102, AV$91:AV$127) -> #N/A
C103: 13 | M103: =RANK(K103, K$91:$K$127) -> #N/A | S103: =RANK(R103, R$91:R$127) -> #N/A
C104: 14 | M104: =RANK(K104, K$91:$K$127) -> #N/A | S104: =RANK(R104, R$91:R$127) -> #N/A | X104: =RANK(W104, W$91:W$127) -> #N/A | AC104: =RANK(AB104, AB$91:AB$127) -> #N/A | AH104: =RANK(AG104, AG$91:AG$127) -> #N/A | AM104: =RANK(AL104, AL$91:AL$127) -> #N/A | AR104: =RANK(AQ104, AQ$91:AQ$127) -> #N/A | AW104: =RANK(AV104, AV$91:AV$127) -> #N/A
C105: 15 | M105: =RANK(K105, K$91:$K$127) -> #N/A | S105: =RANK(R105, R$91:R$127) -> #N/A | X105: =RANK(W105, W$91:W$127) -> #N/A | AC105: =RANK(AB105, AB$91:AB$127) -> #N/A | AH105: =RANK(AG105, AG$91:AG$127) -> #N/A | AM105: =RANK(AL105, AL$91:AL$127) -> #N/A | AR105: =RANK(AQ105, AQ$91:AQ$127) -> #N/A | AW105: =RANK(AV105, AV$91:AV$127) -> #N/A
M106: =RANK(K106, K$91:$K$127) -> #N/A | S106: =RANK(R106, R$91:R$127) -> #N/A | X106: =RANK(W106, W$91:W$127) -> #N/A | AC106: =RANK(AB106, AB$91:AB$127) -> #N/A | AH106: =RANK(AG106, AG$91:AG$127) -> #N/A | AM106: =RANK(AL106, AL$91:AL$127) -> #N/A | AR106: =RANK(AQ106, AQ$91:AQ$127) -> #N/A | AW106: =RANK(AV106, AV$91:AV$127) -> #N/A
M107: =RANK(K107, K$91:$K$127) -> #N/A | S107: =RANK(R107, R$91:R$127) -> #N/A | X107: =RANK(W107, W$91:W$127) -> #N/A | AC107: =RANK(AB107, AB$91:AB$127) -> #N/A | AH107: =RANK(AG107, AG$91:AG$127) -> #N/A | AM107: =RANK(AL107, AL$91:AL$127) -> #N/A | AR107: =RANK(AQ107, AQ$91:AQ$127) -> #N/A | AW107: =RANK(AV107, AV$91:AV$127) -> #N/A
M108: =RANK(K108, K$91:$K$127) -> #N/A | S108: =RANK(R108, R$91:R$127) -> #N/A | X108: =RANK(W108, W$91:W$127) -> #N/A | AC108: =RANK(AB108, AB$91:AB$127) -> #N/A | AH108: =RANK(AG108, AG$91:AG$127) -> #N/A | AM108: =RANK(AL108, AL$91:AL$127) -> #N/A | AR108: =RANK(AQ108, AQ$91:AQ$127) -> #N/A | AW108: =RANK(AV108, AV$91:AV$127) -> #N/A
M109: =RANK(K109, K$91:$K$127) -> #N/A | S109: =RANK(R109, R$91:R$127) -> #N/A | X109: =RANK(W109, W$91:W$127) -> #N/A | AC109: =RANK(AB109, AB$91:AB$127) -> #N/A | AH109: =RANK(AG109, AG$91:AG$127) -> #N/A | AM109: =RANK(AL109, AL$91:AL$127) -> #N/A | AR109: =RANK(AQ109, AQ$91:AQ$127) -> #N/A | AW109: =RANK(AV109, AV$91:AV$127) -> #N/A
M110: =RANK(K110, K$91:$K$127) -> #N/A | S110: =RANK(R110, R$91:R$127) -> #N/A | X110: =RANK(W110, W$91:W$127) -> #N/A | AC110: =RANK(AB110, AB$91:AB$127) -> #N/A | AH110: =RANK(AG110, AG$91:AG$127) -> #N/A | AM110: =RANK(AL110, AL$91:AL$127) -> #N/A | AR110: =RANK(AQ110, AQ$91:AQ$127) -> #N/A | AW110: =RANK(AV110, AV$91:AV$127) -> #N/A
M111: =RANK(K111, K$91:$K$127) -> #N/A | S111: =RANK(R111, R$91:R$127) -> #N/A | X111: =RANK(W111, W$91:W$127) -> #N/A | AC111: =RANK(AB111, AB$91:AB$127) -> #N/A | AH111: =RANK(AG111, AG$91:AG$127) -> #N/A | AM111: =RANK(AL111, AL$91:AL$127) -> #N/A | AR111: =RANK(AQ111, AQ$91:AQ$127) -> #N/A | AW111: =RANK(AV111, AV$91:AV$127) -> #N/A
M112: =RANK(K112, K$91:$K$127) -> #N/A | S112: =RANK(R112, R$91:R$127) -> #N/A | X112: =RANK(W112, W$91:W$127) -> #N/A | AC112: =RANK(AB112, AB$91:AB$127) -> #N/A | AH112: =RANK(AG112, AG$91:AG$127) -> #N/A | AM112: =RANK(AL112, AL$91:AL$127) -> #N/A | AR112: =RANK(AQ112, AQ$91:AQ$127) -> #N/A | AW112: =RANK(AV112, AV$91:AV$127) -> #N/A
M113: =RANK(K113, K$91:$K$127) -> #N/A | S113: =RANK(R113, R$91:R$127) -> #N/A | X113: =RANK(W113, W$91:W$127) -> #N/A | AC113: =RANK(AB113, AB$91:AB$127) -> #N/A | AH113: =RANK(AG113, AG$91:AG$127) -> #N/A | AM113: =RANK(AL113, AL$91:AL$127) -> #N/A | AR113: =RANK(AQ113, AQ$91:AQ$127) -> #N/A | AW113: =RANK(AV113, AV$91:AV$127) -> #N/A
M114: =RANK(K114, K$91:$K$127) -> #N/A | S114: =RANK(R114, R$91:R$127) -> #N/A | X114: =RANK(W114, W$91:W$127) -> #N/A | AC114: =RANK(AB114, AB$91:AB$127) -> #N/A | AH114: =RANK(AG114, AG$91:AG$127) -> #N/A | AM114: =RANK(AL114, AL$91:AL$127) -> #N/A | AR114: =RANK(AQ114, AQ$91:AQ$127) -> #N/A | AW114: =RANK(AV114, AV$91:AV$127) -> #N/A
M115: =RANK(K115, K$91:$K$127) -> #N/A | S115: =RANK(R115, R$91:R$127) -> #N/A | X115: =RANK(W115, W$91:W$127) -> #N/A | AC115: =RANK(AB115, AB$91:AB$127) -> #N/A | AH115: =RANK(AG115, AG$91:AG$127) -> #N/A | AM115: =RANK(AL115, AL$91:AL$127) -> #N/A | AR115: =RANK(AQ115, AQ$91:AQ$127) -> #N/A | AW115: =RANK(AV115, AV$91:AV$127) -> #N/A
M116: =RANK(K116, K$91:$K$127) -> #N/A | S116: =RANK(R116, R$91:R$127) -> #N/A | X116: =RANK(W116, W$91:W$127) -> #N/A | AC116: =RANK(AB116, AB$91:AB$127) -> #N/A | AH116: =RANK(AG116, AG$91:AG$127) -> #N/A | AM116: =RANK(AL116, AL$91:AL$127) -> #N/A | AR116: =RANK(AQ116, AQ$91:AQ$127) -> #N/A | AW116: =RANK(AV116, AV$91:AV$127) -> #N/A
M117: =RANK(K117, K$91:$K$127) -> #N/A | S117: =RANK(R117, R$91:R$127) -> #N/A | X117: =RANK(W117, W$91:W$127) -> #N/A | AC117: =RANK(AB117, AB$91:AB$127) -> #N/A | AH117: =RANK(AG117, AG$91:AG$127) -> #N/A | AM117: =RANK(AL117, AL$91:AL$127) -> #N/A | AR117: =RANK(AQ117, AQ$91:AQ$127) -> #N/A | AW117: =RANK(AV117, AV$91:AV$127) -> #N/A
... M126: =RANK(K126, K$91:$K$127) -> #N/A | S126: =RANK(R126, R$91:R$127) -> #N/A | X126: =RANK(W126, W$91:W$127) -> #N/A | AC126: =RANK(AB126, AB$91:AB$127) -> #N/A | AH126: =RANK(AG126, AG$91:AG$127) -> #N/A | AM126: =RANK(AL126, AL$91:AL$127) -> #N/A | AR126: =RANK(AQ126, AQ$91:AQ$127) -> #N/A | AW126: =RANK(AV126, AV$91:AV$127) -> #N/A

Sheet （５-3）品群別人時生產性(4℃-飯糰)
B1: 7月平均人時性 | C1: =AVERAGE(L7,L27,L47) -> 116.24957
B2: 產線配置圖－每週更新(0630-0706) | N2: 資料繳交 | O2: 日期 | P2: 46203 | U2: 46204 | Z2: 46205 | AE2: 46206 | AJ2: 46207 | AO2: 46208 | AT2: 46209
P3: 46196 | U3: 46197 | Z3: 46198 | AE3: 46199 | AJ3: 46200 | AO3: 46201 | AT3: 46202
B4: 品群 | C4: 商品名稱 | E4: 計畫 | H4: 平均人時性 | I4: 實績 (週平均) | L4: 平均人時性 | M4: 排名 | O4: 日報 | P4: 實際 | T4: 平均人時性 | U4: 實際 | Y4: 平均人時性 | Z4: 實際 | AD4: 平均人時性 | AE4: 實際 | AI4: 平均人時性 | AJ4: 實際 | AN4: 平均人時性 | AO4: 實際 | AS4: 平均人時性 | AT4: 實際 | AX4: 平均人時性
E5: 產線配置圖 | I5: 產線配置圖 | P5: 生產實績 | U5: 生產實績 | Z5: 生產實績 | AE5: 生產實績 | AJ5: 生產實績 | AO5: 生產實績 | AT5: 生產實績
E6: 人數 | F6: 產能／時 | G6: 人時性 | I6: 人數 | J6: 產能／時 | K6: 人時性 | P6: 人數 | Q6: 產能／時 | R6: 人時性 | S6: 排名 | U6: 人數 | V6: 產能／時 | W6: 人時性 | X6: 排名 | Z6: 人數 | AA6: 產能／時 | AB6: 人時性 | AC6: 排名 | AE6: 人數 | AF6: 產能／時 | AG6: 人時性 | AH6: 排名 | AJ6: 人數 | AK6: 產能／時 | AL6: 人時性 | AM6: 排名 | AO6: 人數 | AP6: 產能／時 | AQ6: 人時性 | AR6: 排名 | AT6: 人數 | AU6: 產能／時 | AV6: 人時性 | AW6: 排名
B7: 4℃-飯糰 | C7: 1 | D7: 麻油雞飯糰 | E7: 21 | F7: 2790 | G7: =IFERROR(F7/E7,"") -> 132.85714 | H7: =AVERAGE(G7:G21) -> 132.85714 | I7: =AVERAGE(P7,U7,Z7,AE7,AJ7,AO7,AT7) -> 22 | J7: =AVERAGE(Q7,V7,AA7,AF7,AK7,AP7,AU7) -> 2626.6346 | K7: =AVERAGE(R7,W7,AB7,AG7,AL7,AQ7,AV7) -> 119.39248 | L7: =IFERROR(AVERAGE(K7:K21),"-") -> 119.39248 | M7: =RANK(K7, K$7:$K$21) -> 1 | P7: 22 | Q7: 2626.6346 | R7: =IFERROR(Q7/P7,"") -> 119.39248 | S7: =RANK(R7, R$7:R$21) -> 1 | T7: =AVERAGE(R7:R21) -> 119.39248 | U7: 22 | V7: 2626.6346 | W7: =IFERROR(V7/U7,"") -> 119.39248 | X7: =RANK(W7, W$7:W$21) -> 1 | Y7: =AVERAGE(W7:W21) -> 119.39248 | Z7: 22 | AA7: 2626.6346 | AB7: =IFERROR(AA7/Z7,"") -> 119.39248 | AC7: =RANK(AB7, AB$7:AB$21) -> 1 | AD7: =AVERAGE(AB7:AB21) -> 119.39248 | AE7: 22 | AF7: 2626.6346 | AG7: =IFERROR(AF7/AE7,"") -> 119.39248 | AH7: =RANK(AG7, AG$7:AG$21) -> 1 | AI7: =AVERAGE(AG7:AG21) -> 119.39248 | AJ7: 22 | AK7: 2626.6346 | AL7: =IFERROR(AK7/AJ7,"") -> 119.39248 | AM7: =RANK(AL7, AL$7:AL$21) -> 1 | AN7: =AVERAGE(AL7:AL21) -> 119.39248 | AO7: 22 | AP7: 2626.6346 | AQ7: =IFERROR(AP7/AO7,"") -> 119.39248 | AR7: =RANK(AQ7, AQ$7:AQ$21) -> 1 | AS7: =AVERAGE(AQ7:AQ21) -> 119.39248 | AT7: 22 | AU7: 2626.6346 | AV7: =IFERROR(AU7/AT7,"") -> 119.39248 | AW7: =RANK(AV7, AV$7:AV$21) -> 1 | AX7: =AVERAGE(AV7:AV21) -> 119.39248
C8: 2
C9: 3
C10: 4
C11: 5
C12: 6
C13: 7
C14: 8
C15: 9
C16: 10
C17: 11
C18: 12
C19: 13
... C21: 15
B22: 產線配置圖－每週更新(0707-0713) | N22: 資料繳交 | O22: 日期 | P22: 46210 | U22: 46211 | Z22: 46212 | AE22: 46213 | AJ22: 46214 | AO22: 46215 | AT22: 46216
P23: 46196 | U23: 46197 | Z23: 46198 | AE23: 46199 | AJ23: 46200 | AO23: 46201 | AT23: 46202
B24: 品群 | C24: 商品名稱 | E24: 計畫 | H24: 平均人時性 | I24: 實績 (週平均) | L24: 平均人時性 | M24: 排名 | O24: 日報 | P24: 實際 | T24: 平均人時性 | U24: 實際 | Y24: 平均人時性 | Z24: 實際 | AD24: 平均人時性 | AE24: 實際 | AI24: 平均人時性 | AJ24: 實際 | AN24: 平均人時性 | AO24: 實際 | AS24: 平均人時性 | AT24: 實際 | AX24: 平均人時性
E25: 產線配置圖 | I25: 產線配置圖 | P25: 生產實績 | U25: 生產實績 | Z25: 生產實績 | AE25: 生產實績 | AJ25: 生產實績 | AO25: 生產實績 | AT25: 生產實績
E26: 人數 | F26: 產能／時 | G26: 人時性 | I26: 人數 | J26: 產能／時 | K26: 人時性 | P26: 人數 | Q26: 產能／時 | R26: 人時性 | S26: 排名 | U26: 人數 | V26: 產能／時 | W26: 人時性 | X26: 排名 | Z26: 人數 | AA26: 產能／時 | AB26: 人時性 | AC26: 排名 | AE26: 人數 | AF26: 產能／時 | AG26: 人時性 | AH26: 排名 | AJ26: 人數 | AK26: 產能／時 | AL26: 人時性 | AM26: 排名 | AO26: 人數 | AP26: 產能／時 | AQ26: 人時性 | AR26: 排名 | AT26: 人數 | AU26: 產能／時 | AV26: 人時性 | AW26: 排名
B27: 4℃-飯糰 | C27: 1 | D27: 麻油雞飯糰 | E27: 21 | F27: 2790 | G27: =IFERROR(F27/E27,"") -> 132.85714 | H27: =AVERAGE(G27:G41) -> 132.85714 | I27: =AVERAGE(P27,U27,Z27,AE27,AJ27,AO27,AT27) -> 23 | J27: =AVERAGE(Q27,V27,AA27,AF27,AK27,AP27,AU27) -> 2786.9038 | K27: =AVERAGE(R27,W27,AB27,AG27,AL27,AQ27,AV27) -> 121.16973 | L27: =IFERROR(AVERAGE(K27:K41),"-") -> 113.38841 | M27: =RANK(K27, K$27:$K$41) -> 1 | P27: 23 | Q27: 2786.9038 | R27: =IFERROR(Q27/P27,"") -> 121.16973 | S27: =RANK(R27, R$27:R$41) -> 1 | T27: =AVERAGE(R27:R41) -> 109.05801 | U27: 23 | V27: 2786.9038 | W27: =IFERROR(V27/U27,"") -> 121.16973 | X27: =RANK(W27, W$27:W$41) -> 1 | Y27: =AVERAGE(W27:W41) -> 110.02338 | Z27: 23 | AA27: 2786.9038 | AB27: =IFERROR(AA27/Z27,"") -> 121.16973 | AC27: =RANK(AB27, AB$27:AB$41) -> 1 | AD27: =AVERAGE(AB27:AB41) -> 111.01041 | AE27: 23 | AF27: 2786.9038 | AG27: =IFERROR(AF27/AE27,"") -> 121.16973 | AH27: =RANK(AG27, AG$27:AG$41) -> 1 | AI27: =AVERAGE(AG27:AG41) -> 113.93995 | AJ27: 23 | AK27: 2786.9038 | AL27: =IFERROR(AK27/AJ27,"") -> 121.16973 | AM27: =RANK(AL27, AL$27:AL$41) -> 1 | AN27: =AVERAGE(AL27:AL41) -> 116.39867 | AO27: 23 | AP27: 2786.9038 | AQ27: =IFERROR(AP27/AO27,"") -> 121.16973 | AR27: =RANK(AQ27, AQ$27:AQ$41) -> 1 | AS27: =AVERAGE(AQ27:AQ41) -> 116.24905 | AT27: 23 | AU27: 2786.9038 | AV27: =IFERROR(AU27/AT27,"") -> 121.16973 | AW27: =RANK(AV27, AV$27:AV$41) -> 1 | AX27: =AVERAGE(AV27:AV41) -> 117.03941
C28: 2 | D28: 金門高粱香腸飯糰 | E28: 21 | F28: 2790 | G28: =IFERROR(F28/E28,"") -> 132.85714 | I28: =AVERAGE(P28,U28,Z28,AE28,AJ28,AO28,AT28) -> 23.571429 | J28: =AVERAGE(Q28,V28,AA28,AF28,AK28,AP28,AU28) -> 2484.3518 | K28: =AVERAGE(R28,W28,AB28,AG28,AL28,AQ28,AV28) -> 105.60709 | M28: =RANK(K28, K$27:$K$41) -> 2 | P28: 25 | Q28: 2423.6574 | R28: =IFERROR(Q28/P28,"") -> 96.946294 | S28: =RANK(R28, R$27:R$41) -> 2 | U28: 24 | V28: 2373.0486 | W28: =IFERROR(V28/U28,"") -> 98.877026 | X28: =RANK(W28, W$27:W$41) -> 2 | Z28: 24 | AA28: 2420.426 | AB28: =IFERROR(AA28/Z28,"") -> 100.85108 | AC28: =RANK(AB28, AB$27:AB$41) -> 2 | AE28: 24 | AF28: 2561.0441 | AG28: =IFERROR(AF28/AE28,"") -> 106.71017 | AH28: =RANK(AG28, AG$27:AG$41) -> 2 | AJ28: 24 | AK28: 2679.0625 | AL28: =IFERROR(AK28/AJ28,"") -> 111.62761 | AM28: =RANK(AL28, AL$27:AL$41) -> 2 | AO28: 22 | AP28: 2449.224 | AQ28: =IFERROR(AP28/AO28,"") -> 111.32836 | AR28: =RANK(AQ28, AQ$27:AQ$41) -> 2 | AT28: 22 | AU28: 2484 | AV28: =IFERROR(AU28/AT28,"") -> 112.90909 | AW28: =RANK(AV28, AV$27:AV$41) -> 2
C29: 3
C30: 4
C31: 5
C32: 6
C33: 7
C34: 8
C35: 9
C36: 10
C37: 11
C38: 12
C39: 13
C40: 14
C41: 15
B42: 產線配置圖－每週更新(0714-0720) | N42: 資料繳交 | O42: 日期 | P42: 46217 | U42: 46218 | Z42: 46219 | AE42: 46220 | AJ42: 46221 | AO42: 46222 | AT42: 46223
P43: 46196 | U43: 46197 | Z43: 46198 | AE43: 46199 | AJ43: 46200 | AO43: 46201 | AT43: 46202
B44: 品群 | C44: 商品名稱 | E44: 計畫 | H44: 平均人時性 | I44: 實績 (週平均) | L44: 平均人時性 | M44: 排名 | O44: 日報 | P44: 實際 | T44: 平均人時性 | U44: 實際 | Y44: 平均人時性 | Z44: 實際 | AD44: 平均人時性 | AE44: 實際 | AI44: 平均人時性 | AJ44: 實際 | AN44: 平均人時性 | AO44: 實際 | AS44: 平均人時性 | AT44: 實際 | AX44: 平均人時性
E45: 產線配置圖 | I45: 產線配置圖 | P45: 生產實績 | U45: 生產實績 | Z45: 生產實績 | AE45: 生產實績 | AJ45: 生產實績 | AO45: 生產實績 | AT45: 生產實績
E46: 人數 | F46: 產能／時 | G46: 人時性 | I46: 人數 | J46: 產能／時 | K46: 人時性 | P46: 人數 | Q46: 產能／時 | R46: 人時性 | S46: 排名 | U46: 人數 | V46: 產能／時 | W46: 人時性 | X46: 排名 | Z46: 人數 | AA46: 產能／時 | AB46: 人時性 | AC46: 排名 | AE46: 人數 | AF46: 產能／時 | AG46: 人時性 | AH46: 排名 | AJ46: 人數 | AK46: 產能／時 | AL46: 人時性 | AM46: 排名 | AO46: 人數 | AP46: 產能／時 | AQ46: 人時性 | AR46: 排名 | AT46: 人數 | AU46: 產能／時 | AV46: 人時性 | AW46: 排名
B47: 4℃-飯糰 | C47: 1 | D47: 麻油雞飯糰 | E47: 21 | F47: 2790 | G47: =IFERROR(F47/E47,"") -> 132.85714 | H47: =AVERAGE(G47:G61) -> 132.85714 | I47: =AVERAGE(P47,U47,Z47,AE47,AJ47,AO47,AT47) -> 21.571429 | J47: =AVERAGE(Q47,V47,AA47,AF47,AK47,AP47,AU47) -> 2568.1236 | K47: =AVERAGE(R47,W47,AB47,AG47,AL47,AQ47,AV47) -> 119.01865 | L47: =IFERROR(AVERAGE(K47:K61),"-") -> 115.9678 | M47: =RANK(K47, K$47:$K$61) -> 1 | P47: 23 | Q47: 2786.9038 | R47: =IFERROR(Q47/P47,"") -> 121.16973 | S47: =RANK(R47, R$47:R$61) -> 1 | T47: =AVERAGE(R47:R61) -> 117.04335 | U47: 21 | V47: 2484.1731 | W47: =IFERROR(V47/U47,"") -> 118.29396 | X47: =RANK(W47, W$47:W$61) -> 1 | Y47: =AVERAGE(W47:W61) -> 115.60546 | Z47: 21 | AA47: 2484.1731 | AB47: =IFERROR(AA47/Z47,"") -> 118.29396 | AC47: =RANK(AB47, AB$47:AB$61) -> 1 | AD47: =AVERAGE(AB47:AB61) -> 115.60546 | AE47: 21 | AF47: 2484.1731 | AG47: =IFERROR(AF47/AE47,"") -> 118.29396 | AH47: =RANK(AG47, AG$47:AG$61) -> 1 | AI47: =AVERAGE(AG47:AG61) -> 115.60546 | AJ47: 21 | AK47: 2484.1731 | AL47: =IFERROR(AK47/AJ47,"") -> 118.29396 | AM47: =RANK(AL47, AL$47:AL$61) -> 1 | AN47: =AVERAGE(AL47:AL61) -> 115.60546 | AO47: 22 | AP47: 2626.6346 | AQ47: =IFERROR(AP47/AO47,"") -> 119.39248 | AR47: =RANK(AQ47, AQ$47:AQ$61) -> 1 | AS47: =AVERAGE(AQ47:AQ61) -> 116.15472 | AT47: 22 | AU47: 2626.6346 | AV47: =IFERROR(AU47/AT47,"") -> 119.39248 | AW47: =RANK(AV47, AV$47:AV$61) -> 1 | AX47: =AVERAGE(AV47:AV61) -> 116.15472
C48: 2 | D48: 金門高粱香腸飯糰 | E48: 21 | F48: 2790 | G48: =IFERROR(F48/E48,"") -> 132.85714 | I48: =AVERAGE(P48,U48,Z48,AE48,AJ48,AO48,AT48) -> 22 | J48: =AVERAGE(Q48,V48,AA48,AF48,AK48,AP48,AU48) -> 2484.1731 | K48: =AVERAGE(R48,W48,AB48,AG48,AL48,AQ48,AV48) -> 112.91696 | M48: =RANK(K48, K$47:$K$61) -> 2 | P48: 22 | Q48: 2484.1731 | R48: =IFERROR(Q48/P48,"") -> 112.91696 | S48: =RANK(R48, R$47:R$61) -> 2 | U48: 22 | V48: 2484.1731 | W48: =IFERROR(V48/U48,"") -> 112.91696 | X48: =RANK(W48, W$47:W$61) -> 2 | Z48: 22 | AA48: 2484.1731 | AB48: =IFERROR(AA48/Z48,"") -> 112.91696 | AC48: =RANK(AB48, AB$47:AB$61) -> 2 | AE48: 22 | AF48: 2484.1731 | AG48: =IFERROR(AF48/AE48,"") -> 112.91696 | AH48: =RANK(AG48, AG$47:AG$61) -> 2 | AJ48: 22 | AK48: 2484.1731 | AL48: =IFERROR(AK48/AJ48,"") -> 112.91696 | AM48: =RANK(AL48, AL$47:AL$61) -> 2 | AO48: 22 | AP48: 2484.1731 | AQ48: =IFERROR(AP48/AO48,"") -> 112.91696 | AR48: =RANK(AQ48, AQ$47:AQ$61) -> 2 | AT48: 22 | AU48: 2484.1731 | AV48: =IFERROR(AU48/AT48,"") -> 112.91696 | AW48: =RANK(AV48, AV$47:AV$61) -> 2
C49: 3
C50: 4
C51: 5
C52: 6
C53: 7
C54: 8
C55: 9
C56: 10
C57: 11
C58: 12
C59: 13
C60: 14
C61: 15
B86: 產線配置圖－每週更新(0714-0720) | N86: 資料繳交 | O86: 日期 | P86: 46217 | U86: 46218 | Z86: 46219 | AE86: 46220 | AJ86: 46221 | AO86: 46222 | AT86: 46223
P87: 46196 | U87: 46197 | Z87: 46198 | AE87: 46199 | AJ87: 46200 | AO87: 46201 | AT87: 46202
B88: 品群 | C88: 商品名稱 | E88: 計畫 | H88: 平均人時性 | I88: 實績 (週平均) | L88: 平均人時性 | M88: 排名 | O88: 日報 | P88: 實際 | T88: 平均人時性 | U88: 實際 | Y88: 平均人時性 | Z88: 實際 | AD88: 平均人時性 | AE88: 實際 | AI88: 平均人時性 | AJ88: 實際 | AN88: 平均人時性 | AO88: 實際 | AS88: 平均人時性 | AT88: 實際 | AX88: 平均人時性
E89: 產線配置圖 | I89: 產線配置圖 | P89: 生產實績 | U89: 生產實績 | Z89: 生產實績 | AE89: 生產實績 | AJ89: 生產實績 | AO89: 生產實績 | AT89: 生產實績
E90: 人數 | F90: 產能／時 | G90: 人時性 | I90: 人數 | J90: 產能／時 | K90: 人時性 | P90: 人數 | Q90: 產能／時 | R90: 人時性 | S90: 排名 | U90: 人數 | V90: 產能／時 | W90: 人時性 | X90: 排名 | Z90: 人數 | AA90: 產能／時 | AB90: 人時性 | AC90: 排名 | AE90: 人數 | AF90: 產能／時 | AG90: 人時性 | AH90: 排名 | AJ90: 人數 | AK90: 產能／時 | AL90: 人時性 | AM90: 排名 | AO90: 人數 | AP90: 產能／時 | AQ90: 人時性 | AR90: 排名 | AT90: 人數 | AU90: 產能／時 | AV90: 人時性 | AW90: 排名
B91: 4℃-飯糰 | C91: 1 | D91: 麻油雞飯糰 | E91: 21 | F91: 2790 | G91: =IFERROR(F91/E91,"") -> 132.85714 | H91: =AVERAGE(G91:G105) -> 132.85714 | I91: =AVERAGE(P91,U91,Z91,AE91,AJ91,AO91,AT91) -> 21.571429 | J91: =AVERAGE(Q91,V91,AA91,AF91,AK91,AP91,AU91) -> 2568.1236 | K91: =AVERAGE(R91,W91,AB91,AG91,AL91,AQ91,AV91) -> 119.01865 | L91: =IFERROR(AVERAGE(K91:K105),"-") -> 115.9678 | M91: =RANK(K91, K$91:$K$127) -> 1 | P91: 23 | Q91: 2786.9038 | R91: =IFERROR(Q91/P91,"") -> 121.16973 | S91: =RANK(R91, R$91:R$127) -> 1 | T91: =AVERAGE(R91:R105) -> 117.04335 | U91: 21 | V91: 2484.1731 | W91: =IFERROR(V91/U91,"") -> 118.29396 | X91: =RANK(W91, W$91:W$127) -> 1 | Y91: =AVERAGE(W91:W105) -> 115.60546 | Z91: 21 | AA91: 2484.1731 | AB91: =IFERROR(AA91/Z91,"") -> 118.29396 | AC91: =RANK(AB91, AB$91:AB$127) -> 1 | AD91: =AVERAGE(AB91:AB105) -> 115.60546 | AE91: 21 | AF91: 2484.1731 | AG91: =IFERROR(AF91/AE91,"") -> 118.29396 | AH91: =RANK(AG91, AG$91:AG$127) -> 1 | AI91: =AVERAGE(AG91:AG105) -> 115.60546 | AJ91: 21 | AK91: 2484.1731 | AL91: =IFERROR(AK91/AJ91,"") -> 118.29396 | AM91: =RANK(AL91, AL$91:AL$127) -> 1 | AN91: =AVERAGE(AL91:AL105) -> 115.60546 | AO91: 22 | AP91: 2626.6346 | AQ91: =IFERROR(AP91/AO91,"") -> 119.39248 | AR91: =RANK(AQ91, AQ$91:AQ$127) -> 1 | AS91: =AVERAGE(AQ91:AQ105) -> 116.15472 | AT91: 22 | AU91: 2626.6346 | AV91: =IFERROR(AU91/AT91,"") -> 119.39248 | AW91: =RANK(AV91, AV$91:AV$127) -> 1 | AX91: =AVERAGE(AV91:AV105) -> 116.15472
C92: 2 | D92: 金門高粱香腸飯糰 | E92: 21 | F92: 2790 | G92: =IFERROR(F92/E92,"") -> 132.85714 | I92: =AVERAGE(P92,U92,Z92,AE92,AJ92,AO92,AT92) -> 22 | J92: =AVERAGE(Q92,V92,AA92,AF92,AK92,AP92,AU92) -> 2484.1731 | K92: =AVERAGE(R92,W92,AB92,AG92,AL92,AQ92,AV92) -> 112.91696 | M92: =RANK(K92, K$91:$K$127) -> 2 | P92: 22 | Q92: 2484.1731 | R92: =IFERROR(Q92/P92,"") -> 112.91696 | S92: =RANK(R92, R$91:R$127) -> 2 | U92: 22 | V92: 2484.1731 | W92: =IFERROR(V92/U92,"") -> 112.91696 | X92: =RANK(W92, W$91:W$127) -> 2 | Z92: 22 | AA92: 2484.1731 | AB92: =IFERROR(AA92/Z92,"") -> 112.91696 | AC92: =RANK(AB92, AB$91:AB$127) -> 2 | AE92: 22 | AF92: 2484.1731 | AG92: =IFERROR(AF92/AE92,"") -> 112.91696 | AH92: =RANK(AG92, AG$91:AG$127) -> 2 | AJ92: 22 | AK92: 2484.1731 | AL92: =IFERROR(AK92/AJ92,"") -> 112.91696 | AM92: =RANK(AL92, AL$91:AL$127) -> 2 | AO92: 22 | AP92: 2484.1731 | AQ92: =IFERROR(AP92/AO92,"") -> 112.91696 | AR92: =RANK(AQ92, AQ$91:AQ$127) -> 2 | AT92: 22 | AU92: 2484.1731 | AV92: =IFERROR(AU92/AT92,"") -> 112.91696 | AW92: =RANK(AV92, AV$91:AV$127) -> 2
C93: 3 | M93: =RANK(K93, K$91:$K$127) -> #N/A | S93: =RANK(R93, R$91:R$127) -> #N/A | X93: =RANK(W93, W$91:W$127) -> #N/A | AC93: =RANK(AB93, AB$91:AB$127) -> #N/A | AH93: =RANK(AG93, AG$91:AG$127) -> #N/A | AM93: =RANK(AL93, AL$91:AL$127) -> #N/A | AR93: =RANK(AQ93, AQ$91:AQ$127) -> #N/A | AW93: =RANK(AV93, AV$91:AV$127) -> #N/A
C94: 4 | M94: =RANK(K94, K$91:$K$127) -> #N/A | S94: =RANK(R94, R$91:R$127) -> #N/A | X94: =RANK(W94, W$91:W$127) -> #N/A | AC94: =RANK(AB94, AB$91:AB$127) -> #N/A | AH94: =RANK(AG94, AG$91:AG$127) -> #N/A | AM94: =RANK(AL94, AL$91:AL$127) -> #N/A | AR94: =RANK(AQ94, AQ$91:AQ$127) -> #N/A | AW94: =RANK(AV94, AV$91:AV$127) -> #N/A
C95: 5 | M95: =RANK(K95, K$91:$K$127) -> #N/A | S95: =RANK(R95, R$91:R$127) -> #N/A | X95: =RANK(W95, W$91:W$127) -> #N/A | AC95: =RANK(AB95, AB$91:AB$127) -> #N/A | AH95: =RANK(AG95, AG$91:AG$127) -> #N/A | AM95: =RANK(AL95, AL$91:AL$127) -> #N/A | AR95: =RANK(AQ95, AQ$91:AQ$127) -> #N/A | AW95: =RANK(AV95, AV$91:AV$127) -> #N/A
C96: 6 | M96: =RANK(K96, K$91:$K$127) -> #N/A | S96: =RANK(R96, R$91:R$127) -> #N/A | X96: =RANK(W96, W$91:W$127) -> #N/A | AC96: =RANK(AB96, AB$91:AB$127) -> #N/A | AH96: =RANK(AG96, AG$91:AG$127) -> #N/A | AM96: =RANK(AL96, AL$91:AL$127) -> #N/A | AR96: =RANK(AQ96, AQ$91:AQ$127) -> #N/A | AW96: =RANK(AV96, AV$91:AV$127) -> #N/A
C97: 7 | M97: =RANK(K97, K$91:$K$127) -> #N/A | S97: =RANK(R97, R$91:R$127) -> #N/A | X97: =RANK(W97, W$91:W$127) -> #N/A | AC97: =RANK(AB97, AB$91:AB$127) -> #N/A | AH97: =RANK(AG97, AG$91:AG$127) -> #N/A | AM97: =RANK(AL97, AL$91:AL$127) -> #N/A | AR97: =RANK(AQ97, AQ$91:AQ$127) -> #N/A | AW97: =RANK(AV97, AV$91:AV$127) -> #N/A
C98: 8 | M98: =RANK(K98, K$91:$K$127) -> #N/A | S98: =RANK(R98, R$91:R$127) -> #N/A | X98: =RANK(W98, W$91:W$127) -> #N/A | AC98: =RANK(AB98, AB$91:AB$127) -> #N/A | AH98: =RANK(AG98, AG$91:AG$127) -> #N/A | AM98: =RANK(AL98, AL$91:AL$127) -> #N/A | AR98: =RANK(AQ98, AQ$91:AQ$127) -> #N/A | AW98: =RANK(AV98, AV$91:AV$127) -> #N/A
C99: 9 | M99: =RANK(K99, K$91:$K$127) -> #N/A | S99: =RANK(R99, R$91:R$127) -> #N/A | X99: =RANK(W99, W$91:W$127) -> #N/A | AC99: =RANK(AB99, AB$91:AB$127) -> #N/A | AH99: =RANK(AG99, AG$91:AG$127) -> #N/A | AM99: =RANK(AL99, AL$91:AL$127) -> #N/A | AR99: =RANK(AQ99, AQ$91:AQ$127) -> #N/A | AW99: =RANK(AV99, AV$91:AV$127) -> #N/A
C100: 10 | M100: =RANK(K100, K$91:$K$127) -> #N/A | S100: =RANK(R100, R$91:R$127) -> #N/A | X100: =RANK(W100, W$91:W$127) -> #N/A | AC100: =RANK(AB100, AB$91:AB$127) -> #N/A | AH100: =RANK(AG100, AG$91:AG$127) -> #N/A | AM100: =RANK(AL100, AL$91:AL$127) -> #N/A | AR100: =RANK(AQ100, AQ$91:AQ$127) -> #N/A | AW100: =RANK(AV100, AV$91:AV$127) -> #N/A
C101: 11 | M101: =RANK(K101, K$91:$K$127) -> #N/A | S101: =RANK(R101, R$91:R$127) -> #N/A | X101: =RANK(W101, W$91:W$127) -> #N/A | AC101: =RANK(AB101, AB$91:AB$127) -> #N/A | AH101: =RANK(AG101, AG$91:AG$127) -> #N/A | AM101: =RANK(AL101, AL$91:AL$127) -> #N/A | AR101: =RANK(AQ101, AQ$91:AQ$127) -> #N/A | AW101: =RANK(AV101, AV$91:AV$127) -> #N/A
C102: 12 | M102: =RANK(K102, K$91:$K$127) -> #N/A | S102: =RANK(R102, R$91:R$127) -> #N/A | X102: =RANK(W102, W$91:W$127) -> #N/A | AC102: =RANK(AB102, AB$91:AB$127) -> #N/A | AH102: =RANK(AG102, AG$91:AG$127) -> #N/A | AM102: =RANK(AL102, AL$91:AL$127) -> #N/A | AR102: =RANK(AQ102, AQ$91:AQ$127) -> #N/A | AW102: =RANK(AV102, AV$91:AV$127) -> #N/A
C103: 13 | M103: =RANK(K103, K$91:$K$127) -> #N/A | S103: =RANK(R103, R$91:R$127) -> #N/A
C104: 14 | M104: =RANK(K104, K$91:$K$127) -> #N/A | S104: =RANK(R104, R$91:R$127) -> #N/A | X104: =RANK(W104, W$91:W$127) -> #N/A | AC104: =RANK(AB104, AB$91:AB$127) -> #N/A | AH104: =RANK(AG104, AG$91:AG$127) -> #N/A | AM104: =RANK(AL104, AL$91:AL$127) -> #N/A | AR104: =RANK(AQ104, AQ$91:AQ$127) -> #N/A | AW104: =RANK(AV104, AV$91:AV$127) -> #N/A
C105: 15 | M105: =RANK(K105, K$91:$K$127) -> #N/A | S105: =RANK(R105, R$91:R$127) -> #N/A | X105: =RANK(W105, W$91:W$127) -> #N/A | AC105: =RANK(AB105, AB$91:AB$127) -> #N/A | AH105: =RANK(AG105, AG$91:AG$127) -> #N/A | AM105: =RANK(AL105, AL$91:AL$127) -> #N/A | AR105: =RANK(AQ105, AQ$91:AQ$127) -> #N/A | AW105: =RANK(AV105, AV$91:AV$127) -> #N/A
M106: =RANK(K106, K$91:$K$127) -> #N/A | S106: =RANK(R106, R$91:R$127) -> #N/A | X106: =RANK(W106, W$91:W$127) -> #N/A | AC106: =RANK(AB106, AB$91:AB$127) -> #N/A | AH106: =RANK(AG106, AG$91:AG$127) -> #N/A | AM106: =RANK(AL106, AL$91:AL$127) -> #N/A | AR106: =RANK(AQ106, AQ$91:AQ$127) -> #N/A | AW106: =RANK(AV106, AV$91:AV$127) -> #N/A
M107: =RANK(K107, K$91:$K$127) -> #N/A | S107: =RANK(R107, R$91:R$127) -> #N/A | X107: =RANK(W107, W$91:W$127) -> #N/A | AC107: =RANK(AB107, AB$91:AB$127) -> #N/A | AH107: =RANK(AG107, AG$91:AG$127) -> #N/A | AM107: =RANK(AL107, AL$91:AL$127) -> #N/A | AR107: =RANK(AQ107, AQ$91:AQ$127) -> #N/A | AW107: =RANK(AV107, AV$91:AV$127) -> #N/A
M108: =RANK(K108, K$91:$K$127) -> #N/A | S108: =RANK(R108, R$91:R$127) -> #N/A | X108: =RANK(W108, W$91:W$127) -> #N/A | AC108: =RANK(AB108, AB$91:AB$127) -> #N/A | AH108: =RANK(AG108, AG$91:AG$127) -> #N/A | AM108: =RANK(AL108, AL$91:AL$127) -> #N/A | AR108: =RANK(AQ108, AQ$91:AQ$127) -> #N/A | AW108: =RANK(AV108, AV$91:AV$127) -> #N/A
M109: =RANK(K109, K$91:$K$127) -> #N/A | S109: =RANK(R109, R$91:R$127) -> #N/A | X109: =RANK(W109, W$91:W$127) -> #N/A | AC109: =RANK(AB109, AB$91:AB$127) -> #N/A | AH109: =RANK(AG109, AG$91:AG$127) -> #N/A | AM109: =RANK(AL109, AL$91:AL$127) -> #N/A | AR109: =RANK(AQ109, AQ$91:AQ$127) -> #N/A | AW109: =RANK(AV109, AV$91:AV$127) -> #N/A
M110: =RANK(K110, K$91:$K$127) -> #N/A | S110: =RANK(R110, R$91:R$127) -> #N/A | X110: =RANK(W110, W$91:W$127) -> #N/A | AC110: =RANK(AB110, AB$91:AB$127) -> #N/A | AH110: =RANK(AG110, AG$91:AG$127) -> #N/A | AM110: =RANK(AL110, AL$91:AL$127) -> #N/A | AR110: =RANK(AQ110, AQ$91:AQ$127) -> #N/A | AW110: =RANK(AV110, AV$91:AV$127) -> #N/A
M111: =RANK(K111, K$91:$K$127) -> #N/A | S111: =RANK(R111, R$91:R$127) -> #N/A | X111: =RANK(W111, W$91:W$127) -> #N/A | AC111: =RANK(AB111, AB$91:AB$127) -> #N/A | AH111: =RANK(AG111, AG$91:AG$127) -> #N/A | AM111: =RANK(AL111, AL$91:AL$127) -> #N/A | AR111: =RANK(AQ111, AQ$91:AQ$127) -> #N/A | AW111: =RANK(AV111, AV$91:AV$127) -> #N/A
M112: =RANK(K112, K$91:$K$127) -> #N/A | S112: =RANK(R112, R$91:R$127) -> #N/A | X112: =RANK(W112, W$91:W$127) -> #N/A | AC112: =RANK(AB112, AB$91:AB$127) -> #N/A | AH112: =RANK(AG112, AG$91:AG$127) -> #N/A | AM112: =RANK(AL112, AL$91:AL$127) -> #N/A | AR112: =RANK(AQ112, AQ$91:AQ$127) -> #N/A | AW112: =RANK(AV112, AV$91:AV$127) -> #N/A
M113: =RANK(K113, K$91:$K$127) -> #N/A | S113: =RANK(R113, R$91:R$127) -> #N/A | X113: =RANK(W113, W$91:W$127) -> #N/A | AC113: =RANK(AB113, AB$91:AB$127) -> #N/A | AH113: =RANK(AG113, AG$91:AG$127) -> #N/A | AM113: =RANK(AL113, AL$91:AL$127) -> #N/A | AR113: =RANK(AQ113, AQ$91:AQ$127) -> #N/A | AW113: =RANK(AV113, AV$91:AV$127) -> #N/A
M114: =RANK(K114, K$91:$K$127) -> #N/A | S114: =RANK(R114, R$91:R$127) -> #N/A | X114: =RANK(W114, W$91:W$127) -> #N/A | AC114: =RANK(AB114, AB$91:AB$127) -> #N/A | AH114: =RANK(AG114, AG$91:AG$127) -> #N/A | AM114: =RANK(AL114, AL$91:AL$127) -> #N/A | AR114: =RANK(AQ114, AQ$91:AQ$127) -> #N/A | AW114: =RANK(AV114, AV$91:AV$127) -> #N/A
M115: =RANK(K115, K$91:$K$127) -> #N/A | S115: =RANK(R115, R$91:R$127) -> #N/A | X115: =RANK(W115, W$91:W$127) -> #N/A | AC115: =RANK(AB115, AB$91:AB$127) -> #N/A | AH115: =RANK(AG115, AG$91:AG$127) -> #N/A | AM115: =RANK(AL115, AL$91:AL$127) -> #N/A | AR115: =RANK(AQ115, AQ$91:AQ$127) -> #N/A | AW115: =RANK(AV115, AV$91:AV$127) -> #N/A
M116: =RANK(K116, K$91:$K$127) -> #N/A | S116: =RANK(R116, R$91:R$127) -> #N/A | X116: =RANK(W116, W$91:W$127) -> #N/A | AC116: =RANK(AB116, AB$91:AB$127) -> #N/A | AH116: =RANK(AG116, AG$91:AG$127) -> #N/A | AM116: =RANK(AL116, AL$91:AL$127) -> #N/A | AR116: =RANK(AQ116, AQ$91:AQ$127) -> #N/A | AW116: =RANK(AV116, AV$91:AV$127) -> #N/A
M117: =RANK(K117, K$91:$K$127) -> #N/A | S117: =RANK(R117, R$91:R$127) -> #N/A | X117: =RANK(W117, W$91:W$127) -> #N/A | AC117: =RANK(AB117, AB$91:AB$127) -> #N/A | AH117: =RANK(AG117, AG$91:AG$127) -> #N/A | AM117: =RANK(AL117, AL$91:AL$127) -> #N/A | AR117: =RANK(AQ117, AQ$91:AQ$127) -> #N/A | AW117: =RANK(AV117, AV$91:AV$127) -> #N/A
... M126: =RANK(K126, K$91:$K$127) -> #N/A | S126: =RANK(R126, R$91:R$127) -> #N/A | X126: =RANK(W126, W$91:W$127) -> #N/A | AC126: =RANK(AB126, AB$91:AB$127) -> #N/A | AH126: =RANK(AG126, AG$91:AG$127) -> #N/A | AM126: =RANK(AL126, AL$91:AL$127) -> #N/A | AR126: =RANK(AQ126, AQ$91:AQ$127) -> #N/A | AW126: =RANK(AV126, AV$91:AV$127) -> #N/A

Sheet （５-4）品群別人時生產性(4℃-壽司手卷)
B1: 7月平均人時性 | C1: =AVERAGE(L7,L27,L47) -> 432.41163
B2: 產線配置圖－每週更新(0630-0706) | N2: 資料繳交 | O2: 日期 | P2: 46203 | U2: 46204 | Z2: 46205 | AE2: 46206 | AJ2: 46207 | AO2: 46208 | AT2: 46209
P3: 46196 | U3: 46197 | Z3: 46198 | AE3: 46199 | AJ3: 46200 | AO3: 46201 | AT3: 46202
B4: 品群 | C4: 商品名稱 | E4: 計畫 | H4: 平均人時性 | I4: 實績 (週平均) | L4: 平均人時性 | M4: 排名 | O4: 日報 | P4: 實際 | T4: 平均人時性 | U4: 實際 | Y4: 平均人時性 | Z4: 實際 | AD4: 平均人時性 | AE4: 實際 | AI4: 平均人時性 | AJ4: 實際 | AN4: 平均人時性 | AO4: 實際 | AS4: 平均人時性 | AT4: 實際 | AX4: 平均人時性
E5: 產線配置圖 | I5: 產線配置圖 | P5: 生產實績 | U5: 生產實績 | Z5: 生產實績 | AE5: 生產實績 | AJ5: 生產實績 | AO5: 生產實績 | AT5: 生產實績
E6: 人數 | F6: 產能／時 | G6: 人時性 | I6: 人數 | J6: 產能／時 | K6: 人時性 | P6: 人數 | Q6: 產能／時 | R6: 人時性 | S6: 排名 | U6: 人數 | V6: 產能／時 | W6: 人時性 | X6: 排名 | Z6: 人數 | AA6: 產能／時 | AB6: 人時性 | AC6: 排名 | AE6: 人數 | AF6: 產能／時 | AG6: 人時性 | AH6: 排名 | AJ6: 人數 | AK6: 產能／時 | AL6: 人時性 | AM6: 排名 | AO6: 人數 | AP6: 產能／時 | AQ6: 人時性 | AR6: 排名 | AT6: 人數 | AU6: 產能／時 | AV6: 人時性 | AW6: 排名
B7: 4℃-壽司手卷 | C7: 1 | D7: 韓式辣炒豬肉飯卷 | E7: 5 | F7: 3273 | G7: =IFERROR(F7/E7,"") -> 654.6 | H7: =AVERAGE(G7:G21) -> 456.17333 | I7: =AVERAGE(P7,U7,Z7,AE7,AJ7,AO7,AT7) -> 6 | J7: =AVERAGE(Q7,V7,AA7,AF7,AK7,AP7,AU7) -> 2961.6419 | K7: =AVERAGE(R7,W7,AB7,AG7,AL7,AQ7,AV7) -> 493.60698 | L7: =IFERROR(AVERAGE(K7:K21),"-") -> 393.22072 | M7: =RANK(K7, K$7:$K$21) -> 2 | P7: 6 | Q7: 2961.6419 | R7: =IFERROR(Q7/P7,"") -> 493.60698 | S7: =RANK(R7, R$7:R$21) -> 2 | T7: =AVERAGE(R7:R21) -> 393.15172 | U7: 6 | V7: 2961.6419 | W7: =IFERROR(V7/U7,"") -> 493.60698 | X7: =RANK(W7, W$7:W$21) -> 2 | Y7: =AVERAGE(W7:W21) -> 393.19929 | Z7: 6 | AA7: 2961.6419 | AB7: =IFERROR(AA7/Z7,"") -> 493.60698 | AC7: =RANK(AB7, AB$7:AB$21) -> 2 | AD7: =AVERAGE(AB7:AB21) -> 393.14738 | AE7: 6 | AF7: 2961.6419 | AG7: =IFERROR(AF7/AE7,"") -> 493.60698 | AH7: =RANK(AG7, AG$7:AG$21) -> 2 | AI7: =AVERAGE(AG7:AG21) -> 393.20611 | AJ7: 6 | AK7: 2961.6419 | AL7: =IFERROR(AK7/AJ7,"") -> 493.60698 | AM7: =RANK(AL7, AL$7:AL$21) -> 2 | AN7: =AVERAGE(AL7:AL21) -> 393.26714 | AO7: 6 | AP7: 2961.6419 | AQ7: =IFERROR(AP7/AO7,"") -> 493.60698 | AR7: =RANK(AQ7, AQ$7:AQ$21) -> 2 | AS7: =AVERAGE(AQ7:AQ21) -> 393.30409 | AT7: 6 | AU7: 2961.6419 | AV7: =IFERROR(AU7/AT7,"") -> 493.60698 | AW7: =RANK(AV7, AV$7:AV$21) -> 2 | AX7: =AVERAGE(AV7:AV21) -> 393.26933
C8: 2 | D8: 鮪魚昆布細卷 | E8: 6 | F8: 2600 | G8: =IFERROR(F8/E8,"") -> 433.33333 | I8: =AVERAGE(P8,U8,Z8,AE8,AJ8,AO8,AT8) -> 6 | J8: =AVERAGE(Q8,V8,AA8,AF8,AK8,AP8,AU8) -> 2354.7348 | K8: =AVERAGE(R8,W8,AB8,AG8,AL8,AQ8,AV8) -> 392.45581 | M8: =RANK(K8, K$7:$K$21) -> 3 | P8: 6 | Q8: 2353.212 | R8: =IFERROR(Q8/P8,"") -> 392.202 | S8: =RANK(R8, R$7:R$21) -> 3 | U8: 6 | V8: 2353.732 | W8: =IFERROR(V8/U8,"") -> 392.28866 | X8: =RANK(W8, W$7:W$21) -> 3 | Z8: 6 | AA8: 2354.252 | AB8: =IFERROR(AA8/Z8,"") -> 392.37533 | AC8: =RANK(AB8, AB$7:AB$21) -> 3 | AE8: 6 | AF8: 2355.552 | AG8: =IFERROR(AF8/AE8,"") -> 392.592 | AH8: =RANK(AG8, AG$7:AG$21) -> 3 | AJ8: 6 | AK8: 2355.032 | AL8: =IFERROR(AK8/AJ8,"") -> 392.50533 | AM8: =RANK(AL8, AL$7:AL$21) -> 3 | AO8: 6 | AP8: 2355.812 | AQ8: =IFERROR(AP8/AO8,"") -> 392.63533 | AR8: =RANK(AQ8, AQ$7:AQ$21) -> 3 | AT8: 6 | AU8: 2355.552 | AV8: =IFERROR(AU8/AT8,"") -> 392.592 | AW8: =RANK(AV8, AV$7:AV$21) -> 3
C9: 3 | D9: 肉鬆火腿細卷 | E9: 6 | F9: 2600 | G9: =IFERROR(F9/E9,"") -> 433.33333 | I9: =AVERAGE(P9,U9,Z9,AE9,AJ9,AO9,AT9) -> 6 | J9: =AVERAGE(Q9,V9,AA9,AF9,AK9,AP9,AU9) -> 2351.5642 | K9: =AVERAGE(R9,W9,AB9,AG9,AL9,AQ9,AV9) -> 391.92737 | M9: =RANK(K9, K$7:$K$21) -> 4 | P9: 6 | Q9: 2349.7772 | R9: =IFERROR(Q9/P9,"") -> 391.62954 | S9: =RANK(R9, R$7:R$21) -> 4 | U9: 6 | V9: 2351.0772 | W9: =IFERROR(V9/U9,"") -> 391.84621 | X9: =RANK(W9, W$7:W$21) -> 4 | Z9: 6 | AA9: 2350.0372 | AB9: =IFERROR(AA9/Z9,"") -> 391.67287 | AC9: =RANK(AB9, AB$7:AB$21) -> 4 | AE9: 6 | AF9: 2351.9295 | AG9: =IFERROR(AF9/AE9,"") -> 391.98824 | AH9: =RANK(AG9, AG$7:AG$21) -> 4 | AJ9: 6 | AK9: 2352.7095 | AL9: =IFERROR(AK9/AJ9,"") -> 392.11824 | AM9: =RANK(AL9, AL$7:AL$21) -> 4 | AO9: 6 | AP9: 2352.1895 | AQ9: =IFERROR(AP9/AO9,"") -> 392.03158 | AR9: =RANK(AQ9, AQ$7:AQ$21) -> 4 | AT9: 6 | AU9: 2353.2295 | AV9: =IFERROR(AU9/AT9,"") -> 392.20491 | AW9: =RANK(AV9, AV$7:AV$21) -> 4
C10: 4 | D10: 海陸雙拼壽司 | E10: 20 | F10: 2100 | G10: =IFERROR(F10/E10,"") -> 105 | I10: =AVERAGE(P10,U10,Z10,AE10,AJ10,AO10,AT10) -> 20 | J10: =AVERAGE(Q10,V10,AA10,AF10,AK10,AP10,AU10) -> 1897.3883 | K10: =AVERAGE(R10,W10,AB10,AG10,AL10,AQ10,AV10) -> 94.869417 | M10: =RANK(K10, K$7:$K$21) -> 5 | P10: 20 | Q10: 1898.5283 | R10: =IFERROR(Q10/P10,"") -> 94.926417 | S10: =RANK(R10, R$7:R$21) -> 5 | U10: 20 | V10: 1898.5283 | W10: =IFERROR(V10/U10,"") -> 94.926417 | X10: =RANK(W10, W$7:W$21) -> 5 | Z10: 20 | AA10: 1897.6883 | AB10: =IFERROR(AA10/Z10,"") -> 94.884417 | AC10: =RANK(AB10, AB$7:AB$21) -> 5 | AE10: 20 | AF10: 1896.8483 | AG10: =IFERROR(AF10/AE10,"") -> 94.842417 | AH10: =RANK(AG10, AG$7:AG$21) -> 5 | AJ10: 20 | AK10: 1896.8483 | AL10: =IFERROR(AK10/AJ10,"") -> 94.842417 | AM10: =RANK(AL10, AL$7:AL$21) -> 5 | AO10: 20 | AP10: 1897.0583 | AQ10: =IFERROR(AP10/AO10,"") -> 94.852917 | AR10: =RANK(AQ10, AQ$7:AQ$21) -> 5 | AT10: 20 | AU10: 1896.2183 | AV10: =IFERROR(AU10/AT10,"") -> 94.810917 | AW10: =RANK(AV10, AV$7:AV$21) -> 5
C11: 5 | D11: 厚香料優格咖哩烤雞飯卷 | E11: 5 | F11: 3273 | G11: =IFERROR(F11/E11,"") -> 654.6 | I11: =AVERAGE(P11,U11,Z11,AE11,AJ11,AO11,AT11) -> 5 | J11: =AVERAGE(Q11,V11,AA11,AF11,AK11,AP11,AU11) -> 2966.2202 | K11: =AVERAGE(R11,W11,AB11,AG11,AL11,AQ11,AV11) -> 593.24404 | M11: =RANK(K11, K$7:$K$21) -> 1 | P11: 5 | Q11: 2966.9683 | R11: =IFERROR(Q11/P11,"") -> 593.39366 | S11: =RANK(R11, R$7:R$21) -> 1 | U11: 5 | V11: 2966.641 | W11: =IFERROR(V11/U11,"") -> 593.3282 | X11: =RANK(W11, W$7:W$21) -> 1 | Z11: 5 | AA11: 2965.9864 | AB11: =IFERROR(AA11/Z11,"") -> 593.19728 | AC11: =RANK(AB11, AB$7:AB$21) -> 1 | AE11: 5 | AF11: 2965.0045 | AG11: =IFERROR(AF11/AE11,"") -> 593.0009 | AH11: =RANK(AG11, AG$7:AG$21) -> 1 | AJ11: 5 | AK11: 2966.3137 | AL11: =IFERROR(AK11/AJ11,"") -> 593.26274 | AM11: =RANK(AL11, AL$7:AL$21) -> 1 | AO11: 5 | AP11: 2966.9683 | AQ11: =IFERROR(AP11/AO11,"") -> 593.39366 | AR11: =RANK(AQ11, AQ$7:AQ$21) -> 1 | AT11: 5 | AU11: 2965.6591 | AV11: =IFERROR(AU11/AT11,"") -> 593.13182 | AW11: =RANK(AV11, AV$7:AV$21) -> 1
C12: 6
C13: 7
C14: 8
C15: 9
C16: 10
C17: 11
C18: 12
C19: 13
C20: 14
C21: 15
B22: 產線配置圖－每週更新(0707-0713) | N22: 資料繳交 | O22: 日期 | P22: 46210 | U22: 46211 | Z22: 46212 | AE22: 46213 | AJ22: 46214 | AO22: 46215 | AT22: 46216
P23: 46196 | U23: 46197 | Z23: 46198 | AE23: 46199 | AJ23: 46200 | AO23: 46201 | AT23: 46202
B24: 品群 | C24: 商品名稱 | E24: 計畫 | H24: 平均人時性 | I24: 實績 (週平均) | L24: 平均人時性 | M24: 排名 | O24: 日報 | P24: 實際 | T24: 平均人時性 | U24: 實際 | Y24: 平均人時性 | Z24: 實際 | AD24: 平均人時性 | AE24: 實際 | AI24: 平均人時性 | AJ24: 實際 | AN24: 平均人時性 | AO24: 實際 | AS24: 平均人時性 | AT24: 實際 | AX24: 平均人時性
E25: 產線配置圖 | I25: 產線配置圖 | P25: 生產實績 | U25: 生產實績 | Z25: 生產實績 | AE25: 生產實績 | AJ25: 生產實績 | AO25: 生產實績 | AT25: 生產實績
E26: 人數 | F26: 產能／時 | G26: 人時性 | I26: 人數 | J26: 產能／時 | K26: 人時性 | P26: 人數 | Q26: 產能／時 | R26: 人時性 | S26: 排名 | U26: 人數 | V26: 產能／時 | W26: 人時性 | X26: 排名 | Z26: 人數 | AA26: 產能／時 | AB26: 人時性 | AC26: 排名 | AE26: 人數 | AF26: 產能／時 | AG26: 人時性 | AH26: 排名 | AJ26: 人數 | AK26: 產能／時 | AL26: 人時性 | AM26: 排名 | AO26: 人數 | AP26: 產能／時 | AQ26: 人時性 | AR26: 排名 | AT26: 人數 | AU26: 產能／時 | AV26: 人時性 | AW26: 排名
B27: 4℃-壽司手卷 | C27: 1 | D27: 韓式辣炒豬肉飯卷 | E27: 5 | F27: 3273 | G27: =IFERROR(F27/E27,"") -> 654.6 | H27: =AVERAGE(G27:G41) -> 522.84 | I27: =AVERAGE(P27,U27,Z27,AE27,AJ27,AO27,AT27) -> 6 | J27: =AVERAGE(Q27,V27,AA27,AF27,AK27,AP27,AU27) -> 2961.6419 | K27: =AVERAGE(R27,W27,AB27,AG27,AL27,AQ27,AV27) -> 493.60698 | L27: =IFERROR(AVERAGE(K27:K41),"-") -> 451.13497 | M27: =RANK(K27, K$27:$K$41) -> 4 | P27: 6 | Q27: 2961.6419 | R27: =IFERROR(Q27/P27,"") -> 493.60698 | S27: =RANK(R27, R$27:R$41) -> 4 | T27: =AVERAGE(R27:R41) -> 445.69811 | U27: 6 | V27: 2961.6419 | W27: =IFERROR(V27/U27,"") -> 493.60698 | X27: =RANK(W27, W$27:W$41) -> 4 | Y27: =AVERAGE(W27:W41) -> 448.46105 | Z27: 6 | AA27: 2961.6419 | AB27: =IFERROR(AA27/Z27,"") -> 493.60698 | AC27: =RANK(AB27, AB$27:AB$41) -> 4 | AD27: =AVERAGE(AB27:AB41) -> 451.17071 | AE27: 6 | AF27: 2961.6419 | AG27: =IFERROR(AF27/AE27,"") -> 493.60698 | AH27: =RANK(AG27, AG$27:AG$41) -> 4 | AI27: =AVERAGE(AG27:AG41) -> 453.27565 | AJ27: 6 | AK27: 2961.6419 | AL27: =IFERROR(AK27/AJ27,"") -> 493.60698 | AM27: =RANK(AL27, AL$27:AL$41) -> 4 | AN27: =AVERAGE(AL27:AL41) -> 453.1059 | AO27: 6 | AP27: 2961.6419 | AQ27: =IFERROR(AP27/AO27,"") -> 493.60698 | AR27: =RANK(AQ27, AQ$27:AQ$41) -> 4 | AS27: =AVERAGE(AQ27:AQ41) -> 453.14106 | AT27: 6 | AU27: 2961.6419 | AV27: =IFERROR(AU27/AT27,"") -> 493.60698 | AW27: =RANK(AV27, AV$27:AV$41) -> 4 | AX27: =AVERAGE(AV27:AV41) -> 453.0923
C28: 2 | D28: 鮪魚昆布細卷 | E28: 6 | F28: 3600 | G28: =IFERROR(F28/E28,"") -> 600 | I28: =AVERAGE(P28,U28,Z28,AE28,AJ28,AO28,AT28) -> 6 | J28: =AVERAGE(Q28,V28,AA28,AF28,AK28,AP28,AU28) -> 3221.005 | K28: =AVERAGE(R28,W28,AB28,AG28,AL28,AQ28,AV28) -> 536.83416 | M28: =RANK(K28, K$27:$K$41) -> 3 | P28: 6 | Q28: 3139.2 | R28: =IFERROR(Q28/P28,"") -> 523.2 | S28: =RANK(R28, R$27:R$41) -> 3 | U28: 6 | V28: 3182.4 | W28: =IFERROR(V28/U28,"") -> 530.4 | X28: =RANK(W28, W$27:W$41) -> 2 | Z28: 6 | AA28: 3222 | AB28: =IFERROR(AA28/Z28,"") -> 537 | AC28: =RANK(AB28, AB$27:AB$41) -> 2 | AE28: 6 | AF28: 3253.9148 | AG28: =IFERROR(AF28/AE28,"") -> 542.31913 | AH28: =RANK(AG28, AG$27:AG$41) -> 2 | AJ28: 6 | AK28: 3250.8 | AL28: =IFERROR(AK28/AJ28,"") -> 541.8 | AM28: =RANK(AL28, AL$27:AL$41) -> 2 | AO28: 6 | AP28: 3249.72 | AQ28: =IFERROR(AP28/AO28,"") -> 541.62 | AR28: =RANK(AQ28, AQ$27:AQ$41) -> 3 | AT28: 6 | AU28: 3249 | AV28: =IFERROR(AU28/AT28,"") -> 541.5 | AW28: =RANK(AV28, AV$27:AV$41) -> 3
C29: 3 | D29: 肉鬆火腿細卷 | E29: 6 | F29: 3600 | G29: =IFERROR(F29/E29,"") -> 600 | I29: =AVERAGE(P29,U29,Z29,AE29,AJ29,AO29,AT29) -> 6 | J29: =AVERAGE(Q29,V29,AA29,AF29,AK29,AP29,AU29) -> 3221.7613 | K29: =AVERAGE(R29,W29,AB29,AG29,AL29,AQ29,AV29) -> 536.96022 | M29: =RANK(K29, K$27:$K$41) -> 2 | P29: 6 | Q29: 3141.0146 | R29: =IFERROR(Q29/P29,"") -> 523.50243 | S29: =RANK(R29, R$27:R$41) -> 2 | U29: 6 | V29: 3182.4 | W29: =IFERROR(V29/U29,"") -> 530.4 | X29: =RANK(W29, W$27:W$41) -> 3 | Z29: 6 | AA29: 3222 | AB29: =IFERROR(AA29/Z29,"") -> 537 | AC29: =RANK(AB29, AB$27:AB$41) -> 2 | AE29: 6 | AF29: 3252.7145 | AG29: =IFERROR(AF29/AE29,"") -> 542.11909 | AH29: =RANK(AG29, AG$27:AG$41) -> 3 | AJ29: 6 | AK29: 3250.8 | AL29: =IFERROR(AK29/AJ29,"") -> 541.8 | AM29: =RANK(AL29, AL$27:AL$41) -> 2 | AO29: 6 | AP29: 3251.16 | AQ29: =IFERROR(AP29/AO29,"") -> 541.86 | AR29: =RANK(AQ29, AQ$27:AQ$41) -> 2 | AT29: 6 | AU29: 3252.24 | AV29: =IFERROR(AU29/AT29,"") -> 542.04 | AW29: =RANK(AV29, AV$27:AV$41) -> 2
C30: 4 | D30: 海陸雙拼壽司 | E30: 20 | F30: 2100 | G30: =IFERROR(F30/E30,"") -> 105 | I30: =AVERAGE(P30,U30,Z30,AE30,AJ30,AO30,AT30) -> 20 | J30: =AVERAGE(Q30,V30,AA30,AF30,AK30,AP30,AU30) -> 1896.8483 | K30: =AVERAGE(R30,W30,AB30,AG30,AL30,AQ30,AV30) -> 94.842417 | M30: =RANK(K30, K$27:$K$41) -> 5 | P30: 20 | Q30: 1897.0583 | R30: =IFERROR(Q30/P30,"") -> 94.852917 | S30: =RANK(R30, R$27:R$41) -> 5 | U30: 20 | V30: 1896.6383 | W30: =IFERROR(V30/U30,"") -> 94.831917 | X30: =RANK(W30, W$27:W$41) -> 5 | Z30: 20 | AA30: 1897.0583 | AB30: =IFERROR(AA30/Z30,"") -> 94.852917 | AC30: =RANK(AB30, AB$27:AB$41) -> 5 | AE30: 20 | AF30: 1897.4783 | AG30: =IFERROR(AF30/AE30,"") -> 94.873917 | AH30: =RANK(AG30, AG$27:AG$41) -> 5 | AJ30: 20 | AK30: 1897.2683 | AL30: =IFERROR(AK30/AJ30,"") -> 94.863417 | AM30: =RANK(AL30, AL$27:AL$41) -> 5 | AO30: 20 | AP30: 1896.6383 | AQ30: =IFERROR(AP30/AO30,"") -> 94.831917 | AR30: =RANK(AQ30, AQ$27:AQ$41) -> 5 | AT30: 20 | AU30: 1895.7983 | AV30: =IFERROR(AU30/AT30,"") -> 94.789917 | AW30: =RANK(AV30, AV$27:AV$41) -> 5
C31: 5 | D31: 厚香料優格咖哩烤雞飯卷 | E31: 5 | F31: 3273 | G31: =IFERROR(F31/E31,"") -> 654.6 | I31: =AVERAGE(P31,U31,Z31,AE31,AJ31,AO31,AT31) -> 5 | J31: =AVERAGE(Q31,V31,AA31,AF31,AK31,AP31,AU31) -> 2967.1554 | K31: =AVERAGE(R31,W31,AB31,AG31,AL31,AQ31,AV31) -> 593.43107 | M31: =RANK(K31, K$27:$K$41) -> 1 | P31: 5 | Q31: 2966.641 | R31: =IFERROR(Q31/P31,"") -> 593.3282 | S31: =RANK(R31, R$27:R$41) -> 1 | U31: 5 | V31: 2965.3318 | W31: =IFERROR(V31/U31,"") -> 593.06636 | X31: =RANK(W31, W$27:W$41) -> 1 | Z31: 5 | AA31: 2966.9683 | AB31: =IFERROR(AA31/Z31,"") -> 593.39366 | AC31: =RANK(AB31, AB$27:AB$41) -> 1 | AE31: 5 | AF31: 2967.2956 | AG31: =IFERROR(AF31/AE31,"") -> 593.45912 | AH31: =RANK(AG31, AG$27:AG$41) -> 1 | AJ31: 5 | AK31: 2967.2956 | AL31: =IFERROR(AK31/AJ31,"") -> 593.45912 | AM31: =RANK(AL31, AL$27:AL$41) -> 1 | AO31: 5 | AP31: 2968.9321 | AQ31: =IFERROR(AP31/AO31,"") -> 593.78642 | AR31: =RANK(AQ31, AQ$27:AQ$41) -> 1 | AT31: 5 | AU31: 2967.6229 | AV31: =IFERROR(AU31/AT31,"") -> 593.52458 | AW31: =RANK(AV31, AV$27:AV$41) -> 1
C32: 6
C33: 7
C34: 8
C35: 9
C36: 10
C37: 11
C38: 12
C39: 13
C40: 14
C41: 15
B42: 產線配置圖－每週更新(0714-0720) | N42: 資料繳交 | O42: 日期 | P42: 46217 | U42: 46218 | Z42: 46219 | AE42: 46220 | AJ42: 46221 | AO42: 46222 | AT42: 46223
P43: 46196 | U43: 46197 | Z43: 46198 | AE43: 46199 | AJ43: 46200 | AO43: 46201 | AT43: 46202
B44: 品群 | C44: 商品名稱 | E44: 計畫 | H44: 平均人時性 | I44: 實績 (週平均) | L44: 平均人時性 | M44: 排名 | O44: 日報 | P44: 實際 | T44: 平均人時性 | U44: 實際 | Y44: 平均人時性 | Z44: 實際 | AD44: 平均人時性 | AE44: 實際 | AI44: 平均人時性 | AJ44: 實際 | AN44: 平均人時性 | AO44: 實際 | AS44: 平均人時性 | AT44: 實際 | AX44: 平均人時性
E45: 產線配置圖 | I45: 產線配置圖 | P45: 生產實績 | U45: 生產實績 | Z45: 生產實績 | AE45: 生產實績 | AJ45: 生產實績 | AO45: 生產實績 | AT45: 生產實績
E46: 人數 | F46: 產能／時 | G46: 人時性 | I46: 人數 | J46: 產能／時 | K46: 人時性 | P46: 人數 | Q46: 產能／時 | R46: 人時性 | S46: 排名 | U46: 人數 | V46: 產能／時 | W46: 人時性 | X46: 排名 | Z46: 人數 | AA46: 產能／時 | AB46: 人時性 | AC46: 排名 | AE46: 人數 | AF46: 產能／時 | AG46: 人時性 | AH46: 排名 | AJ46: 人數 | AK46: 產能／時 | AL46: 人時性 | AM46: 排名 | AO46: 人數 | AP46: 產能／時 | AQ46: 人時性 | AR46: 排名 | AT46: 人數 | AU46: 產能／時 | AV46: 人時性 | AW46: 排名
B47: 4℃-壽司手卷 | C47: 1 | D47: 韓式辣炒豬肉飯卷 | E47: 5 | F47: 3273 | G47: =IFERROR(F47/E47,"") -> 654.6 | H47: =AVERAGE(G47:G61) -> 522.84 | I47: =AVERAGE(P47,U47,Z47,AE47,AJ47,AO47,AT47) -> 6 | J47: =AVERAGE(Q47,V47,AA47,AF47,AK47,AP47,AU47) -> 2961.6419 | K47: =AVERAGE(R47,W47,AB47,AG47,AL47,AQ47,AV47) -> 493.60698 | L47: =IFERROR(AVERAGE(K47:K61),"-") -> 452.87919 | M47: =RANK(K47, K$47:$K$61) -> 4 | P47: 6 | Q47: 2961.6419 | R47: =IFERROR(Q47/P47,"") -> 493.60698 | S47: =RANK(R47, R$47:R$61) -> 4 | T47: =AVERAGE(R47:R61) -> 452.99 | U47: 6 | V47: 2961.6419 | W47: =IFERROR(V47/U47,"") -> 493.60698 | X47: =RANK(W47, W$47:W$61) -> 4 | Y47: =AVERAGE(W47:W61) -> 453.02196 | Z47: 6 | AA47: 2961.6419 | AB47: =IFERROR(AA47/Z47,"") -> 493.60698 | AC47: =RANK(AB47, AB$47:AB$61) -> 4 | AD47: =AVERAGE(AB47:AB61) -> 452.95356 | AE47: 6 | AF47: 2961.6419 | AG47: =IFERROR(AF47/AE47,"") -> 493.60698 | AH47: =RANK(AG47, AG$47:AG$61) -> 4 | AI47: =AVERAGE(AG47:AG61) -> 452.86419 | AJ47: 6 | AK47: 2961.6419 | AL47: =IFERROR(AK47/AJ47,"") -> 493.60698 | AM47: =RANK(AL47, AL$47:AL$61) -> 4 | AN47: =AVERAGE(AL47:AL61) -> 452.72673 | AO47: 6 | AP47: 2961.6419 | AQ47: =IFERROR(AP47/AO47,"") -> 493.60698 | AR47: =RANK(AQ47, AQ$47:AQ$61) -> 4 | AS47: =AVERAGE(AQ47:AQ61) -> 452.7995 | AT47: 6 | AU47: 2961.6419 | AV47: =IFERROR(AU47/AT47,"") -> 493.60698 | AW47: =RANK(AV47, AV$47:AV$61) -> 4 | AX47: =AVERAGE(AV47:AV61) -> 452.7984
C48: 2 | D48: 鮪魚昆布細卷 | E48: 6 | F48: 3600 | G48: =IFERROR(F48/E48,"") -> 600 | I48: =AVERAGE(P48,U48,Z48,AE48,AJ48,AO48,AT48) -> 6 | J48: =AVERAGE(Q48,V48,AA48,AF48,AK48,AP48,AU48) -> 3247.1486 | K48: =AVERAGE(R48,W48,AB48,AG48,AL48,AQ48,AV48) -> 541.19143 | M48: =RANK(K48, K$47:$K$61) -> 3 | P48: 6 | Q48: 3247.2 | R48: =IFERROR(Q48/P48,"") -> 541.2 | S48: =RANK(R48, R$47:R$61) -> 3 | U48: 6 | V48: 3248.28 | W48: =IFERROR(V48/U48,"") -> 541.38 | X48: =RANK(W48, W$47:W$61) -> 3 | Z48: 6 | AA48: 3247.92 | AB48: =IFERROR(AA48/Z48,"") -> 541.32 | AC48: =RANK(AB48, AB$47:AB$61) -> 3 | AE48: 6 | AF48: 3246.48 | AG48: =IFERROR(AF48/AE48,"") -> 541.08 | AH48: =RANK(AG48, AG$47:AG$61) -> 3 | AJ48: 6 | AK48: 3245.76 | AL48: =IFERROR(AK48/AJ48,"") -> 540.96 | AM48: =RANK(AL48, AL$47:AL$61) -> 3 | AO48: 6 | AP48: 3246.48 | AQ48: =IFERROR(AP48/AO48,"") -> 541.08 | AR48: =RANK(AQ48, AQ$47:AQ$61) -> 2 | AT48: 6 | AU48: 3247.92 | AV48: =IFERROR(AU48/AT48,"") -> 541.32 | AW48: =RANK(AV48, AV$47:AV$61) -> 2
C49: 3 | D49: 肉鬆火腿細卷 | E49: 6 | F49: 3600 | G49: =IFERROR(F49/E49,"") -> 600 | I49: =AVERAGE(P49,U49,Z49,AE49,AJ49,AO49,AT49) -> 6 | J49: =AVERAGE(Q49,V49,AA49,AF49,AK49,AP49,AU49) -> 3248.0229 | K49: =AVERAGE(R49,W49,AB49,AG49,AL49,AQ49,AV49) -> 541.33714 | M49: =RANK(K49, K$47:$K$61) -> 2 | P49: 6 | Q49: 3251.16 | R49: =IFERROR(Q49/P49,"") -> 541.86 | S49: =RANK(R49, R$47:R$61) -> 2 | U49: 6 | V49: 3249.72 | W49: =IFERROR(V49/U49,"") -> 541.62 | X49: =RANK(W49, W$47:W$61) -> 2 | Z49: 6 | AA49: 3248.28 | AB49: =IFERROR(AA49/Z49,"") -> 541.38 | AC49: =RANK(AB49, AB$47:AB$61) -> 2 | AE49: 6 | AF49: 3248.28 | AG49: =IFERROR(AF49/AE49,"") -> 541.38 | AH49: =RANK(AG49, AG$47:AG$61) -> 2 | AJ49: 6 | AK49: 3246.84 | AL49: =IFERROR(AK49/AJ49,"") -> 541.14 | AM49: =RANK(AL49, AL$47:AL$61) -> 2 | AO49: 6 | AP49: 3246.48 | AQ49: =IFERROR(AP49/AO49,"") -> 541.08 | AR49: =RANK(AQ49, AQ$47:AQ$61) -> 3 | AT49: 6 | AU49: 3245.4 | AV49: =IFERROR(AU49/AT49,"") -> 540.9 | AW49: =RANK(AV49, AV$47:AV$61) -> 3
C50: 4 | D50: 海陸雙拼壽司 | E50: 20 | F50: 2100 | G50: =IFERROR(F50/E50,"") -> 105 | I50: =AVERAGE(P50,U50,Z50,AE50,AJ50,AO50,AT50) -> 20 | J50: =AVERAGE(Q50,V50,AA50,AF50,AK50,AP50,AU50) -> 1893.9683 | K50: =AVERAGE(R50,W50,AB50,AG50,AL50,AQ50,AV50) -> 94.698417 | M50: =RANK(K50, K$47:$K$61) -> 5 | P50: 20 | Q50: 1895.1683 | R50: =IFERROR(Q50/P50,"") -> 94.758417 | S50: =RANK(R50, R$47:R$61) -> 5 | U50: 20 | V50: 1894.3283 | W50: =IFERROR(V50/U50,"") -> 94.716417 | X50: =RANK(W50, W$47:W$61) -> 5 | Z50: 20 | AA50: 1893.4883 | AB50: =IFERROR(AA50/Z50,"") -> 94.674417 | AC50: =RANK(AB50, AB$47:AB$61) -> 5 | AE50: 20 | AF50: 1893.2783 | AG50: =IFERROR(AF50/AE50,"") -> 94.663917 | AH50: =RANK(AG50, AG$47:AG$61) -> 5 | AJ50: 20 | AK50: 1893.2783 | AL50: =IFERROR(AK50/AJ50,"") -> 94.663917 | AM50: =RANK(AL50, AL$47:AL$61) -> 5 | AO50: 20 | AP50: 1894.1183 | AQ50: =IFERROR(AP50/AO50,"") -> 94.705917 | AR50: =RANK(AQ50, AQ$47:AQ$61) -> 5 | AT50: 20 | AU50: 1894.1183 | AV50: =IFERROR(AU50/AT50,"") -> 94.705917 | AW50: =RANK(AV50, AV$47:AV$61) -> 5
C51: 5 | D51: 厚香料優格咖哩烤雞飯卷 | E51: 5 | F51: 3273 | G51: =IFERROR(F51/E51,"") -> 654.6 | I51: =AVERAGE(P51,U51,Z51,AE51,AJ51,AO51,AT51) -> 5 | J51: =AVERAGE(Q51,V51,AA51,AF51,AK51,AP51,AU51) -> 2967.81 | K51: =AVERAGE(R51,W51,AB51,AG51,AL51,AQ51,AV51) -> 593.56199 | M51: =RANK(K51, K$47:$K$61) -> 1 | P51: 5 | Q51: 2967.6229 | R51: =IFERROR(Q51/P51,"") -> 593.52458 | S51: =RANK(R51, R$47:R$61) -> 1 | U51: 5 | V51: 2968.9321 | W51: =IFERROR(V51/U51,"") -> 593.78642 | X51: =RANK(W51, W$47:W$61) -> 1 | Z51: 5 | AA51: 2968.9321 | AB51: =IFERROR(AA51/Z51,"") -> 593.78642 | AC51: =RANK(AB51, AB$47:AB$61) -> 1 | AE51: 5 | AF51: 2967.9502 | AG51: =IFERROR(AF51/AE51,"") -> 593.59004 | AH51: =RANK(AG51, AG$47:AG$61) -> 1 | AJ51: 5 | AK51: 2966.3137 | AL51: =IFERROR(AK51/AJ51,"") -> 593.26274 | AM51: =RANK(AL51, AL$47:AL$61) -> 1 | AO51: 5 | AP51: 2967.6229 | AQ51: =IFERROR(AP51/AO51,"") -> 593.52458 | AR51: =RANK(AQ51, AQ$47:AQ$61) -> 1 | AT51: 5 | AU51: 2967.2956 | AV51: =IFERROR(AU51/AT51,"") -> 593.45912 | AW51: =RANK(AV51, AV$47:AV$61) -> 1
C52: 6
C53: 7
C54: 8
C55: 9
C56: 10
C57: 11
C58: 12
C59: 13
C60: 14
C61: 15
B86: 產線配置圖－每週更新(0714-0720) | N86: 資料繳交 | O86: 日期 | P86: 46217 | U86: 46218 | Z86: 46219 | AE86: 46220 | AJ86: 46221 | AO86: 46222 | AT86: 46223
P87: 46196 | U87: 46197 | Z87: 46198 | AE87: 46199 | AJ87: 46200 | AO87: 46201 | AT87: 46202
B88: 品群 | C88: 商品名稱 | E88: 計畫 | H88: 平均人時性 | I88: 實績 (週平均) | L88: 平均人時性 | M88: 排名 | O88: 日報 | P88: 實際 | T88: 平均人時性 | U88: 實際 | Y88: 平均人時性 | Z88: 實際 | AD88: 平均人時性 | AE88: 實際 | AI88: 平均人時性 | AJ88: 實際 | AN88: 平均人時性 | AO88: 實際 | AS88: 平均人時性 | AT88: 實際 | AX88: 平均人時性
E89: 產線配置圖 | I89: 產線配置圖 | P89: 生產實績 | U89: 生產實績 | Z89: 生產實績 | AE89: 生產實績 | AJ89: 生產實績 | AO89: 生產實績 | AT89: 生產實績
E90: 人數 | F90: 產能／時 | G90: 人時性 | I90: 人數 | J90: 產能／時 | K90: 人時性 | P90: 人數 | Q90: 產能／時 | R90: 人時性 | S90: 排名 | U90: 人數 | V90: 產能／時 | W90: 人時性 | X90: 排名 | Z90: 人數 | AA90: 產能／時 | AB90: 人時性 | AC90: 排名 | AE90: 人數 | AF90: 產能／時 | AG90: 人時性 | AH90: 排名 | AJ90: 人數 | AK90: 產能／時 | AL90: 人時性 | AM90: 排名 | AO90: 人數 | AP90: 產能／時 | AQ90: 人時性 | AR90: 排名 | AT90: 人數 | AU90: 產能／時 | AV90: 人時性 | AW90: 排名
