Workbook

Sheet 數值累積總表(月)
B1: 項目 | D1: 1月 | E1: 2月 | F1: 3月 | G1: 4月 | H1: 5月 | I1: 6月 | J1: 7月 | K1: 8月 | L1: 9月 | M1: 10月 | N1: 11月 | O1: 12月 | P1: 合計/平均
B2: （１）收支狀況 | C2: 業績金額(千元) | D2: 146299.94 | E2: 116569.43 | F2: 148838 | G2: 160648.31 | H2: 181836.63 | I2: 194099.29 | J2: 199388.62 | P2: =SUM(D2:O2) -> 1147680.2
C3: 訂單數量 | D3: 4768701 | E3: 3787002 | F3: 5045753 | G3: 5396292 | H3: 6084520 | I3: 6275618 | J3: 6323244 | P3: =SUM(D3:O3) -> 37681130
C4: 材料費(千元) | D4: 93253 | E4: 74777 | F4: 93614 | G4: 104435 | H4: 116562 | I4: 126964 | J4: 134056.59 | P4: =SUM(D4:O4) -> 743661.59
C5: 材料費率(%) | D5: 0.655 | E5: 0.653 | F5: 0.648 | G5: 0.663 | H5: 0.672 | I5: 0.675 | J5: 0.67233825 | K5: =IFERROR(K4/K2, "") | L5: =IFERROR(L4/L2, "") | M5: =IFERROR(M4/M2, "") | N5: =IFERROR(N4/N2, "") | O5: =IFERROR(O4/O2, "") | P5: =AVERAGEIF(D5:O5, ">0") -> 0.66261975
C6: 勞務成本(千元) | D6: 22378 | E6: 22860 | F6: 22710 | G6: 23226 | H6: 24474 | I6: 26795 | J6: 27431.997 | P6: =SUM(D6:O6) -> 169875
C7: 勞務費率(%) | D7: 0.157 | E7: 0.2 | F7: 0.157 | G7: 0.147 | H7: 0.141 | I7: 0.142 | J7: 0.13758056 | K7: =IFERROR(K6/K2, "") | L7: =IFERROR(L6/L2, "") | M7: =IFERROR(M6/M2, "") | N7: =IFERROR(N6/N2, "") | O7: =IFERROR(O6/O2, "") | P7: =AVERAGEIF(D7:O7, ">0") -> 0.15451151
B9: （２）ＫＰＩ達成進度 | C9: 人時性KPI | D9: 497.6 | E9: 497.6 | F9: 497.6 | G9: 497.6 | H9: 497.6 | I9: 497.6 | J9: 497.6 | P9: =AVERAGEIF(D9:O9, ">0") -> 497.6
C10: 人時性(個/月均) | D10: 458.38414 | E10: 476.04172 | F10: 409.81563 | G10: 402.86432 | H10: 419.38046 | I10: 425.95259 | J10: 434.66889 | P10: =AVERAGEIF(D10:O10, ">0") -> 432.44396
C11: 人時達成率(%/月均) | D11: =IFERROR(D10/D9, "") -> 0.92118999 | E11: =IFERROR(E10/E9, "") -> 0.95667547 | F11: =IFERROR(F10/F9, "") -> 0.82358447 | G11: =IFERROR(G10/G9, "") -> 0.80961479 | H11: 0.94796667 | I11: 0.96282231 | J11: 0.98252463 | K11: =IFERROR(K10/K9, "") | L11: =IFERROR(L10/L9, "") | M11: =IFERROR(M10/M9, "") | N11: =IFERROR(N10/N9, "") | O11: =IFERROR(O10/O9, "") | P11: =AVERAGEIF(D11:O11, ">0") -> 0.91491119
C12: 半成品-報廢(%) | D12: 0.0024135432 | E12: 0.0023657636 | F12: 0.0020222248 | G12: 0.0020113648 | H12: 0.002008824 | I12: 0.0020072506 | J12: 0.0020067058 | P12: =AVERAGEIF(D12:O12, ">0") -> 0.0021193824
C13: 半成品-超用(%) | D13: 0.0055994433 | E13: 0.0052393001 | F13: 0.0048799138 | G13: 0.0043085188 | H13: 0.0061874817 | I13: 0.0060775211 | J13: 0.0060144112 | P13: =AVERAGEIF(D13:O13, ">0") -> 0.00547237
C14: 固定產線-導入率(%) | D14: 0.9 | E14: 0.9 | F14: 0.9 | G14: 0.9 | H14: 0.9 | I14: 0.9 | J14: 0.9 | P14: =AVERAGEIF(D14:O14, ">0") -> 0.9
C15: 教育訓練-實施率(%) | D15: 0.057692308 | E15: 0.13873626 | F15: 0.21960298 | G15: 0.30384615 | H15: 0.38709677 | I15: 0.47115385 | J15: 0.55521092 | P15: =MAX(D15:O15) -> 0.55521092
B17: （３）業績構成比 | C17: 18℃-飯糰(061,063) | D17: 0.36139567 | E17: 0.34737657 | F17: 0.36414345 | G17: 0.38079956 | H17: 0.3631831 | I17: 0.29977347 | J17: 0.28835229 | P17: =AVERAGEIF(D17:O17, ">0") -> 0.34357487
C18: 18℃-壽司手卷(071,072,075,076) | D18: 0.069633574 | E18: 0.077793665 | F18: 0.084480826 | G18: 0.060267904 | H18: 0.041707027 | I18: 0.035290065 | J18: 0.040105547 | P18: =AVERAGEIF(D18:O18, ">0") -> 0.058468373
C19: 4℃-飯糰(065) | D19: 0.022453222 | E19: 0.02167645 | F19: 0.02436516 | G19: 0.018891118 | H19: 0.013969 | I19: 0.010903809 | J19: 0.023749546 | P19: =AVERAGEIF(D19:O19, ">0") -> 0.019429758
C20: 4℃-壽司手卷(077) | D20: 0.008585039 | E20: 0.0099523222 | F20: 0.014684918 | G20: 0.028316296 | H20: 0.034128078 | I20: 0.049548361 | J20: 0.037024874 | P20: =AVERAGEIF(D20:O20, ">0") -> 0.02603427
C21: 主食(091,092,093,094,095) | D21: 0.16215294 | E21: 0.18214708 | F21: 0.20289324 | G21: 0.15628268 | H21: 0.13415544 | I21: 0.1343246 | J21: 0.15806065 | P21: =AVERAGEIF(D21:O21, ">0") -> 0.16143095
C22: 便當(083) | D22: 0.27057088 | E22: 0.27529226 | F22: 0.29293399 | G22: 0.27842234 | H22: 0.26474822 | I22: 0.22905816 | J22: 0.22396346 | P22: =AVERAGEIF(D22:O22, ">0") -> 0.26214133
C23: 熱食義麵(122,123,124,126) | D23: 0.029234371 | E23: 0.0089796819 | F23: 0 | G23: 0 | H23: 0 | I23: 0 | J23: 0 | P23: =AVERAGEIF(D23:O23, ">0") -> 0.019107026
C24: 季節調理麵(111,112) | D24: 0.040564166 | E24: 0.040109499 | F24: 0.0016541185 | G24: 0.064343547 | H24: 0.13502459 | I24: 0.17184921 | J24: 0.16810092 | P24: =AVERAGEIF(D24:O24, ">0") -> 0.088806579
C25: 微波小吃(153,154,155) | D25: 0.035410133 | E25: 0.036672477 | F25: 0.01484429 | G25: 0.012676559 | H25: 0.013084541 | I25: 0.069252321 | J25: 0.060642722 | P25: =AVERAGEIF(D25:O25, ">0") -> 0.03465472
B27: （４）訂單數量構成比 | C27: 18℃-飯糰(061,063) | D27: 0.58577126 | E27: 0.57025346 | F27: 0.57640852 | G27: 0.58366912 | H27: 0.56064801 | I27: 0.49244059 | J27: 0.47778245 | P27: =AVERAGEIF(D27:O27, ">0") -> 0.54956763
C28: 18℃-壽司手卷(071,072,075,076) | D28: 0.081693946 | E28: 0.091615478 | F28: 0.10179987 | G28: 0.068907687 | H28: 0.044634581 | I28: 0.037850934 | J28: 0.043692921 | P28: =AVERAGEIF(D28:O28, ">0") -> 0.067170774
C29: 4℃-飯糰(065) | D29: 0.024966128 | E29: 0.023825971 | F29: 0.026809081 | G29: 0.020313393 | H29: 0.014309264 | I29: 0.011252756 | J29: 0.025356763 | P29: =AVERAGEIF(D29:O29, ">0") -> 0.020976194
C30: 4℃-壽司手卷(077) | D30: 0.0097963785 | E30: 0.011706622 | F30: 0.016401516 | G30: 0.031347822 | H30: 0.048132803 | I30: 0.062276894 | J30: 0.048683239 | P30: =AVERAGEIF(D30:O30, ">0") -> 0.032620754
C31: 主食(091,092,093,094,095) | D31: 0.089953008 | E31: 0.10114835 | F31: 0.11343936 | G31: 0.089562981 | H31: 0.075610895 | I31: 0.076646794 | J31: 0.092940902 | P31: =AVERAGEIF(D31:O31, ">0") -> 0.091328899
C32: 便當(083) | D32: 0.13708178 | E32: 0.14060779 | F32: 0.14223546 | G32: 0.13317793 | H32: 0.12743437 | I32: 0.11321897 | J32: 0.1131492 | P32: =AVERAGEIF(D32:O32, ">0") -> 0.12955793
C33: 熱食義麵(122,123,124,126) | D33: 0.015652481 | E33: 0.0048238686 | F33: 0 | G33: 0 | H33: 0 | I33: 0 | J33: 0 | P33: =AVERAGEIF(D33:O33, ">0") -> 0.010238175
C34: 季節調理麵(111,112) | D34: 0.022004735 | E34: 0.020902022 | F34: 0.00067918505 | G34: 0.05386458 | H34: 0.1102248 | I34: 0.14207987 | J34: 0.13977857 | P34: =AVERAGEIF(D34:O34, ">0") -> 0.069933395
C35: 微波小吃(153,154,155) | D35: 0.033080287 | E35: 0.035116432 | F35: 0.02222701 | G35: 0.019156487 | H35: 0.019005279 | I35: 0.064233196 | J35: 0.058615957 | P35: =AVERAGEIF(D35:O35, ">0") -> 0.035919236
B37: （５）品群別人時生產性 | C37: 18℃-飯糰(061,063) | D37: 768.96509 | E37: 774.12086 | F37: 757.59042 | G37: 740.76981 | H37: 765.35782 | I37: 783.42711 | J37: 771.87393 | P37: =AVERAGEIF(D37:O37, ">0") -> 766.01501
C38: 18℃-壽司手卷(071,072,075,076) | D38: 280.52358 | E38: 304.46478 | F38: 311.70582 | G38: 320.67204 | H38: 308.11597 | I38: 298.23677 | J38: 296.14736 | P38: =AVERAGEIF(D38:O38, ">0") -> 302.83805
C39: 4℃-飯糰(065) | D39: 258.56167 | E39: 203.24374 | F39: 331.13667 | G39: 331.07659 | H39: 209.58696 | I39: 118.56652 | J39: 117.05023 | P39: =AVERAGEIF(D39:O39, ">0") -> 224.17463
C40: 4℃-壽司手卷(077) | D40: 486.07171 | E40: 490.19814 | F40: 493.97618 | G40: 416.8019 | H40: 367.70757 | I40: 397.08854 | J40: 437.64998 | P40: =AVERAGEIF(D40:O40, ">0") -> 441.35629
C41: 主食(091,092,093,094,095) | D41: 82.669482 | E41: 81.452412 | F41: 79.949999 | G41: 82.282454 | H41: 81.903989 | I41: 84.22771 | J41: 84.954232 | P41: =AVERAGEIF(D41:O41, ">0") -> 82.491468
C42: 便當(083) | D42: 78.306367 | E42: 77.971323 | F42: 77.906797 | G42: 78.189351 | H42: 79.190462 | I42: 79.718377 | J42: 79.472251 | P42: =AVERAGEIF(D42:O42, ">0") -> 78.679275
C43: 熱食義麵(122,123,124,126) | D43: 76.250133 | E43: 72.949976 | F43: 0 | G43: 0 | H43: 0 | I43: 0 | J43: 0 | P43: =AVERAGEIF(D43:O43, ">0") -> 74.600054
C44: 季節調理麵(111,112) | D44: 110.8083 | E44: 97.157501 | F44: 84.601424 | G44: 159.74229 | H44: 161.80618 | I44: 157.36335 | J44: 155.73663 | P44: =AVERAGEIF(D44:O44, ">0") -> 132.45938
C45: 微波小吃(153,154,155) | D45: 76.123665 | E45: 77.592138 | F45: 83.044479 | G45: 83.064527 | H45: 89.419713 | I45: 118.28437 | J45: 117.58781 | P45: =AVERAGEIF(D45:O45, ">0") -> 92.159528

Sheet 生產管理報表(月)
A1: 大溪廠生產管理報表
A3: 月別 | B3: 7 | C3: 工廠 | D3: 大溪廠
A4: （１）收支狀況 | E4: ※單位：千元 | G4: （２）ＫＰＩ達成進度
A5: 項目 | B5: 當月 | C5: 前月 | D5: 差異 | E5: 累計 | G5: 項目 | H5: KPI | I5: 當月 | J5: 前月 | K5: 累計 | L5: ※補充
A6: 業績金額 | B6: ='（１）收支狀況'!#REF!/1000 -> #REF! | C6: 194099.29 | D6: =B6-C6 -> #REF! | E6: ='數值累積總表(月)'!P2 -> 1147680.2 | G6: 人時性(個/月均) | H6: 497.6 | I6: ='（２）ＫＰＩ達成進度'!#REF! -> #REF! | J6: 425.95259 | K6: ='數值累積總表(月)'!P10 -> 432.44396 | L6: 個／MH
A7: 訂單數量 | B7: ='（１）收支狀況'!#REF! -> #REF! | C7: 6275618 | D7: =B7-C7 -> #REF! | E7: ='數值累積總表(月)'!P3 -> 37681130 | G7: 人時達成率(%/月均) | H7: 0.8 | I7: ='（２）ＫＰＩ達成進度'!#REF! -> #REF! | J7: 0.96282231 | K7: ='數值累積總表(月)'!P11 -> 0.91491119 | L7: 達成率
A8: 材料費 | B8: ='（１）收支狀況'!#REF!/1000 -> #REF! | C8: 131016.3 | D8: =B8-C8 -> #REF! | E8: ='數值累積總表(月)'!P4 -> 743661.59 | G8: 半成品-報廢(%) | H8: 0.0025 | I8: ='（２）ＫＰＩ達成進度'!#REF! -> #REF! | J8: 0.0020072506 | K8: ='數值累積總表(月)'!P12 -> 0.0021193824 | L8: 報廢率
A9: 材料費率 | B9: ='（１）收支狀況'!#REF! -> #REF! | C9: 0.6749963 | D9: =B9-C9 -> #REF! | E9: ='數值累積總表(月)'!P5 -> 0.66261975 | G9: 半成品-超用(%) | H9: 0.004 | I9: ='（２）ＫＰＩ達成進度'!#REF! -> #REF! | J9: 0.0060775211 | K9: ='數值累積總表(月)'!P13 -> 0.00547237 | L9: 超用率
A10: 勞務成本 | B10: ='（１）收支狀況'!#REF!/1000 -> #REF! | C10: 27275.09 | D10: =B10-C10 -> #REF! | E10: ='數值累積總表(月)'!P6 -> 169875 | G10: 固定產線-導入率(%) | H10: 0.8 | I10: ='（２）ＫＰＩ達成進度'!#REF! -> #REF! | J10: 0.9 | K10: ='數值累積總表(月)'!P14 -> 0.9 | L10: 導入率
A11: 勞務費率 | B11: ='（１）收支狀況'!#REF! -> #REF! | C11: 0.14052133 | D11: =B11-C11 -> #REF! | E11: ='數值累積總表(月)'!P7 -> 0.15451151 | G11: 教育訓練-實施率(%) | H11: 1 | I11: ='（２）ＫＰＩ達成進度'!#REF! -> #REF! | J11: 0.47115385 | K11: ='數值累積總表(月)'!P15 -> 0.55521092 | L11: 實施率
A13: （３）業績構成比 | E13: ※單位：千元 | G13: （４）訂單數量構成比 | K13: ※單位：個
B14: 當月 | C14: 比例 | D14: 前月 | E14: 差異 | H14: 當月 | I14: 比例 | J14: 前月 | K14: 差異
A15: 18℃-飯糰(061,063) | B15: =SUM('（３）業績構成比'!M7:M10)/1000 -> 7055.1231 | C15: =IFERROR(B15/$B$6,"") | D15: 0.29977347 | E15: =IFERROR(C15-D15,"") | G15: 18℃-飯糰(061,063) | H15: =SUM('（４）訂單數量構成比'!M7:M10) -> 368418 | I15: =IFERROR(H15/$B$7,"") | J15: 0.49244059 | K15: =IFERROR(I15-J15,"")
A16: 18℃-壽司手卷(071,072,075,076) | B16: =SUM('（３）業績構成比'!S7:S10)/1000 -> 1238.1176 | C16: =IFERROR(B16/$B$6,"") | D16: 0.035290065 | E16: =IFERROR(C16-D16,"") | G16: 18℃-壽司手卷(071,072,075,076) | H16: =SUM('（４）訂單數量構成比'!S7:S10) -> 42521 | I16: =IFERROR(H16/$B$7,"") | J16: 0.037850934 | K16: =IFERROR(I16-J16,"")
A17: 4℃-飯糰(065) | B17: =SUM('（３）業績構成比'!U7:U10)/1000 -> 251.41833 | C17: =IFERROR(B17/$B$6,"") | D17: 0.010903809 | E17: =IFERROR(C17-D17,"") | G17: 4℃-飯糰(065) | H17: =SUM('（４）訂單數量構成比'!U7:U10) -> 8389 | I17: =IFERROR(H17/$B$7,"") | J17: 0.011252756 | K17: =IFERROR(I17-J17,"")
A18: 4℃-壽司手卷(077) | B18: =SUM('（３）業績構成比'!W7:W10)/1000 -> 1229.5236 | C18: =IFERROR(B18/$B$6,"") | D18: 0.049548361 | E18: =IFERROR(C18-D18,"") | G18: 4℃-壽司手卷(077) | H18: =SUM('（４）訂單數量構成比'!W7:W10) -> 52066 | I18: =IFERROR(H18/$B$7,"") | J18: 0.062276894 | K18: =IFERROR(I18-J18,"")
A19: 主食(091,092,093,094,095) | B19: =SUM('（３）業績構成比'!AC7:AC10)/1000 -> 3338.4779 | C19: =IFERROR(B19/$B$6,"") | D19: 0.1343246 | E19: =IFERROR(C19-D19,"") | G19: 主食(091,092,093,094,095) | H19: =SUM('（４）訂單數量構成比'!AC7:AC10) -> 62188 | I19: =IFERROR(H19/$B$7,"") | J19: 0.076646794 | K19: =IFERROR(I19-J19,"")
A20: 便當(083) | B20: =SUM('（３）業績構成比'!AE7:AE10)/1000 -> 5218.244 | C20: =IFERROR(B20/$B$6,"") | D20: 0.22905816 | E20: =IFERROR(C20-D20,"") | G20: 便當(083) | H20: =SUM('（４）訂單數量構成比'!AE7:AE10) -> 83919 | I20: =IFERROR(H20/$B$7,"") | J20: 0.11321897 | K20: =IFERROR(I20-J20,"")
A21: 熱食義麵(122,123,124,126) | B21: =SUM('（３）業績構成比'!AG7:AG10)/1000 -> 0 | C21: =IFERROR(B21/$B$6,"") | D21: 0 | E21: =IFERROR(C21-D21,"") | G21: 熱食義麵(122,123,124,126) | H21: =SUM('（４）訂單數量構成比'!AG7:AG10) -> 0 | I21: =IFERROR(H21/$B$7,"") | J21: 0 | K21: =IFERROR(I21-J21,"")
A22: 季節調理麵(111,112) | B22: =SUM('（３）業績構成比'!AI7:AI10)/1000 -> 3908.9865 | C22: =IFERROR(B22/$B$6,"") | D22: 0.17184921 | E22: =IFERROR(C22-D22,"") | G22: 季節調理麵(111,112) | H22: =SUM('（４）訂單數量構成比'!AI7:AI10) -> 100879 | I22: =IFERROR(H22/$B$7,"") | J22: 0.14207987 | K22: =IFERROR(I22-J22,"")
A23: 微波小吃(153,154,155) | B23: =SUM('（３）業績構成比'!AK7:AK10)/1000 -> 1363.8714 | C23: =IFERROR(B23/$B$6,"") | D23: 0.069252321 | E23: =IFERROR(C23-D23,"") | G23: 微波小吃(153,154,155) | H23: =SUM('（４）訂單數量構成比'!AK7:AK10) -> 43094 | I23: =IFERROR(H23/$B$7,"") | J23: 0.064233196 | K23: =IFERROR(I23-J23,"")
C24: =SUM(C15:C23) -> 0 | D24: =SUM(D15:D23) -> 1 | I24: =SUM(I15:I23) -> 0 | J24: =SUM(J15:J23) -> 1
A26: （５）品群別人時生產性
A27: 品群 | B27: 當月 | C27: 前月 | D27: 差異 | E27: 累計
A28: 18℃-飯A15:A23糰(061,063) | B28: ='（５-1）品群別人時生產性(18℃-飯糰)'!C1 -> 782.8768 | C28: 783.42711 | D28: =B28-C28 -> -0.55031197 | E28: ='數值累積總表(月)'!P37 -> 766.01501
A29: 18℃-壽司手卷(071,072,075,076) | B29: ='（５-2）品群別人時生產性(18℃-壽司手卷)'!C1 -> 295.70294 | C29: 298.23677 | D29: =B29-C29 -> -2.533831 | E29: ='數值累積總表(月)'!P38 -> 302.83805
A30: 4℃-飯糰(065) | B30: ='（５-3）品群別人時生產性(4℃-飯糰)'!C1 -> 119.39248 | C30: 118.56652 | D30: =B30-C30 -> 0.82595975 | E30: ='數值累積總表(月)'!P39 -> 224.17463
A31: 4℃-壽司手卷(077) | B31: ='（５-4）品群別人時生產性(4℃-壽司手卷)'!C1 -> 440.18559 | C31: 397.08854 | D31: =B31-C31 -> 43.097045 | E31: ='數值累積總表(月)'!P40 -> 441.35629
A32: 主食(091,092,093,094,095) | B32: ='（５-5）品群別人時生產性(微波主食) '!C1 -> 84.842849 | C32: 84.22771 | D32: =B32-C32 -> 0.61513954 | E32: ='數值累積總表(月)'!P41 -> 82.491468
A33: 便當(083) | B33: ='（５-6）品群別人時生產性(便當)'!C1 -> 80.046922 | C33: 79.718377 | D33: =B33-C33 -> 0.32854489 | E33: ='數值累積總表(月)'!P42 -> 78.679275
A34: 熱食義麵(122,123,124,126) | B34: ='（５-7）品群別人時生產性(熱食義麵) '!C1 -> 0 | C34: 0 | D34: =B34-C34 -> 0 | E34: ='數值累積總表(月)'!P43 -> 74.600054
A35: 季節調理麵(111,112) | B35: ='（５-8）品群別人時生產性(季節調理麵) '!C1 -> 154.70037 | C35: 157.36335 | D35: =B35-C35 -> -2.6629797 | E35: ='數值累積總表(月)'!P44 -> 132.45938
A36: 微波小吃(153,154,155) | B36: ='（５-9）品群別人時生產性(微波小吃)'!C1 -> 116.01672 | C36: 118.28437 | D36: =B36-C36 -> -2.2676433 | E36: ='數值累積總表(月)'!P45 -> 92.159528

Sheet 生產管理報表(週) 
A1: 大溪廠生產管理報表
A3: 月別 | B3: 8 | C3: 週別 | D3: W2 | E3: 工廠 | F3: 大溪廠
A4: （１）收支狀況 | E4: ※單位：千元 | G4: （２）ＫＰＩ達成進度
A5: 項目 | B5: 當週 | C5: 前週 | D5: 差異 | E5: 累計 | G5: 項目 | H5: KPI | I5: 當週 | J5: 前週 | K5: 累計 | L5: ※補充
A6: 業績金額 | B6: ='（１）收支狀況'!G19/1000 -> 38288.005 | C6: 41863.931 | D6: =B6-C6 -> -3575.9258 | E6: ='（１）收支狀況'!H9:H9/1000 -> 99035.039 | G6: 人時性(個/月均) | H6: 500.4 | I6: ='（２）ＫＰＩ達成進度'!G19 -> 447.03098 | J6: 444.98753 | K6: ='（２）ＫＰＩ達成進度'!H9 -> 445.67049 | L6: 個／MH
A7: 訂單數量 | B7: ='（１）收支狀況'!J19 -> 1244793 | C7: 1345846 | D7: =B7-C7 -> -101053 | E7: ='（１）收支狀況'!K9:K9 -> 3191112 | G7: 人時達成率(%/月均) | H7: 0.8 | I7: ='（２）ＫＰＩ達成進度'!J19 -> 0.89334728 | J7: 0.88926364 | K7: ='（２）ＫＰＩ達成進度'!K9 -> 0.89062847 | L7: 達成率
A8: 材料費 | B8: ='（１）收支狀況'!M19/1000 -> 26120.854 | C8: 28482.743 | D8: =B8-C8 -> -2361.8889 | E8: ='（１）收支狀況'!N9:N9/1000 -> 67369.415 | G8: 半成品-報廢(%) | H8: 0.0025 | I8: ='（２）ＫＰＩ達成進度'!M19 -> 0.0020059773 | J8: 0.0020032276 | K8: ='（２）ＫＰＩ達成進度'!N9 -> 0.00200465 | L8: 報廢率
A9: 材料費率 | B9: ='（１）收支狀況'!P19 -> 0.68222029 | C9: 0.68036475 | D9: =B9-C9 -> 0.0018555407 | E9: ='（１）收支狀況'!Q9 -> 0.68025837 | G9: 半成品-超用(%) | H9: 0.0025 | I9: ='（２）ＫＰＩ達成進度'!P19 -> 0.0060108531 | J9: 0.0060088059 | K9: ='（２）ＫＰＩ達成進度'!Q9 -> 0.0060113777 | L9: 超用率
A10: 勞務成本 | B10: ='（１）收支狀況'!S19/1000 -> 5469.2405 | C10: 5978.0771 | D10: =B10-C10 -> -508.83667 | E10: ='（１）收支狀況'!T9/1000 -> 14031.44 | G10: 固定產線-導入率(%) | H10: 0.8 | I10: ='（２）ＫＰＩ達成進度'!S19 -> 0.9 | J10: 0.9 | K10: ='（２）ＫＰＩ達成進度'!T9 -> 0.9 | L10: 導入率
A11: 勞務費率 | B11: ='（１）收支狀況'!V19 -> 0.14284475 | C11: 0.1427978 | D11: =B11-C11 -> 4.6951109e-05 | E11: ='（１）收支狀況'!W9 -> 0.14168157 | G11: 教育訓練-實施率(%) | H11: 1 | I11: =33/52*100% -> 0.63461538 | J11: 0.61538462 | K11: ='（２）ＫＰＩ達成進度'!W9 -> 0.6199095 | L11: 實施率
A13: （３）業績構成比 | E13: ※單位：千元 | G13: （４）訂單數量構成比 | K13: ※單位：個
B14: 當週 | C14: 比例 | D14: 前週 | E14: 差異 | H14: 當週 | I14: 比例 | J14: 前週 | K14: 差異
A15: 18℃-飯糰(061,063) | B15: =SUM('（３）業績構成比'!M21:M27)/1000 -> 11759.999 | C15: =IFERROR(B15/$B$6,"") -> 0.30714578 | D15: 0.29368199 | E15: =IFERROR(C15-D15,"") -> 0.013463791 | G15: 18℃-飯糰(061,063) | H15: =SUM('（４）訂單數量構成比'!M21:M27) -> 628684 | I15: =IFERROR(H15/$B$7,"") -> 0.50505104 | J15: 0.48355681 | K15: =IFERROR(I15-J15,"") -> 0.02149423
A16: 18℃-壽司手卷(071,072,075,076) | B16: =SUM('（３）業績構成比'!S21:S27)/1000 -> 1819.4032 | C16: =IFERROR(B16/$B$6,"") -> 0.047518882 | D16: 0.047101103 | E16: =IFERROR(C16-D16,"") -> 0.00041777862 | G16: 18℃-壽司手卷(071,072,075,076) | H16: =SUM('（４）訂單數量構成比'!S21:S27) -> 62841 | I16: =IFERROR(H16/$B$7,"") -> 0.050483092 | J16: 0.050479773 | K16: =IFERROR(I16-J16,"") -> 3.3197953e-06
A17: 4℃-飯糰(065) | B17: =SUM('（３）業績構成比'!U21:U27)/1000 -> 468.25128 | C17: =IFERROR(B17/$B$6,"") -> 0.012229712 | D17: 0.010676794 | E17: =IFERROR(C17-D17,"") -> 0.0015529178 | G17: 4℃-飯糰(065) | H17: =SUM('（４）訂單數量構成比'!U21:U27) -> 15624 | I17: =IFERROR(H17/$B$7,"") -> 0.012551484 | J17: 0.011081506 | K17: =IFERROR(I17-J17,"") -> 0.0014699789
A18: 4℃-壽司手卷(077) | B18: =SUM('（３）業績構成比'!W21:W27)/1000 -> 1532.5496 | C18: =IFERROR(B18/$B$6,"") -> 0.040026885 | D18: 0.040012427 | E18: =IFERROR(C18-D18,"") -> 1.4457586e-05 | G18: 4℃-壽司手卷(077) | H18: =SUM('（４）訂單數量構成比'!W21:W27) -> 65967 | I18: =IFERROR(H18/$B$7,"") -> 0.052994353 | J18: 0.053095971 | K18: =IFERROR(I18-J18,"") -> -0.00010161758
A19: 主食(091,092,093,094,095) | B19: =SUM('（３）業績構成比'!AC21:AC27)/1000 -> 5883.728 | C19: =IFERROR(B19/$B$6,"") -> 0.15367027 | D19: 0.14227031 | E19: =IFERROR(C19-D19,"") -> 0.011399956 | G19: 主食(091,092,093,094,095) | H19: =SUM('（４）訂單數量構成比'!AC21:AC27) -> 109807 | I19: =IFERROR(H19/$B$7,"") -> 0.08821306 | J19: 0.082473032 | K19: =IFERROR(I19-J19,"") -> 0.0057400285
A20: 便當(083) | B20: =SUM('（３）業績構成比'!AE21:AE27)/1000 -> 9315.5882 | C20: =IFERROR(B20/$B$6,"") -> 0.24330305 | D20: 0.22465748 | E20: =IFERROR(C20-D20,"") -> 0.018645568 | G20: 便當(083) | H20: =SUM('（４）訂單數量構成比'!AE21:AE27) -> 151900 | I20: =IFERROR(H20/$B$7,"") -> 0.12202832 | J20: 0.11324698 | K20: =IFERROR(I20-J20,"") -> 0.0087813375
A21: 熱食義麵(122,123,124,126) | B21: =SUM('（３）業績構成比'!AG21:AG27)/1000 -> 0 | C21: =IFERROR(B21/$B$6,"") -> 0 | D21: 0 | E21: =IFERROR(C21-D21,"") -> 0 | G21: 熱食義麵(122,123,124,126) | H21: =SUM('（４）訂單數量構成比'!AG21:AG27) -> 0 | I21: =IFERROR(H21/$B$7,"") -> 0 | J21: 0 | K21: =IFERROR(I21-J21,"") -> 0
A22: 季節調理麵(111,112) | B22: =SUM('（３）業績構成比'!AI21:AI27)/1000 -> 6280.8646 | C22: =IFERROR(B22/$B$6,"") -> 0.16404262 | D22: 0.19051614 | E22: =IFERROR(C22-D22,"") -> -0.026473522 | G22: 季節調理麵(111,112) | H22: =SUM('（４）訂單數量構成比'!AI21:AI27) -> 167511 | I22: =IFERROR(H22/$B$7,"") -> 0.13456936 | J22: 0.15488399 | K22: =IFERROR(I22-J22,"") -> -0.020314629
A23: 微波小吃(153,154,155) | B23: =SUM('（３）業績構成比'!AK21:AK27)/1000 -> 1227.621 | C23: =IFERROR(B23/$B$6,"") -> 0.032062809 | D23: 0.051083757 | E23: =IFERROR(C23-D23,"") -> -0.019020948 | G23: 微波小吃(153,154,155) | H23: =SUM('（４）訂單數量構成比'!AK21:AK27) -> 42459 | I23: =IFERROR(H23/$B$7,"") -> 0.034109286 | J23: 0.051181933 | K23: =IFERROR(I23-J23,"") -> -0.017072648
C24: =SUM(C15:C23) -> 1 | D24: =SUM(D15:D23) -> 1 | I24: =SUM(I15:I23) -> 1 | J24: =SUM(J15:J23) -> 1
A26: （５）品群別人時生產性
A27: 品群 | B27: 當週 | C27: 前週 | D27: 差異 | E27: 累計
A28: 18℃-飯糰(061,063) | B28: ='（５-1）品群別人時生產性(18℃-飯糰)'!L91 -> 785.80801 | C28: 779.94558 | D28: =B28-C28 -> 5.8624296 | E28: ='（５-1）品群別人時生產性(18℃-飯糰)'!C1 -> 782.8768
A29: 18℃-壽司手卷(071,072,075,076) | B29: ='（５-2）品群別人時生產性(18℃-壽司手卷)'!L47 -> 295.68444 | C29: 295.72143 | D29: =B29-C29 -> -0.036994289 | E29: ='（５-2）品群別人時生產性(18℃-壽司手卷)'!C1 -> 295.70294
A30: 4℃-飯糰(065) | B30: ='（５-3）品群別人時生產性(4℃-飯糰)'!L47 -> 119.39248 | C30: 119.39248 | D30: =B30-C30 -> 0 | E30: ='（５-3）品群別人時生產性(4℃-飯糰)'!C1 -> 119.39248
A31: 4℃-壽司手卷(077) | B31: ='（５-4）品群別人時生產性(4℃-壽司手卷)'!L47 -> 440.32808 | C31: 440.0431 | D31: =B31-C31 -> 0.28498179 | E31: ='（５-4）品群別人時生產性(4℃-壽司手卷)'!C1 -> 440.18559
A32: 主食(091,092,093,094,095) | B32: ='（５-5）品群別人時生產性(微波主食) '!L47 -> 84.864535 | C32: 84.821164 | D32: =B32-C32 -> 0.043370308 | E32: ='（５-5）品群別人時生產性(微波主食) '!C1 -> 84.842849
A33: 便當(083) | B33: ='（５-6）品群別人時生產性(便當)'!L47 -> 80.159882 | C33: 79.933962 | D33: =B33-C33 -> 0.22591926 | E33: ='（５-6）品群別人時生產性(便當)'!C1 -> 80.046922
A34: 熱食義麵(122,123,124,126) | B34: ='（５-7）品群別人時生產性(熱食義麵) '!L47 -> 0 | C34: 0 | D34: =B34-C34 -> 0 | E34: ='（５-7）品群別人時生產性(熱食義麵) '!C1 -> 0
A35: 季節調理麵(111,112) | B35: ='（５-8）品群別人時生產性(季節調理麵) '!L47 -> 155.3059 | C35: 154.09485 | D35: =B35-C35 -> 1.2110485 | E35: ='（５-8）品群別人時生產性(季節調理麵) '!C1 -> 154.70037
A36: 微波小吃(153,154,155) | B36: ='（５-9）品群別人時生產性(微波小吃)'!L47 -> 114.22959 | C36: 117.80385 | D36: =B36-C36 -> -3.5742645 | E36: ='（５-9）品群別人時生產性(微波小吃)'!C1 -> 116.01672

Sheet （１）收支狀況
B2: （１）收支狀況
B3: 資料繳交日 | C3: 月份 | D3: 日期 | F3: 營業額(元) | I3: 訂單數量(個) | L3: 材料費(元) | O3: 材料費率（材料費／營業額） | R3: 勞務成本（全廠人事成本） | U3: 勞務費率（勞務成本／營業額）
F4: 日 | G4: 週累積 | H4: 月累積 | I4: 日 | J4: 週累積 | K4: 月累積 | L4: 日 | M4: 週累積 | N4: 月累積 | O4: 日 | P4: 週累積 | Q4: 月累積 | R4: 日 | S4: 週累積 | T4: 月累積 | U4: 日 | V4: 週累積 | W4: 月累積
B5: =D6+7 -> 46239 | D5: 46231 | E5: 二 | F5: 6626056.9 | G5: =SUM(F5:F11) -> 42486866 | I5: 213264 | J5: =SUM(I5:I11) -> 1361947 | L5: 4366639.8 | M5: =SUM(L5:L11) -> 28602574 | O5: =L5/F5 -> 0.65901031 | P5: =M5/G5 -> 0.67320978 | R5: 925337.43 | S5: =SUM(R5:R11) -> 6007602.4 | U5: =R5/F5 -> 0.1396513 | V5: =S5/G5 -> 0.14139905
D6: =D5+1 -> 46232 | E6: 三 | F6: 6255627.2 | I6: 201459 | L6: 4227643.2 | O6: =L6/F6 -> 0.67581443 | R6: 889269.56 | U6: =R6/F6 -> 0.14215514
D7: =D6+1 -> 46233 | E7: 四 | F7: 5785963.2 | I7: 187092 | L7: 3888763.8 | O7: =L7/F7 -> 0.67210309 | R7: 833792.64 | U7: =R7/F7 -> 0.14410611
D8: =D7+1 -> 46234 | E8: 五 | F8: 4936115 | I8: 159659 | L8: 3353708.5 | O8: =L8/F8 -> 0.67942268 | R8: 775080.81 | U8: =R8/F8 -> 0.15702244
C9: 八 | D9: =D8+1 -> 46235 | E9: 六 | F9: 5278918.6 | H9: =SUM(F9:F39) -> 99035039 | I9: 170810 | K9: =SUM(I9:I39) -> 3191112 | L9: 3538725.8 | N9: =SUM(L9:L39) -> 67369415 | O9: =L9/F9 -> 0.67035052 | Q9: =N9/H9 -> 0.68025837 | R9: 791868.99 | T9: =SUM(R9:R39) -> 14031440 | U9: =R9/F9 -> 0.15000591 | W9: =T9/H9 -> 0.14168157
D10: =D9+1 -> 46236 | E10: 日 | F10: 6878371.5 | I10: 216220 | L10: 4644248 | O10: =L10/F10 -> 0.67519588 | R10: 910527.83 | U10: =R10/F10 -> 0.13237549
D11: =D10+1 -> 46237 | E11: 一 | F11: 6725813.8 | I11: 213443 | L11: 4582844.7 | O11: =L11/F11 -> 0.68138144 | R11: 881725.11 | U11: =R11/F11 -> 0.13109568
B12: =B5+7 -> 46246 | D12: =D11+1 -> 46238 | E12: 二 | F12: 6631265.1 | G12: =SUM(F12:F18) -> 41863931 | I12: 211425 | J12: =SUM(I12:I18) -> 1345846 | L12: 4510217.4 | M12: =SUM(L12:L18) -> 28482743 | O12: =L12/F12 -> 0.68014433 | P12: =M12/G12 -> 0.68036475 | R12: 904901.96 | S12: =SUM(R12:R18) -> 5978077.1 | U12: =R12/F12 -> 0.13645993 | V12: =S12/G12 -> 0.1427978
D13: =D12+1 -> 46239 | E13: 三 | F13: 6359056 | I13: 203649 | L13: 4293608.4 | O13: =L13/F13 -> 0.67519588 | R13: 873214.77 | U13: =R13/F13 -> 0.1373183
D14: =D13+1 -> 46240 | E14: 四 | F14: 5817645.9 | I14: 188918 | L14: 3989225.8 | O14: =L14/F14 -> 0.68571134 | R14: 838149.94 | U14: =R14/F14 -> 0.14407029
D15: =D14+1 -> 46241 | E15: 五 | F15: 4858510.1 | I15: 157640 | L15: 3320015.3 | O15: =L15/F15 -> 0.68334021 | R15: 766305.87 | U15: =R15/F15 -> 0.15772446
D16: =D15+1 -> 46242 | E16: 六 | F16: 5207710 | I16: 168530 | L16: 3540920.6 | O16: =L16/F16 -> 0.67993814 | R16: 804139.22 | U16: =R16/F16 -> 0.15441321
D17: =D16+1 -> 46243 | E17: 日 | F17: 6655646.1 | I17: 211756 | L17: 4561793.5 | O17: =L17/F17 -> 0.68540206 | R17: 912097.3 | U17: =R17/F17 -> 0.13704114
D18: =D17+1 -> 46244 | E18: 一 | F18: 6334097.6 | I18: 203928 | L18: 4266961.6 | O18: =L18/F18 -> 0.67364948 | R18: 879268.07 | U18: =R18/F18 -> 0.13881505
B19: =B12+7 -> 46253 | D19: =D18+1 -> 46245 | E19: 二 | F19: 5779689.7 | G19: =SUM(F19:F25) -> 38288005 | I19: 187621 | J19: =SUM(I19:I25) -> 1244793 | L19: 3925660.6 | M19: =SUM(L19:L25) -> 26120854 | O19: =L19/F19 -> 0.67921649 | P19: =M19/G19 -> 0.68222029 | R19: 808693.21 | S19: =SUM(R19:R25) -> 5469240.5 | U19: =R19/F19 -> 0.13991983 | V19: =S19/G19 -> 0.14284475
D20: =D19+1 -> 46246 | E20: 三 | F20: 5663016 | I20: 184147 | L20: 3904795.5 | O20: =L20/F20 -> 0.68952577 | R20: 808683.84 | U20: =R20/F20 -> 0.14280091
D21: =D20+1 -> 46247 | E21: 四 | F21: 5284211.3 | I21: 172846 | L21: 3602197.8 | O21: =L21/F21 -> 0.68169072 | R21: 759116.8 | U21: =R21/F21 -> 0.14365754
D22: =D21+1 -> 46248 | E22: 五 | F22: 4470999 | I22: 146977 | L22: 3078259.8 | O22: =L22/F22 -> 0.68849485 | R22: 708139.37 | U22: =R22/F22 -> 0.15838504
D23: =D22+1 -> 46249 | E23: 六 | F23: 4735598.2 | I23: 155408 | L23: 3231630.8 | O23: =L23/F23 -> 0.68241237 | R23: 734523.98 | U23: =R23/F23 -> 0.1551069
D24: =D23+1 -> 46250 | E24: 日 | F24: 6269913.1 | I24: 200927 | L24: 4219845.4 | O24: =L24/F24 -> 0.67303093 | R24: 884957.24 | U24: =R24/F24 -> 0.14114346
D25: =D24+1 -> 46251 | E25: 一 | F25: 6084577.5 | I25: 196867 | L25: 4158463.7 | O25: =L25/F25 -> 0.6834433 | R25: 765126.02 | U25: =R25/F25 -> 0.12574842
B26: =B19+7 -> 46260 | D26: =D25+1 -> 46252 | E26: 二 | G26: =SUM(F26:F32) -> 0 | J26: =SUM(I26:I32) -> 0 | M26: =SUM(L26:L32) -> 0 | O26: =L26/F26 -> #DIV/0! | P26: =M26/G26 -> #DIV/0! | S26: =SUM(R26:R32) -> 0 | U26: =R26/F26 -> #DIV/0! | V26: =S26/G26 -> #DIV/0!
D27: =D26+1 -> 46253 | E27: 三 | O27: =L27/F27 -> #DIV/0! | U27: =R27/F27 -> #DIV/0!
D28: =D27+1 -> 46254 | E28: 四 | O28: =L28/F28 -> #DIV/0! | U28: =R28/F28 -> #DIV/0!
D29: =D28+1 -> 46255 | E29: 五 | O29: =L29/F29 -> #DIV/0! | U29: =R29/F29 -> #DIV/0!
D30: =D29+1 -> 46256 | E30: 六 | O30: =L30/F30 -> #DIV/0! | U30: =R30/F30 -> #DIV/0!
D31: =D30+1 -> 46257 | E31: 日 | O31: =L31/F31 -> #DIV/0! | U31: =R31/F31 -> #DIV/0!
D32: =D31+1 -> 46258 | E32: 一 | O32: =L32/F32 -> #DIV/0! | U32: =R32/F32 -> #DIV/0!
B33: =B26+7 -> 46267 | D33: =D32+1 -> 46259 | E33: 二 | G33: =SUM(F33:F39) -> 0 | J33: =SUM(I33:I39) -> 0 | M33: =SUM(L33:L39) -> 0 | O33: =L33/F33 -> #DIV/0! | P33: =M33/G33 -> #DIV/0! | S33: =SUM(R33:R39) -> 0 | U33: =R33/F33 -> #DIV/0! | V33: =S33/G33 -> #DIV/0!
D34: =D33+1 -> 46260 | E34: 三 | O34: =L34/F34 -> #DIV/0! | U34: =R34/F34 -> #DIV/0!
D35: =D34+1 -> 46261 | E35: 四 | O35: =L35/F35 -> #DIV/0! | U35: =R35/F35 -> #DIV/0!
D36: =D35+1 -> 46262 | E36: 五 | O36: =L36/F36 -> #DIV/0! | U36: =R36/F36 -> #DIV/0!
D37: =D36+1 -> 46263 | E37: 六 | O37: =L37/F37 -> #DIV/0! | U37: =R37/F37 -> #DIV/0!
D38: =D37+1 -> 46264 | E38: 日 | O38: =L38/F38 -> #DIV/0! | U38: =R38/F38 -> #DIV/0!
D39: =D38+1 -> 46265 | E39: 一 | O39: =L39/F39 -> #DIV/0! | U39: =R39/F39 -> #DIV/0!

Sheet （２）ＫＰＩ達成進度
B1: 人時生產性基準值 | C1: 500.4
B2: （２）ＫＰＩ達成進度
B3: 資料繳交日 | C3: 月份 | D3: 日期 | F3: 人時生產性(個/人) | I3: 人時生產性達成率(%) | L3: 半成品報廢(%) | O3: 半成品超用(%) | R3: 固定產線-導入率(固定產線數/總產線數) | U3: 教育訓練-實施率(進度/計畫)
F4: 日 | G4: 週平均 | H4: 月平均 | I4: 日 | J4: 週平均 | K4: 月平均 | L4: 日 | M4: 週平均 | N4: 月平均 | O4: 日 | P4: 週平均 | Q4: 月平均 | R4: 日 | S4: 週平均 | T4: 月平均 | U4: 日 | V4: 週平均 | W4: 月平均
B5: 46239 | D5: 46231 | E5: 二 | F5: 435.56218 | G5: =AVERAGE(F5:F11) -> 441.50045 | I5: =F5/$C$1 -> 0.87042801 | J5: =AVERAGE(I5:I11) -> 0.88229506 | L5: 0.0020037797 | M5: =AVERAGE(L5:L11) -> 0.002002191 | O5: 0.0060038061 | P5: =AVERAGE(O5:O11) -> 0.0060080319 | R5: 0.9 | S5: =AVERAGE(R5:R11) -> 0.9 | U5: =31/52*100% -> 0.59615385 | V5: =AVERAGE(U5:U11) -> 0.59615385
D6: =D5+1 -> 46232 | E6: 三 | F6: 438.34046 | I6: =F6/$C$1 -> 0.87598014 | L6: 0.0020019479 | O6: 0.0060017525 | R6: 0.9 | U6: =31/52*100% -> 0.59615385
D7: =D6+1 -> 46233 | E7: 四 | F7: 441.47627 | I7: =F7/$C$1 -> 0.88224675 | L7: 0.001998529 | O7: 0.0059985558 | R7: 0.9 | U7: =31/52*100% -> 0.59615385
D8: =D7+1 -> 46234 | E8: 五 | F8: 442.85545 | I8: =F8/$C$1 -> 0.88500291 | L8: 0.0019964656 | O8: 0.0059963011 | R8: 0.9 | U8: =31/52*100% -> 0.59615385
C9: 八 | D9: =D8+1 -> 46235 | E9: 六 | F9: 443.79998 | H9: =AVERAGEIF(F9:F39,"<>0") -> 445.67049 | I9: =F9/$C$1 -> 0.88689045 | K9: =AVERAGEIF(I9:I39,"<>0") -> 0.89062847 | L9: 0.0020022607 | N9: =AVERAGEIF(L9:L39,"<>0") -> 0.00200465 | O9: 0.0060024305 | Q9: =AVERAGEIF(O9:O39,"<>0") -> 0.0060113777 | R9: 0.9 | T9: =AVERAGEIF(R9:R39,"<>0") -> 0.9 | U9: =31/52*100% -> 0.59615385 | W9: =AVERAGEIF(U9:U39,"<>0") -> 0.6199095
D10: =D9+1 -> 46236 | E10: 日 | F10: 443.89283 | I10: =F10/$C$1 -> 0.88707601 | L10: 0.0020060667 | O10: 0.0060398551 | R10: 0.9 | U10: =31/52*100% -> 0.59615385
D11: =D10+1 -> 46237 | E11: 一 | F11: 444.57594 | I11: =F11/$C$1 -> 0.88844113 | L11: 0.0020062877 | O11: 0.0060135224 | R11: 0.9 | U11: =31/52*100% -> 0.59615385
B12: =B5+7 -> 46246 | D12: =D11+1 -> 46238 | E12: 二 | F12: 444.87453 | G12: =AVERAGE(F12:F18) -> 444.98753 | I12: =F12/$C$1 -> 0.88903784 | J12: =AVERAGE(I12:I18) -> 0.88926364 | L12: 0.002003565 | M12: =AVERAGE(L12:L18) -> 0.0020032276 | O12: 0.0060082803 | P12: =AVERAGE(O12:O18) -> 0.0060088059 | R12: 0.9 | S12: =AVERAGE(R12:R18) -> 0.9 | U12: =32/52*100% -> 0.61538462 | V12: =AVERAGE(U12:U18) -> 0.61538462
D13: =D12+1 -> 46239 | E13: 三 | F13: 444.99873 | I13: =F13/$C$1 -> 0.88928604 | L13: 0.0020020242 | O13: 0.0060023977 | R13: 0.9 | U13: =32/52*100% -> 0.61538462
D14: =D13+1 -> 46240 | E14: 四 | F14: 444.39754 | I14: =F14/$C$1 -> 0.88808462 | L14: 0.0019980107 | O14: 0.0060038798 | R14: 0.9 | U14: =32/52*100% -> 0.61538462
D15: =D14+1 -> 46241 | E15: 五 | F15: 444.01185 | I15: =F15/$C$1 -> 0.88731386 | L15: 0.0019963329 | O15: 0.0059962864 | R15: 0.9 | U15: =32/52*100% -> 0.61538462
D16: =D15+1 -> 46242 | E16: 六 | F16: 444.63999 | I16: =F16/$C$1 -> 0.88856913 | L16: 0.0020022747 | O16: 0.0060082594 | R16: 0.9 | U16: =32/52*100% -> 0.61538462
D17: =D16+1 -> 46243 | E17: 日 | F17: 445.08293 | I17: =F17/$C$1 -> 0.88945429 | L17: 0.0020120046 | O17: 0.0060243767 | R17: 0.9 | U17: =32/52*100% -> 0.61538462
D18: =D17+1 -> 46244 | E18: 一 | F18: 446.9071 | I18: =F18/$C$1 -> 0.89309972 | L18: 0.0020083813 | O18: 0.006018161 | R18: 0.9 | U18: =32/52*100% -> 0.61538462
B19: =B12+7 -> 46253 | D19: =D18+1 -> 46245 | E19: 二 | F19: 447.04912 | G19: =AVERAGE(F19:F25) -> 447.03098 | I19: =F19/$C$1 -> 0.89338352 | J19: =AVERAGE(I19:I25) -> 0.89334728 | L19: 0.0020055281 | M19: =AVERAGE(L19:L25) -> 0.0020059773 | O19: 0.0060164485 | P19: =AVERAGE(O19:O25) -> 0.0060108531 | R19: 0.9 | S19: =AVERAGE(R19:R25) -> 0.9 | U19: =33/52*100% -> 0.63461538 | V19: =AVERAGE(U19:U25) -> 0.63461538
D20: =D19+1 -> 46246 | E20: 三 | F20: 447.17079 | I20: =F20/$C$1 -> 0.89362668 | L20: 0.0020042621 | O20: 0.0060102545 | R20: 0.9 | U20: =33/52*100% -> 0.63461538
D21: =D20+1 -> 46247 | E21: 四 | F21: 446.55731 | I21: =F21/$C$1 -> 0.89240071 | L21: 0.002003608 | O21: 0.0060057968 | R21: 0.9 | U21: =33/52*100% -> 0.63461538
D22: =D21+1 -> 46248 | E22: 五 | F22: 448.30135 | I22: =F22/$C$1 -> 0.89588599 | L22: 0.0020019534 | O22: 0.0060037292 | R22: 0.9 | U22: =33/52*100% -> 0.63461538
D23: =D22+1 -> 46249 | E23: 六 | F23: 446.41709 | I23: =F23/$C$1 -> 0.89212048 | L23: 0.0020038676 | O23: 0.0060078388 | R23: 0.9 | U23: =33/52*100% -> 0.63461538
D24: =D23+1 -> 46250 | E24: 日 | F24: 446.80395 | I24: =F24/$C$1 -> 0.89289358 | L24: 0.0020144079 | O24: 0.0060199032 | R24: 0.9 | U24: =33/52*100% -> 0.63461538
D25: =D24+1 -> 46251 | E25: 一 | F25: 446.91724 | I25: =F25/$C$1 -> 0.89311999 | L25: 0.0020082142 | O25: 0.0060120004 | R25: 0.9 | U25: =33/52*100% -> 0.63461538
B26: =B19+7 -> 46260 | D26: =D25+1 -> 46252 | E26: 二 | G26: =AVERAGE(F26:F32) -> #DIV/0! | I26: =F26/$C$1 -> 0 | J26: =AVERAGE(I26:I32) -> 0 | M26: =AVERAGE(L26:L32) -> #DIV/0! | P26: =AVERAGE(O26:O32) -> #DIV/0! | S26: =AVERAGE(R26:R32) -> #DIV/0! | V26: =AVERAGE(U26:U32) -> #DIV/0!
D27: =D26+1 -> 46253 | E27: 三 | I27: =F27/$C$1 -> 0
D28: =D27+1 -> 46254 | E28: 四 | I28: =F28/$C$1 -> 0
D29: =D28+1 -> 46255 | E29: 五 | I29: =F29/$C$1 -> 0
D30: =D29+1 -> 46256 | E30: 六 | I30: =F30/$C$1 -> 0
D31: =D30+1 -> 46257 | E31: 日 | I31: =F31/$C$1 -> 0
D32: =D31+1 -> 46258 | E32: 一 | I32: =F32/$C$1 -> 0
B33: =B26+7 -> 46267 | D33: =D32+1 -> 46259 | E33: 二 | G33: =AVERAGE(F33:F39) -> #DIV/0! | I33: =F33/$C$1 -> 0 | J33: =AVERAGE(I33:I39) -> 0 | M33: =AVERAGE(L33:L39) -> #DIV/0! | P33: =AVERAGE(O33:O39) -> #DIV/0! | S33: =AVERAGE(R33:R39) -> #DIV/0! | V33: =AVERAGE(U33:U39) -> #DIV/0!
D34: =D33+1 -> 46260 | E34: 三 | I34: =F34/$C$1 -> 0
D35: =D34+1 -> 46261 | E35: 四 | I35: =F35/$C$1 -> 0
D36: =D35+1 -> 46262 | E36: 五 | I36: =F36/$C$1 -> 0
D37: =D36+1 -> 46263 | E37: 六 | I37: =F37/$C$1 -> 0
D38: =D37+1 -> 46264 | E38: 日 | I38: =F38/$C$1 -> 0
D39: =D38+1 -> 46265 | E39: 一 | I39: =F39/$C$1 -> 0

Sheet （３）業績構成比
B2: （3）業績構成比
B3: 資料繳交日 | C3: 月份 | D3: 日期 | F3: 營業額 | I3: 品類業績
I4: 18℃-飯糰 | O4: 18℃-壽司手卷 | U4: 4℃-飯糰 | W4: 4℃-壽司手卷 | Y4: 主食 | AE4: 便當 | AG4: 熱食義麵 | AI4: 季節調理麵 | AK4: 微波小吃
F5: 日 | G5: 週累積 | H5: 月累積 | I5: 一配 | K5: 二配 | M5: 合計 | O5: 一配 | Q5: 二配 | S5: 合計 | U5: 一配 | W5: 一配 | Y5: 一配 | AA5: 二配 | AC5: 合計 | AE5: 一配 | AG5: 一配 | AI5: 一配 | AK5: 一配
I6: 業績(元) | J6: 比例(%) | K6: 業績(元) | L6: 比例(%) | M6: 業績(元) | N6: 比例(%) | O6: 業績(元) | P6: 比例(%) | Q6: 業績(元) | R6: 比例(%) | S6: 業績(元) | T6: 比例(%) | U6: 業績(元) | V6: 比例(%) | W6: 業績(元) | X6: 比例(%) | Y6: 業績(元) | Z6: 比例(%) | AA6: 業績(元) | AB6: 比例(%) | AC6: 業績(元) | AD6: 比例(%) | AE6: 業績(元) | AF6: 比例(%) | AG6: 業績(元) | AH6: 比例(%) | AI6: 業績(元) | AJ6: 比例(%) | AK6: 業績(元) | AL6: 比例(%)
B7: 46239 | D7: 46231 | E7: 二 | F7: =SUM(M7,S7,U7,W7,AC7,AE7,AG7,AI7,AK7) -> 6626056.9 | G7: =SUM(F7:F13) -> 42486866 | I7: 916210.92 | J7: =I7/$F7 -> 0.13827393 | K7: 1056654.7 | L7: =K7/$F7 -> 0.15946962 | M7: =I7+K7 -> 1972865.7 | N7: =M7/$F7 -> 0.29774354 | O7: 332859.43 | P7: =O7/$F7 -> 0.050234919 | Q7: 0 | R7: =Q7/$F7 -> 0 | S7: =O7+Q7 -> 332859.43 | T7: =S7/$F7 -> 0.050234919 | U7: 72647.28 | V7: =U7/$F7 -> 0.010963878 | W7: 405052.75 | X7: =W7/$F7 -> 0.061130286 | Y7: 391742.31 | Z7: =Y7/$F7 -> 0.059121483 | AA7: 564780.37 | AB7: =AA7/$F7 -> 0.08523627 | AC7: =Y7+AA7 -> 956522.68 | AD7: =AC7/$F7 -> 0.14435775 | AE7: 1542665.4 | AF7: =AE7/F7 -> 0.23281801 | AG7: 0 | AH7: =AG7/$F7 -> 0 | AI7: 974769.31 | AJ7: =AI7/$F7 -> 0.14711152 | AK7: 368674.37 | AL7: =AK7/$F7 -> 0.055640085
D8: 46232 | E8: 三 | F8: =SUM(M8,S8,U8,W8,AC8,AE8,AG8,AI8,AK8) -> 6255627.2 | I8: 892990.06 | J8: =I8/$F8 -> 0.14274988 | K8: 1002618.1 | L8: =K8/$F8 -> 0.16027459 | M8: =I8+K8 -> 1895608.1 | N8: =M8/F8 -> 0.30302447 | O8: 335009.01 | P8: =O8/$F8 -> 0.053553225 | Q8: 0 | R8: =Q8/$F8 -> 0 | S8: =O8+Q8 -> 335009.01 | T8: =S8/F8 -> 0.053553225 | U8: 65034.9 | V8: =U8/F8 -> 0.010396224 | W8: 310798.37 | X8: =W8/$F8 -> 0.049683007 | Y8: 360085.06 | Z8: =Y8/$F8 -> 0.057561784 | AA8: 557071.84 | AB8: =AA8/$F8 -> 0.089051317 | AC8: =Y8+AA8 -> 917156.9 | AD8: =AC8/$F8 -> 0.1466131 | AE8: 1411466.7 | AF8: =AE8/F8 -> 0.22563152 | AG8: 0 | AH8: =AG8/$F8 -> 0 | AI8: 957447.55 | AJ8: =AI8/$F8 -> 0.15305381 | AK8: 363105.69 | AL8: =AK8/$F8 -> 0.05804465
D9: 46233 | E9: 四 | F9: =SUM(M9,S9,U9,W9,AC9,AE9,AG9,AI9,AK9) -> 5785963.2 | I9: 838667.45 | J9: =I9/$F9 -> 0.14494863 | K9: 888976 | L9: =K9/$F9 -> 0.15364356 | M9: =I9+K9 -> 1727643.4 | N9: =M9/$F9 -> 0.29859219 | O9: 317196.07 | P9: =O9/$F9 -> 0.054821653 | Q9: 0 | R9: =Q9/$F9 -> 0 | S9: =O9+Q9 -> 317196.07 | T9: =S9/$F9 -> 0.054821653 | U9: 65454.48 | V9: =U9/$F9 -> 0.011312633 | W9: 297300.07 | X9: =W9/$F9 -> 0.051382987 | Y9: 336180.01 | Z9: =Y9/$F9 -> 0.058102687 | AA9: 426289.7 | AB9: =AA9/$F9 -> 0.073676531 | AC9: =Y9+AA9 -> 762469.71 | AD9: =AC9/$F9 -> 0.13177922 | AE9: 1297948 | AF9: =AE9/F9 -> 0.22432704 | AG9: 0 | AH9: =AG9/$F9 -> 0 | AI9: 974797.79 | AJ9: =AI9/$F9 -> 0.16847632 | AK9: 343153.66 | AL9: =AK9/$F9 -> 0.059307957
D10: 46234 | E10: 五 | F10: =SUM(M10,S10,U10,W10,AC10,AE10,AG10,AI10,AK10) -> 4936115 | I10: 642135.93 | J10: =I10/$F10 -> 0.13008934 | K10: 816869.93 | L10: =K10/$F10 -> 0.16548843 | M10: =I10+K10 -> 1459005.9 | N10: =M10/F10 -> 0.29557777 | O10: 253053.06 | P10: =O10/$F10 -> 0.051265633 | Q10: 0 | R10: =Q10/$F10 -> 0 | S10: =O10+Q10 -> 253053.06 | T10: =S10/F10 -> 0.051265633 | U10: 48281.67 | V10: =U10/F10 -> 0.0097813098 | W10: 216372.37 | X10: =W10/$F10 -> 0.043834548 | Y10: 296368.4 | Z10: =Y10/$F10 -> 0.060040821 | AA10: 405960.26 | AB10: =AA10/$F10 -> 0.082242869 | AC10: =Y10+AA10 -> 702328.66 | AD10: =AC10/$F10 -> 0.14228369 | AE10: 966163.92 | AF10: =AE10/F10 -> 0.19573367 | AG10: 0 | AH10: =AG10/$F10 -> 0 | AI10: 1001971.8 | AJ10: =AI10/$F10 -> 0.20298795 | AK10: 288937.63 | AL10: =AK10/$F10 -> 0.058535433
C11: 八 | D11: 46235 | E11: 六 | F11: =SUM(M11,S11,U11,W11,AC11,AE11,AG11,AI11,AK11) -> 5278918.6 | H11: =SUM(F11:F41) -> 99035039 | I11: 603913.17 | J11: =I11/$F11 -> 0.11440093 | K11: 950774.94 | L11: =K11/$F11 -> 0.1801079 | M11: =I11+K11 -> 1554688.1 | N11: =M11/$F11 -> 0.29450883 | O11: 244351.8 | P11: =O11/$F11 -> 0.046288231 | Q11: 0 | R11: =Q11/$F11 -> 0 | S11: =O11+Q11 -> 244351.8 | T11: =S11/$F11 -> 0.046288231 | U11: 49630.32 | V11: =U11/$F11 -> 0.0094016074 | W11: 239798.25 | X11: =W11/$F11 -> 0.045425639 | Y11: 320707.3 | Z11: =Y11/$F11 -> 0.060752462 | AA11: 528342.76 | AB11: =AA11/$F11 -> 0.10008542 | AC11: =Y11+AA11 -> 849050.06 | AD11: =AC11/$F11 -> 0.16083788 | AE11: 1036536.9 | AF11: =AE11/F11 -> 0.19635402 | AG11: 0 | AH11: =AG11/$F11 -> 0 | AI11: 1014723.2 | AJ11: =AI11/$F11 -> 0.19222179 | AK11: 290139.98 | AL11: =AK11/$F11 -> 0.054962011
D12: 46236 | E12: 日 | F12: =SUM(M12,S12,U12,W12,AC12,AE12,AG12,AI12,AK12) -> 6878371.5 | I12: 877498.45 | J12: =I12/$F12 -> 0.12757358 | K12: 1090163.9 | L12: =K12/$F12 -> 0.15849157 | M12: =I12+K12 -> 1967662.3 | N12: =M12/F12 -> 0.28606515 | O12: 327772.14 | P12: =O12/$F12 -> 0.047652579 | Q12: 0 | R12: =Q12/$F12 -> 0 | S12: =O12+Q12 -> 327772.14 | T12: =S12/F12 -> 0.047652579 | U12: 81368.55 | V12: =U12/F12 -> 0.011829624 | W12: 267861.06 | X12: =W12/$F12 -> 0.038942512 | Y12: 391389.14 | Z12: =Y12/$F12 -> 0.056901425 | AA12: 621079.83 | AB12: =AA12/$F12 -> 0.090294604 | AC12: =Y12+AA12 -> 1012469 | AD12: =AC12/$F12 -> 0.14719603 | AE12: 1726381.6 | AF12: =AE12/F12 -> 0.25098696 | AG12: 0 | AH12: =AG12/$F12 -> 0 | AI12: 1134622.1 | AJ12: =AI12/$F12 -> 0.16495505 | AK12: 360234.73 | AL12: =AK12/$F12 -> 0.052372096
D13: 46237 | E13: 一 | F13: =SUM(M13,S13,U13,W13,AC13,AE13,AG13,AI13,AK13) -> 6725813.8 | I13: 864009.96 | J13: =I13/$F13 -> 0.12846177 | K13: 1075351.2 | L13: =K13/$F13 -> 0.15988418 | M13: =I13+K13 -> 1939361.2 | N13: =M13/$F13 -> 0.28834595 | O13: 315262.73 | P13: =O13/$F13 -> 0.046873544 | Q13: 0 | R13: =Q13/$F13 -> 0 | S13: =O13+Q13 -> 315262.73 | T13: =S13/$F13 -> 0.046873544 | U13: 70998.93 | V13: =U13/$F13 -> 0.010556184 | W13: 303013.85 | X13: =W13/$F13 -> 0.04505237 | Y13: 401346.24 | Z13: =Y13/$F13 -> 0.059672517 | AA13: 561753.03 | AB13: =AA13/$F13 -> 0.083521942 | AC13: =Y13+AA13 -> 963099.27 | AD13: =AC13/$F13 -> 0.14319446 | AE13: 1604276.8 | AF13: =AE13/F13 -> 0.2385253 | AG13: 0 | AH13: =AG13/$F13 -> 0 | AI13: 1129650.8 | AJ13: =AI13/$F13 -> 0.16795749 | AK13: 400150.24 | AL13: =AK13/$F13 -> 0.059494695
B14: =B7+7 -> 46246 | D14: 46238 | E14: 二 | F14: =SUM(M14,S14,U14,W14,AC14,AE14,AG14,AI14,AK14) -> 6631265.1 | G14: =SUM(F14:F20) -> 41863931 | I14: 857079.17 | J14: =I14/$F14 -> 0.12924821 | K14: 1068334.8 | L14: =K14/$F14 -> 0.16110573 | M14: =I14+K14 -> 1925414 | N14: =M14/$F14 -> 0.29035394 | O14: 313871.57 | P14: =O14/$F14 -> 0.04733208 | Q14: 0 | R14: =Q14/$F14 -> 0 | S14: =O14+Q14 -> 313871.57 | T14: =S14/$F14 -> 0.04733208 | U14: 74355.57 | V14: =U14/$F14 -> 0.011212879 | W14: 257387.76 | X14: =W14/$F14 -> 0.038814277 | Y14: 362160.97 | Z14: =Y14/$F14 -> 0.054614159 | AA14: 560720.56 | AB14: =AA14/$F14 -> 0.084557102 | AC14: =Y14+AA14 -> 922881.53 | AD14: =AC14/$F14 -> 0.13917126 | AE14: 1541947.7 | AF14: =AE14/F14 -> 0.23252693 | AG14: 0 | AH14: =AG14/$F14 -> 0 | AI14: 1242921.7 | AJ14: =AI14/$F14 -> 0.18743357 | AK14: 352485.25 | AL14: =AK14/$F14 -> 0.053155053
D15: 46239 | E15: 三 | F15: =SUM(M15,S15,U15,W15,AC15,AE15,AG15,AI15,AK15) -> 6359056 | I15: 842955.62 | J15: =I15/$F15 -> 0.13255987 | K15: 1022362.3 | L15: =K15/$F15 -> 0.16077266 | M15: =I15+K15 -> 1865317.9 | N15: =M15/F15 -> 0.29333252 | O15: 312054.82 | P15: =O15/$F15 -> 0.049072507 | Q15: 0 | R15: =Q15/$F15 -> 0 | S15: =O15+Q15 -> 312054.82 | T15: =S15/F15 -> 0.049072507 | U15: 63146.79 | V15: =U15/F15 -> 0.0099302145 | W15: 255786.58 | X15: =W15/$F15 -> 0.040223986 | Y15: 329826.56 | Z15: =Y15/$F15 -> 0.051867221 | AA15: 546079.94 | AB15: =AA15/$F15 -> 0.085874372 | AC15: =Y15+AA15 -> 875906.5 | AD15: =AC15/$F15 -> 0.13774159 | AE15: 1436100.7 | AF15: =AE15/F15 -> 0.22583551 | AG15: 0 | AH15: =AG15/$F15 -> 0 | AI15: 1204932.3 | AJ15: =AI15/$F15 -> 0.18948289 | AK15: 345810.39 | AL15: =AK15/$F15 -> 0.054380775
D16: 46240 | E16: 四 | F16: =SUM(M16,S16,U16,W16,AC16,AE16,AG16,AI16,AK16) -> 5817645.9 | I16: 805504.79 | J16: =I16/$F16 -> 0.13845889 | K16: 921519.6 | L16: =K16/$F16 -> 0.15840077 | M16: =I16+K16 -> 1727024.4 | N16: =M16/$F16 -> 0.29685966 | O16: 294598.61 | P16: =O16/$F16 -> 0.0506388 | Q16: 0 | R16: =Q16/$F16 -> 0 | S16: =O16+Q16 -> 294598.61 | T16: =S16/$F16 -> 0.0506388 | U16: 64974.96 | V16: =U16/$F16 -> 0.0111686 | W16: 249989.26 | X16: =W16/$F16 -> 0.042970862 | Y16: 309485.95 | Z16: =Y16/$F16 -> 0.053197798 | AA16: 415950.19 | AB16: =AA16/$F16 -> 0.071498025 | AC16: =Y16+AA16 -> 725436.14 | AD16: =AC16/$F16 -> 0.12469582 | AE16: 1249878.7 | AF16: =AE16/F16 -> 0.21484269 | AG16: 0 | AH16: =AG16/$F16 -> 0 | AI16: 1166851 | AJ16: =AI16/$F16 -> 0.20057098 | AK16: 338892.9 | AL16: =AK16/$F16 -> 0.058252583
D17: 46241 | E17: 五 | F17: =SUM(M17,S17,U17,W17,AC17,AE17,AG17,AI17,AK17) -> 4858510.1 | I17: 608534.95 | J17: =I17/$F17 -> 0.12525135 | K17: 819416.28 | L17: =K17/$F17 -> 0.16865588 | M17: =I17+K17 -> 1427951.2 | N17: =M17/F17 -> 0.29390723 | O17: 225136.19 | P17: =O17/$F17 -> 0.046338525 | Q17: 0 | R17: =Q17/$F17 -> 0 | S17: =O17+Q17 -> 225136.19 | T17: =S17/F17 -> 0.046338525 | U17: 44205.75 | V17: =U17/F17 -> 0.0090986227 | W17: 183306.33 | X17: =W17/$F17 -> 0.037728918 | Y17: 272663.26 | Z17: =Y17/$F17 -> 0.056120756 | AA17: 413793.2 | AB17: =AA17/$F17 -> 0.085168744 | AC17: =Y17+AA17 -> 686456.46 | AD17: =AC17/$F17 -> 0.1412895 | AE17: 937494.25 | AF17: =AE17/F17 -> 0.19295921 | AG17: 0 | AH17: =AG17/$F17 -> 0 | AI17: 1071266.3 | AJ17: =AI17/$F17 -> 0.22049275 | AK17: 282693.61 | AL17: =AK17/$F17 -> 0.058185247
D18: 46242 | E18: 六 | F18: =SUM(M18,S18,U18,W18,AC18,AE18,AG18,AI18,AK18) -> 5207710 | I18: 574346.99 | J18: =I18/$F18 -> 0.11028782 | K18: 958866.58 | L18: =K18/$F18 -> 0.18412442 | M18: =I18+K18 -> 1533213.6 | N18: =M18/$F18 -> 0.29441224 | O18: 213936.77 | P18: =O18/$F18 -> 0.041080777 | Q18: 0 | R18: =Q18/$F18 -> 0 | S18: =O18+Q18 -> 213936.77 | T18: =S18/$F18 -> 0.041080777 | U18: 47652.3 | V18: =U18/$F18 -> 0.0091503368 | W18: 193061.76 | X18: =W18/$F18 -> 0.037072295 | Y18: 290648.93 | Z18: =Y18/$F18 -> 0.055811275 | AA18: 526138.22 | AB18: =AA18/$F18 -> 0.10103063 | AC18: =Y18+AA18 -> 816787.15 | AD18: =AC18/$F18 -> 0.15684191 | AE18: 1057265.1 | AF18: =AE18/F18 -> 0.20301919 | AG18: 0 | AH18: =AG18/$F18 -> 0 | AI18: 1064846.3 | AJ18: =AI18/$F18 -> 0.20447496 | AK18: 280947.03 | AL18: =AK18/$F18 -> 0.053948287
D19: 46243 | E19: 日 | F19: =SUM(M19,S19,U19,W19,AC19,AE19,AG19,AI19,AK19) -> 6655646.1 | I19: 834309.99 | J19: =I19/$F19 -> 0.12535372 | K19: 1100928.4 | L19: =K19/$F19 -> 0.16541271 | M19: =I19+K19 -> 1935238.4 | N19: =M19/F19 -> 0.29076643 | O19: 299433.43 | P19: =O19/$F19 -> 0.044989386 | Q19: 0 | R19: =Q19/$F19 -> 0 | S19: =O19+Q19 -> 299433.43 | T19: =S19/F19 -> 0.044989386 | U19: 81218.7 | V19: =U19/F19 -> 0.012202978 | W19: 253716.25 | X19: =W19/$F19 -> 0.038120454 | Y19: 364346.75 | Z19: =Y19/$F19 -> 0.054742507 | AA19: 614255.54 | AB19: =AA19/$F19 -> 0.092290896 | AC19: =Y19+AA19 -> 978602.29 | AD19: =AC19/$F19 -> 0.1470334 | AE19: 1623092.2 | AF19: =AE19/F19 -> 0.24386697 | AG19: 0 | AH19: =AG19/$F19 -> 0 | AI19: 1235753.1 | AJ19: =AI19/$F19 -> 0.1856699 | AK19: 248591.62 | AL19: =AK19/$F19 -> 0.037350487
D20: 46244 | E20: 一 | F20: =SUM(M20,S20,U20,W20,AC20,AE20,AG20,AI20,AK20) -> 6334097.6 | I20: 801920.09 | J20: =I20/$F20 -> 0.12660368 | K20: 1078602.7 | L20: =K20/$F20 -> 0.17028514 | M20: =I20+K20 -> 1880522.8 | N20: =M20/$F20 -> 0.29688882 | O20: 312805.92 | P20: =O20/$F20 -> 0.049384449 | Q20: 0 | R20: =Q20/$F20 -> 0 | S20: =O20+Q20 -> 312805.92 | T20: =S20/$F20 -> 0.049384449 | U20: 71418.51 | V20: =U20/$F20 -> 0.011275246 | W20: 281829.55 | X20: =W20/$F20 -> 0.044494033 | Y20: 375996.35 | Z20: =Y20/$F20 -> 0.059360682 | AA20: 573928.04 | AB20: =AA20/$F20 -> 0.090609283 | AC20: =Y20+AA20 -> 949924.39 | AD20: =AC20/$F20 -> 0.14996996 | AE20: 1559266.4 | AF20: =AE20/F20 -> 0.24617025 | AG20: 0 | AH20: =AG20/$F20 -> 0 | AI20: 989183.96 | AJ20: =AI20/$F20 -> 0.1561681 | AK20: 289146.08 | AL20: =AK20/$F20 -> 0.045649136
B21: =B14+7 -> 46253 | D21: 46245 | E21: 二 | F21: =SUM(M21,S21,U21,W21,AC21,AE21,AG21,AI21,AK21) -> 5779689.7 | G21: =SUM(F21:F27) -> 38288005 | I21: 769716.01 | J21: =I21/$F21 -> 0.13317601 | K21: 1030354.5 | L21: =K21/$F21 -> 0.17827159 | M21: =I21+K21 -> 1800070.5 | N21: =M21/$F21 -> 0.3114476 | O21: 278005.31 | P21: =O21/$F21 -> 0.048100386 | Q21: 0 | R21: =Q21/$F21 -> 0 | S21: =O21+Q21 -> 278005.31 | T21: =S21/$F21 -> 0.048100386 | U21: 76273.65 | V21: =U21/$F21 -> 0.013196842 | W21: 238085.11 | X21: =W21/$F21 -> 0.041193407 | Y21: 343228.02 | Z21: =Y21/$F21 -> 0.059385198 | AA21: 564492.78 | AB21: =AA21/$F21 -> 0.097668353 | AC21: =Y21+AA21 -> 907720.8 | AD21: =AC21/$F21 -> 0.15705355 | AE21: 1468121.9 | AF21: =AE21/F21 -> 0.25401396 | AG21: 0 | AH21: =AG21/$F21 -> 0 | AI21: 804901.52 | AJ21: =AI21/$F21 -> 0.13926379 | AK21: 206511.02 | AL21: =AK21/$F21 -> 0.035730468
D22: 46246 | E22: 三 | F22: =SUM(M22,S22,U22,W22,AC22,AE22,AG22,AI22,AK22) -> 5663016 | I22: 758266.73 | J22: =I22/$F22 -> 0.13389804 | K22: 987157.76 | L22: =K22/$F22 -> 0.17431661 | M22: =I22+K22 -> 1745424.5 | N22: =M22/F22 -> 0.30821465 | O22: 281150.71 | P22: =O22/$F22 -> 0.049646815 | Q22: 0 | R22: =Q22/$F22 -> 0 | S22: =O22+Q22 -> 281150.71 | T22: =S22/F22 -> 0.049646815 | U22: 65694.24 | V22: =U22/F22 -> 0.011600575 | W22: 243905.42 | X22: =W22/$F22 -> 0.04306988 | Y22: 314787.56 | Z22: =Y22/$F22 -> 0.055586557 | AA22: 555141.96 | AB22: =AA22/$F22 -> 0.098029382 | AC22: =Y22+AA22 -> 869929.52 | AD22: =AC22/$F22 -> 0.15361594 | AE22: 1371919.9 | AF22: =AE22/F22 -> 0.24225958 | AG22: 0 | AH22: =AG22/$F22 -> 0 | AI22: 888246.86 | AJ22: =AI22/$F22 -> 0.15685049 | AK22: 196744.89 | AL22: =AK22/$F22 -> 0.034742068
D23: 46247 | E23: 四 | F23: =SUM(M23,S23,U23,W23,AC23,AE23,AG23,AI23,AK23) -> 5284211.3 | I23: 730872.77 | J23: =I23/$F23 -> 0.13831256 | K23: 888383.44 | L23: =K23/$F23 -> 0.16812035 | M23: =I23+K23 -> 1619256.2 | N23: =M23/$F23 -> 0.30643291 | O23: 271371.64 | P23: =O23/$F23 -> 0.051355184 | Q23: 0 | R23: =Q23/$F23 -> 0 | S23: =O23+Q23 -> 271371.64 | T23: =S23/$F23 -> 0.051355184 | U23: 67102.83 | V23: =U23/$F23 -> 0.012698741 | W23: 234136.44 | X23: =W23/$F23 -> 0.044308683 | Y23: 298896.26 | Z23: =Y23/$F23 -> 0.056564025 | AA23: 411941.73 | AB23: =AA23/$F23 -> 0.077957089 | AC23: =Y23+AA23 -> 710837.99 | AD23: =AC23/$F23 -> 0.13452111 | AE23: 1285534.4 | AF23: =AE23/F23 -> 0.24327839 | AG23: 0 | AH23: =AG23/$F23 -> 0 | AI23: 897256.88 | AJ23: =AI23/$F23 -> 0.16979959 | AK23: 198714.84 | AL23: =AK23/$F23 -> 0.037605393
D24: 46248 | E24: 五 | F24: =SUM(M24,S24,U24,W24,AC24,AE24,AG24,AI24,AK24) -> 4470999 | I24: 552586.48 | J24: =I24/$F24 -> 0.12359351 | K24: 812891.68 | L24: =K24/$F24 -> 0.18181433 | M24: =I24+K24 -> 1365478.2 | N24: =M24/F24 -> 0.30540784 | O24: 214671.62 | P24: =O24/$F24 -> 0.04801424 | Q24: 0 | R24: =Q24/$F24 -> 0 | S24: =O24+Q24 -> 214671.62 | T24: =S24/F24 -> 0.04801424 | U24: 49300.65 | V24: =U24/F24 -> 0.011026764 | W24: 183154.84 | X24: =W24/$F24 -> 0.040965082 | Y24: 255370.1 | Z24: =Y24/$F24 -> 0.057117011 | AA24: 401533.3 | AB24: =AA24/$F24 -> 0.089808407 | AC24: =Y24+AA24 -> 656903.4 | AD24: =AC24/$F24 -> 0.14692542 | AE24: 972783.65 | AF24: =AE24/F24 -> 0.21757635 | AG24: 0 | AH24: =AG24/$F24 -> 0 | AI24: 866402.56 | AJ24: =AI24/$F24 -> 0.19378277 | AK24: 162304.13 | AL24: =AK24/$F24 -> 0.036301536
D25: 46249 | E25: 六 | F25: =SUM(M25,S25,U25,W25,AC25,AE25,AG25,AI25,AK25) -> 4735598.2 | I25: 523224.64 | J25: =I25/$F25 -> 0.11048755 | K25: 952595.77 | L25: =K25/$F25 -> 0.20115637 | M25: =I25+K25 -> 1475820.4 | N25: =M25/$F25 -> 0.31164392 | O25: 203943.4 | P25: =O25/$F25 -> 0.043066027 | Q25: 0 | R25: =Q25/$F25 -> 0 | S25: =O25+Q25 -> 203943.4 | T25: =S25/$F25 -> 0.043066027 | U25: 52087.86 | V25: =U25/$F25 -> 0.010999214 | W25: 161920.18 | X25: =W25/$F25 -> 0.034192128 | Y25: 275461.35 | Z25: =Y25/$F25 -> 0.058168226 | AA25: 537538.14 | AB25: =AA25/$F25 -> 0.11351008 | AC25: =Y25+AA25 -> 812999.49 | AD25: =AC25/$F25 -> 0.17167831 | AE25: 1025283.1 | AF25: =AE25/F25 -> 0.2165055 | AG25: 0 | AH25: =AG25/$F25 -> 0 | AI25: 846485.74 | AJ25: =AI25/$F25 -> 0.17874948 | AK25: 157058.1 | AL25: =AK25/$F25 -> 0.033165419
D26: 46250 | E26: 日 | F26: =SUM(M26,S26,U26,W26,AC26,AE26,AG26,AI26,AK26) -> 6269913.1 | I26: 793652.13 | J26: =I26/$F26 -> 0.12658104 | K26: 1093741.4 | L26: =K26/$F26 -> 0.17444284 | M26: =I26+K26 -> 1887393.6 | N26: =M26/F26 -> 0.30102388 | O26: 288498.48 | P26: =O26/$F26 -> 0.046013155 | Q26: 0 | R26: =Q26/$F26 -> 0 | S26: =O26+Q26 -> 288498.48 | T26: =S26/F26 -> 0.046013155 | U26: 84335.58 | V26: =U26/F26 -> 0.013450837 | W26: 220963.28 | X26: =W26/$F26 -> 0.035241841 | Y26: 350031.54 | Z26: =Y26/$F26 -> 0.055827176 | AA26: 627063.07 | AB26: =AA26/$F26 -> 0.10001145 | AC26: =Y26+AA26 -> 977094.61 | AD26: =AC26/$F26 -> 0.15583862 | AE26: 1640135.9 | AF26: =AE26/F26 -> 0.2615883 | AG26: 0 | AH26: =AG26/$F26 -> 0 | AI26: 1026305.5 | AJ26: =AI26/$F26 -> 0.16368736 | AK26: 145186.16 | AL26: =AK26/$F26 -> 0.023156008
D27: 46251 | E27: 一 | F27: =SUM(M27,S27,U27,W27,AC27,AE27,AG27,AI27,AK27) -> 6084577.5 | I27: 784514.72 | J27: =I27/$F27 -> 0.12893495 | K27: 1082041 | L27: =K27/$F27 -> 0.17783338 | M27: =I27+K27 -> 1866555.7 | N27: =M27/$F27 -> 0.30676833 | O27: 281762.01 | P27: =O27/$F27 -> 0.046307572 | Q27: 0 | R27: =Q27/$F27 -> 0 | S27: =O27+Q27 -> 281762.01 | T27: =S27/$F27 -> 0.046307572 | U27: 73456.47 | V27: =U27/$F27 -> 0.012072567 | W27: 250384.3 | X27: =W27/$F27 -> 0.041150647 | Y27: 371928.8 | Z27: =Y27/$F27 -> 0.061126479 | AA27: 576313.35 | AB27: =AA27/$F27 -> 0.094717069 | AC27: =Y27+AA27 -> 948242.15 | AD27: =AC27/$F27 -> 0.15584355 | AE27: 1551809.5 | AF27: =AE27/F27 -> 0.2550398 | AG27: 0 | AH27: =AG27/$F27 -> 0 | AI27: 951265.58 | AJ27: =AI27/$F27 -> 0.15634045 | AK27: 161101.86 | AL27: =AK27/$F27 -> 0.026477082

Sheet （４）訂單數量構成比
B2: （4）訂單數量構成比
B3: 資料繳交日 | C3: 月份 | D3: 日期 | F3: 訂單量 | I3: 品類訂單量
I4: 18℃-飯糰 | O4: 18℃-壽司手卷 | U4: 4℃-飯糰 | W4: 4℃-壽司手卷 | Y4: 主食 | AE4: 便當 | AG4: 熱食義麵 | AI4: 季節調理麵 | AK4: 微波小吃
F5: 日 | G5: 週累積 | H5: 月累積 | I5: 一配 | K5: 二配 | M5: 合計 | O5: 一配 | Q5: 二配 | S5: 合計 | U5: 一配 | W5: 一配 | Y5: 一配 | AA5: 二配 | AC5: 合計 | AE5: 一配 | AG5: 一配 | AI5: 一配 | AK5: 一配
I6: 訂單數 | J6: 比例(%) | K6: 訂單數 | L6: 比例(%) | M6: 訂單數 | N6: 比例(%) | O6: 訂單數 | P6: 比例(%) | Q6: 訂單數 | R6: 比例(%) | S6: 訂單數 | T6: 比例(%) | U6: 訂單數 | V6: 比例(%) | W6: 訂單數 | X6: 比例(%) | Y6: 訂單數 | Z6: 比例(%) | AA6: 訂單數 | AB6: 比例(%) | AC6: 訂單數 | AD6: 比例(%) | AE6: 訂單數 | AF6: 比例(%) | AG6: 訂單數 | AH6: 比例(%) | AI6: 訂單數 | AJ6: 比例(%) | AK6: 訂單數 | AL6: 比例(%)
B7: 46239 | D7: 46230 | E7: 二 | F7: =SUM(M7,S7,U7,W7,AC7,AE7,AG7,AI7,AK7) -> 213264 | G7: =SUM(F7:F13) -> 1361947 | I7: 45488 | J7: =I7/$F7 -> 0.21329432 | K7: 57537 | L7: =K7/$F7 -> 0.26979237 | M7: =I7+K7 -> 103025 | N7: =M7/$F7 -> 0.48308669 | O7: 11432 | P7: =O7/$F7 -> 0.053604922 | Q7: 0 | R7: =Q7/$F7 -> 0 | S7: =O7+Q7 -> 11432 | T7: =S7/$F7 -> 0.053604922 | U7: 2424 | V7: =U7/$F7 -> 0.011366194 | W7: 17095 | X7: =W7/$F7 -> 0.080158864 | Y7: 7471 | Z7: =Y7/$F7 -> 0.035031698 | AA7: 10322 | AB7: =AA7/$F7 -> 0.048400105 | AC7: =Y7+AA7 -> 17793 | AD7: =AC7/$F7 -> 0.083431803 | AE7: 24810 | AF7: =AE7/$F7 -> 0.11633468 | AG7: 0 | AH7: =AG7/$F7 -> 0 | AI7: 25278 | AJ7: =AI7/$F7 -> 0.11852915 | AK7: 11407 | AL7: =AK7/$F7 -> 0.053487696
D8: =D7+1 -> 46231 | E8: 三 | F8: =SUM(M8,S8,U8,W8,AC8,AE8,AG8,AI8,AK8) -> 201459 | I8: 44279 | J8: =I8/$F8 -> 0.21979162 | K8: 54467 | L8: =K8/$F8 -> 0.2703627 | M8: =I8+K8 -> 98746 | N8: =M8/$F8 -> 0.49015432 | O8: 11501 | P8: =O8/$F8 -> 0.057088539 | Q8: 0 | R8: =Q8/$F8 -> 0 | S8: =O8+Q8 -> 11501 | T8: =S8/$F8 -> 0.057088539 | U8: 2170 | V8: =U8/$F8 -> 0.010771422 | W8: 13175 | X8: =W8/$F8 -> 0.065397922 | Y8: 6883 | Z8: =Y8/$F8 -> 0.034165761 | AA8: 10192 | AB8: =AA8/$F8 -> 0.050590939 | AC8: =Y8+AA8 -> 17075 | AD8: =AC8/$F8 -> 0.0847567 | AE8: 22675 | AF8: =AE8/$F8 -> 0.11255392 | AG8: 0 | AH8: =AG8/$F8 -> 0 | AI8: 24753 | AJ8: =AI8/$F8 -> 0.12286867 | AK8: 11364 | AL8: =AK8/$F8 -> 0.0564085
D9: =D8+1 -> 46232 | E9: 四 | F9: =SUM(M9,S9,U9,W9,AC9,AE9,AG9,AI9,AK9) -> 187092 | I9: 41849 | J9: =I9/$F9 -> 0.2236814 | K9: 48419 | L9: =K9/$F9 -> 0.25879781 | M9: =I9+K9 -> 90268 | N9: =M9/$F9 -> 0.48247921 | O9: 10895 | P9: =O9/$F9 -> 0.058233383 | Q9: 0 | R9: =Q9/$F9 -> 0 | S9: =O9+Q9 -> 10895 | T9: =S9/$F9 -> 0.058233383 | U9: 2184 | V9: =U9/$F9 -> 0.011673401 | W9: 12625 | X9: =W9/$F9 -> 0.06748017 | Y9: 6417 | Z9: =Y9/$F9 -> 0.034298634 | AA9: 7813 | AB9: =AA9/$F9 -> 0.041760204 | AC9: =Y9+AA9 -> 14230 | AD9: =AC9/$F9 -> 0.076058837 | AE9: 20863 | AF9: =AE9/$F9 -> 0.11151198 | AG9: 0 | AH9: =AG9/$F9 -> 0 | AI9: 25158 | AJ9: =AI9/$F9 -> 0.1344686 | AK9: 10869 | AL9: =AK9/$F9 -> 0.058094413
D10: =D9+1 -> 46233 | E10: 五 | F10: =SUM(M10,S10,U10,W10,AC10,AE10,AG10,AI10,AK10) -> 159659 | I10: 31930 | J10: =I10/$F10 -> 0.19998873 | K10: 44449 | L10: =K10/$F10 -> 0.27839959 | M10: =I10+K10 -> 76379 | N10: =M10/$F10 -> 0.47838832 | O10: 8693 | P10: =O10/$F10 -> 0.054447291 | Q10: 0 | R10: =Q10/$F10 -> 0 | S10: =O10+Q10 -> 8693 | T10: =S10/$F10 -> 0.054447291 | U10: 1611 | V10: =U10/$F10 -> 0.010090255 | W10: 9171 | X10: =W10/$F10 -> 0.057441171 | Y10: 5633 | Z10: =Y10/$F10 -> 0.035281444 | AA10: 7457 | AB10: =AA10/$F10 -> 0.046705792 | AC10: =Y10+AA10 -> 13090 | AD10: =AC10/$F10 -> 0.081987235 | AE10: 15571 | AF10: =AE10/$F10 -> 0.097526604 | AG10: 0 | AH10: =AG10/$F10 -> 0 | AI10: 25690 | AJ10: =AI10/$F10 -> 0.16090543 | AK10: 9454 | AL10: =AK10/$F10 -> 0.059213699
C11: 八 | D11: =D10+1 -> 46234 | E11: 六 | F11: =SUM(M11,S11,U11,W11,AC11,AE11,AG11,AI11,AK11) -> 170810 | H11: =SUM(F11:F41) -> 3191112 | I11: 30379 | J11: =I11/$F11 -> 0.17785258 | K11: 51912 | L11: =K11/$F11 -> 0.30391663 | M11: =I11+K11 -> 82291 | N11: =M11/$F11 -> 0.48176922 | O11: 8393 | P11: =O11/$F11 -> 0.049136467 | Q11: 0 | R11: =Q11/$F11 -> 0 | S11: =O11+Q11 -> 8393 | T11: =S11/$F11 -> 0.049136467 | U11: 1656 | V11: =U11/$F11 -> 0.0096949827 | W11: 10193 | X11: =W11/$F11 -> 0.059674492 | Y11: 6072 | Z11: =Y11/$F11 -> 0.03554827 | AA11: 9679 | AB11: =AA11/$F11 -> 0.056665301 | AC11: =Y11+AA11 -> 15751 | AD11: =AC11/$F11 -> 0.092213571 | AE11: 16749 | AF11: =AE11/$F11 -> 0.09805632 | AG11: 0 | AH11: =AG11/$F11 -> 0 | AI11: 26285 | AJ11: =AI11/$F11 -> 0.15388443 | AK11: 9492 | AL11: =AK11/$F11 -> 0.055570517
D12: =D11+1 -> 46235 | E12: 日 | F12: =SUM(M12,S12,U12,W12,AC12,AE12,AG12,AI12,AK12) -> 216220 | I12: 44211 | J12: =I12/$F12 -> 0.2044723 | K12: 59625 | L12: =K12/$F12 -> 0.2757608 | M12: =I12+K12 -> 103836 | N12: =M12/$F12 -> 0.4802331 | O12: 11257 | P12: =O12/$F12 -> 0.052062714 | Q12: 0 | R12: =Q12/$F12 -> 0 | S12: =O12+Q12 -> 11257 | T12: =S12/$F12 -> 0.052062714 | U12: 2715 | V12: =U12/$F12 -> 0.012556655 | W12: 11384 | X12: =W12/$F12 -> 0.052650079 | Y12: 7444 | Z12: =Y12/$F12 -> 0.034427898 | AA12: 11380 | AB12: =AA12/$F12 -> 0.052631579 | AC12: =Y12+AA12 -> 18824 | AD12: =AC12/$F12 -> 0.087059476 | AE12: 27748 | AF12: =AE12/$F12 -> 0.12833225 | AG12: 0 | AH12: =AG12/$F12 -> 0 | AI12: 29293 | AJ12: =AI12/$F12 -> 0.13547775 | AK12: 11163 | AL12: =AK12/$F12 -> 0.051627972
D13: =D12+1 -> 46236 | E13: 一 | F13: =SUM(M13,S13,U13,W13,AC13,AE13,AG13,AI13,AK13) -> 213443 | I13: 43672 | J13: =I13/$F13 -> 0.20460732 | K13: 58843 | L13: =K13/$F13 -> 0.27568484 | M13: =I13+K13 -> 102515 | N13: =M13/$F13 -> 0.48029216 | O13: 10839 | P13: =O13/$F13 -> 0.050781708 | Q13: 0 | R13: =Q13/$F13 -> 0 | S13: =O13+Q13 -> 10839 | T13: =S13/$F13 -> 0.050781708 | U13: 2369 | V13: =U13/$F13 -> 0.011098982 | W13: 12791 | X13: =W13/$F13 -> 0.059927006 | Y13: 7631 | Z13: =Y13/$F13 -> 0.035751934 | AA13: 10280 | AB13: =AA13/$F13 -> 0.048162741 | AC13: =Y13+AA13 -> 17911 | AD13: =AC13/$F13 -> 0.083914675 | AE13: 25707 | AF13: =AE13/$F13 -> 0.12043965 | AG13: 0 | AH13: =AG13/$F13 -> 0 | AI13: 29105 | AJ13: =AI13/$F13 -> 0.13635959 | AK13: 12206 | AL13: =AK13/$F13 -> 0.057186228
B14: =B7+7 -> 46246 | D14: =D13+1 -> 46237 | E14: 二 | F14: =SUM(M14,S14,U14,W14,AC14,AE14,AG14,AI14,AK14) -> 211425 | G14: =SUM(F14:F20) -> 1345846 | I14: 43309 | J14: =I14/$F14 -> 0.20484333 | K14: 58265 | L14: =K14/$F14 -> 0.27558236 | M14: =I14+K14 -> 101574 | N14: =M14/$F14 -> 0.48042568 | O14: 10803 | P14: =O14/$F14 -> 0.051096133 | Q14: 0 | R14: =Q14/$F14 -> 0 | S14: =O14+Q14 -> 10803 | T14: =S14/$F14 -> 0.051096133 | U14: 2481 | V14: =U14/$F14 -> 0.011734658 | W14: 10926 | X14: =W14/$F14 -> 0.0516779 | Y14: 6864 | Z14: =Y14/$F14 -> 0.032465413 | AA14: 10278 | AB14: =AA14/$F14 -> 0.048612983 | AC14: =Y14+AA14 -> 17142 | AD14: =AC14/$F14 -> 0.081078397 | AE14: 24827 | AF14: =AE14/$F14 -> 0.11742698 | AG14: 0 | AH14: =AG14/$F14 -> 0 | AI14: 32596 | AJ14: =AI14/$F14 -> 0.15417287 | AK14: 11076 | AL14: =AK14/$F14 -> 0.052387371
D15: =D14+1 -> 46238 | E15: 三 | F15: =SUM(M15,S15,U15,W15,AC15,AE15,AG15,AI15,AK15) -> 203649 | I15: 42566 | J15: =I15/$F15 -> 0.20901649 | K15: 55591 | L15: =K15/$F15 -> 0.27297458 | M15: =I15+K15 -> 98157 | N15: =M15/$F15 -> 0.48199107 | O15: 10739 | P15: =O15/$F15 -> 0.052732888 | Q15: 0 | R15: =Q15/$F15 -> 0 | S15: =O15+Q15 -> 10739 | T15: =S15/$F15 -> 0.052732888 | U15: 2107 | V15: =U15/$F15 -> 0.010346233 | W15: 10904 | X15: =W15/$F15 -> 0.053543106 | Y15: 6264 | Z15: =Y15/$F15 -> 0.030758806 | AA15: 10014 | AB15: =AA15/$F15 -> 0.049172842 | AC15: =Y15+AA15 -> 16278 | AD15: =AC15/$F15 -> 0.079931647 | AE15: 23106 | AF15: =AE15/$F15 -> 0.11345992 | AG15: 0 | AH15: =AG15/$F15 -> 0 | AI15: 31313 | AJ15: =AI15/$F15 -> 0.15375966 | AK15: 11045 | AL15: =AK15/$F15 -> 0.054235474
D16: =D15+1 -> 46239 | E16: 四 | F16: =SUM(M16,S16,U16,W16,AC16,AE16,AG16,AI16,AK16) -> 188918 | I16: 40837 | J16: =I16/$F16 -> 0.21616257 | K16: 50083 | L16: =K16/$F16 -> 0.26510444 | M16: =I16+K16 -> 90920 | N16: =M16/$F16 -> 0.481267 | O16: 10151 | P16: =O16/$F16 -> 0.053732307 | Q16: 0 | R16: =Q16/$F16 -> 0 | S16: =O16+Q16 -> 10151 | T16: =S16/$F16 -> 0.053732307 | U16: 2168 | V16: =U16/$F16 -> 0.011475878 | W16: 10626 | X16: =W16/$F16 -> 0.056246626 | Y16: 5871 | Z16: =Y16/$F16 -> 0.031076975 | AA16: 7631 | AB16: =AA16/$F16 -> 0.040393186 | AC16: =Y16+AA16 -> 13502 | AD16: =AC16/$F16 -> 0.071470162 | AE16: 20278 | AF16: =AE16/$F16 -> 0.10733758 | AG16: 0 | AH16: =AG16/$F16 -> 0 | AI16: 30366 | AJ16: =AI16/$F16 -> 0.1607364 | AK16: 10907 | AL16: =AK16/$F16 -> 0.057734043
D17: =D16+1 -> 46240 | E17: 五 | F17: =SUM(M17,S17,U17,W17,AC17,AE17,AG17,AI17,AK17) -> 157640 | I17: 30769 | J17: =I17/$F17 -> 0.19518523 | K17: 44602 | L17: =K17/$F17 -> 0.2829358 | M17: =I17+K17 -> 75371 | N17: =M17/$F17 -> 0.47812104 | O17: 7769 | P17: =O17/$F17 -> 0.049283177 | Q17: 0 | R17: =Q17/$F17 -> 0 | S17: =O17+Q17 -> 7769 | T17: =S17/$F17 -> 0.049283177 | U17: 1475 | V17: =U17/$F17 -> 0.0093567622 | W17: 7835 | X17: =W17/$F17 -> 0.049701852 | Y17: 5138 | Z17: =Y17/$F17 -> 0.03259325 | AA17: 7598 | AB17: =AA17/$F17 -> 0.048198427 | AC17: =Y17+AA17 -> 12736 | AD17: =AC17/$F17 -> 0.080791677 | AE17: 15213 | AF17: =AE17/$F17 -> 0.096504694 | AG17: 0 | AH17: =AG17/$F17 -> 0 | AI17: 27885 | AJ17: =AI17/$F17 -> 0.17689038 | AK17: 9356 | AL17: =AK17/$F17 -> 0.059350419
D18: =D17+1 -> 46241 | E18: 六 | F18: =SUM(M18,S18,U18,W18,AC18,AE18,AG18,AI18,AK18) -> 168530 | I18: 29367 | J18: =I18/$F18 -> 0.17425384 | K18: 52357 | L18: =K18/$F18 -> 0.31066872 | M18: =I18+K18 -> 81724 | N18: =M18/$F18 -> 0.48492257 | O18: 7386 | P18: =O18/$F18 -> 0.043826025 | Q18: 0 | R18: =Q18/$F18 -> 0 | S18: =O18+Q18 -> 7386 | T18: =S18/$F18 -> 0.043826025 | U18: 1590 | V18: =U18/$F18 -> 0.009434522 | W18: 8272 | X18: =W18/$F18 -> 0.049083249 | Y18: 5571 | Z18: =Y18/$F18 -> 0.033056429 | AA18: 9663 | AB18: =AA18/$F18 -> 0.057336973 | AC18: =Y18+AA18 -> 15234 | AD18: =AC18/$F18 -> 0.090393402 | AE18: 17261 | AF18: =AE18/$F18 -> 0.10242093 | AG18: 0 | AH18: =AG18/$F18 -> 0 | AI18: 27784 | AJ18: =AI18/$F18 -> 0.16486086 | AK18: 9279 | AL18: =AK18/$F18 -> 0.055058447
D19: =D18+1 -> 46242 | E19: 日 | F19: =SUM(M19,S19,U19,W19,AC19,AE19,AG19,AI19,AK19) -> 211756 | I19: 42732 | J19: =I19/$F19 -> 0.2017983 | K19: 60127 | L19: =K19/$F19 -> 0.28394473 | M19: =I19+K19 -> 102859 | N19: =M19/$F19 -> 0.48574302 | O19: 10326 | P19: =O19/$F19 -> 0.048763671 | Q19: 0 | R19: =Q19/$F19 -> 0 | S19: =O19+Q19 -> 10326 | T19: =S19/$F19 -> 0.048763671 | U19: 2710 | V19: =U19/$F19 -> 0.012797748 | W19: 10879 | X19: =W19/$F19 -> 0.051375168 | Y19: 7035 | Z19: =Y19/$F19 -> 0.033222199 | AA19: 11267 | AB19: =AA19/$F19 -> 0.053207465 | AC19: =Y19+AA19 -> 18302 | AD19: =AC19/$F19 -> 0.086429664 | AE19: 26403 | AF19: =AE19/$F19 -> 0.12468596 | AG19: 0 | AH19: =AG19/$F19 -> 0 | AI19: 32210 | AJ19: =AI19/$F19 -> 0.15210903 | AK19: 8067 | AL19: =AK19/$F19 -> 0.038095733
D20: =D19+1 -> 46243 | E20: 一 | F20: =SUM(M20,S20,U20,W20,AC20,AE20,AG20,AI20,AK20) -> 203928 | I20: 41198 | J20: =I20/$F20 -> 0.20202228 | K20: 58990 | L20: =K20/$F20 -> 0.28926876 | M20: =I20+K20 -> 100188 | N20: =M20/$F20 -> 0.49129104 | O20: 10764 | P20: =O20/$F20 -> 0.052783335 | Q20: 0 | R20: =Q20/$F20 -> 0 | S20: =O20+Q20 -> 10764 | T20: =S20/$F20 -> 0.052783335 | U20: 2383 | V20: =U20/$F20 -> 0.011685497 | W20: 12017 | X20: =W20/$F20 -> 0.058927661 | Y20: 7275 | Z20: =Y20/$F20 -> 0.035674356 | AA20: 10527 | AB20: =AA20/$F20 -> 0.05162116 | AC20: =Y20+AA20 -> 17802 | AD20: =AC20/$F20 -> 0.087295516 | AE20: 25325 | AF20: =AE20/$F20 -> 0.12418599 | AG20: 0 | AH20: =AG20/$F20 -> 0 | AI20: 26296 | AJ20: =AI20/$F20 -> 0.12894747 | AK20: 9153 | AL20: =AK20/$F20 -> 0.044883488
B21: =B14+7 -> 46253 | D21: =D20+1 -> 46244 | E21: 二 | F21: =SUM(M21,S21,U21,W21,AC21,AE21,AG21,AI21,AK21) -> 187621 | G21: =SUM(F21:F27) -> 1244793 | I21: 39636 | J21: =I21/$F21 -> 0.21125567 | K21: 56401 | L21: =K21/$F21 -> 0.30061134 | M21: =I21+K21 -> 96037 | N21: =M21/$F21 -> 0.51186701 | O21: 9595 | P21: =O21/$F21 -> 0.051140331 | Q21: 0 | R21: =Q21/$F21 -> 0 | S21: =O21+Q21 -> 9595 | T21: =S21/$F21 -> 0.051140331 | U21: 2545 | V21: =U21/$F21 -> 0.01356458 | W21: 10221 | X21: =W21/$F21 -> 0.054476844 | Y21: 6599 | Z21: =Y21/$F21 -> 0.035171969 | AA21: 10346 | AB21: =AA21/$F21 -> 0.055143081 | AC21: =Y21+AA21 -> 16945 | AD21: =AC21/$F21 -> 0.09031505 | AE21: 23942 | AF21: =AE21/$F21 -> 0.12760832 | AG21: 0 | AH21: =AG21/$F21 -> 0 | AI21: 21462 | AJ21: =AI21/$F21 -> 0.11439018 | AK21: 6874 | AL21: =AK21/$F21 -> 0.03663769
D22: =D21+1 -> 46245 | E22: 三 | F22: =SUM(M22,S22,U22,W22,AC22,AE22,AG22,AI22,AK22) -> 184147 | I22: 39019 | J22: =I22/$F22 -> 0.2118905 | K22: 53877 | L22: =K22/$F22 -> 0.29257604 | M22: =I22+K22 -> 92896 | N22: =M22/$F22 -> 0.50446654 | O22: 9704 | P22: =O22/$F22 -> 0.05269703 | Q22: 0 | R22: =Q22/$F22 -> 0 | S22: =O22+Q22 -> 9704 | T22: =S22/$F22 -> 0.05269703 | U22: 2192 | V22: =U22/$F22 -> 0.011903534 | W22: 10414 | X22: =W22/$F22 -> 0.056552645 | Y22: 6047 | Z22: =Y22/$F22 -> 0.032837896 | AA22: 10179 | AB22: =AA22/$F22 -> 0.055276491 | AC22: =Y22+AA22 -> 16226 | AD22: =AC22/$F22 -> 0.088114387 | AE22: 22338 | AF22: =AE22/$F22 -> 0.12130526 | AG22: 0 | AH22: =AG22/$F22 -> 0 | AI22: 23675 | AJ22: =AI22/$F22 -> 0.12856577 | AK22: 6702 | AL22: =AK22/$F22 -> 0.036394837
D23: =D22+1 -> 46246 | E23: 四 | F23: =SUM(M23,S23,U23,W23,AC23,AE23,AG23,AI23,AK23) -> 172846 | I23: 37661 | J23: =I23/$F23 -> 0.2178876 | K23: 48557 | L23: =K23/$F23 -> 0.28092637 | M23: =I23+K23 -> 86218 | N23: =M23/$F23 -> 0.49881397 | O23: 9368 | P23: =O23/$F23 -> 0.054198535 | Q23: 0 | R23: =Q23/$F23 -> 0 | S23: =O23+Q23 -> 9368 | T23: =S23/$F23 -> 0.054198535 | U23: 2239 | V23: =U23/$F23 -> 0.012953728 | W23: 10042 | X23: =W23/$F23 -> 0.05809796 | Y23: 5757 | Z23: =Y23/$F23 -> 0.033307106 | AA23: 7575 | AB23: =AA23/$F23 -> 0.043825139 | AC23: =Y23+AA23 -> 13332 | AD23: =AC23/$F23 -> 0.077132245 | AE23: 20979 | AF23: =AE23/$F23 -> 0.12137394 | AG23: 0 | AH23: =AG23/$F23 -> 0 | AI23: 23915 | AJ23: =AI23/$F23 -> 0.13836016 | AK23: 6753 | AL23: =AK23/$F23 -> 0.039069461
D24: =D23+1 -> 46247 | E24: 五 | F24: =SUM(M24,S24,U24,W24,AC24,AE24,AG24,AI24,AK24) -> 146977 | I24: 28515 | J24: =I24/$F24 -> 0.19400995 | K24: 44407 | L24: =K24/$F24 -> 0.30213571 | M24: =I24+K24 -> 72922 | N24: =M24/$F24 -> 0.49614566 | O24: 7420 | P24: =O24/$F24 -> 0.050484089 | Q24: 0 | R24: =Q24/$F24 -> 0 | S24: =O24+Q24 -> 7420 | T24: =S24/$F24 -> 0.050484089 | U24: 1645 | V24: =U24/$F24 -> 0.011192227 | W24: 7822 | X24: =W24/$F24 -> 0.053219211 | Y24: 4885 | Z24: =Y24/$F24 -> 0.033236493 | AA24: 7387 | AB24: =AA24/$F24 -> 0.050259564 | AC24: =Y24+AA24 -> 12272 | AD24: =AC24/$F24 -> 0.083496057 | AE24: 15866 | AF24: =AE24/$F24 -> 0.10794886 | AG24: 0 | AH24: =AG24/$F24 -> 0 | AI24: 23167 | AJ24: =AI24/$F24 -> 0.1576233 | AK24: 5863 | AL24: =AK24/$F24 -> 0.039890595
D25: =D24+1 -> 46248 | E25: 六 | F25: =SUM(M25,S25,U25,W25,AC25,AE25,AG25,AI25,AK25) -> 155408 | I25: 27250 | J25: =I25/$F25 -> 0.1753449 | K25: 52210 | L25: =K25/$F25 -> 0.33595439 | M25: =I25+K25 -> 79460 | N25: =M25/$F25 -> 0.51129929 | O25: 7054 | P25: =O25/$F25 -> 0.045390199 | Q25: 0 | R25: =Q25/$F25 -> 0 | S25: =O25+Q25 -> 7054 | T25: =S25/$F25 -> 0.045390199 | U25: 1738 | V25: =U25/$F25 -> 0.011183465 | W25: 7056 | X25: =W25/$F25 -> 0.045403068 | Y25: 5245 | Z25: =Y25/$F25 -> 0.033749871 | AA25: 9880 | AB25: =AA25/$F25 -> 0.063574591 | AC25: =Y25+AA25 -> 15125 | AD25: =AC25/$F25 -> 0.097324462 | AE25: 16765 | AF25: =AE25/$F25 -> 0.10787733 | AG25: 0 | AH25: =AG25/$F25 -> 0 | AI25: 22612 | AJ25: =AI25/$F25 -> 0.14550088 | AK25: 5598 | AL25: =AK25/$F25 -> 0.036021312
D26: =D25+1 -> 46249 | E26: 日 | F26: =SUM(M26,S26,U26,W26,AC26,AE26,AG26,AI26,AK26) -> 200927 | I26: 41131 | J26: =I26/$F26 -> 0.20470619 | K26: 59949 | L26: =K26/$F26 -> 0.29836209 | M26: =I26+K26 -> 101080 | N26: =M26/$F26 -> 0.50306828 | O26: 9965 | P26: =O26/$F26 -> 0.049595127 | Q26: 0 | R26: =Q26/$F26 -> 0 | S26: =O26+Q26 -> 9965 | T26: =S26/$F26 -> 0.049595127 | U26: 2814 | V26: =U26/$F26 -> 0.014005086 | W26: 9600 | X26: =W26/$F26 -> 0.047778546 | Y26: 6693 | Z26: =Y26/$F26 -> 0.033310605 | AA26: 11505 | AB26: =AA26/$F26 -> 0.057259602 | AC26: =Y26+AA26 -> 18198 | AD26: =AC26/$F26 -> 0.090570207 | AE26: 26774 | AF26: =AE26/$F26 -> 0.13325238 | AG26: 0 | AH26: =AG26/$F26 -> 0 | AI26: 27356 | AJ26: =AI26/$F26 -> 0.13614895 | AK26: 5140 | AL26: =AK26/$F26 -> 0.02558143
D27: =D26+1 -> 46250 | E27: 一 | F27: =SUM(M27,S27,U27,W27,AC27,AE27,AG27,AI27,AK27) -> 196867 | I27: 40733 | J27: =I27/$F27 -> 0.20690619 | K27: 59338 | L27: =K27/$F27 -> 0.30141161 | M27: =I27+K27 -> 100071 | N27: =M27/$F27 -> 0.5083178 | O27: 9735 | P27: =O27/$F27 -> 0.049449628 | Q27: 0 | R27: =Q27/$F27 -> 0 | S27: =O27+Q27 -> 9735 | T27: =S27/$F27 -> 0.049449628 | U27: 2451 | V27: =U27/$F27 -> 0.01245003 | W27: 10812 | X27: =W27/$F27 -> 0.054920327 | Y27: 7140 | Z27: =Y27/$F27 -> 0.03626814 | AA27: 10569 | AB27: =AA27/$F27 -> 0.053685991 | AC27: =Y27+AA27 -> 17709 | AD27: =AC27/$F27 -> 0.089954131 | AE27: 25236 | AF27: =AE27/$F27 -> 0.12818807 | AG27: 0 | AH27: =AG27/$F27 -> 0 | AI27: 25324 | AJ27: =AI27/$F27 -> 0.12863507 | AK27: 5529 | AL27: =AK27/$F27 -> 0.028084951

Sheet （５-1）品群別人時生產性(18℃-飯糰)
B1: 8月平均人時性 | C1: =AVERAGE(L49,L91) -> 782.8768
B2: 產線配置圖－每週更新(0728-0803) | N2: 資料繳交 | O2: 日期 | P2: 46231 | U2: 46232 | Z2: 46233 | AE2: 46234 | AJ2: 46235 | AO2: 46236 | AT2: 46237
P3: 46196 | U3: 46197 | Z3: 46198 | AE3: 46199 | AJ3: 46200 | AO3: 46201 | AT3: 46202
B4: 品群 | C4: 商品名稱 | E4: 計畫 | H4: 平均人時性 | I4: 實績 (週平均) | L4: 平均人時性 | M4: 排名 | O4: 日報 | P4: 實際 | T4: 平均人時性 | U4: 實際 | Y4: 平均人時性 | Z4: 實際 | AD4: 平均人時性 | AE4: 實際 | AI4: 平均人時性 | AJ4: 實際 | AN4: 平均人時性 | AO4: 實際 | AS4: 平均人時性 | AT4: 實際 | AX4: 平均人時性
E5: 產線配置圖 | I5: 產線配置圖 | P5: 生產實績 | U5: 生產實績 | Z5: 生產實績 | AE5: 生產實績 | AJ5: 生產實績 | AO5: 生產實績 | AT5: 生產實績
E6: 人數 | F6: 產能／時 | G6: 人時性 | I6: 人數 | J6: 產能／時 | K6: 人時性 | P6: 人數 | Q6: 產能／時 | R6: 人時性 | S6: 排名 | U6: 人數 | V6: 產能／時 | W6: 人時性 | X6: 排名 | Z6: 人數 | AA6: 產能／時 | AB6: 人時性 | AC6: 排名 | AE6: 人數 | AF6: 產能／時 | AG6: 人時性 | AH6: 排名 | AJ6: 人數 | AK6: 產能／時 | AL6: 人時性 | AM6: 排名 | AO6: 人數 | AP6: 產能／時 | AQ6: 人時性 | AR6: 排名 | AT6: 人數 | AU6: 產能／時 | AV6: 人時性 | AW6: 排名
B7: 18℃-飯糰 | C7: 1 | D7: 一配鹽蔥燒肉飯糰 | E7: 4 | F7: 3300 | G7: =IFERROR(F7/E7,"") -> 825 | H7: =AVERAGE(G7:G43) -> 865.57143 | I7: =AVERAGE(P7,U7,Z7,AE7,AJ7,AO7,AT7) -> 4 | J7: =AVERAGE(Q7,V7,AA7,AF7,AK7,AP7,AU7) -> 3004.0978 | K7: =AVERAGE(R7,W7,AB7,AG7,AL7,AQ7,AV7) -> 751.02446 | L7: =IFERROR(AVERAGE(K7:K43),"-") -> 777.98601 | M7: =RANK(K7, K$7:$K$43) -> 17 | P7: 4 | Q7: 2996.4787 | R7: =IFERROR(Q7/P7,"") -> 749.11967 | S7: =RANK(R7, R$7:R$43) -> 17 | T7: =AVERAGE(R7:R43) -> 776.99977 | U7: 4 | V7: 3003.2226 | W7: =IFERROR(V7/U7,"") -> 750.80566 | X7: =RANK(W7, W$7:W$43) -> 16 | Y7: =AVERAGE(W7:W43) -> 777.55572 | Z7: 4 | AA7: 3003.8826 | AB7: =IFERROR(AA7/Z7,"") -> 750.97066 | AC7: =RANK(AB7, AB$7:AB$43) -> 17 | AD7: =AVERAGE(AB7:AB43) -> 777.82493 | AE7: 4 | AF7: 3005.2026 | AG7: =IFERROR(AF7/AE7,"") -> 751.30066 | AH7: =RANK(AG7, AG$7:AG$43) -> 17 | AI7: =AVERAGE(AG7:AG43) -> 778.00508 | AJ7: 4 | AK7: 3005.2026 | AL7: =IFERROR(AK7/AJ7,"") -> 751.30066 | AM7: =RANK(AL7, AL$7:AL$43) -> 17 | AN7: =AVERAGE(AL7:AL43) -> 778.19057 | AO7: 4 | AP7: 3006.1926 | AQ7: =IFERROR(AP7/AO7,"") -> 751.54816 | AR7: =RANK(AQ7, AQ$7:AQ$43) -> 17 | AS7: =AVERAGE(AQ7:AQ43) -> 778.42546 | AT7: 4 | AU7: 3008.503 | AV7: =IFERROR(AU7/AT7,"") -> 752.12574 | AW7: =RANK(AV7, AV$7:AV$43) -> 17 | AX7: =AVERAGE(AV7:AV43) -> 778.90054
C8: 2 | D8: 一配鮪魚飯糰 | E8: 3 | F8: 3600 | G8: =IFERROR(F8/E8,"") -> 1200 | I8: =AVERAGE(P8,U8,Z8,AE8,AJ8,AO8,AT8) -> 3 | J8: =AVERAGE(Q8,V8,AA8,AF8,AK8,AP8,AU8) -> 3207.6595 | K8: =AVERAGE(R8,W8,AB8,AG8,AL8,AQ8,AV8) -> 1069.2198 | M8: =RANK(K8, K$7:$K$43) -> 6 | P8: 3 | Q8: 3204.6252 | R8: =IFERROR(Q8/P8,"") -> 1068.2084 | S8: =RANK(R8, R$7:R$43) -> 7 | U8: 3 | V8: 3205.3452 | W8: =IFERROR(V8/U8,"") -> 1068.4484 | X8: =RANK(W8, W$7:W$43) -> 7 | Z8: 3 | AA8: 3207.1452 | AB8: =IFERROR(AA8/Z8,"") -> 1069.0484 | AC8: =RANK(AB8, AB$7:AB$43) -> 6 | AE8: 3 | AF8: 3207.1452 | AG8: =IFERROR(AF8/AE8,"") -> 1069.0484 | AH8: =RANK(AG8, AG$7:AG$43) -> 6 | AJ8: 3 | AK8: 3208.5852 | AL8: =IFERROR(AK8/AJ8,"") -> 1069.5284 | AM8: =RANK(AL8, AL$7:AL$43) -> 5 | AO8: 3 | AP8: 3210.0252 | AQ8: =IFERROR(AP8/AO8,"") -> 1070.0084 | AR8: =RANK(AQ8, AQ$7:AQ$43) -> 5 | AT8: 3 | AU8: 3210.7452 | AV8: =IFERROR(AU8/AT8,"") -> 1070.2484 | AW8: =RANK(AV8, AV$7:AV$43) -> 7
C9: 3 | D9: 一配雞肉飯飯糰 | E9: 5 | F9: 3600 | G9: =IFERROR(F9/E9,"") -> 720 | I9: =AVERAGE(P9,U9,Z9,AE9,AJ9,AO9,AT9) -> 5 | J9: =AVERAGE(Q9,V9,AA9,AF9,AK9,AP9,AU9) -> 3207.7299 | K9: =AVERAGE(R9,W9,AB9,AG9,AL9,AQ9,AV9) -> 641.54598 | M9: =RANK(K9, K$7:$K$43) -> 28 | P9: 5 | Q9: 3205.5758 | R9: =IFERROR(Q9/P9,"") -> 641.11517 | S9: =RANK(R9, R$7:R$43) -> 24 | U9: 5 | V9: 3206.6558 | W9: =IFERROR(V9/U9,"") -> 641.33117 | X9: =RANK(W9, W$7:W$43) -> 26 | Z9: 5 | AA9: 3206.6558 | AB9: =IFERROR(AA9/Z9,"") -> 641.33117 | AC9: =RANK(AB9, AB$7:AB$43) -> 28 | AE9: 5 | AF9: 3207.0158 | AG9: =IFERROR(AF9/AE9,"") -> 641.40317 | AH9: =RANK(AG9, AG$7:AG$43) -> 28 | AJ9: 5 | AK9: 3207.3758 | AL9: =IFERROR(AK9/AJ9,"") -> 641.47517 | AM9: =RANK(AL9, AL$7:AL$43) -> 29 | AO9: 5 | AP9: 3208.4558 | AQ9: =IFERROR(AP9/AO9,"") -> 641.69117 | AR9: =RANK(AQ9, AQ$7:AQ$43) -> 29 | AT9: 5 | AU9: 3212.3744 | AV9: =IFERROR(AU9/AT9,"") -> 642.47488 | AW9: =RANK(AV9, AV$7:AV$43) -> 27
C10: 4 | D10: 一配壹號醬炙烤牛飯糰 | E10: 5 | F10: 3300 | G10: =IFERROR(F10/E10,"") -> 660 | I10: =AVERAGE(P10,U10,Z10,AE10,AJ10,AO10,AT10) -> 5 | J10: =AVERAGE(Q10,V10,AA10,AF10,AK10,AP10,AU10) -> 3007.0542 | K10: =AVERAGE(R10,W10,AB10,AG10,AL10,AQ10,AV10) -> 601.41084 | M10: =RANK(K10, K$7:$K$43) -> 31 | P10: 5 | Q10: 2999.4551 | R10: =IFERROR(Q10/P10,"") -> 599.89101 | S10: =RANK(R10, R$7:R$43) -> 31 | U10: 5 | V10: 3006.8429 | W10: =IFERROR(V10/U10,"") -> 601.36858 | X10: =RANK(W10, W$7:W$43) -> 31 | Z10: 5 | AA10: 3006.8429 | AB10: =IFERROR(AA10/Z10,"") -> 601.36858 | AC10: =RANK(AB10, AB$7:AB$43) -> 32 | AE10: 5 | AF10: 3007.1729 | AG10: =IFERROR(AF10/AE10,"") -> 601.43458 | AH10: =RANK(AG10, AG$7:AG$43) -> 31 | AJ10: 5 | AK10: 3007.8329 | AL10: =IFERROR(AK10/AJ10,"") -> 601.56658 | AM10: =RANK(AL10, AL$7:AL$43) -> 31 | AO10: 5 | AP10: 3009.4829 | AQ10: =IFERROR(AP10/AO10,"") -> 601.89658 | AR10: =RANK(AQ10, AQ$7:AQ$43) -> 31 | AT10: 5 | AU10: 3011.7498 | AV10: =IFERROR(AU10/AT10,"") -> 602.34996 | AW10: =RANK(AV10, AV$7:AV$43) -> 31
C11: 5 | D11: 一配明太子龍蝦風味沙拉飯糰 | E11: 3 | F11: 3600 | G11: =IFERROR(F11/E11,"") -> 1200 | I11: =AVERAGE(P11,U11,Z11,AE11,AJ11,AO11,AT11) -> 3 | J11: =AVERAGE(Q11,V11,AA11,AF11,AK11,AP11,AU11) -> 3207.9624 | K11: =AVERAGE(R11,W11,AB11,AG11,AL11,AQ11,AV11) -> 1069.3208 | M11: =RANK(K11, K$7:$K$43) -> 5 | P11: 3 | Q11: 3205.6217 | R11: =IFERROR(Q11/P11,"") -> 1068.5406 | S11: =RANK(R11, R$7:R$43) -> 6 | U11: 3 | V11: 3206.7017 | W11: =IFERROR(V11/U11,"") -> 1068.9006 | X11: =RANK(W11, W$7:W$43) -> 5 | Z11: 3 | AA11: 3207.4217 | AB11: =IFERROR(AA11/Z11,"") -> 1069.1406 | AC11: =RANK(AB11, AB$7:AB$43) -> 5 | AE11: 3 | AF11: 3208.1417 | AG11: =IFERROR(AF11/AE11,"") -> 1069.3806 | AH11: =RANK(AG11, AG$7:AG$43) -> 5 | AJ11: 3 | AK11: 3208.5017 | AL11: =IFERROR(AK11/AJ11,"") -> 1069.5006 | AM11: =RANK(AL11, AL$7:AL$43) -> 6 | AO11: 3 | AP11: 3208.5017 | AQ11: =IFERROR(AP11/AO11,"") -> 1069.5006 | AR11: =RANK(AQ11, AQ$7:AQ$43) -> 6 | AT11: 3 | AU11: 3210.8463 | AV11: =IFERROR(AU11/AT11,"") -> 1070.2821 | AW11: =RANK(AV11, AV$7:AV$43) -> 6
C12: 6 | D12: 一配贅沢鮭魚肚飯糰 | E12: 4 | F12: 3600 | G12: =IFERROR(F12/E12,"") -> 900 | I12: =AVERAGE(P12,U12,Z12,AE12,AJ12,AO12,AT12) -> 4 | J12: =AVERAGE(Q12,V12,AA12,AF12,AK12,AP12,AU12) -> 3208.0596 | K12: =AVERAGE(R12,W12,AB12,AG12,AL12,AQ12,AV12) -> 802.0149 | M12: =RANK(K12, K$7:$K$43) -> 14 | P12: 4 | Q12: 3205.5911 | R12: =IFERROR(Q12/P12,"") -> 801.39778 | S12: =RANK(R12, R$7:R$43) -> 14 | U12: 4 | V12: 3207.0311 | W12: =IFERROR(V12/U12,"") -> 801.75778 | X12: =RANK(W12, W$7:W$43) -> 14 | Z12: 4 | AA12: 3207.3911 | AB12: =IFERROR(AA12/Z12,"") -> 801.84778 | AC12: =RANK(AB12, AB$7:AB$43) -> 14 | AE12: 4 | AF12: 3207.3911 | AG12: =IFERROR(AF12/AE12,"") -> 801.84778 | AH12: =RANK(AG12, AG$7:AG$43) -> 14 | AJ12: 4 | AK12: 3207.7511 | AL12: =IFERROR(AK12/AJ12,"") -> 801.93778 | AM12: =RANK(AL12, AL$7:AL$43) -> 15 | AO12: 4 | AP12: 3208.1111 | AQ12: =IFERROR(AP12/AO12,"") -> 802.02778 | AR12: =RANK(AQ12, AQ$7:AQ$43) -> 15 | AT12: 4 | AU12: 3213.1507 | AV12: =IFERROR(AU12/AT12,"") -> 803.28767 | AW12: =RANK(AV12, AV$7:AV$43) -> 14
C13: 7 | D13: 一配蔬食鮪魚飯糰 | E13: 3 | F13: 3600 | G13: =IFERROR(F13/E13,"") -> 1200 | I13: =AVERAGE(P13,U13,Z13,AE13,AJ13,AO13,AT13) -> 3 | J13: =AVERAGE(Q13,V13,AA13,AF13,AK13,AP13,AU13) -> 3211.0647 | K13: =AVERAGE(R13,W13,AB13,AG13,AL13,AQ13,AV13) -> 1070.3549 | M13: =RANK(K13, K$7:$K$43) -> 2 | P13: 3 | Q13: 3208.0818 | R13: =IFERROR(Q13/P13,"") -> 1069.3606 | S13: =RANK(R13, R$7:R$43) -> 2 | U13: 3 | V13: 3209.8818 | W13: =IFERROR(V13/U13,"") -> 1069.9606 | X13: =RANK(W13, W$7:W$43) -> 2 | Z13: 3 | AA13: 3211.3218 | AB13: =IFERROR(AA13/Z13,"") -> 1070.4406 | AC13: =RANK(AB13, AB$7:AB$43) -> 2 | AE13: 3 | AF13: 3211.3218 | AG13: =IFERROR(AF13/AE13,"") -> 1070.4406 | AH13: =RANK(AG13, AG$7:AG$43) -> 2 | AJ13: 3 | AK13: 3211.6818 | AL13: =IFERROR(AK13/AJ13,"") -> 1070.5606 | AM13: =RANK(AL13, AL$7:AL$43) -> 2 | AO13: 3 | AP13: 3212.4018 | AQ13: =IFERROR(AP13/AO13,"") -> 1070.8006 | AR13: =RANK(AQ13, AQ$7:AQ$43) -> 2 | AT13: 3 | AU13: 3212.7618 | AV13: =IFERROR(AU13/AT13,"") -> 1070.9206 | AW13: =RANK(AV13, AV$7:AV$43) -> 4
C14: 8 | D14: 一配熟成紅鮭飯糰 | E14: 5 | F14: 3600 | G14: =IFERROR(F14/E14,"") -> 720 | I14: =AVERAGE(P14,U14,Z14,AE14,AJ14,AO14,AT14) -> 5 | J14: =AVERAGE(Q14,V14,AA14,AF14,AK14,AP14,AU14) -> 3210.5896 | K14: =AVERAGE(R14,W14,AB14,AG14,AL14,AQ14,AV14) -> 642.11791 | M14: =RANK(K14, K$7:$K$43) -> 23 | P14: 5 | Q14: 3207.3496 | R14: =IFERROR(Q14/P14,"") -> 641.46991 | S14: =RANK(R14, R$7:R$43) -> 23 | U14: 5 | V14: 3208.7896 | W14: =IFERROR(V14/U14,"") -> 641.75791 | X14: =RANK(W14, W$7:W$43) -> 23 | Z14: 5 | AA14: 3210.2296 | AB14: =IFERROR(AA14/Z14,"") -> 642.04591 | AC14: =RANK(AB14, AB$7:AB$43) -> 23 | AE14: 5 | AF14: 3210.5896 | AG14: =IFERROR(AF14/AE14,"") -> 642.11791 | AH14: =RANK(AG14, AG$7:AG$43) -> 23 | AJ14: 5 | AK14: 3210.5896 | AL14: =IFERROR(AK14/AJ14,"") -> 642.11791 | AM14: =RANK(AL14, AL$7:AL$43) -> 23 | AO14: 5 | AP14: 3212.3896 | AQ14: =IFERROR(AP14/AO14,"") -> 642.47791 | AR14: =RANK(AQ14, AQ$7:AQ$43) -> 23 | AT14: 5 | AU14: 3214.1896 | AV14: =IFERROR(AU14/AT14,"") -> 642.83791 | AW14: =RANK(AV14, AV$7:AV$43) -> 23
C15: 9 | D15: 一配北海道秋鮭親子飯糰 | E15: 5 | F15: 3600 | G15: =IFERROR(F15/E15,"") -> 720 | I15: =AVERAGE(P15,U15,Z15,AE15,AJ15,AO15,AT15) -> 5 | J15: =AVERAGE(Q15,V15,AA15,AF15,AK15,AP15,AU15) -> 3207.6637 | K15: =AVERAGE(R15,W15,AB15,AG15,AL15,AQ15,AV15) -> 641.53275 | M15: =RANK(K15, K$7:$K$43) -> 29 | P15: 5 | Q15: 3205.4877 | R15: =IFERROR(Q15/P15,"") -> 641.09753 | S15: =RANK(R15, R$7:R$43) -> 26 | U15: 5 | V15: 3206.2077 | W15: =IFERROR(V15/U15,"") -> 641.24153 | X15: =RANK(W15, W$7:W$43) -> 27 | Z15: 5 | AA15: 3206.5677 | AB15: =IFERROR(AA15/Z15,"") -> 641.31353 | AC15: =RANK(AB15, AB$7:AB$43) -> 29 | AE15: 5 | AF15: 3206.5677 | AG15: =IFERROR(AF15/AE15,"") -> 641.31353 | AH15: =RANK(AG15, AG$7:AG$43) -> 30 | AJ15: 5 | AK15: 3207.2877 | AL15: =IFERROR(AK15/AJ15,"") -> 641.45753 | AM15: =RANK(AL15, AL$7:AL$43) -> 30 | AO15: 5 | AP15: 3208.0077 | AQ15: =IFERROR(AP15/AO15,"") -> 641.60153 | AR15: =RANK(AQ15, AQ$7:AQ$43) -> 30 | AT15: 5 | AU15: 3213.5202 | AV15: =IFERROR(AU15/AT15,"") -> 642.70403 | AW15: =RANK(AV15, AV$7:AV$43) -> 25
C16: 10 | D16: 一配經典肉鬆飯糰 | E16: 3 | F16: 3000 | G16: =IFERROR(F16/E16,"") -> 1000 | I16: =AVERAGE(P16,U16,Z16,AE16,AJ16,AO16,AT16) -> 3 | J16: =AVERAGE(Q16,V16,AA16,AF16,AK16,AP16,AU16) -> 2735.1875 | K16: =AVERAGE(R16,W16,AB16,AG16,AL16,AQ16,AV16) -> 911.72918 | M16: =RANK(K16, K$7:$K$43) -> 12 | P16: 3 | Q16: 2733.2161 | R16: =IFERROR(Q16/P16,"") -> 911.07204 | S16: =RANK(R16, R$7:R$43) -> 11 | U16: 3 | V16: 2733.5161 | W16: =IFERROR(V16/U16,"") -> 911.17204 | X16: =RANK(W16, W$7:W$43) -> 11 | Z16: 3 | AA16: 2734.4161 | AB16: =IFERROR(AA16/Z16,"") -> 911.47204 | AC16: =RANK(AB16, AB$7:AB$43) -> 12 | AE16: 3 | AF16: 2735.0161 | AG16: =IFERROR(AF16/AE16,"") -> 911.67204 | AH16: =RANK(AG16, AG$7:AG$43) -> 12 | AJ16: 3 | AK16: 2735.3161 | AL16: =IFERROR(AK16/AJ16,"") -> 911.77204 | AM16: =RANK(AL16, AL$7:AL$43) -> 12 | AO16: 3 | AP16: 2736.8161 | AQ16: =IFERROR(AP16/AO16,"") -> 912.27204 | AR16: =RANK(AQ16, AQ$7:AQ$43) -> 12 | AT16: 3 | AU16: 2738.0161 | AV16: =IFERROR(AU16/AT16,"") -> 912.67204 | AW16: =RANK(AV16, AV$7:AV$43) -> 12
C17: 11 | D17: 一配兩粒飯糰(鮪魚.焦糖鮭魚) | E17: 12 | F17: 3600 | G17: =IFERROR(F17/E17,"") -> 300 | I17: =AVERAGE(P17,U17,Z17,AE17,AJ17,AO17,AT17) -> 12 | J17: =AVERAGE(Q17,V17,AA17,AF17,AK17,AP17,AU17) -> 3122.1126 | K17: =AVERAGE(R17,W17,AB17,AG17,AL17,AQ17,AV17) -> 260.17605 | M17: =RANK(K17, K$7:$K$43) -> 34 | P17: 12 | Q17: 3121.0617 | R17: =IFERROR(Q17/P17,"") -> 260.08848 | S17: =RANK(R17, R$7:R$43) -> 35 | U17: 12 | V17: 3122.1417 | W17: =IFERROR(V17/U17,"") -> 260.17848 | X17: =RANK(W17, W$7:W$43) -> 34 | Z17: 12 | AA17: 3123.9417 | AB17: =IFERROR(AA17/Z17,"") -> 260.32848 | AC17: =RANK(AB17, AB$7:AB$43) -> 34 | AE17: 12 | AF17: 3121.7709 | AG17: =IFERROR(AF17/AE17,"") -> 260.14757 | AH17: =RANK(AG17, AG$7:AG$43) -> 35 | AJ17: 12 | AK17: 3122.8509 | AL17: =IFERROR(AK17/AJ17,"") -> 260.23757 | AM17: =RANK(AL17, AL$7:AL$43) -> 34 | AO17: 12 | AP17: 3120.479 | AQ17: =IFERROR(AP17/AO17,"") -> 260.03991 | AR17: =RANK(AQ17, AQ$7:AQ$43) -> 35 | AT17: 12 | AU17: 3122.5423 | AV17: =IFERROR(AU17/AT17,"") -> 260.21186 | AW17: =RANK(AV17, AV$7:AV$43) -> 35
C18: 12 | D18: 一配鮭魚奶油醬油飯糰 | E18: 3 | F18: 3300 | G18: =IFERROR(F18/E18,"") -> 1100 | I18: =AVERAGE(P18,U18,Z18,AE18,AJ18,AO18,AT18) -> 3 | J18: =AVERAGE(Q18,V18,AA18,AF18,AK18,AP18,AU18) -> 3003.3903 | K18: =AVERAGE(R18,W18,AB18,AG18,AL18,AQ18,AV18) -> 1001.1301 | M18: =RANK(K18, K$7:$K$43) -> 10 | P18: 3 | Q18: 2996.2204 | R18: =IFERROR(Q18/P18,"") -> 998.74015 | S18: =RANK(R18, R$7:R$43) -> 9 | U18: 3 | V18: 3002.3557 | W18: =IFERROR(V18/U18,"") -> 1000.7852 | X18: =RANK(W18, W$7:W$43) -> 9 | Z18: 3 | AA18: 3003.0157 | AB18: =IFERROR(AA18/Z18,"") -> 1001.0052 | AC18: =RANK(AB18, AB$7:AB$43) -> 10 | AE18: 3 | AF18: 3003.6757 | AG18: =IFERROR(AF18/AE18,"") -> 1001.2252 | AH18: =RANK(AG18, AG$7:AG$43) -> 10 | AJ18: 3 | AK18: 3004.0057 | AL18: =IFERROR(AK18/AJ18,"") -> 1001.3352 | AM18: =RANK(AL18, AL$7:AL$43) -> 10 | AO18: 3 | AP18: 3005.6557 | AQ18: =IFERROR(AP18/AO18,"") -> 1001.8852 | AR18: =RANK(AQ18, AQ$7:AQ$43) -> 10 | AT18: 3 | AU18: 3008.8034 | AV18: =IFERROR(AU18/AT18,"") -> 1002.9345 | AW18: =RANK(AV18, AV$7:AV$43) -> 10
C19: 13 | D19: 一配柚檸海灣貝飯糰 | E19: 5 | F19: 3600 | G19: =IFERROR(F19/E19,"") -> 720 | I19: =AVERAGE(P19,U19,Z19,AE19,AJ19,AO19,AT19) -> 5 | J19: =AVERAGE(Q19,V19,AA19,AF19,AK19,AP19,AU19) -> 3208.3054 | K19: =AVERAGE(R19,W19,AB19,AG19,AL19,AQ19,AV19) -> 641.66109 | M19: =RANK(K19, K$7:$K$43) -> 26 | P19: 5 | Q19: 3204.5511 | R19: =IFERROR(Q19/P19,"") -> 640.91023 | S19: =RANK(R19, R$7:R$43) -> 29 | U19: 5 | V19: 3205.9911 | W19: =IFERROR(V19/U19,"") -> 641.19823 | X19: =RANK(W19, W$7:W$43) -> 28 | Z19: 5 | AA19: 3207.0711 | AB19: =IFERROR(AA19/Z19,"") -> 641.41423 | AC19: =RANK(AB19, AB$7:AB$43) -> 26 | AE19: 5 | AF19: 3208.5111 | AG19: =IFERROR(AF19/AE19,"") -> 641.70223 | AH19: =RANK(AG19, AG$7:AG$43) -> 26 | AJ19: 5 | AK19: 3209.5911 | AL19: =IFERROR(AK19/AJ19,"") -> 641.91823 | AM19: =RANK(AL19, AL$7:AL$43) -> 25 | AO19: 5 | AP19: 3210.6711 | AQ19: =IFERROR(AP19/AO19,"") -> 642.13423 | AR19: =RANK(AQ19, AQ$7:AQ$43) -> 26 | AT19: 5 | AU19: 3211.7511 | AV19: =IFERROR(AU19/AT19,"") -> 642.35023 | AW19: =RANK(AV19, AV$7:AV$43) -> 28
... C41: 35 | D41: 二配兩粒飯糰(鮪魚.焦糖鮭魚) | E41: 12 | F41: 3600 | G41: =IFERROR(F41/E41,"") -> 300 | I41: =AVERAGE(P41,U41,Z41,AE41,AJ41,AO41,AT41) -> 12 | J41: =AVERAGE(Q41,V41,AA41,AF41,AK41,AP41,AU41) -> 3121.9778 | K41: =AVERAGE(R41,W41,AB41,AG41,AL41,AQ41,AV41) -> 260.16482 | M41: =RANK(K41, K$7:$K$43) -> 35 | P41: 12 | Q41: 3121.9749 | R41: =IFERROR(Q41/P41,"") -> 260.16458 | S41: =RANK(R41, R$7:R$43) -> 34 | U41: 12 | V41: 3121.6149 | W41: =IFERROR(V41/U41,"") -> 260.13458 | X41: =RANK(W41, W$7:W$43) -> 35 | Z41: 12 | AA41: 3121.9749 | AB41: =IFERROR(AA41/Z41,"") -> 260.16458 | AC41: =RANK(AB41, AB$7:AB$43) -> 35 | AE41: 12 | AF41: 3122.6949 | AG41: =IFERROR(AF41/AE41,"") -> 260.22458 | AH41: =RANK(AG41, AG$7:AG$43) -> 34 | AJ41: 12 | AK41: 3120.5864 | AL41: =IFERROR(AK41/AJ41,"") -> 260.04886 | AM41: =RANK(AL41, AL$7:AL$43) -> 35 | AO41: 12 | AP41: 3122.1394 | AQ41: =IFERROR(AP41/AO41,"") -> 260.17829 | AR41: =RANK(AQ41, AQ$7:AQ$43) -> 34 | AT41: 12 | AU41: 3122.8594 | AV41: =IFERROR(AU41/AT41,"") -> 260.23829 | AW41: =RANK(AV41, AV$7:AV$43) -> 34
C42: 36
C43: 37
B44: 產線配置圖－每週更新(0804-0810) | N44: 資料繳交 | O44: 日期 | P44: 46238 | U44: 46239 | Z44: 46240 | AE44: 46241 | AJ44: 46242 | AO44: 46243 | AT44: 46244
P45: 46196 | U45: 46197 | Z45: 46198 | AE45: 46199 | AJ45: 46200 | AO45: 46201 | AT45: 46202
B46: 品群 | C46: 商品名稱 | E46: 計畫 | H46: 平均人時性 | I46: 實績 (週平均) | L46: 平均人時性 | M46: 排名 | O46: 日報 | P46: 實際 | T46: 平均人時性 | U46: 實際 | Y46: 平均人時性 | Z46: 實際 | AD46: 平均人時性 | AE46: 實際 | AI46: 平均人時性 | AJ46: 實際 | AN46: 平均人時性 | AO46: 實際 | AS46: 平均人時性 | AT46: 實際 | AX46: 平均人時性
E47: 產線配置圖 | I47: 產線配置圖 | P47: 生產實績 | U47: 生產實績 | Z47: 生產實績 | AE47: 生產實績 | AJ47: 生產實績 | AO47: 生產實績 | AT47: 生產實績
E48: 人數 | F48: 產能／時 | G48: 人時性 | I48: 人數 | J48: 產能／時 | K48: 人時性 | P48: 人數 | Q48: 產能／時 | R48: 人時性 | S48: 排名 | U48: 人數 | V48: 產能／時 | W48: 人時性 | X48: 排名 | Z48: 人數 | AA48: 產能／時 | AB48: 人時性 | AC48: 排名 | AE48: 人數 | AF48: 產能／時 | AG48: 人時性 | AH48: 排名 | AJ48: 人數 | AK48: 產能／時 | AL48: 人時性 | AM48: 排名 | AO48: 人數 | AP48: 產能／時 | AQ48: 人時性 | AR48: 排名 | AT48: 人數 | AU48: 產能／時 | AV48: 人時性 | AW48: 排名
B49: 18℃-飯糰 | C49: 1 | D49: 一配鹽蔥燒肉飯糰 | E49: 4 | F49: 3300 | G49: =IFERROR(F49/E49,"") -> 825 | H49: =AVERAGE(G49:G85) -> 865.57143 | I49: =AVERAGE(P49,U49,Z49,AE49,AJ49,AO49,AT49) -> 4 | J49: =AVERAGE(Q49,V49,AA49,AF49,AK49,AP49,AU49) -> 3013.1701 | K49: =AVERAGE(R49,W49,AB49,AG49,AL49,AQ49,AV49) -> 753.29253 | L49: =IFERROR(AVERAGE(K49:K85),"-") -> 779.94558 | M49: =RANK(K49, K$49:$K$85) -> 17 | P49: 4 | Q49: 3009.823 | R49: =IFERROR(Q49/P49,"") -> 752.45574 | S49: =RANK(R49, R$49:R$85) -> 17 | T49: =AVERAGE(R49:R85) -> 779.16356 | U49: 4 | V49: 3011.473 | W49: =IFERROR(V49/U49,"") -> 752.86824 | X49: =RANK(W49, W$49:W$85) -> 17 | Y49: =AVERAGE(W49:W85) -> 779.3656 | Z49: 4 | AA49: 3012.463 | AB49: =IFERROR(AA49/Z49,"") -> 753.11574 | AC49: =RANK(AB49, AB$49:AB$85) -> 17 | AD49: =AVERAGE(AB49:AB85) -> 779.65824 | AE49: 4 | AF49: 3012.793 | AG49: =IFERROR(AF49/AE49,"") -> 753.19824 | AH49: =RANK(AG49, AG$49:AG$85) -> 18 | AI49: =AVERAGE(AG49:AG85) -> 779.91406 | AJ49: 4 | AK49: 3014.113 | AL49: =IFERROR(AK49/AJ49,"") -> 753.52824 | AM49: =RANK(AL49, AL$49:AL$85) -> 18 | AN49: =AVERAGE(AL49:AL85) -> 780.23607 | AO49: 4 | AP49: 3014.773 | AQ49: =IFERROR(AP49/AO49,"") -> 753.69324 | AR49: =RANK(AQ49, AQ$49:AQ$85) -> 18 | AS49: =AVERAGE(AQ49:AQ85) -> 780.51782 | AT49: 4 | AU49: 3016.753 | AV49: =IFERROR(AU49/AT49,"") -> 754.18824 | AW49: =RANK(AV49, AV$49:AV$85) -> 17 | AX49: =AVERAGE(AV49:AV85) -> 784.80471
C50: 2 | D50: 一配鮪魚飯糰 | E50: 3 | F50: 3600 | G50: =IFERROR(F50/E50,"") -> 1200 | I50: =AVERAGE(P50,U50,Z50,AE50,AJ50,AO50,AT50) -> 3 | J50: =AVERAGE(Q50,V50,AA50,AF50,AK50,AP50,AU50) -> 3216.0424 | K50: =AVERAGE(R50,W50,AB50,AG50,AL50,AQ50,AV50) -> 1072.0141 | M50: =RANK(K50, K$49:$K$85) -> 7 | P50: 3 | Q50: 3211.4652 | R50: =IFERROR(Q50/P50,"") -> 1070.4884 | S50: =RANK(R50, R$49:R$85) -> 7 | U50: 3 | V50: 3213.2652 | W50: =IFERROR(V50/U50,"") -> 1071.0884 | X50: =RANK(W50, W$49:W$85) -> 6 | Z50: 3 | AA50: 3213.9852 | AB50: =IFERROR(AA50/Z50,"") -> 1071.3284 | AC50: =RANK(AB50, AB$49:AB$85) -> 7 | AE50: 3 | AF50: 3215.7852 | AG50: =IFERROR(AF50/AE50,"") -> 1071.9284 | AH50: =RANK(AG50, AG$49:AG$85) -> 7 | AJ50: 3 | AK50: 3217.5852 | AL50: =IFERROR(AK50/AJ50,"") -> 1072.5284 | AM50: =RANK(AL50, AL$49:AL$85) -> 6 | AO50: 3 | AP50: 3219.3852 | AQ50: =IFERROR(AP50/AO50,"") -> 1073.1284 | AR50: =RANK(AQ50, AQ$49:AQ$85) -> 5 | AT50: 3 | AU50: 3220.8252 | AV50: =IFERROR(AU50/AT50,"") -> 1073.6084 | AW50: =RANK(AV50, AV$49:AV$85) -> 5
C51: 3 | D51: 一配雞肉飯飯糰 | E51: 5 | F51: 3600 | G51: =IFERROR(F51/E51,"") -> 720 | I51: =AVERAGE(P51,U51,Z51,AE51,AJ51,AO51,AT51) -> 5 | J51: =AVERAGE(Q51,V51,AA51,AF51,AK51,AP51,AU51) -> 3214.5894 | K51: =AVERAGE(R51,W51,AB51,AG51,AL51,AQ51,AV51) -> 642.91787 | M51: =RANK(K51, K$49:$K$85) -> 30 | P51: 5 | Q51: 3212.3744 | R51: =IFERROR(Q51/P51,"") -> 642.47488 | S51: =RANK(R51, R$49:R$85) -> 30 | U51: 5 | V51: 3212.7344 | W51: =IFERROR(V51/U51,"") -> 642.54688 | X51: =RANK(W51, W$49:W$85) -> 30 | Z51: 5 | AA51: 3213.3874 | AB51: =IFERROR(AA51/Z51,"") -> 642.67747 | AC51: =RANK(AB51, AB$49:AB$85) -> 30 | AE51: 5 | AF51: 3214.4674 | AG51: =IFERROR(AF51/AE51,"") -> 642.89347 | AH51: =RANK(AG51, AG$49:AG$85) -> 30 | AJ51: 5 | AK51: 3215.1874 | AL51: =IFERROR(AK51/AJ51,"") -> 643.03747 | AM51: =RANK(AL51, AL$49:AL$85) -> 30 | AO51: 5 | AP51: 3216.6274 | AQ51: =IFERROR(AP51/AO51,"") -> 643.32547 | AR51: =RANK(AQ51, AQ$49:AQ$85) -> 30 | AT51: 5 | AU51: 3217.3474 | AV51: =IFERROR(AU51/AT51,"") -> 643.46947 | AW51: =RANK(AV51, AV$49:AV$85) -> 29
C52: 4 | D52: 一配壹號醬炙烤牛飯糰 | E52: 5 | F52: 3300 | G52: =IFERROR(F52/E52,"") -> 660 | I52: =AVERAGE(P52,U52,Z52,AE52,AJ52,AO52,AT52) -> 5 | J52: =AVERAGE(Q52,V52,AA52,AF52,AK52,AP52,AU52) -> 3015.7569 | K52: =AVERAGE(R52,W52,AB52,AG52,AL52,AQ52,AV52) -> 603.15139 | M52: =RANK(K52, K$49:$K$85) -> 31 | P52: 5 | Q52: 3013.3998 | R52: =IFERROR(Q52/P52,"") -> 602.67996 | S52: =RANK(R52, R$49:R$85) -> 31 | U52: 5 | V52: 3013.7298 | W52: =IFERROR(V52/U52,"") -> 602.74596 | X52: =RANK(W52, W$49:W$85) -> 31 | Z52: 5 | AA52: 3014.7198 | AB52: =IFERROR(AA52/Z52,"") -> 602.94396 | AC52: =RANK(AB52, AB$49:AB$85) -> 31 | AE52: 5 | AF52: 3016.0398 | AG52: =IFERROR(AF52/AE52,"") -> 603.20796 | AH52: =RANK(AG52, AG$49:AG$85) -> 31 | AJ52: 5 | AK52: 3016.3698 | AL52: =IFERROR(AK52/AJ52,"") -> 603.27396 | AM52: =RANK(AL52, AL$49:AL$85) -> 31 | AO52: 5 | AP52: 3017.0298 | AQ52: =IFERROR(AP52/AO52,"") -> 603.40596 | AR52: =RANK(AQ52, AQ$49:AQ$85) -> 31 | AT52: 5 | AU52: 3019.0098 | AV52: =IFERROR(AU52/AT52,"") -> 603.80196 | AW52: =RANK(AV52, AV$49:AV$85) -> 30
C53: 5 | D53: 一配明太子龍蝦風味沙拉飯糰 | E53: 3 | F53: 3600 | G53: =IFERROR(F53/E53,"") -> 1200 | I53: =AVERAGE(P53,U53,Z53,AE53,AJ53,AO53,AT53) -> 3 | J53: =AVERAGE(Q53,V53,AA53,AF53,AK53,AP53,AU53) -> 3214.292 | K53: =AVERAGE(R53,W53,AB53,AG53,AL53,AQ53,AV53) -> 1071.4307 | M53: =RANK(K53, K$49:$K$85) -> 8 | P53: 3 | Q53: 3211.5663 | R53: =IFERROR(Q53/P53,"") -> 1070.5221 | S53: =RANK(R53, R$49:R$85) -> 6 | U53: 3 | V53: 3211.9263 | W53: =IFERROR(V53/U53,"") -> 1070.6421 | X53: =RANK(W53, W$49:W$85) -> 8 | Z53: 3 | AA53: 3213.3663 | AB53: =IFERROR(AA53/Z53,"") -> 1071.1221 | AC53: =RANK(AB53, AB$49:AB$85) -> 8 | AE53: 3 | AF53: 3214.8063 | AG53: =IFERROR(AF53/AE53,"") -> 1071.6021 | AH53: =RANK(AG53, AG$49:AG$85) -> 8 | AJ53: 3 | AK53: 3215.8863 | AL53: =IFERROR(AK53/AJ53,"") -> 1071.9621 | AM53: =RANK(AL53, AL$49:AL$85) -> 8 | AO53: 3 | AP53: 3215.8863 | AQ53: =IFERROR(AP53/AO53,"") -> 1071.9621 | AR53: =RANK(AQ53, AQ$49:AQ$85) -> 8 | AT53: 3 | AU53: 3216.6063 | AV53: =IFERROR(AU53/AT53,"") -> 1072.2021 | AW53: =RANK(AV53, AV$49:AV$85) -> 8
C54: 6 | D54: 一配贅沢鮭魚肚飯糰 | E54: 4 | F54: 3600 | G54: =IFERROR(F54/E54,"") -> 900 | I54: =AVERAGE(P54,U54,Z54,AE54,AJ54,AO54,AT54) -> 4 | J54: =AVERAGE(Q54,V54,AA54,AF54,AK54,AP54,AU54) -> 3218.7564 | K54: =AVERAGE(R54,W54,AB54,AG54,AL54,AQ54,AV54) -> 804.6891 | M54: =RANK(K54, K$49:$K$85) -> 14 | P54: 4 | Q54: 3214.5907 | R54: =IFERROR(Q54/P54,"") -> 803.64767 | S54: =RANK(R54, R$49:R$85) -> 14 | U54: 4 | V54: 3214.9507 | W54: =IFERROR(V54/U54,"") -> 803.73767 | X54: =RANK(W54, W$49:W$85) -> 14 | Z54: 4 | AA54: 3216.7507 | AB54: =IFERROR(AA54/Z54,"") -> 804.18767 | AC54: =RANK(AB54, AB$49:AB$85) -> 14 | AE54: 4 | AF54: 3218.9107 | AG54: =IFERROR(AF54/AE54,"") -> 804.72767 | AH54: =RANK(AG54, AG$49:AG$85) -> 14 | AJ54: 4 | AK54: 3221.0707 | AL54: =IFERROR(AK54/AJ54,"") -> 805.26767 | AM54: =RANK(AL54, AL$49:AL$85) -> 14 | AO54: 4 | AP54: 3221.7907 | AQ54: =IFERROR(AP54/AO54,"") -> 805.44767 | AR54: =RANK(AQ54, AQ$49:AQ$85) -> 14 | AT54: 4 | AU54: 3223.2307 | AV54: =IFERROR(AU54/AT54,"") -> 805.80767 | AW54: =RANK(AV54, AV$49:AV$85) -> 14
C55: 7 | D55: 一配蔬食鮪魚飯糰 | E55: 3 | F55: 3600 | G55: =IFERROR(F55/E55,"") -> 1200 | I55: =AVERAGE(P55,U55,Z55,AE55,AJ55,AO55,AT55) -> 3 | J55: =AVERAGE(Q55,V55,AA55,AF55,AK55,AP55,AU55) -> 3217.0818 | K55: =AVERAGE(R55,W55,AB55,AG55,AL55,AQ55,AV55) -> 1072.3606 | M55: =RANK(K55, K$49:$K$85) -> 5 | P55: 3 | Q55: 3214.2018 | R55: =IFERROR(Q55/P55,"") -> 1071.4006 | S55: =RANK(R55, R$49:R$85) -> 3 | U55: 3 | V55: 3215.6418 | W55: =IFERROR(V55/U55,"") -> 1071.8806 | X55: =RANK(W55, W$49:W$85) -> 3 | Z55: 3 | AA55: 3216.3618 | AB55: =IFERROR(AA55/Z55,"") -> 1072.1206 | AC55: =RANK(AB55, AB$49:AB$85) -> 5 | AE55: 3 | AF55: 3217.8018 | AG55: =IFERROR(AF55/AE55,"") -> 1072.6006 | AH55: =RANK(AG55, AG$49:AG$85) -> 4 | AJ55: 3 | AK55: 3218.1618 | AL55: =IFERROR(AK55/AJ55,"") -> 1072.7206 | AM55: =RANK(AL55, AL$49:AL$85) -> 5 | AO55: 3 | AP55: 3218.5218 | AQ55: =IFERROR(AP55/AO55,"") -> 1072.8406 | AR55: =RANK(AQ55, AQ$49:AQ$85) -> 7 | AT55: 3 | AU55: 3218.8818 | AV55: =IFERROR(AU55/AT55,"") -> 1072.9606 | AW55: =RANK(AV55, AV$49:AV$85) -> 7
C56: 8 | D56: 一配熟成紅鮭飯糰 | E56: 5 | F56: 3600 | G56: =IFERROR(F56/E56,"") -> 720 | I56: =AVERAGE(P56,U56,Z56,AE56,AJ56,AO56,AT56) -> 5 | J56: =AVERAGE(Q56,V56,AA56,AF56,AK56,AP56,AU56) -> 3218.561 | K56: =AVERAGE(R56,W56,AB56,AG56,AL56,AQ56,AV56) -> 643.7122 | M56: =RANK(K56, K$49:$K$85) -> 25 | P56: 5 | Q56: 3215.9896 | R56: =IFERROR(Q56/P56,"") -> 643.19791 | S56: =RANK(R56, R$49:R$85) -> 23 | U56: 5 | V56: 3216.3496 | W56: =IFERROR(V56/U56,"") -> 643.26991 | X56: =RANK(W56, W$49:W$85) -> 24 | Z56: 5 | AA56: 3217.4296 | AB56: =IFERROR(AA56/Z56,"") -> 643.48591 | AC56: =RANK(AB56, AB$49:AB$85) -> 23 | AE56: 5 | AF56: 3218.5096 | AG56: =IFERROR(AF56/AE56,"") -> 643.70191 | AH56: =RANK(AG56, AG$49:AG$85) -> 25 | AJ56: 5 | AK56: 3219.9496 | AL56: =IFERROR(AK56/AJ56,"") -> 643.98991 | AM56: =RANK(AL56, AL$49:AL$85) -> 25 | AO56: 5 | AP56: 3220.3096 | AQ56: =IFERROR(AP56/AO56,"") -> 644.06191 | AR56: =RANK(AQ56, AQ$49:AQ$85) -> 27 | AT56: 5 | AU56: 3221.3896 | AV56: =IFERROR(AU56/AT56,"") -> 644.27791 | AW56: =RANK(AV56, AV$49:AV$85) -> 26
C57: 9 | D57: 一配北海道秋鮭親子飯糰 | E57: 5 | F57: 3600 | G57: =IFERROR(F57/E57,"") -> 720 | I57: =AVERAGE(P57,U57,Z57,AE57,AJ57,AO57,AT57) -> 5 | J57: =AVERAGE(Q57,V57,AA57,AF57,AK57,AP57,AU57) -> 3218.8173 | K57: =AVERAGE(R57,W57,AB57,AG57,AL57,AQ57,AV57) -> 643.76346 | M57: =RANK(K57, K$49:$K$85) -> 23 | P57: 5 | Q57: 3214.9602 | R57: =IFERROR(Q57/P57,"") -> 642.99203 | S57: =RANK(R57, R$49:R$85) -> 24 | U57: 5 | V57: 3216.7602 | W57: =IFERROR(V57/U57,"") -> 643.35203 | X57: =RANK(W57, W$49:W$85) -> 23 | Z57: 5 | AA57: 3217.1202 | AB57: =IFERROR(AA57/Z57,"") -> 643.42403 | AC57: =RANK(AB57, AB$49:AB$85) -> 24 | AE57: 5 | AF57: 3218.9202 | AG57: =IFERROR(AF57/AE57,"") -> 643.78403 | AH57: =RANK(AG57, AG$49:AG$85) -> 23 | AJ57: 5 | AK57: 3220.7202 | AL57: =IFERROR(AK57/AJ57,"") -> 644.14403 | AM57: =RANK(AL57, AL$49:AL$85) -> 23 | AO57: 5 | AP57: 3221.0802 | AQ57: =IFERROR(AP57/AO57,"") -> 644.21603 | AR57: =RANK(AQ57, AQ$49:AQ$85) -> 24 | AT57: 5 | AU57: 3222.1602 | AV57: =IFERROR(AU57/AT57,"") -> 644.43203 | AW57: =RANK(AV57, AV$49:AV$85) -> 23
C58: 10 | D58: 一配經典肉鬆飯糰 | E58: 3 | F58: 3000 | G58: =IFERROR(F58/E58,"") -> 1000 | I58: =AVERAGE(P58,U58,Z58,AE58,AJ58,AO58,AT58) -> 3 | J58: =AVERAGE(Q58,V58,AA58,AF58,AK58,AP58,AU58) -> 2742.559 | K58: =AVERAGE(R58,W58,AB58,AG58,AL58,AQ58,AV58) -> 914.18632 | M58: =RANK(K58, K$49:$K$85) -> 11 | P58: 3 | Q58: 2738.3161 | R58: =IFERROR(Q58/P58,"") -> 912.77204 | S58: =RANK(R58, R$49:R$85) -> 12 | U58: 3 | V58: 2740.1161 | W58: =IFERROR(V58/U58,"") -> 913.37204 | X58: =RANK(W58, W$49:W$85) -> 11 | Z58: 3 | AA58: 2741.9161 | AB58: =IFERROR(AA58/Z58,"") -> 913.97204 | AC58: =RANK(AB58, AB$49:AB$85) -> 11 | AE58: 3 | AF58: 2741.9161 | AG58: =IFERROR(AF58/AE58,"") -> 913.97204 | AH58: =RANK(AG58, AG$49:AG$85) -> 11 | AJ58: 3 | AK58: 2743.7161 | AL58: =IFERROR(AK58/AJ58,"") -> 914.57204 | AM58: =RANK(AL58, AL$49:AL$85) -> 11 | AO58: 3 | AP58: 2745.5161 | AQ58: =IFERROR(AP58/AO58,"") -> 915.17204 | AR58: =RANK(AQ58, AQ$49:AQ$85) -> 11 | AT58: 3 | AU58: 2746.4161 | AV58: =IFERROR(AU58/AT58,"") -> 915.47204 | AW58: =RANK(AV58, AV$49:AV$85) -> 12
C59: 11 | D59: 一配兩粒飯糰(鮪魚.焦糖鮭魚) | E59: 12 | F59: 3600 | G59: =IFERROR(F59/E59,"") -> 300 | I59: =AVERAGE(P59,U59,Z59,AE59,AJ59,AO59,AT59) -> 12 | J59: =AVERAGE(Q59,V59,AA59,AF59,AK59,AP59,AU59) -> 3121.266 | K59: =AVERAGE(R59,W59,AB59,AG59,AL59,AQ59,AV59) -> 260.1055 | M59: =RANK(K59, K$49:$K$85) -> 34 | P59: 12 | Q59: 3122.9023 | R59: =IFERROR(Q59/P59,"") -> 260.24186 | S59: =RANK(R59, R$49:R$85) -> 35 | U59: 12 | V59: 3121.8223 | W59: =IFERROR(V59/U59,"") -> 260.15186 | X59: =RANK(W59, W$49:W$85) -> 34 | Z59: 12 | AA59: 3120.0223 | AB59: =IFERROR(AA59/Z59,"") -> 260.00186 | AC59: =RANK(AB59, AB$49:AB$85) -> 35 | AE59: 12 | AF59: 3121.1023 | AG59: =IFERROR(AF59/AE59,"") -> 260.09186 | AH59: =RANK(AG59, AG$49:AG$85) -> 34 | AJ59: 12 | AK59: 3121.8223 | AL59: =IFERROR(AK59/AJ59,"") -> 260.15186 | AM59: =RANK(AL59, AL$49:AL$85) -> 34 | AO59: 12 | AP59: 3120.7423 | AQ59: =IFERROR(AP59/AO59,"") -> 260.06186 | AR59: =RANK(AQ59, AQ$49:AQ$85) -> 34 | AT59: 12 | AU59: 3120.448 | AV59: =IFERROR(AU59/AT59,"") -> 260.03733 | AW59: =RANK(AV59, AV$49:AV$85) -> 33
C60: 12 | D60: 一配鮭魚奶油醬油飯糰 | E60: 3 | F60: 3300 | G60: =IFERROR(F60/E60,"") -> 1100 | I60: =AVERAGE(P60,U60,Z60,AE60,AJ60,AO60,AT60) -> 3 | J60: =AVERAGE(Q60,V60,AA60,AF60,AK60,AP60,AU60) -> 3012.5277 | K60: =AVERAGE(R60,W60,AB60,AG60,AL60,AQ60,AV60) -> 1004.1759 | M60: =RANK(K60, K$49:$K$85) -> 10 | P60: 3 | Q60: 3010.1234 | R60: =IFERROR(Q60/P60,"") -> 1003.3745 | S60: =RANK(R60, R$49:R$85) -> 10 | U60: 3 | V60: 3010.1234 | W60: =IFERROR(V60/U60,"") -> 1003.3745 | X60: =RANK(W60, W$49:W$85) -> 10 | Z60: 3 | AA60: 3011.1134 | AB60: =IFERROR(AA60/Z60,"") -> 1003.7045 | AC60: =RANK(AB60, AB$49:AB$85) -> 10 | AE60: 3 | AF60: 3012.4334 | AG60: =IFERROR(AF60/AE60,"") -> 1004.1445 | AH60: =RANK(AG60, AG$49:AG$85) -> 10 | AJ60: 3 | AK60: 3013.0934 | AL60: =IFERROR(AK60/AJ60,"") -> 1004.3645 | AM60: =RANK(AL60, AL$49:AL$85) -> 10 | AO60: 3 | AP60: 3015.0734 | AQ60: =IFERROR(AP60/AO60,"") -> 1005.0245 | AR60: =RANK(AQ60, AQ$49:AQ$85) -> 10 | AT60: 3 | AU60: 3015.7334 | AV60: =IFERROR(AU60/AT60,"") -> 1005.2445 | AW60: =RANK(AV60, AV$49:AV$85) -> 10
C61: 13 | D61: 一配柚檸海灣貝飯糰 | E61: 5 | F61: 3600 | G61: =IFERROR(F61/E61,"") -> 720 | I61: =AVERAGE(P61,U61,Z61,AE61,AJ61,AO61,AT61) -> 5 | J61: =AVERAGE(Q61,V61,AA61,AF61,AK61,AP61,AU61) -> 3216.8511 | K61: =AVERAGE(R61,W61,AB61,AG61,AL61,AQ61,AV61) -> 643.37023 | M61: =RANK(K61, K$49:$K$85) -> 28 | P61: 5 | Q61: 3213.9111 | R61: =IFERROR(Q61/P61,"") -> 642.78223 | S61: =RANK(R61, R$49:R$85) -> 27 | U61: 5 | V61: 3216.0711 | W61: =IFERROR(V61/U61,"") -> 643.21423 | X61: =RANK(W61, W$49:W$85) -> 25 | Z61: 5 | AA61: 3216.4311 | AB61: =IFERROR(AA61/Z61,"") -> 643.28623 | AC61: =RANK(AB61, AB$49:AB$85) -> 26 | AE61: 5 | AF61: 3217.5111 | AG61: =IFERROR(AF61/AE61,"") -> 643.50223 | AH61: =RANK(AG61, AG$49:AG$85) -> 26 | AJ61: 5 | AK61: 3217.5111 | AL61: =IFERROR(AK61/AJ61,"") -> 643.50223 | AM61: =RANK(AL61, AL$49:AL$85) -> 29 | AO61: 5 | AP61: 3219.6711 | AQ61: =IFERROR(AP61/AO61,"") -> 643.93423 | AR61: =RANK(AQ61, AQ$49:AQ$85) -> 28
C62: 14 | D62: 一配椒鹽檸檬鯖魚飯糰 | E62: 3 | F62: 3600 | G62: =IFERROR(F62/E62,"") -> 1200 | I62: =AVERAGE(P62,U62,Z62,AE62,AJ62,AO62,AT62) -> 3 | J62: =AVERAGE(Q62,V62,AA62,AF62,AK62,AP62,AU62) -> 3217.9469 | K62: =AVERAGE(R62,W62,AB62,AG62,AL62,AQ62,AV62) -> 1072.649 | M62: =RANK(K62, K$49:$K$85) -> 3 | P62: 3 | Q62: 3214.7584 | R62: =IFERROR(Q62/P62,"") -> 1071.5861 | S62: =RANK(R62, R$49:R$85) -> 2 | U62: 3 | V62: 3216.5584 | W62: =IFERROR(V62/U62,"") -> 1072.1861 | X62: =RANK(W62, W$49:W$85) -> 2 | Z62: 3 | AA62: 3217.2784 | AB62: =IFERROR(AA62/Z62,"") -> 1072.4261 | AC62: =RANK(AB62, AB$49:AB$85) -> 3 | AE62: 3 | AF62: 3217.6384 | AG62: =IFERROR(AF62/AE62,"") -> 1072.5461 | AH62: =RANK(AG62, AG$49:AG$85) -> 5 | AJ62: 3 | AK62: 3218.7184 | AL62: =IFERROR(AK62/AJ62,"") -> 1072.9061 | AM62: =RANK(AL62, AL$49:AL$85) -> 4 | AO62: 3 | AP62: 3219.4384 | AQ62: =IFERROR(AP62/AO62,"") -> 1073.1461 | AR62: =RANK(AQ62, AQ$49:AQ$85) -> 4 | AT62: 3 | AU62: 3221.2384 | AV62: =IFERROR(AU62/AT62,"") -> 1073.7461 | AW62: =RANK(AV62, AV$49:AV$85) -> 3
C63: 15 | D63: 一配黑胡椒洋蔥豬飯糰 | E63: 3 | F63: 3300 | G63: =IFERROR(F63/E63,"") -> 1100 | I63: =AVERAGE(P63,U63,Z63,AE63,AJ63,AO63,AT63) -> 3 | J63: =AVERAGE(Q63,V63,AA63,AF63,AK63,AP63,AU63) -> 3017.7077 | K63: =AVERAGE(R63,W63,AB63,AG63,AL63,AQ63,AV63) -> 1005.9026 | M63: =RANK(K63, K$49:$K$85) -> 9 | P63: 3 | Q63: 3013.6872 | R63: =IFERROR(Q63/P63,"") -> 1004.5624 | S63: =RANK(R63, R$49:R$85) -> 9 | U63: 3 | V63: 3015.0072 | W63: =IFERROR(V63/U63,"") -> 1005.0024 | X63: =RANK(W63, W$49:W$85) -> 9 | Z63: 3 | AA63: 3015.6672 | AB63: =IFERROR(AA63/Z63,"") -> 1005.2224 | AC63: =RANK(AB63, AB$49:AB$85) -> 9 | AE63: 3 | AF63: 3015.6672 | AG63: =IFERROR(AF63/AE63,"") -> 1005.2224 | AH63: =RANK(AG63, AG$49:AG$85) -> 9 | AJ63: 3 | AK63: 3019.7684 | AL63: =IFERROR(AK63/AJ63,"") -> 1006.5895 | AM63: =RANK(AL63, AL$49:AL$85) -> 9 | AO63: 3 | AP63: 3021.4184 | AQ63: =IFERROR(AP63/AO63,"") -> 1007.1395 | AR63: =RANK(AQ63, AQ$49:AQ$85) -> 9 | AT63: 3 | AU63: 3022.7384 | AV63: =IFERROR(AU63/AT63,"") -> 1007.5795 | AW63: =RANK(AV63, AV$49:AV$85) -> 9
C64: 16 | D64: 一配筋子銀鮭飯糰 | E64: 4 | F64: 3300 | G64: =IFERROR(F64/E64,"") -> 825 | I64: =AVERAGE(P64,U64,Z64,AE64,AJ64,AO64,AT64) -> 4 | J64: =AVERAGE(Q64,V64,AA64,AF64,AK64,AP64,AU64) -> 3018.2201 | K64: =AVERAGE(R64,W64,AB64,AG64,AL64,AQ64,AV64) -> 754.55502 | M64: =RANK(K64, K$49:$K$85) -> 16 | P64: 4 | Q64: 3012.0651 | R64: =IFERROR(Q64/P64,"") -> 753.01628 | S64: =RANK(R64, R$49:R$85) -> 16 | U64: 4 | V64: 3015.7809 | W64: =IFERROR(V64/U64,"") -> 753.94523 | X64: =RANK(W64, W$49:W$85) -> 16 | Z64: 4 | AA64: 3016.4409 | AB64: =IFERROR(AA64/Z64,"") -> 754.11023 | AC64: =RANK(AB64, AB$49:AB$85) -> 16 | AE64: 4 | AF64: 3018.0909 | AG64: =IFERROR(AF64/AE64,"") -> 754.52273 | AH64: =RANK(AG64, AG$49:AG$85) -> 16 | AJ64: 4 | AK64: 3020.0709 | AL64: =IFERROR(AK64/AJ64,"") -> 755.01773 | AM64: =RANK(AL64, AL$49:AL$85) -> 16 | AO64: 4 | AP64: 3022.0509 | AQ64: =IFERROR(AP64/AO64,"") -> 755.51273 | AR64: =RANK(AQ64, AQ$49:AQ$85) -> 16 | AT64: 4 | AU64: 3023.0409 | AV64: =IFERROR(AU64/AT64,"") -> 755.76023 | AW64: =RANK(AV64, AV$49:AV$85) -> 16
C65: 17 | D65: 一配鹽蔥生鮭飯糰 | E65: 5 | F65: 3600 | G65: =IFERROR(F65/E65,"") -> 720 | I65: =AVERAGE(P65,U65,Z65,AE65,AJ65,AO65,AT65) -> 5 | J65: =AVERAGE(Q65,V65,AA65,AF65,AK65,AP65,AU65) -> 3218.6116 | K65: =AVERAGE(R65,W65,AB65,AG65,AL65,AQ65,AV65) -> 643.72232 | M65: =RANK(K65, K$49:$K$85) -> 24 | P65: 5 | Q65: 3214.8059 | R65: =IFERROR(Q65/P65,"") -> 642.96118 | S65: =RANK(R65, R$49:R$85) -> 25 | U65: 5 | V65: 3215.8859 | W65: =IFERROR(V65/U65,"") -> 643.17718 | X65: =RANK(W65, W$49:W$85) -> 26 | Z65: 5 | AA65: 3216.9659 | AB65: =IFERROR(AA65/Z65,"") -> 643.39318 | AC65: =RANK(AB65, AB$49:AB$85) -> 25 | AE65: 5 | AF65: 3218.7659 | AG65: =IFERROR(AF65/AE65,"") -> 643.75318 | AH65: =RANK(AG65, AG$49:AG$85) -> 24 | AJ65: 5 | AK65: 3220.2059 | AL65: =IFERROR(AK65/AJ65,"") -> 644.04118 | AM65: =RANK(AL65, AL$49:AL$85) -> 24 | AO65: 5 | AP65: 3221.6459 | AQ65: =IFERROR(AP65/AO65,"") -> 644.32918 | AR65: =RANK(AQ65, AQ$49:AQ$85) -> 23 | AT65: 5 | AU65: 3222.0059 | AV65: =IFERROR(AU65/AT65,"") -> 644.40118 | AW65: =RANK(AV65, AV$49:AV$85) -> 25
C66: 18 | D66: 二配雞肉飯飯糰 | E66: 5 | F66: 3600 | G66: =IFERROR(F66/E66,"") -> 720 | I66: =AVERAGE(P66,U66,Z66,AE66,AJ66,AO66,AT66) -> 5 | J66: =AVERAGE(Q66,V66,AA66,AF66,AK66,AP66,AU66) -> 3217.9821 | K66: =AVERAGE(R66,W66,AB66,AG66,AL66,AQ66,AV66) -> 643.59641 | M66: =RANK(K66, K$49:$K$85) -> 26 | P66: 5 | Q66: 3214.5479 | R66: =IFERROR(Q66/P66,"") -> 642.90957 | S66: =RANK(R66, R$49:R$85) -> 26 | U66: 5 | V66: 3215.6279 | W66: =IFERROR(V66/U66,"") -> 643.12557 | X66: =RANK(W66, W$49:W$85) -> 27 | Z66: 5 | AA66: 3216.2671 | AB66: =IFERROR(AA66/Z66,"") -> 643.25342 | AC66: =RANK(AB66, AB$49:AB$85) -> 27 | AE66: 5 | AF66: 3217.4279 | AG66: =IFERROR(AF66/AE66,"") -> 643.48557 | AH66: =RANK(AG66, AG$49:AG$85) -> 27 | AJ66: 5 | AK66: 3219.2279 | AL66: =IFERROR(AK66/AJ66,"") -> 643.84557 | AM66: =RANK(AL66, AL$49:AL$85) -> 26 | AO66: 5 | AP66: 3220.6679 | AQ66: =IFERROR(AP66/AO66,"") -> 644.13357 | AR66: =RANK(AQ66, AQ$49:AQ$85) -> 25 | AT66: 5 | AU66: 3222.1079 | AV66: =IFERROR(AU66/AT66,"") -> 644.42157 | AW66: =RANK(AV66, AV$49:AV$85) -> 24
C67: 19 | D67: 二配鮪魚飯糰 | E67: 3 | F67: 3600 | G67: =IFERROR(F67/E67,"") -> 1200 | I67: =AVERAGE(P67,U67,Z67,AE67,AJ67,AO67,AT67) -> 3 | J67: =AVERAGE(Q67,V67,AA67,AF67,AK67,AP67,AU67) -> 3218.3562 | K67: =AVERAGE(R67,W67,AB67,AG67,AL67,AQ67,AV67) -> 1072.7854 | M67: =RANK(K67, K$49:$K$85) -> 2 | P67: 3 | Q67: 3213.8848 | R67: =IFERROR(Q67/P67,"") -> 1071.2949 | S67: =RANK(R67, R$49:R$85) -> 5 | U67: 3 | V67: 3213.8848 | W67: =IFERROR(V67/U67,"") -> 1071.2949 | X67: =RANK(W67, W$49:W$85) -> 5 | Z67: 3 | AA67: 3216.3625 | AB67: =IFERROR(AA67/Z67,"") -> 1072.1208 | AC67: =RANK(AB67, AB$49:AB$85) -> 4 | AE67: 3 | AF67: 3218.1203 | AG67: =IFERROR(AF67/AE67,"") -> 1072.7068 | AH67: =RANK(AG67, AG$49:AG$85) -> 3 | AJ67: 3 | AK67: 3219.9203 | AL67: =IFERROR(AK67/AJ67,"") -> 1073.3068 | AM67: =RANK(AL67, AL$49:AL$85) -> 3 | AO67: 3 | AP67: 3222.0803 | AQ67: =IFERROR(AP67/AO67,"") -> 1074.0268 | AR67: =RANK(AQ67, AQ$49:AQ$85) -> 1 | AT67: 3 | AU67: 3224.2403 | AV67: =IFERROR(AU67/AT67,"") -> 1074.7468 | AW67: =RANK(AV67, AV$49:AV$85) -> 1
C68: 20 | D68: 二配鹽蔥燒肉飯糰 | E68: 4 | F68: 3300 | G68: =IFERROR(F68/E68,"") -> 825 | I68: =AVERAGE(P68,U68,Z68,AE68,AJ68,AO68,AT68) -> 4 | J68: =AVERAGE(Q68,V68,AA68,AF68,AK68,AP68,AU68) -> 3013.0295 | K68: =AVERAGE(R68,W68,AB68,AG68,AL68,AQ68,AV68) -> 753.25738 | M68: =RANK(K68, K$49:$K$85) -> 18 | P68: 4 | Q68: 3009.5881 | R68: =IFERROR(Q68/P68,"") -> 752.39702 | S68: =RANK(R68, R$49:R$85) -> 18 | U68: 4 | V68: 3010.2481 | W68: =IFERROR(V68/U68,"") -> 752.56202 | X68: =RANK(W68, W$49:W$85) -> 18 | Z68: 4 | AA68: 3011.2381 | AB68: =IFERROR(AA68/Z68,"") -> 752.80952 | AC68: =RANK(AB68, AB$49:AB$85) -> 18 | AE68: 4 | AF68: 3012.8881 | AG68: =IFERROR(AF68/AE68,"") -> 753.22202 | AH68: =RANK(AG68, AG$49:AG$85) -> 17 | AJ68: 4 | AK68: 3014.5381 | AL68: =IFERROR(AK68/AJ68,"") -> 753.63452 | AM68: =RANK(AL68, AL$49:AL$85) -> 17 | AO68: 4 | AP68: 3016.1881 | AQ68: =IFERROR(AP68/AO68,"") -> 754.04702 | AR68: =RANK(AQ68, AQ$49:AQ$85) -> 17 | AT68: 4 | AU68: 3016.5181 | AV68: =IFERROR(AU68/AT68,"") -> 754.12952 | AW68: =RANK(AV68, AV$49:AV$85) -> 18
C69: 21 | D69: 二配壹號醬炙烤牛飯糰 | E69: 5 | F69: 3300 | G69: =IFERROR(F69/E69,"") -> 660 | I69: =AVERAGE(P69,U69,Z69,AE69,AJ69,AO69,AT69) -> 5 | J69: =AVERAGE(Q69,V69,AA69,AF69,AK69,AP69,AU69) -> 3011.5716 | K69: =AVERAGE(R69,W69,AB69,AG69,AL69,AQ69,AV69) -> 602.31433 | M69: =RANK(K69, K$49:$K$85) -> 32 | P69: 5 | Q69: 3009.6388 | R69: =IFERROR(Q69/P69,"") -> 601.92775 | S69: =RANK(R69, R$49:R$85) -> 32 | U69: 5 | V69: 3009.9688 | W69: =IFERROR(V69/U69,"") -> 601.99375 | X69: =RANK(W69, W$49:W$85) -> 32 | Z69: 5 | AA69: 3011.2888 | AB69: =IFERROR(AA69/Z69,"") -> 602.25775 | AC69: =RANK(AB69, AB$49:AB$85) -> 32 | AE69: 5 | AF69: 3011.2888 | AG69: =IFERROR(AF69/AE69,"") -> 602.25775 | AH69: =RANK(AG69, AG$49:AG$85) -> 32 | AJ69: 5 | AK69: 3011.6188 | AL69: =IFERROR(AK69/AJ69,"") -> 602.32375 | AM69: =RANK(AL69, AL$49:AL$85) -> 32 | AO69: 5 | AP69: 3012.9388 | AQ69: =IFERROR(AP69/AO69,"") -> 602.58775 | AR69: =RANK(AQ69, AQ$49:AQ$85) -> 32 | AT69: 5 | AU69: 3014.2588 | AV69: =IFERROR(AU69/AT69,"") -> 602.85175 | AW69: =RANK(AV69, AV$49:AV$85) -> 31
C70: 22 | D70: 二配明太子龍蝦風味沙拉飯糰 | E70: 3 | F70: 3600 | G70: =IFERROR(F70/E70,"") -> 1200 | I70: =AVERAGE(P70,U70,Z70,AE70,AJ70,AO70,AT70) -> 3 | J70: =AVERAGE(Q70,V70,AA70,AF70,AK70,AP70,AU70) -> 3216.4434 | K70: =AVERAGE(R70,W70,AB70,AG70,AL70,AQ70,AV70) -> 1072.1478 | M70: =RANK(K70, K$49:$K$85) -> 6 | P70: 3 | Q70: 3213.9234 | R70: =IFERROR(Q70/P70,"") -> 1071.3078 | S70: =RANK(R70, R$49:R$85) -> 4 | U70: 3 | V70: 3214.2834 | W70: =IFERROR(V70/U70,"") -> 1071.4278 | X70: =RANK(W70, W$49:W$85) -> 4 | Z70: 3 | AA70: 3215.0034 | AB70: =IFERROR(AA70/Z70,"") -> 1071.6678 | AC70: =RANK(AB70, AB$49:AB$85) -> 6 | AE70: 3 | AF70: 3216.0834 | AG70: =IFERROR(AF70/AE70,"") -> 1072.0278 | AH70: =RANK(AG70, AG$49:AG$85) -> 6 | AJ70: 3 | AK70: 3216.8034 | AL70: =IFERROR(AK70/AJ70,"") -> 1072.2678 | AM70: =RANK(AL70, AL$49:AL$85) -> 7 | AO70: 3 | AP70: 3218.6034 | AQ70: =IFERROR(AP70/AO70,"") -> 1072.8678 | AR70: =RANK(AQ70, AQ$49:AQ$85) -> 6 | AT70: 3 | AU70: 3220.4034 | AV70: =IFERROR(AU70/AT70,"") -> 1073.4678 | AW70: =RANK(AV70, AV$49:AV$85) -> 6
C71: 23 | D71: 二配贅沢鮭魚肚飯糰 | E71: 4 | F71: 3600 | G71: =IFERROR(F71/E71,"") -> 900 | I71: =AVERAGE(P71,U71,Z71,AE71,AJ71,AO71,AT71) -> 4 | J71: =AVERAGE(Q71,V71,AA71,AF71,AK71,AP71,AU71) -> 3214.2515 | K71: =AVERAGE(R71,W71,AB71,AG71,AL71,AQ71,AV71) -> 803.56286 | M71: =RANK(K71, K$49:$K$85) -> 15 | P71: 4 | Q71: 3210.96 | R71: =IFERROR(Q71/P71,"") -> 802.74001 | S71: =RANK(R71, R$49:R$85) -> 15 | U71: 4 | V71: 3212.04 | W71: =IFERROR(V71/U71,"") -> 803.01001 | X71: =RANK(W71, W$49:W$85) -> 15 | Z71: 4 | AA71: 3213.48 | AB71: =IFERROR(AA71/Z71,"") -> 803.37001 | AC71: =RANK(AB71, AB$49:AB$85) -> 15 | AE71: 4 | AF71: 3214.56 | AG71: =IFERROR(AF71/AE71,"") -> 803.64001 | AH71: =RANK(AG71, AG$49:AG$85) -> 15 | AJ71: 4 | AK71: 3215.28 | AL71: =IFERROR(AK71/AJ71,"") -> 803.82001 | AM71: =RANK(AL71, AL$49:AL$85) -> 15 | AO71: 4 | AP71: 3216.36 | AQ71: =IFERROR(AP71/AO71,"") -> 804.09001 | AR71: =RANK(AQ71, AQ$49:AQ$85) -> 15 | AT71: 4 | AU71: 3217.08 | AV71: =IFERROR(AU71/AT71,"") -> 804.27001 | AW71: =RANK(AV71, AV$49:AV$85) -> 15
C72: 24 | D72: 二配蔬食鮪魚飯糰 | E72: 3 | F72: 3600 | G72: =IFERROR(F72/E72,"") -> 1200 | I72: =AVERAGE(P72,U72,Z72,AE72,AJ72,AO72,AT72) -> 3 | J72: =AVERAGE(Q72,V72,AA72,AF72,AK72,AP72,AU72) -> 3217.6441 | K72: =AVERAGE(R72,W72,AB72,AG72,AL72,AQ72,AV72) -> 1072.548 | M72: =RANK(K72, K$49:$K$85) -> 4 | P72: 3 | Q72: 3211.0829 | R72: =IFERROR(Q72/P72,"") -> 1070.361 | S72: =RANK(R72, R$49:R$85) -> 8 | U72: 3 | V72: 3212.8829 | W72: =IFERROR(V72/U72,"") -> 1070.961 | X72: =RANK(W72, W$49:W$85) -> 7 | Z72: 3 | AA72: 3218.6846 | AB72: =IFERROR(AA72/Z72,"") -> 1072.8949 | AC72: =RANK(AB72, AB$49:AB$85) -> 1 | AE72: 3 | AF72: 3219.0446 | AG72: =IFERROR(AF72/AE72,"") -> 1073.0149 | AH72: =RANK(AG72, AG$49:AG$85) -> 2 | AJ72: 3 | AK72: 3220.1246 | AL72: =IFERROR(AK72/AJ72,"") -> 1073.3749 | AM72: =RANK(AL72, AL$49:AL$85) -> 2 | AO72: 3 | AP72: 3220.4846 | AQ72: =IFERROR(AP72/AO72,"") -> 1073.4949 | AR72: =RANK(AQ72, AQ$49:AQ$85) -> 3 | AT72: 3 | AU72: 3221.2046 | AV72: =IFERROR(AU72/AT72,"") -> 1073.7349 | AW72: =RANK(AV72, AV$49:AV$85) -> 4
C73: 25 | D73: 二配熟成紅鮭飯糰 | E73: 5 | F73: 3600 | G73: =IFERROR(F73/E73,"") -> 720 | I73: =AVERAGE(P73,U73,Z73,AE73,AJ73,AO73,AT73) -> 5 | J73: =AVERAGE(Q73,V73,AA73,AF73,AK73,AP73,AU73) -> 3216.6059 | K73: =AVERAGE(R73,W73,AB73,AG73,AL73,AQ73,AV73) -> 643.32118 | M73: =RANK(K73, K$49:$K$85) -> 29 | P73: 5 | Q73: 3213.4687 | R73: =IFERROR(Q73/P73,"") -> 642.69375 | S73: =RANK(R73, R$49:R$85) -> 28 | U73: 5 | V73: 3213.4687 | W73: =IFERROR(V73/U73,"") -> 642.69375 | X73: =RANK(W73, W$49:W$85) -> 29 | Z73: 5 | AA73: 3215.6287 | AB73: =IFERROR(AA73/Z73,"") -> 643.12575 | AC73: =RANK(AB73, AB$49:AB$85) -> 29 | AE73: 5 | AF73: 3217.0687 | AG73: =IFERROR(AF73/AE73,"") -> 643.41375 | AH73: =RANK(AG73, AG$49:AG$85) -> 29 | AJ73: 5 | AK73: 3217.7887 | AL73: =IFERROR(AK73/AJ73,"") -> 643.55775 | AM73: =RANK(AL73, AL$49:AL$85) -> 28 | AO73: 5 | AP73: 3218.5087 | AQ73: =IFERROR(AP73/AO73,"") -> 643.70175 | AR73: =RANK(AQ73, AQ$49:AQ$85) -> 29 | AT73: 5 | AU73: 3220.3087 | AV73: =IFERROR(AU73/AT73,"") -> 644.06175 | AW73: =RANK(AV73, AV$49:AV$85) -> 28
... C83: 35 | D83: 二配兩粒飯糰(鮪魚.焦糖鮭魚) | E83: 12 | F83: 3600 | G83: =IFERROR(F83/E83,"") -> 300 | I83: =AVERAGE(P83,U83,Z83,AE83,AJ83,AO83,AT83) -> 12 | J83: =AVERAGE(Q83,V83,AA83,AF83,AK83,AP83,AU83) -> 3120.8084 | K83: =AVERAGE(R83,W83,AB83,AG83,AL83,AQ83,AV83) -> 260.06737 | M83: =RANK(K83, K$49:$K$85) -> 35 | P83: 12 | Q83: 3123.5794 | R83: =IFERROR(Q83/P83,"") -> 260.29829 | S83: =RANK(R83, R$49:R$85) -> 34 | U83: 12 | V83: 3121.5941 | W83: =IFERROR(V83/U83,"") -> 260.13284 | X83: =RANK(W83, W$49:W$85) -> 35 | Z83: 12 | AA83: 3120.1541 | AB83: =IFERROR(AA83/Z83,"") -> 260.01284 | AC83: =RANK(AB83, AB$49:AB$85) -> 34 | AE83: 12 | AF83: 3120.1541 | AG83: =IFERROR(AF83/AE83,"") -> 260.01284 | AH83: =RANK(AG83, AG$49:AG$85) -> 35 | AJ83: 12 | AK83: 3120.179 | AL83: =IFERROR(AK83/AJ83,"") -> 260.01492 | AM83: =RANK(AL83, AL$49:AL$85) -> 35 | AO83: 12 | AP83: 3119.819 | AQ83: =IFERROR(AP83/AO83,"") -> 259.98492 | AR83: =RANK(AQ83, AQ$49:AQ$85) -> 35 | AT83: 12 | AU83: 3120.179 | AV83: =IFERROR(AU83/AT83,"") -> 260.01492 | AW83: =RANK(AV83, AV$49:AV$85) -> 34
C84: 36
C85: 37
B86: 產線配置圖－每週更新(0811-0817) | N86: 資料繳交 | O86: 日期 | P86: 46245 | U86: 46246 | Z86: 46247 | AE86: 46248 | AJ86: 46249 | AO86: 46250 | AT86: 46251
P87: 46196 | U87: 46197 | Z87: 46198 | AE87: 46199 | AJ87: 46200 | AO87: 46201 | AT87: 46202
B88: 品群 | C88: 商品名稱 | E88: 計畫 | H88: 平均人時性 | I88: 實績 (週平均) | L88: 平均人時性 | M88: 排名 | O88: 日報 | P88: 實際 | T88: 平均人時性 | U88: 實際 | Y88: 平均人時性 | Z88: 實際 | AD88: 平均人時性 | AE88: 實際 | AI88: 平均人時性 | AJ88: 實際 | AN88: 平均人時性 | AO88: 實際 | AS88: 平均人時性 | AT88: 實際 | AX88: 平均人時性
E89: 產線配置圖 | I89: 產線配置圖 | P89: 生產實績 | U89: 生產實績 | Z89: 生產實績 | AE89: 生產實績 | AJ89: 生產實績 | AO89: 生產實績 | AT89: 生產實績
E90: 人數 | F90: 產能／時 | G90: 人時性 | I90: 人數 | J90: 產能／時 | K90: 人時性 | P90: 人數 | Q90: 產能／時 | R90: 人時性 | S90: 排名 | U90: 人數 | V90: 產能／時 | W90: 人時性 | X90: 排名 | Z90: 人數 | AA90: 產能／時 | AB90: 人時性 | AC90: 排名 | AE90: 人數 | AF90: 產能／時 | AG90: 人時性 | AH90: 排名 | AJ90: 人數 | AK90: 產能／時 | AL90: 人時性 | AM90: 排名 | AO90: 人數 | AP90: 產能／時 | AQ90: 人時性 | AR90: 排名 | AT90: 人數 | AU90: 產能／時 | AV90: 人時性 | AW90: 排名
B91: 18℃-飯糰 | C91: 1 | D91: 一配鹽蔥燒肉飯糰 | E91: 4 | F91: 3300 | G91: =IFERROR(F91/E91,"") -> 825 | H91: =AVERAGE(G91:G127) -> 869.85294 | I91: =AVERAGE(P91,U91,Z91,AE91,AJ91,AO91,AT91) -> 4 | J91: =AVERAGE(Q91,V91,AA91,AF91,AK91,AP91,AU91) -> 3020.7126 | K91: =AVERAGE(R91,W91,AB91,AG91,AL91,AQ91,AV91) -> 755.17815 | L91: =IFERROR(AVERAGE(K91:K127),"-") -> 785.80801 | M91: =RANK(K91, K$91:$K$127) -> 17 | P91: 4 | Q91: 3016.753 | R91: =IFERROR(Q91/P91,"") -> 754.18824 | S91: =RANK(R91, R$91:R$127) -> 18 | T91: =AVERAGE(R91:R127) -> 784.97645 | U91: 4 | V91: 3018.7876 | W91: =IFERROR(V91/U91,"") -> 754.69689 | X91: =RANK(W91, W$91:W$127) -> 17 | Y91: =AVERAGE(W91:W127) -> 785.23838 | Z91: 4 | AA91: 3019.7776 | AB91: =IFERROR(AA91/Z91,"") -> 754.94439 | AC91: =RANK(AB91, AB$91:AB$127) -> 17 | AD91: =AVERAGE(AB91:AB127) -> 785.52301 | AE91: 4 | AF91: 3021.4276 | AG91: =IFERROR(AF91/AE91,"") -> 755.35689 | AH91: =RANK(AG91, AG$91:AG$127) -> 17 | AI91: =AVERAGE(AG91:AG127) -> 785.79963 | AJ91: 4 | AK91: 3022.0876 | AL91: =IFERROR(AK91/AJ91,"") -> 755.52189 | AM91: =RANK(AL91, AL$91:AL$127) -> 17 | AN91: =AVERAGE(AL91:AL127) -> 786.0971 | AO91: 4 | AP91: 3022.4176 | AQ91: =IFERROR(AP91/AO91,"") -> 755.60439 | AR91: =RANK(AQ91, AQ$91:AQ$127) -> 18 | AS91: =AVERAGE(AQ91:AQ127) -> 786.38512 | AT91: 4 | AU91: 3023.7376 | AV91: =IFERROR(AU91/AT91,"") -> 755.93439 | AW91: =RANK(AV91, AV$91:AV$127) -> 18 | AX91: =AVERAGE(AV91:AV127) -> 786.6364
C92: 2 | D92: 一配鮪魚飯糰 | E92: 3 | F92: 3600 | G92: =IFERROR(F92/E92,"") -> 1200 | I92: =AVERAGE(P92,U92,Z92,AE92,AJ92,AO92,AT92) -> 3 | J92: =AVERAGE(Q92,V92,AA92,AF92,AK92,AP92,AU92) -> 3227.4081 | K92: =AVERAGE(R92,W92,AB92,AG92,AL92,AQ92,AV92) -> 1075.8027 | M92: =RANK(K92, K$91:$K$127) -> 1 | P92: 3 | Q92: 3222.6252 | R92: =IFERROR(Q92/P92,"") -> 1074.2084 | S92: =RANK(R92, R$91:R$127) -> 3 | U92: 3 | V92: 3224.0652 | W92: =IFERROR(V92/U92,"") -> 1074.6884 | X92: =RANK(W92, W$91:W$127) -> 3 | Z92: 3 | AA92: 3225.5052 | AB92: =IFERROR(AA92/Z92,"") -> 1075.1684 | AC92: =RANK(AB92, AB$91:AB$127) -> 3 | AE92: 3 | AF92: 3227.3052 | AG92: =IFERROR(AF92/AE92,"") -> 1075.7684 | AH92: =RANK(AG92, AG$91:AG$127) -> 1 | AJ92: 3 | AK92: 3229.4652 | AL92: =IFERROR(AK92/AJ92,"") -> 1076.4884 | AM92: =RANK(AL92, AL$91:AL$127) -> 1 | AO92: 3 | AP92: 3231.2652 | AQ92: =IFERROR(AP92/AO92,"") -> 1077.0884 | AR92: =RANK(AQ92, AQ$91:AQ$127) -> 1 | AT92: 3 | AU92: 3231.6252 | AV92: =IFERROR(AU92/AT92,"") -> 1077.2084 | AW92: =RANK(AV92, AV$91:AV$127) -> 1
C93: 3 | D93: 一配雞肉飯飯糰 | E93: 5 | F93: 3600 | G93: =IFERROR(F93/E93,"") -> 720 | I93: =AVERAGE(P93,U93,Z93,AE93,AJ93,AO93,AT93) -> 5 | J93: =AVERAGE(Q93,V93,AA93,AF93,AK93,AP93,AU93) -> 3222.5417 | K93: =AVERAGE(R93,W93,AB93,AG93,AL93,AQ93,AV93) -> 644.50833 | M93: =RANK(K93, K$91:$K$127) -> 29 | P93: 5 | Q93: 3218.4274 | R93: =IFERROR(Q93/P93,"") -> 643.68547 | S93: =RANK(R93, R$91:R$127) -> 29 | U93: 5 | V93: 3219.8674 | W93: =IFERROR(V93/U93,"") -> 643.97347 | X93: =RANK(W93, W$91:W$127) -> 29 | Z93: 5 | AA93: 3221.3074 | AB93: =IFERROR(AA93/Z93,"") -> 644.26147 | AC93: =RANK(AB93, AB$91:AB$127) -> 29 | AE93: 5 | AF93: 3222.7474 | AG93: =IFERROR(AF93/AE93,"") -> 644.54947 | AH93: =RANK(AG93, AG$91:AG$127) -> 29 | AJ93: 5 | AK93: 3224.5474 | AL93: =IFERROR(AK93/AJ93,"") -> 644.90947 | AM93: =RANK(AL93, AL$91:AL$127) -> 29 | AO93: 5 | AP93: 3224.9074 | AQ93: =IFERROR(AP93/AO93,"") -> 644.98147 | AR93: =RANK(AQ93, AQ$91:AQ$127) -> 29 | AT93: 5 | AU93: 3225.9874 | AV93: =IFERROR(AU93/AT93,"") -> 645.19747 | AW93: =RANK(AV93, AV$91:AV$127) -> 29
C94: 4 | D94: 一配壹號醬炙烤牛飯糰 | E94: 5 | F94: 3300 | G94: =IFERROR(F94/E94,"") -> 660 | I94: =AVERAGE(P94,U94,Z94,AE94,AJ94,AO94,AT94) -> 5 | J94: =AVERAGE(Q94,V94,AA94,AF94,AK94,AP94,AU94) -> 3022.9698 | K94: =AVERAGE(R94,W94,AB94,AG94,AL94,AQ94,AV94) -> 604.59396 | M94: =RANK(K94, K$91:$K$127) -> 30 | P94: 5 | Q94: 3019.3398 | R94: =IFERROR(Q94/P94,"") -> 603.86796 | S94: =RANK(R94, R$91:R$127) -> 30 | U94: 5 | V94: 3021.3198 | W94: =IFERROR(V94/U94,"") -> 604.26396 | X94: =RANK(W94, W$91:W$127) -> 30 | Z94: 5 | AA94: 3022.3098 | AB94: =IFERROR(AA94/Z94,"") -> 604.46196 | AC94: =RANK(AB94, AB$91:AB$127) -> 30 | AE94: 5 | AF94: 3023.6298 | AG94: =IFERROR(AF94/AE94,"") -> 604.72596 | AH94: =RANK(AG94, AG$91:AG$127) -> 30 | AJ94: 5 | AK94: 3023.9598 | AL94: =IFERROR(AK94/AJ94,"") -> 604.79196 | AM94: =RANK(AL94, AL$91:AL$127) -> 30 | AO94: 5 | AP94: 3024.2898 | AQ94: =IFERROR(AP94/AO94,"") -> 604.85796 | AR94: =RANK(AQ94, AQ$91:AQ$127) -> 30 | AT94: 5 | AU94: 3025.9398 | AV94: =IFERROR(AU94/AT94,"") -> 605.18796 | AW94: =RANK(AV94, AV$91:AV$127) -> 30
C95: 5 | D95: 一配明太子龍蝦風味沙拉飯糰 | E95: 3 | F95: 3600 | G95: =IFERROR(F95/E95,"") -> 1200 | I95: =AVERAGE(P95,U95,Z95,AE95,AJ95,AO95,AT95) -> 3 | J95: =AVERAGE(Q95,V95,AA95,AF95,AK95,AP95,AU95) -> 3220.0006 | K95: =AVERAGE(R95,W95,AB95,AG95,AL95,AQ95,AV95) -> 1073.3335 | M95: =RANK(K95, K$91:$K$127) -> 8 | P95: 3 | Q95: 3216.6063 | R95: =IFERROR(Q95/P95,"") -> 1072.2021 | S95: =RANK(R95, R$91:R$127) -> 8 | U95: 3 | V95: 3216.9663 | W95: =IFERROR(V95/U95,"") -> 1072.3221 | X95: =RANK(W95, W$91:W$127) -> 8 | Z95: 3 | AA95: 3218.0463 | AB95: =IFERROR(AA95/Z95,"") -> 1072.6821 | AC95: =RANK(AB95, AB$91:AB$127) -> 8 | AE95: 3 | AF95: 3219.8463 | AG95: =IFERROR(AF95/AE95,"") -> 1073.2821 | AH95: =RANK(AG95, AG$91:AG$127) -> 8 | AJ95: 3 | AK95: 3221.2863 | AL95: =IFERROR(AK95/AJ95,"") -> 1073.7621 | AM95: =RANK(AL95, AL$91:AL$127) -> 8 | AO95: 3 | AP95: 3222.7263 | AQ95: =IFERROR(AP95/AO95,"") -> 1074.2421 | AR95: =RANK(AQ95, AQ$91:AQ$127) -> 8 | AT95: 3 | AU95: 3224.5263 | AV95: =IFERROR(AU95/AT95,"") -> 1074.8421 | AW95: =RANK(AV95, AV$91:AV$127) -> 8
C96: 6 | D96: 一配贅沢鮭魚肚飯糰 | E96: 4 | F96: 3600 | G96: =IFERROR(F96/E96,"") -> 900 | I96: =AVERAGE(P96,U96,Z96,AE96,AJ96,AO96,AT96) -> 4 | J96: =AVERAGE(Q96,V96,AA96,AF96,AK96,AP96,AU96) -> 3227.0364 | K96: =AVERAGE(R96,W96,AB96,AG96,AL96,AQ96,AV96) -> 806.7591 | M96: =RANK(K96, K$91:$K$127) -> 14 | P96: 4 | Q96: 3223.9507 | R96: =IFERROR(Q96/P96,"") -> 805.98767 | S96: =RANK(R96, R$91:R$127) -> 14 | U96: 4 | V96: 3225.0307 | W96: =IFERROR(V96/U96,"") -> 806.25767 | X96: =RANK(W96, W$91:W$127) -> 14 | Z96: 4 | AA96: 3225.3907 | AB96: =IFERROR(AA96/Z96,"") -> 806.34767 | AC96: =RANK(AB96, AB$91:AB$127) -> 14 | AE96: 4 | AF96: 3226.4707 | AG96: =IFERROR(AF96/AE96,"") -> 806.61767 | AH96: =RANK(AG96, AG$91:AG$127) -> 15 | AJ96: 4 | AK96: 3227.9107 | AL96: =IFERROR(AK96/AJ96,"") -> 806.97767 | AM96: =RANK(AL96, AL$91:AL$127) -> 14 | AO96: 4 | AP96: 3230.0707 | AQ96: =IFERROR(AP96/AO96,"") -> 807.51767 | AR96: =RANK(AQ96, AQ$91:AQ$127) -> 14 | AT96: 4 | AU96: 3230.4307 | AV96: =IFERROR(AU96/AT96,"") -> 807.60767 | AW96: =RANK(AV96, AV$91:AV$127) -> 14
C97: 7 | D97: 一配蔬食鮪魚飯糰 | E97: 3 | F97: 3600 | G97: =IFERROR(F97/E97,"") -> 1200 | I97: =AVERAGE(P97,U97,Z97,AE97,AJ97,AO97,AT97) -> 3 | J97: =AVERAGE(Q97,V97,AA97,AF97,AK97,AP97,AU97) -> 3223.459 | K97: =AVERAGE(R97,W97,AB97,AG97,AL97,AQ97,AV97) -> 1074.4863 | M97: =RANK(K97, K$91:$K$127) -> 7 | P97: 3 | Q97: 3219.6018 | R97: =IFERROR(Q97/P97,"") -> 1073.2006 | S97: =RANK(R97, R$91:R$127) -> 7 | U97: 3 | V97: 3221.0418 | W97: =IFERROR(V97/U97,"") -> 1073.6806 | X97: =RANK(W97, W$91:W$127) -> 7 | Z97: 3 | AA97: 3222.1218 | AB97: =IFERROR(AA97/Z97,"") -> 1074.0406 | AC97: =RANK(AB97, AB$91:AB$127) -> 7 | AE97: 3 | AF97: 3223.9218 | AG97: =IFERROR(AF97/AE97,"") -> 1074.6406 | AH97: =RANK(AG97, AG$91:AG$127) -> 6 | AJ97: 3 | AK97: 3223.9218 | AL97: =IFERROR(AK97/AJ97,"") -> 1074.6406 | AM97: =RANK(AL97, AL$91:AL$127) -> 7 | AO97: 3 | AP97: 3225.7218 | AQ97: =IFERROR(AP97/AO97,"") -> 1075.2406 | AR97: =RANK(AQ97, AQ$91:AQ$127) -> 6 | AT97: 3 | AU97: 3227.8818 | AV97: =IFERROR(AU97/AT97,"") -> 1075.9606 | AW97: =RANK(AV97, AV$91:AV$127) -> 6
C98: 8 | D98: 一配熟成紅鮭飯糰 | E98: 5 | F98: 3600 | G98: =IFERROR(F98/E98,"") -> 720 | I98: =AVERAGE(P98,U98,Z98,AE98,AJ98,AO98,AT98) -> 5 | J98: =AVERAGE(Q98,V98,AA98,AF98,AK98,AP98,AU98) -> 3223.9096 | K98: =AVERAGE(R98,W98,AB98,AG98,AL98,AQ98,AV98) -> 644.78191 | M98: =RANK(K98, K$91:$K$127) -> 28 | P98: 5 | Q98: 3221.3896 | R98: =IFERROR(Q98/P98,"") -> 644.27791 | S98: =RANK(R98, R$91:R$127) -> 27 | U98: 5 | V98: 3222.4696 | W98: =IFERROR(V98/U98,"") -> 644.49391 | X98: =RANK(W98, W$91:W$127) -> 28 | Z98: 5 | AA98: 3223.1896 | AB98: =IFERROR(AA98/Z98,"") -> 644.63791 | AC98: =RANK(AB98, AB$91:AB$127) -> 28 | AE98: 5 | AF98: 3223.9096 | AG98: =IFERROR(AF98/AE98,"") -> 644.78191 | AH98: =RANK(AG98, AG$91:AG$127) -> 28 | AJ98: 5 | AK98: 3224.6296 | AL98: =IFERROR(AK98/AJ98,"") -> 644.92591 | AM98: =RANK(AL98, AL$91:AL$127) -> 28 | AO98: 5 | AP98: 3225.7096 | AQ98: =IFERROR(AP98/AO98,"") -> 645.14191 | AR98: =RANK(AQ98, AQ$91:AQ$127) -> 28 | AT98: 5 | AU98: 3226.0696 | AV98: =IFERROR(AU98/AT98,"") -> 645.21391 | AW98: =RANK(AV98, AV$91:AV$127) -> 28
C99: 9 | D99: 一配北海道秋鮭親子飯糰 | E99: 5 | F99: 3600 | G99: =IFERROR(F99/E99,"") -> 720 | I99: =AVERAGE(P99,U99,Z99,AE99,AJ99,AO99,AT99) -> 5 | J99: =AVERAGE(Q99,V99,AA99,AF99,AK99,AP99,AU99) -> 3224.6287 | K99: =AVERAGE(R99,W99,AB99,AG99,AL99,AQ99,AV99) -> 644.92575 | M99: =RANK(K99, K$91:$K$127) -> 27 | P99: 5 | Q99: 3222.8802 | R99: =IFERROR(Q99/P99,"") -> 644.57603 | S99: =RANK(R99, R$91:R$127) -> 23 | U99: 5 | V99: 3223.2402 | W99: =IFERROR(V99/U99,"") -> 644.64803 | X99: =RANK(W99, W$91:W$127) -> 24 | Z99: 5 | AA99: 3223.2402 | AB99: =IFERROR(AA99/Z99,"") -> 644.64803 | AC99: =RANK(AB99, AB$91:AB$127) -> 27 | AE99: 5 | AF99: 3224.6802 | AG99: =IFERROR(AF99/AE99,"") -> 644.93603 | AH99: =RANK(AG99, AG$91:AG$127) -> 26 | AJ99: 5 | AK99: 3224.6802 | AL99: =IFERROR(AK99/AJ99,"") -> 644.93603 | AM99: =RANK(AL99, AL$91:AL$127) -> 27 | AO99: 5 | AP99: 3226.1202 | AQ99: =IFERROR(AP99/AO99,"") -> 645.22403 | AR99: =RANK(AQ99, AQ$91:AQ$127) -> 27 | AT99: 5 | AU99: 3227.5602 | AV99: =IFERROR(AU99/AT99,"") -> 645.51203 | AW99: =RANK(AV99, AV$91:AV$127) -> 27
C100: 10 | D100: 一配經典肉鬆飯糰 | E100: 3 | F100: 3000 | G100: =IFERROR(F100/E100,"") -> 1000 | I100: =AVERAGE(P100,U100,Z100,AE100,AJ100,AO100,AT100) -> 3 | J100: =AVERAGE(Q100,V100,AA100,AF100,AK100,AP100,AU100) -> 2749.8875 | K100: =AVERAGE(R100,W100,AB100,AG100,AL100,AQ100,AV100) -> 916.62918 | M100: =RANK(K100, K$91:$K$127) -> 12 | P100: 3 | Q100: 2747.3161 | R100: =IFERROR(Q100/P100,"") -> 915.77204 | S100: =RANK(R100, R$91:R$127) -> 12 | U100: 3 | V100: 2747.3161 | W100: =IFERROR(V100/U100,"") -> 915.77204 | X100: =RANK(W100, W$91:W$127) -> 12 | Z100: 3 | AA100: 2748.2161 | AB100: =IFERROR(AA100/Z100,"") -> 916.07204 | AC100: =RANK(AB100, AB$91:AB$127) -> 12 | AE100: 3 | AF100: 2749.7161 | AG100: =IFERROR(AF100/AE100,"") -> 916.57204 | AH100: =RANK(AG100, AG$91:AG$127) -> 12 | AJ100: 3 | AK100: 2750.9161 | AL100: =IFERROR(AK100/AJ100,"") -> 916.97204 | AM100: =RANK(AL100, AL$91:AL$127) -> 13 | AO100: 3 | AP100: 2752.4161 | AQ100: =IFERROR(AP100/AO100,"") -> 917.47204 | AR100: =RANK(AQ100, AQ$91:AQ$127) -> 13 | AT100: 3 | AU100: 2753.3161 | AV100: =IFERROR(AU100/AT100,"") -> 917.77204 | AW100: =RANK(AV100, AV$91:AV$127) -> 13
C101: 11 | D101: 一配兩粒飯糰(鮪魚.焦糖鮭魚) | E101: 12 | F101: 3600 | G101: =IFERROR(F101/E101,"") -> 300 | I101: =AVERAGE(P101,U101,Z101,AE101,AJ101,AO101,AT101) -> 12 | J101: =AVERAGE(Q101,V101,AA101,AF101,AK101,AP101,AU101) -> 3121.2394 | K101: =AVERAGE(R101,W101,AB101,AG101,AL101,AQ101,AV101) -> 260.10329 | M101: =RANK(K101, K$91:$K$127) -> 33 | P101: 12 | Q101: 3120.088 | R101: =IFERROR(Q101/P101,"") -> 260.00733 | S101: =RANK(R101, R$91:R$127) -> 34 | U101: 12 | V101: 3119.008 | W101: =IFERROR(V101/U101,"") -> 259.91733 | X101: =RANK(W101, W$91:W$127) -> 34 | Z101: 12 | AA101: 3121.8152 | AB101: =IFERROR(AA101/Z101,"") -> 260.15127 | AC101: =RANK(AB101, AB$91:AB$127) -> 33 | AE101: 12 | AF101: 3121.4552 | AG101: =IFERROR(AF101/AE101,"") -> 260.12127 | AH101: =RANK(AG101, AG$91:AG$127) -> 33 | AJ101: 12 | AK101: 3121.8152 | AL101: =IFERROR(AK101/AJ101,"") -> 260.15127 | AM101: =RANK(AL101, AL$91:AL$127) -> 34 | AO101: 12 | AP101: 3122.0672 | AQ101: =IFERROR(AP101/AO101,"") -> 260.17227 | AR101: =RANK(AQ101, AQ$91:AQ$127) -> 33 | AT101: 12 | AU101: 3122.4272 | AV101: =IFERROR(AU101/AT101,"") -> 260.20227 | AW101: =RANK(AV101, AV$91:AV$127) -> 33
C102: 12 | D102: 一配鮭魚奶油醬油飯糰 | E102: 3 | F102: 3300 | G102: =IFERROR(F102/E102,"") -> 1100 | I102: =AVERAGE(P102,U102,Z102,AE102,AJ102,AO102,AT102) -> 3 | J102: =AVERAGE(Q102,V102,AA102,AF102,AK102,AP102,AU102) -> 3020.1763 | K102: =AVERAGE(R102,W102,AB102,AG102,AL102,AQ102,AV102) -> 1006.7254 | M102: =RANK(K102, K$91:$K$127) -> 10 | P102: 3 | Q102: 3016.0634 | R102: =IFERROR(Q102/P102,"") -> 1005.3545 | S102: =RANK(R102, R$91:R$127) -> 10 | U102: 3 | V102: 3018.6618 | W102: =IFERROR(V102/U102,"") -> 1006.2206 | X102: =RANK(W102, W$91:W$127) -> 10 | Z102: 3 | AA102: 3019.3218 | AB102: =IFERROR(AA102/Z102,"") -> 1006.4406 | AC102: =RANK(AB102, AB$91:AB$127) -> 10 | AE102: 3 | AF102: 3020.3118 | AG102: =IFERROR(AF102/AE102,"") -> 1006.7706 | AH102: =RANK(AG102, AG$91:AG$127) -> 10 | AJ102: 3 | AK102: 3021.3018 | AL102: =IFERROR(AK102/AJ102,"") -> 1007.1006 | AM102: =RANK(AL102, AL$91:AL$127) -> 10 | AO102: 3 | AP102: 3022.6218 | AQ102: =IFERROR(AP102/AO102,"") -> 1007.5406 | AR102: =RANK(AQ102, AQ$91:AQ$127) -> 10 | AT102: 3 | AU102: 3022.9518 | AV102: =IFERROR(AU102/AT102,"") -> 1007.6506 | AW102: =RANK(AV102, AV$91:AV$127) -> 10
C103: 13 | D103: 一配椒鹽檸檬鯖魚飯糰 | E103: 3 | F103: 3600 | G103: =IFERROR(F103/E103,"") -> 1200 | I103: =AVERAGE(P103,U103,Z103,AE103,AJ103,AO103,AT103) -> 3 | J103: =AVERAGE(Q103,V103,AA103,AF103,AK103,AP103,AU103) -> 3224.8898 | K103: =AVERAGE(R103,W103,AB103,AG103,AL103,AQ103,AV103) -> 1074.9633 | M103: =RANK(K103, K$91:$K$127) -> 5 | P103: 3 | Q103: 3222.3184 | R103: =IFERROR(Q103/P103,"") -> 1074.1061 | S103: =RANK(R103, R$91:R$127) -> 4 | U103: 3 | V103: 3222.6784 | W103: =IFERROR(V103/U103,"") -> 1074.2261 | X103: =RANK(W103, W$91:W$127) -> 6 | Z103: 3 | AA103: 3223.7584 | AB103: =IFERROR(AA103/Z103,"") -> 1074.5861 | AC103: =RANK(AB103, AB$91:AB$127) -> 5 | AE103: 3 | AF103: 3224.1184 | AG103: =IFERROR(AF103/AE103,"") -> 1074.7061 | AH103: =RANK(AG103, AG$91:AG$127) -> 5 | AJ103: 3 | AK103: 3225.1984 | AL103: =IFERROR(AK103/AJ103,"") -> 1075.0661 | AM103: =RANK(AL103, AL$91:AL$127) -> 5 | AO103: 3 | AP103: 3226.9984 | AQ103: =IFERROR(AP103/AO103,"") -> 1075.6661 | AR103: =RANK(AQ103, AQ$91:AQ$127) -> 5 | AT103: 3 | AU103: 3229.1584 | AV103: =IFERROR(AU103/AT103,"") -> 1076.3861 | AW103: =RANK(AV103, AV$91:AV$127) -> 3
... C124: 34 | D124: 二配兩粒飯糰(鮪魚.焦糖鮭魚) | E124: 12 | F124: 3600 | G124: =IFERROR(F124/E124,"") -> 300 | I124: =AVERAGE(P124,U124,Z124,AE124,AJ124,AO124,AT124) -> 12 | J124: =AVERAGE(Q124,V124,AA124,AF124,AK124,AP124,AU124) -> 3121.0685 | K124: =AVERAGE(R124,W124,AB124,AG124,AL124,AQ124,AV124) -> 260.08904 | M124: =RANK(K124, K$91:$K$127) -> 34 | P124: 12 | Q124: 3122.3281 | R124: =IFERROR(Q124/P124,"") -> 260.19401 | S124: =RANK(R124, R$91:R$127) -> 33 | U124: 12 | V124: 3121.6081 | W124: =IFERROR(V124/U124,"") -> 260.13401 | X124: =RANK(W124, W$91:W$127) -> 33 | Z124: 12 | AA124: 3121.2481 | AB124: =IFERROR(AA124/Z124,"") -> 260.10401 | AC124: =RANK(AB124, AB$91:AB$127) -> 34 | AE124: 12 | AF124: 3119.8081 | AG124: =IFERROR(AF124/AE124,"") -> 259.98401 | AH124: =RANK(AG124, AG$91:AG$127) -> 34 | AJ124: 12 | AK124: 3122.269 | AL124: =IFERROR(AK124/AJ124,"") -> 260.18908 | AM124: =RANK(AL124, AL$91:AL$127) -> 33 | AO124: 12 | AP124: 3120.469 | AQ124: =IFERROR(AP124/AO124,"") -> 260.03908 | AR124: =RANK(AQ124, AQ$91:AQ$127) -> 34 | AT124: 12 | AU124: 3119.749 | AV124: =IFERROR(AU124/AT124,"") -> 259.97908 | AW124: =RANK(AV124, AV$91:AV$127) -> 34
C125: 35
C126: 36
C127: 37

Sheet （５-2）品群別人時生產性(18℃-壽司手卷)
B1: 8月平均人時性 | C1: =AVERAGE(L27,L47) -> 295.70294
B2: 產線配置圖－每週更新(0728-0803) | N2: 資料繳交 | O2: 日期 | P2: 46231 | U2: 46232 | Z2: 46233 | AE2: 46234 | AJ2: 46235 | AO2: 46236 | AT2: 46237
P3: 46196 | U3: 46197 | Z3: 46198 | AE3: 46199 | AJ3: 46200 | AO3: 46201 | AT3: 46202
B4: 品群 | C4: 商品名稱 | E4: 計畫 | H4: 平均人時性 | I4: 實績 (週平均) | L4: 平均人時性 | M4: 排名 | O4: 日報 | P4: 實際 | T4: 平均人時性 | U4: 實際 | Y4: 平均人時性 | Z4: 實際 | AD4: 平均人時性 | AE4: 實際 | AI4: 平均人時性 | AJ4: 實際 | AN4: 平均人時性 | AO4: 實際 | AS4: 平均人時性 | AT4: 實際 | AX4: 平均人時性
E5: 產線配置圖 | I5: 產線配置圖 | P5: 生產實績 | U5: 生產實績 | Z5: 生產實績 | AE5: 生產實績 | AJ5: 生產實績 | AO5: 生產實績 | AT5: 生產實績
E6: 人數 | F6: 產能／時 | G6: 人時性 | I6: 人數 | J6: 產能／時 | K6: 人時性 | P6: 人數 | Q6: 產能／時 | R6: 人時性 | S6: 排名 | U6: 人數 | V6: 產能／時 | W6: 人時性 | X6: 排名 | Z6: 人數 | AA6: 產能／時 | AB6: 人時性 | AC6: 排名 | AE6: 人數 | AF6: 產能／時 | AG6: 人時性 | AH6: 排名 | AJ6: 人數 | AK6: 產能／時 | AL6: 人時性 | AM6: 排名 | AO6: 人數 | AP6: 產能／時 | AQ6: 人時性 | AR6: 排名 | AT6: 人數 | AU6: 產能／時 | AV6: 人時性 | AW6: 排名
B7: 18℃-壽司手卷 | C7: 1 | D7: 一配長野稻荷壽司 | E7: 10 | F7: 3600 | G7: =IFERROR(F7/E7,"") -> 360 | H7: =AVERAGE(G7:G21) -> 335.45455 | I7: =AVERAGE(P7,U7,Z7,AE7,AJ7,AO7,AT7) -> 10 | J7: =AVERAGE(Q7,V7,AA7,AF7,AK7,AP7,AU7) -> 3217.1467 | K7: =AVERAGE(R7,W7,AB7,AG7,AL7,AQ7,AV7) -> 321.71467 | L7: =IFERROR(AVERAGE(K7:K21),"-") -> 295.72171 | M7: =RANK(K7, K$7:$K$21) -> 1 | P7: 10 | Q7: 3217.2496 | R7: =IFERROR(Q7/P7,"") -> 321.72496 | S7: =RANK(R7, R$7:R$21) -> 1 | T7: =AVERAGE(R7:R21) -> 295.75475 | U7: 10 | V7: 3216.5296 | W7: =IFERROR(V7/U7,"") -> 321.65296 | X7: =RANK(W7, W$7:W$21) -> 1 | Y7: =AVERAGE(W7:W21) -> 295.72857 | Z7: 10 | AA7: 3216.5296 | AB7: =IFERROR(AA7/Z7,"") -> 321.65296 | AC7: =RANK(AB7, AB$7:AB$21) -> 1 | AD7: =AVERAGE(AB7:AB21) -> 295.68428 | AE7: 10 | AF7: 3217.6096 | AG7: =IFERROR(AF7/AE7,"") -> 321.76096 | AH7: =RANK(AG7, AG$7:AG$21) -> 1 | AI7: =AVERAGE(AG7:AG21) -> 295.74401 | AJ7: 10 | AK7: 3216.5296 | AL7: =IFERROR(AK7/AJ7,"") -> 321.65296 | AM7: =RANK(AL7, AL$7:AL$21) -> 1 | AN7: =AVERAGE(AL7:AL21) -> 295.6761 | AO7: 10 | AP7: 3217.9696 | AQ7: =IFERROR(AP7/AO7,"") -> 321.79696 | AR7: =RANK(AQ7, AQ$7:AQ$21) -> 1 | AS7: =AVERAGE(AQ7:AQ21) -> 295.68755 | AT7: 10 | AU7: 3217.6096 | AV7: =IFERROR(AU7/AT7,"") -> 321.76096 | AW7: =RANK(AV7, AV$7:AV$21) -> 1 | AX7: =AVERAGE(AV7:AV21) -> 295.77674
C8: 2 | D8: 一配經典人氣雙手卷 | E8: 11 | F8: 3600 | G8: =IFERROR(F8/E8,"") -> 327.27273 | I8: =AVERAGE(P8,U8,Z8,AE8,AJ8,AO8,AT8) -> 11 | J8: =AVERAGE(Q8,V8,AA8,AF8,AK8,AP8,AU8) -> 3156.9285 | K8: =AVERAGE(R8,W8,AB8,AG8,AL8,AQ8,AV8) -> 286.9935 | M8: =RANK(K8, K$7:$K$21) -> 4 | P8: 11 | Q8: 3157.8027 | R8: =IFERROR(Q8/P8,"") -> 287.07298 | S8: =RANK(R8, R$7:R$21) -> 4 | U8: 11 | V8: 3157.4427 | W8: =IFERROR(V8/U8,"") -> 287.04025 | X8: =RANK(W8, W$7:W$21) -> 4 | Z8: 11 | AA8: 3156.0027 | AB8: =IFERROR(AA8/Z8,"") -> 286.90934 | AC8: =RANK(AB8, AB$7:AB$21) -> 4 | AE8: 11 | AF8: 3157.0827 | AG8: =IFERROR(AF8/AE8,"") -> 287.00752 | AH8: =RANK(AG8, AG$7:AG$21) -> 4 | AJ8: 11 | AK8: 3155.6427 | AL8: =IFERROR(AK8/AJ8,"") -> 286.87661 | AM8: =RANK(AL8, AL$7:AL$21) -> 4 | AO8: 11 | AP8: 3156.3627 | AQ8: =IFERROR(AP8/AO8,"") -> 286.94207 | AR8: =RANK(AQ8, AQ$7:AQ$21) -> 3 | AT8: 11 | AU8: 3158.1627 | AV8: =IFERROR(AU8/AT8,"") -> 287.1057 | AW8: =RANK(AV8, AV$7:AV$21) -> 3
C9: 3 | D9: 一配鮭鮪海饌雙手卷 | E9: 11 | F9: 3600 | G9: =IFERROR(F9/E9,"") -> 327.27273 | I9: =AVERAGE(P9,U9,Z9,AE9,AJ9,AO9,AT9) -> 11 | J9: =AVERAGE(Q9,V9,AA9,AF9,AK9,AP9,AU9) -> 3157.7972 | K9: =AVERAGE(R9,W9,AB9,AG9,AL9,AQ9,AV9) -> 287.07247 | M9: =RANK(K9, K$7:$K$21) -> 3 | P9: 11 | Q9: 3158.5204 | R9: =IFERROR(Q9/P9,"") -> 287.13822 | S9: =RANK(R9, R$7:R$21) -> 2 | U9: 11 | V9: 3158.1604 | W9: =IFERROR(V9/U9,"") -> 287.10549 | X9: =RANK(W9, W$7:W$21) -> 3 | Z9: 11 | AA9: 3158.7319 | AB9: =IFERROR(AA9/Z9,"") -> 287.15745 | AC9: =RANK(AB9, AB$7:AB$21) -> 2 | AE9: 11 | AF9: 3157.6519 | AG9: =IFERROR(AF9/AE9,"") -> 287.05926 | AH9: =RANK(AG9, AG$7:AG$21) -> 3 | AJ9: 11 | AK9: 3157.6519 | AL9: =IFERROR(AK9/AJ9,"") -> 287.05926 | AM9: =RANK(AL9, AL$7:AL$21) -> 3 | AO9: 11 | AP9: 3156.2119 | AQ9: =IFERROR(AP9/AO9,"") -> 286.92836 | AR9: =RANK(AQ9, AQ$7:AQ$21) -> 4 | AT9: 11 | AU9: 3157.6519 | AV9: =IFERROR(AU9/AT9,"") -> 287.05926 | AW9: =RANK(AV9, AV$7:AV$21) -> 4
C10: 4 | D10: 一配青木瓜雞絲泰泰雙手卷 | E10: 11 | F10: 3600 | G10: =IFERROR(F10/E10,"") -> 327.27273 | I10: =AVERAGE(P10,U10,Z10,AE10,AJ10,AO10,AT10) -> 11 | J10: =AVERAGE(Q10,V10,AA10,AF10,AK10,AP10,AU10) -> 3158.1684 | K10: =AVERAGE(R10,W10,AB10,AG10,AL10,AQ10,AV10) -> 287.10622 | M10: =RANK(K10, K$7:$K$21) -> 2 | P10: 11 | Q10: 3157.9113 | R10: =IFERROR(Q10/P10,"") -> 287.08284 | S10: =RANK(R10, R$7:R$21) -> 3 | U10: 11 | V10: 3158.2713 | W10: =IFERROR(V10/U10,"") -> 287.11557 | X10: =RANK(W10, W$7:W$21) -> 2 | Z10: 11 | AA10: 3157.1913 | AB10: =IFERROR(AA10/Z10,"") -> 287.01739 | AC10: =RANK(AB10, AB$7:AB$21) -> 3 | AE10: 11 | AF10: 3158.6313 | AG10: =IFERROR(AF10/AE10,"") -> 287.1483 | AH10: =RANK(AG10, AG$7:AG$21) -> 2 | AJ10: 11 | AK10: 3158.2713 | AL10: =IFERROR(AK10/AJ10,"") -> 287.11557 | AM10: =RANK(AL10, AL$7:AL$21) -> 2 | AO10: 11 | AP10: 3157.9113 | AQ10: =IFERROR(AP10/AO10,"") -> 287.08284 | AR10: =RANK(AQ10, AQ$7:AQ$21) -> 2 | AT10: 11 | AU10: 3158.9913 | AV10: =IFERROR(AU10/AT10,"") -> 287.18102 | AW10: =RANK(AV10, AV$7:AV$21) -> 2
C11: 5
C12: 6
C13: 7
C14: 8
C15: 9
C16: 10
C17: 11
C18: 12
C19: 13
C20: 14
C21: 15
B22: 產線配置圖－每週更新(0804-0810) | N22: 資料繳交 | O22: 日期 | P22: 46238 | U22: 46239 | Z22: 46240 | AE22: 46241 | AJ22: 46242 | AO22: 46243 | AT22: 46244
P23: 46196 | U23: 46197 | Z23: 46198 | AE23: 46199 | AJ23: 46200 | AO23: 46201 | AT23: 46202
B24: 品群 | C24: 商品名稱 | E24: 計畫 | H24: 平均人時性 | I24: 實績 (週平均) | L24: 平均人時性 | M24: 排名 | O24: 日報 | P24: 實際 | T24: 平均人時性 | U24: 實際 | Y24: 平均人時性 | Z24: 實際 | AD24: 平均人時性 | AE24: 實際 | AI24: 平均人時性 | AJ24: 實際 | AN24: 平均人時性 | AO24: 實際 | AS24: 平均人時性 | AT24: 實際 | AX24: 平均人時性
E25: 產線配置圖 | I25: 產線配置圖 | P25: 生產實績 | U25: 生產實績 | Z25: 生產實績 | AE25: 生產實績 | AJ25: 生產實績 | AO25: 生產實績 | AT25: 生產實績
E26: 人數 | F26: 產能／時 | G26: 人時性 | I26: 人數 | J26: 產能／時 | K26: 人時性 | P26: 人數 | Q26: 產能／時 | R26: 人時性 | S26: 排名 | U26: 人數 | V26: 產能／時 | W26: 人時性 | X26: 排名 | Z26: 人數 | AA26: 產能／時 | AB26: 人時性 | AC26: 排名 | AE26: 人數 | AF26: 產能／時 | AG26: 人時性 | AH26: 排名 | AJ26: 人數 | AK26: 產能／時 | AL26: 人時性 | AM26: 排名 | AO26: 人數 | AP26: 產能／時 | AQ26: 人時性 | AR26: 排名 | AT26: 人數 | AU26: 產能／時 | AV26: 人時性 | AW26: 排名
B27: 18℃-壽司手卷 | C27: 1 | D27: 一配長野稻荷壽司 | E27: 10 | F27: 3600 | G27: =IFERROR(F27/E27,"") -> 360 | H27: =AVERAGE(G27:G41) -> 335.45455 | I27: =AVERAGE(P27,U27,Z27,AE27,AJ27,AO27,AT27) -> 10 | J27: =AVERAGE(Q27,V27,AA27,AF27,AK27,AP27,AU27) -> 3217.661 | K27: =AVERAGE(R27,W27,AB27,AG27,AL27,AQ27,AV27) -> 321.7661 | L27: =IFERROR(AVERAGE(K27:K41),"-") -> 295.72143 | M27: =RANK(K27, K$27:$K$41) -> 1 | P27: 10 | Q27: 3217.9696 | R27: =IFERROR(Q27/P27,"") -> 321.79696 | S27: =RANK(R27, R$27:R$41) -> 1 | T27: =AVERAGE(R27:R41) -> 295.8021 | U27: 10 | V27: 3219.0496 | W27: =IFERROR(V27/U27,"") -> 321.90496 | X27: =RANK(W27, W$27:W$41) -> 1 | Y27: =AVERAGE(W27:W41) -> 295.81775 | Z27: 10 | AA27: 3219.0496 | AB27: =IFERROR(AA27/Z27,"") -> 321.90496 | AC27: =RANK(AB27, AB$27:AB$41) -> 1 | AD27: =AVERAGE(AB27:AB41) -> 295.73593 | AE27: 10 | AF27: 3217.9696 | AG27: =IFERROR(AF27/AE27,"") -> 321.79696 | AH27: =RANK(AG27, AG$27:AG$41) -> 1 | AI27: =AVERAGE(AG27:AG41) -> 295.71711 | AJ27: 10 | AK27: 3216.8896 | AL27: =IFERROR(AK27/AJ27,"") -> 321.68896 | AM27: =RANK(AL27, AL$27:AL$41) -> 1 | AN27: =AVERAGE(AL27:AL41) -> 295.67375 | AO27: 10 | AP27: 3216.1696 | AQ27: =IFERROR(AP27/AO27,"") -> 321.61696 | AR27: =RANK(AQ27, AQ$27:AQ$41) -> 1 | AS27: =AVERAGE(AQ27:AQ41) -> 295.62675 | AT27: 10 | AU27: 3216.5296 | AV27: =IFERROR(AU27/AT27,"") -> 321.65296 | AW27: =RANK(AV27, AV$27:AV$41) -> 1 | AX27: =AVERAGE(AV27:AV41) -> 295.67666
C28: 2 | D28: 一配經典人氣雙手卷 | E28: 11 | F28: 3600 | G28: =IFERROR(F28/E28,"") -> 327.27273 | I28: =AVERAGE(P28,U28,Z28,AE28,AJ28,AO28,AT28) -> 11 | J28: =AVERAGE(Q28,V28,AA28,AF28,AK28,AP28,AU28) -> 3157.7861 | K28: =AVERAGE(R28,W28,AB28,AG28,AL28,AQ28,AV28) -> 287.07146 | M28: =RANK(K28, K$27:$K$41) -> 2 | P28: 11 | Q28: 3159.9627 | R28: =IFERROR(Q28/P28,"") -> 287.26934 | S28: =RANK(R28, R$27:R$41) -> 2 | U28: 11 | V28: 3158.6233 | W28: =IFERROR(V28/U28,"") -> 287.14758 | X28: =RANK(W28, W$27:W$41) -> 3 | Z28: 11 | AA28: 3157.5433 | AB28: =IFERROR(AA28/Z28,"") -> 287.04939 | AC28: =RANK(AB28, AB$27:AB$41) -> 2 | AE28: 11 | AF28: 3157.9033 | AG28: =IFERROR(AF28/AE28,"") -> 287.08212 | AH28: =RANK(AG28, AG$27:AG$41) -> 2 | AJ28: 11 | AK28: 3157.1833 | AL28: =IFERROR(AK28/AJ28,"") -> 287.01667 | AM28: =RANK(AL28, AL$27:AL$41) -> 3 | AO28: 11 | AP28: 3156.4633 | AQ28: =IFERROR(AP28/AO28,"") -> 286.95121 | AR28: =RANK(AQ28, AQ$27:AQ$41) -> 3 | AT28: 11 | AU28: 3156.8233 | AV28: =IFERROR(AU28/AT28,"") -> 286.98394 | AW28: =RANK(AV28, AV$27:AV$41) -> 3
C29: 3 | D29: 一配鮭鮪海饌雙手卷 | E29: 11 | F29: 3600 | G29: =IFERROR(F29/E29,"") -> 327.27273 | I29: =AVERAGE(P29,U29,Z29,AE29,AJ29,AO29,AT29) -> 11 | J29: =AVERAGE(Q29,V29,AA29,AF29,AK29,AP29,AU29) -> 3157.2405 | K29: =AVERAGE(R29,W29,AB29,AG29,AL29,AQ29,AV29) -> 287.02186 | M29: =RANK(K29, K$27:$K$41) -> 4 | P29: 11 | Q29: 3156.2119 | R29: =IFERROR(Q29/P29,"") -> 286.92836 | S29: =RANK(R29, R$27:R$41) -> 4 | U29: 11 | V29: 3157.6519 | W29: =IFERROR(V29/U29,"") -> 287.05926 | X29: =RANK(W29, W$27:W$41) -> 4 | Z29: 11 | AA29: 3156.5719 | AB29: =IFERROR(AA29/Z29,"") -> 286.96108 | AC29: =RANK(AB29, AB$27:AB$41) -> 4 | AE29: 11 | AF29: 3156.9319 | AG29: =IFERROR(AF29/AE29,"") -> 286.99381 | AH29: =RANK(AG29, AG$27:AG$41) -> 4 | AJ29: 11 | AK29: 3157.2919 | AL29: =IFERROR(AK29/AJ29,"") -> 287.02654 | AM29: =RANK(AL29, AL$27:AL$41) -> 2 | AO29: 11 | AP29: 3157.6519 | AQ29: =IFERROR(AP29/AO29,"") -> 287.05926 | AR29: =RANK(AQ29, AQ$27:AQ$41) -> 2 | AT29: 11 | AU29: 3158.3719 | AV29: =IFERROR(AU29/AT29,"") -> 287.12472 | AW29: =RANK(AV29, AV$27:AV$41) -> 2
C30: 4 | D30: 一配青木瓜雞絲泰泰雙手卷 | E30: 11 | F30: 3600 | G30: =IFERROR(F30/E30,"") -> 327.27273 | I30: =AVERAGE(P30,U30,Z30,AE30,AJ30,AO30,AT30) -> 11 | J30: =AVERAGE(Q30,V30,AA30,AF30,AK30,AP30,AU30) -> 3157.2895 | K30: =AVERAGE(R30,W30,AB30,AG30,AL30,AQ30,AV30) -> 287.02632 | M30: =RANK(K30, K$27:$K$41) -> 3 | P30: 11 | Q30: 3159.3513 | R30: =IFERROR(Q30/P30,"") -> 287.21375 | S30: =RANK(R30, R$27:R$41) -> 3 | U30: 11 | V30: 3158.7512 | W30: =IFERROR(V30/U30,"") -> 287.1592 | X30: =RANK(W30, W$27:W$41) -> 2 | Z30: 11 | AA30: 3157.3112 | AB30: =IFERROR(AA30/Z30,"") -> 287.02829 | AC30: =RANK(AB30, AB$27:AB$41) -> 3 | AE30: 11 | AF30: 3156.9512 | AG30: =IFERROR(AF30/AE30,"") -> 286.99556 | AH30: =RANK(AG30, AG$27:AG$41) -> 3 | AJ30: 11 | AK30: 3156.5912 | AL30: =IFERROR(AK30/AJ30,"") -> 286.96283 | AM30: =RANK(AL30, AL$27:AL$41) -> 4 | AO30: 11 | AP30: 3155.6752 | AQ30: =IFERROR(AP30/AO30,"") -> 286.87956 | AR30: =RANK(AQ30, AQ$27:AQ$41) -> 4 | AT30: 11 | AU30: 3156.3952 | AV30: =IFERROR(AU30/AT30,"") -> 286.94501 | AW30: =RANK(AV30, AV$27:AV$41) -> 4
C31: 5
C32: 6
C33: 7
C34: 8
C35: 9
C36: 10
C37: 11
C38: 12
C39: 13
C40: 14
C41: 15
B42: 產線配置圖－每週更新(0811-0817) | N42: 資料繳交 | O42: 日期 | P42: 46245 | U42: 46246 | Z42: 46247 | AE42: 46248 | AJ42: 46249 | AO42: 46250 | AT42: 46251
P43: 46196 | U43: 46197 | Z43: 46198 | AE43: 46199 | AJ43: 46200 | AO43: 46201 | AT43: 46202
B44: 品群 | C44: 商品名稱 | E44: 計畫 | H44: 平均人時性 | I44: 實績 (週平均) | L44: 平均人時性 | M44: 排名 | O44: 日報 | P44: 實際 | T44: 平均人時性 | U44: 實際 | Y44: 平均人時性 | Z44: 實際 | AD44: 平均人時性 | AE44: 實際 | AI44: 平均人時性 | AJ44: 實際 | AN44: 平均人時性 | AO44: 實際 | AS44: 平均人時性 | AT44: 實際 | AX44: 平均人時性
E45: 產線配置圖 | I45: 產線配置圖 | P45: 生產實績 | U45: 生產實績 | Z45: 生產實績 | AE45: 生產實績 | AJ45: 生產實績 | AO45: 生產實績 | AT45: 生產實績
E46: 人數 | F46: 產能／時 | G46: 人時性 | I46: 人數 | J46: 產能／時 | K46: 人時性 | P46: 人數 | Q46: 產能／時 | R46: 人時性 | S46: 排名 | U46: 人數 | V46: 產能／時 | W46: 人時性 | X46: 排名 | Z46: 人數 | AA46: 產能／時 | AB46: 人時性 | AC46: 排名 | AE46: 人數 | AF46: 產能／時 | AG46: 人時性 | AH46: 排名 | AJ46: 人數 | AK46: 產能／時 | AL46: 人時性 | AM46: 排名 | AO46: 人數 | AP46: 產能／時 | AQ46: 人時性 | AR46: 排名 | AT46: 人數 | AU46: 產能／時 | AV46: 人時性 | AW46: 排名
B47: 18℃-壽司手卷 | C47: 1 | D47: 一配長野稻荷壽司 | E47: 10 | F47: 3600 | G47: =IFERROR(F47/E47,"") -> 360 | H47: =AVERAGE(G47:G61) -> 335.45455 | I47: =AVERAGE(P47,U47,Z47,AE47,AJ47,AO47,AT47) -> 10 | J47: =AVERAGE(Q47,V47,AA47,AF47,AK47,AP47,AU47) -> 3216.6838 | K47: =AVERAGE(R47,W47,AB47,AG47,AL47,AQ47,AV47) -> 321.66838 | L47: =IFERROR(AVERAGE(K47:K61),"-") -> 295.68444 | M47: =RANK(K47, K$47:$K$61) -> 1 | P47: 10 | Q47: 3216.5296 | R47: =IFERROR(Q47/P47,"") -> 321.65296 | S47: =RANK(R47, R$47:R$61) -> 1 | T47: =AVERAGE(R47:R61) -> 295.68393 | U47: 10 | V47: 3216.1696 | W47: =IFERROR(V47/U47,"") -> 321.61696 | X47: =RANK(W47, W$47:W$61) -> 1 | Y47: =AVERAGE(W47:W61) -> 295.69948 | Z47: 10 | AA47: 3215.4496 | AB47: =IFERROR(AA47/Z47,"") -> 321.54496 | AC47: =RANK(AB47, AB$47:AB$61) -> 1 | AD47: =AVERAGE(AB47:AB61) -> 295.61602 | AE47: 10 | AF47: 3215.8096 | AG47: =IFERROR(AF47/AE47,"") -> 321.58096 | AH47: =RANK(AG47, AG$47:AG$61) -> 1 | AI47: =AVERAGE(AG47:AG61) -> 295.61684 | AJ47: 10 | AK47: 3217.6096 | AL47: =IFERROR(AK47/AJ47,"") -> 321.76096 | AM47: =RANK(AL47, AL$47:AL$61) -> 1 | AN47: =AVERAGE(AL47:AL61) -> 295.71911 | AO47: 10 | AP47: 3217.2496 | AQ47: =IFERROR(AP47/AO47,"") -> 321.72496 | AR47: =RANK(AQ47, AQ$47:AQ$61) -> 1 | AS47: =AVERAGE(AQ47:AQ61) -> 295.7191 | AT47: 10 | AU47: 3217.9696 | AV47: =IFERROR(AU47/AT47,"") -> 321.79696 | AW47: =RANK(AV47, AV$47:AV$61) -> 1 | AX47: =AVERAGE(AV47:AV61) -> 295.73659
C48: 2 | D48: 一配經典人氣雙手卷 | E48: 11 | F48: 3600 | G48: =IFERROR(F48/E48,"") -> 327.27273 | I48: =AVERAGE(P48,U48,Z48,AE48,AJ48,AO48,AT48) -> 11 | J48: =AVERAGE(Q48,V48,AA48,AF48,AK48,AP48,AU48) -> 3157.8486 | K48: =AVERAGE(R48,W48,AB48,AG48,AL48,AQ48,AV48) -> 287.07715 | M48: =RANK(K48, K$47:$K$61) -> 2 | P48: 11 | Q48: 3157.1833 | R48: =IFERROR(Q48/P48,"") -> 287.01667 | S48: =RANK(R48, R$47:R$61) -> 3 | U48: 11 | V48: 3157.5433 | W48: =IFERROR(V48/U48,"") -> 287.04939 | X48: =RANK(W48, W$47:W$61) -> 4 | Z48: 11 | AA48: 3156.8233 | AB48: =IFERROR(AA48/Z48,"") -> 286.98394 | AC48: =RANK(AB48, AB$47:AB$61) -> 3 | AE48: 11 | AF48: 3157.5433 | AG48: =IFERROR(AF48/AE48,"") -> 287.04939 | AH48: =RANK(AG48, AG$47:AG$61) -> 2 | AJ48: 11 | AK48: 3159.3433 | AL48: =IFERROR(AK48/AJ48,"") -> 287.21303 | AM48: =RANK(AL48, AL$47:AL$61) -> 2 | AO48: 11 | AP48: 3158.6119 | AQ48: =IFERROR(AP48/AO48,"") -> 287.14653 | AR48: =RANK(AQ48, AQ$47:AQ$61) -> 2 | AT48: 11 | AU48: 3157.8919 | AV48: =IFERROR(AU48/AT48,"") -> 287.08108 | AW48: =RANK(AV48, AV$47:AV$61) -> 3
C49: 3 | D49: 一配鮭鮪海饌雙手卷 | E49: 11 | F49: 3600 | G49: =IFERROR(F49/E49,"") -> 327.27273 | I49: =AVERAGE(P49,U49,Z49,AE49,AJ49,AO49,AT49) -> 11 | J49: =AVERAGE(Q49,V49,AA49,AF49,AK49,AP49,AU49) -> 3156.3249 | K49: =AVERAGE(R49,W49,AB49,AG49,AL49,AQ49,AV49) -> 286.93863 | M49: =RANK(K49, K$47:$K$61) -> 4 | P49: 11 | Q49: 3157.6519 | R49: =IFERROR(Q49/P49,"") -> 287.05926 | S49: =RANK(R49, R$47:R$61) -> 2 | U49: 11 | V49: 3157.6519 | W49: =IFERROR(V49/U49,"") -> 287.05926 | X49: =RANK(W49, W$47:W$61) -> 3 | Z49: 11 | AA49: 3156.2119 | AB49: =IFERROR(AA49/Z49,"") -> 286.92836 | AC49: =RANK(AB49, AB$47:AB$61) -> 4 | AE49: 11 | AF49: 3155.8519 | AG49: =IFERROR(AF49/AE49,"") -> 286.89563 | AH49: =RANK(AG49, AG$47:AG$61) -> 4 | AJ49: 11 | AK49: 3155.1319 | AL49: =IFERROR(AK49/AJ49,"") -> 286.83017 | AM49: =RANK(AL49, AL$47:AL$61) -> 4 | AO49: 11 | AP49: 3155.5389 | AQ49: =IFERROR(AP49/AO49,"") -> 286.86717 | AR49: =RANK(AQ49, AQ$47:AQ$61) -> 4 | AT49: 11 | AU49: 3156.2361 | AV49: =IFERROR(AU49/AT49,"") -> 286.93056 | AW49: =RANK(AV49, AV$47:AV$61) -> 4
C50: 4 | D50: 一配青木瓜雞絲泰泰雙手卷 | E50: 11 | F50: 3600 | G50: =IFERROR(F50/E50,"") -> 327.27273 | I50: =AVERAGE(P50,U50,Z50,AE50,AJ50,AO50,AT50) -> 11 | J50: =AVERAGE(Q50,V50,AA50,AF50,AK50,AP50,AU50) -> 3157.5896 | K50: =AVERAGE(R50,W50,AB50,AG50,AL50,AQ50,AV50) -> 287.0536 | M50: =RANK(K50, K$47:$K$61) -> 3 | P50: 11 | Q50: 3157.0753 | R50: =IFERROR(Q50/P50,"") -> 287.00685 | S50: =RANK(R50, R$47:R$61) -> 4 | U50: 11 | V50: 3157.7953 | W50: =IFERROR(V50/U50,"") -> 287.0723 | X50: =RANK(W50, W$47:W$61) -> 2 | Z50: 11 | AA50: 3157.0753 | AB50: =IFERROR(AA50/Z50,"") -> 287.00685 | AC50: =RANK(AB50, AB$47:AB$61) -> 2 | AE50: 11 | AF50: 3156.3553 | AG50: =IFERROR(AF50/AE50,"") -> 286.94139 | AH50: =RANK(AG50, AG$47:AG$61) -> 3 | AJ50: 11 | AK50: 3157.7953 | AL50: =IFERROR(AK50/AJ50,"") -> 287.0723 | AM50: =RANK(AL50, AL$47:AL$61) -> 3 | AO50: 11 | AP50: 3158.5153 | AQ50: =IFERROR(AP50/AO50,"") -> 287.13776 | AR50: =RANK(AQ50, AQ$47:AQ$61) -> 3 | AT50: 11 | AU50: 3158.5153 | AV50: =IFERROR(AU50/AT50,"") -> 287.13776 | AW50: =RANK(AV50, AV$47:AV$61) -> 2
C51: 5
C52: 6
C53: 7
C54: 8
C55: 9
C56: 10
C57: 11
C58: 12
C59: 13
C60: 14
C61: 15

Sheet （５-3）品群別人時生產性(4℃-飯糰)
B1: 8月平均人時性 | C1: =AVERAGE(L27,L47) -> 119.39248
B2: 產線配置圖－每週更新(0728-0803) | N2: 資料繳交 | O2: 日期 | P2: 46231 | U2: 46232 | Z2: 46233 | AE2: 46234 | AJ2: 46235 | AO2: 46236 | AT2: 46237
P3: 46196 | U3: 46197 | Z3: 46198 | AE3: 46199 | AJ3: 46200 | AO3: 46201 | AT3: 46202
B4: 品群 | C4: 商品名稱 | E4: 計畫 | H4: 平均人時性 | I4: 實績 (週平均) | L4: 平均人時性 | M4: 排名 | O4: 日報 | P4: 實際 | T4: 平均人時性 | U4: 實際 | Y4: 平均人時性 | Z4: 實際 | AD4: 平均人時性 | AE4: 實際 | AI4: 平均人時性 | AJ4: 實際 | AN4: 平均人時性 | AO4: 實際 | AS4: 平均人時性 | AT4: 實際 | AX4: 平均人時性
E5: 產線配置圖 | I5: 產線配置圖 | P5: 生產實績 | U5: 生產實績 | Z5: 生產實績 | AE5: 生產實績 | AJ5: 生產實績 | AO5: 生產實績 | AT5: 生產實績
E6: 人數 | F6: 產能／時 | G6: 人時性 | I6: 人數 | J6: 產能／時 | K6: 人時性 | P6: 人數 | Q6: 產能／時 | R6: 人時性 | S6: 排名 | U6: 人數 | V6: 產能／時 | W6: 人時性 | X6: 排名 | Z6: 人數 | AA6: 產能／時 | AB6: 人時性 | AC6: 排名 | AE6: 人數 | AF6: 產能／時 | AG6: 人時性 | AH6: 排名 | AJ6: 人數 | AK6: 產能／時 | AL6: 人時性 | AM6: 排名 | AO6: 人數 | AP6: 產能／時 | AQ6: 人時性 | AR6: 排名 | AT6: 人數 | AU6: 產能／時 | AV6: 人時性 | AW6: 排名
B7: 4℃-飯糰 | C7: 1 | D7: 麻油雞飯糰 | E7: 21 | F7: 2790 | G7: =IFERROR(F7/E7,"") -> 132.85714 | H7: =AVERAGE(G7:G21) -> 132.85714 | I7: =AVERAGE(P7,U7,Z7,AE7,AJ7,AO7,AT7) -> 22 | J7: =AVERAGE(Q7,V7,AA7,AF7,AK7,AP7,AU7) -> 2626.6346 | K7: =AVERAGE(R7,W7,AB7,AG7,AL7,AQ7,AV7) -> 119.39248 | L7: =IFERROR(AVERAGE(K7:K21),"-") -> 119.39248 | M7: =RANK(K7, K$7:$K$21) -> 1 | P7: 22 | Q7: 2626.6346 | R7: =IFERROR(Q7/P7,"") -> 119.39248 | S7: =RANK(R7, R$7:R$21) -> 1 | T7: =AVERAGE(R7:R21) -> 119.39248 | U7: 22 | V7: 2626.6346 | W7: =IFERROR(V7/U7,"") -> 119.39248 | X7: =RANK(W7, W$7:W$21) -> 1 | Y7: =AVERAGE(W7:W21) -> 119.39248 | Z7: 22 | AA7: 2626.6346 | AB7: =IFERROR(AA7/Z7,"") -> 119.39248 | AC7: =RANK(AB7, AB$7:AB$21) -> 1 | AD7: =AVERAGE(AB7:AB21) -> 119.39248 | AE7: 22 | AF7: 2626.6346 | AG7: =IFERROR(AF7/AE7,"") -> 119.39248 | AH7: =RANK(AG7, AG$7:AG$21) -> 1 | AI7: =AVERAGE(AG7:AG21) -> 119.39248 | AJ7: 22 | AK7: 2626.6346 | AL7: =IFERROR(AK7/AJ7,"") -> 119.39248 | AM7: =RANK(AL7, AL$7:AL$21) -> 1 | AN7: =AVERAGE(AL7:AL21) -> 119.39248 | AO7: 22 | AP7: 2626.6346 | AQ7: =IFERROR(AP7/AO7,"") -> 119.39248 | AR7: =RANK(AQ7, AQ$7:AQ$21) -> 1 | AS7: =AVERAGE(AQ7:AQ21) -> 119.39248 | AT7: 22 | AU7: 2626.6346 | AV7: =IFERROR(AU7/AT7,"") -> 119.39248 | AW7: =RANK(AV7, AV$7:AV$21) -> 1 | AX7: =AVERAGE(AV7:AV21) -> 119.39248
C8: 2
C9: 3
C10: 4
C11: 5
C12: 6
C13: 7
C14: 8
C15: 9
C16: 10
C17: 11
C18: 12
C19: 13
... C21: 15
B22: 產線配置圖－每週更新(0804-0810) | N22: 資料繳交 | O22: 日期 | P22: 46238 | U22: 46239 | Z22: 46240 | AE22: 46241 | AJ22: 46242 | AO22: 46243 | AT22: 46244
P23: 46196 | U23: 46197 | Z23: 46198 | AE23: 46199 | AJ23: 46200 | AO23: 46201 | AT23: 46202
B24: 品群 | C24: 商品名稱 | E24: 計畫 | H24: 平均人時性 | I24: 實績 (週平均) | L24: 平均人時性 | M24: 排名 | O24: 日報 | P24: 實際 | T24: 平均人時性 | U24: 實際 | Y24: 平均人時性 | Z24: 實際 | AD24: 平均人時性 | AE24: 實際 | AI24: 平均人時性 | AJ24: 實際 | AN24: 平均人時性 | AO24: 實際 | AS24: 平均人時性 | AT24: 實際 | AX24: 平均人時性
E25: 產線配置圖 | I25: 產線配置圖 | P25: 生產實績 | U25: 生產實績 | Z25: 生產實績 | AE25: 生產實績 | AJ25: 生產實績 | AO25: 生產實績 | AT25: 生產實績
E26: 人數 | F26: 產能／時 | G26: 人時性 | I26: 人數 | J26: 產能／時 | K26: 人時性 | P26: 人數 | Q26: 產能／時 | R26: 人時性 | S26: 排名 | U26: 人數 | V26: 產能／時 | W26: 人時性 | X26: 排名 | Z26: 人數 | AA26: 產能／時 | AB26: 人時性 | AC26: 排名 | AE26: 人數 | AF26: 產能／時 | AG26: 人時性 | AH26: 排名 | AJ26: 人數 | AK26: 產能／時 | AL26: 人時性 | AM26: 排名 | AO26: 人數 | AP26: 產能／時 | AQ26: 人時性 | AR26: 排名 | AT26: 人數 | AU26: 產能／時 | AV26: 人時性 | AW26: 排名
B27: 4℃-飯糰 | C27: 1 | D27: 麻油雞飯糰 | E27: 21 | F27: 2790 | G27: =IFERROR(F27/E27,"") -> 132.85714 | H27: =AVERAGE(G27:G41) -> 132.85714 | I27: =AVERAGE(P27,U27,Z27,AE27,AJ27,AO27,AT27) -> 22 | J27: =AVERAGE(Q27,V27,AA27,AF27,AK27,AP27,AU27) -> 2626.6346 | K27: =AVERAGE(R27,W27,AB27,AG27,AL27,AQ27,AV27) -> 119.39248 | L27: =IFERROR(AVERAGE(K27:K41),"-") -> 119.39248 | M27: =RANK(K27, K$27:$K$41) -> 1 | P27: 22 | Q27: 2626.6346 | R27: =IFERROR(Q27/P27,"") -> 119.39248 | S27: =RANK(R27, R$27:R$41) -> 1 | T27: =AVERAGE(R27:R41) -> 119.39248 | U27: 22 | V27: 2626.6346 | W27: =IFERROR(V27/U27,"") -> 119.39248 | X27: =RANK(W27, W$27:W$41) -> 1 | Y27: =AVERAGE(W27:W41) -> 119.39248 | Z27: 22 | AA27: 2626.6346 | AB27: =IFERROR(AA27/Z27,"") -> 119.39248 | AC27: =RANK(AB27, AB$27:AB$41) -> 1 | AD27: =AVERAGE(AB27:AB41) -> 119.39248 | AE27: 22 | AF27: 2626.6346 | AG27: =IFERROR(AF27/AE27,"") -> 119.39248 | AH27: =RANK(AG27, AG$27:AG$41) -> 1 | AI27: =AVERAGE(AG27:AG41) -> 119.39248 | AJ27: 22 | AK27: 2626.6346 | AL27: =IFERROR(AK27/AJ27,"") -> 119.39248 | AM27: =RANK(AL27, AL$27:AL$41) -> 1 | AN27: =AVERAGE(AL27:AL41) -> 119.39248 | AO27: 22 | AP27: 2626.6346 | AQ27: =IFERROR(AP27/AO27,"") -> 119.39248 | AR27: =RANK(AQ27, AQ$27:AQ$41) -> 1 | AS27: =AVERAGE(AQ27:AQ41) -> 119.39248 | AT27: 22 | AU27: 2626.6346 | AV27: =IFERROR(AU27/AT27,"") -> 119.39248 | AW27: =RANK(AV27, AV$27:AV$41) -> 1 | AX27: =AVERAGE(AV27:AV41) -> 119.39248
C28: 2
C29: 3
C30: 4
C31: 5
C32: 6
C33: 7
C34: 8
C35: 9
C36: 10
C37: 11
C38: 12
C39: 13
... C41: 15
B42: 產線配置圖－每週更新(0811-0817) | N42: 資料繳交 | O42: 日期 | P42: 46245 | U42: 46246 | Z42: 46247 | AE42: 46248 | AJ42: 46249 | AO42: 46250 | AT42: 46251
P43: 46196 | U43: 46197 | Z43: 46198 | AE43: 46199 | AJ43: 46200 | AO43: 46201 | AT43: 46202
B44: 品群 | C44: 商品名稱 | E44: 計畫 | H44: 平均人時性 | I44: 實績 (週平均) | L44: 平均人時性 | M44: 排名 | O44: 日報 | P44: 實際 | T44: 平均人時性 | U44: 實際 | Y44: 平均人時性 | Z44: 實際 | AD44: 平均人時性 | AE44: 實際 | AI44: 平均人時性 | AJ44: 實際 | AN44: 平均人時性 | AO44: 實際 | AS44: 平均人時性 | AT44: 實際 | AX44: 平均人時性
E45: 產線配置圖 | I45: 產線配置圖 | P45: 生產實績 | U45: 生產實績 | Z45: 生產實績 | AE45: 生產實績 | AJ45: 生產實績 | AO45: 生產實績 | AT45: 生產實績
E46: 人數 | F46: 產能／時 | G46: 人時性 | I46: 人數 | J46: 產能／時 | K46: 人時性 | P46: 人數 | Q46: 產能／時 | R46: 人時性 | S46: 排名 | U46: 人數 | V46: 產能／時 | W46: 人時性 | X46: 排名 | Z46: 人數 | AA46: 產能／時 | AB46: 人時性 | AC46: 排名 | AE46: 人數 | AF46: 產能／時 | AG46: 人時性 | AH46: 排名 | AJ46: 人數 | AK46: 產能／時 | AL46: 人時性 | AM46: 排名 | AO46: 人數 | AP46: 產能／時 | AQ46: 人時性 | AR46: 排名 | AT46: 人數 | AU46: 產能／時 | AV46: 人時性 | AW46: 排名
B47: 4℃-飯糰 | C47: 1 | D47: 麻油雞飯糰 | E47: 21 | F47: 2790 | G47: =IFERROR(F47/E47,"") -> 132.85714 | H47: =AVERAGE(G47:G61) -> 132.85714 | I47: =AVERAGE(P47,U47,Z47,AE47,AJ47,AO47,AT47) -> 22 | J47: =AVERAGE(Q47,V47,AA47,AF47,AK47,AP47,AU47) -> 2626.6346 | K47: =AVERAGE(R47,W47,AB47,AG47,AL47,AQ47,AV47) -> 119.39248 | L47: =IFERROR(AVERAGE(K47:K61),"-") -> 119.39248 | M47: =RANK(K47, K$47:$K$61) -> 1 | P47: 22 | Q47: 2626.6346 | R47: =IFERROR(Q47/P47,"") -> 119.39248 | S47: =RANK(R47, R$47:R$61) -> 1 | T47: =AVERAGE(R47:R61) -> 119.39248 | U47: 22 | V47: 2626.6346 | W47: =IFERROR(V47/U47,"") -> 119.39248 | X47: =RANK(W47, W$47:W$61) -> 1 | Y47: =AVERAGE(W47:W61) -> 119.39248 | Z47: 22 | AA47: 2626.6346 | AB47: =IFERROR(AA47/Z47,"") -> 119.39248 | AC47: =RANK(AB47, AB$47:AB$61) -> 1 | AD47: =AVERAGE(AB47:AB61) -> 119.39248 | AE47: 22 | AF47: 2626.6346 | AG47: =IFERROR(AF47/AE47,"") -> 119.39248 | AH47: =RANK(AG47, AG$47:AG$61) -> 1 | AI47: =AVERAGE(AG47:AG61) -> 119.39248 | AJ47: 22 | AK47: 2626.6346 | AL47: =IFERROR(AK47/AJ47,"") -> 119.39248 | AM47: =RANK(AL47, AL$47:AL$61) -> 1 | AN47: =AVERAGE(AL47:AL61) -> 119.39248 | AO47: 22 | AP47: 2626.6346 | AQ47: =IFERROR(AP47/AO47,"") -> 119.39248 | AR47: =RANK(AQ47, AQ$47:AQ$61) -> 1 | AS47: =AVERAGE(AQ47:AQ61) -> 119.39248 | AT47: 22 | AU47: 2626.6346 | AV47: =IFERROR(AU47/AT47,"") -> 119.39248 | AW47: =RANK(AV47, AV$47:AV$61) -> 1 | AX47: =AVERAGE(AV47:AV61) -> 119.39248
C48: 2
C49: 3
C50: 4
C51: 5
C52: 6
C53: 7
C54: 8
C55: 9
C56: 10
C57: 11
C58: 12
C59: 13
... C61: 15

Sheet （５-4）品群別人時生產性(4℃-壽司手卷)
B1: 8月平均人時性 | C1: =AVERAGE(L27,L47) -> 440.18559
B2: 產線配置圖－每週更新(0728-0803) | N2: 資料繳交 | O2: 日期 | P2: 46231 | U2: 46232 | Z2: 46233 | AE2: 46234 | AJ2: 46235 | AO2: 46236 | AT2: 46237
P3: 46196 | U3: 46197 | Z3: 46198 | AE3: 46199 | AJ3: 46200 | AO3: 46201 | AT3: 46202
B4: 品群 | C4: 商品名稱 | E4: 計畫 | H4: 平均人時性 | I4: 實績 (週平均) | L4: 平均人時性 | M4: 排名 | O4: 日報 | P4: 實際 | T4: 平均人時性 | U4: 實際 | Y4: 平均人時性 | Z4: 實際 | AD4: 平均人時性 | AE4: 實際 | AI4: 平均人時性 | AJ4: 實際 | AN4: 平均人時性 | AO4: 實際 | AS4: 平均人時性 | AT4: 實際 | AX4: 平均人時性
E5: 產線配置圖 | I5: 產線配置圖 | P5: 生產實績 | U5: 生產實績 | Z5: 生產實績 | AE5: 生產實績 | AJ5: 生產實績 | AO5: 生產實績 | AT5: 生產實績
E6: 人數 | F6: 產能／時 | G6: 人時性 | I6: 人數 | J6: 產能／時 | K6: 人時性 | P6: 人數 | Q6: 產能／時 | R6: 人時性 | S6: 排名 | U6: 人數 | V6: 產能／時 | W6: 人時性 | X6: 排名 | Z6: 人數 | AA6: 產能／時 | AB6: 人時性 | AC6: 排名 | AE6: 人數 | AF6: 產能／時 | AG6: 人時性 | AH6: 排名 | AJ6: 人數 | AK6: 產能／時 | AL6: 人時性 | AM6: 排名 | AO6: 人數 | AP6: 產能／時 | AQ6: 人時性 | AR6: 排名 | AT6: 人數 | AU6: 產能／時 | AV6: 人時性 | AW6: 排名
B7: 4℃-壽司手卷 | C7: 1 | D7: 韓式辣炒豬肉飯卷 | E7: 5 | F7: 3273 | G7: =IFERROR(F7/E7,"") -> 654.6 | H7: =AVERAGE(G7:G21) -> 505.14444 | I7: =AVERAGE(P7,U7,Z7,AE7,AJ7,AO7,AT7) -> 6 | J7: =AVERAGE(Q7,V7,AA7,AF7,AK7,AP7,AU7) -> 2961.3146 | K7: =AVERAGE(R7,W7,AB7,AG7,AL7,AQ7,AV7) -> 493.55243 | L7: =IFERROR(AVERAGE(K7:K21),"-") -> 438.24248 | M7: =RANK(K7, K$7:$K$21) -> 4 | P7: 6 | Q7: 2961.6419 | R7: =IFERROR(Q7/P7,"") -> 493.60698 | S7: =RANK(R7, R$7:R$21) -> 4 | T7: =AVERAGE(R7:R21) -> 434.80785 | U7: 6 | V7: 2961.3146 | W7: =IFERROR(V7/U7,"") -> 493.55243 | X7: =RANK(W7, W$7:W$21) -> 4 | Y7: =AVERAGE(W7:W21) -> 436.09387 | Z7: 6 | AA7: 2961.3146 | AB7: =IFERROR(AA7/Z7,"") -> 493.55243 | AC7: =RANK(AB7, AB$7:AB$21) -> 4 | AD7: =AVERAGE(AB7:AB21) -> 437.55952 | AE7: 6 | AF7: 2960.3327 | AG7: =IFERROR(AF7/AE7,"") -> 493.38878 | AH7: =RANK(AG7, AG$7:AG$21) -> 4 | AI7: =AVERAGE(AG7:AG21) -> 438.77081 | AJ7: 6 | AK7: 2960.0054 | AL7: =IFERROR(AK7/AJ7,"") -> 493.33423 | AM7: =RANK(AL7, AL$7:AL$21) -> 4 | AN7: =AVERAGE(AL7:AL21) -> 440.07797 | AO7: 6 | AP7: 2962.6238 | AQ7: =IFERROR(AP7/AO7,"") -> 493.77063 | AR7: =RANK(AQ7, AQ$7:AQ$21) -> 4 | AS7: =AVERAGE(AQ7:AQ21) -> 440.16986 | AT7: 6 | AU7: 2961.9692 | AV7: =IFERROR(AU7/AT7,"") -> 493.66153 | AW7: =RANK(AV7, AV$7:AV$21) -> 4 | AX7: =AVERAGE(AV7:AV21) -> 440.21751
C8: 2 | D8: 鮪魚昆布細卷 | E8: 6 | F8: 3600 | G8: =IFERROR(F8/E8,"") -> 600 | I8: =AVERAGE(P8,U8,Z8,AE8,AJ8,AO8,AT8) -> 6 | J8: =AVERAGE(Q8,V8,AA8,AF8,AK8,AP8,AU8) -> 3249.72 | K8: =AVERAGE(R8,W8,AB8,AG8,AL8,AQ8,AV8) -> 541.62 | M8: =RANK(K8, K$7:$K$21) -> 3 | P8: 6 | Q8: 3248.28 | R8: =IFERROR(Q8/P8,"") -> 541.38 | S8: =RANK(R8, R$7:R$21) -> 3 | U8: 6 | V8: 3249 | W8: =IFERROR(V8/U8,"") -> 541.5 | X8: =RANK(W8, W$7:W$21) -> 3 | Z8: 6 | AA8: 3250.8 | AB8: =IFERROR(AA8/Z8,"") -> 541.8 | AC8: =RANK(AB8, AB$7:AB$21) -> 3 | AE8: 6 | AF8: 3249.36 | AG8: =IFERROR(AF8/AE8,"") -> 541.56 | AH8: =RANK(AG8, AG$7:AG$21) -> 3 | AJ8: 6 | AK8: 3248.64 | AL8: =IFERROR(AK8/AJ8,"") -> 541.44 | AM8: =RANK(AL8, AL$7:AL$21) -> 3 | AO8: 6 | AP8: 3250.08 | AQ8: =IFERROR(AP8/AO8,"") -> 541.68 | AR8: =RANK(AQ8, AQ$7:AQ$21) -> 2 | AT8: 6 | AU8: 3251.88 | AV8: =IFERROR(AU8/AT8,"") -> 541.98 | AW8: =RANK(AV8, AV$7:AV$21) -> 2
C9: 3 | D9: 肉鬆火腿細卷 | E9: 6 | F9: 3600 | G9: =IFERROR(F9/E9,"") -> 600 | I9: =AVERAGE(P9,U9,Z9,AE9,AJ9,AO9,AT9) -> 6 | J9: =AVERAGE(Q9,V9,AA9,AF9,AK9,AP9,AU9) -> 3249.9253 | K9: =AVERAGE(R9,W9,AB9,AG9,AL9,AQ9,AV9) -> 541.65422 | M9: =RANK(K9, K$7:$K$21) -> 2 | P9: 6 | Q9: 3248.3529 | R9: =IFERROR(Q9/P9,"") -> 541.39216 | S9: =RANK(R9, R$7:R$21) -> 2 | U9: 6 | V9: 3252.0474 | W9: =IFERROR(V9/U9,"") -> 542.0079 | X9: =RANK(W9, W$7:W$21) -> 2 | Z9: 6 | AA9: 3250.9674 | AB9: =IFERROR(AA9/Z9,"") -> 541.8279 | AC9: =RANK(AB9, AB$7:AB$21) -> 2 | AE9: 6 | AF9: 3249.5274 | AG9: =IFERROR(AF9/AE9,"") -> 541.5879 | AH9: =RANK(AG9, AG$7:AG$21) -> 2 | AJ9: 6 | AK9: 3249.8874 | AL9: =IFERROR(AK9/AJ9,"") -> 541.6479 | AM9: =RANK(AL9, AL$7:AL$21) -> 2 | AO9: 6 | AP9: 3248.8074 | AQ9: =IFERROR(AP9/AO9,"") -> 541.4679 | AR9: =RANK(AQ9, AQ$7:AQ$21) -> 3 | AT9: 6 | AU9: 3249.8874 | AV9: =IFERROR(AU9/AT9,"") -> 541.6479 | AW9: =RANK(AV9, AV$7:AV$21) -> 3
C10: 4 | D10: 海陸雙拼壽司 | E10: 20 | F10: 2100 | G10: =IFERROR(F10/E10,"") -> 105 | I10: =AVERAGE(P10,U10,Z10,AE10,AJ10,AO10,AT10) -> 20 | J10: =AVERAGE(Q10,V10,AA10,AF10,AK10,AP10,AU10) -> 1893.0983 | K10: =AVERAGE(R10,W10,AB10,AG10,AL10,AQ10,AV10) -> 94.654917 | M10: =RANK(K10, K$7:$K$21) -> 6 | P10: 20 | Q10: 1893.0683 | R10: =IFERROR(Q10/P10,"") -> 94.653417 | S10: =RANK(R10, R$7:R$21) -> 6 | U10: 20 | V10: 1892.8583 | W10: =IFERROR(V10/U10,"") -> 94.642917 | X10: =RANK(W10, W$7:W$21) -> 6 | Z10: 20 | AA10: 1893.0683 | AB10: =IFERROR(AA10/Z10,"") -> 94.653417 | AC10: =RANK(AB10, AB$7:AB$21) -> 6 | AE10: 20 | AF10: 1893.2783 | AG10: =IFERROR(AF10/AE10,"") -> 94.663917 | AH10: =RANK(AG10, AG$7:AG$21) -> 6 | AJ10: 20 | AK10: 1893.4883 | AL10: =IFERROR(AK10/AJ10,"") -> 94.674417 | AM10: =RANK(AL10, AL$7:AL$21) -> 6 | AO10: 20 | AP10: 1893.2783 | AQ10: =IFERROR(AP10/AO10,"") -> 94.663917 | AR10: =RANK(AQ10, AQ$7:AQ$21) -> 6 | AT10: 20 | AU10: 1892.6483 | AV10: =IFERROR(AU10/AT10,"") -> 94.632417 | AW10: =RANK(AV10, AV$7:AV$21) -> 6
C11: 5 | D11: 厚香料優格咖哩烤雞飯卷 | E11: 5 | F11: 3273 | G11: =IFERROR(F11/E11,"") -> 654.6 | I11: =AVERAGE(P11,U11,Z11,AE11,AJ11,AO11,AT11) -> 5 | J11: =AVERAGE(Q11,V11,AA11,AF11,AK11,AP11,AU11) -> 2965.9397 | K11: =AVERAGE(R11,W11,AB11,AG11,AL11,AQ11,AV11) -> 593.18793 | M11: =RANK(K11, K$7:$K$21) -> 1 | P11: 5 | Q11: 2967.2956 | R11: =IFERROR(Q11/P11,"") -> 593.45912 | S11: =RANK(R11, R$7:R$21) -> 1 | U11: 5 | V11: 2966.9683 | W11: =IFERROR(V11/U11,"") -> 593.39366 | X11: =RANK(W11, W$7:W$21) -> 1 | Z11: 5 | AA11: 2965.9864 | AB11: =IFERROR(AA11/Z11,"") -> 593.19728 | AC11: =RANK(AB11, AB$7:AB$21) -> 1 | AE11: 5 | AF11: 2965.9864 | AG11: =IFERROR(AF11/AE11,"") -> 593.19728 | AH11: =RANK(AG11, AG$7:AG$21) -> 1 | AJ11: 5 | AK11: 2965.3318 | AL11: =IFERROR(AK11/AJ11,"") -> 593.06636 | AM11: =RANK(AL11, AL$7:AL$21) -> 1 | AO11: 5 | AP11: 2965.6591 | AQ11: =IFERROR(AP11/AO11,"") -> 593.13182 | AR11: =RANK(AQ11, AQ$7:AQ$21) -> 1 | AT11: 5 | AU11: 2964.3499 | AV11: =IFERROR(AU11/AT11,"") -> 592.86998 | AW11: =RANK(AV11, AV$7:AV$21) -> 1
C12: 6 | D12: 醬油生鮭脆卷 | E12: 6 | F12: 2500 | G12: =IFERROR(F12/E12,"") -> 416.66667 | I12: =AVERAGE(P12,U12,Z12,AE12,AJ12,AO12,AT12) -> 6 | J12: =AVERAGE(Q12,V12,AA12,AF12,AK12,AP12,AU12) -> 2188.7124 | K12: =AVERAGE(R12,W12,AB12,AG12,AL12,AQ12,AV12) -> 364.7854 | M12: =RANK(K12, K$7:$K$21) -> 5 | P12: 6 | Q12: 2066.1326 | R12: =IFERROR(Q12/P12,"") -> 344.35543 | S12: =RANK(R12, R$7:R$21) -> 5 | U12: 6 | V12: 2108.7978 | W12: =IFERROR(V12/U12,"") -> 351.4663 | X12: =RANK(W12, W$7:W$21) -> 5 | Z12: 6 | AA12: 2161.9566 | AB12: =IFERROR(AA12/Z12,"") -> 360.3261 | AC12: =RANK(AB12, AB$7:AB$21) -> 5 | AE12: 6 | AF12: 2209.362 | AG12: =IFERROR(AF12/AE12,"") -> 368.227 | AH12: =RANK(AG12, AG$7:AG$21) -> 5 | AJ12: 6 | AK12: 2257.8293 | AL12: =IFERROR(AK12/AJ12,"") -> 376.30489 | AM12: =RANK(AL12, AL$7:AL$21) -> 5 | AO12: 6 | AP12: 2257.8293 | AQ12: =IFERROR(AP12/AO12,"") -> 376.30489 | AR12: =RANK(AQ12, AQ$7:AQ$21) -> 5 | AT12: 6 | AU12: 2259.0793 | AV12: =IFERROR(AU12/AT12,"") -> 376.51322 | AW12: =RANK(AV12, AV$7:AV$21) -> 5
C13: 7
C14: 8
C15: 9
C16: 10
C17: 11
C18: 12
C19: 13
C20: 14
C21: 15
B22: 產線配置圖－每週更新(0804-0810) | N22: 資料繳交 | O22: 日期 | P22: 46238 | U22: 46239 | Z22: 46240 | AE22: 46241 | AJ22: 46242 | AO22: 46243 | AT22: 46244
P23: 46196 | U23: 46197 | Z23: 46198 | AE23: 46199 | AJ23: 46200 | AO23: 46201 | AT23: 46202
B24: 品群 | C24: 商品名稱 | E24: 計畫 | H24: 平均人時性 | I24: 實績 (週平均) | L24: 平均人時性 | M24: 排名 | O24: 日報 | P24: 實際 | T24: 平均人時性 | U24: 實際 | Y24: 平均人時性 | Z24: 實際 | AD24: 平均人時性 | AE24: 實際 | AI24: 平均人時性 | AJ24: 實際 | AN24: 平均人時性 | AO24: 實際 | AS24: 平均人時性 | AT24: 實際 | AX24: 平均人時性
E25: 產線配置圖 | I25: 產線配置圖 | P25: 生產實績 | U25: 生產實績 | Z25: 生產實績 | AE25: 生產實績 | AJ25: 生產實績 | AO25: 生產實績 | AT25: 生產實績
E26: 人數 | F26: 產能／時 | G26: 人時性 | I26: 人數 | J26: 產能／時 | K26: 人時性 | P26: 人數 | Q26: 產能／時 | R26: 人時性 | S26: 排名 | U26: 人數 | V26: 產能／時 | W26: 人時性 | X26: 排名 | Z26: 人數 | AA26: 產能／時 | AB26: 人時性 | AC26: 排名 | AE26: 人數 | AF26: 產能／時 | AG26: 人時性 | AH26: 排名 | AJ26: 人數 | AK26: 產能／時 | AL26: 人時性 | AM26: 排名 | AO26: 人數 | AP26: 產能／時 | AQ26: 人時性 | AR26: 排名 | AT26: 人數 | AU26: 產能／時 | AV26: 人時性 | AW26: 排名
B27: 4℃-壽司手卷 | C27: 1 | D27: 韓式辣炒豬肉飯卷 | E27: 5 | F27: 3273 | G27: =IFERROR(F27/E27,"") -> 654.6 | H27: =AVERAGE(G27:G41) -> 505.14444 | I27: =AVERAGE(P27,U27,Z27,AE27,AJ27,AO27,AT27) -> 6 | J27: =AVERAGE(Q27,V27,AA27,AF27,AK27,AP27,AU27) -> 2962.2497 | K27: =AVERAGE(R27,W27,AB27,AG27,AL27,AQ27,AV27) -> 493.70829 | L27: =IFERROR(AVERAGE(K27:K41),"-") -> 440.0431 | M27: =RANK(K27, K$27:$K$41) -> 4 | P27: 6 | Q27: 2963.2784 | R27: =IFERROR(Q27/P27,"") -> 493.87973 | S27: =RANK(R27, R$27:R$41) -> 4 | T27: =AVERAGE(R27:R41) -> 440.24524 | U27: 6 | V27: 2961.6419 | W27: =IFERROR(V27/U27,"") -> 493.60698 | X27: =RANK(W27, W$27:W$41) -> 4 | Y27: =AVERAGE(W27:W41) -> 440.07661 | Z27: 6 | AA27: 2963.2784 | AB27: =IFERROR(AA27/Z27,"") -> 493.87973 | AC27: =RANK(AB27, AB$27:AB$41) -> 4 | AD27: =AVERAGE(AB27:AB41) -> 440.08052 | AE27: 6 | AF27: 2962.9511 | AG27: =IFERROR(AF27/AE27,"") -> 493.82518 | AH27: =RANK(AG27, AG$27:AG$41) -> 4 | AI27: =AVERAGE(AG27:AG41) -> 439.99917 | AJ27: 6 | AK27: 2962.6238 | AL27: =IFERROR(AK27/AJ27,"") -> 493.77063 | AM27: =RANK(AL27, AL$27:AL$41) -> 4 | AN27: =AVERAGE(AL27:AL41) -> 439.94388 | AO27: 6 | AP27: 2960.66 | AQ27: =IFERROR(AP27/AO27,"") -> 493.44333 | AR27: =RANK(AQ27, AQ$27:AQ$41) -> 4 | AS27: =AVERAGE(AQ27:AQ41) -> 439.84669 | AT27: 6 | AU27: 2961.3146 | AV27: =IFERROR(AU27/AT27,"") -> 493.55243 | AW27: =RANK(AV27, AV$27:AV$41) -> 4 | AX27: =AVERAGE(AV27:AV41) -> 440.10957
C28: 2 | D28: 鮪魚昆布細卷 | E28: 6 | F28: 3600 | G28: =IFERROR(F28/E28,"") -> 600 | I28: =AVERAGE(P28,U28,Z28,AE28,AJ28,AO28,AT28) -> 6 | J28: =AVERAGE(Q28,V28,AA28,AF28,AK28,AP28,AU28) -> 3249.9228 | K28: =AVERAGE(R28,W28,AB28,AG28,AL28,AQ28,AV28) -> 541.65379 | M28: =RANK(K28, K$27:$K$41) -> 3 | P28: 6 | Q28: 3251.88 | R28: =IFERROR(Q28/P28,"") -> 541.98 | S28: =RANK(R28, R$27:R$41) -> 2 | U28: 6 | V28: 3250.8 | W28: =IFERROR(V28/U28,"") -> 541.8 | X28: =RANK(W28, W$27:W$41) -> 2 | Z28: 6 | AA28: 3250.44 | AB28: =IFERROR(AA28/Z28,"") -> 541.74 | AC28: =RANK(AB28, AB$27:AB$41) -> 2 | AE28: 6 | AF28: 3249 | AG28: =IFERROR(AF28/AE28,"") -> 541.5 | AH28: =RANK(AG28, AG$27:AG$41) -> 3 | AJ28: 6 | AK28: 3250.3131 | AL28: =IFERROR(AK28/AJ28,"") -> 541.71885 | AM28: =RANK(AL28, AL$27:AL$41) -> 2 | AO28: 6 | AP28: 3249.2331 | AQ28: =IFERROR(AP28/AO28,"") -> 541.53885 | AR28: =RANK(AQ28, AQ$27:AQ$41) -> 3 | AT28: 6 | AU28: 3247.7931 | AV28: =IFERROR(AU28/AT28,"") -> 541.29885 | AW28: =RANK(AV28, AV$27:AV$41) -> 3
C29: 3 | D29: 肉鬆火腿細卷 | E29: 6 | F29: 3600 | G29: =IFERROR(F29/E29,"") -> 600 | I29: =AVERAGE(P29,U29,Z29,AE29,AJ29,AO29,AT29) -> 6 | J29: =AVERAGE(Q29,V29,AA29,AF29,AK29,AP29,AU29) -> 3250.1502 | K29: =AVERAGE(R29,W29,AB29,AG29,AL29,AQ29,AV29) -> 541.6917 | M29: =RANK(K29, K$27:$K$41) -> 2 | P29: 6 | Q29: 3249.8874 | R29: =IFERROR(Q29/P29,"") -> 541.6479 | S29: =RANK(R29, R$27:R$41) -> 3 | U29: 6 | V29: 3249.1674 | W29: =IFERROR(V29/U29,"") -> 541.5279 | X29: =RANK(W29, W$27:W$41) -> 3 | Z29: 6 | AA29: 3250.2474 | AB29: =IFERROR(AA29/Z29,"") -> 541.7079 | AC29: =RANK(AB29, AB$27:AB$41) -> 3 | AE29: 6 | AF29: 3251.3274 | AG29: =IFERROR(AF29/AE29,"") -> 541.8879 | AH29: =RANK(AG29, AG$27:AG$41) -> 2 | AJ29: 6 | AK29: 3249.5274 | AL29: =IFERROR(AK29/AJ29,"") -> 541.5879 | AM29: =RANK(AL29, AL$27:AL$41) -> 3 | AO29: 6 | AP29: 3250.2673 | AQ29: =IFERROR(AP29/AO29,"") -> 541.71121 | AR29: =RANK(AQ29, AQ$27:AQ$41) -> 2 | AT29: 6 | AU29: 3250.6273 | AV29: =IFERROR(AU29/AT29,"") -> 541.77121 | AW29: =RANK(AV29, AV$27:AV$41) -> 2
C30: 4 | D30: 海陸雙拼壽司 | E30: 20 | F30: 2100 | G30: =IFERROR(F30/E30,"") -> 105 | I30: =AVERAGE(P30,U30,Z30,AE30,AJ30,AO30,AT30) -> 20 | J30: =AVERAGE(Q30,V30,AA30,AF30,AK30,AP30,AU30) -> 1892.7083 | K30: =AVERAGE(R30,W30,AB30,AG30,AL30,AQ30,AV30) -> 94.635417 | M30: =RANK(K30, K$27:$K$41) -> 6 | P30: 20 | Q30: 1893.2783 | R30: =IFERROR(Q30/P30,"") -> 94.663917 | S30: =RANK(R30, R$27:R$41) -> 6 | U30: 20 | V30: 1893.0683 | W30: =IFERROR(V30/U30,"") -> 94.653417 | X30: =RANK(W30, W$27:W$41) -> 6 | Z30: 20 | AA30: 1892.2283 | AB30: =IFERROR(AA30/Z30,"") -> 94.611417 | AC30: =RANK(AB30, AB$27:AB$41) -> 6 | AE30: 20 | AF30: 1892.0183 | AG30: =IFERROR(AF30/AE30,"") -> 94.600917 | AH30: =RANK(AG30, AG$27:AG$41) -> 6 | AJ30: 20 | AK30: 1892.8583 | AL30: =IFERROR(AK30/AJ30,"") -> 94.642917 | AM30: =RANK(AL30, AL$27:AL$41) -> 6 | AO30: 20 | AP30: 1893.2783 | AQ30: =IFERROR(AP30/AO30,"") -> 94.663917 | AR30: =RANK(AQ30, AQ$27:AQ$41) -> 6 | AT30: 20 | AU30: 1892.2283 | AV30: =IFERROR(AU30/AT30,"") -> 94.611417 | AW30: =RANK(AV30, AV$27:AV$41) -> 6
C31: 5 | D31: 厚香料優格咖哩烤雞飯卷 | E31: 5 | F31: 3273 | G31: =IFERROR(F31/E31,"") -> 654.6 | I31: =AVERAGE(P31,U31,Z31,AE31,AJ31,AO31,AT31) -> 5 | J31: =AVERAGE(Q31,V31,AA31,AF31,AK31,AP31,AU31) -> 2961.8581 | K31: =AVERAGE(R31,W31,AB31,AG31,AL31,AQ31,AV31) -> 592.37163 | M31: =RANK(K31, K$27:$K$41) -> 1 | P31: 5 | Q31: 2964.3499 | R31: =IFERROR(Q31/P31,"") -> 592.86998 | S31: =RANK(R31, R$27:R$41) -> 1 | U31: 5 | V31: 2963.0407 | W31: =IFERROR(V31/U31,"") -> 592.60814 | X31: =RANK(W31, W$27:W$41) -> 1 | Z31: 5 | AA31: 2961.4042 | AB31: =IFERROR(AA31/Z31,"") -> 592.28084 | AC31: =RANK(AB31, AB$27:AB$41) -> 1 | AE31: 5 | AF31: 2960.4223 | AG31: =IFERROR(AF31/AE31,"") -> 592.08446 | AH31: =RANK(AG31, AG$27:AG$41) -> 1 | AJ31: 5 | AK31: 2959.4404 | AL31: =IFERROR(AK31/AJ31,"") -> 591.88808 | AM31: =RANK(AL31, AL$27:AL$41) -> 1 | AO31: 5 | AP31: 2958.1312 | AQ31: =IFERROR(AP31/AO31,"") -> 591.62624 | AR31: =RANK(AQ31, AQ$27:AQ$41) -> 1 | AT31: 5 | AU31: 2966.2181 | AV31: =IFERROR(AU31/AT31,"") -> 593.24362 | AW31: =RANK(AV31, AV$27:AV$41) -> 1
C32: 6 | D32: 醬油生鮭脆卷 | E32: 6 | F32: 2500 | G32: =IFERROR(F32/E32,"") -> 416.66667 | I32: =AVERAGE(P32,U32,Z32,AE32,AJ32,AO32,AT32) -> 6 | J32: =AVERAGE(Q32,V32,AA32,AF32,AK32,AP32,AU32) -> 2257.1865 | K32: =AVERAGE(R32,W32,AB32,AG32,AL32,AQ32,AV32) -> 376.19775 | M32: =RANK(K32, K$27:$K$41) -> 5 | P32: 6 | Q32: 2258.5793 | R32: =IFERROR(Q32/P32,"") -> 376.42989 | S32: =RANK(R32, R$27:R$41) -> 5 | U32: 6 | V32: 2257.5793 | W32: =IFERROR(V32/U32,"") -> 376.26322 | X32: =RANK(W32, W$27:W$41) -> 5 | Z32: 6 | AA32: 2257.5793 | AB32: =IFERROR(AA32/Z32,"") -> 376.26322 | AC32: =RANK(AB32, AB$27:AB$41) -> 5 | AE32: 6 | AF32: 2256.5793 | AG32: =IFERROR(AF32/AE32,"") -> 376.09656 | AH32: =RANK(AG32, AG$27:AG$41) -> 5 | AJ32: 6 | AK32: 2256.3293 | AL32: =IFERROR(AK32/AJ32,"") -> 376.05489 | AM32: =RANK(AL32, AL$27:AL$41) -> 5 | AO32: 6 | AP32: 2256.5793 | AQ32: =IFERROR(AP32/AO32,"") -> 376.09656 | AR32: =RANK(AQ32, AQ$27:AQ$41) -> 5 | AT32: 6 | AU32: 2257.0793 | AV32: =IFERROR(AU32/AT32,"") -> 376.17989 | AW32: =RANK(AV32, AV$27:AV$41) -> 5
C33: 7
C34: 8
C35: 9
C36: 10
C37: 11
C38: 12
C39: 13
C40: 14
C41: 15
B42: 產線配置圖－每週更新(0811-0817) | N42: 資料繳交 | O42: 日期 | P42: 46245 | U42: 46246 | Z42: 46247 | AE42: 46248 | AJ42: 46249 | AO42: 46250 | AT42: 46251
P43: 46196 | U43: 46197 | Z43: 46198 | AE43: 46199 | AJ43: 46200 | AO43: 46201 | AT43: 46202
B44: 品群 | C44: 商品名稱 | E44: 計畫 | H44: 平均人時性 | I44: 實績 (週平均) | L44: 平均人時性 | M44: 排名 | O44: 日報 | P44: 實際 | T44: 平均人時性 | U44: 實際 | Y44: 平均人時性 | Z44: 實際 | AD44: 平均人時性 | AE44: 實際 | AI44: 平均人時性 | AJ44: 實際 | AN44: 平均人時性 | AO44: 實際 | AS44: 平均人時性 | AT44: 實際 | AX44: 平均人時性
E45: 產線配置圖 | I45: 產線配置圖 | P45: 生產實績 | U45: 生產實績 | Z45: 生產實績 | AE45: 生產實績 | AJ45: 生產實績 | AO45: 生產實績 | AT45: 生產實績
E46: 人數 | F46: 產能／時 | G46: 人時性 | I46: 人數 | J46: 產能／時 | K46: 人時性 | P46: 人數 | Q46: 產能／時 | R46: 人時性 | S46: 排名 | U46: 人數 | V46: 產能／時 | W46: 人時性 | X46: 排名 | Z46: 人數 | AA46: 產能／時 | AB46: 人時性 | AC46: 排名 | AE46: 人數 | AF46: 產能／時 | AG46: 人時性 | AH46: 排名 | AJ46: 人數 | AK46: 產能／時 | AL46: 人時性 | AM46: 排名 | AO46: 人數 | AP46: 產能／時 | AQ46: 人時性 | AR46: 排名 | AT46: 人數 | AU46: 產能／時 | AV46: 人時性 | AW46: 排名
B47: 4℃-壽司手卷 | C47: 1 | D47: 韓式辣炒豬肉飯卷 | E47: 5 | F47: 3273 | G47: =IFERROR(F47/E47,"") -> 654.6 | H47: =AVERAGE(G47:G61) -> 505.14444 | I47: =AVERAGE(P47,U47,Z47,AE47,AJ47,AO47,AT47) -> 6 | J47: =AVERAGE(Q47,V47,AA47,AF47,AK47,AP47,AU47) -> 2962.2965 | K47: =AVERAGE(R47,W47,AB47,AG47,AL47,AQ47,AV47) -> 493.71608 | L47: =IFERROR(AVERAGE(K47:K61),"-") -> 440.32808 | M47: =RANK(K47, K$47:$K$61) -> 4 | P47: 6 | Q47: 2962.6238 | R47: =IFERROR(Q47/P47,"") -> 493.77063 | S47: =RANK(R47, R$47:R$61) -> 4 | T47: =AVERAGE(R47:R61) -> 440.26631 | U47: 6 | V47: 2962.9511 | W47: =IFERROR(V47/U47,"") -> 493.82518 | X47: =RANK(W47, W$47:W$61) -> 4 | Y47: =AVERAGE(W47:W61) -> 440.31637 | Z47: 6 | AA47: 2960.3327 | AB47: =IFERROR(AA47/Z47,"") -> 493.38878 | AC47: =RANK(AB47, AB$47:AB$61) -> 4 | AD47: =AVERAGE(AB47:AB61) -> 440.23552 | AE47: 6 | AF47: 2963.2784 | AG47: =IFERROR(AF47/AE47,"") -> 493.87973 | AH47: =RANK(AG47, AG$47:AG$61) -> 4 | AI47: =AVERAGE(AG47:AG61) -> 440.37213 | AN47: =AVERAGE(AL47:AL61) -> 429.68596 | AS47: =AVERAGE(AQ47:AQ61) -> 429.73154 | AX47: =AVERAGE(AV47:AV61) -> 429.68029
C48: 2 | D48: 鮪魚昆布細卷 | E48: 6 | F48: 3600 | G48: =IFERROR(F48/E48,"") -> 600 | I48: =AVERAGE(P48,U48,Z48,AE48,AJ48,AO48,AT48) -> 6 | J48: =AVERAGE(Q48,V48,AA48,AF48,AK48,AP48,AU48) -> 3251.0421 | K48: =AVERAGE(R48,W48,AB48,AG48,AL48,AQ48,AV48) -> 541.84035 | M48: =RANK(K48, K$47:$K$61) -> 2 | P48: 6 | Q48: 3249.9107 | R48: =IFERROR(Q48/P48,"") -> 541.65178 | S48: =RANK(R48, R$47:R$61) -> 3 | U48: 6 | V48: 3249.5507 | W48: =IFERROR(V48/U48,"") -> 541.59178 | X48: =RANK(W48, W$47:W$61) -> 3 | Z48: 6 | AA48: 3250.9907 | AB48: =IFERROR(AA48/Z48,"") -> 541.83178 | AC48: =RANK(AB48, AB$47:AB$61) -> 2 | AE48: 6 | AF48: 3251.3507 | AG48: =IFERROR(AF48/AE48,"") -> 541.89178 | AH48: =RANK(AG48, AG$47:AG$61) -> 2 | AJ48: 6 | AK48: 3251.3507 | AL48: =IFERROR(AK48/AJ48,"") -> 541.89178 | AM48: =RANK(AL48, AL$47:AL$61) -> 2 | AO48: 6 | AP48: 3252.4307 | AQ48: =IFERROR(AP48/AO48,"") -> 542.07178 | AR48: =RANK(AQ48, AQ$47:AQ$61) -> 2 | AT48: 6 | AU48: 3251.7107 | AV48: =IFERROR(AU48/AT48,"") -> 541.95178 | AW48: =RANK(AV48, AV$47:AV$61) -> 2
C49: 3 | D49: 肉鬆火腿細卷 | E49: 6 | F49: 3600 | G49: =IFERROR(F49/E49,"") -> 600 | I49: =AVERAGE(P49,U49,Z49,AE49,AJ49,AO49,AT49) -> 6 | J49: =AVERAGE(Q49,V49,AA49,AF49,AK49,AP49,AU49) -> 3250.0513 | K49: =AVERAGE(R49,W49,AB49,AG49,AL49,AQ49,AV49) -> 541.67522 | M49: =RANK(K49, K$47:$K$61) -> 3 | P49: 6 | Q49: 3250.6273 | R49: =IFERROR(Q49/P49,"") -> 541.77121 | S49: =RANK(R49, R$47:R$61) -> 2 | U49: 6 | V49: 3250.2673 | W49: =IFERROR(V49/U49,"") -> 541.71121 | X49: =RANK(W49, W$47:W$61) -> 2 | Z49: 6 | AA49: 3248.8273 | AB49: =IFERROR(AA49/Z49,"") -> 541.47121 | AC49: =RANK(AB49, AB$47:AB$61) -> 3 | AE49: 6 | AF49: 3249.7094 | AG49: =IFERROR(AF49/AE49,"") -> 541.61823 | AH49: =RANK(AG49, AG$47:AG$61) -> 3 | AJ49: 6 | AK49: 3250.0694 | AL49: =IFERROR(AK49/AJ49,"") -> 541.67823 | AM49: =RANK(AL49, AL$47:AL$61) -> 3 | AO49: 6 | AP49: 3250.0694 | AQ49: =IFERROR(AP49/AO49,"") -> 541.67823 | AR49: =RANK(AQ49, AQ$47:AQ$61) -> 3 | AT49: 6 | AU49: 3250.7894 | AV49: =IFERROR(AU49/AT49,"") -> 541.79823 | AW49: =RANK(AV49, AV$47:AV$61) -> 3
C50: 4 | D50: 海陸雙拼壽司 | E50: 20 | F50: 2100 | G50: =IFERROR(F50/E50,"") -> 105 | I50: =AVERAGE(P50,U50,Z50,AE50,AJ50,AO50,AT50) -> 20 | J50: =AVERAGE(Q50,V50,AA50,AF50,AK50,AP50,AU50) -> 1894.3883 | K50: =AVERAGE(R50,W50,AB50,AG50,AL50,AQ50,AV50) -> 94.719417 | M50: =RANK(K50, K$47:$K$61) -> 6 | P50: 20 | Q50: 1893.0683 | R50: =IFERROR(Q50/P50,"") -> 94.653417 | S50: =RANK(R50, R$47:R$61) -> 6 | U50: 20 | V50: 1892.6483 | W50: =IFERROR(V50/U50,"") -> 94.632417 | X50: =RANK(W50, W$47:W$61) -> 6 | Z50: 20 | AA50: 1893.6983 | AB50: =IFERROR(AA50/Z50,"") -> 94.684917 | AC50: =RANK(AB50, AB$47:AB$61) -> 6 | AE50: 20 | AF50: 1894.3283 | AG50: =IFERROR(AF50/AE50,"") -> 94.716417 | AH50: =RANK(AG50, AG$47:AG$61) -> 6 | AJ50: 20 | AK50: 1895.3783 | AL50: =IFERROR(AK50/AJ50,"") -> 94.768917 | AM50: =RANK(AL50, AL$47:AL$61) -> 5 | AO50: 20 | AP50: 1896.2183 | AQ50: =IFERROR(AP50/AO50,"") -> 94.810917 | AR50: =RANK(AQ50, AQ$47:AQ$61) -> 5 | AT50: 20 | AU50: 1895.3783 | AV50: =IFERROR(AU50/AT50,"") -> 94.768917 | AW50: =RANK(AV50, AV$47:AV$61) -> 5
C51: 5 | D51: 厚香料優格咖哩烤雞飯卷 | E51: 5 | F51: 3273 | G51: =IFERROR(F51/E51,"") -> 654.6 | I51: =AVERAGE(P51,U51,Z51,AE51,AJ51,AO51,AT51) -> 5 | J51: =AVERAGE(Q51,V51,AA51,AF51,AK51,AP51,AU51) -> 2968.8365 | K51: =AVERAGE(R51,W51,AB51,AG51,AL51,AQ51,AV51) -> 593.7673 | M51: =RANK(K51, K$47:$K$61) -> 1 | P51: 5 | Q51: 2967.8546 | R51: =IFERROR(Q51/P51,"") -> 593.57092 | S51: =RANK(R51, R$47:R$61) -> 1 | U51: 5 | V51: 2969.1638 | W51: =IFERROR(V51/U51,"") -> 593.83276 | X51: =RANK(W51, W$47:W$61) -> 1 | Z51: 5 | AA51: 2969.4911 | AB51: =IFERROR(AA51/Z51,"") -> 593.89822 | AC51: =RANK(AB51, AB$47:AB$61) -> 1 | AE51: 5 | AF51: 2968.1819 | AG51: =IFERROR(AF51/AE51,"") -> 593.63638 | AH51: =RANK(AG51, AG$47:AG$61) -> 1 | AJ51: 5 | AK51: 2968.8365 | AL51: =IFERROR(AK51/AJ51,"") -> 593.7673 | AM51: =RANK(AL51, AL$47:AL$61) -> 1 | AO51: 5 | AP51: 2969.4911 | AQ51: =IFERROR(AP51/AO51,"") -> 593.89822 | AR51: =RANK(AQ51, AQ$47:AQ$61) -> 1 | AT51: 5 | AU51: 2968.8365 | AV51: =IFERROR(AU51/AT51,"") -> 593.7673 | AW51: =RANK(AV51, AV$47:AV$61) -> 1
C52: 6 | D52: 醬油生鮭脆卷 | E52: 6 | F52: 2500 | G52: =IFERROR(F52/E52,"") -> 416.66667 | I52: =AVERAGE(P52,U52,Z52,AE52,AJ52,AO52,AT52) -> 6 | J52: =AVERAGE(Q52,V52,AA52,AF52,AK52,AP52,AU52) -> 2257.5005 | K52: =AVERAGE(R52,W52,AB52,AG52,AL52,AQ52,AV52) -> 376.25009 | M52: =RANK(K52, K$47:$K$61) -> 5 | P52: 6 | Q52: 2257.0793 | R52: =IFERROR(Q52/P52,"") -> 376.17989 | S52: =RANK(R52, R$47:R$61) -> 5 | U52: 6 | V52: 2257.8293 | W52: =IFERROR(V52/U52,"") -> 376.30489 | X52: =RANK(W52, W$47:W$61) -> 5 | Z52: 6 | AA52: 2256.8293 | AB52: =IFERROR(AA52/Z52,"") -> 376.13822 | AC52: =RANK(AB52, AB$47:AB$61) -> 5 | AE52: 6 | AF52: 2258.9414 | AG52: =IFERROR(AF52/AE52,"") -> 376.49024 | AH52: =RANK(AG52, AG$47:AG$61) -> 5 | AJ52: 6 | AK52: 2257.9414 | AL52: =IFERROR(AK52/AJ52,"") -> 376.32357 | AM52: =RANK(AL52, AL$47:AL$61) -> 4 | AO52: 6 | AP52: 2257.1914 | AQ52: =IFERROR(AP52/AO52,"") -> 376.19857 | AR52: =RANK(AQ52, AQ$47:AQ$61) -> 4 | AT52: 6 | AU52: 2256.6914 | AV52: =IFERROR(AU52/AT52,"") -> 376.11524 | AW52: =RANK(AV52, AV$47:AV$61) -> 4
C53: 7
C54: 8
C55: 9
C56: 10
C57: 11
C58: 12
C59: 13
C60: 14
C61: 15

Sheet （５-5）品群別人時生產性(微波主食) 
B1: 8月平均人時性 | C1: =AVERAGE(L27,L47) -> 84.842849
B2: 產線配置圖－每週更新(0728-0803) | N2: 資料繳交 | O2: 日期 | P2: 46231 | U2: 46232 | Z2: 46233 | AE2: 46234 | AJ2: 46235 | AO2: 46236 | AT2: 46237
P3: 46196 | U3: 46197 | Z3: 46198 | AE3: 46199 | AJ3: 46200 | AO3: 46201 | AT3: 46202
B4: 品群 | C4: 商品名稱 | E4: 計畫 | H4: 平均人時性 | I4: 實績 (週平均) | L4: 平均人時性 | M4: 排名 | O4: 日報 | P4: 實際 | T4: 平均人時性 | U4: 實際 | Y4: 平均人時性 | Z4: 實際 | AD4: 平均人時性 | AE4: 實際 | AI4: 平均人時性 | AJ4: 實際 | AN4: 平均人時性 | AO4: 實際 | AS4: 平均人時性 | AT4: 實際 | AX4: 平均人時性
E5: 產線配置圖 | I5: 產線配置圖 | P5: 生產實績 | U5: 生產實績 | Z5: 生產實績 | AE5: 生產實績 | AJ5: 生產實績 | AO5: 生產實績 | AT5: 生產實績
E6: 人數 | F6: 產能／時 | G6: 人時性 | I6: 人數 | J6: 產能／時 | K6: 人時性 | P6: 人數 | Q6: 產能／時 | R6: 人時性 | S6: 排名 | U6: 人數 | V6: 產能／時 | W6: 人時性 | X6: 排名 | Z6: 人數 | AA6: 產能／時 | AB6: 人時性 | AC6: 排名 | AE6: 人數 | AF6: 產能／時 | AG6: 人時性 | AH6: 排名 | AJ6: 人數 | AK6: 產能／時 | AL6: 人時性 | AM6: 排名 | AO6: 人數 | AP6: 產能／時 | AQ6: 人時性 | AR6: 排名 | AT6: 人數 | AU6: 產能／時 | AV6: 人時性 | AW6: 排名
B7: 微波主食 | C7: 1 | D7: 糖燻野郎三十天熟成牛飯 | E7: 24 | F7: 2000 | G7: =IFERROR(F7/E7,"") -> 83.333333 | H7: =AVERAGE(G7:G21) -> 92.033299 | I7: =AVERAGE(P7,U7,Z7,AE7,AJ7,AO7,AT7) -> 24 | J7: =AVERAGE(Q7,V7,AA7,AF7,AK7,AP7,AU7) -> 1798.8931 | K7: =AVERAGE(R7,W7,AB7,AG7,AL7,AQ7,AV7) -> 74.953877 | L7: =IFERROR(AVERAGE(K7:K21),"-") -> 84.597094 | M7: =RANK(K7, K$7:$K$21) -> 8 | P7: 24 | Q7: 1796.7735 | R7: =IFERROR(Q7/P7,"") -> 74.865564 | S7: =RANK(R7, R$7:R$21) -> 8 | T7: =AVERAGE(R7:R21) -> 84.458295 | U7: 24 | V7: 1797.1735 | W7: =IFERROR(V7/U7,"") -> 74.88223 | X7: =RANK(W7, W$7:W$21) -> 8 | Y7: =AVERAGE(W7:W21) -> 84.463161 | Z7: 24 | AA7: 1797.3735 | AB7: =IFERROR(AA7/Z7,"") -> 74.890564 | AC7: =RANK(AB7, AB$7:AB$21) -> 8 | AD7: =AVERAGE(AB7:AB21) -> 84.553317 | AE7: 24 | AF7: 1799.6827 | AG7: =IFERROR(AF7/AE7,"") -> 74.98678 | AH7: =RANK(AG7, AG$7:AG$21) -> 8 | AI7: =AVERAGE(AG7:AG21) -> 84.614982 | AJ7: 24 | AK7: 1800.0827 | AL7: =IFERROR(AK7/AJ7,"") -> 75.003446 | AM7: =RANK(AL7, AL$7:AL$21) -> 8 | AN7: =AVERAGE(AL7:AL21) -> 84.656503 | AO7: 24 | AP7: 1800.4827 | AQ7: =IFERROR(AP7/AO7,"") -> 75.020113 | AR7: =RANK(AQ7, AQ$7:AQ$21) -> 8 | AS7: =AVERAGE(AQ7:AQ21) -> 84.703714 | AT7: 24 | AU7: 1800.6827 | AV7: =IFERROR(AU7/AT7,"") -> 75.028446 | AW7: =RANK(AV7, AV$7:AV$21) -> 8 | AX7: =AVERAGE(AV7:AV21) -> 84.729689
C8: 2 | D8: 日式鮭魚茶泡烤飯 | E8: 21 | F8: 1800 | G8: =IFERROR(F8/E8,"") -> 85.714286 | I8: =AVERAGE(P8,U8,Z8,AE8,AJ8,AO8,AT8) -> 21 | J8: =AVERAGE(Q8,V8,AA8,AF8,AK8,AP8,AU8) -> 1622.6333 | K8: =AVERAGE(R8,W8,AB8,AG8,AL8,AQ8,AV8) -> 77.26825 | M8: =RANK(K8, K$7:$K$21) -> 7 | P8: 21 | Q8: 1623.2761 | R8: =IFERROR(Q8/P8,"") -> 77.298862 | S8: =RANK(R8, R$7:R$21) -> 7 | U8: 21 | V8: 1622.5561 | W8: =IFERROR(V8/U8,"") -> 77.264577 | X8: =RANK(W8, W$7:W$21) -> 7 | Z8: 21 | AA8: 1623.2761 | AB8: =IFERROR(AA8/Z8,"") -> 77.298862 | AC8: =RANK(AB8, AB$7:AB$21) -> 7 | AE8: 21 | AF8: 1622.5561 | AG8: =IFERROR(AF8/AE8,"") -> 77.264577 | AH8: =RANK(AG8, AG$7:AG$21) -> 7 | AJ8: 21 | AK8: 1622.0161 | AL8: =IFERROR(AK8/AJ8,"") -> 77.238862 | AM8: =RANK(AL8, AL$7:AL$21) -> 7 | AO8: 21 | AP8: 1622.0161 | AQ8: =IFERROR(AP8/AO8,"") -> 77.238862 | AR8: =RANK(AQ8, AQ$7:AQ$21) -> 7 | AT8: 21 | AU8: 1622.7361 | AV8: =IFERROR(AU8/AT8,"") -> 77.273148 | AW8: =RANK(AV8, AV$7:AV$21) -> 7
C9: 3 | D9: 二配里肌豬排可可咖哩歐姆蛋飯 | E9: 23 | F9: 2000 | G9: =IFERROR(F9/E9,"") -> 86.956522 | I9: =AVERAGE(P9,U9,Z9,AE9,AJ9,AO9,AT9) -> 23 | J9: =AVERAGE(Q9,V9,AA9,AF9,AK9,AP9,AU9) -> 1799.4842 | K9: =AVERAGE(R9,W9,AB9,AG9,AL9,AQ9,AV9) -> 78.238443 | M9: =RANK(K9, K$7:$K$21) -> 5 | P9: 23 | Q9: 1797.4893 | R9: =IFERROR(Q9/P9,"") -> 78.151708 | S9: =RANK(R9, R$7:R$21) -> 5 | U9: 23 | V9: 1797.6893 | W9: =IFERROR(V9/U9,"") -> 78.160403 | X9: =RANK(W9, W$7:W$21) -> 5 | Z9: 23 | AA9: 1798.2893 | AB9: =IFERROR(AA9/Z9,"") -> 78.18649 | AC9: =RANK(AB9, AB$7:AB$21) -> 4 | AE9: 23 | AF9: 1800.4304 | AG9: =IFERROR(AF9/AE9,"") -> 78.279581 | AH9: =RANK(AG9, AG$7:AG$21) -> 4 | AJ9: 23 | AK9: 1800.6304 | AL9: =IFERROR(AK9/AJ9,"") -> 78.288276 | AM9: =RANK(AL9, AL$7:AL$21) -> 4 | AO9: 23 | AP9: 1800.8304 | AQ9: =IFERROR(AP9/AO9,"") -> 78.296972 | AR9: =RANK(AQ9, AQ$7:AQ$21) -> 5 | AT9: 23 | AU9: 1801.0304 | AV9: =IFERROR(AU9/AT9,"") -> 78.305668 | AW9: =RANK(AV9, AV$7:AV$21) -> 5
C10: 4 | D10: 二配黃金雞排蘑菇白醬歐姆蛋飯 | E10: 23 | F10: 2000 | G10: =IFERROR(F10/E10,"") -> 86.956522 | I10: =AVERAGE(P10,U10,Z10,AE10,AJ10,AO10,AT10) -> 23 | J10: =AVERAGE(Q10,V10,AA10,AF10,AK10,AP10,AU10) -> 1798.2786 | K10: =AVERAGE(R10,W10,AB10,AG10,AL10,AQ10,AV10) -> 78.186026 | M10: =RANK(K10, K$7:$K$21) -> 6 | P10: 23 | Q10: 1797.1204 | R10: =IFERROR(Q10/P10,"") -> 78.135669 | S10: =RANK(R10, R$7:R$21) -> 6 | U10: 23 | V10: 1797.7204 | W10: =IFERROR(V10/U10,"") -> 78.161756 | X10: =RANK(W10, W$7:W$21) -> 4 | Z10: 23 | AA10: 1797.9204 | AB10: =IFERROR(AA10/Z10,"") -> 78.170452 | AC10: =RANK(AB10, AB$7:AB$21) -> 5 | AE10: 23 | AF10: 1798.1204 | AG10: =IFERROR(AF10/AE10,"") -> 78.179147 | AH10: =RANK(AG10, AG$7:AG$21) -> 6 | AJ10: 23 | AK10: 1798.3204 | AL10: =IFERROR(AK10/AJ10,"") -> 78.187843 | AM10: =RANK(AL10, AL$7:AL$21) -> 6 | AO10: 23 | AP10: 1799.1741 | AQ10: =IFERROR(AP10/AO10,"") -> 78.224961 | AR10: =RANK(AQ10, AQ$7:AQ$21) -> 6 | AT10: 23 | AU10: 1799.5741 | AV10: =IFERROR(AU10/AT10,"") -> 78.242352 | AW10: =RANK(AV10, AV$7:AV$21) -> 6
C11: 5 | D11: 二配哞哞培根奶香海陸焗飯 | E11: 23 | F11: 2000 | G11: =IFERROR(F11/E11,"") -> 86.956522 | I11: =AVERAGE(P11,U11,Z11,AE11,AJ11,AO11,AT11) -> 23 | J11: =AVERAGE(Q11,V11,AA11,AF11,AK11,AP11,AU11) -> 1799.5064 | K11: =AVERAGE(R11,W11,AB11,AG11,AL11,AQ11,AV11) -> 78.239407 | M11: =RANK(K11, K$7:$K$21) -> 4 | P11: 23 | Q11: 1797.6133 | R11: =IFERROR(Q11/P11,"") -> 78.157098 | S11: =RANK(R11, R$7:R$21) -> 4 | U11: 23 | V11: 1797.6133 | W11: =IFERROR(V11/U11,"") -> 78.157098 | X11: =RANK(W11, W$7:W$21) -> 6 | Z11: 23 | AA11: 1797.8133 | AB11: =IFERROR(AA11/Z11,"") -> 78.165794 | AC11: =RANK(AB11, AB$7:AB$21) -> 6 | AE11: 23 | AF11: 1800.4262 | AG11: =IFERROR(AF11/AE11,"") -> 78.2794 | AH11: =RANK(AG11, AG$7:AG$21) -> 5 | AJ11: 23 | AK11: 1800.6262 | AL11: =IFERROR(AK11/AJ11,"") -> 78.288096 | AM11: =RANK(AL11, AL$7:AL$21) -> 5 | AO11: 23 | AP11: 1801.0262 | AQ11: =IFERROR(AP11/AO11,"") -> 78.305487 | AR11: =RANK(AQ11, AQ$7:AQ$21) -> 4 | AT11: 23 | AU11: 1801.4262 | AV11: =IFERROR(AU11/AT11,"") -> 78.322879 | AW11: =RANK(AV11, AV$7:AV$21) -> 4
C12: 6 | D12: 二配濃起司燻腸紅醬焗烤飯 | E12: 20 | F12: 2000 | G12: =IFERROR(F12/E12,"") -> 100 | I12: =AVERAGE(P12,U12,Z12,AE12,AJ12,AO12,AT12) -> 19 | J12: =AVERAGE(Q12,V12,AA12,AF12,AK12,AP12,AU12) -> 1795.4512 | K12: =AVERAGE(R12,W12,AB12,AG12,AL12,AQ12,AV12) -> 94.497431 | M12: =RANK(K12, K$7:$K$21) -> 2 | P12: 19 | Q12: 1790.4 | R12: =IFERROR(Q12/P12,"") -> 94.231579 | S12: =RANK(R12, R$7:R$21) -> 2 | U12: 19 | V12: 1790.4 | W12: =IFERROR(V12/U12,"") -> 94.231579 | X12: =RANK(W12, W$7:W$21) -> 2 | Z12: 19 | AA12: 1793.1423 | AB12: =IFERROR(AA12/Z12,"") -> 94.375912 | AC12: =RANK(AB12, AB$7:AB$21) -> 2 | AE12: 19 | AF12: 1796.2 | AG12: =IFERROR(AF12/AE12,"") -> 94.536842 | AH12: =RANK(AG12, AG$7:AG$21) -> 2 | AJ12: 19 | AK12: 1798.4847 | AL12: =IFERROR(AK12/AJ12,"") -> 94.657088 | AM12: =RANK(AL12, AL$7:AL$21) -> 2 | AO12: 19 | AP12: 1799.3314 | AQ12: =IFERROR(AP12/AO12,"") -> 94.701651 | AR12: =RANK(AQ12, AQ$7:AQ$21) -> 2 | AT12: 19 | AU12: 1800.2 | AV12: =IFERROR(AU12/AT12,"") -> 94.747368 | AW12: =RANK(AV12, AV$7:AV$21) -> 2
C13: 7 | D13: 二配香烤魚排青醬燉飯 | E13: 18 | F13: 2000 | G13: =IFERROR(F13/E13,"") -> 111.11111 | I13: =AVERAGE(P13,U13,Z13,AE13,AJ13,AO13,AT13) -> 17 | J13: =AVERAGE(Q13,V13,AA13,AF13,AK13,AP13,AU13) -> 1795.6351 | K13: =AVERAGE(R13,W13,AB13,AG13,AL13,AQ13,AV13) -> 105.6256 | M13: =RANK(K13, K$7:$K$21) -> 1 | P13: 17 | Q13: 1790.2 | R13: =IFERROR(Q13/P13,"") -> 105.30588 | S13: =RANK(R13, R$7:R$21) -> 1 | U13: 17 | V13: 1790.4 | W13: =IFERROR(V13/U13,"") -> 105.31765 | X13: =RANK(W13, W$7:W$21) -> 1 | Z13: 17 | AA13: 1795.2266 | AB13: =IFERROR(AA13/Z13,"") -> 105.60156 | AC13: =RANK(AB13, AB$7:AB$21) -> 1 | AE13: 17 | AF13: 1795.6 | AG13: =IFERROR(AF13/AE13,"") -> 105.62353 | AH13: =RANK(AG13, AG$7:AG$21) -> 1 | AJ13: 17 | AK13: 1797.5415 | AL13: =IFERROR(AK13/AJ13,"") -> 105.73774 | AM13: =RANK(AL13, AL$7:AL$21) -> 1 | AO13: 17 | AP13: 1799.8777 | AQ13: =IFERROR(AP13/AO13,"") -> 105.87516 | AR13: =RANK(AQ13, AQ$7:AQ$21) -> 1 | AT13: 17 | AU13: 1800.6 | AV13: =IFERROR(AU13/AT13,"") -> 105.91765 | AW13: =RANK(AV13, AV$7:AV$21) -> 1
C14: 8 | D14: 二配西班牙風味海鮮燉飯 | E14: 21 | F14: 2000 | G14: =IFERROR(F14/E14,"") -> 95.238095 | I14: =AVERAGE(P14,U14,Z14,AE14,AJ14,AO14,AT14) -> 20 | J14: =AVERAGE(Q14,V14,AA14,AF14,AK14,AP14,AU14) -> 1795.3545 | K14: =AVERAGE(R14,W14,AB14,AG14,AL14,AQ14,AV14) -> 89.767726 | M14: =RANK(K14, K$7:$K$21) -> 3 | P14: 20 | Q14: 1790.4 | R14: =IFERROR(Q14/P14,"") -> 89.52 | S14: =RANK(R14, R$7:R$21) -> 3 | U14: 20 | V14: 1790.6 | W14: =IFERROR(V14/U14,"") -> 89.53 | X14: =RANK(W14, W$7:W$21) -> 3 | Z14: 20 | AA14: 1794.7381 | AB14: =IFERROR(AA14/Z14,"") -> 89.736903 | AC14: =RANK(AB14, AB$7:AB$21) -> 3 | AE14: 20 | AF14: 1795.4 | AG14: =IFERROR(AF14/AE14,"") -> 89.77 | AH14: =RANK(AG14, AG$7:AG$21) -> 3 | AJ14: 20 | AK14: 1797.0135 | AL14: =IFERROR(AK14/AJ14,"") -> 89.850675 | AM14: =RANK(AL14, AL$7:AL$21) -> 3 | AO14: 20 | AP14: 1799.3301 | AQ14: =IFERROR(AP14/AO14,"") -> 89.966503 | AR14: =RANK(AQ14, AQ$7:AQ$21) -> 3 | AT14: 20 | AU14: 1800 | AV14: =IFERROR(AU14/AT14,"") -> 90 | AW14: =RANK(AV14, AV$7:AV$21) -> 3
C15: 9
C16: 10
C17: 11
C18: 12
C19: 13
C20: 14
C21: 15
B22: 產線配置圖－每週更新(0804-0810) | N22: 資料繳交 | O22: 日期 | P22: 46238 | U22: 46239 | Z22: 46240 | AE22: 46241 | AJ22: 46242 | AO22: 46243 | AT22: 46244
P23: 46196 | U23: 46197 | Z23: 46198 | AE23: 46199 | AJ23: 46200 | AO23: 46201 | AT23: 46202
B24: 品群 | C24: 商品名稱 | E24: 計畫 | H24: 平均人時性 | I24: 實績 (週平均) | L24: 平均人時性 | M24: 排名 | O24: 日報 | P24: 實際 | T24: 平均人時性 | U24: 實際 | Y24: 平均人時性 | Z24: 實際 | AD24: 平均人時性 | AE24: 實際 | AI24: 平均人時性 | AJ24: 實際 | AN24: 平均人時性 | AO24: 實際 | AS24: 平均人時性 | AT24: 實際 | AX24: 平均人時性
E25: 產線配置圖 | I25: 產線配置圖 | P25: 生產實績 | U25: 生產實績 | Z25: 生產實績 | AE25: 生產實績 | AJ25: 生產實績 | AO25: 生產實績 | AT25: 生產實績
E26: 人數 | F26: 產能／時 | G26: 人時性 | I26: 人數 | J26: 產能／時 | K26: 人時性 | P26: 人數 | Q26: 產能／時 | R26: 人時性 | S26: 排名 | U26: 人數 | V26: 產能／時 | W26: 人時性 | X26: 排名 | Z26: 人數 | AA26: 產能／時 | AB26: 人時性 | AC26: 排名 | AE26: 人數 | AF26: 產能／時 | AG26: 人時性 | AH26: 排名 | AJ26: 人數 | AK26: 產能／時 | AL26: 人時性 | AM26: 排名 | AO26: 人數 | AP26: 產能／時 | AQ26: 人時性 | AR26: 排名 | AT26: 人數 | AU26: 產能／時 | AV26: 人時性 | AW26: 排名
B27: 微波主食 | C27: 1 | D27: 糖燻野郎三十天熟成牛飯 | E27: 24 | F27: 2000 | G27: =IFERROR(F27/E27,"") -> 83.333333 | H27: =AVERAGE(G27:G41) -> 92.033299 | I27: =AVERAGE(P27,U27,Z27,AE27,AJ27,AO27,AT27) -> 24 | J27: =AVERAGE(Q27,V27,AA27,AF27,AK27,AP27,AU27) -> 1803.7159 | K27: =AVERAGE(R27,W27,AB27,AG27,AL27,AQ27,AV27) -> 75.154831 | L27: =IFERROR(AVERAGE(K27:K41),"-") -> 84.821164 | M27: =RANK(K27, K$27:$K$41) -> 8 | P27: 24 | Q27: 1801.2827 | R27: =IFERROR(Q27/P27,"") -> 75.053446 | S27: =RANK(R27, R$27:R$41) -> 8 | T27: =AVERAGE(R27:R41) -> 84.734191 | U27: 24 | V27: 1803.5548 | W27: =IFERROR(V27/U27,"") -> 75.148118 | X27: =RANK(W27, W$27:W$41) -> 8 | Y27: =AVERAGE(W27:W41) -> 84.813241 | Z27: 24 | AA27: 1803.7548 | AB27: =IFERROR(AA27/Z27,"") -> 75.156451 | AC27: =RANK(AB27, AB$27:AB$41) -> 8 | AD27: =AVERAGE(AB27:AB41) -> 84.826167 | AE27: 24 | AF27: 1803.9548 | AG27: =IFERROR(AF27/AE27,"") -> 75.164784 | AH27: =RANK(AG27, AG$27:AG$41) -> 8 | AI27: =AVERAGE(AG27:AG41) -> 84.836822 | AJ27: 24 | AK27: 1803.9548 | AL27: =IFERROR(AK27/AJ27,"") -> 75.164784 | AM27: =RANK(AL27, AL$27:AL$41) -> 8 | AN27: =AVERAGE(AL27:AL41) -> 84.830943 | AO27: 24 | AP27: 1804.5548 | AQ27: =IFERROR(AP27/AO27,"") -> 75.189784 | AR27: =RANK(AQ27, AQ$27:AQ$41) -> 8 | AS27: =AVERAGE(AQ27:AQ41) -> 84.848475 | AT27: 24 | AU27: 1804.9548 | AV27: =IFERROR(AU27/AT27,"") -> 75.206451 | AW27: =RANK(AV27, AV$27:AV$41) -> 8 | AX27: =AVERAGE(AV27:AV41) -> 84.85831
C28: 2 | D28: 日式鮭魚茶泡烤飯 | E28: 21 | F28: 1800 | G28: =IFERROR(F28/E28,"") -> 85.714286 | I28: =AVERAGE(P28,U28,Z28,AE28,AJ28,AO28,AT28) -> 21 | J28: =AVERAGE(Q28,V28,AA28,AF28,AK28,AP28,AU28) -> 1622.7853 | K28: =AVERAGE(R28,W28,AB28,AG28,AL28,AQ28,AV28) -> 77.275489 | M28: =RANK(K28, K$27:$K$41) -> 7 | P28: 21 | Q28: 1622.0161 | R28: =IFERROR(Q28/P28,"") -> 77.238862 | S28: =RANK(R28, R$27:R$41) -> 7 | U28: 21 | V28: 1622.7361 | W28: =IFERROR(V28/U28,"") -> 77.273148 | X28: =RANK(W28, W$27:W$41) -> 7 | Z28: 21 | AA28: 1622.8049 | AB28: =IFERROR(AA28/Z28,"") -> 77.276425 | AC28: =RANK(AB28, AB$27:AB$41) -> 7 | AE28: 21 | AF28: 1623.3449 | AG28: =IFERROR(AF28/AE28,"") -> 77.302139 | AH28: =RANK(AG28, AG$27:AG$41) -> 7 | AJ28: 21 | AK28: 1622.4449 | AL28: =IFERROR(AK28/AJ28,"") -> 77.259282 | AM28: =RANK(AL28, AL$27:AL$41) -> 7 | AO28: 21 | AP28: 1622.6249 | AQ28: =IFERROR(AP28/AO28,"") -> 77.267854 | AR28: =RANK(AQ28, AQ$27:AQ$41) -> 7 | AT28: 21 | AU28: 1623.5249 | AV28: =IFERROR(AU28/AT28,"") -> 77.310711 | AW28: =RANK(AV28, AV$27:AV$41) -> 7
C29: 3 | D29: 二配里肌豬排可可咖哩歐姆蛋飯 | E29: 23 | F29: 2000 | G29: =IFERROR(F29/E29,"") -> 86.956522 | I29: =AVERAGE(P29,U29,Z29,AE29,AJ29,AO29,AT29) -> 23 | J29: =AVERAGE(Q29,V29,AA29,AF29,AK29,AP29,AU29) -> 1802.1446 | K29: =AVERAGE(R29,W29,AB29,AG29,AL29,AQ29,AV29) -> 78.354115 | M29: =RANK(K29, K$27:$K$41) -> 6 | P29: 23 | Q29: 1801.4304 | R29: =IFERROR(Q29/P29,"") -> 78.323059 | S29: =RANK(R29, R$27:R$41) -> 5 | U29: 23 | V29: 1801.4304 | W29: =IFERROR(V29/U29,"") -> 78.323059 | X29: =RANK(W29, W$27:W$41) -> 6 | Z29: 23 | AA29: 1801.8304 | AB29: =IFERROR(AA29/Z29,"") -> 78.34045 | AC29: =RANK(AB29, AB$27:AB$41) -> 6 | AE29: 23 | AF29: 1801.8304 | AG29: =IFERROR(AF29/AE29,"") -> 78.34045 | AH29: =RANK(AG29, AG$27:AG$41) -> 6 | AJ29: 23 | AK29: 1802.4304 | AL29: =IFERROR(AK29/AJ29,"") -> 78.366537 | AM29: =RANK(AL29, AL$27:AL$41) -> 6 | AO29: 23 | AP29: 1803.0304 | AQ29: =IFERROR(AP29/AO29,"") -> 78.392624 | AR29: =RANK(AQ29, AQ$27:AQ$41) -> 6 | AT29: 23 | AU29: 1803.0304 | AV29: =IFERROR(AU29/AT29,"") -> 78.392624 | AW29: =RANK(AV29, AV$27:AV$41) -> 6
C30: 4 | D30: 二配黃金雞排蘑菇白醬歐姆蛋飯 | E30: 23 | F30: 2000 | G30: =IFERROR(F30/E30,"") -> 86.956522 | I30: =AVERAGE(P30,U30,Z30,AE30,AJ30,AO30,AT30) -> 23 | J30: =AVERAGE(Q30,V30,AA30,AF30,AK30,AP30,AU30) -> 1802.5498 | K30: =AVERAGE(R30,W30,AB30,AG30,AL30,AQ30,AV30) -> 78.371731 | M30: =RANK(K30, K$27:$K$41) -> 5 | P30: 23 | Q30: 1799.7741 | R30: =IFERROR(Q30/P30,"") -> 78.251048 | S30: =RANK(R30, R$27:R$41) -> 6 | U30: 23 | V30: 1801.8791 | W30: =IFERROR(V30/U30,"") -> 78.34257 | X30: =RANK(W30, W$27:W$41) -> 5 | Z30: 23 | AA30: 1802.2791 | AB30: =IFERROR(AA30/Z30,"") -> 78.359961 | AC30: =RANK(AB30, AB$27:AB$41) -> 5 | AE30: 23 | AF30: 1802.6791 | AG30: =IFERROR(AF30/AE30,"") -> 78.377353 | AH30: =RANK(AG30, AG$27:AG$41) -> 5 | AJ30: 23 | AK30: 1803.2791 | AL30: =IFERROR(AK30/AJ30,"") -> 78.40344 | AM30: =RANK(AL30, AL$27:AL$41) -> 5 | AO30: 23 | AP30: 1803.8791 | AQ30: =IFERROR(AP30/AO30,"") -> 78.429526 | AR30: =RANK(AQ30, AQ$27:AQ$41) -> 5 | AT30: 23 | AU30: 1804.0791 | AV30: =IFERROR(AU30/AT30,"") -> 78.438222 | AW30: =RANK(AV30, AV$27:AV$41) -> 5
C31: 5 | D31: 二配哞哞培根奶香海陸焗飯 | E31: 23 | F31: 2000 | G31: =IFERROR(F31/E31,"") -> 86.956522 | I31: =AVERAGE(P31,U31,Z31,AE31,AJ31,AO31,AT31) -> 23 | J31: =AVERAGE(Q31,V31,AA31,AF31,AK31,AP31,AU31) -> 1804.205 | K31: =AVERAGE(R31,W31,AB31,AG31,AL31,AQ31,AV31) -> 78.443696 | M31: =RANK(K31, K$27:$K$41) -> 4 | P31: 23 | Q31: 1801.6262 | R31: =IFERROR(Q31/P31,"") -> 78.331574 | S31: =RANK(R31, R$27:R$41) -> 4 | U31: 23 | V31: 1803.8015 | W31: =IFERROR(V31/U31,"") -> 78.426151 | X31: =RANK(W31, W$27:W$41) -> 4 | Z31: 23 | AA31: 1804.2015 | AB31: =IFERROR(AA31/Z31,"") -> 78.443542 | AC31: =RANK(AB31, AB$27:AB$41) -> 4 | AE31: 23 | AF31: 1804.8015 | AG31: =IFERROR(AF31/AE31,"") -> 78.469629 | AH31: =RANK(AG31, AG$27:AG$41) -> 4 | AJ31: 23 | AK31: 1804.8015 | AL31: =IFERROR(AK31/AJ31,"") -> 78.469629 | AM31: =RANK(AL31, AL$27:AL$41) -> 4 | AO31: 23 | AP31: 1805.0015 | AQ31: =IFERROR(AP31/AO31,"") -> 78.478325 | AR31: =RANK(AQ31, AQ$27:AQ$41) -> 4 | AT31: 23 | AU31: 1805.2015 | AV31: =IFERROR(AU31/AT31,"") -> 78.48702 | AW31: =RANK(AV31, AV$27:AV$41) -> 4
C32: 6 | D32: 二配濃起司燻腸紅醬焗烤飯 | E32: 20 | F32: 2000 | G32: =IFERROR(F32/E32,"") -> 100 | I32: =AVERAGE(P32,U32,Z32,AE32,AJ32,AO32,AT32) -> 19 | J32: =AVERAGE(Q32,V32,AA32,AF32,AK32,AP32,AU32) -> 1802 | K32: =AVERAGE(R32,W32,AB32,AG32,AL32,AQ32,AV32) -> 94.842105 | M32: =RANK(K32, K$27:$K$41) -> 2 | P32: 19 | Q32: 1800.4 | R32: =IFERROR(Q32/P32,"") -> 94.757895 | S32: =RANK(R32, R$27:R$41) -> 2 | U32: 19 | V32: 1802.2 | W32: =IFERROR(V32/U32,"") -> 94.852632 | X32: =RANK(W32, W$27:W$41) -> 2 | Z32: 19 | AA32: 1802.6 | AB32: =IFERROR(AA32/Z32,"") -> 94.873684 | AC32: =RANK(AB32, AB$27:AB$41) -> 2 | AE32: 19 | AF32: 1802.4 | AG32: =IFERROR(AF32/AE32,"") -> 94.863158 | AH32: =RANK(AG32, AG$27:AG$41) -> 2 | AJ32: 19 | AK32: 1802 | AL32: =IFERROR(AK32/AJ32,"") -> 94.842105 | AM32: =RANK(AL32, AL$27:AL$41) -> 2 | AO32: 19 | AP32: 1802.2 | AQ32: =IFERROR(AP32/AO32,"") -> 94.852632 | AR32: =RANK(AQ32, AQ$27:AQ$41) -> 2 | AT32: 19 | AU32: 1802.2 | AV32: =IFERROR(AU32/AT32,"") -> 94.852632 | AW32: =RANK(AV32, AV$27:AV$41) -> 2
C33: 7 | D33: 二配香烤魚排青醬燉飯 | E33: 18 | F33: 2000 | G33: =IFERROR(F33/E33,"") -> 111.11111 | I33: =AVERAGE(P33,U33,Z33,AE33,AJ33,AO33,AT33) -> 17 | J33: =AVERAGE(Q33,V33,AA33,AF33,AK33,AP33,AU33) -> 1802.392 | K33: =AVERAGE(R33,W33,AB33,AG33,AL33,AQ33,AV33) -> 106.02306 | M33: =RANK(K33, K$27:$K$41) -> 1 | P33: 17 | Q33: 1800.6 | R33: =IFERROR(Q33/P33,"") -> 105.91765 | S33: =RANK(R33, R$27:R$41) -> 1 | U33: 17 | V33: 1802.3443 | W33: =IFERROR(V33/U33,"") -> 106.02025 | X33: =RANK(W33, W$27:W$41) -> 1 | Z33: 17 | AA33: 1803 | AB33: =IFERROR(AA33/Z33,"") -> 106.05882 | AC33: =RANK(AB33, AB$27:AB$41) -> 1 | AE33: 17 | AF33: 1802.8 | AG33: =IFERROR(AF33/AE33,"") -> 106.04706 | AH33: =RANK(AG33, AG$27:AG$41) -> 1 | AJ33: 17 | AK33: 1802.2 | AL33: =IFERROR(AK33/AJ33,"") -> 106.01176 | AM33: =RANK(AL33, AL$27:AL$41) -> 1 | AO33: 17 | AP33: 1802.8 | AQ33: =IFERROR(AP33/AO33,"") -> 106.04706 | AR33: =RANK(AQ33, AQ$27:AQ$41) -> 1 | AT33: 17 | AU33: 1803 | AV33: =IFERROR(AU33/AT33,"") -> 106.05882 | AW33: =RANK(AV33, AV$27:AV$41) -> 1
C34: 8 | D34: 二配西班牙風味海鮮燉飯 | E34: 21 | F34: 2000 | G34: =IFERROR(F34/E34,"") -> 95.238095 | I34: =AVERAGE(P34,U34,Z34,AE34,AJ34,AO34,AT34) -> 20 | J34: =AVERAGE(Q34,V34,AA34,AF34,AK34,AP34,AU34) -> 1802.0857 | K34: =AVERAGE(R34,W34,AB34,AG34,AL34,AQ34,AV34) -> 90.104286 | M34: =RANK(K34, K$27:$K$41) -> 3 | P34: 20 | Q34: 1800 | R34: =IFERROR(Q34/P34,"") -> 90 | S34: =RANK(R34, R$27:R$41) -> 3 | U34: 20 | V34: 1802.4 | W34: =IFERROR(V34/U34,"") -> 90.12 | X34: =RANK(W34, W$27:W$41) -> 3 | Z34: 20 | AA34: 1802 | AB34: =IFERROR(AA34/Z34,"") -> 90.1 | AC34: =RANK(AB34, AB$27:AB$41) -> 3 | AE34: 20 | AF34: 1802.6 | AG34: =IFERROR(AF34/AE34,"") -> 90.13 | AH34: =RANK(AG34, AG$27:AG$41) -> 3 | AJ34: 20 | AK34: 1802.6 | AL34: =IFERROR(AK34/AJ34,"") -> 90.13 | AM34: =RANK(AL34, AL$27:AL$41) -> 3 | AO34: 20 | AP34: 1802.6 | AQ34: =IFERROR(AP34/AO34,"") -> 90.13 | AR34: =RANK(AQ34, AQ$27:AQ$41) -> 3 | AT34: 20 | AU34: 1802.4 | AV34: =IFERROR(AU34/AT34,"") -> 90.12 | AW34: =RANK(AV34, AV$27:AV$41) -> 3
C35: 9
C36: 10
C37: 11
C38: 12
C39: 13
C40: 14
C41: 15
B42: 產線配置圖－每週更新(0811-0817) | N42: 資料繳交 | O42: 日期 | P42: 46245 | U42: 46246 | Z42: 46247 | AE42: 46248 | AJ42: 46249 | AO42: 46250 | AT42: 46251
P43: 46196 | U43: 46197 | Z43: 46198 | AE43: 46199 | AJ43: 46200 | AO43: 46201 | AT43: 46202
B44: 品群 | C44: 商品名稱 | E44: 計畫 | H44: 平均人時性 | I44: 實績 (週平均) | L44: 平均人時性 | M44: 排名 | O44: 日報 | P44: 實際 | T44: 平均人時性 | U44: 實際 | Y44: 平均人時性 | Z44: 實際 | AD44: 平均人時性 | AE44: 實際 | AI44: 平均人時性 | AJ44: 實際 | AN44: 平均人時性 | AO44: 實際 | AS44: 平均人時性 | AT44: 實際 | AX44: 平均人時性
E45: 產線配置圖 | I45: 產線配置圖 | P45: 生產實績 | U45: 生產實績 | Z45: 生產實績 | AE45: 生產實績 | AJ45: 生產實績 | AO45: 生產實績 | AT45: 生產實績
E46: 人數 | F46: 產能／時 | G46: 人時性 | I46: 人數 | J46: 產能／時 | K46: 人時性 | P46: 人數 | Q46: 產能／時 | R46: 人時性 | S46: 排名 | U46: 人數 | V46: 產能／時 | W46: 人時性 | X46: 排名 | Z46: 人數 | AA46: 產能／時 | AB46: 人時性 | AC46: 排名 | AE46: 人數 | AF46: 產能／時 | AG46: 人時性 | AH46: 排名 | AJ46: 人數 | AK46: 產能／時 | AL46: 人時性 | AM46: 排名 | AO46: 人數 | AP46: 產能／時 | AQ46: 人時性 | AR46: 排名 | AT46: 人數 | AU46: 產能／時 | AV46: 人時性 | AW46: 排名
B47: 微波主食 | C47: 1 | D47: 糖燻野郎三十天熟成牛飯 | E47: 24 | F47: 2000 | G47: =IFERROR(F47/E47,"") -> 83.333333 | H47: =AVERAGE(G47:G61) -> 92.033299 | I47: =AVERAGE(P47,U47,Z47,AE47,AJ47,AO47,AT47) -> 24 | J47: =AVERAGE(Q47,V47,AA47,AF47,AK47,AP47,AU47) -> 1805.3548 | K47: =AVERAGE(R47,W47,AB47,AG47,AL47,AQ47,AV47) -> 75.223118 | L47: =IFERROR(AVERAGE(K47:K61),"-") -> 84.864535 | M47: =RANK(K47, K$47:$K$61) -> 8 | P47: 24 | Q47: 1804.9548 | R47: =IFERROR(Q47/P47,"") -> 75.206451 | S47: =RANK(R47, R$47:R$61) -> 8 | T47: =AVERAGE(R47:R61) -> 84.863519 | U47: 24 | V47: 1805.3548 | W47: =IFERROR(V47/U47,"") -> 75.223118 | X47: =RANK(W47, W$47:W$61) -> 8 | Y47: =AVERAGE(W47:W61) -> 84.863483 | Z47: 24 | AA47: 1805.5548 | AB47: =IFERROR(AA47/Z47,"") -> 75.231451 | AC47: =RANK(AB47, AB$47:AB$61) -> 8 | AD47: =AVERAGE(AB47:AB61) -> 84.860408 | AE47: 24 | AF47: 1804.9548 | AG47: =IFERROR(AF47/AE47,"") -> 75.206451 | AH47: =RANK(AG47, AG$47:AG$61) -> 8 | AI47: =AVERAGE(AG47:AG61) -> 84.85919 | AJ47: 24 | AK47: 1805.5548 | AL47: =IFERROR(AK47/AJ47,"") -> 75.231451 | AM47: =RANK(AL47, AL$47:AL$61) -> 8 | AN47: =AVERAGE(AL47:AL61) -> 84.854209 | AO47: 24 | AP47: 1805.5548 | AQ47: =IFERROR(AP47/AO47,"") -> 75.231451 | AR47: =RANK(AQ47, AQ$47:AQ$61) -> 8 | AS47: =AVERAGE(AQ47:AQ61) -> 84.875944 | AT47: 24 | AU47: 1805.5548 | AV47: =IFERROR(AU47/AT47,"") -> 75.231451 | AW47: =RANK(AV47, AV$47:AV$61) -> 8 | AX47: =AVERAGE(AV47:AV61) -> 84.874991
C48: 2 | D48: 日式鮭魚茶泡烤飯 | E48: 21 | F48: 1800 | G48: =IFERROR(F48/E48,"") -> 85.714286 | I48: =AVERAGE(P48,U48,Z48,AE48,AJ48,AO48,AT48) -> 21 | J48: =AVERAGE(Q48,V48,AA48,AF48,AK48,AP48,AU48) -> 1623.8078 | K48: =AVERAGE(R48,W48,AB48,AG48,AL48,AQ48,AV48) -> 77.32418 | M48: =RANK(K48, K$47:$K$61) -> 7 | P48: 21 | Q48: 1623.8849 | R48: =IFERROR(Q48/P48,"") -> 77.327854 | S48: =RANK(R48, R$47:R$61) -> 7 | U48: 21 | V48: 1623.3449 | W48: =IFERROR(V48/U48,"") -> 77.302139 | X48: =RANK(W48, W$47:W$61) -> 7 | Z48: 21 | AA48: 1623.5249 | AB48: =IFERROR(AA48/Z48,"") -> 77.310711 | AC48: =RANK(AB48, AB$47:AB$61) -> 7 | AE48: 21 | AF48: 1624.0649 | AG48: =IFERROR(AF48/AE48,"") -> 77.336425 | AH48: =RANK(AG48, AG$47:AG$61) -> 7 | AJ48: 21 | AK48: 1623.7049 | AL48: =IFERROR(AK48/AJ48,"") -> 77.319282 | AM48: =RANK(AL48, AL$47:AL$61) -> 7 | AO48: 21 | AP48: 1623.8849 | AQ48: =IFERROR(AP48/AO48,"") -> 77.327854 | AR48: =RANK(AQ48, AQ$47:AQ$61) -> 7 | AT48: 21 | AU48: 1624.2449 | AV48: =IFERROR(AU48/AT48,"") -> 77.344996 | AW48: =RANK(AV48, AV$47:AV$61) -> 7
C49: 3 | D49: 二配里肌豬排可可咖哩歐姆蛋飯 | E49: 23 | F49: 2000 | G49: =IFERROR(F49/E49,"") -> 86.956522 | I49: =AVERAGE(P49,U49,Z49,AE49,AJ49,AO49,AT49) -> 23 | J49: =AVERAGE(Q49,V49,AA49,AF49,AK49,AP49,AU49) -> 1802.5446 | K49: =AVERAGE(R49,W49,AB49,AG49,AL49,AQ49,AV49) -> 78.371506 | M49: =RANK(K49, K$47:$K$61) -> 6 | P49: 23 | Q49: 1804.0304 | R49: =IFERROR(Q49/P49,"") -> 78.436103 | S49: =RANK(R49, R$47:R$61) -> 6 | U49: 23 | V49: 1804.0304 | W49: =IFERROR(V49/U49,"") -> 78.436103 | X49: =RANK(W49, W$47:W$61) -> 6 | Z49: 23 | AA49: 1803.0304 | AB49: =IFERROR(AA49/Z49,"") -> 78.392624 | AC49: =RANK(AB49, AB$47:AB$61) -> 6 | AE49: 23 | AF49: 1802.2304 | AG49: =IFERROR(AF49/AE49,"") -> 78.357842 | AH49: =RANK(AG49, AG$47:AG$61) -> 6 | AJ49: 23 | AK49: 1801.4304 | AL49: =IFERROR(AK49/AJ49,"") -> 78.323059 | AM49: =RANK(AL49, AL$47:AL$61) -> 6 | AO49: 23 | AP49: 1801.6304 | AQ49: =IFERROR(AP49/AO49,"") -> 78.331755 | AR49: =RANK(AQ49, AQ$47:AQ$61) -> 6 | AT49: 23 | AU49: 1801.4304 | AV49: =IFERROR(AU49/AT49,"") -> 78.323059 | AW49: =RANK(AV49, AV$47:AV$61) -> 6
