Workbook

Sheet 生產管理報表(月)
A1: 大溪廠生產管理報表
A3: 月別 | B3: 2 | C3: 工廠 | D3: 大溪廠
A4: （１）收支狀況 | E4: ※單位：千元 | G4: （２）ＫＰＩ達成進度
A5: 項目 | B5: 當月 | C5: 前月 | D5: 差異 | E5: 累計 | G5: 項目 | H5: KPI | I5: 當月 | J5: 前月 | K5: 累計 | L5: ※補充
A6: 業績金額 | B6: ='（１）收支狀況'!H10/1000 -> 41250.45 | C6: 146299.94 | D6: =B6-C6 -> -105049.49 | G6: 人時性(個/月均) | I6: ='（２）ＫＰＩ達成進度'!H7 -> 0 | J6: 458.38414 | L6: 個／MH
A7: 訂單數量 | B7: ='（１）收支狀況'!K10 -> 1326773 | C7: 4768701 | D7: =B7-C7 -> -3441928 | G7: 人時達成率(%/月均) | H7: 0.8 | I7: ='（２）ＫＰＩ達成進度'!K5 -> 0 | J7: 0.92118999 | L7: 達成率
A8: 材料費 | B8: 93253 | C8: 93253 | D8: =B8-C8 -> 0 | G8: 半成品-報廢(%) | H8: 0.0025 | I8: ='（２）ＫＰＩ達成進度'!N5 -> 0 | J8: 0.0024135432 | L8: 報廢率
A9: 材料費率 | B9: 0.655 | C9: 0.655 | D9: =B9-C9 -> 0 | G9: 半成品-超用(%) | H9: 0.004 | I9: ='（２）ＫＰＩ達成進度'!Q10 -> 0.0054871638 | J9: 0.0055994433 | L9: 超用率
A10: 勞務成本 | B10: 22378 | C10: 22378 | D10: =B10-C10 -> 0 | G10: 固定產線-導入率(%) | H10: 0.8 | I10: ='（２）ＫＰＩ達成進度'!T5 -> 0 | J10: 0.9 | L10: 導入率
A11: 勞務費率 | B11: 0.157 | C11: 0.157 | D11: =B11-C11 -> 0 | G11: 教育訓練-實施率(%) | H11: 1 | I11: ='（２）ＫＰＩ達成進度'!W5 -> 0 | J11: 0.057692308 | L11: 實施率
A13: （３）業績構成比 | E13: ※單位：千元 | G13: （４）訂單數量構成比 | K13: ※單位：個
B14: 當月 | C14: 比例 | D14: 前月 | E14: 差異 | H14: 當月 | I14: 比例 | J14: 前月 | K14: 差異
A15: 18℃-飯糰(061,063) | B15: =SUM('（３）業績構成比'!M9:M39)/1000 -> 18763.538 | C15: =IFERROR(B15/$B$6,"") -> 0.45486868 | D15: 0.36139567 | E15: =IFERROR(C15-D15,"") -> 0.093473003 | G15: 18℃-飯糰(061,063) | H15: =SUM('（４）訂單數量構成比'!M9:M39) -> 992979 | I15: =IFERROR(H15/$B$7,"") -> 0.74841665 | J15: 0.58577126 | K15: =IFERROR(I15-J15,"") -> 0.16264539
A16: 18℃-壽司手卷(071,072,075,076) | B16: =SUM('（３）業績構成比'!S9:S39)/1000 -> 3713.1687 | C16: =IFERROR(B16/$B$6,"") -> 0.090015229 | D16: 0.069633574 | E16: =IFERROR(C16-D16,"") -> 0.020381655 | G16: 18℃-壽司手卷(071,072,075,076) | H16: =SUM('（４）訂單數量構成比'!S9:S39) -> 142661 | I16: =IFERROR(H16/$B$7,"") -> 0.1075248 | J16: 0.081693946 | K16: =IFERROR(I16-J16,"") -> 0.025830853
A17: 4℃-飯糰(065) | B17: =SUM('（３）業績構成比'!U9:U39)/1000 -> 1077.9846 | C17: =IFERROR(B17/$B$6,"") -> 0.026132674 | D17: 0.022453222 | E17: =IFERROR(C17-D17,"") -> 0.0036794518 | G17: 4℃-飯糰(065) | H17: =SUM('（４）訂單數量構成比'!U9:U39) -> 37692 | I17: =IFERROR(H17/$B$7,"") -> 0.028408778 | J17: 0.024966128 | K17: =IFERROR(I17-J17,"") -> 0.0034426502
A18: 4℃-壽司手卷(077) | B18: =SUM('（３）業績構成比'!W9:W39)/1000 -> 346.9433 | C18: =IFERROR(B18/$B$6,"") -> 0.0084106548 | D18: 0.008585039 | E18: =IFERROR(C18-D18,"") -> -0.00017438415 | G18: 4℃-壽司手卷(077) | H18: =SUM('（４）訂單數量構成比'!W9:W39) -> 12826 | I18: =IFERROR(H18/$B$7,"") -> 0.0096670644 | J18: 0.0097963785 | K18: =IFERROR(I18-J18,"") -> -0.00012931414
A19: 主食(091,092,093,094,095) | B19: =SUM('（３）業績構成比'!AC9:AC39)/1000 -> 8718.0558 | C19: =IFERROR(B19/$B$6,"") -> 0.2113445 | D19: 0.16215294 | E19: =IFERROR(C19-D19,"") -> 0.049191558 | G19: 主食(091,092,093,094,095) | H19: =SUM('（４）訂單數量構成比'!AC9:AC39) -> 157522 | I19: =IFERROR(H19/$B$7,"") -> 0.11872566 | J19: 0.089953008 | K19: =IFERROR(I19-J19,"") -> 0.028772652
A20: 便當(083) | B20: =SUM('（３）業績構成比'!AE9:AE39)/1000 -> 15225.377 | C20: =IFERROR(B20/$B$6,"") -> 0.36909602 | D20: 0.27057088 | E20: =IFERROR(C20-D20,"") -> 0.098525142 | G20: 便當(083) | H20: =SUM('（４）訂單數量構成比'!AE9:AE39) -> 252125 | I20: =IFERROR(H20/$B$7,"") -> 0.19002874 | J20: 0.13708178 | K20: =IFERROR(I20-J20,"") -> 0.052946963
A21: 熱食義麵(122,123,124,126) | B21: =SUM('（３）業績構成比'!AG9:AG39)/1000 -> 1002.4635 | C21: =IFERROR(B21/$B$6,"") -> 0.02430188 | D21: 0.029234371 | E21: =IFERROR(C21-D21,"") -> -0.0049324909 | G21: 熱食義麵(122,123,124,126) | H21: =SUM('（４）訂單數量構成比'!AG9:AG39) -> 17495 | I21: =IFERROR(H21/$B$7,"") -> 0.013186129 | J21: 0.015652481 | K21: =IFERROR(I21-J21,"") -> -0.0024663516
A22: 季節調理麵(111,112) | B22: =SUM('（３）業績構成比'!AI9:AI39)/1000 -> 2484.7272 | C22: =IFERROR(B22/$B$6,"") -> 0.060235154 | D22: 0.040564166 | E22: =IFERROR(C22-D22,"") -> 0.019670988 | G22: 季節調理麵(111,112) | H22: =SUM('（４）訂單數量構成比'!AI9:AI39) -> 44725 | I22: =IFERROR(H22/$B$7,"") -> 0.03370961 | J22: 0.022004735 | K22: =IFERROR(I22-J22,"") -> 0.011704875
A23: 微波小吃(153,154,155) | B23: =SUM('（３）業績構成比'!AK9:AK39)/1000 -> 2034.6142 | C23: =IFERROR(B23/$B$6,"") -> 0.049323442 | D23: 0.035410133 | E23: =IFERROR(C23-D23,"") -> 0.013913309 | G23: 微波小吃(153,154,155) | H23: =SUM('（４）訂單數量構成比'!AK9:AK39) -> 61028 | I23: =IFERROR(H23/$B$7,"") -> 0.045997318 | J23: 0.033080287 | K23: =IFERROR(I23-J23,"") -> 0.012917031
C24: =SUM(C15:C23) -> 1.2937282 | D24: =SUM(D15:D23) -> 1 | I24: =SUM(I15:I23) -> 1.2956647 | J24: =SUM(J15:J23) -> 1
A26: （５）品群別人時生產性
A27: 品群 | B27: 當月 | C27: 前月 | D27: 差異 | E27: 累計
A28: 18℃-飯A15:A23糰(061,063) | B28: ='（５-1）品群別人時生產性(18℃-飯糰)'!C1 -> 774.4368 | C28: 768.96509 | D28: =B28-C28 -> 5.4717158
A29: 18℃-壽司手卷(071,072,075,076) | B29: ='（５-2）品群別人時生產性(18℃-壽司手卷)'!C1 -> 308.28366 | C29: 280.52358 | D29: =B29-C29 -> 27.760082
A30: 4℃-飯糰(065) | B30: ='（５-3）品群別人時生產性(4℃-飯糰)'!C1 -> 258.45296 | C30: 258.56167 | D30: =B30-C30 -> -0.10871068
A31: 4℃-壽司手卷(077) | B31: ='（５-4）品群別人時生產性(4℃-壽司手卷)'!C1 -> 493.01674 | C31: 486.07171 | D31: =B31-C31 -> 6.9450363
A32: 主食(091,092,093,094,095) | B32: ='（５-5）品群別人時生產性(微波主食) '!C1 -> 81.884985 | C32: 68.891235 | D32: =B32-C32 -> 12.993749
A33: 便當(083) | B33: ='（５-6）品群別人時生產性(便當)'!C1 -> 77.80588 | C33: 78.306367 | D33: =B33-C33 -> -0.50048728
A34: 熱食義麵(122,123,124,126) | B34: ='（５-7）品群別人時生產性(熱食義麵) '!C1 -> 72.928814 | C34: 76.250133 | D34: =B34-C34 -> -3.3213185
A35: 季節調理麵(111,112) | B35: ='（５-8）品群別人時生產性(季節調理麵) '!C1 -> 106.79855 | C35: 110.8083 | D35: =B35-C35 -> -4.0097506
A36: 微波小吃(153,154,155) | B36: ='（５-9）品群別人時生產性(微波小吃)'!C1 -> 76.29523 | C36: 76.123665 | D36: =B36-C36 -> 0.17156459

Sheet 生產管理報表(週) 
A1: 大溪廠生產管理報表
A3: 月別 | B3: 2 | C3: 週別 | D3: W1 | E3: 工廠 | F3: 大溪廠
A4: （１）收支狀況 | E4: ※單位：千元 | G4: （２）ＫＰＩ達成進度
A5: 項目 | B5: 當週 | C5: 前週 | D5: 差異 | E5: 累計 | G5: 項目 | H5: KPI | I5: 當週 | J5: 前週 | K5: 累計 | L5: ※補充
A6: 業績金額 | B6: ='（１）收支狀況'!G12/1000 -> 31225.639 | C6: 31759.62 | D6: =B6-C6 -> -533.98057 | E6: ='（１）收支狀況'!H10:H10/1000 -> 41250.45 | G6: 人時性(個/月均) | I6: ='（２）ＫＰＩ達成進度'!G12 -> 471.89204 | J6: 471.15538 | K6: ='（２）ＫＰＩ達成進度'!H10 -> 470.87246 | L6: 個／MH
A7: 訂單數量 | B7: ='（１）收支狀況'!J12 -> 1008252 | C7: 1022206 | D7: =B7-C7 -> -13954 | E7: ='（１）收支狀況'!K10:K10 -> 1326773 | G7: 人時達成率(%/月均) | H7: 0.8 | I7: ='（２）ＫＰＩ達成進度'!J12 -> 0.94833609 | J7: 0.94685567 | K7: ='（２）ＫＰＩ達成進度'!K10 -> 0.94628709 | L7: 達成率
A8: 材料費 | B8: ='（１）收支狀況'!M12/1000 -> 20602.212 | C8: 20915.97 | D8: =B8-C8 -> -313.75746 | E8: ='（１）收支狀況'!N10:N10/1000 -> 27233.058 | G8: 半成品-報廢(%) | H8: 0.0025 | I8: ='（２）ＫＰＩ達成進度'!M12 -> 0.0024053838 | J8: 0.0024091778 | K8: ='（２）ＫＰＩ達成進度'!N10 -> 0.0024070642 | L8: 報廢率
A9: 材料費率 | B9: ='（１）收支狀況'!P12 -> 0.65978512 | C9: 0.65857116 | D9: =B9-C9 -> 0.0012139622 | E9: ='（１）收支狀況'!Q10 -> 0.66018814 | G9: 半成品-超用(%) | H9: 0.004 | I9: ='（２）ＫＰＩ達成進度'!P12 -> 0.0054866418 | J9: 0.0054843793 | K9: ='（２）ＫＰＩ達成進度'!Q10 -> 0.0054871638 | L9: 超用率
A10: 勞務成本 | B10: ='（１）收支狀況'!S12/1000 -> 5456.6247 | C10: 5357.7818 | D10: =B10-C10 -> 98.842906 | E10: ='（１）收支狀況'!T10/1000 -> 9280.6824 | G10: 固定產線-導入率(%) | H10: 0.8 | I10: ='（２）ＫＰＩ達成進度'!S12 -> 0.9 | J10: 0.9 | K10: ='（２）ＫＰＩ達成進度'!T10 -> 0.9 | L10: 導入率
A11: 勞務費率 | B11: ='（１）收支狀況'!V12 -> 0.17474821 | C11: 0.16869792 | D11: =B11-C11 -> 0.0060502946 | E11: ='（１）收支狀況'!W10 -> 0.22498378 | G11: 教育訓練-實施率(%) | H11: 1 | I11: =6/52*100% -> 0.11538462 | J11: 0.096153846 | K11: ='（２）ＫＰＩ達成進度'!W10 -> 0.11111111 | L11: 實施率
A13: （３）業績構成比 | E13: ※單位：千元 | G13: （４）訂單數量構成比 | K13: ※單位：個
B14: 當週 | C14: 比例 | D14: 前週 | E14: 差異 | H14: 當週 | I14: 比例 | J14: 前週 | K14: 差異
A15: 18℃-飯糰(061,063) | B15: =SUM('（３）業績構成比'!M14:M20)/1000 -> 11011.932 | C15: =IFERROR(B15/$B$6,"") -> 0.35265674 | D15: 0.3529653 | E15: =IFERROR(C15-D15,"") -> -0.00030855504 | G15: 18℃-飯糰(061,063) | H15: =SUM('（４）訂單數量構成比'!M14:M20) -> 583255 | I15: =IFERROR(H15/$B$7,"") -> 0.57848137 | J15: 0.57889897 | K15: =IFERROR(I15-J15,"") -> -0.00041759776
A16: 18℃-壽司手卷(071,072,075,076) | B16: =SUM('（３）業績構成比'!S14:S20)/1000 -> 2222.3389 | C16: =IFERROR(B16/$B$6,"") -> 0.071170324 | D16: 0.067718274 | E16: =IFERROR(C16-D16,"") -> 0.0034520492 | G16: 18℃-壽司手卷(071,072,075,076) | H16: =SUM('（４）訂單數量構成比'!S14:S20) -> 85625 | I16: =IFERROR(H16/$B$7,"") -> 0.084924205 | J16: 0.080616823 | K16: =IFERROR(I16-J16,"") -> 0.0043073826
A17: 4℃-飯糰(065) | B17: =SUM('（３）業績構成比'!U14:U20)/1000 -> 603.18865 | C17: =IFERROR(B17/$B$6,"") -> 0.019317095 | D17: 0.021460824 | E17: =IFERROR(C17-D17,"") -> -0.0021437293 | G17: 4℃-飯糰(065) | H17: =SUM('（４）訂單數量構成比'!U14:U20) -> 20782 | I17: =IFERROR(H17/$B$7,"") -> 0.020611911 | J17: 0.023775051 | K17: =IFERROR(I17-J17,"") -> -0.0031631407
A18: 4℃-壽司手卷(077) | B18: =SUM('（３）業績構成比'!W14:W20)/1000 -> 193.05585 | C18: =IFERROR(B18/$B$6,"") -> 0.0061826068 | D18: 0.0069610294 | E18: =IFERROR(C18-D18,"") -> -0.00077842267 | G18: 4℃-壽司手卷(077) | H18: =SUM('（４）訂單數量構成比'!W14:W20) -> 7137 | I18: =IFERROR(H18/$B$7,"") -> 0.0070785875 | J18: 0.007995453 | K18: =IFERROR(I18-J18,"") -> -0.00091686548
A19: 主食(091,092,093,094,095) | B19: =SUM('（３）業績構成比'!AC14:AC20)/1000 -> 5132.0835 | C19: =IFERROR(B19/$B$6,"") -> 0.16435479 | D19: 0.16002217 | E19: =IFERROR(C19-D19,"") -> 0.0043326279 | G19: 主食(091,092,093,094,095) | H19: =SUM('（４）訂單數量構成比'!AC14:AC20) -> 92767 | I19: =IFERROR(H19/$B$7,"") -> 0.092007752 | J19: 0.089784251 | K19: =IFERROR(I19-J19,"") -> 0.0022235011
A20: 便當(083) | B20: =SUM('（３）業績構成比'!AE14:AE20)/1000 -> 8911.4947 | C20: =IFERROR(B20/$B$6,"") -> 0.2853903 | D20: 0.28416834 | E20: =IFERROR(C20-D20,"") -> 0.0012219604 | G20: 便當(083) | H20: =SUM('（４）訂單數量構成比'!AE14:AE20) -> 147599 | I20: =IFERROR(H20/$B$7,"") -> 0.14639098 | J20: 0.14615645 | K20: =IFERROR(I20-J20,"") -> 0.00023453175
A21: 熱食義麵(122,123,124,126) | B21: =SUM('（３）業績構成比'!AG14:AG20)/1000 -> 567.4419 | C21: =IFERROR(B21/$B$6,"") -> 0.018172307 | D21: 0.019355219 | E21: =IFERROR(C21-D21,"") -> -0.0011829122 | G21: 熱食義麵(122,123,124,126) | H21: =SUM('（４）訂單數量構成比'!AG14:AG20) -> 9903 | I21: =IFERROR(H21/$B$7,"") -> 0.0098219493 | J21: 0.010494949 | K21: =IFERROR(I21-J21,"") -> -0.00067299988
A22: 季節調理麵(111,112) | B22: =SUM('（３）業績構成比'!AI14:AI20)/1000 -> 1345.8874 | C22: =IFERROR(B22/$B$6,"") -> 0.043101997 | D22: 0.051543719 | E22: =IFERROR(C22-D22,"") -> -0.0084417226 | G22: 季節調理麵(111,112) | H22: =SUM('（４）訂單數量構成比'!AI14:AI20) -> 24629 | I22: =IFERROR(H22/$B$7,"") -> 0.024427425 | J22: 0.028274144 | K22: =IFERROR(I22-J22,"") -> -0.0038467195
A23: 微波小吃(153,154,155) | B23: =SUM('（３）業績構成比'!AK14:AK20)/1000 -> 1238.2162 | C23: =IFERROR(B23/$B$6,"") -> 0.03965383 | D23: 0.035805126 | E23: =IFERROR(C23-D23,"") -> 0.0038487043 | G23: 微波小吃(153,154,155) | H23: =SUM('（４）訂單數量構成比'!AK14:AK20) -> 36555 | I23: =IFERROR(H23/$B$7,"") -> 0.036255817 | J23: 0.034003909 | K23: =IFERROR(I23-J23,"") -> 0.0022519078
C24: =SUM(C15:C23) -> 1 | D24: =SUM(D15:D23) -> 1 | I24: =SUM(I15:I23) -> 1 | J24: =SUM(J15:J23) -> 1
A26: （５）品群別人時生產性
A27: 品群 | B27: 當週 | C27: 前週 | D27: 差異 | E27: 累計
A28: 18℃-飯糰(061,063) | B28: ='（５-1）品群別人時生產性(18℃-飯糰)'!L45 -> 774.4368 | C28: 771.63649 | D28: =B28-C28 -> 2.800313 | E28: ='（５-1）品群別人時生產性(18℃-飯糰)'!C1 -> 774.4368
A29: 18℃-壽司手卷(071,072,075,076) | B29: ='（５-2）品群別人時生產性(18℃-壽司手卷)'!L27 -> 308.28366 | C29: 307.88508 | D29: =B29-C29 -> 0.39857775 | E29: ='（５-2）品群別人時生產性(18℃-壽司手卷)'!C1 -> 308.28366
A30: 4℃-飯糰(065) | B30: ='（５-3）品群別人時生產性(4℃-飯糰)'!L27 -> 258.45296 | C30: 261.26621 | D30: =B30-C30 -> -2.8132512 | E30: ='（５-3）品群別人時生產性(4℃-飯糰)'!C1 -> 258.45296
A31: 4℃-壽司手卷(077) | B31: ='（５-4）品群別人時生產性(4℃-壽司手卷)'!L27 -> 493.01674 | C31: 492.02069 | D31: =B31-C31 -> 0.99605598 | E31: ='（５-4）品群別人時生產性(4℃-壽司手卷)'!C1 -> 493.01674
A32: 主食(091,092,093,094,095) | B32: ='（５-5）品群別人時生產性(微波主食) '!L27 -> 81.884985 | C32: 81.823352 | D32: =B32-C32 -> 0.061632292 | E32: ='（５-5）品群別人時生產性(微波主食) '!C1 -> 81.884985
A33: 便當(083) | B33: ='（５-6）品群別人時生產性(便當)'!L27 -> 77.80588 | C33: 77.7413 | D33: =B33-C33 -> 0.064579886 | E33: ='（５-6）品群別人時生產性(便當)'!C1 -> 77.80588
A34: 熱食義麵(122,123,124,126) | B34: ='（５-7）品群別人時生產性(熱食義麵) '!L27 -> 72.928814 | C34: 72.911661 | D34: =B34-C34 -> 0.017153397 | E34: ='（５-7）品群別人時生產性(熱食義麵) '!C1 -> 72.928814
A35: 季節調理麵(111,112) | B35: ='（５-8）品群別人時生產性(季節調理麵) '!L27 -> 106.79855 | C35: 106.72237 | D35: =B35-C35 -> 0.076184915 | E35: ='（５-8）品群別人時生產性(季節調理麵) '!C1 -> 106.79855
A36: 微波小吃(153,154,155) | B36: ='（５-9）品群別人時生產性(微波小吃)'!L27 -> 76.29523 | C36: 76.251803 | D36: =B36-C36 -> 0.043426892 | E36: ='（５-9）品群別人時生產性(微波小吃)'!C1 -> 76.29523

Sheet （１）收支狀況
B2: （１）收支狀況
B3: 資料繳交日 | C3: 月份 | D3: 日期 | F3: 營業額(元) | I3: 訂單數量(個) | L3: 材料費(元) | O3: 材料費率（材料費／營業額） | R3: 勞務成本（全廠人事成本） | U3: 勞務費率（勞務成本／營業額）
F4: 日 | G4: 週累積 | H4: 月累積 | I4: 日 | J4: 週累積 | K4: 月累積 | L4: 日 | M4: 週累積 | N4: 月累積 | O4: 日 | P4: 週累積 | Q4: 月累積 | R4: 日 | S4: 週累積 | T4: 月累積 | U4: 日 | V4: 週累積 | W4: 月累積
B5: 46057 | D5: 46049 | E5: 二 | F5: 4884312 | G5: =SUM(F5:F11) -> 31759620 | I5: 158031 | J5: =SUM(I5:I11) -> 1022206 | L5: 3270172.8 | M5: =SUM(L5:L11) -> 20915970 | O5: =L5/F5 -> 0.66952577 | P5: =M5/G5 -> 0.65857116 | R5: 768617.64 | S5: =SUM(R5:R11) -> 5357781.8 | U5: =R5/F5 -> 0.15736456 | V5: =S5/G5 -> 0.16869792
D6: =D5+1 -> 46050 | E6: 三 | F6: 4734075.2 | I6: 153374 | L6: 3056358 | O6: =L6/F6 -> 0.64560825 | R6: 765106.55 | U6: =R6/F6 -> 0.1616169
D7: =D6+1 -> 46051 | E7: 四 | F7: 4383675.5 | I7: 141591 | L7: 2886627.7 | O7: =L7/F7 -> 0.65849485 | R7: 749089.25 | U7: =R7/F7 -> 0.17088155
D8: =D7+1 -> 46052 | E8: 五 | F8: 3724978 | I8: 121636 | L8: 2422541.4 | O8: =L8/F8 -> 0.65035052 | R8: 710473.81 | U8: =R8/F8 -> 0.19073235
D9: =D8+1 -> 46053 | E9: 六 | F9: 4007768.4 | I9: 129053 | L9: 2649424.1 | O9: =L9/F9 -> 0.66107216 | R9: 749349.55 | U9: =R9/F9 -> 0.18697427
C10: 二 | D10: 46054 | E10: 日 | F10: 5128838 | H10: =SUM(F10:F37) -> 41250450 | I10: 162127 | K10: =SUM(I10:I37) -> 1326773 | L10: 3450280.4 | N10: =SUM(L10:L37) -> 27233058 | O10: =L10/F10 -> 0.67272165 | Q10: =N10/H10 -> 0.66018814 | R10: 816738.48 | T10: =SUM(R7:R37) -> 9280682.4 | U10: =R10/F10 -> 0.15924435 | W10: =T10/H10 -> 0.22498378
D11: =D10+1 -> 46055 | E11: 一 | F11: 4895972.9 | I11: 156394 | L11: 3180565.3 | O11: =L11/F11 -> 0.64962887 | R11: 798406.55 | U11: =R11/F11 -> 0.16307414
B12: =B5+7 -> 46064 | D12: =D11+1 -> 46056 | E12: 二 | F12: 4840106 | G12: =SUM(F12:F18) -> 31225639 | I12: 156238 | J12: =SUM(I12:I18) -> 1008252 | L12: 3163732.8 | M12: =SUM(L12:L18) -> 20602212 | O12: =L12/F12 -> 0.65364948 | P12: =M12/G12 -> 0.65978512 | R12: 815557.2 | S12: =SUM(R12:R18) -> 5456624.7 | U12: =R12/F12 -> 0.16849986 | V12: =S12/G12 -> 0.17474821
D13: =D12+1 -> 46057 | E13: 三 | F13: 4730102.7 | I13: 152389 | L13: 3110359.5 | O13: =L13/F13 -> 0.65756701 | R13: 776077.2 | U13: =R13/F13 -> 0.16407196
D14: =D13+1 -> 46058 | E14: 四 | F14: 4380960.5 | I14: 141990 | L14: 3009494.1 | O14: =L14/F14 -> 0.68694845 | R14: 800406.53 | U14: =R14/F14 -> 0.18270115
D15: =D14+1 -> 46059 | E15: 五 | F15: 3638268.6 | I15: 119260 | L15: 2380778 | O15: =L15/F15 -> 0.65437113 | R15: 739184.12 | U15: =R15/F15 -> 0.2031692
D16: =D15+1 -> 46060 | E16: 六 | F16: 3904128.8 | I16: 126462 | L16: 2545089.5 | O16: =L16/F16 -> 0.65189691 | R16: 753512.37 | U16: =R16/F16 -> 0.19300397
D17: =D16+1 -> 46061 | E17: 日 | F17: 4998806.5 | I17: 158901 | L17: 3270559.3 | O17: =L17/F17 -> 0.65426804 | R17: 796234.77 | U17: =R17/F17 -> 0.15928497
D18: =D17+1 -> 46062 | E18: 一 | F18: 4733266.2 | I18: 153012 | L18: 3122199 | O18: =L18/F18 -> 0.65962887 | R18: 775652.56 | U18: =R18/F18 -> 0.16387258
B19: =B12+7 -> 46071 | D19: =D18+1 -> 46063 | E19: 二 | G19: =SUM(F19:F25) -> 0 | J19: =SUM(I19:I25) -> 0 | M19: =SUM(L19:L25) -> 0 | O19: =L19/F19 -> #DIV/0! | P19: =M19/G19 -> #DIV/0! | S19: =SUM(R19:R25) -> 0 | U19: =R19/F19 -> #DIV/0! | V19: =S19/G19 -> #DIV/0!
D20: =D19+1 -> 46064 | E20: 三 | O20: =L20/F20 -> #DIV/0! | U20: =R20/F20 -> #DIV/0!
D21: =D20+1 -> 46065 | E21: 四 | O21: =L21/F21 -> #DIV/0! | U21: =R21/F21 -> #DIV/0!
D22: =D21+1 -> 46066 | E22: 五 | O22: =L22/F22 -> #DIV/0! | U22: =R22/F22 -> #DIV/0!
D23: =D22+1 -> 46067 | E23: 六 | O23: =L23/F23 -> #DIV/0! | U23: =R23/F23 -> #DIV/0!
D24: =D23+1 -> 46068 | E24: 日 | O24: =L24/F24 -> #DIV/0! | U24: =R24/F24 -> #DIV/0!
D25: =D24+1 -> 46069 | E25: 一 | O25: =L25/F25 -> #DIV/0! | U25: =R25/F25 -> #DIV/0!
B26: =B19+7 -> 46078 | D26: =D25+1 -> 46070 | E26: 二 | G26: =SUM(F26:F32) -> 0 | J26: =SUM(I26:I32) -> 0 | M26: =SUM(L26:L32) -> 0 | O26: =L26/F26 -> #DIV/0! | P26: =M26/G26 -> #DIV/0! | S26: =SUM(R26:R32) -> 0 | U26: =R26/F26 -> #DIV/0! | V26: =S26/G26 -> #DIV/0!
D27: =D26+1 -> 46071 | E27: 三 | O27: =L27/F27 -> #DIV/0! | U27: =R27/F27 -> #DIV/0!
D28: =D27+1 -> 46072 | E28: 四 | O28: =L28/F28 -> #DIV/0! | U28: =R28/F28 -> #DIV/0!
D29: =D28+1 -> 46073 | E29: 五 | O29: =L29/F29 -> #DIV/0! | U29: =R29/F29 -> #DIV/0!
D30: =D29+1 -> 46074 | E30: 六 | O30: =L30/F30 -> #DIV/0! | U30: =R30/F30 -> #DIV/0!
D31: =D30+1 -> 46075 | E31: 日 | O31: =L31/F31 -> #DIV/0! | U31: =R31/F31 -> #DIV/0!
D32: =D31+1 -> 46076 | E32: 一 | O32: =L32/F32 -> #DIV/0! | U32: =R32/F32 -> #DIV/0!
B33: =B26+7 -> 46085 | D33: =D32+1 -> 46077 | E33: 二 | G33: =SUM(F33:F39) -> 0 | J33: =SUM(I33:I39) -> 0 | M33: =SUM(L33:L39) -> 0 | O33: =L33/F33 -> #DIV/0! | P33: =M33/G33 -> #DIV/0! | S33: =SUM(R33:R39) -> 0 | U33: =R33/F33 -> #DIV/0! | V33: =S33/G33 -> #DIV/0!
D34: =D33+1 -> 46078 | E34: 三 | O34: =L34/F34 -> #DIV/0! | U34: =R34/F34 -> #DIV/0!
D35: =D34+1 -> 46079 | E35: 四 | O35: =L35/F35 -> #DIV/0! | U35: =R35/F35 -> #DIV/0!
D36: =D35+1 -> 46080 | E36: 五 | O36: =L36/F36 -> #DIV/0! | U36: =R36/F36 -> #DIV/0!
D37: =D36+1 -> 46081 | E37: 六 | H37: =SUM(F38:F67) -> 0 | K37: =SUM(I38:I67) -> 0 | O37: =L37/F37 -> #DIV/0! | U37: =R37/F37 -> #DIV/0!
D38: =D37+1 -> 46082 | E38: 日 | N38: =SUM(L38:L65) -> 0 | O38: =L38/F38 -> #DIV/0! | Q38: =N38/H37 -> #DIV/0! | T38: =SUM(R38:R65) -> 0 | U38: =R38/F38 -> #DIV/0! | W38: =T38/H38 -> #DIV/0!
D39: =D38+1 -> 46083 | E39: 一 | O39: =L39/F39 -> #DIV/0! | U39: =R39/F39 -> #DIV/0!
B40: =B33+7 -> 46092 | D40: =D39+1 -> 46084 | E40: 二 | G40: =SUM(F40:F46) -> 0 | J40: =SUM(I40:I46) -> 0 | M40: =SUM(L40:L46) -> 0 | O40: =L40/F40 -> #DIV/0! | P40: =M40/G40 -> #DIV/0! | S40: =SUM(R40:R46) -> 0 | U40: =R40/F40 -> #DIV/0! | V40: =S40/G40 -> #DIV/0!
D41: =D40+1 -> 46085 | E41: 三 | O41: =L41/F41 -> #DIV/0! | U41: =R41/F41 -> #DIV/0!
D42: =D41+1 -> 46086 | E42: 四 | O42: =L42/F42 -> #DIV/0! | U42: =R42/F42 -> #DIV/0!
D43: =D42+1 -> 46087 | E43: 五 | O43: =L43/F43 -> #DIV/0! | U43: =R43/F43 -> #DIV/0!
D44: =D43+1 -> 46088 | E44: 六 | O44: =L44/F44 -> #DIV/0! | U44: =R44/F44 -> #DIV/0!
D45: =D44+1 -> 46089 | E45: 日 | O45: =L45/F45 -> #DIV/0! | U45: =R45/F45 -> #DIV/0!
D46: =D45+1 -> 46090 | E46: 一 | O46: =L46/F46 -> #DIV/0! | U46: =R46/F46 -> #DIV/0!
B47: =B40+7 -> 46099 | D47: =D46+1 -> 46091 | E47: 二 | G47: =SUM(F47:F53) -> 0 | J47: =SUM(I47:I53) -> 0 | M47: =SUM(L47:L53) -> 0 | O47: =L47/F47 -> #DIV/0! | P47: =M47/G47 -> #DIV/0! | S47: =SUM(R47:R53) -> 0 | U47: =R47/F47 -> #DIV/0! | V47: =S47/G47 -> #DIV/0!
D48: =D47+1 -> 46092 | E48: 三 | O48: =L48/F48 -> #DIV/0! | U48: =R48/F48 -> #DIV/0!
D49: =D48+1 -> 46093 | E49: 四 | O49: =L49/F49 -> #DIV/0! | U49: =R49/F49 -> #DIV/0!
D50: =D49+1 -> 46094 | E50: 五 | O50: =L50/F50 -> #DIV/0! | U50: =R50/F50 -> #DIV/0!
D51: =D50+1 -> 46095 | E51: 六 | O51: =L51/F51 -> #DIV/0! | U51: =R51/F51 -> #DIV/0!
D52: =D51+1 -> 46096 | E52: 日 | O52: =L52/F52 -> #DIV/0! | U52: =R52/F52 -> #DIV/0!
D53: =D52+1 -> 46097 | E53: 一 | O53: =L53/F53 -> #DIV/0! | U53: =R53/F53 -> #DIV/0!
B54: =B47+7 -> 46106 | D54: =D53+1 -> 46098 | E54: 二 | G54: =SUM(F54:F60) -> 0 | J54: =SUM(I54:I60) -> 0 | M54: =SUM(L54:L60) -> 0 | O54: =L54/F54 -> #DIV/0! | P54: =M54/G54 -> #DIV/0! | S54: =SUM(R54:R60) -> 0 | U54: =R54/F54 -> #DIV/0! | V54: =S54/G54 -> #DIV/0!
D55: =D54+1 -> 46099 | E55: 三 | O55: =L55/F55 -> #DIV/0! | U55: =R55/F55 -> #DIV/0!
D56: =D55+1 -> 46100 | E56: 四 | O56: =L56/F56 -> #DIV/0! | U56: =R56/F56 -> #DIV/0!
D57: =D56+1 -> 46101 | E57: 五 | O57: =L57/F57 -> #DIV/0! | U57: =R57/F57 -> #DIV/0!
D58: =D57+1 -> 46102 | E58: 六 | O58: =L58/F58 -> #DIV/0! | U58: =R58/F58 -> #DIV/0!
D59: =D58+1 -> 46103 | E59: 日 | O59: =L59/F59 -> #DIV/0! | U59: =R59/F59 -> #DIV/0!
D60: =D59+1 -> 46104 | E60: 一 | O60: =L60/F60 -> #DIV/0! | U60: =R60/F60 -> #DIV/0!
B61: =B54+7 -> 46113 | D61: =D60+1 -> 46105 | E61: 二 | G61: =SUM(F61:F67) -> 0 | J61: =SUM(I61:I67) -> 0 | M61: =SUM(L61:L67) -> 0 | O61: =L61/F61 -> #DIV/0! | P61: =M61/G61 -> #DIV/0! | S61: =SUM(R61:R67) -> 0 | U61: =R61/F61 -> #DIV/0! | V61: =S61/G61 -> #DIV/0!
D62: =D61+1 -> 46106 | E62: 三 | O62: =L62/F62 -> #DIV/0! | U62: =R62/F62 -> #DIV/0!
D63: =D62+1 -> 46107 | E63: 四 | O63: =L63/F63 -> #DIV/0! | U63: =R63/F63 -> #DIV/0!
D64: =D63+1 -> 46108 | E64: 五 | O64: =L64/F64 -> #DIV/0! | U64: =R64/F64 -> #DIV/0!
D65: =D64+1 -> 46109 | E65: 六 | O65: =L65/F65 -> #DIV/0! | U65: =R65/F65 -> #DIV/0!
D66: =D65+1 -> 46110 | E66: 日 | O66: =L66/F66 -> #DIV/0! | U66: =R66/F66 -> #DIV/0!
D67: =D66+1 -> 46111 | E67: 一 | O67: =L67/F67 -> #DIV/0! | U67: =R67/F67 -> #DIV/0!

Sheet （２）ＫＰＩ達成進度
B1: 人時生產性基準值 | C1: 497.6
B2: （２）ＫＰＩ達成進度
B3: 資料繳交日 | C3: 月份 | D3: 日期 | F3: 人時生產性(個/人) | I3: 人時生產性達成率(%) | L3: 半成品報廢(%) | O3: 半成品超用(%) | R3: 固定產線-導入率(固定產線數/總產線數) | U3: 教育訓練-實施率(進度/計畫)
F4: 日 | G4: 週平均 | H4: 月平均 | I4: 日 | J4: 週平均 | K4: 月平均 | L4: 日 | M4: 週平均 | N4: 月平均 | O4: 日 | P4: 週平均 | Q4: 月平均 | R4: 日 | S4: 週平均 | T4: 月平均 | U4: 日 | V4: 週平均 | W4: 月平均
B5: 46057 | D5: 46049 | E5: 二 | F5: 464.44705 | G5: =AVERAGE(F5:F11) -> 471.15538 | I5: =F5/$C$1 -> 0.9333743 | J5: =AVERAGE(I5:I11) -> 0.94685567 | L5: 0.0024116968 | M5: =AVERAGE(L5:L11) -> 0.0024091778 | O5: 0.0054938914 | P5: =AVERAGE(O5:O11) -> 0.0054843793 | R5: 0.9 | S5: =AVERAGE(R5:R11) -> 0.9 | U5: =5/52*100% -> 0.096153846 | V5: =AVERAGE(U5:U11) -> 0.096153846
D6: =D5+1 -> 46050 | E6: 三 | F6: 464.47506 | I6: =F6/$C$1 -> 0.93343059 | L6: 0.00241014 | O6: 0.0054977047 | R6: 0.9 | U6: =5/52*100% -> 0.096153846
D7: =D6+1 -> 46051 | E7: 四 | F7: 463.28113 | I7: =F7/$C$1 -> 0.9310312 | L7: 0.0024038368 | O7: 0.0054877595 | R7: 0.9 | U7: =5/52*100% -> 0.096153846
D8: =D7+1 -> 46052 | E8: 五 | F8: 485.61792 | I8: =F8/$C$1 -> 0.97592025 | L8: 0.0024044941 | O8: 0.0054453132 | R8: 0.9 | U8: =5/52*100% -> 0.096153846
D9: =D8+1 -> 46053 | E9: 六 | F9: 485.65869 | I9: =F9/$C$1 -> 0.9760022 | L9: 0.0024081846 | O9: 0.0054880042 | R9: 0.9 | U9: =5/52*100% -> 0.096153846
C10: 二 | D10: =D9+1 -> 46054 | E10: 日 | F10: 467.59644 | H10: =AVERAGEIF(F10:F37,"<>0") -> 470.87246 | I10: =F10/$C$1 -> 0.93970345 | K10: =AVERAGEIF(I10:I37,"<>0") -> 0.94628709 | L10: 0.0024135408 | N10: =AVERAGEIF(L10:L37,"<>0") -> 0.0024070642 | O10: 0.0055021522 | Q10: =AVERAGEIF(O10:O37,"<>0") -> 0.0054871638 | R10: 0.9 | T10: =AVERAGEIF(R10:R37,"<>0") -> 0.9 | U10: =5/52*100% -> 0.096153846 | W10: =AVERAGEIF(U10:U37,"<>0") -> 0.11111111
D11: =D10+1 -> 46055 | E11: 一 | F11: 467.01138 | I11: =F11/$C$1 -> 0.9385277 | L11: 0.0024123511 | O11: 0.0054758296 | R11: 0.9 | U11: =5/52*100% -> 0.096153846
B12: =B5+7 -> 46064 | D12: =D11+1 -> 46056 | E12: 二 | F12: 467.06788 | G12: =AVERAGE(F12:F18) -> 471.89204 | I12: =F12/$C$1 -> 0.93864123 | J12: =AVERAGE(I12:I18) -> 0.94833609 | L12: 0.0024099596 | M12: =AVERAGE(L12:L18) -> 0.0024053838 | O12: 0.005456354 | P12: =AVERAGE(O12:O18) -> 0.0054866418 | R12: 0.9 | S12: =AVERAGE(R12:R18) -> 0.9 | U12: =6/52*100% -> 0.11538462 | V12: =AVERAGE(U12:U18) -> 0.11538462
D13: =D12+1 -> 46057 | E13: 三 | F13: 467.08348 | I13: =F13/$C$1 -> 0.93867259 | L13: 0.0024057726 | O13: 0.0054342785 | R13: 0.9 | U13: =6/52*100% -> 0.11538462
D14: =D13+1 -> 46058 | E14: 四 | F14: 464.03002 | I14: =F14/$C$1 -> 0.93253622 | L14: 0.0024042543 | O14: 0.0056361359 | R14: 0.9 | U14: =6/52*100% -> 0.11538462
D15: =D14+1 -> 46059 | E15: 五 | F15: 484.44025 | I15: =F15/$C$1 -> 0.97355356 | L15: 0.0024039703 | O15: 0.0056098775 | R15: 0.9 | U15: =6/52*100% -> 0.11538462
D16: =D15+1 -> 46060 | E16: 六 | F16: 488.96905 | I16: =F16/$C$1 -> 0.98265484 | L16: 0.0023935394 | O16: 0.0054016523 | R16: 0.9 | U16: =6/52*100% -> 0.11538462
D17: =D16+1 -> 46061 | E17: 日 | F17: 465.70359 | I17: =F17/$C$1 -> 0.9358995 | L17: 0.0024099821 | O17: 0.0054364217 | R17: 0.9 | U17: =6/52*100% -> 0.11538462
D18: =D17+1 -> 46062 | E18: 一 | F18: 465.95001 | I18: =F18/$C$1 -> 0.93639472 | L18: 0.0024102079 | O18: 0.005431773 | R18: 0.9 | U18: =6/52*100% -> 0.11538462
B19: =B12+7 -> 46071 | D19: =D18+1 -> 46063 | E19: 二 | G19: =AVERAGE(F19:F25) -> #DIV/0! | I19: =F19/$C$1 -> 0 | J19: =AVERAGE(I19:I25) -> 0 | M19: =AVERAGE(L19:L25) -> #DIV/0! | P19: =AVERAGE(O19:O25) -> #DIV/0! | S19: =AVERAGE(R19:R25) -> #DIV/0! | V19: =AVERAGE(U19:U25) -> #DIV/0!
D20: =D19+1 -> 46064 | E20: 三 | I20: =F20/$C$1 -> 0
D21: =D20+1 -> 46065 | E21: 四 | I21: =F21/$C$1 -> 0
D22: =D21+1 -> 46066 | E22: 五 | I22: =F22/$C$1 -> 0
D23: =D22+1 -> 46067 | E23: 六 | I23: =F23/$C$1 -> 0
D24: =D23+1 -> 46068 | E24: 日 | I24: =F24/$C$1 -> 0
D25: =D24+1 -> 46069 | E25: 一 | I25: =F25/$C$1 -> 0
B26: =B19+7 -> 46078 | D26: =D25+1 -> 46070 | E26: 二 | G26: =AVERAGE(F26:F32) -> #DIV/0! | I26: =F26/$C$1 -> 0 | J26: =AVERAGE(I26:I32) -> 0 | M26: =AVERAGE(L26:L32) -> #DIV/0! | P26: =AVERAGE(O26:O32) -> #DIV/0! | S26: =AVERAGE(R26:R32) -> #DIV/0! | V26: =AVERAGE(U26:U32) -> #DIV/0!
D27: =D26+1 -> 46071 | E27: 三 | I27: =F27/$C$1 -> 0
D28: =D27+1 -> 46072 | E28: 四 | I28: =F28/$C$1 -> 0
D29: =D28+1 -> 46073 | E29: 五 | I29: =F29/$C$1 -> 0
D30: =D29+1 -> 46074 | E30: 六 | I30: =F30/$C$1 -> 0
D31: =D30+1 -> 46075 | E31: 日 | I31: =F31/$C$1 -> 0
D32: =D31+1 -> 46076 | E32: 一 | I32: =F32/$C$1 -> 0
B33: =B26+7 -> 46085 | D33: =D32+1 -> 46077 | E33: 二 | G33: =AVERAGE(F33:F39) -> #DIV/0! | I33: =F33/$C$1 -> 0 | J33: =AVERAGE(I33:I39) -> 0 | M33: =AVERAGE(L33:L39) -> #DIV/0! | P33: =AVERAGE(O33:O39) -> #DIV/0! | S33: =AVERAGE(R33:R39) -> #DIV/0! | V33: =AVERAGE(U33:U39) -> #DIV/0!
D34: =D33+1 -> 46078 | E34: 三 | I34: =F34/$C$1 -> 0
D35: =D34+1 -> 46079 | E35: 四 | I35: =F35/$C$1 -> 0
D36: =D35+1 -> 46080 | E36: 五 | I36: =F36/$C$1 -> 0
D37: =D36+1 -> 46081 | E37: 六 | I37: =F37/$C$1 -> 0
D38: =D37+1 -> 46082 | E38: 日 | I38: =F38/$C$1 -> 0
D39: =D38+1 -> 46083 | E39: 一 | I39: =F39/$C$1 -> 0
B40: =B33+7 -> 46092 | D40: =D39+1 -> 46084 | E40: 二 | G40: =AVERAGE(F40:F46) -> #DIV/0! | I40: =F40/$C$1 -> 0 | J40: =AVERAGE(I40:I46) -> 0 | M40: =AVERAGE(L40:L46) -> #DIV/0! | P40: =AVERAGE(O40:O46) -> #DIV/0! | S40: =AVERAGE(R40:R46) -> #DIV/0! | V40: =AVERAGE(U40:U46) -> #DIV/0!
D41: =D40+1 -> 46085 | E41: 三 | I41: =F41/$C$1 -> 0
D42: =D41+1 -> 46086 | E42: 四 | I42: =F42/$C$1 -> 0
D43: =D42+1 -> 46087 | E43: 五 | I43: =F43/$C$1 -> 0
D44: =D43+1 -> 46088 | E44: 六 | I44: =F44/$C$1 -> 0
D45: =D44+1 -> 46089 | E45: 日 | I45: =F45/$C$1 -> 0
D46: =D45+1 -> 46090 | E46: 一 | I46: =F46/$C$1 -> 0

Sheet （３）業績構成比
B2: （3）業績構成比
B3: 資料繳交日 | C3: 月份 | D3: 日期 | F3: 營業額 | I3: 品類業績
I4: 18℃-飯糰 | O4: 18℃-壽司手卷 | U4: 4℃-飯糰 | W4: 4℃-壽司手卷 | Y4: 主食 | AE4: 便當 | AG4: 熱食義麵 | AI4: 季節調理麵 | AK4: 微波小吃
F5: 日 | G5: 週累積 | H5: 月累積 | I5: 一配 | K5: 二配 | M5: 合計 | O5: 一配 | Q5: 二配 | S5: 合計 | U5: 一配 | W5: 一配 | Y5: 一配 | AA5: 二配 | AC5: 合計 | AE5: 一配 | AG5: 一配 | AI5: 一配 | AK5: 一配
I6: 業績(元) | J6: 比例(%) | K6: 業績(元) | L6: 比例(%) | M6: 業績(元) | N6: 比例(%) | O6: 業績(元) | P6: 比例(%) | Q6: 業績(元) | R6: 比例(%) | S6: 業績(元) | T6: 比例(%) | U6: 業績(元) | V6: 比例(%) | W6: 業績(元) | X6: 比例(%) | Y6: 業績(元) | Z6: 比例(%) | AA6: 業績(元) | AB6: 比例(%) | AC6: 業績(元) | AD6: 比例(%) | AE6: 業績(元) | AF6: 比例(%) | AG6: 業績(元) | AH6: 比例(%) | AI6: 業績(元) | AJ6: 比例(%) | AK6: 業績(元) | AL6: 比例(%)
B7: 46057 | D7: 46049 | E7: 二 | F7: =SUM(M7,S7,U7,W7,AC7,AE7,AG7,AI7,AK7) -> 4884312 | G7: =SUM(F7:F13) -> 31759620 | I7: 853494.19 | J7: =I7/$F7 -> 0.17474195 | K7: 910330.83 | L7: =K7/$F7 -> 0.18637852 | M7: =I7+K7 -> 1763825 | N7: =M7/$F7 -> 0.36112046 | O7: 181062.83 | P7: =O7/$F7 -> 0.037070283 | Q7: 139548.3 | R7: =Q7/$F7 -> 0.028570718 | S7: =O7+Q7 -> 320611.13 | T7: =S7/$F7 -> 0.065641001 | U7: 106504.18 | V7: =U7/$F7 -> 0.02180536 | W7: 32784.6 | X7: =W7/$F7 -> 0.0067122247 | Y7: 199716.86 | Z7: =Y7/$F7 -> 0.040889456 | AA7: 564421.27 | AB7: =AA7/$F7 -> 0.11555799 | AC7: =Y7+AA7 -> 764138.13 | AD7: =AC7/$F7 -> 0.15644744 | AE7: 1395175.2 | AF7: =AE7/F7 -> 0.28564415 | AG7: 88700.4 | AH7: =AG7/$F7 -> 0.018160265 | AI7: 245515.77 | AJ7: =AI7/$F7 -> 0.050266193 | AK7: 167057.65 | AL7: =AK7/$F7 -> 0.034202903
D8: 46050 | E8: 三 | F8: =SUM(M8,S8,U8,W8,AC8,AE8,AG8,AI8,AK8) -> 4734075.2 | I8: 831988.56 | J8: =I8/$F8 -> 0.17574469 | K8: 862624.73 | L8: =K8/$F8 -> 0.1822161 | M8: =I8+K8 -> 1694613.3 | N8: =M8/F8 -> 0.35796079 | O8: 194239.53 | P8: =O8/$F8 -> 0.04103009 | Q8: 145026.12 | R8: =Q8/$F8 -> 0.03063452 | S8: =O8+Q8 -> 339265.65 | T8: =S8/F8 -> 0.07166461 | U8: 100287.54 | V8: =U8/F8 -> 0.021184188 | W8: 34407.6 | X8: =W8/$F8 -> 0.0072680722 | Y8: 190576.89 | Z8: =Y8/$F8 -> 0.040256414 | AA8: 541555.91 | AB8: =AA8/$F8 -> 0.11439529 | AC8: =Y8+AA8 -> 732132.8 | AD8: =AC8/$F8 -> 0.15465171 | AE8: 1316021 | AF8: =AE8/F8 -> 0.27798905 | AG8: 90992.4 | AH8: =AG8/$F8 -> 0.019220734 | AI8: 252653.35 | AJ8: =AI8/$F8 -> 0.053369104 | AK8: 173701.51 | AL8: =AK8/$F8 -> 0.036691751
D9: 46051 | E9: 四 | F9: =SUM(M9,S9,U9,W9,AC9,AE9,AG9,AI9,AK9) -> 4383675.5 | I9: 781634.2 | J9: =I9/$F9 -> 0.17830567 | K9: 765589.38 | L9: =K9/$F9 -> 0.17464554 | M9: =I9+K9 -> 1547223.6 | N9: =M9/$F9 -> 0.35295122 | O9: 187197.27 | P9: =O9/$F9 -> 0.042703269 | Q9: 149643.08 | R9: =Q9/$F9 -> 0.034136441 | S9: =O9+Q9 -> 336840.35 | T9: =S9/$F9 -> 0.07683971 | U9: 99056.27 | V9: =U9/$F9 -> 0.022596625 | W9: 33190.35 | X9: =W9/$F9 -> 0.007571352 | Y9: 179620.28 | Z9: =Y9/$F9 -> 0.040974813 | AA9: 446540.55 | AB9: =AA9/$F9 -> 0.10186442 | AC9: =Y9+AA9 -> 626160.83 | AD9: =AC9/$F9 -> 0.14283923 | AE9: 1223384.5 | AF9: =AE9/F9 -> 0.27907735 | AG9: 93628.2 | AH9: =AG9/$F9 -> 0.021358379 | AI9: 254604.91 | AJ9: =AI9/$F9 -> 0.058080237 | AK9: 169586.43 | AL9: =AK9/$F9 -> 0.0386859
D10: 46052 | E10: 五 | F10: =SUM(M10,S10,U10,W10,AC10,AE10,AG10,AI10,AK10) -> 3724978 | I10: 613209.19 | J10: =I10/$F10 -> 0.16462089 | K10: 738110.29 | L10: =K10/$F10 -> 0.19815158 | M10: =I10+K10 -> 1351319.5 | N10: =M10/F10 -> 0.36277247 | O10: 132952.63 | P10: =O10/$F10 -> 0.035692192 | Q10: 118971.19 | R10: =Q10/$F10 -> 0.031938763 | S10: =O10+Q10 -> 251923.82 | T10: =S10/F10 -> 0.067630955 | U10: 79282.88 | V10: =U10/F10 -> 0.02128412 | W10: 25886.85 | X10: =W10/$F10 -> 0.0069495309 | Y10: 174056.82 | Z10: =Y10/$F10 -> 0.046726939 | AA10: 463375.93 | AB10: =AA10/$F10 -> 0.12439696 | AC10: =Y10+AA10 -> 637432.75 | AD10: =AC10/$F10 -> 0.1711239 | AE10: 961597.17 | AF10: =AE10/F10 -> 0.25814841 | AG10: 72541.8 | AH10: =AG10/$F10 -> 0.019474424 | AI10: 209875.57 | AJ10: =AI10/$F10 -> 0.056342767 | AK10: 135117.7 | AL10: =AK10/$F10 -> 0.036273422
D11: 46053 | E11: 六 | F11: =SUM(M11,S11,U11,W11,AC11,AE11,AG11,AI11,AK11) -> 4007768.4 | I11: 579928.73 | J11: =I11/$F11 -> 0.14470116 | K11: 832680.89 | L11: =K11/$F11 -> 0.20776672 | M11: =I11+K11 -> 1412609.6 | N11: =M11/$F11 -> 0.35246788 | O11: 125493.32 | P11: =O11/$F11 -> 0.031312518 | Q11: 113295.76 | R11: =Q11/$F11 -> 0.028269039 | S11: =O11+Q11 -> 238789.08 | T11: =S11/$F11 -> 0.059581557 | U11: 86337.3 | V11: =U11/$F11 -> 0.021542487 | W11: 26563.1 | X11: =W11/$F11 -> 0.0066279029 | Y11: 193756.01 | Z11: =Y11/$F11 -> 0.048345111 | AA11: 524242.37 | AB11: =AA11/$F11 -> 0.13080655 | AC11: =Y11+AA11 -> 717998.38 | AD11: =AC11/$F11 -> 0.17915166 | AE11: 1049859.4 | AF11: =AE11/F11 -> 0.2619561 | AG11: 87038.7 | AH11: =AG11/$F11 -> 0.021717497 | AI11: 224467.83 | AJ11: =AI11/$F11 -> 0.056008184 | AK11: 164105.01 | AL11: =AK11/$F11 -> 0.04094673
C12: 二 | D12: 46054 | E12: 日 | F12: =SUM(M12,S12,U12,W12,AC12,AE12,AG12,AI12,AK12) -> 5128838 | H12: =SUM(F12:F39) -> 41250450 | I12: 822588.93 | J12: =I12/$F12 -> 0.16038505 | K12: 921629.34 | L12: =K12/$F12 -> 0.17969554 | M12: =I12+K12 -> 1744218.3 | N12: =M12/F12 -> 0.34008059 | O12: 196730.22 | P12: =O12/$F12 -> 0.038357659 | Q12: 140075.05 | R12: =Q12/$F12 -> 0.027311264 | S12: =O12+Q12 -> 336805.27 | T12: =S12/F12 -> 0.065668923 | U12: 111357.12 | V12: =U12/F12 -> 0.021711959 | W12: 34786.3 | X12: =W12/$F12 -> 0.0067824915 | Y12: 212944.27 | Z12: =Y12/$F12 -> 0.041519009 | AA12: 608050.05 | AB12: =AA12/$F12 -> 0.11855513 | AC12: =Y12+AA12 -> 820994.32 | AD12: =AC12/$F12 -> 0.16007414 | AE12: 1637542.5 | AF12: =AE12/F12 -> 0.31928139 | AG12: 85606.2 | AH12: =AG12/$F12 -> 0.016691149 | AI12: 207174.87 | AJ12: =AI12/$F12 -> 0.040394115 | AK12: 150353.13 | AL12: =AK12/$F12 -> 0.029315242
D13: 46055 | E13: 一 | F13: =SUM(M13,S13,U13,W13,AC13,AE13,AG13,AI13,AK13) -> 4895972.9 | I13: 795637.69 | J13: =I13/$F13 -> 0.1625086 | K13: 900596.82 | L13: =K13/$F13 -> 0.18394645 | M13: =I13+K13 -> 1696234.5 | N13: =M13/$F13 -> 0.34645504 | O13: 185830.13 | P13: =O13/$F13 -> 0.03795571 | Q13: 140641.23 | R13: =Q13/$F13 -> 0.0287259 | S13: =O13+Q13 -> 326471.36 | T13: =S13/$F13 -> 0.066681611 | U13: 98762.34 | V13: =U13/$F13 -> 0.020172158 | W13: 33460.85 | X13: =W13/$F13 -> 0.0068343618 | Y13: 212149.49 | Z13: =Y13/$F13 -> 0.043331426 | AA13: 571236.47 | AB13: =AA13/$F13 -> 0.11667476 | AC13: =Y13+AA13 -> 783385.96 | AD13: =AC13/$F13 -> 0.16000619 | AE13: 1441498.8 | AF13: =AE13/F13 -> 0.2944254 | AG13: 96206.7 | AH13: =AG13/$F13 -> 0.01965017 | AI13: 242716.64 | AJ13: =AI13/$F13 -> 0.049574751 | AK13: 177235.75 | AL13: =AK13/$F13 -> 0.036200313
B14: 46058 | D14: 46056 | E14: 二 | F14: =SUM(M14,S14,U14,W14,AC14,AE14,AG14,AI14,AK14) -> 4840106 | G14: =SUM(F14:F20) -> 31225639 | I14: 805654.11 | J14: =I14/$F14 -> 0.16645382 | K14: 903998.27 | L14: =K14/$F14 -> 0.18677241 | M14: =I14+K14 -> 1709652.4 | N14: =M14/$F14 -> 0.35322623 | O14: 189898.68 | P14: =O14/$F14 -> 0.039234405 | Q14: 148484.16 | R14: =Q14/$F14 -> 0.030677874 | S14: =O14+Q14 -> 338382.84 | T14: =S14/$F14 -> 0.069912279 | U14: 98046.38 | V14: =U14/$F14 -> 0.020257073 | W14: 34353.5 | X14: =W14/$F14 -> 0.0070976751 | Y14: 203577.22 | Z14: =Y14/$F14 -> 0.042060488 | AA14: 596197.07 | AB14: =AA14/$F14 -> 0.12317852 | AC14: =Y14+AA14 -> 799774.29 | AD14: =AC14/$F14 -> 0.165239 | AE14: 1378129.2 | AF14: =AE14/F14 -> 0.2847312 | AG14: 84975.9 | AH14: =AG14/$F14 -> 0.01755662 | AI14: 226898.62 | AJ14: =AI14/$F14 -> 0.046878853 | AK14: 169892.89 | AL14: =AK14/$F14 -> 0.035101068
D15: 46057 | E15: 三 | F15: =SUM(M15,S15,U15,W15,AC15,AE15,AG15,AI15,AK15) -> 4730102.7 | I15: 798741.87 | J15: =I15/$F15 -> 0.16886354 | K15: 860524.79 | L15: =K15/$F15 -> 0.18192518 | M15: =I15+K15 -> 1659266.7 | N15: =M15/F15 -> 0.35078872 | O15: 204275.72 | P15: =O15/$F15 -> 0.043186318 | Q15: 151374.66 | R15: =Q15/$F15 -> 0.032002404 | S15: =O15+Q15 -> 355650.38 | T15: =S15/F15 -> 0.075188722 | U15: 97169.36 | V15: =U15/F15 -> 0.020542759 | W15: 33379.7 | X15: =W15/$F15 -> 0.0070568658 | Y15: 197446.06 | Z15: =Y15/$F15 -> 0.041742447 | AA15: 555977.34 | AB15: =AA15/$F15 -> 0.11754023 | AC15: =Y15+AA15 -> 753423.4 | AD15: =AC15/$F15 -> 0.15928267 | AE15: 1302867.9 | AF15: =AE15/F15 -> 0.27544179 | AG15: 82683.9 | AH15: =AG15/$F15 -> 0.01748036 | AI15: 248743.8 | AJ15: =AI15/$F15 -> 0.052587399 | AK15: 196917.57 | AL15: =AK15/$F15 -> 0.041630717
D16: 46058 | E16: 四 | F16: =SUM(M16,S16,U16,W16,AC16,AE16,AG16,AI16,AK16) -> 4380960.5 | I16: 759713.44 | J16: =I16/$F16 -> 0.17341253 | K16: 781752.39 | L16: =K16/$F16 -> 0.17844315 | M16: =I16+K16 -> 1541465.8 | N16: =M16/$F16 -> 0.35185568 | O16: 200678.65 | P16: =O16/$F16 -> 0.045806998 | Q16: 150870.35 | R16: =Q16/$F16 -> 0.034437733 | S16: =O16+Q16 -> 351549 | T16: =S16/$F16 -> 0.080244731 | U16: 87760.73 | V16: =U16/$F16 -> 0.020032303 | W16: 32730.5 | X16: =W16/$F16 -> 0.0074710785 | Y16: 184672.81 | Z16: =Y16/$F16 -> 0.042153498 | AA16: 447847.86 | AB16: =AA16/$F16 -> 0.10222595 | AC16: =Y16+AA16 -> 632520.67 | AD16: =AC16/$F16 -> 0.14437945 | AE16: 1223663.9 | AF16: =AE16/F16 -> 0.27931407 | AG16: 85262.4 | AH16: =AG16/$F16 -> 0.019462033 | AI16: 229490.12 | AJ16: =AI16/$F16 -> 0.052383517 | AK16: 196517.38 | AL16: =AK16/$F16 -> 0.044857145
D17: 46059 | E17: 五 | F17: =SUM(M17,S17,U17,W17,AC17,AE17,AG17,AI17,AK17) -> 3638268.6 | I17: 589942.58 | J17: =I17/$F17 -> 0.16214926 | K17: 731719.39 | L17: =K17/$F17 -> 0.20111747 | M17: =I17+K17 -> 1321662 | N17: =M17/F17 -> 0.36326673 | O17: 135346.13 | P17: =O17/$F17 -> 0.037200697 | Q17: 121416.47 | R17: =Q17/$F17 -> 0.033372046 | S17: =O17+Q17 -> 256762.6 | T17: =S17/F17 -> 0.070572743 | U17: 69068.22 | V17: =U17/F17 -> 0.018983815 | W17: 21450.65 | X17: =W17/$F17 -> 0.00589584 | Y17: 169004.29 | Z17: =Y17/$F17 -> 0.046451845 | AA17: 468514.79 | AB17: =AA17/$F17 -> 0.12877411 | AC17: =Y17+AA17 -> 637519.08 | AD17: =AC17/$F17 -> 0.17522595 | AE17: 965034.65 | AF17: =AE17/F17 -> 0.26524557 | AG17: 62915.4 | AH17: =AG17/$F17 -> 0.017292676 | AI17: 150301.77 | AJ17: =AI17/$F17 -> 0.041311345 | AK17: 153554.31 | AL17: =AK17/$F17 -> 0.042205325
D18: 46060 | E18: 六 | F18: =SUM(M18,S18,U18,W18,AC18,AE18,AG18,AI18,AK18) -> 3904128.8 | I18: 550717.77 | J18: =I18/$F18 -> 0.14106035 | K18: 836143.76 | L18: =K18/$F18 -> 0.2141691 | M18: =I18+K18 -> 1386861.5 | N18: =M18/$F18 -> 0.35522945 | O18: 125007.97 | P18: =O18/$F18 -> 0.032019428 | Q18: 114762.48 | R18: =Q18/$F18 -> 0.029395157 | S18: =O18+Q18 -> 239770.45 | T18: =S18/$F18 -> 0.061414585 | U18: 73242.04 | V18: =U18/$F18 -> 0.01876015 | W18: 21071.95 | X18: =W18/$F18 -> 0.0053973501 | Y18: 192563.84 | Z18: =Y18/$F18 -> 0.049323127 | AA18: 512199.33 | AB18: =AA18/$F18 -> 0.13119427 | AC18: =Y18+AA18 -> 704763.17 | AD18: =AC18/$F18 -> 0.1805174 | AE18: 1046882.6 | AF18: =AE18/F18 -> 0.26814756 | AG18: 80391.9 | AH18: =AG18/$F18 -> 0.020591508 | AI18: 152212.68 | AJ18: =AI18/$F18 -> 0.038987617 | AK18: 198932.45 | AL18: =AK18/$F18 -> 0.050954377
D19: 46061 | E19: 日 | F19: =SUM(M19,S19,U19,W19,AC19,AE19,AG19,AI19,AK19) -> 4998806.5 | I19: 795904.07 | J19: =I19/$F19 -> 0.15921882 | K19: 919470.56 | L19: =K19/$F19 -> 0.18393802 | M19: =I19+K19 -> 1715374.6 | N19: =M19/F19 -> 0.34315684 | O19: 201984.05 | P19: =O19/$F19 -> 0.040406455 | Q19: 143487.92 | R19: =Q19/$F19 -> 0.028704436 | S19: =O19+Q19 -> 345471.97 | T19: =S19/F19 -> 0.069110891 | U19: 94255.65 | V19: =U19/F19 -> 0.018855631 | W19: 23722.85 | X19: =W19/$F19 -> 0.0047457028 | Y19: 216577.55 | Z19: =Y19/$F19 -> 0.043325852 | AA19: 605602.38 | AB19: =AA19/$F19 -> 0.12114939 | AC19: =Y19+AA19 -> 822179.93 | AD19: =AC19/$F19 -> 0.16447525 | AE19: 1586999.4 | AF19: =AE19/F19 -> 0.31747565 | AG19: 79990.8 | AH19: =AG19/$F19 -> 0.01600198 | AI19: 156005.14 | AJ19: =AI19/$F19 -> 0.031208477 | AK19: 174806.18 | AL19: =AK19/$F19 -> 0.034969583
D20: 46062 | E20: 一 | F20: =SUM(M20,S20,U20,W20,AC20,AE20,AG20,AI20,AK20) -> 4733266.2 | I20: 775970.3 | J20: =I20/$F20 -> 0.16393971 | K20: 901679.03 | L20: =K20/$F20 -> 0.19049827 | M20: =I20+K20 -> 1677649.3 | N20: =M20/$F20 -> 0.35443798 | O20: 191473.16 | P20: =O20/$F20 -> 0.04045265 | Q20: 143278.46 | R20: =Q20/$F20 -> 0.030270526 | S20: =O20+Q20 -> 334751.62 | T20: =S20/$F20 -> 0.070723176 | U20: 83646.27 | V20: =U20/$F20 -> 0.017671998 | W20: 26346.7 | X20: =W20/$F20 -> 0.0055662831 | Y20: 213852.59 | Z20: =Y20/$F20 -> 0.045180765 | AA20: 568050.39 | AB20: =AA20/$F20 -> 0.12001235 | AC20: =Y20+AA20 -> 781902.98 | AD20: =AC20/$F20 -> 0.16519311 | AE20: 1407917 | AF20: =AE20/F20 -> 0.29745148 | AG20: 91221.6 | AH20: =AG20/$F20 -> 0.019272442 | AI20: 182235.28 | AJ20: =AI20/$F20 -> 0.038500957 | AK20: 147595.41 | AL20: =AK20/$F20 -> 0.031182571
B21: =B14+7 -> 46065 | D21: 46063 | E21: 二 | G21: =SUM(F21:F27) -> 0 | J21: =I21/$F21 -> #DIV/0! | L21: =K21/$F21 -> #DIV/0! | M21: =I21+K21 -> 0 | N21: =M21/$F21 -> #DIV/0! | P21: =O21/$F21 -> #DIV/0! | R21: =Q21/$F21 -> #DIV/0! | S21: =O21+Q21 -> 0 | T21: =S21/$F21 -> #DIV/0! | V21: =U21/$F21 -> #DIV/0! | X21: =W21/$F21 -> #DIV/0! | Z21: =Y21/$F21 -> #DIV/0! | AB21: =AA21/$F21 -> #DIV/0! | AC21: =Y21+AA21 -> 0 | AD21: =AC21/$F21 -> #DIV/0! | AF21: =AE21/F21 -> #DIV/0! | AH21: =AG21/$F21 -> #DIV/0! | AJ21: =AI21/$F21 -> #DIV/0! | AL21: =AK21/$F21 -> #DIV/0!
D22: 46064 | E22: 三 | J22: =I22/$F22 -> #DIV/0! | L22: =K22/$F22 -> #DIV/0! | M22: =I22+K22 -> 0 | N22: =M22/F22 -> #DIV/0! | P22: =O22/$F22 -> #DIV/0! | R22: =Q22/$F22 -> #DIV/0! | S22: =O22+Q22 -> 0 | T22: =S22/F22 -> #DIV/0! | V22: =U22/F22 -> #DIV/0! | X22: =W22/$F22 -> #DIV/0! | Z22: =Y22/$F22 -> #DIV/0! | AB22: =AA22/$F22 -> #DIV/0! | AC22: =Y22+AA22 -> 0 | AD22: =AC22/$F22 -> #DIV/0! | AF22: =AE22/F22 -> #DIV/0! | AH22: =AG22/$F22 -> #DIV/0! | AJ22: =AI22/$F22 -> #DIV/0! | AL22: =AK22/$F22 -> #DIV/0!
D23: 46065 | E23: 四 | J23: =I23/$F23 -> #DIV/0! | L23: =K23/$F23 -> #DIV/0! | M23: =I23+K23 -> 0 | N23: =M23/$F23 -> #DIV/0! | P23: =O23/$F23 -> #DIV/0! | R23: =Q23/$F23 -> #DIV/0! | S23: =O23+Q23 -> 0 | T23: =S23/$F23 -> #DIV/0! | V23: =U23/$F23 -> #DIV/0! | X23: =W23/$F23 -> #DIV/0! | Z23: =Y23/$F23 -> #DIV/0! | AB23: =AA23/$F23 -> #DIV/0! | AC23: =Y23+AA23 -> 0 | AD23: =AC23/$F23 -> #DIV/0! | AF23: =AE23/F23 -> #DIV/0! | AH23: =AG23/$F23 -> #DIV/0! | AJ23: =AI23/$F23 -> #DIV/0! | AL23: =AK23/$F23 -> #DIV/0!
D24: 46066 | E24: 五 | J24: =I24/$F24 -> #DIV/0! | L24: =K24/$F24 -> #DIV/0! | M24: =I24+K24 -> 0 | N24: =M24/F24 -> #DIV/0! | P24: =O24/$F24 -> #DIV/0! | R24: =Q24/$F24 -> #DIV/0! | S24: =O24+Q24 -> 0 | T24: =S24/F24 -> #DIV/0! | V24: =U24/F24 -> #DIV/0! | X24: =W24/$F24 -> #DIV/0! | Z24: =Y24/$F24 -> #DIV/0! | AB24: =AA24/$F24 -> #DIV/0! | AC24: =Y24+AA24 -> 0 | AD24: =AC24/$F24 -> #DIV/0! | AF24: =AE24/F24 -> #DIV/0! | AH24: =AG24/$F24 -> #DIV/0! | AJ24: =AI24/$F24 -> #DIV/0! | AL24: =AK24/$F24 -> #DIV/0!
D25: 46067 | E25: 六 | J25: =I25/$F25 -> #DIV/0! | L25: =K25/$F25 -> #DIV/0! | M25: =I25+K25 -> 0 | N25: =M25/$F25 -> #DIV/0! | P25: =O25/$F25 -> #DIV/0! | R25: =Q25/$F25 -> #DIV/0! | S25: =O25+Q25 -> 0 | T25: =S25/$F25 -> #DIV/0! | V25: =U25/$F25 -> #DIV/0! | X25: =W25/$F25 -> #DIV/0! | Z25: =Y25/$F25 -> #DIV/0! | AB25: =AA25/$F25 -> #DIV/0! | AC25: =Y25+AA25 -> 0 | AD25: =AC25/$F25 -> #DIV/0! | AF25: =AE25/F25 -> #DIV/0! | AH25: =AG25/$F25 -> #DIV/0! | AJ25: =AI25/$F25 -> #DIV/0! | AL25: =AK25/$F25 -> #DIV/0!
D26: 46068 | E26: 日 | J26: =I26/$F26 -> #DIV/0! | L26: =K26/$F26 -> #DIV/0! | M26: =I26+K26 -> 0 | N26: =M26/F26 -> #DIV/0! | P26: =O26/$F26 -> #DIV/0! | R26: =Q26/$F26 -> #DIV/0! | S26: =O26+Q26 -> 0 | T26: =S26/F26 -> #DIV/0! | V26: =U26/F26 -> #DIV/0! | X26: =W26/$F26 -> #DIV/0! | Z26: =Y26/$F26 -> #DIV/0! | AB26: =AA26/$F26 -> #DIV/0! | AC26: =Y26+AA26 -> 0 | AD26: =AC26/$F26 -> #DIV/0! | AF26: =AE26/F26 -> #DIV/0! | AH26: =AG26/$F26 -> #DIV/0! | AJ26: =AI26/$F26 -> #DIV/0! | AL26: =AK26/$F26 -> #DIV/0!
D27: 46069 | E27: 一 | J27: =I27/$F27 -> #DIV/0! | L27: =K27/$F27 -> #DIV/0! | M27: =I27+K27 -> 0 | N27: =M27/$F27 -> #DIV/0! | P27: =O27/$F27 -> #DIV/0! | R27: =Q27/$F27 -> #DIV/0! | S27: =O27+Q27 -> 0 | T27: =S27/$F27 -> #DIV/0! | V27: =U27/$F27 -> #DIV/0! | X27: =W27/$F27 -> #DIV/0! | Z27: =Y27/$F27 -> #DIV/0! | AB27: =AA27/$F27 -> #DIV/0! | AC27: =Y27+AA27 -> 0 | AD27: =AC27/$F27 -> #DIV/0! | AF27: =AE27/F27 -> #DIV/0! | AH27: =AG27/$F27 -> #DIV/0! | AJ27: =AI27/$F27 -> #DIV/0! | AL27: =AK27/$F27 -> #DIV/0!
B28: =B21+7 -> 46072 | D28: 46070 | E28: 二 | G28: =SUM(F28:F34) -> 0 | J28: =I28/$F28 -> #DIV/0! | L28: =K28/$F28 -> #DIV/0! | M28: =I28+K28 -> 0 | N28: =M28/$F28 -> #DIV/0! | P28: =O28/$F28 -> #DIV/0! | R28: =Q28/$F28 -> #DIV/0! | S28: =O28+Q28 -> 0 | T28: =S28/$F28 -> #DIV/0! | V28: =U28/$F28 -> #DIV/0! | X28: =W28/$F28 -> #DIV/0! | Z28: =Y28/$F28 -> #DIV/0! | AB28: =AA28/$F28 -> #DIV/0! | AC28: =Y28+AA28 -> 0 | AD28: =AC28/$F28 -> #DIV/0! | AF28: =AE28/F28 -> #DIV/0! | AH28: =AG28/$F28 -> #DIV/0! | AJ28: =AI28/$F28 -> #DIV/0! | AL28: =AK28/$F28 -> #DIV/0!
D29: 46071 | E29: 三 | J29: =I29/$F29 -> #DIV/0! | L29: =K29/$F29 -> #DIV/0! | M29: =I29+K29 -> 0 | N29: =M29/F29 -> #DIV/0! | P29: =O29/$F29 -> #DIV/0! | R29: =Q29/$F29 -> #DIV/0! | S29: =O29+Q29 -> 0 | T29: =S29/F29 -> #DIV/0! | V29: =U29/F29 -> #DIV/0! | X29: =W29/$F29 -> #DIV/0! | Z29: =Y29/$F29 -> #DIV/0! | AB29: =AA29/$F29 -> #DIV/0! | AC29: =Y29+AA29 -> 0 | AD29: =AC29/$F29 -> #DIV/0! | AF29: =AE29/F29 -> #DIV/0! | AH29: =AG29/$F29 -> #DIV/0! | AJ29: =AI29/$F29 -> #DIV/0! | AL29: =AK29/$F29 -> #DIV/0!
D30: 46072 | E30: 四 | J30: =I30/$F30 -> #DIV/0! | L30: =K30/$F30 -> #DIV/0! | M30: =I30+K30 -> 0 | N30: =M30/$F30 -> #DIV/0! | P30: =O30/$F30 -> #DIV/0! | R30: =Q30/$F30 -> #DIV/0! | S30: =O30+Q30 -> 0 | T30: =S30/$F30 -> #DIV/0! | V30: =U30/$F30 -> #DIV/0! | X30: =W30/$F30 -> #DIV/0! | Z30: =Y30/$F30 -> #DIV/0! | AB30: =AA30/$F30 -> #DIV/0! | AC30: =Y30+AA30 -> 0 | AD30: =AC30/$F30 -> #DIV/0! | AF30: =AE30/F30 -> #DIV/0! | AH30: =AG30/$F30 -> #DIV/0! | AJ30: =AI30/$F30 -> #DIV/0! | AL30: =AK30/$F30 -> #DIV/0!
D31: 46073 | E31: 五 | J31: =I31/$F31 -> #DIV/0! | L31: =K31/$F31 -> #DIV/0! | M31: =I31+K31 -> 0 | N31: =M31/F31 -> #DIV/0! | P31: =O31/$F31 -> #DIV/0! | R31: =Q31/$F31 -> #DIV/0! | S31: =O31+Q31 -> 0 | T31: =S31/F31 -> #DIV/0! | V31: =U31/F31 -> #DIV/0! | X31: =W31/$F31 -> #DIV/0! | Z31: =Y31/$F31 -> #DIV/0! | AB31: =AA31/$F31 -> #DIV/0! | AC31: =Y31+AA31 -> 0 | AD31: =AC31/$F31 -> #DIV/0! | AF31: =AE31/F31 -> #DIV/0! | AH31: =AG31/$F31 -> #DIV/0! | AJ31: =AI31/$F31 -> #DIV/0! | AL31: =AK31/$F31 -> #DIV/0!
D32: 46074 | E32: 六 | J32: =I32/$F32 -> #DIV/0! | L32: =K32/$F32 -> #DIV/0! | M32: =I32+K32 -> 0 | N32: =M32/$F32 -> #DIV/0! | P32: =O32/$F32 -> #DIV/0! | R32: =Q32/$F32 -> #DIV/0! | S32: =O32+Q32 -> 0 | T32: =S32/$F32 -> #DIV/0! | V32: =U32/$F32 -> #DIV/0! | X32: =W32/$F32 -> #DIV/0! | Z32: =Y32/$F32 -> #DIV/0! | AB32: =AA32/$F32 -> #DIV/0! | AC32: =Y32+AA32 -> 0 | AD32: =AC32/$F32 -> #DIV/0! | AF32: =AE32/F32 -> #DIV/0! | AH32: =AG32/$F32 -> #DIV/0! | AJ32: =AI32/$F32 -> #DIV/0! | AL32: =AK32/$F32 -> #DIV/0!
D33: 46075 | E33: 日 | J33: =I33/$F33 -> #DIV/0! | L33: =K33/$F33 -> #DIV/0! | M33: =I33+K33 -> 0 | N33: =M33/F33 -> #DIV/0! | P33: =O33/$F33 -> #DIV/0! | R33: =Q33/$F33 -> #DIV/0! | S33: =O33+Q33 -> 0 | T33: =S33/F33 -> #DIV/0! | V33: =U33/F33 -> #DIV/0! | X33: =W33/$F33 -> #DIV/0! | Z33: =Y33/$F33 -> #DIV/0! | AB33: =AA33/$F33 -> #DIV/0! | AC33: =Y33+AA33 -> 0 | AD33: =AC33/$F33 -> #DIV/0! | AF33: =AE33/F33 -> #DIV/0! | AH33: =AG33/$F33 -> #DIV/0! | AJ33: =AI33/$F33 -> #DIV/0! | AL33: =AK33/$F33 -> #DIV/0!
D34: 46076 | E34: 一 | J34: =I34/$F34 -> #DIV/0! | L34: =K34/$F34 -> #DIV/0! | M34: =I34+K34 -> 0 | N34: =M34/$F34 -> #DIV/0! | P34: =O34/$F34 -> #DIV/0! | R34: =Q34/$F34 -> #DIV/0! | S34: =O34+Q34 -> 0 | T34: =S34/$F34 -> #DIV/0! | V34: =U34/$F34 -> #DIV/0! | X34: =W34/$F34 -> #DIV/0! | Z34: =Y34/$F34 -> #DIV/0! | AB34: =AA34/$F34 -> #DIV/0! | AC34: =Y34+AA34 -> 0 | AD34: =AC34/$F34 -> #DIV/0! | AF34: =AE34/F34 -> #DIV/0! | AH34: =AG34/$F34 -> #DIV/0! | AJ34: =AI34/$F34 -> #DIV/0! | AL34: =AK34/$F34 -> #DIV/0!
B35: =B28+7 -> 46079 | D35: 46077 | E35: 二 | G35: =SUM(F35:F41) -> 0 | J35: =I35/$F35 -> #DIV/0! | L35: =K35/$F35 -> #DIV/0! | M35: =I35+K35 -> 0 | N35: =M35/$F35 -> #DIV/0! | P35: =O35/$F35 -> #DIV/0! | R35: =Q35/$F35 -> #DIV/0! | S35: =O35+Q35 -> 0 | T35: =S35/$F35 -> #DIV/0! | V35: =U35/$F35 -> #DIV/0! | X35: =W35/$F35 -> #DIV/0! | Z35: =Y35/$F35 -> #DIV/0! | AB35: =AA35/$F35 -> #DIV/0! | AC35: =Y35+AA35 -> 0 | AD35: =AC35/$F35 -> #DIV/0! | AF35: =AE35/F35 -> #DIV/0! | AH35: =AG35/$F35 -> #DIV/0! | AJ35: =AI35/$F35 -> #DIV/0! | AL35: =AK35/$F35 -> #DIV/0!
D36: 46078 | E36: 三 | J36: =I36/$F36 -> #DIV/0! | L36: =K36/$F36 -> #DIV/0! | M36: =I36+K36 -> 0 | N36: =M36/F36 -> #DIV/0! | P36: =O36/$F36 -> #DIV/0! | R36: =Q36/$F36 -> #DIV/0! | S36: =O36+Q36 -> 0 | T36: =S36/F36 -> #DIV/0! | V36: =U36/F36 -> #DIV/0! | X36: =W36/$F36 -> #DIV/0! | Z36: =Y36/$F36 -> #DIV/0! | AB36: =AA36/$F36 -> #DIV/0! | AC36: =Y36+AA36 -> 0 | AD36: =AC36/$F36 -> #DIV/0! | AF36: =AE36/F36 -> #DIV/0! | AH36: =AG36/$F36 -> #DIV/0! | AJ36: =AI36/$F36 -> #DIV/0! | AL36: =AK36/$F36 -> #DIV/0!
D37: 46079 | E37: 四 | J37: =I37/$F37 -> #DIV/0! | L37: =K37/$F37 -> #DIV/0! | M37: =I37+K37 -> 0 | N37: =M37/$F37 -> #DIV/0! | P37: =O37/$F37 -> #DIV/0! | R37: =Q37/$F37 -> #DIV/0! | S37: =O37+Q37 -> 0 | T37: =S37/$F37 -> #DIV/0! | V37: =U37/$F37 -> #DIV/0! | X37: =W37/$F37 -> #DIV/0! | Z37: =Y37/$F37 -> #DIV/0! | AB37: =AA37/$F37 -> #DIV/0! | AC37: =Y37+AA37 -> 0 | AD37: =AC37/$F37 -> #DIV/0! | AF37: =AE37/F37 -> #DIV/0! | AH37: =AG37/$F37 -> #DIV/0! | AJ37: =AI37/$F37 -> #DIV/0! | AL37: =AK37/$F37 -> #DIV/0!
D38: 46080 | E38: 五 | J38: =I38/$F38 -> #DIV/0! | L38: =K38/$F38 -> #DIV/0! | M38: =I38+K38 -> 0 | N38: =M38/F38 -> #DIV/0! | P38: =O38/$F38 -> #DIV/0! | R38: =Q38/$F38 -> #DIV/0! | S38: =O38+Q38 -> 0 | T38: =S38/F38 -> #DIV/0! | V38: =U38/F38 -> #DIV/0! | X38: =W38/$F38 -> #DIV/0! | Z38: =Y38/$F38 -> #DIV/0! | AB38: =AA38/$F38 -> #DIV/0! | AC38: =Y38+AA38 -> 0 | AD38: =AC38/$F38 -> #DIV/0! | AF38: =AE38/F38 -> #DIV/0! | AH38: =AG38/$F38 -> #DIV/0! | AJ38: =AI38/$F38 -> #DIV/0! | AL38: =AK38/$F38 -> #DIV/0!
D39: 46081 | E39: 六 | J39: =I39/$F39 -> #DIV/0! | L39: =K39/$F39 -> #DIV/0! | M39: =I39+K39 -> 0 | N39: =M39/$F39 -> #DIV/0! | P39: =O39/$F39 -> #DIV/0! | R39: =Q39/$F39 -> #DIV/0! | S39: =O39+Q39 -> 0 | T39: =S39/$F39 -> #DIV/0! | V39: =U39/$F39 -> #DIV/0! | X39: =W39/$F39 -> #DIV/0! | Z39: =Y39/$F39 -> #DIV/0! | AB39: =AA39/$F39 -> #DIV/0! | AC39: =Y39+AA39 -> 0 | AD39: =AC39/$F39 -> #DIV/0! | AF39: =AE39/F39 -> #DIV/0! | AH39: =AG39/$F39 -> #DIV/0! | AJ39: =AI39/$F39 -> #DIV/0! | AL39: =AK39/$F39 -> #DIV/0!
C40: 三 | D40: 46082 | E40: 日 | H40: =SUM(F40:F69) -> 0 | J40: =I40/$F40 -> #DIV/0! | L40: =K40/$F40 -> #DIV/0! | M40: =I40+K40 -> 0 | N40: =M40/F40 -> #DIV/0! | P40: =O40/$F40 -> #DIV/0! | R40: =Q40/$F40 -> #DIV/0! | S40: =O40+Q40 -> 0 | T40: =S40/F40 -> #DIV/0! | V40: =U40/F40 -> #DIV/0! | X40: =W40/$F40 -> #DIV/0! | Z40: =Y40/$F40 -> #DIV/0! | AB40: =AA40/$F40 -> #DIV/0! | AC40: =Y40+AA40 -> 0 | AD40: =AC40/$F40 -> #DIV/0! | AF40: =AE40/F40 -> #DIV/0! | AH40: =AG40/$F40 -> #DIV/0! | AJ40: =AI40/$F40 -> #DIV/0! | AL40: =AK40/$F40 -> #DIV/0!
D41: 46083 | E41: 一 | J41: =I41/$F41 -> #DIV/0! | L41: =K41/$F41 -> #DIV/0! | M41: =I41+K41 -> 0 | N41: =M41/$F41 -> #DIV/0! | P41: =O41/$F41 -> #DIV/0! | R41: =Q41/$F41 -> #DIV/0! | S41: =O41+Q41 -> 0 | T41: =S41/$F41 -> #DIV/0! | V41: =U41/$F41 -> #DIV/0! | X41: =W41/$F41 -> #DIV/0! | Z41: =Y41/$F41 -> #DIV/0! | AB41: =AA41/$F41 -> #DIV/0! | AC41: =Y41+AA41 -> 0 | AD41: =AC41/$F41 -> #DIV/0! | AF41: =AE41/F41 -> #DIV/0! | AH41: =AG41/$F41 -> #DIV/0! | AJ41: =AI41/$F41 -> #DIV/0! | AL41: =AK41/$F41 -> #DIV/0!
B42: =B35+7 -> 46086 | D42: 46084 | E42: 二 | G42: =SUM(F42:F48) -> 0 | J42: =I42/$F42 -> #DIV/0! | L42: =K42/$F42 -> #DIV/0! | M42: =I42+K42 -> 0 | N42: =M42/F42 -> #DIV/0! | P42: =O42/$F42 -> #DIV/0! | R42: =Q42/$F42 -> #DIV/0! | S42: =O42+Q42 -> 0 | T42: =S42/F42 -> #DIV/0! | V42: =U42/F42 -> #DIV/0! | X42: =W42/$F42 -> #DIV/0! | Z42: =Y42/$F42 -> #DIV/0! | AB42: =AA42/$F42 -> #DIV/0! | AC42: =Y42+AA42 -> 0 | AD42: =AC42/$F42 -> #DIV/0! | AF42: =AE42/F42 -> #DIV/0! | AH42: =AG42/$F42 -> #DIV/0! | AJ42: =AI42/$F42 -> #DIV/0! | AL42: =AK42/$F42 -> #DIV/0!
D43: 46085 | E43: 三 | J43: =I43/$F43 -> #DIV/0! | L43: =K43/$F43 -> #DIV/0! | M43: =I43+K43 -> 0 | N43: =M43/$F43 -> #DIV/0! | P43: =O43/$F43 -> #DIV/0! | R43: =Q43/$F43 -> #DIV/0! | S43: =O43+Q43 -> 0 | T43: =S43/$F43 -> #DIV/0! | V43: =U43/$F43 -> #DIV/0! | X43: =W43/$F43 -> #DIV/0! | Z43: =Y43/$F43 -> #DIV/0! | AB43: =AA43/$F43 -> #DIV/0! | AC43: =Y43+AA43 -> 0 | AD43: =AC43/$F43 -> #DIV/0! | AF43: =AE43/F43 -> #DIV/0! | AH43: =AG43/$F43 -> #DIV/0! | AJ43: =AI43/$F43 -> #DIV/0! | AL43: =AK43/$F43 -> #DIV/0!
D44: 46086 | E44: 四 | J44: =I44/$F44 -> #DIV/0! | L44: =K44/$F44 -> #DIV/0! | M44: =I44+K44 -> 0 | N44: =M44/F44 -> #DIV/0! | P44: =O44/$F44 -> #DIV/0! | R44: =Q44/$F44 -> #DIV/0! | S44: =O44+Q44 -> 0 | T44: =S44/F44 -> #DIV/0! | V44: =U44/F44 -> #DIV/0! | X44: =W44/$F44 -> #DIV/0! | Z44: =Y44/$F44 -> #DIV/0! | AB44: =AA44/$F44 -> #DIV/0! | AC44: =Y44+AA44 -> 0 | AD44: =AC44/$F44 -> #DIV/0! | AF44: =AE44/F44 -> #DIV/0! | AH44: =AG44/$F44 -> #DIV/0! | AJ44: =AI44/$F44 -> #DIV/0! | AL44: =AK44/$F44 -> #DIV/0!
D45: 46087 | E45: 五 | J45: =I45/$F45 -> #DIV/0! | L45: =K45/$F45 -> #DIV/0! | M45: =I45+K45 -> 0 | N45: =M45/$F45 -> #DIV/0! | P45: =O45/$F45 -> #DIV/0! | R45: =Q45/$F45 -> #DIV/0! | S45: =O45+Q45 -> 0 | T45: =S45/$F45 -> #DIV/0! | V45: =U45/$F45 -> #DIV/0! | X45: =W45/$F45 -> #DIV/0! | Z45: =Y45/$F45 -> #DIV/0! | AB45: =AA45/$F45 -> #DIV/0! | AC45: =Y45+AA45 -> 0 | AD45: =AC45/$F45 -> #DIV/0! | AF45: =AE45/F45 -> #DIV/0! | AH45: =AG45/$F45 -> #DIV/0! | AJ45: =AI45/$F45 -> #DIV/0! | AL45: =AK45/$F45 -> #DIV/0!
D46: 46088 | E46: 六 | J46: =I46/$F46 -> #DIV/0! | L46: =K46/$F46 -> #DIV/0! | M46: =I46+K46 -> 0 | N46: =M46/$F46 -> #DIV/0! | P46: =O46/$F46 -> #DIV/0! | R46: =Q46/$F46 -> #DIV/0! | S46: =O46+Q46 -> 0 | T46: =S46/$F46 -> #DIV/0! | V46: =U46/$F46 -> #DIV/0! | X46: =W46/$F46 -> #DIV/0! | Z46: =Y46/$F46 -> #DIV/0! | AB46: =AA46/$F46 -> #DIV/0! | AC46: =Y46+AA46 -> 0 | AD46: =AC46/$F46 -> #DIV/0! | AF46: =AE46/F46 -> #DIV/0! | AH46: =AG46/$F46 -> #DIV/0! | AJ46: =AI46/$F46 -> #DIV/0! | AL46: =AK46/$F46 -> #DIV/0!
D47: 46089 | E47: 日 | J47: =I47/$F47 -> #DIV/0! | L47: =K47/$F47 -> #DIV/0! | M47: =I47+K47 -> 0 | N47: =M47/F47 -> #DIV/0! | P47: =O47/$F47 -> #DIV/0! | R47: =Q47/$F47 -> #DIV/0! | S47: =O47+Q47 -> 0 | T47: =S47/F47 -> #DIV/0! | V47: =U47/F47 -> #DIV/0! | X47: =W47/$F47 -> #DIV/0! | Z47: =Y47/$F47 -> #DIV/0! | AB47: =AA47/$F47 -> #DIV/0! | AC47: =Y47+AA47 -> 0 | AD47: =AC47/$F47 -> #DIV/0! | AF47: =AE47/F47 -> #DIV/0! | AH47: =AG47/$F47 -> #DIV/0! | AJ47: =AI47/$F47 -> #DIV/0! | AL47: =AK47/$F47 -> #DIV/0!
D48: 46090 | E48: 一 | J48: =I48/$F48 -> #DIV/0! | L48: =K48/$F48 -> #DIV/0! | M48: =I48+K48 -> 0 | N48: =M48/$F48 -> #DIV/0! | P48: =O48/$F48 -> #DIV/0! | R48: =Q48/$F48 -> #DIV/0! | S48: =O48+Q48 -> 0 | T48: =S48/$F48 -> #DIV/0! | V48: =U48/$F48 -> #DIV/0! | X48: =W48/$F48 -> #DIV/0! | Z48: =Y48/$F48 -> #DIV/0! | AB48: =AA48/$F48 -> #DIV/0! | AC48: =Y48+AA48 -> 0 | AD48: =AC48/$F48 -> #DIV/0! | AF48: =AE48/F48 -> #DIV/0! | AH48: =AG48/$F48 -> #DIV/0! | AJ48: =AI48/$F48 -> #DIV/0! | AL48: =AK48/$F48 -> #DIV/0!
B49: =B42+7 -> 46093 | D49: 46091 | E49: 二 | G49: =SUM(F49:F55) -> 0 | J49: =I49/$F49 -> #DIV/0! | L49: =K49/$F49 -> #DIV/0! | M49: =I49+K49 -> 0 | N49: =M49/F49 -> #DIV/0! | P49: =O49/$F49 -> #DIV/0! | R49: =Q49/$F49 -> #DIV/0! | S49: =O49+Q49 -> 0 | T49: =S49/F49 -> #DIV/0! | V49: =U49/F49 -> #DIV/0! | X49: =W49/$F49 -> #DIV/0! | Z49: =Y49/$F49 -> #DIV/0! | AB49: =AA49/$F49 -> #DIV/0! | AC49: =Y49+AA49 -> 0 | AD49: =AC49/$F49 -> #DIV/0! | AF49: =AE49/F49 -> #DIV/0! | AH49: =AG49/$F49 -> #DIV/0! | AJ49: =AI49/$F49 -> #DIV/0! | AL49: =AK49/$F49 -> #DIV/0!
D50: 46092 | E50: 三 | J50: =I50/$F50 -> #DIV/0! | L50: =K50/$F50 -> #DIV/0! | M50: =I50+K50 -> 0 | N50: =M50/$F50 -> #DIV/0! | P50: =O50/$F50 -> #DIV/0! | R50: =Q50/$F50 -> #DIV/0! | S50: =O50+Q50 -> 0 | T50: =S50/$F50 -> #DIV/0! | V50: =U50/$F50 -> #DIV/0! | X50: =W50/$F50 -> #DIV/0! | Z50: =Y50/$F50 -> #DIV/0! | AB50: =AA50/$F50 -> #DIV/0! | AC50: =Y50+AA50 -> 0 | AD50: =AC50/$F50 -> #DIV/0! | AF50: =AE50/F50 -> #DIV/0! | AH50: =AG50/$F50 -> #DIV/0! | AJ50: =AI50/$F50 -> #DIV/0! | AL50: =AK50/$F50 -> #DIV/0!
D51: 46093 | E51: 四 | J51: =I51/$F51 -> #DIV/0! | L51: =K51/$F51 -> #DIV/0! | M51: =I51+K51 -> 0 | N51: =M51/F51 -> #DIV/0! | P51: =O51/$F51 -> #DIV/0! | R51: =Q51/$F51 -> #DIV/0! | S51: =O51+Q51 -> 0 | T51: =S51/F51 -> #DIV/0! | V51: =U51/F51 -> #DIV/0! | X51: =W51/$F51 -> #DIV/0! | Z51: =Y51/$F51 -> #DIV/0! | AB51: =AA51/$F51 -> #DIV/0! | AC51: =Y51+AA51 -> 0 | AD51: =AC51/$F51 -> #DIV/0! | AF51: =AE51/F51 -> #DIV/0! | AH51: =AG51/$F51 -> #DIV/0! | AJ51: =AI51/$F51 -> #DIV/0! | AL51: =AK51/$F51 -> #DIV/0!
D52: 46094 | E52: 五 | J52: =I52/$F52 -> #DIV/0! | L52: =K52/$F52 -> #DIV/0! | M52: =I52+K52 -> 0 | N52: =M52/$F52 -> #DIV/0! | P52: =O52/$F52 -> #DIV/0! | R52: =Q52/$F52 -> #DIV/0! | S52: =O52+Q52 -> 0 | T52: =S52/$F52 -> #DIV/0! | V52: =U52/$F52 -> #DIV/0! | X52: =W52/$F52 -> #DIV/0! | Z52: =Y52/$F52 -> #DIV/0! | AB52: =AA52/$F52 -> #DIV/0! | AC52: =Y52+AA52 -> 0 | AD52: =AC52/$F52 -> #DIV/0! | AF52: =AE52/F52 -> #DIV/0! | AH52: =AG52/$F52 -> #DIV/0! | AJ52: =AI52/$F52 -> #DIV/0! | AL52: =AK52/$F52 -> #DIV/0!
D53: 46095 | E53: 六 | J53: =I53/$F53 -> #DIV/0! | L53: =K53/$F53 -> #DIV/0! | M53: =I53+K53 -> 0 | N53: =M53/$F53 -> #DIV/0! | P53: =O53/$F53 -> #DIV/0! | R53: =Q53/$F53 -> #DIV/0! | S53: =O53+Q53 -> 0 | T53: =S53/$F53 -> #DIV/0! | V53: =U53/$F53 -> #DIV/0! | X53: =W53/$F53 -> #DIV/0! | Z53: =Y53/$F53 -> #DIV/0! | AB53: =AA53/$F53 -> #DIV/0! | AC53: =Y53+AA53 -> 0 | AD53: =AC53/$F53 -> #DIV/0! | AF53: =AE53/F53 -> #DIV/0! | AH53: =AG53/$F53 -> #DIV/0! | AJ53: =AI53/$F53 -> #DIV/0! | AL53: =AK53/$F53 -> #DIV/0!
D54: 46096 | E54: 日 | J54: =I54/$F54 -> #DIV/0! | L54: =K54/$F54 -> #DIV/0! | M54: =I54+K54 -> 0 | N54: =M54/F54 -> #DIV/0! | P54: =O54/$F54 -> #DIV/0! | R54: =Q54/$F54 -> #DIV/0! | S54: =O54+Q54 -> 0 | T54: =S54/F54 -> #DIV/0! | V54: =U54/F54 -> #DIV/0! | X54: =W54/$F54 -> #DIV/0! | Z54: =Y54/$F54 -> #DIV/0! | AB54: =AA54/$F54 -> #DIV/0! | AC54: =Y54+AA54 -> 0 | AD54: =AC54/$F54 -> #DIV/0! | AF54: =AE54/F54 -> #DIV/0! | AH54: =AG54/$F54 -> #DIV/0! | AJ54: =AI54/$F54 -> #DIV/0! | AL54: =AK54/$F54 -> #DIV/0!
D55: 46097 | E55: 一 | J55: =I55/$F55 -> #DIV/0! | L55: =K55/$F55 -> #DIV/0! | M55: =I55+K55 -> 0 | N55: =M55/$F55 -> #DIV/0! | P55: =O55/$F55 -> #DIV/0! | R55: =Q55/$F55 -> #DIV/0! | S55: =O55+Q55 -> 0 | T55: =S55/$F55 -> #DIV/0! | V55: =U55/$F55 -> #DIV/0! | X55: =W55/$F55 -> #DIV/0! | Z55: =Y55/$F55 -> #DIV/0! | AB55: =AA55/$F55 -> #DIV/0! | AC55: =Y55+AA55 -> 0 | AD55: =AC55/$F55 -> #DIV/0! | AF55: =AE55/F55 -> #DIV/0! | AH55: =AG55/$F55 -> #DIV/0! | AJ55: =AI55/$F55 -> #DIV/0! | AL55: =AK55/$F55 -> #DIV/0!
B56: =B49+7 -> 46100 | D56: 46098 | E56: 二 | G56: =SUM(F56:F62) -> 0 | J56: =I56/$F56 -> #DIV/0! | L56: =K56/$F56 -> #DIV/0! | M56: =I56+K56 -> 0 | N56: =M56/F56 -> #DIV/0! | P56: =O56/$F56 -> #DIV/0! | R56: =Q56/$F56 -> #DIV/0! | S56: =O56+Q56 -> 0 | T56: =S56/F56 -> #DIV/0! | V56: =U56/F56 -> #DIV/0! | X56: =W56/$F56 -> #DIV/0! | Z56: =Y56/$F56 -> #DIV/0! | AB56: =AA56/$F56 -> #DIV/0! | AC56: =Y56+AA56 -> 0 | AD56: =AC56/$F56 -> #DIV/0! | AF56: =AE56/F56 -> #DIV/0! | AH56: =AG56/$F56 -> #DIV/0! | AJ56: =AI56/$F56 -> #DIV/0! | AL56: =AK56/$F56 -> #DIV/0!
D57: 46099 | E57: 三 | J57: =I57/$F57 -> #DIV/0! | L57: =K57/$F57 -> #DIV/0! | M57: =I57+K57 -> 0 | N57: =M57/$F57 -> #DIV/0! | P57: =O57/$F57 -> #DIV/0! | R57: =Q57/$F57 -> #DIV/0! | S57: =O57+Q57 -> 0 | T57: =S57/$F57 -> #DIV/0! | V57: =U57/$F57 -> #DIV/0! | X57: =W57/$F57 -> #DIV/0! | Z57: =Y57/$F57 -> #DIV/0! | AB57: =AA57/$F57 -> #DIV/0! | AC57: =Y57+AA57 -> 0 | AD57: =AC57/$F57 -> #DIV/0! | AF57: =AE57/F57 -> #DIV/0! | AH57: =AG57/$F57 -> #DIV/0! | AJ57: =AI57/$F57 -> #DIV/0! | AL57: =AK57/$F57 -> #DIV/0!
D58: 46100 | E58: 四 | J58: =I58/$F58 -> #DIV/0! | L58: =K58/$F58 -> #DIV/0! | M58: =I58+K58 -> 0 | N58: =M58/F58 -> #DIV/0! | P58: =O58/$F58 -> #DIV/0! | R58: =Q58/$F58 -> #DIV/0! | S58: =O58+Q58 -> 0 | T58: =S58/F58 -> #DIV/0! | V58: =U58/F58 -> #DIV/0! | X58: =W58/$F58 -> #DIV/0! | Z58: =Y58/$F58 -> #DIV/0! | AB58: =AA58/$F58 -> #DIV/0! | AC58: =Y58+AA58 -> 0 | AD58: =AC58/$F58 -> #DIV/0! | AF58: =AE58/F58 -> #DIV/0! | AH58: =AG58/$F58 -> #DIV/0! | AJ58: =AI58/$F58 -> #DIV/0! | AL58: =AK58/$F58 -> #DIV/0!
D59: 46101 | E59: 五 | J59: =I59/$F59 -> #DIV/0! | L59: =K59/$F59 -> #DIV/0! | M59: =I59+K59 -> 0 | N59: =M59/$F59 -> #DIV/0! | P59: =O59/$F59 -> #DIV/0! | R59: =Q59/$F59 -> #DIV/0! | S59: =O59+Q59 -> 0 | T59: =S59/$F59 -> #DIV/0! | V59: =U59/$F59 -> #DIV/0! | X59: =W59/$F59 -> #DIV/0! | Z59: =Y59/$F59 -> #DIV/0! | AB59: =AA59/$F59 -> #DIV/0! | AC59: =Y59+AA59 -> 0 | AD59: =AC59/$F59 -> #DIV/0! | AF59: =AE59/F59 -> #DIV/0! | AH59: =AG59/$F59 -> #DIV/0! | AJ59: =AI59/$F59 -> #DIV/0! | AL59: =AK59/$F59 -> #DIV/0!
D60: 46102 | E60: 六 | J60: =I60/$F60 -> #DIV/0! | L60: =K60/$F60 -> #DIV/0! | M60: =I60+K60 -> 0 | N60: =M60/$F60 -> #DIV/0! | P60: =O60/$F60 -> #DIV/0! | R60: =Q60/$F60 -> #DIV/0! | S60: =O60+Q60 -> 0 | T60: =S60/$F60 -> #DIV/0! | V60: =U60/$F60 -> #DIV/0! | X60: =W60/$F60 -> #DIV/0! | Z60: =Y60/$F60 -> #DIV/0! | AB60: =AA60/$F60 -> #DIV/0! | AC60: =Y60+AA60 -> 0 | AD60: =AC60/$F60 -> #DIV/0! | AF60: =AE60/F60 -> #DIV/0! | AH60: =AG60/$F60 -> #DIV/0! | AJ60: =AI60/$F60 -> #DIV/0! | AL60: =AK60/$F60 -> #DIV/0!
D61: 46103 | E61: 日 | J61: =I61/$F61 -> #DIV/0! | L61: =K61/$F61 -> #DIV/0! | M61: =I61+K61 -> 0 | N61: =M61/F61 -> #DIV/0! | P61: =O61/$F61 -> #DIV/0! | R61: =Q61/$F61 -> #DIV/0! | S61: =O61+Q61 -> 0 | T61: =S61/F61 -> #DIV/0! | V61: =U61/F61 -> #DIV/0! | X61: =W61/$F61 -> #DIV/0! | Z61: =Y61/$F61 -> #DIV/0! | AB61: =AA61/$F61 -> #DIV/0! | AC61: =Y61+AA61 -> 0 | AD61: =AC61/$F61 -> #DIV/0! | AF61: =AE61/F61 -> #DIV/0! | AH61: =AG61/$F61 -> #DIV/0! | AJ61: =AI61/$F61 -> #DIV/0! | AL61: =AK61/$F61 -> #DIV/0!
D62: 46104 | E62: 一 | J62: =I62/$F62 -> #DIV/0! | L62: =K62/$F62 -> #DIV/0! | M62: =I62+K62 -> 0 | N62: =M62/$F62 -> #DIV/0! | P62: =O62/$F62 -> #DIV/0! | R62: =Q62/$F62 -> #DIV/0! | S62: =O62+Q62 -> 0 | T62: =S62/$F62 -> #DIV/0! | V62: =U62/$F62 -> #DIV/0! | X62: =W62/$F62 -> #DIV/0! | Z62: =Y62/$F62 -> #DIV/0! | AB62: =AA62/$F62 -> #DIV/0! | AC62: =Y62+AA62 -> 0 | AD62: =AC62/$F62 -> #DIV/0! | AF62: =AE62/F62 -> #DIV/0! | AH62: =AG62/$F62 -> #DIV/0! | AJ62: =AI62/$F62 -> #DIV/0! | AL62: =AK62/$F62 -> #DIV/0!
B63: =B56+7 -> 46107 | D63: 46105 | E63: 二 | G63: =SUM(F63:F69) -> 0 | J63: =I63/$F63 -> #DIV/0! | L63: =K63/$F63 -> #DIV/0! | M63: =I63+K63 -> 0 | N63: =M63/F63 -> #DIV/0! | P63: =O63/$F63 -> #DIV/0! | R63: =Q63/$F63 -> #DIV/0! | S63: =O63+Q63 -> 0 | T63: =S63/F63 -> #DIV/0! | V63: =U63/F63 -> #DIV/0! | X63: =W63/$F63 -> #DIV/0! | Z63: =Y63/$F63 -> #DIV/0! | AB63: =AA63/$F63 -> #DIV/0! | AC63: =Y63+AA63 -> 0 | AD63: =AC63/$F63 -> #DIV/0! | AF63: =AE63/F63 -> #DIV/0! | AH63: =AG63/$F63 -> #DIV/0! | AJ63: =AI63/$F63 -> #DIV/0! | AL63: =AK63/$F63 -> #DIV/0!
D64: 46106 | E64: 三 | J64: =I64/$F64 -> #DIV/0! | L64: =K64/$F64 -> #DIV/0! | M64: =I64+K64 -> 0 | N64: =M64/$F64 -> #DIV/0! | P64: =O64/$F64 -> #DIV/0! | R64: =Q64/$F64 -> #DIV/0! | S64: =O64+Q64 -> 0 | T64: =S64/$F64 -> #DIV/0! | V64: =U64/$F64 -> #DIV/0! | X64: =W64/$F64 -> #DIV/0! | Z64: =Y64/$F64 -> #DIV/0! | AB64: =AA64/$F64 -> #DIV/0! | AC64: =Y64+AA64 -> 0 | AD64: =AC64/$F64 -> #DIV/0! | AF64: =AE64/F64 -> #DIV/0! | AH64: =AG64/$F64 -> #DIV/0! | AJ64: =AI64/$F64 -> #DIV/0! | AL64: =AK64/$F64 -> #DIV/0!
D65: 46107 | E65: 四 | J65: =I65/$F65 -> #DIV/0! | L65: =K65/$F65 -> #DIV/0! | M65: =I65+K65 -> 0 | N65: =M65/F65 -> #DIV/0! | P65: =O65/$F65 -> #DIV/0! | R65: =Q65/$F65 -> #DIV/0! | S65: =O65+Q65 -> 0 | T65: =S65/F65 -> #DIV/0! | V65: =U65/F65 -> #DIV/0! | X65: =W65/$F65 -> #DIV/0! | Z65: =Y65/$F65 -> #DIV/0! | AB65: =AA65/$F65 -> #DIV/0! | AC65: =Y65+AA65 -> 0 | AD65: =AC65/$F65 -> #DIV/0! | AF65: =AE65/F65 -> #DIV/0! | AH65: =AG65/$F65 -> #DIV/0! | AJ65: =AI65/$F65 -> #DIV/0! | AL65: =AK65/$F65 -> #DIV/0!
D66: 46108 | E66: 五 | J66: =I66/$F66 -> #DIV/0! | L66: =K66/$F66 -> #DIV/0! | M66: =I66+K66 -> 0 | N66: =M66/$F66 -> #DIV/0! | P66: =O66/$F66 -> #DIV/0! | R66: =Q66/$F66 -> #DIV/0! | S66: =O66+Q66 -> 0 | T66: =S66/$F66 -> #DIV/0! | V66: =U66/$F66 -> #DIV/0! | X66: =W66/$F66 -> #DIV/0! | Z66: =Y66/$F66 -> #DIV/0! | AB66: =AA66/$F66 -> #DIV/0! | AC66: =Y66+AA66 -> 0 | AD66: =AC66/$F66 -> #DIV/0! | AF66: =AE66/F66 -> #DIV/0! | AH66: =AG66/$F66 -> #DIV/0! | AJ66: =AI66/$F66 -> #DIV/0! | AL66: =AK66/$F66 -> #DIV/0!
D67: 46109 | E67: 六 | J67: =I67/$F67 -> #DIV/0! | L67: =K67/$F67 -> #DIV/0! | M67: =I67+K67 -> 0 | N67: =M67/$F67 -> #DIV/0! | P67: =O67/$F67 -> #DIV/0! | R67: =Q67/$F67 -> #DIV/0! | S67: =O67+Q67 -> 0 | T67: =S67/$F67 -> #DIV/0! | V67: =U67/$F67 -> #DIV/0! | X67: =W67/$F67 -> #DIV/0! | Z67: =Y67/$F67 -> #DIV/0! | AB67: =AA67/$F67 -> #DIV/0! | AC67: =Y67+AA67 -> 0 | AD67: =AC67/$F67 -> #DIV/0! | AF67: =AE67/F67 -> #DIV/0! | AH67: =AG67/$F67 -> #DIV/0! | AJ67: =AI67/$F67 -> #DIV/0! | AL67: =AK67/$F67 -> #DIV/0!
D68: 46110 | E68: 日 | J68: =I68/$F68 -> #DIV/0! | L68: =K68/$F68 -> #DIV/0! | M68: =I68+K68 -> 0 | N68: =M68/F68 -> #DIV/0! | P68: =O68/$F68 -> #DIV/0! | R68: =Q68/$F68 -> #DIV/0! | S68: =O68+Q68 -> 0 | T68: =S68/F68 -> #DIV/0! | V68: =U68/F68 -> #DIV/0! | X68: =W68/$F68 -> #DIV/0! | Z68: =Y68/$F68 -> #DIV/0! | AB68: =AA68/$F68 -> #DIV/0! | AC68: =Y68+AA68 -> 0 | AD68: =AC68/$F68 -> #DIV/0! | AF68: =AE68/F68 -> #DIV/0! | AH68: =AG68/$F68 -> #DIV/0! | AJ68: =AI68/$F68 -> #DIV/0! | AL68: =AK68/$F68 -> #DIV/0!
D69: 46111 | E69: 一 | J69: =I69/$F69 -> #DIV/0! | L69: =K69/$F69 -> #DIV/0! | M69: =I69+K69 -> 0 | N69: =M69/$F69 -> #DIV/0! | P69: =O69/$F69 -> #DIV/0! | R69: =Q69/$F69 -> #DIV/0! | S69: =O69+Q69 -> 0 | T69: =S69/$F69 -> #DIV/0! | V69: =U69/$F69 -> #DIV/0! | X69: =W69/$F69 -> #DIV/0! | Z69: =Y69/$F69 -> #DIV/0! | AB69: =AA69/$F69 -> #DIV/0! | AC69: =Y69+AA69 -> 0 | AD69: =AC69/$F69 -> #DIV/0! | AF69: =AE69/F69 -> #DIV/0! | AH69: =AG69/$F69 -> #DIV/0! | AJ69: =AI69/$F69 -> #DIV/0! | AL69: =AK69/$F69 -> #DIV/0!

Sheet （４）訂單數量構成比
B2: （4）訂單數量構成比
B3: 資料繳交日 | C3: 月份 | D3: 日期 | F3: 訂單量 | I3: 品類訂單量
I4: 18℃-飯糰 | O4: 18℃-壽司手卷 | U4: 4℃-飯糰 | W4: 4℃-壽司手卷 | Y4: 主食 | AE4: 便當 | AG4: 熱食義麵 | AI4: 季節調理麵 | AK4: 微波小吃
F5: 日 | G5: 週累積 | H5: 月累積 | I5: 一配 | K5: 二配 | M5: 合計 | O5: 一配 | Q5: 二配 | S5: 合計 | U5: 一配 | W5: 一配 | Y5: 一配 | AA5: 二配 | AC5: 合計 | AE5: 一配 | AG5: 一配 | AI5: 一配 | AK5: 一配
I6: 訂單數 | J6: 比例(%) | K6: 訂單數 | L6: 比例(%) | M6: 訂單數 | N6: 比例(%) | O6: 訂單數 | P6: 比例(%) | Q6: 訂單數 | R6: 比例(%) | S6: 訂單數 | T6: 比例(%) | U6: 訂單數 | V6: 比例(%) | W6: 訂單數 | X6: 比例(%) | Y6: 訂單數 | Z6: 比例(%) | AA6: 訂單數 | AB6: 比例(%) | AC6: 訂單數 | AD6: 比例(%) | AE6: 訂單數 | AF6: 比例(%) | AG6: 訂單數 | AH6: 比例(%) | AI6: 訂單數 | AJ6: 比例(%) | AK6: 訂單數 | AL6: 比例(%)
B7: =D15 -> 46057 | D7: 46049 | E7: 二 | F7: =SUM(M7,S7,U7,W7,AC7,AE7,AG7,AI7,AK7) -> 158031 | G7: =SUM(F7:F13) -> 1022206 | I7: 42547 | J7: =I7/$F7 -> 0.26923199 | K7: 50369 | L7: =K7/$F7 -> 0.3187286 | M7: =I7+K7 -> 92916 | N7: =M7/$F7 -> 0.58796059 | O7: 7410 | P7: =O7/$F7 -> 0.046889534 | Q7: 4888 | R7: =Q7/$F7 -> 0.03093064 | S7: =O7+Q7 -> 12298 | T7: =S7/$F7 -> 0.077820175 | U7: 3795 | V7: =U7/$F7 -> 0.024014276 | W7: 1212 | X7: =W7/$F7 -> 0.0076693813 | Y7: 3518 | Z7: =Y7/$F7 -> 0.022261455 | AA7: 10270 | AB7: =AA7/$F7 -> 0.064987249 | AC7: =Y7+AA7 -> 13788 | AD7: =AC7/$F7 -> 0.087248704 | AE7: 23127 | AF7: =AE7/$F7 -> 0.1463447 | AG7: 1548 | AH7: =AG7/$F7 -> 0.0097955464 | AI7: 4390 | AJ7: =AI7/$F7 -> 0.02777936 | AK7: 4957 | AL7: =AK7/$F7 -> 0.031367263
D8: 46050 | E8: 三 | F8: =SUM(M8,S8,U8,W8,AC8,AE8,AG8,AI8,AK8) -> 153374 | I8: 41368 | J8: =I8/$F8 -> 0.26971977 | K8: 47746 | L8: =K8/$F8 -> 0.31130439 | M8: =I8+K8 -> 89114 | N8: =M8/$F8 -> 0.58102416 | O8: 7989 | P8: =O8/$F8 -> 0.052088359 | Q8: 5084 | R8: =Q8/$F8 -> 0.03314773 | S8: =O8+Q8 -> 13073 | T8: =S8/$F8 -> 0.08523609 | U8: 3598 | V8: =U8/$F8 -> 0.023458996 | W8: 1272 | X8: =W8/$F8 -> 0.0082934526 | Y8: 3357 | Z8: =Y8/$F8 -> 0.021887673 | AA8: 9878 | AB8: =AA8/$F8 -> 0.064404658 | AC8: =Y8+AA8 -> 13235 | AD8: =AC8/$F8 -> 0.086292331 | AE8: 21749 | AF8: =AE8/$F8 -> 0.1418037 | AG8: 1588 | AH8: =AG8/$F8 -> 0.010353776 | AI8: 4416 | AJ8: =AI8/$F8 -> 0.028792364 | AK8: 5329 | AL8: =AK8/$F8 -> 0.034745133
D9: 46051 | E9: 四 | F9: =SUM(M9,S9,U9,W9,AC9,AE9,AG9,AI9,AK9) -> 141591 | I9: 38709 | J9: =I9/$F9 -> 0.27338602 | K9: 42389 | L9: =K9/$F9 -> 0.29937637 | M9: =I9+K9 -> 81098 | N9: =M9/$F9 -> 0.57276239 | O9: 7671 | P9: =O9/$F9 -> 0.054177172 | Q9: 5232 | R9: =Q9/$F9 -> 0.036951501 | S9: =O9+Q9 -> 12903 | T9: =S9/$F9 -> 0.091128673 | U9: 3548 | V9: =U9/$F9 -> 0.02505809 | W9: 1227 | X9: =W9/$F9 -> 0.008665805 | Y9: 3164 | Z9: =Y9/$F9 -> 0.022346053 | AA9: 8144 | AB9: =AA9/$F9 -> 0.05751778 | AC9: =Y9+AA9 -> 11308 | AD9: =AC9/$F9 -> 0.079863833 | AE9: 20259 | AF9: =AE9/$F9 -> 0.14308113 | AG9: 1634 | AH9: =AG9/$F9 -> 0.011540282 | AI9: 4463 | AJ9: =AI9/$F9 -> 0.031520365 | AK9: 5151 | AL9: =AK9/$F9 -> 0.036379431
D10: 46052 | E10: 五 | F10: =SUM(M10,S10,U10,W10,AC10,AE10,AG10,AI10,AK10) -> 121636 | I10: 30481 | J10: =I10/$F10 -> 0.25059193 | K10: 40864 | L10: =K10/$F10 -> 0.33595317 | M10: =I10+K10 -> 71345 | N10: =M10/$F10 -> 0.5865451 | O10: 5445 | P10: =O10/$F10 -> 0.044764708 | Q10: 4164 | R10: =Q10/$F10 -> 0.034233286 | S10: =O10+Q10 -> 9609 | T10: =S10/$F10 -> 0.078997994 | U10: 2795 | V10: =U10/$F10 -> 0.022978395 | W10: 957 | X10: =W10/$F10 -> 0.0078677365 | Y10: 3066 | Z10: =Y10/$F10 -> 0.025206353 | AA10: 8457 | AB10: =AA10/$F10 -> 0.069527114 | AC10: =Y10+AA10 -> 11523 | AD10: =AC10/$F10 -> 0.094733467 | AE10: 15962 | AF10: =AE10/$F10 -> 0.1312276 | AG10: 1266 | AH10: =AG10/$F10 -> 0.010408103 | AI10: 3714 | AJ10: =AI10/$F10 -> 0.030533724 | AK10: 4465 | AL10: =AK10/$F10 -> 0.036707883
D11: 46053 | E11: 六 | F11: =SUM(M11,S11,U11,W11,AC11,AE11,AG11,AI11,AK11) -> 129053 | I11: 28921 | J11: =I11/$F11 -> 0.22410173 | K11: 46125 | L11: =K11/$F11 -> 0.3574113 | M11: =I11+K11 -> 75046 | N11: =M11/$F11 -> 0.58151302 | O11: 5099 | P11: =O11/$F11 -> 0.039510899 | Q11: 3970 | R11: =Q11/$F11 -> 0.030762555 | S11: =O11+Q11 -> 9069 | T11: =S11/$F11 -> 0.070273454 | U11: 3096 | V11: =U11/$F11 -> 0.023990144 | W11: 982 | X11: =W11/$F11 -> 0.0076092768 | Y11: 3413 | Z11: =Y11/$F11 -> 0.026446499 | AA11: 9550 | AB11: =AA11/$F11 -> 0.074000604 | AC11: =Y11+AA11 -> 12963 | AD11: =AC11/$F11 -> 0.1004471 | AE11: 17425 | AF11: =AE11/$F11 -> 0.13502205 | AG11: 1519 | AH11: =AG11/$F11 -> 0.011770358 | AI11: 3976 | AJ11: =AI11/$F11 -> 0.030809047 | AK11: 4977 | AL11: =AK11/$F11 -> 0.038565551
C12: 二 | D12: 46054 | E12: 日 | F12: =SUM(M12,S12,U12,W12,AC12,AE12,AG12,AI12,AK12) -> 162127 | H12: =SUM(F12:F39) -> 1326773 | I12: 41113 | J12: =I12/$F12 -> 0.25358515 | K12: 51186 | L12: =K12/$F12 -> 0.31571546 | M12: =I12+K12 -> 92299 | N12: =M12/$F12 -> 0.56930061 | O12: 8035 | P12: =O12/$F12 -> 0.049559913 | Q12: 4908 | R12: =Q12/$F12 -> 0.030272564 | S12: =O12+Q12 -> 12943 | T12: =S12/$F12 -> 0.079832477 | U12: 3922 | V12: =U12/$F12 -> 0.024190912 | W12: 1286 | X12: =W12/$F12 -> 0.0079320533 | Y12: 3751 | Z12: =Y12/$F12 -> 0.023136183 | AA12: 11082 | AB12: =AA12/$F12 -> 0.068353821 | AC12: =Y12+AA12 -> 14833 | AD12: =AC12/$F12 -> 0.091490005 | AE12: 27031 | AF12: =AE12/$F12 -> 0.16672732 | AG12: 1494 | AH12: =AG12/$F12 -> 0.0092149981 | AI12: 3681 | AJ12: =AI12/$F12 -> 0.022704423 | AK12: 4638 | AL12: =AK12/$F12 -> 0.028607203
D13: 46055 | E13: 一 | F13: =SUM(M13,S13,U13,W13,AC13,AE13,AG13,AI13,AK13) -> 156394 | I13: 39864 | J13: =I13/$F13 -> 0.25489469 | K13: 50072 | L13: =K13/$F13 -> 0.32016574 | M13: =I13+K13 -> 89936 | N13: =M13/$F13 -> 0.57506042 | O13: 7588 | P13: =O13/$F13 -> 0.048518485 | Q13: 4924 | R13: =Q13/$F13 -> 0.031484584 | S13: =O13+Q13 -> 12512 | T13: =S13/$F13 -> 0.080003069 | U13: 3549 | V13: =U13/$F13 -> 0.022692686 | W13: 1237 | X13: =W13/$F13 -> 0.0079095106 | Y13: 3737 | Z13: =Y13/$F13 -> 0.023894779 | AA13: 10391 | AB13: =AA13/$F13 -> 0.066441168 | AC13: =Y13+AA13 -> 14128 | AD13: =AC13/$F13 -> 0.090335946 | AE13: 23849 | AF13: =AE13/$F13 -> 0.15249306 | AG13: 1679 | AH13: =AG13/$F13 -> 0.010735706 | AI13: 4262 | AJ13: =AI13/$F13 -> 0.027251685 | AK13: 5242 | AL13: =AK13/$F13 -> 0.03351791
B14: =D22 -> 46064 | D14: 46056 | E14: 二 | F14: =SUM(M14,S14,U14,W14,AC14,AE14,AG14,AI14,AK14) -> 156238 | G14: =SUM(F14:F20) -> 1008252 | I14: 40290 | J14: =I14/$F14 -> 0.2578758 | K14: 50139 | L14: =K14/$F14 -> 0.32091425 | M14: =I14+K14 -> 90429 | N14: =M14/$F14 -> 0.57879005 | O14: 7848 | P14: =O14/$F14 -> 0.050231058 | Q14: 5201 | R14: =Q14/$F14 -> 0.033288957 | S14: =O14+Q14 -> 13049 | T14: =S14/$F14 -> 0.083520014 | U14: 3482 | V14: =U14/$F14 -> 0.022286512 | W14: 1270 | X14: =W14/$F14 -> 0.0081286243 | Y14: 3586 | Z14: =Y14/$F14 -> 0.022952163 | AA14: 10856 | AB14: =AA14/$F14 -> 0.069483736 | AC14: =Y14+AA14 -> 14442 | AD14: =AC14/$F14 -> 0.092435899 | AE14: 22871 | AF14: =AE14/$F14 -> 0.14638564 | AG14: 1483 | AH14: =AG14/$F14 -> 0.009491929 | AI14: 4030 | AJ14: =AI14/$F14 -> 0.025793981 | AK14: 5182 | AL14: =AK14/$F14 -> 0.033167347
D15: 46057 | E15: 三 | F15: =SUM(M15,S15,U15,W15,AC15,AE15,AG15,AI15,AK15) -> 152389 | I15: 39672 | J15: =I15/$F15 -> 0.26033375 | K15: 47565 | L15: =K15/$F15 -> 0.31212883 | M15: =I15+K15 -> 87237 | N15: =M15/$F15 -> 0.57246258 | O15: 8493 | P15: =O15/$F15 -> 0.055732369 | Q15: 5308 | R15: =Q15/$F15 -> 0.03483191 | S15: =O15+Q15 -> 13801 | T15: =S15/$F15 -> 0.09056428 | U15: 3467 | V15: =U15/$F15 -> 0.022750986 | W15: 1234 | X15: =W15/$F15 -> 0.0080976973 | Y15: 3478 | Z15: =Y15/$F15 -> 0.02282317 | AA15: 10158 | AB15: =AA15/$F15 -> 0.066658355 | AC15: =Y15+AA15 -> 13636 | AD15: =AC15/$F15 -> 0.089481524 | AE15: 21537 | AF15: =AE15/$F15 -> 0.1413291 | AG15: 1443 | AH15: =AG15/$F15 -> 0.0094691874 | AI15: 4457 | AJ15: =AI15/$F15 -> 0.029247518 | AK15: 5577 | AL15: =AK15/$F15 -> 0.03659713
D16: 46058 | E16: 四 | F16: =SUM(M16,S16,U16,W16,AC16,AE16,AG16,AI16,AK16) -> 141990 | I16: 37921 | J16: =I16/$F16 -> 0.2670681 | K16: 43213 | L16: =K16/$F16 -> 0.30433833 | M16: =I16+K16 -> 81134 | N16: =M16/$F16 -> 0.57140644 | O16: 8339 | P16: =O16/$F16 -> 0.058729488 | Q16: 5281 | R16: =Q16/$F16 -> 0.03719276 | S16: =O16+Q16 -> 13620 | T16: =S16/$F16 -> 0.095922248 | U16: 3009 | V16: =U16/$F16 -> 0.021191633 | W16: 1210 | X16: =W16/$F16 -> 0.0085217269 | Y16: 3253 | Z16: =Y16/$F16 -> 0.022910064 | AA16: 8183 | AB16: =AA16/$F16 -> 0.057630819 | AC16: =Y16+AA16 -> 11436 | AD16: =AC16/$F16 -> 0.080540883 | AE16: 20274 | AF16: =AE16/$F16 -> 0.1427847 | AG16: 1488 | AH16: =AG16/$F16 -> 0.010479611 | AI16: 4160 | AJ16: =AI16/$F16 -> 0.029297838 | AK16: 5659 | AL16: =AK16/$F16 -> 0.039854919
D17: 46059 | E17: 五 | F17: =SUM(M17,S17,U17,W17,AC17,AE17,AG17,AI17,AK17) -> 119260 | I17: 29522 | J17: =I17/$F17 -> 0.24754318 | K17: 40622 | L17: =K17/$F17 -> 0.34061714 | M17: =I17+K17 -> 70144 | N17: =M17/$F17 -> 0.58816032 | O17: 5561 | P17: =O17/$F17 -> 0.046629213 | Q17: 4252 | R17: =Q17/$F17 -> 0.035653195 | S17: =O17+Q17 -> 9813 | T17: =S17/$F17 -> 0.082282408 | U17: 2366 | V17: =U17/$F17 -> 0.019839007 | W17: 793 | X17: =W17/$F17 -> 0.0066493376 | Y17: 2977 | Z17: =Y17/$F17 -> 0.024962267 | AA17: 8561 | AB17: =AA17/$F17 -> 0.071784337 | AC17: =Y17+AA17 -> 11538 | AD17: =AC17/$F17 -> 0.096746604 | AE17: 16022 | AF17: =AE17/$F17 -> 0.13434513 | AG17: 1098 | AH17: =AG17/$F17 -> 0.0092067751 | AI17: 2755 | AJ17: =AI17/$F17 -> 0.023100788 | AK17: 4731 | AL17: =AK17/$F17 -> 0.039669629
D18: 46060 | E18: 六 | F18: =SUM(M18,S18,U18,W18,AC18,AE18,AG18,AI18,AK18) -> 126462 | I18: 27664 | J18: =I18/$F18 -> 0.21875346 | K18: 46342 | L18: =K18/$F18 -> 0.36645 | M18: =I18+K18 -> 74006 | N18: =M18/$F18 -> 0.58520346 | O18: 5103 | P18: =O18/$F18 -> 0.040352043 | Q18: 4016 | R18: =Q18/$F18 -> 0.031756575 | S18: =O18+Q18 -> 9119 | T18: =S18/$F18 -> 0.072108618 | U18: 2522 | V18: =U18/$F18 -> 0.01994275 | W18: 779 | X18: =W18/$F18 -> 0.0061599532 | Y18: 3392 | Z18: =Y18/$F18 -> 0.026822287 | AA18: 9340 | AB18: =AA18/$F18 -> 0.073856178 | AC18: =Y18+AA18 -> 12732 | AD18: =AC18/$F18 -> 0.10067846 | AE18: 17369 | AF18: =AE18/$F18 -> 0.13734561 | AG18: 1403 | AH18: =AG18/$F18 -> 0.011094242 | AI18: 2845 | AJ18: =AI18/$F18 -> 0.022496877 | AK18: 5687 | AL18: =AK18/$F18 -> 0.044970031
D19: 46061 | E19: 日 | F19: =SUM(M19,S19,U19,W19,AC19,AE19,AG19,AI19,AK19) -> 158901 | I19: 40022 | J19: =I19/$F19 -> 0.25186751 | K19: 51103 | L19: =K19/$F19 -> 0.32160276 | M19: =I19+K19 -> 91125 | N19: =M19/$F19 -> 0.57347027 | O19: 8326 | P19: =O19/$F19 -> 0.052397405 | Q19: 5023 | R19: =Q19/$F19 -> 0.031610877 | S19: =O19+Q19 -> 13349 | T19: =S19/$F19 -> 0.084008282 | U19: 3145 | V19: =U19/$F19 -> 0.019792198 | W19: 877 | X19: =W19/$F19 -> 0.0055191597 | Y19: 3815 | Z19: =Y19/$F19 -> 0.024008659 | AA19: 11052 | AB19: =AA19/$F19 -> 0.06955274 | AC19: =Y19+AA19 -> 14867 | AD19: =AC19/$F19 -> 0.0935614 | AE19: 26223 | AF19: =AE19/$F19 -> 0.16502728 | AG19: 1396 | AH19: =AG19/$F19 -> 0.0087853443 | AI19: 2976 | AJ19: =AI19/$F19 -> 0.018728642 | AK19: 4943 | AL19: =AK19/$F19 -> 0.031107419
D20: 46062 | E20: 一 | F20: =SUM(M20,S20,U20,W20,AC20,AE20,AG20,AI20,AK20) -> 153012 | I20: 39063 | J20: =I20/$F20 -> 0.2552937 | K20: 50117 | L20: =K20/$F20 -> 0.3275364 | M20: =I20+K20 -> 89180 | N20: =M20/$F20 -> 0.5828301 | O20: 7865 | P20: =O20/$F20 -> 0.051401197 | Q20: 5009 | R20: =Q20/$F20 -> 0.032735995 | S20: =O20+Q20 -> 12874 | T20: =S20/$F20 -> 0.084137192 | U20: 2791 | V20: =U20/$F20 -> 0.018240399 | W20: 974 | X20: =W20/$F20 -> 0.0063655138 | Y20: 3767 | Z20: =Y20/$F20 -> 0.024618984 | AA20: 10349 | AB20: =AA20/$F20 -> 0.067635218 | AC20: =Y20+AA20 -> 14116 | AD20: =AC20/$F20 -> 0.092254202 | AE20: 23303 | AF20: =AE20/$F20 -> 0.15229524 | AG20: 1592 | AH20: =AG20/$F20 -> 0.010404413 | AI20: 3406 | AJ20: =AI20/$F20 -> 0.022259692 | AK20: 4776 | AL20: =AK20/$F20 -> 0.031213238
B21: =D29 -> 46071 | D21: 46063 | E21: 二 | G21: =SUM(F21:F27) -> 0 | J21: =I21/$F21 -> #DIV/0! | L21: =K21/$F21 -> #DIV/0! | M21: =I21+K21 -> 0 | N21: =M21/$F21 -> #DIV/0! | P21: =O21/$F21 -> #DIV/0! | R21: =Q21/$F21 -> #DIV/0! | S21: =O21+Q21 -> 0 | T21: =S21/$F21 -> #DIV/0! | V21: =U21/$F21 -> #DIV/0! | X21: =W21/$F21 -> #DIV/0! | Z21: =Y21/$F21 -> #DIV/0! | AB21: =AA21/$F21 -> #DIV/0! | AC21: =Y21+AA21 -> 0 | AD21: =AC21/$F21 -> #DIV/0! | AF21: =AE21/$F21 -> #DIV/0! | AH21: =AG21/$F21 -> #DIV/0! | AJ21: =AI21/$F21 -> #DIV/0! | AL21: =AK21/$F21 -> #DIV/0!
D22: 46064 | E22: 三 | J22: =I22/$F22 -> #DIV/0! | L22: =K22/$F22 -> #DIV/0! | M22: =I22+K22 -> 0 | N22: =M22/$F22 -> #DIV/0! | P22: =O22/$F22 -> #DIV/0! | R22: =Q22/$F22 -> #DIV/0! | S22: =O22+Q22 -> 0 | T22: =S22/$F22 -> #DIV/0! | V22: =U22/$F22 -> #DIV/0! | X22: =W22/$F22 -> #DIV/0! | Z22: =Y22/$F22 -> #DIV/0! | AB22: =AA22/$F22 -> #DIV/0! | AC22: =Y22+AA22 -> 0 | AD22: =AC22/$F22 -> #DIV/0! | AF22: =AE22/$F22 -> #DIV/0! | AH22: =AG22/$F22 -> #DIV/0! | AJ22: =AI22/$F22 -> #DIV/0! | AL22: =AK22/$F22 -> #DIV/0!
D23: 46065 | E23: 四 | J23: =I23/$F23 -> #DIV/0! | L23: =K23/$F23 -> #DIV/0! | M23: =I23+K23 -> 0 | N23: =M23/$F23 -> #DIV/0! | P23: =O23/$F23 -> #DIV/0! | R23: =Q23/$F23 -> #DIV/0! | S23: =O23+Q23 -> 0 | T23: =S23/$F23 -> #DIV/0! | V23: =U23/$F23 -> #DIV/0! | X23: =W23/$F23 -> #DIV/0! | Z23: =Y23/$F23 -> #DIV/0! | AB23: =AA23/$F23 -> #DIV/0! | AC23: =Y23+AA23 -> 0 | AD23: =AC23/$F23 -> #DIV/0! | AF23: =AE23/$F23 -> #DIV/0! | AH23: =AG23/$F23 -> #DIV/0! | AJ23: =AI23/$F23 -> #DIV/0! | AL23: =AK23/$F23 -> #DIV/0!
D24: 46066 | E24: 五 | J24: =I24/$F24 -> #DIV/0! | L24: =K24/$F24 -> #DIV/0! | M24: =I24+K24 -> 0 | N24: =M24/$F24 -> #DIV/0! | P24: =O24/$F24 -> #DIV/0! | R24: =Q24/$F24 -> #DIV/0! | S24: =O24+Q24 -> 0 | T24: =S24/$F24 -> #DIV/0! | V24: =U24/$F24 -> #DIV/0! | X24: =W24/$F24 -> #DIV/0! | Z24: =Y24/$F24 -> #DIV/0! | AB24: =AA24/$F24 -> #DIV/0! | AC24: =Y24+AA24 -> 0 | AD24: =AC24/$F24 -> #DIV/0! | AF24: =AE24/$F24 -> #DIV/0! | AH24: =AG24/$F24 -> #DIV/0! | AJ24: =AI24/$F24 -> #DIV/0! | AL24: =AK24/$F24 -> #DIV/0!
D25: 46067 | E25: 六 | J25: =I25/$F25 -> #DIV/0! | L25: =K25/$F25 -> #DIV/0! | M25: =I25+K25 -> 0 | N25: =M25/$F25 -> #DIV/0! | P25: =O25/$F25 -> #DIV/0! | R25: =Q25/$F25 -> #DIV/0! | S25: =O25+Q25 -> 0 | T25: =S25/$F25 -> #DIV/0! | V25: =U25/$F25 -> #DIV/0! | X25: =W25/$F25 -> #DIV/0! | Z25: =Y25/$F25 -> #DIV/0! | AB25: =AA25/$F25 -> #DIV/0! | AC25: =Y25+AA25 -> 0 | AD25: =AC25/$F25 -> #DIV/0! | AF25: =AE25/$F25 -> #DIV/0! | AH25: =AG25/$F25 -> #DIV/0! | AJ25: =AI25/$F25 -> #DIV/0! | AL25: =AK25/$F25 -> #DIV/0!
D26: 46068 | E26: 日 | J26: =I26/$F26 -> #DIV/0! | L26: =K26/$F26 -> #DIV/0! | M26: =I26+K26 -> 0 | N26: =M26/$F26 -> #DIV/0! | P26: =O26/$F26 -> #DIV/0! | R26: =Q26/$F26 -> #DIV/0! | S26: =O26+Q26 -> 0 | T26: =S26/$F26 -> #DIV/0! | V26: =U26/$F26 -> #DIV/0! | X26: =W26/$F26 -> #DIV/0! | Z26: =Y26/$F26 -> #DIV/0! | AB26: =AA26/$F26 -> #DIV/0! | AC26: =Y26+AA26 -> 0 | AD26: =AC26/$F26 -> #DIV/0! | AF26: =AE26/$F26 -> #DIV/0! | AH26: =AG26/$F26 -> #DIV/0! | AJ26: =AI26/$F26 -> #DIV/0! | AL26: =AK26/$F26 -> #DIV/0!
D27: 46069 | E27: 一 | J27: =I27/$F27 -> #DIV/0! | L27: =K27/$F27 -> #DIV/0! | M27: =I27+K27 -> 0 | N27: =M27/$F27 -> #DIV/0! | P27: =O27/$F27 -> #DIV/0! | R27: =Q27/$F27 -> #DIV/0! | S27: =O27+Q27 -> 0 | T27: =S27/$F27 -> #DIV/0! | V27: =U27/$F27 -> #DIV/0! | X27: =W27/$F27 -> #DIV/0! | Z27: =Y27/$F27 -> #DIV/0! | AB27: =AA27/$F27 -> #DIV/0! | AC27: =Y27+AA27 -> 0 | AD27: =AC27/$F27 -> #DIV/0! | AF27: =AE27/$F27 -> #DIV/0! | AH27: =AG27/$F27 -> #DIV/0! | AJ27: =AI27/$F27 -> #DIV/0! | AL27: =AK27/$F27 -> #DIV/0!
B28: =D36 -> 46078 | D28: 46070 | E28: 二 | G28: =SUM(F28:F34) -> 0 | J28: =I28/$F28 -> #DIV/0! | L28: =K28/$F28 -> #DIV/0! | M28: =I28+K28 -> 0 | N28: =M28/$F28 -> #DIV/0! | P28: =O28/$F28 -> #DIV/0! | R28: =Q28/$F28 -> #DIV/0! | S28: =O28+Q28 -> 0 | T28: =S28/$F28 -> #DIV/0! | V28: =U28/$F28 -> #DIV/0! | X28: =W28/$F28 -> #DIV/0! | Z28: =Y28/$F28 -> #DIV/0! | AB28: =AA28/$F28 -> #DIV/0! | AC28: =Y28+AA28 -> 0 | AD28: =AC28/$F28 -> #DIV/0! | AF28: =AE28/$F28 -> #DIV/0! | AH28: =AG28/$F28 -> #DIV/0! | AJ28: =AI28/$F28 -> #DIV/0! | AL28: =AK28/$F28 -> #DIV/0!
D29: 46071 | E29: 三 | J29: =I29/$F29 -> #DIV/0! | L29: =K29/$F29 -> #DIV/0! | M29: =I29+K29 -> 0 | N29: =M29/$F29 -> #DIV/0! | P29: =O29/$F29 -> #DIV/0! | R29: =Q29/$F29 -> #DIV/0! | S29: =O29+Q29 -> 0 | T29: =S29/$F29 -> #DIV/0! | V29: =U29/$F29 -> #DIV/0! | X29: =W29/$F29 -> #DIV/0! | Z29: =Y29/$F29 -> #DIV/0! | AB29: =AA29/$F29 -> #DIV/0! | AC29: =Y29+AA29 -> 0 | AD29: =AC29/$F29 -> #DIV/0! | AF29: =AE29/$F29 -> #DIV/0! | AH29: =AG29/$F29 -> #DIV/0! | AJ29: =AI29/$F29 -> #DIV/0! | AL29: =AK29/$F29 -> #DIV/0!
D30: 46072 | E30: 四 | J30: =I30/$F30 -> #DIV/0! | L30: =K30/$F30 -> #DIV/0! | M30: =I30+K30 -> 0 | N30: =M30/$F30 -> #DIV/0! | P30: =O30/$F30 -> #DIV/0! | R30: =Q30/$F30 -> #DIV/0! | S30: =O30+Q30 -> 0 | T30: =S30/$F30 -> #DIV/0! | V30: =U30/$F30 -> #DIV/0! | X30: =W30/$F30 -> #DIV/0! | Z30: =Y30/$F30 -> #DIV/0! | AB30: =AA30/$F30 -> #DIV/0! | AC30: =Y30+AA30 -> 0 | AD30: =AC30/$F30 -> #DIV/0! | AF30: =AE30/$F30 -> #DIV/0! | AH30: =AG30/$F30 -> #DIV/0! | AJ30: =AI30/$F30 -> #DIV/0! | AL30: =AK30/$F30 -> #DIV/0!
D31: 46073 | E31: 五 | J31: =I31/$F31 -> #DIV/0! | L31: =K31/$F31 -> #DIV/0! | M31: =I31+K31 -> 0 | N31: =M31/$F31 -> #DIV/0! | P31: =O31/$F31 -> #DIV/0! | R31: =Q31/$F31 -> #DIV/0! | S31: =O31+Q31 -> 0 | T31: =S31/$F31 -> #DIV/0! | V31: =U31/$F31 -> #DIV/0! | X31: =W31/$F31 -> #DIV/0! | Z31: =Y31/$F31 -> #DIV/0! | AB31: =AA31/$F31 -> #DIV/0! | AC31: =Y31+AA31 -> 0 | AD31: =AC31/$F31 -> #DIV/0! | AF31: =AE31/$F31 -> #DIV/0! | AH31: =AG31/$F31 -> #DIV/0! | AJ31: =AI31/$F31 -> #DIV/0! | AL31: =AK31/$F31 -> #DIV/0!
D32: 46074 | E32: 六 | J32: =I32/$F32 -> #DIV/0! | L32: =K32/$F32 -> #DIV/0! | M32: =I32+K32 -> 0 | N32: =M32/$F32 -> #DIV/0! | P32: =O32/$F32 -> #DIV/0! | R32: =Q32/$F32 -> #DIV/0! | S32: =O32+Q32 -> 0 | T32: =S32/$F32 -> #DIV/0! | V32: =U32/$F32 -> #DIV/0! | X32: =W32/$F32 -> #DIV/0! | Z32: =Y32/$F32 -> #DIV/0! | AB32: =AA32/$F32 -> #DIV/0! | AC32: =Y32+AA32 -> 0 | AD32: =AC32/$F32 -> #DIV/0! | AF32: =AE32/$F32 -> #DIV/0! | AH32: =AG32/$F32 -> #DIV/0! | AJ32: =AI32/$F32 -> #DIV/0! | AL32: =AK32/$F32 -> #DIV/0!
D33: 46075 | E33: 日 | J33: =I33/$F33 -> #DIV/0! | L33: =K33/$F33 -> #DIV/0! | M33: =I33+K33 -> 0 | N33: =M33/$F33 -> #DIV/0! | P33: =O33/$F33 -> #DIV/0! | R33: =Q33/$F33 -> #DIV/0! | S33: =O33+Q33 -> 0 | T33: =S33/$F33 -> #DIV/0! | V33: =U33/$F33 -> #DIV/0! | X33: =W33/$F33 -> #DIV/0! | Z33: =Y33/$F33 -> #DIV/0! | AB33: =AA33/$F33 -> #DIV/0! | AC33: =Y33+AA33 -> 0 | AD33: =AC33/$F33 -> #DIV/0! | AF33: =AE33/$F33 -> #DIV/0! | AH33: =AG33/$F33 -> #DIV/0! | AJ33: =AI33/$F33 -> #DIV/0! | AL33: =AK33/$F33 -> #DIV/0!
D34: 46076 | E34: 一 | J34: =I34/$F34 -> #DIV/0! | L34: =K34/$F34 -> #DIV/0! | M34: =I34+K34 -> 0 | N34: =M34/$F34 -> #DIV/0! | P34: =O34/$F34 -> #DIV/0! | R34: =Q34/$F34 -> #DIV/0! | S34: =O34+Q34 -> 0 | T34: =S34/$F34 -> #DIV/0! | V34: =U34/$F34 -> #DIV/0! | X34: =W34/$F34 -> #DIV/0! | Z34: =Y34/$F34 -> #DIV/0! | AB34: =AA34/$F34 -> #DIV/0! | AC34: =Y34+AA34 -> 0 | AD34: =AC34/$F34 -> #DIV/0! | AF34: =AE34/$F34 -> #DIV/0! | AH34: =AG34/$F34 -> #DIV/0! | AJ34: =AI34/$F34 -> #DIV/0! | AL34: =AK34/$F34 -> #DIV/0!
B35: =D43 -> 46085 | D35: 46077 | E35: 二 | G35: =SUM(F35:F41) -> 0 | J35: =I35/$F35 -> #DIV/0! | L35: =K35/$F35 -> #DIV/0! | M35: =I35+K35 -> 0 | N35: =M35/$F35 -> #DIV/0! | P35: =O35/$F35 -> #DIV/0! | R35: =Q35/$F35 -> #DIV/0! | S35: =O35+Q35 -> 0 | T35: =S35/$F35 -> #DIV/0! | V35: =U35/$F35 -> #DIV/0! | X35: =W35/$F35 -> #DIV/0! | Z35: =Y35/$F35 -> #DIV/0! | AB35: =AA35/$F35 -> #DIV/0! | AC35: =Y35+AA35 -> 0 | AD35: =AC35/$F35 -> #DIV/0! | AF35: =AE35/$F35 -> #DIV/0! | AH35: =AG35/$F35 -> #DIV/0! | AJ35: =AI35/$F35 -> #DIV/0! | AL35: =AK35/$F35 -> #DIV/0!
D36: 46078 | E36: 三 | J36: =I36/$F36 -> #DIV/0! | L36: =K36/$F36 -> #DIV/0! | M36: =I36+K36 -> 0 | N36: =M36/$F36 -> #DIV/0! | P36: =O36/$F36 -> #DIV/0! | R36: =Q36/$F36 -> #DIV/0! | S36: =O36+Q36 -> 0 | T36: =S36/$F36 -> #DIV/0! | V36: =U36/$F36 -> #DIV/0! | X36: =W36/$F36 -> #DIV/0! | Z36: =Y36/$F36 -> #DIV/0! | AB36: =AA36/$F36 -> #DIV/0! | AC36: =Y36+AA36 -> 0 | AD36: =AC36/$F36 -> #DIV/0! | AF36: =AE36/$F36 -> #DIV/0! | AH36: =AG36/$F36 -> #DIV/0! | AJ36: =AI36/$F36 -> #DIV/0! | AL36: =AK36/$F36 -> #DIV/0!
D37: 46079 | E37: 四 | J37: =I37/$F37 -> #DIV/0! | L37: =K37/$F37 -> #DIV/0! | M37: =I37+K37 -> 0 | N37: =M37/$F37 -> #DIV/0! | P37: =O37/$F37 -> #DIV/0! | R37: =Q37/$F37 -> #DIV/0! | S37: =O37+Q37 -> 0 | T37: =S37/$F37 -> #DIV/0! | V37: =U37/$F37 -> #DIV/0! | X37: =W37/$F37 -> #DIV/0! | Z37: =Y37/$F37 -> #DIV/0! | AB37: =AA37/$F37 -> #DIV/0! | AC37: =Y37+AA37 -> 0 | AD37: =AC37/$F37 -> #DIV/0! | AF37: =AE37/$F37 -> #DIV/0! | AH37: =AG37/$F37 -> #DIV/0! | AJ37: =AI37/$F37 -> #DIV/0! | AL37: =AK37/$F37 -> #DIV/0!
D38: 46080 | E38: 五 | J38: =I38/$F38 -> #DIV/0! | L38: =K38/$F38 -> #DIV/0! | M38: =I38+K38 -> 0 | N38: =M38/$F38 -> #DIV/0! | P38: =O38/$F38 -> #DIV/0! | R38: =Q38/$F38 -> #DIV/0! | S38: =O38+Q38 -> 0 | T38: =S38/$F38 -> #DIV/0! | V38: =U38/$F38 -> #DIV/0! | X38: =W38/$F38 -> #DIV/0! | Z38: =Y38/$F38 -> #DIV/0! | AB38: =AA38/$F38 -> #DIV/0! | AC38: =Y38+AA38 -> 0 | AD38: =AC38/$F38 -> #DIV/0! | AF38: =AE38/$F38 -> #DIV/0! | AH38: =AG38/$F38 -> #DIV/0! | AJ38: =AI38/$F38 -> #DIV/0! | AL38: =AK38/$F38 -> #DIV/0!
D39: 46081 | E39: 六 | J39: =I39/$F39 -> #DIV/0! | L39: =K39/$F39 -> #DIV/0! | M39: =I39+K39 -> 0 | N39: =M39/$F39 -> #DIV/0! | P39: =O39/$F39 -> #DIV/0! | R39: =Q39/$F39 -> #DIV/0! | S39: =O39+Q39 -> 0 | T39: =S39/$F39 -> #DIV/0! | V39: =U39/$F39 -> #DIV/0! | X39: =W39/$F39 -> #DIV/0! | Z39: =Y39/$F39 -> #DIV/0! | AB39: =AA39/$F39 -> #DIV/0! | AC39: =Y39+AA39 -> 0 | AD39: =AC39/$F39 -> #DIV/0! | AF39: =AE39/$F39 -> #DIV/0! | AH39: =AG39/$F39 -> #DIV/0! | AJ39: =AI39/$F39 -> #DIV/0! | AL39: =AK39/$F39 -> #DIV/0!
C40: 三 | D40: 46082 | E40: 日 | H40: =SUM(F40:F67) -> 0 | J40: =I40/$F40 -> #DIV/0! | L40: =K40/$F40 -> #DIV/0! | M40: =I40+K40 -> 0 | N40: =M40/$F40 -> #DIV/0! | P40: =O40/$F40 -> #DIV/0! | R40: =Q40/$F40 -> #DIV/0! | S40: =O40+Q40 -> 0 | T40: =S40/$F40 -> #DIV/0! | V40: =U40/$F40 -> #DIV/0! | X40: =W40/$F40 -> #DIV/0! | Z40: =Y40/$F40 -> #DIV/0! | AB40: =AA40/$F40 -> #DIV/0! | AC40: =Y40+AA40 -> 0 | AD40: =AC40/$F40 -> #DIV/0! | AF40: =AE40/$F40 -> #DIV/0! | AH40: =AG40/$F40 -> #DIV/0! | AJ40: =AI40/$F40 -> #DIV/0! | AL40: =AK40/$F40 -> #DIV/0!
D41: 46083 | E41: 一 | J41: =I41/$F41 -> #DIV/0! | L41: =K41/$F41 -> #DIV/0! | M41: =I41+K41 -> 0 | N41: =M41/$F41 -> #DIV/0! | P41: =O41/$F41 -> #DIV/0! | R41: =Q41/$F41 -> #DIV/0! | S41: =O41+Q41 -> 0 | T41: =S41/$F41 -> #DIV/0! | V41: =U41/$F41 -> #DIV/0! | X41: =W41/$F41 -> #DIV/0! | Z41: =Y41/$F41 -> #DIV/0! | AB41: =AA41/$F41 -> #DIV/0! | AC41: =Y41+AA41 -> 0 | AD41: =AC41/$F41 -> #DIV/0! | AF41: =AE41/$F41 -> #DIV/0! | AH41: =AG41/$F41 -> #DIV/0! | AJ41: =AI41/$F41 -> #DIV/0! | AL41: =AK41/$F41 -> #DIV/0!
B42: =B35+7 -> 46092 | D42: 46084 | E42: 二 | G42: =SUM(F42:F48) -> 0 | J42: =I42/$F42 -> #DIV/0! | L42: =K42/$F42 -> #DIV/0! | M42: =I42+K42 -> 0 | N42: =M42/$F42 -> #DIV/0! | P42: =O42/$F42 -> #DIV/0! | R42: =Q42/$F42 -> #DIV/0! | S42: =O42+Q42 -> 0 | T42: =S42/$F42 -> #DIV/0! | V42: =U42/$F42 -> #DIV/0! | X42: =W42/$F42 -> #DIV/0! | Z42: =Y42/$F42 -> #DIV/0! | AB42: =AA42/$F42 -> #DIV/0! | AC42: =Y42+AA42 -> 0 | AD42: =AC42/$F42 -> #DIV/0! | AF42: =AE42/$F42 -> #DIV/0! | AH42: =AG42/$F42 -> #DIV/0! | AJ42: =AI42/$F42 -> #DIV/0! | AL42: =AK42/$F42 -> #DIV/0!
D43: 46085 | E43: 三 | J43: =I43/$F43 -> #DIV/0! | L43: =K43/$F43 -> #DIV/0! | M43: =I43+K43 -> 0 | N43: =M43/$F43 -> #DIV/0! | P43: =O43/$F43 -> #DIV/0! | R43: =Q43/$F43 -> #DIV/0! | S43: =O43+Q43 -> 0 | T43: =S43/$F43 -> #DIV/0! | V43: =U43/$F43 -> #DIV/0! | X43: =W43/$F43 -> #DIV/0! | Z43: =Y43/$F43 -> #DIV/0! | AB43: =AA43/$F43 -> #DIV/0! | AC43: =Y43+AA43 -> 0 | AD43: =AC43/$F43 -> #DIV/0! | AF43: =AE43/$F43 -> #DIV/0! | AH43: =AG43/$F43 -> #DIV/0! | AJ43: =AI43/$F43 -> #DIV/0! | AL43: =AK43/$F43 -> #DIV/0!
D44: 46086 | E44: 四 | J44: =I44/$F44 -> #DIV/0! | L44: =K44/$F44 -> #DIV/0! | M44: =I44+K44 -> 0 | N44: =M44/$F44 -> #DIV/0! | P44: =O44/$F44 -> #DIV/0! | R44: =Q44/$F44 -> #DIV/0! | S44: =O44+Q44 -> 0 | T44: =S44/$F44 -> #DIV/0! | V44: =U44/$F44 -> #DIV/0! | X44: =W44/$F44 -> #DIV/0! | Z44: =Y44/$F44 -> #DIV/0! | AB44: =AA44/$F44 -> #DIV/0! | AC44: =Y44+AA44 -> 0 | AD44: =AC44/$F44 -> #DIV/0! | AF44: =AE44/$F44 -> #DIV/0! | AH44: =AG44/$F44 -> #DIV/0! | AJ44: =AI44/$F44 -> #DIV/0! | AL44: =AK44/$F44 -> #DIV/0!
D45: 46087 | E45: 五 | J45: =I45/$F45 -> #DIV/0! | L45: =K45/$F45 -> #DIV/0! | M45: =I45+K45 -> 0 | N45: =M45/$F45 -> #DIV/0! | P45: =O45/$F45 -> #DIV/0! | R45: =Q45/$F45 -> #DIV/0! | S45: =O45+Q45 -> 0 | T45: =S45/$F45 -> #DIV/0! | V45: =U45/$F45 -> #DIV/0! | X45: =W45/$F45 -> #DIV/0! | Z45: =Y45/$F45 -> #DIV/0! | AB45: =AA45/$F45 -> #DIV/0! | AC45: =Y45+AA45 -> 0 | AD45: =AC45/$F45 -> #DIV/0! | AF45: =AE45/$F45 -> #DIV/0! | AH45: =AG45/$F45 -> #DIV/0! | AJ45: =AI45/$F45 -> #DIV/0! | AL45: =AK45/$F45 -> #DIV/0!
D46: 46088 | E46: 六 | J46: =I46/$F46 -> #DIV/0! | L46: =K46/$F46 -> #DIV/0! | M46: =I46+K46 -> 0 | N46: =M46/$F46 -> #DIV/0! | P46: =O46/$F46 -> #DIV/0! | R46: =Q46/$F46 -> #DIV/0! | S46: =O46+Q46 -> 0 | T46: =S46/$F46 -> #DIV/0! | V46: =U46/$F46 -> #DIV/0! | X46: =W46/$F46 -> #DIV/0! | Z46: =Y46/$F46 -> #DIV/0! | AB46: =AA46/$F46 -> #DIV/0! | AC46: =Y46+AA46 -> 0 | AD46: =AC46/$F46 -> #DIV/0! | AF46: =AE46/$F46 -> #DIV/0! | AH46: =AG46/$F46 -> #DIV/0! | AJ46: =AI46/$F46 -> #DIV/0! | AL46: =AK46/$F46 -> #DIV/0!
D47: 46089 | E47: 日 | J47: =I47/$F47 -> #DIV/0! | L47: =K47/$F47 -> #DIV/0! | M47: =I47+K47 -> 0 | N47: =M47/$F47 -> #DIV/0! | P47: =O47/$F47 -> #DIV/0! | R47: =Q47/$F47 -> #DIV/0! | S47: =O47+Q47 -> 0 | T47: =S47/$F47 -> #DIV/0! | V47: =U47/$F47 -> #DIV/0! | X47: =W47/$F47 -> #DIV/0! | Z47: =Y47/$F47 -> #DIV/0! | AB47: =AA47/$F47 -> #DIV/0! | AC47: =Y47+AA47 -> 0 | AD47: =AC47/$F47 -> #DIV/0! | AF47: =AE47/$F47 -> #DIV/0! | AH47: =AG47/$F47 -> #DIV/0! | AJ47: =AI47/$F47 -> #DIV/0! | AL47: =AK47/$F47 -> #DIV/0!
D48: 46090 | E48: 一 | J48: =I48/$F48 -> #DIV/0! | L48: =K48/$F48 -> #DIV/0! | M48: =I48+K48 -> 0 | N48: =M48/$F48 -> #DIV/0! | P48: =O48/$F48 -> #DIV/0! | R48: =Q48/$F48 -> #DIV/0! | S48: =O48+Q48 -> 0 | T48: =S48/$F48 -> #DIV/0! | V48: =U48/$F48 -> #DIV/0! | X48: =W48/$F48 -> #DIV/0! | Z48: =Y48/$F48 -> #DIV/0! | AB48: =AA48/$F48 -> #DIV/0! | AC48: =Y48+AA48 -> 0 | AD48: =AC48/$F48 -> #DIV/0! | AF48: =AE48/$F48 -> #DIV/0! | AH48: =AG48/$F48 -> #DIV/0! | AJ48: =AI48/$F48 -> #DIV/0! | AL48: =AK48/$F48 -> #DIV/0!
B49: =B42+7 -> 46099 | D49: 46091 | E49: 二 | G49: =SUM(F49:F55) -> 0 | J49: =I49/$F49 -> #DIV/0! | L49: =K49/$F49 -> #DIV/0! | M49: =I49+K49 -> 0 | N49: =M49/$F49 -> #DIV/0! | P49: =O49/$F49 -> #DIV/0! | R49: =Q49/$F49 -> #DIV/0! | S49: =O49+Q49 -> 0 | T49: =S49/$F49 -> #DIV/0! | V49: =U49/$F49 -> #DIV/0! | X49: =W49/$F49 -> #DIV/0! | Z49: =Y49/$F49 -> #DIV/0! | AB49: =AA49/$F49 -> #DIV/0! | AC49: =Y49+AA49 -> 0 | AD49: =AC49/$F49 -> #DIV/0! | AF49: =AE49/$F49 -> #DIV/0! | AH49: =AG49/$F49 -> #DIV/0! | AJ49: =AI49/$F49 -> #DIV/0! | AL49: =AK49/$F49 -> #DIV/0!
D50: 46092 | E50: 三 | J50: =I50/$F50 -> #DIV/0! | L50: =K50/$F50 -> #DIV/0! | M50: =I50+K50 -> 0 | N50: =M50/$F50 -> #DIV/0! | P50: =O50/$F50 -> #DIV/0! | R50: =Q50/$F50 -> #DIV/0! | S50: =O50+Q50 -> 0 | T50: =S50/$F50 -> #DIV/0! | V50: =U50/$F50 -> #DIV/0! | X50: =W50/$F50 -> #DIV/0! | Z50: =Y50/$F50 -> #DIV/0! | AB50: =AA50/$F50 -> #DIV/0! | AC50: =Y50+AA50 -> 0 | AD50: =AC50/$F50 -> #DIV/0! | AF50: =AE50/$F50 -> #DIV/0! | AH50: =AG50/$F50 -> #DIV/0! | AJ50: =AI50/$F50 -> #DIV/0! | AL50: =AK50/$F50 -> #DIV/0!
D51: 46093 | E51: 四 | J51: =I51/$F51 -> #DIV/0! | L51: =K51/$F51 -> #DIV/0! | M51: =I51+K51 -> 0 | N51: =M51/$F51 -> #DIV/0! | P51: =O51/$F51 -> #DIV/0! | R51: =Q51/$F51 -> #DIV/0! | S51: =O51+Q51 -> 0 | T51: =S51/$F51 -> #DIV/0! | V51: =U51/$F51 -> #DIV/0! | X51: =W51/$F51 -> #DIV/0! | Z51: =Y51/$F51 -> #DIV/0! | AB51: =AA51/$F51 -> #DIV/0! | AC51: =Y51+AA51 -> 0 | AD51: =AC51/$F51 -> #DIV/0! | AF51: =AE51/$F51 -> #DIV/0! | AH51: =AG51/$F51 -> #DIV/0! | AJ51: =AI51/$F51 -> #DIV/0! | AL51: =AK51/$F51 -> #DIV/0!
D52: 46094 | E52: 五 | J52: =I52/$F52 -> #DIV/0! | L52: =K52/$F52 -> #DIV/0! | M52: =I52+K52 -> 0 | N52: =M52/$F52 -> #DIV/0! | P52: =O52/$F52 -> #DIV/0! | R52: =Q52/$F52 -> #DIV/0! | S52: =O52+Q52 -> 0 | T52: =S52/$F52 -> #DIV/0! | V52: =U52/$F52 -> #DIV/0! | X52: =W52/$F52 -> #DIV/0! | Z52: =Y52/$F52 -> #DIV/0! | AB52: =AA52/$F52 -> #DIV/0! | AC52: =Y52+AA52 -> 0 | AD52: =AC52/$F52 -> #DIV/0! | AF52: =AE52/$F52 -> #DIV/0! | AH52: =AG52/$F52 -> #DIV/0! | AJ52: =AI52/$F52 -> #DIV/0! | AL52: =AK52/$F52 -> #DIV/0!
D53: 46095 | E53: 六 | J53: =I53/$F53 -> #DIV/0! | L53: =K53/$F53 -> #DIV/0! | M53: =I53+K53 -> 0 | N53: =M53/$F53 -> #DIV/0! | P53: =O53/$F53 -> #DIV/0! | R53: =Q53/$F53 -> #DIV/0! | S53: =O53+Q53 -> 0 | T53: =S53/$F53 -> #DIV/0! | V53: =U53/$F53 -> #DIV/0! | X53: =W53/$F53 -> #DIV/0! | Z53: =Y53/$F53 -> #DIV/0! | AB53: =AA53/$F53 -> #DIV/0! | AC53: =Y53+AA53 -> 0 | AD53: =AC53/$F53 -> #DIV/0! | AF53: =AE53/$F53 -> #DIV/0! | AH53: =AG53/$F53 -> #DIV/0! | AJ53: =AI53/$F53 -> #DIV/0! | AL53: =AK53/$F53 -> #DIV/0!
D54: 46096 | E54: 日 | J54: =I54/$F54 -> #DIV/0! | L54: =K54/$F54 -> #DIV/0! | M54: =I54+K54 -> 0 | N54: =M54/$F54 -> #DIV/0! | P54: =O54/$F54 -> #DIV/0! | R54: =Q54/$F54 -> #DIV/0! | S54: =O54+Q54 -> 0 | T54: =S54/$F54 -> #DIV/0! | V54: =U54/$F54 -> #DIV/0! | X54: =W54/$F54 -> #DIV/0! | Z54: =Y54/$F54 -> #DIV/0! | AB54: =AA54/$F54 -> #DIV/0! | AC54: =Y54+AA54 -> 0 | AD54: =AC54/$F54 -> #DIV/0! | AF54: =AE54/$F54 -> #DIV/0! | AH54: =AG54/$F54 -> #DIV/0! | AJ54: =AI54/$F54 -> #DIV/0! | AL54: =AK54/$F54 -> #DIV/0!
D55: 46097 | E55: 一 | J55: =I55/$F55 -> #DIV/0! | L55: =K55/$F55 -> #DIV/0! | M55: =I55+K55 -> 0 | N55: =M55/$F55 -> #DIV/0! | P55: =O55/$F55 -> #DIV/0! | R55: =Q55/$F55 -> #DIV/0! | S55: =O55+Q55 -> 0 | T55: =S55/$F55 -> #DIV/0! | V55: =U55/$F55 -> #DIV/0! | X55: =W55/$F55 -> #DIV/0! | Z55: =Y55/$F55 -> #DIV/0! | AB55: =AA55/$F55 -> #DIV/0! | AC55: =Y55+AA55 -> 0 | AD55: =AC55/$F55 -> #DIV/0! | AF55: =AE55/$F55 -> #DIV/0! | AH55: =AG55/$F55 -> #DIV/0! | AJ55: =AI55/$F55 -> #DIV/0! | AL55: =AK55/$F55 -> #DIV/0!
B56: =B49+7 -> 46106 | D56: 46098 | E56: 二 | G56: =SUM(F56:F62) -> 0 | J56: =I56/$F56 -> #DIV/0! | L56: =K56/$F56 -> #DIV/0! | M56: =I56+K56 -> 0 | N56: =M56/$F56 -> #DIV/0! | P56: =O56/$F56 -> #DIV/0! | R56: =Q56/$F56 -> #DIV/0! | S56: =O56+Q56 -> 0 | T56: =S56/$F56 -> #DIV/0! | V56: =U56/$F56 -> #DIV/0! | X56: =W56/$F56 -> #DIV/0! | Z56: =Y56/$F56 -> #DIV/0! | AB56: =AA56/$F56 -> #DIV/0! | AC56: =Y56+AA56 -> 0 | AD56: =AC56/$F56 -> #DIV/0! | AF56: =AE56/$F56 -> #DIV/0! | AH56: =AG56/$F56 -> #DIV/0! | AJ56: =AI56/$F56 -> #DIV/0! | AL56: =AK56/$F56 -> #DIV/0!
D57: 46099 | E57: 三 | J57: =I57/$F57 -> #DIV/0! | L57: =K57/$F57 -> #DIV/0! | M57: =I57+K57 -> 0 | N57: =M57/$F57 -> #DIV/0! | P57: =O57/$F57 -> #DIV/0! | R57: =Q57/$F57 -> #DIV/0! | S57: =O57+Q57 -> 0 | T57: =S57/$F57 -> #DIV/0! | V57: =U57/$F57 -> #DIV/0! | X57: =W57/$F57 -> #DIV/0! | Z57: =Y57/$F57 -> #DIV/0! | AB57: =AA57/$F57 -> #DIV/0! | AC57: =Y57+AA57 -> 0 | AD57: =AC57/$F57 -> #DIV/0! | AF57: =AE57/$F57 -> #DIV/0! | AH57: =AG57/$F57 -> #DIV/0! | AJ57: =AI57/$F57 -> #DIV/0! | AL57: =AK57/$F57 -> #DIV/0!
D58: 46100 | E58: 四 | J58: =I58/$F58 -> #DIV/0! | L58: =K58/$F58 -> #DIV/0! | M58: =I58+K58 -> 0 | N58: =M58/$F58 -> #DIV/0! | P58: =O58/$F58 -> #DIV/0! | R58: =Q58/$F58 -> #DIV/0! | S58: =O58+Q58 -> 0 | T58: =S58/$F58 -> #DIV/0! | V58: =U58/$F58 -> #DIV/0! | X58: =W58/$F58 -> #DIV/0! | Z58: =Y58/$F58 -> #DIV/0! | AB58: =AA58/$F58 -> #DIV/0! | AC58: =Y58+AA58 -> 0 | AD58: =AC58/$F58 -> #DIV/0! | AF58: =AE58/$F58 -> #DIV/0! | AH58: =AG58/$F58 -> #DIV/0! | AJ58: =AI58/$F58 -> #DIV/0! | AL58: =AK58/$F58 -> #DIV/0!
D59: 46101 | E59: 五 | J59: =I59/$F59 -> #DIV/0! | L59: =K59/$F59 -> #DIV/0! | M59: =I59+K59 -> 0 | N59: =M59/$F59 -> #DIV/0! | P59: =O59/$F59 -> #DIV/0! | R59: =Q59/$F59 -> #DIV/0! | S59: =O59+Q59 -> 0 | T59: =S59/$F59 -> #DIV/0! | V59: =U59/$F59 -> #DIV/0! | X59: =W59/$F59 -> #DIV/0! | Z59: =Y59/$F59 -> #DIV/0! | AB59: =AA59/$F59 -> #DIV/0! | AC59: =Y59+AA59 -> 0 | AD59: =AC59/$F59 -> #DIV/0! | AF59: =AE59/$F59 -> #DIV/0! | AH59: =AG59/$F59 -> #DIV/0! | AJ59: =AI59/$F59 -> #DIV/0! | AL59: =AK59/$F59 -> #DIV/0!
D60: 46102 | E60: 六 | J60: =I60/$F60 -> #DIV/0! | L60: =K60/$F60 -> #DIV/0! | M60: =I60+K60 -> 0 | N60: =M60/$F60 -> #DIV/0! | P60: =O60/$F60 -> #DIV/0! | R60: =Q60/$F60 -> #DIV/0! | S60: =O60+Q60 -> 0 | T60: =S60/$F60 -> #DIV/0! | V60: =U60/$F60 -> #DIV/0! | X60: =W60/$F60 -> #DIV/0! | Z60: =Y60/$F60 -> #DIV/0! | AB60: =AA60/$F60 -> #DIV/0! | AC60: =Y60+AA60 -> 0 | AD60: =AC60/$F60 -> #DIV/0! | AF60: =AE60/$F60 -> #DIV/0! | AH60: =AG60/$F60 -> #DIV/0! | AJ60: =AI60/$F60 -> #DIV/0! | AL60: =AK60/$F60 -> #DIV/0!
D61: 46103 | E61: 日 | J61: =I61/$F61 -> #DIV/0! | L61: =K61/$F61 -> #DIV/0! | M61: =I61+K61 -> 0 | N61: =M61/$F61 -> #DIV/0! | P61: =O61/$F61 -> #DIV/0! | R61: =Q61/$F61 -> #DIV/0! | S61: =O61+Q61 -> 0 | T61: =S61/$F61 -> #DIV/0! | V61: =U61/$F61 -> #DIV/0! | X61: =W61/$F61 -> #DIV/0! | Z61: =Y61/$F61 -> #DIV/0! | AB61: =AA61/$F61 -> #DIV/0! | AC61: =Y61+AA61 -> 0 | AD61: =AC61/$F61 -> #DIV/0! | AF61: =AE61/$F61 -> #DIV/0! | AH61: =AG61/$F61 -> #DIV/0! | AJ61: =AI61/$F61 -> #DIV/0! | AL61: =AK61/$F61 -> #DIV/0!
D62: 46104 | E62: 一 | J62: =I62/$F62 -> #DIV/0! | L62: =K62/$F62 -> #DIV/0! | M62: =I62+K62 -> 0 | N62: =M62/$F62 -> #DIV/0! | P62: =O62/$F62 -> #DIV/0! | R62: =Q62/$F62 -> #DIV/0! | S62: =O62+Q62 -> 0 | T62: =S62/$F62 -> #DIV/0! | V62: =U62/$F62 -> #DIV/0! | X62: =W62/$F62 -> #DIV/0! | Z62: =Y62/$F62 -> #DIV/0! | AB62: =AA62/$F62 -> #DIV/0! | AC62: =Y62+AA62 -> 0 | AD62: =AC62/$F62 -> #DIV/0! | AF62: =AE62/$F62 -> #DIV/0! | AH62: =AG62/$F62 -> #DIV/0! | AJ62: =AI62/$F62 -> #DIV/0! | AL62: =AK62/$F62 -> #DIV/0!
B63: =B56+7 -> 46113 | D63: 46105 | E63: 二 | G63: =SUM(F63:F69) -> 0 | J63: =I63/$F63 -> #DIV/0! | L63: =K63/$F63 -> #DIV/0! | M63: =I63+K63 -> 0 | N63: =M63/$F63 -> #DIV/0! | P63: =O63/$F63 -> #DIV/0! | R63: =Q63/$F63 -> #DIV/0! | S63: =O63+Q63 -> 0 | T63: =S63/$F63 -> #DIV/0! | V63: =U63/$F63 -> #DIV/0! | X63: =W63/$F63 -> #DIV/0! | Z63: =Y63/$F63 -> #DIV/0! | AB63: =AA63/$F63 -> #DIV/0! | AC63: =Y63+AA63 -> 0 | AD63: =AC63/$F63 -> #DIV/0! | AF63: =AE63/$F63 -> #DIV/0! | AH63: =AG63/$F63 -> #DIV/0! | AJ63: =AI63/$F63 -> #DIV/0! | AL63: =AK63/$F63 -> #DIV/0!
D64: 46106 | E64: 三 | J64: =I64/$F64 -> #DIV/0! | L64: =K64/$F64 -> #DIV/0! | M64: =I64+K64 -> 0 | N64: =M64/$F64 -> #DIV/0! | P64: =O64/$F64 -> #DIV/0! | R64: =Q64/$F64 -> #DIV/0! | S64: =O64+Q64 -> 0 | T64: =S64/$F64 -> #DIV/0! | V64: =U64/$F64 -> #DIV/0! | X64: =W64/$F64 -> #DIV/0! | Z64: =Y64/$F64 -> #DIV/0! | AB64: =AA64/$F64 -> #DIV/0! | AC64: =Y64+AA64 -> 0 | AD64: =AC64/$F64 -> #DIV/0! | AF64: =AE64/$F64 -> #DIV/0! | AH64: =AG64/$F64 -> #DIV/0! | AJ64: =AI64/$F64 -> #DIV/0! | AL64: =AK64/$F64 -> #DIV/0!
D65: 46107 | E65: 四 | J65: =I65/$F65 -> #DIV/0! | L65: =K65/$F65 -> #DIV/0! | M65: =I65+K65 -> 0 | N65: =M65/$F65 -> #DIV/0! | P65: =O65/$F65 -> #DIV/0! | R65: =Q65/$F65 -> #DIV/0! | S65: =O65+Q65 -> 0 | T65: =S65/$F65 -> #DIV/0! | V65: =U65/$F65 -> #DIV/0! | X65: =W65/$F65 -> #DIV/0! | Z65: =Y65/$F65 -> #DIV/0! | AB65: =AA65/$F65 -> #DIV/0! | AC65: =Y65+AA65 -> 0 | AD65: =AC65/$F65 -> #DIV/0! | AF65: =AE65/$F65 -> #DIV/0! | AH65: =AG65/$F65 -> #DIV/0! | AJ65: =AI65/$F65 -> #DIV/0! | AL65: =AK65/$F65 -> #DIV/0!
D66: 46108 | E66: 五 | J66: =I66/$F66 -> #DIV/0! | L66: =K66/$F66 -> #DIV/0! | M66: =I66+K66 -> 0 | N66: =M66/$F66 -> #DIV/0! | P66: =O66/$F66 -> #DIV/0! | R66: =Q66/$F66 -> #DIV/0! | S66: =O66+Q66 -> 0 | T66: =S66/$F66 -> #DIV/0! | V66: =U66/$F66 -> #DIV/0! | X66: =W66/$F66 -> #DIV/0! | Z66: =Y66/$F66 -> #DIV/0! | AB66: =AA66/$F66 -> #DIV/0! | AC66: =Y66+AA66 -> 0 | AD66: =AC66/$F66 -> #DIV/0! | AF66: =AE66/$F66 -> #DIV/0! | AH66: =AG66/$F66 -> #DIV/0! | AJ66: =AI66/$F66 -> #DIV/0! | AL66: =AK66/$F66 -> #DIV/0!
D67: 46109 | E67: 六 | J67: =I67/$F67 -> #DIV/0! | L67: =K67/$F67 -> #DIV/0! | M67: =I67+K67 -> 0 | N67: =M67/$F67 -> #DIV/0! | P67: =O67/$F67 -> #DIV/0! | R67: =Q67/$F67 -> #DIV/0! | S67: =O67+Q67 -> 0 | T67: =S67/$F67 -> #DIV/0! | V67: =U67/$F67 -> #DIV/0! | X67: =W67/$F67 -> #DIV/0! | Z67: =Y67/$F67 -> #DIV/0! | AB67: =AA67/$F67 -> #DIV/0! | AC67: =Y67+AA67 -> 0 | AD67: =AC67/$F67 -> #DIV/0! | AF67: =AE67/$F67 -> #DIV/0! | AH67: =AG67/$F67 -> #DIV/0! | AJ67: =AI67/$F67 -> #DIV/0! | AL67: =AK67/$F67 -> #DIV/0!
D68: 46110 | E68: 日 | J68: =I68/$F68 -> #DIV/0! | L68: =K68/$F68 -> #DIV/0! | M68: =I68+K68 -> 0 | N68: =M68/$F68 -> #DIV/0! | P68: =O68/$F68 -> #DIV/0! | R68: =Q68/$F68 -> #DIV/0! | S68: =O68+Q68 -> 0 | T68: =S68/$F68 -> #DIV/0! | V68: =U68/$F68 -> #DIV/0! | X68: =W68/$F68 -> #DIV/0! | Z68: =Y68/$F68 -> #DIV/0! | AB68: =AA68/$F68 -> #DIV/0! | AC68: =Y68+AA68 -> 0 | AD68: =AC68/$F68 -> #DIV/0! | AF68: =AE68/$F68 -> #DIV/0! | AH68: =AG68/$F68 -> #DIV/0! | AJ68: =AI68/$F68 -> #DIV/0! | AL68: =AK68/$F68 -> #DIV/0!
D69: 46111 | E69: 一 | J69: =I69/$F69 -> #DIV/0! | L69: =K69/$F69 -> #DIV/0! | M69: =I69+K69 -> 0 | N69: =M69/$F69 -> #DIV/0! | P69: =O69/$F69 -> #DIV/0! | R69: =Q69/$F69 -> #DIV/0! | S69: =O69+Q69 -> 0 | T69: =S69/$F69 -> #DIV/0! | V69: =U69/$F69 -> #DIV/0! | X69: =W69/$F69 -> #DIV/0! | Z69: =Y69/$F69 -> #DIV/0! | AB69: =AA69/$F69 -> #DIV/0! | AC69: =Y69+AA69 -> 0 | AD69: =AC69/$F69 -> #DIV/0! | AF69: =AE69/$F69 -> #DIV/0! | AH69: =AG69/$F69 -> #DIV/0! | AJ69: =AI69/$F69 -> #DIV/0! | AL69: =AK69/$F69 -> #DIV/0!

Sheet （５-1）品群別人時生產性(18℃-飯糰)
B1: 2月平均人時性 | C1: =AVERAGE(L45,L83,L121,L159) -> 774.4368
B2: 產線配置圖－每週更新(0127-0202) | N2: 資料繳交 | O2: 日期 | P2: 46049 | U2: =P2+1 -> 46050 | Z2: =U2+1 -> 46051 | AE2: =Z2+1 -> 46052 | AJ2: =AE2+1 -> 46053 | AO2: =AJ2+1 -> 46054 | AT2: =AO2+1 -> 46055
P3: =P2 -> 46049 | U3: =U2 -> 46050 | Z3: =Z2 -> 46051 | AE3: =AE2 -> 46052 | AJ3: =AJ2 -> 46053 | AO3: =AO2 -> 46054 | AT3: =AT2 -> 46055
B4: 品群 | C4: 商品名稱 | E4: 計畫 | H4: 平均人時性 | I4: 實績 (週平均) | L4: 平均人時性 | M4: 排名 | O4: 日報 | P4: 實際 | T4: 平均人時性 | U4: 實際 | Y4: 平均人時性 | Z4: 實際 | AD4: 平均人時性 | AE4: 實際 | AI4: 平均人時性 | AJ4: 實際 | AN4: 平均人時性 | AO4: 實際 | AS4: 平均人時性 | AT4: 實際 | AX4: 平均人時性
E5: 產線配置圖 | I5: 產線配置圖 | P5: 生產實績 | U5: 生產實績 | Z5: 生產實績 | AE5: 生產實績 | AJ5: 生產實績 | AO5: 生產實績 | AT5: 生產實績
E6: 人數 | F6: 產能／時 | G6: 人時性 | I6: 人數 | J6: 產能／時 | K6: 人時性 | P6: 人數 | Q6: 產能／時 | R6: 人時性 | S6: 排名 | U6: 人數 | V6: 產能／時 | W6: 人時性 | X6: 排名 | Z6: 人數 | AA6: 產能／時 | AB6: 人時性 | AC6: 排名 | AE6: 人數 | AF6: 產能／時 | AG6: 人時性 | AH6: 排名 | AJ6: 人數 | AK6: 產能／時 | AL6: 人時性 | AM6: 排名 | AO6: 人數 | AP6: 產能／時 | AQ6: 人時性 | AR6: 排名 | AT6: 人數 | AU6: 產能／時 | AV6: 人時性 | AW6: 排名
B7: 18℃-飯糰 | C7: 1 | D7: 一配鹽蔥燒肉飯糰 | E7: 4 | F7: 3300 | G7: =F7/E7 -> 825 | H7: =AVERAGE(G7:G39) -> 870.32258 | I7: =AVERAGE(P7,U7,Z7,AE7,AJ7,AO7,AT7) -> 4 | J7: =AVERAGE(Q7,V7,AA7,AF7,AK7,AP7,AU7) -> 2954.4075 | K7: =AVERAGE(R7,W7,AB7,AG7,AL7,AQ7,AV7) -> 738.60187 | L7: =IFERROR(AVERAGE(K7:K39),"-") -> 771.63649 | M7: =RANK(K7, K$7:$K$39) -> 16 | P7: 4 | Q7: 2953.9782 | R7: =IFERROR(Q7/P7,"") -> 738.49456 | S7: =RANK(R7, R$7:R$39) -> 15 | T7: =AVERAGE(R7:R39) -> 771.40035 | U7: 4 | V7: 2954.0107 | W7: =IFERROR(V7/U7,"") -> 738.50267 | X7: =RANK(W7, W$7:W$39) -> 16 | Y7: =AVERAGE(W7:W39) -> 771.47768 | Z7: 4 | AA7: 2953.9276 | AB7: =IFERROR(AA7/Z7,"") -> 738.48191 | AC7: =RANK(AB7, AB$7:AB$39) -> 16 | AD7: =AVERAGE(AB7:AB39) -> 773.90424 | AE7: 4 | AF7: 2954.1883 | AG7: =IFERROR(AF7/AE7,"") -> 738.54707 | AH7: =RANK(AG7, AG$7:AG$39) -> 16 | AI7: =AVERAGE(AG7:AG39) -> 773.94742 | AJ7: 4 | AK7: 2954.977 | AL7: =IFERROR(AK7/AJ7,"") -> 738.74426 | AM7: =RANK(AL7, AL$7:AL$39) -> 16 | AN7: =AVERAGE(AL7:AL39) -> 773.98574 | AO7: 4 | AP7: 2954.8457 | AQ7: =IFERROR(AP7/AO7,"") -> 738.71142 | AR7: =RANK(AQ7, AQ$7:AQ$39) -> 16 | AS7: =AVERAGE(AQ7:AQ39) -> 774.09172 | AT7: 4 | AU7: 2954.9249 | AV7: =IFERROR(AU7/AT7,"") -> 738.73122 | AW7: =RANK(AV7, AV$7:AV$39) -> 16 | AX7: =AVERAGE(AV7:AV39) -> 774.15879
C8: 2 | D8: 一配鮪魚飯糰 | E8: 3 | F8: 3600 | G8: =F8/E8 -> 1200 | I8: =AVERAGE(P8,U8,Z8,AE8,AJ8,AO8,AT8) -> 3 | J8: =AVERAGE(Q8,V8,AA8,AF8,AK8,AP8,AU8) -> 3126.3304 | K8: =AVERAGE(R8,W8,AB8,AG8,AL8,AQ8,AV8) -> 1042.1101 | M8: =RANK(K8, K$7:$K$39) -> 6 | P8: 3 | Q8: 3123.9441 | R8: =IFERROR(Q8/P8,"") -> 1041.3147 | S8: =RANK(R8, R$7:R$39) -> 5 | U8: 3 | V8: 3124.0426 | W8: =IFERROR(V8/U8,"") -> 1041.3475 | X8: =RANK(W8, W$7:W$39) -> 5 | Z8: 3 | AA8: 3126.6593 | AB8: =IFERROR(AA8/Z8,"") -> 1042.2198 | AC8: =RANK(AB8, AB$7:AB$39) -> 5 | AE8: 3 | AF8: 3127.1248 | AG8: =IFERROR(AF8/AE8,"") -> 1042.3749 | AH8: =RANK(AG8, AG$7:AG$39) -> 6 | AJ8: 3 | AK8: 3127.4953 | AL8: =IFERROR(AK8/AJ8,"") -> 1042.4984 | AM8: =RANK(AL8, AL$7:AL$39) -> 6 | AO8: 3 | AP8: 3127.5 | AQ8: =IFERROR(AP8/AO8,"") -> 1042.5 | AR8: =RANK(AQ8, AQ$7:AQ$39) -> 6 | AT8: 3 | AU8: 3127.5465 | AV8: =IFERROR(AU8/AT8,"") -> 1042.5155 | AW8: =RANK(AV8, AV$7:AV$39) -> 6
C9: 3 | D9: 一配雞肉飯飯糰 | E9: 4 | F9: 3300 | G9: =F9/E9 -> 825 | I9: =AVERAGE(P9,U9,Z9,AE9,AJ9,AO9,AT9) -> 4 | J9: =AVERAGE(Q9,V9,AA9,AF9,AK9,AP9,AU9) -> 2953.2805 | K9: =AVERAGE(R9,W9,AB9,AG9,AL9,AQ9,AV9) -> 738.32012 | M9: =RANK(K9, K$7:$K$39) -> 18 | P9: 4 | Q9: 2951.4682 | R9: =IFERROR(Q9/P9,"") -> 737.86705 | S9: =RANK(R9, R$7:R$39) -> 19 | U9: 4 | V9: 2952.9234 | W9: =IFERROR(V9/U9,"") -> 738.23086 | X9: =RANK(W9, W$7:W$39) -> 17 | Z9: 4 | AA9: 2953.3296 | AB9: =IFERROR(AA9/Z9,"") -> 738.3324 | AC9: =RANK(AB9, AB$7:AB$39) -> 17 | AE9: 4 | AF9: 2953.3534 | AG9: =IFERROR(AF9/AE9,"") -> 738.33836 | AH9: =RANK(AG9, AG$7:AG$39) -> 17 | AJ9: 4 | AK9: 2953.8462 | AL9: =IFERROR(AK9/AJ9,"") -> 738.46154 | AM9: =RANK(AL9, AL$7:AL$39) -> 17 | AO9: 4 | AP9: 2953.9085 | AQ9: =IFERROR(AP9/AO9,"") -> 738.47712 | AR9: =RANK(AQ9, AQ$7:AQ$39) -> 17 | AT9: 4 | AU9: 2954.1342 | AV9: =IFERROR(AU9/AT9,"") -> 738.53354 | AW9: =RANK(AV9, AV$7:AV$39) -> 17
C10: 4 | D10: 一配壹號醬炙烤牛飯糰 | E10: 5 | F10: 3300 | G10: =F10/E10 -> 660 | I10: =AVERAGE(P10,U10,Z10,AE10,AJ10,AO10,AT10) -> 5 | J10: =AVERAGE(Q10,V10,AA10,AF10,AK10,AP10,AU10) -> 2956.7585 | K10: =AVERAGE(R10,W10,AB10,AG10,AL10,AQ10,AV10) -> 591.35171 | M10: =RANK(K10, K$7:$K$39) -> 26 | P10: 5 | Q10: 2957.3257 | R10: =IFERROR(Q10/P10,"") -> 591.46515 | S10: =RANK(R10, R$7:R$39) -> 26 | U10: 5 | V10: 2957.0517 | W10: =IFERROR(V10/U10,"") -> 591.41035 | X10: =RANK(W10, W$7:W$39) -> 26 | Z10: 5 | AA10: 2957.7093 | AB10: =IFERROR(AA10/Z10,"") -> 591.54185 | AC10: =RANK(AB10, AB$7:AB$39) -> 24 | AE10: 5 | AF10: 2957.731 | AG10: =IFERROR(AF10/AE10,"") -> 591.5462 | AH10: =RANK(AG10, AG$7:AG$39) -> 24 | AJ10: 5 | AK10: 2955.642 | AL10: =IFERROR(AK10/AJ10,"") -> 591.1284 | AM10: =RANK(AL10, AL$7:AL$39) -> 24 | AO10: 5 | AP10: 2955.8156 | AQ10: =IFERROR(AP10/AO10,"") -> 591.16311 | AR10: =RANK(AQ10, AQ$7:AQ$39) -> 25 | AT10: 5 | AU10: 2956.0345 | AV10: =IFERROR(AU10/AT10,"") -> 591.2069 | AW10: =RANK(AV10, AV$7:AV$39) -> 25
C11: 5 | D11: 一配明太子龍蝦風味沙拉飯糰 | E11: 3 | F11: 3600 | G11: =F11/E11 -> 1200 | I11: =AVERAGE(P11,U11,Z11,AE11,AJ11,AO11,AT11) -> 3 | J11: =AVERAGE(Q11,V11,AA11,AF11,AK11,AP11,AU11) -> 3128.1854 | K11: =AVERAGE(R11,W11,AB11,AG11,AL11,AQ11,AV11) -> 1042.7285 | M11: =RANK(K11, K$7:$K$39) -> 4 | P11: 3 | Q11: 3127.0777 | R11: =IFERROR(Q11/P11,"") -> 1042.3592 | S11: =RANK(R11, R$7:R$39) -> 4 | U11: 3 | V11: 3127.6342 | W11: =IFERROR(V11/U11,"") -> 1042.5447 | X11: =RANK(W11, W$7:W$39) -> 4 | Z11: 3 | AA11: 3127.8689 | AB11: =IFERROR(AA11/Z11,"") -> 1042.623 | AC11: =RANK(AB11, AB$7:AB$39) -> 4 | AE11: 3 | AF11: 3128.1641 | AG11: =IFERROR(AF11/AE11,"") -> 1042.7214 | AH11: =RANK(AG11, AG$7:AG$39) -> 4 | AJ11: 3 | AK11: 3128.3925 | AL11: =IFERROR(AK11/AJ11,"") -> 1042.7975 | AM11: =RANK(AL11, AL$7:AL$39) -> 4 | AO11: 3 | AP11: 3128.972 | AQ11: =IFERROR(AP11/AO11,"") -> 1042.9907 | AR11: =RANK(AQ11, AQ$7:AQ$39) -> 3 | AT11: 3 | AU11: 3129.1888 | AV11: =IFERROR(AU11/AT11,"") -> 1043.0629 | AW11: =RANK(AV11, AV$7:AV$39) -> 3
C12: 6 | D12: 一配贅沢鮭魚肚飯糰 | E12: 3 | F12: 3000 | G12: =F12/E12 -> 1000 | I12: =AVERAGE(P12,U12,Z12,AE12,AJ12,AO12,AT12) -> 3 | J12: =AVERAGE(Q12,V12,AA12,AF12,AK12,AP12,AU12) -> 2689.9663 | K12: =AVERAGE(R12,W12,AB12,AG12,AL12,AQ12,AV12) -> 896.65543 | M12: =RANK(K12, K$7:$K$39) -> 9 | P12: 3 | Q12: 2690.0264 | R12: =IFERROR(Q12/P12,"") -> 896.67546 | S12: =RANK(R12, R$7:R$39) -> 9 | U12: 3 | V12: 2689.6882 | W12: =IFERROR(V12/U12,"") -> 896.56275 | X12: =RANK(W12, W$7:W$39) -> 9 | Z12: 3 | AA12: 2689.9841 | AB12: =IFERROR(AA12/Z12,"") -> 896.66137 | AC12: =RANK(AB12, AB$7:AB$39) -> 9 | AE12: 3 | AF12: 2689.922 | AG12: =IFERROR(AF12/AE12,"") -> 896.64065 | AH12: =RANK(AG12, AG$7:AG$39) -> 9 | AJ12: 3 | AK12: 2689.6254 | AL12: =IFERROR(AK12/AJ12,"") -> 896.54179 | AM12: =RANK(AL12, AL$7:AL$39) -> 9 | AO12: 3 | AP12: 2690.0702 | AQ12: =IFERROR(AP12/AO12,"") -> 896.69007 | AR12: =RANK(AQ12, AQ$7:AQ$39) -> 9 | AT12: 3 | AU12: 2690.4478 | AV12: =IFERROR(AU12/AT12,"") -> 896.81595 | AW12: =RANK(AV12, AV$7:AV$39) -> 9
C13: 7 | D13: 一配蔬食鮪魚飯糰 | E13: 3 | F13: 3600 | G13: =F13/E13 -> 1200 | I13: =AVERAGE(P13,U13,Z13,AE13,AJ13,AO13,AT13) -> 3 | J13: =AVERAGE(Q13,V13,AA13,AF13,AK13,AP13,AU13) -> 3132.7672 | K13: =AVERAGE(R13,W13,AB13,AG13,AL13,AQ13,AV13) -> 1044.2557 | M13: =RANK(K13, K$7:$K$39) -> 1 | P13: 3 | Q13: 3131.5985 | R13: =IFERROR(Q13/P13,"") -> 1043.8662 | S13: =RANK(R13, R$7:R$39) -> 1 | U13: 3 | V13: 3132.1882 | W13: =IFERROR(V13/U13,"") -> 1044.0627 | X13: =RANK(W13, W$7:W$39) -> 1 | Z13: 3 | AA13: 3131.15 | AB13: =IFERROR(AA13/Z13,"") -> 1043.7167 | AC13: =RANK(AB13, AB$7:AB$39) -> 2 | AE13: 3 | AF13: 3132.2835 | AG13: =IFERROR(AF13/AE13,"") -> 1044.0945 | AH13: =RANK(AG13, AG$7:AG$39) -> 2 | AJ13: 3 | AK13: 3133.3333 | AL13: =IFERROR(AK13/AJ13,"") -> 1044.4444 | AM13: =RANK(AL13, AL$7:AL$39) -> 1 | AO13: 3 | AP13: 3134.2657 | AQ13: =IFERROR(AP13/AO13,"") -> 1044.7552 | AR13: =RANK(AQ13, AQ$7:AQ$39) -> 1 | AT13: 3 | AU13: 3134.5508 | AV13: =IFERROR(AU13/AT13,"") -> 1044.8503 | AW13: =RANK(AV13, AV$7:AV$39) -> 1
C14: 8 | D14: 一配熟成紅鮭飯糰 | E14: 4 | F14: 3300 | G14: =F14/E14 -> 825 | I14: =AVERAGE(P14,U14,Z14,AE14,AJ14,AO14,AT14) -> 4 | J14: =AVERAGE(Q14,V14,AA14,AF14,AK14,AP14,AU14) -> 2928.085 | K14: =AVERAGE(R14,W14,AB14,AG14,AL14,AQ14,AV14) -> 732.02126 | M14: =RANK(K14, K$7:$K$39) -> 21 | P14: 4 | Q14: 2927.8481 | R14: =IFERROR(Q14/P14,"") -> 731.96203 | S14: =RANK(R14, R$7:R$39) -> 20 | U14: 4 | V14: 2928.4579 | W14: =IFERROR(V14/U14,"") -> 732.11447 | X14: =RANK(W14, W$7:W$39) -> 20 | Z14: 4 | AA14: 2928.6174 | AB14: =IFERROR(AA14/Z14,"") -> 732.15434 | AC14: =RANK(AB14, AB$7:AB$39) -> 19 | AE14: 4 | AF14: 2928.5922 | AG14: =IFERROR(AF14/AE14,"") -> 732.14804 | AH14: =RANK(AG14, AG$7:AG$39) -> 18 | AJ14: 4 | AK14: 2928.1106 | AL14: =IFERROR(AK14/AJ14,"") -> 732.02765 | AM14: =RANK(AL14, AL$7:AL$39) -> 19 | AO14: 4 | AP14: 2927.8309 | AQ14: =IFERROR(AP14/AO14,"") -> 731.95773 | AR14: =RANK(AQ14, AQ$7:AQ$39) -> 19 | AT14: 4 | AU14: 2927.1383 | AV14: =IFERROR(AU14/AT14,"") -> 731.78458 | AW14: =RANK(AV14, AV$7:AV$39) -> 21
C15: 9 | D15: 一配北海道秋鮭親子飯糰 | E15: 4 | F15: 3300 | G15: =F15/E15 -> 825 | I15: =AVERAGE(P15,U15,Z15,AE15,AJ15,AO15,AT15) -> 4 | J15: =AVERAGE(Q15,V15,AA15,AF15,AK15,AP15,AU15) -> 2927.6594 | K15: =AVERAGE(R15,W15,AB15,AG15,AL15,AQ15,AV15) -> 731.91484 | M15: =RANK(K15, K$7:$K$39) -> 22 | P15: 4 | Q15: 2927.33 | R15: =IFERROR(Q15/P15,"") -> 731.83251 | S15: =RANK(R15, R$7:R$39) -> 22 | U15: 4 | V15: 2927.7402 | W15: =IFERROR(V15/U15,"") -> 731.93505 | X15: =RANK(W15, W$7:W$39) -> 22 | Z15: 4 | AA15: 2928.2457 | AB15: =IFERROR(AA15/Z15,"") -> 732.06142 | AC15: =RANK(AB15, AB$7:AB$39) -> 20 | AE15: 4 | AF15: 2927.5626 | AG15: =IFERROR(AF15/AE15,"") -> 731.89066 | AH15: =RANK(AG15, AG$7:AG$39) -> 20 | AJ15: 4 | AK15: 2927.4969 | AL15: =IFERROR(AK15/AJ15,"") -> 731.87423 | AM15: =RANK(AL15, AL$7:AL$39) -> 20 | AO15: 4 | AP15: 2927.6448 | AQ15: =IFERROR(AP15/AO15,"") -> 731.91119 | AR15: =RANK(AQ15, AQ$7:AQ$39) -> 20 | AT15: 4 | AU15: 2927.5954 | AV15: =IFERROR(AU15/AT15,"") -> 731.89885 | AW15: =RANK(AV15, AV$7:AV$39) -> 20
C16: 10 | D16: 一配照燒雞肉飯糰 | E16: 4 | F16: 3300 | G16: =F16/E16 -> 825 | I16: =AVERAGE(P16,U16,Z16,AE16,AJ16,AO16,AT16) -> 4 | J16: =AVERAGE(Q16,V16,AA16,AF16,AK16,AP16,AU16) -> 2956.433 | K16: =AVERAGE(R16,W16,AB16,AG16,AL16,AQ16,AV16) -> 739.10824 | M16: =RANK(K16, K$7:$K$39) -> 14 | P16: 4 | Q16: 2955.2521 | R16: =IFERROR(Q16/P16,"") -> 738.81303 | S16: =RANK(R16, R$7:R$39) -> 14 | U16: 4 | V16: 2955.8302 | W16: =IFERROR(V16/U16,"") -> 738.95755 | X16: =RANK(W16, W$7:W$39) -> 14 | Z16: 4 | AA16: 2956.1614 | AB16: =IFERROR(AA16/Z16,"") -> 739.04035 | AC16: =RANK(AB16, AB$7:AB$39) -> 14 | AE16: 4 | AF16: 2955.2973 | AG16: =IFERROR(AF16/AE16,"") -> 738.82433 | AH16: =RANK(AG16, AG$7:AG$39) -> 15 | AJ16: 4 | AK16: 2956.9466 | AL16: =IFERROR(AK16/AJ16,"") -> 739.23664 | AM16: =RANK(AL16, AL$7:AL$39) -> 14 | AO16: 4 | AP16: 2957.4803 | AQ16: =IFERROR(AP16/AO16,"") -> 739.37008 | AR16: =RANK(AQ16, AQ$7:AQ$39) -> 14 | AT16: 4 | AU16: 2958.0627 | AV16: =IFERROR(AU16/AT16,"") -> 739.51569 | AW16: =RANK(AV16, AV$7:AV$39) -> 14
C17: 11 | D17: 一配經典肉鬆飯糰 | E17: 3 | F17: 3000 | G17: =F17/E17 -> 1000 | I17: =AVERAGE(P17,U17,Z17,AE17,AJ17,AO17,AT17) -> 3 | J17: =AVERAGE(Q17,V17,AA17,AF17,AK17,AP17,AU17) -> 2689.1444 | K17: =AVERAGE(R17,W17,AB17,AG17,AL17,AQ17,AV17) -> 896.38147 | M17: =RANK(K17, K$7:$K$39) -> 10 | P17: 3 | Q17: 2688.7157 | R17: =IFERROR(Q17/P17,"") -> 896.23856 | S17: =RANK(R17, R$7:R$39) -> 10 | U17: 3 | V17: 2688.8099 | W17: =IFERROR(V17/U17,"") -> 896.26998 | X17: =RANK(W17, W$7:W$39) -> 11 | Z17: 3 | AA17: 2688.9045 | AB17: =IFERROR(AA17/Z17,"") -> 896.30151 | AC17: =RANK(AB17, AB$7:AB$39) -> 10 | AE17: 3 | AF17: 2689.2695 | AG17: =IFERROR(AF17/AE17,"") -> 896.42315 | AH17: =RANK(AG17, AG$7:AG$39) -> 10 | AJ17: 3 | AK17: 2689.4595 | AL17: =IFERROR(AK17/AJ17,"") -> 896.48649 | AM17: =RANK(AL17, AL$7:AL$39) -> 10 | AO17: 3 | AP17: 2689.3508 | AQ17: =IFERROR(AP17/AO17,"") -> 896.45027 | AR17: =RANK(AQ17, AQ$7:AQ$39) -> 11 | AT17: 3 | AU17: 2689.501 | AV17: =IFERROR(AU17/AT17,"") -> 896.50032 | AW17: =RANK(AV17, AV$7:AV$39) -> 11
C18: 12 | D18: 一配兩粒飯糰(鮪魚.焦糖鮭魚) | E18: 12 | F18: 3600 | G18: =F18/E18 -> 300 | I18: =AVERAGE(P18,U18,Z18,AE18,AJ18,AO18,AT18) -> 12 | J18: =AVERAGE(Q18,V18,AA18,AF18,AK18,AP18,AU18) -> 3123.1075 | K18: =AVERAGE(R18,W18,AB18,AG18,AL18,AQ18,AV18) -> 260.25896 | M18: =RANK(K18, K$7:$K$39) -> 31 | P18: 12 | Q18: 3121.4907 | R18: =IFERROR(Q18/P18,"") -> 260.12422 | S18: =RANK(R18, R$7:R$39) -> 31 | U18: 12 | V18: 3122.0715 | W18: =IFERROR(V18/U18,"") -> 260.17263 | X18: =RANK(W18, W$7:W$39) -> 31 | Z18: 12 | AA18: 3121.8045 | AB18: =IFERROR(AA18/Z18,"") -> 260.15038 | AC18: =RANK(AB18, AB$7:AB$39) -> 29 | AE18: 12 | AF18: 3123.6641 | AG18: =IFERROR(AF18/AE18,"") -> 260.30534 | AH18: =RANK(AG18, AG$7:AG$39) -> 28 | AJ18: 12 | AK18: 3123.5859 | AL18: =IFERROR(AK18/AJ18,"") -> 260.29883 | AM18: =RANK(AL18, AL$7:AL$39) -> 28 | AO18: 12 | AP18: 3124.6354 | AQ18: =IFERROR(AP18/AO18,"") -> 260.38628 | AR18: =RANK(AQ18, AQ$7:AQ$39) -> 28 | AT18: 12 | AU18: 3124.5006 | AV18: =IFERROR(AU18/AT18,"") -> 260.37505 | AW18: =RANK(AV18, AV$7:AV$39) -> 29
C19: 13 | D19: 一配鮭魚奶油醬油飯糰 | E19: 3 | F19: 3300 | G19: =F19/E19 -> 1100 | I19: =AVERAGE(P19,U19,Z19,AE19,AJ19,AO19,AT19) -> 3 | J19: =AVERAGE(Q19,V19,AA19,AF19,AK19,AP19,AU19) -> 2953.1306 | K19: =AVERAGE(R19,W19,AB19,AG19,AL19,AQ19,AV19) -> 984.37687 | M19: =RANK(K19, K$7:$K$39) -> 8 | P19: 3 | Q19: 2952.5292 | R19: =IFERROR(Q19/P19,"") -> 984.17639 | S19: =RANK(R19, R$7:R$39) -> 8 | U19: 3 | V19: 2952.3852 | W19: =IFERROR(V19/U19,"") -> 984.1284 | X19: =RANK(W19, W$7:W$39) -> 8 | Z19: 3 | AA19: 2952.7174 | AB19: =IFERROR(AA19/Z19,"") -> 984.23913 | AC19: =RANK(AB19, AB$7:AB$39) -> 8 | AE19: 3 | AF19: 2953.1724 | AG19: =IFERROR(AF19/AE19,"") -> 984.39079 | AH19: =RANK(AG19, AG$7:AG$39) -> 8 | AJ19: 3 | AK19: 2953.3879 | AL19: =IFERROR(AK19/AJ19,"") -> 984.46262 | AM19: =RANK(AL19, AL$7:AL$39) -> 8 | AO19: 3 | AP19: 2953.6534 | AQ19: =IFERROR(AP19/AO19,"") -> 984.55115 | AR19: =RANK(AQ19, AQ$7:AQ$39) -> 8 | AT19: 3 | AU19: 2954.0689 | AV19: =IFERROR(AU19/AT19,"") -> 984.68962 | AW19: =RANK(AV19, AV$7:AV$39) -> 8
C20: 14 | D20: 一配明太子乳酪起司沙拉飯糰 | E20: 4 | F20: 3300 | G20: =F20/E20 -> 825 | I20: =AVERAGE(P20,U20,Z20,AE20,AJ20,AO20,AT20) -> 4 | J20: =AVERAGE(Q20,V20,AA20,AF20,AK20,AP20,AU20) -> 2952.914 | K20: =AVERAGE(R20,W20,AB20,AG20,AL20,AQ20,AV20) -> 738.2285 | M20: =RANK(K20, K$7:$K$39) -> 19 | P20: 4 | Q20: 2952.9526 | R20: =IFERROR(Q20/P20,"") -> 738.23814 | S20: =RANK(R20, R$7:R$39) -> 16 | U20: 4 | V20: 2952.8755 | W20: =IFERROR(V20/U20,"") -> 738.21886 | X20: =RANK(W20, W$7:W$39) -> 18
C21: 15 | D21: 一配紅運烏魚子紹興飯糰 | E21: 5 | F21: 3300 | G21: =F21/E21 -> 660 | I21: =AVERAGE(P21,U21,Z21,AE21,AJ21,AO21,AT21) -> 5 | J21: =AVERAGE(Q21,V21,AA21,AF21,AK21,AP21,AU21) -> 2954.8941 | K21: =AVERAGE(R21,W21,AB21,AG21,AL21,AQ21,AV21) -> 590.97881 | M21: =RANK(K21, K$7:$K$39) -> 27 | P21: 5 | Q21: 2953.6878 | R21: =IFERROR(Q21/P21,"") -> 590.73756 | S21: =RANK(R21, R$7:R$39) -> 27 | U21: 5 | V21: 2953.7177 | W21: =IFERROR(V21/U21,"") -> 590.74354 | X21: =RANK(W21, W$7:W$39) -> 28 | Z21: 5 | AA21: 2954.1456 | AB21: =IFERROR(AA21/Z21,"") -> 590.82911 | AC21: =RANK(AB21, AB$7:AB$39) -> 26 | AE21: 5 | AF21: 2954.5736 | AG21: =IFERROR(AF21/AE21,"") -> 590.91472 | AH21: =RANK(AG21, AG$7:AG$39) -> 26 | AJ21: 5 | AK21: 2954.977 | AL21: =IFERROR(AK21/AJ21,"") -> 590.99541 | AM21: =RANK(AL21, AL$7:AL$39) -> 25 | AO21: 5 | AP21: 2956.5061 | AQ21: =IFERROR(AP21/AO21,"") -> 591.30122 | AR21: =RANK(AQ21, AQ$7:AQ$39) -> 24 | AT21: 5 | AU21: 2956.6507 | AV21: =IFERROR(AU21/AT21,"") -> 591.33014 | AW21: =RANK(AV21, AV$7:AV$39) -> 24
C22: 16 | D22: 二配雞肉飯飯糰 | E22: 4 | F22: 3300 | G22: =F22/E22 -> 825 | I22: =AVERAGE(P22,U22,Z22,AE22,AJ22,AO22,AT22) -> 4 | J22: =AVERAGE(Q22,V22,AA22,AF22,AK22,AP22,AU22) -> 2955.0178 | K22: =AVERAGE(R22,W22,AB22,AG22,AL22,AQ22,AV22) -> 738.75445 | M22: =RANK(K22, K$7:$K$39) -> 15 | P22: 4 | Q22: 2952.2911 | R22: =IFERROR(Q22/P22,"") -> 738.07278 | S22: =RANK(R22, R$7:R$39) -> 18 | U22: 4 | V22: 2952.6205 | W22: =IFERROR(V22/U22,"") -> 738.15514 | X22: =RANK(W22, W$7:W$39) -> 19 | Z22: 4 | AA22: 2955.7895 | AB22: =IFERROR(AA22/Z22,"") -> 738.94737 | AC22: =RANK(AB22, AB$7:AB$39) -> 15 | AE22: 4 | AF22: 2955.6457 | AG22: =IFERROR(AF22/AE22,"") -> 738.91142 | AH22: =RANK(AG22, AG$7:AG$39) -> 14 | AJ22: 4 | AK22: 2956.2493 | AL22: =IFERROR(AK22/AJ22,"") -> 739.06232 | AM22: =RANK(AL22, AL$7:AL$39) -> 15 | AO22: 4 | AP22: 2956.1684 | AQ22: =IFERROR(AP22/AO22,"") -> 739.04211 | AR22: =RANK(AQ22, AQ$7:AQ$39) -> 15 | AT22: 4 | AU22: 2956.3601 | AV22: =IFERROR(AU22/AT22,"") -> 739.09004 | AW22: =RANK(AV22, AV$7:AV$39) -> 15
C23: 17 | D23: 二配鮪魚飯糰 | E23: 3 | F23: 3600 | G23: =F23/E23 -> 1200 | I23: =AVERAGE(P23,U23,Z23,AE23,AJ23,AO23,AT23) -> 3 | J23: =AVERAGE(Q23,V23,AA23,AF23,AK23,AP23,AU23) -> 3128.4251 | K23: =AVERAGE(R23,W23,AB23,AG23,AL23,AQ23,AV23) -> 1042.8084 | M23: =RANK(K23, K$7:$K$39) -> 3 | P23: 3 | Q23: 3127.6794 | R23: =IFERROR(Q23/P23,"") -> 1042.5598 | S23: =RANK(R23, R$7:R$39) -> 3 | U23: 3 | V23: 3128.2048 | W23: =IFERROR(V23/U23,"") -> 1042.7349 | X23: =RANK(W23, W$7:W$39) -> 3 | Z23: 3 | AA23: 3128.0914 | AB23: =IFERROR(AA23/Z23,"") -> 1042.6971 | AC23: =RANK(AB23, AB$7:AB$39) -> 3 | AE23: 3 | AF23: 3128.5415 | AG23: =IFERROR(AF23/AE23,"") -> 1042.8472 | AH23: =RANK(AG23, AG$7:AG$39) -> 3 | AJ23: 3 | AK23: 3128.5583 | AL23: =IFERROR(AK23/AJ23,"") -> 1042.8528 | AM23: =RANK(AL23, AL$7:AL$39) -> 3 | AO23: 3 | AP23: 3128.8826 | AQ23: =IFERROR(AP23/AO23,"") -> 1042.9609 | AR23: =RANK(AQ23, AQ$7:AQ$39) -> 4 | AT23: 3 | AU23: 3129.018 | AV23: =IFERROR(AU23/AT23,"") -> 1043.006 | AW23: =RANK(AV23, AV$7:AV$39) -> 4
C24: 18 | D24: 二配鹽蔥燒肉飯糰 | E24: 4 | F24: 3300 | G24: =F24/E24 -> 825 | I24: =AVERAGE(P24,U24,Z24,AE24,AJ24,AO24,AT24) -> 4 | J24: =AVERAGE(Q24,V24,AA24,AF24,AK24,AP24,AU24) -> 2958.6053 | K24: =AVERAGE(R24,W24,AB24,AG24,AL24,AQ24,AV24) -> 739.65133 | M24: =RANK(K24, K$7:$K$39) -> 13 | P24: 4 | Q24: 2958.4958 | R24: =IFERROR(Q24/P24,"") -> 739.62394 | S24: =RANK(R24, R$7:R$39) -> 12 | U24: 4 | V24: 2958.6207 | W24: =IFERROR(V24/U24,"") -> 739.65517 | X24: =RANK(W24, W$7:W$39) -> 12 | Z24: 4 | AA24: 2958.7016 | AB24: =IFERROR(AA24/Z24,"") -> 739.6754 | AC24: =RANK(AB24, AB$7:AB$39) -> 13 | AE24: 4 | AF24: 2958.5615 | AG24: =IFERROR(AF24/AE24,"") -> 739.64038 | AH24: =RANK(AG24, AG$7:AG$39) -> 13 | AJ24: 4 | AK24: 2958.5547 | AL24: =IFERROR(AK24/AJ24,"") -> 739.63868 | AM24: =RANK(AL24, AL$7:AL$39) -> 13 | AO24: 4 | AP24: 2958.5183 | AQ24: =IFERROR(AP24/AO24,"") -> 739.62957 | AR24: =RANK(AQ24, AQ$7:AQ$39) -> 13 | AT24: 4 | AU24: 2958.7845 | AV24: =IFERROR(AU24/AT24,"") -> 739.69614 | AW24: =RANK(AV24, AV$7:AV$39) -> 13
C25: 19 | D25: 二配壹號醬炙烤牛飯糰 | E25: 5 | F25: 3300 | G25: =F25/E25 -> 660 | I25: =AVERAGE(P25,U25,Z25,AE25,AJ25,AO25,AT25) -> 5 | J25: =AVERAGE(Q25,V25,AA25,AF25,AK25,AP25,AU25) -> 2954.2612 | K25: =AVERAGE(R25,W25,AB25,AG25,AL25,AQ25,AV25) -> 590.85225 | M25: =RANK(K25, K$7:$K$39) -> 28 | P25: 5 | Q25: 2953.5079 | R25: =IFERROR(Q25/P25,"") -> 590.70157 | S25: =RANK(R25, R$7:R$39) -> 28 | U25: 5 | V25: 2954.902 | W25: =IFERROR(V25/U25,"") -> 590.98039 | X25: =RANK(W25, W$7:W$39) -> 27 | Z25: 5 | AA25: 2955.1304 | AB25: =IFERROR(AA25/Z25,"") -> 591.02609 | AC25: =RANK(AB25, AB$7:AB$39) -> 25 | AE25: 5 | AF25: 2954.7375 | AG25: =IFERROR(AF25/AE25,"") -> 590.9475 | AH25: =RANK(AG25, AG$7:AG$39) -> 25 | AJ25: 5 | AK25: 2954.0481 | AL25: =IFERROR(AK25/AJ25,"") -> 590.80963 | AM25: =RANK(AL25, AL$7:AL$39) -> 26 | AO25: 5 | AP25: 2953.7991 | AQ25: =IFERROR(AP25/AO25,"") -> 590.75982 | AR25: =RANK(AQ25, AQ$7:AQ$39) -> 26 | AT25: 5 | AU25: 2953.7037 | AV25: =IFERROR(AU25/AT25,"") -> 590.74074 | AW25: =RANK(AV25, AV$7:AV$39) -> 26
C26: 20 | D26: 二配明太子龍蝦風味沙拉飯糰 | E26: 3 | F26: 3600 | G26: =F26/E26 -> 1200 | I26: =AVERAGE(P26,U26,Z26,AE26,AJ26,AO26,AT26) -> 3 | J26: =AVERAGE(Q26,V26,AA26,AF26,AK26,AP26,AU26) -> 3126.5185 | K26: =AVERAGE(R26,W26,AB26,AG26,AL26,AQ26,AV26) -> 1042.1728 | M26: =RANK(K26, K$7:$K$39) -> 5 | P26: 3 | Q26: 3123.6952 | R26: =IFERROR(Q26/P26,"") -> 1041.2317 | S26: =RANK(R26, R$7:R$39) -> 6 | U26: 3 | V26: 3123.5716 | W26: =IFERROR(V26/U26,"") -> 1041.1905 | X26: =RANK(W26, W$7:W$39) -> 6 | Z26: 3 | AA26: 3126.5114 | AB26: =IFERROR(AA26/Z26,"") -> 1042.1705 | AC26: =RANK(AB26, AB$7:AB$39) -> 6 | AE26: 3 | AF26: 3127.3166 | AG26: =IFERROR(AF26/AE26,"") -> 1042.4389 | AH26: =RANK(AG26, AG$7:AG$39) -> 5 | AJ26: 3 | AK26: 3127.7108 | AL26: =IFERROR(AK26/AJ26,"") -> 1042.5703 | AM26: =RANK(AL26, AL$7:AL$39) -> 5 | AO26: 3 | AP26: 3128.2684 | AQ26: =IFERROR(AP26/AO26,"") -> 1042.7561 | AR26: =RANK(AQ26, AQ$7:AQ$39) -> 5 | AT26: 3 | AU26: 3128.5551 | AV26: =IFERROR(AU26/AT26,"") -> 1042.8517 | AW26: =RANK(AV26, AV$7:AV$39) -> 5
C27: 21 | D27: 二配蔬食鮪魚飯糰 | E27: 3 | F27: 3600 | G27: =F27/E27 -> 1200 | I27: =AVERAGE(P27,U27,Z27,AE27,AJ27,AO27,AT27) -> 3 | J27: =AVERAGE(Q27,V27,AA27,AF27,AK27,AP27,AU27) -> 3131.8724 | K27: =AVERAGE(R27,W27,AB27,AG27,AL27,AQ27,AV27) -> 1043.9575 | M27: =RANK(K27, K$7:$K$39) -> 2 | P27: 3 | Q27: 3129.3764 | R27: =IFERROR(Q27/P27,"") -> 1043.1255 | S27: =RANK(R27, R$7:R$39) -> 2 | U27: 3 | V27: 3130.9091 | W27: =IFERROR(V27/U27,"") -> 1043.6364 | X27: =RANK(W27, W$7:W$39) -> 2 | Z27: 3 | AA27: 3131.6097 | AB27: =IFERROR(AA27/Z27,"") -> 1043.8699 | AC27: =RANK(AB27, AB$7:AB$39) -> 1 | AE27: 3 | AF27: 3132.3843 | AG27: =IFERROR(AF27/AE27,"") -> 1044.1281 | AH27: =RANK(AG27, AG$7:AG$39) -> 1 | AJ27: 3 | AK27: 3131.6614 | AL27: =IFERROR(AK27/AJ27,"") -> 1043.8871 | AM27: =RANK(AL27, AL$7:AL$39) -> 2 | AO27: 3 | AP27: 3133.3333 | AQ27: =IFERROR(AP27/AO27,"") -> 1044.4444 | AR27: =RANK(AQ27, AQ$7:AQ$39) -> 2 | AT27: 3 | AU27: 3133.8323 | AV27: =IFERROR(AU27/AT27,"") -> 1044.6108 | AW27: =RANK(AV27, AV$7:AV$39) -> 2
C28: 22 | D28: 二配熟成紅鮭飯糰 | E28: 4 | F28: 3300 | G28: =F28/E28 -> 825 | I28: =AVERAGE(P28,U28,Z28,AE28,AJ28,AO28,AT28) -> 4 | J28: =AVERAGE(Q28,V28,AA28,AF28,AK28,AP28,AU28) -> 2928.378 | K28: =AVERAGE(R28,W28,AB28,AG28,AL28,AQ28,AV28) -> 732.0945 | M28: =RANK(K28, K$7:$K$39) -> 20 | P28: 4 | Q28: 2927.5387 | R28: =IFERROR(Q28/P28,"") -> 731.88466 | S28: =RANK(R28, R$7:R$39) -> 21 | U28: 4 | V28: 2927.9788 | W28: =IFERROR(V28/U28,"") -> 731.9947 | X28: =RANK(W28, W$7:W$39) -> 21 | Z28: 4 | AA28: 2928.6344 | AB28: =IFERROR(AA28/Z28,"") -> 732.15859 | AC28: =RANK(AB28, AB$7:AB$39) -> 18 | AE28: 4 | AF28: 2928.4404 | AG28: =IFERROR(AF28/AE28,"") -> 732.11009 | AH28: =RANK(AG28, AG$7:AG$39) -> 19 | AJ28: 4 | AK28: 2928.3582 | AL28: =IFERROR(AK28/AJ28,"") -> 732.08955 | AM28: =RANK(AL28, AL$7:AL$39) -> 18 | AO28: 4 | AP28: 2929.1301 | AQ28: =IFERROR(AP28/AO28,"") -> 732.28252 | AR28: =RANK(AQ28, AQ$7:AQ$39) -> 18 | AT28: 4 | AU28: 2928.5656 | AV28: =IFERROR(AU28/AT28,"") -> 732.14141 | AW28: =RANK(AV28, AV$7:AV$39) -> 18
C29: 23 | D29: 二配北海道秋鮭親子飯糰 | E29: 4 | F29: 3300 | G29: =F29/E29 -> 825 | I29: =AVERAGE(P29,U29,Z29,AE29,AJ29,AO29,AT29) -> 4 | J29: =AVERAGE(Q29,V29,AA29,AF29,AK29,AP29,AU29) -> 2926.8244 | K29: =AVERAGE(R29,W29,AB29,AG29,AL29,AQ29,AV29) -> 731.7061 | M29: =RANK(K29, K$7:$K$39) -> 23 | P29: 4 | Q29: 2925.7179 | R29: =IFERROR(Q29/P29,"") -> 731.42948 | S29: =RANK(R29, R$7:R$39) -> 23 | U29: 4 | V29: 2925.8964 | W29: =IFERROR(V29/U29,"") -> 731.4741 | X29: =RANK(W29, W$7:W$39) -> 23 | Z29: 4 | AA29: 2926.5033 | AB29: =IFERROR(AA29/Z29,"") -> 731.62584 | AC29: =RANK(AB29, AB$7:AB$39) -> 21 | AE29: 4 | AF29: 2927.0657 | AG29: =IFERROR(AF29/AE29,"") -> 731.76643 | AH29: =RANK(AG29, AG$7:AG$39) -> 21 | AJ29: 4 | AK29: 2927.2366 | AL29: =IFERROR(AK29/AJ29,"") -> 731.80915 | AM29: =RANK(AL29, AL$7:AL$39) -> 21 | AO29: 4 | AP29: 2927.3056 | AQ29: =IFERROR(AP29/AO29,"") -> 731.8264 | AR29: =RANK(AQ29, AQ$7:AQ$39) -> 21 | AT29: 4 | AU29: 2928.0453 | AV29: =IFERROR(AU29/AT29,"") -> 732.01133 | AW29: =RANK(AV29, AV$7:AV$39) -> 19
C30: 24 | D30: 二配芝麻香鬆飯糰 | E30: 4 | F30: 3000 | G30: =F30/E30 -> 750 | I30: =AVERAGE(P30,U30,Z30,AE30,AJ30,AO30,AT30) -> 4 | J30: =AVERAGE(Q30,V30,AA30,AF30,AK30,AP30,AU30) -> 2688.5731 | K30: =AVERAGE(R30,W30,AB30,AG30,AL30,AQ30,AV30) -> 672.14328 | M30: =RANK(K30, K$7:$K$39) -> 24 | P30: 4 | Q30: 2688.7451 | R30: =IFERROR(Q30/P30,"") -> 672.18629 | S30: =RANK(R30, R$7:R$39) -> 24 | U30: 4 | V30: 2688.4666 | W30: =IFERROR(V30/U30,"") -> 672.11666 | X30: =RANK(W30, W$7:W$39) -> 24 | Z30: 4 | AA30: 2688.5182 | AB30: =IFERROR(AA30/Z30,"") -> 672.12954 | AC30: =RANK(AB30, AB$7:AB$39) -> 22 | AE30: 4 | AF30: 2688.2412 | AG30: =IFERROR(AF30/AE30,"") -> 672.0603 | AH30: =RANK(AG30, AG$7:AG$39) -> 22 | AJ30: 4 | AK30: 2687.5056 | AL30: =IFERROR(AK30/AJ30,"") -> 671.8764 | AM30: =RANK(AL30, AL$7:AL$39) -> 22 | AO30: 4 | AP30: 2687.9611 | AQ30: =IFERROR(AP30/AO30,"") -> 671.99027 | AR30: =RANK(AQ30, AQ$7:AQ$39) -> 22 | AT30: 4 | AU30: 2690.5739 | AV30: =IFERROR(AU30/AT30,"") -> 672.64349 | AW30: =RANK(AV30, AV$7:AV$39) -> 22
C31: 25 | D31: 二配油蔥G絲飯糰 | E31: 4 | F31: 3300 | G31: =F31/E31 -> 825 | I31: =AVERAGE(P31,U31,Z31,AE31,AJ31,AO31,AT31) -> 4 | J31: =AVERAGE(Q31,V31,AA31,AF31,AK31,AP31,AU31) -> 2959.2979 | K31: =AVERAGE(R31,W31,AB31,AG31,AL31,AQ31,AV31) -> 739.82447 | M31: =RANK(K31, K$7:$K$39) -> 12 | P31: 4 | Q31: 2958.3333 | R31: =IFERROR(Q31/P31,"") -> 739.58333 | S31: =RANK(R31, R$7:R$39) -> 13 | U31: 4 | V31: 2957.2979 | W31: =IFERROR(V31/U31,"") -> 739.32449 | X31: =RANK(W31, W$7:W$39) -> 13 | Z31: 4 | AA31: 2959.7811 | AB31: =IFERROR(AA31/Z31,"") -> 739.94528 | AC31: =RANK(AB31, AB$7:AB$39) -> 12 | AE31: 4 | AF31: 2960.241 | AG31: =IFERROR(AF31/AE31,"") -> 740.06024 | AH31: =RANK(AG31, AG$7:AG$39) -> 12 | AJ31: 4 | AK31: 2959.8991 | AL31: =IFERROR(AK31/AJ31,"") -> 739.97478 | AM31: =RANK(AL31, AL$7:AL$39) -> 12 | AO31: 4 | AP31: 2959.8152 | AQ31: =IFERROR(AP31/AO31,"") -> 739.95381 | AR31: =RANK(AQ31, AQ$7:AQ$39) -> 12 | AT31: 4 | AU31: 2959.7173 | AV31: =IFERROR(AU31/AT31,"") -> 739.92933 | AW31: =RANK(AV31, AV$7:AV$39) -> 12
C32: 26 | D32: 二配三杯醬爆菇菇飯糰 | E32: 3 | F32: 3300 | G32: =F32/E32 -> 1100 | I32: =AVERAGE(P32,U32,Z32,AE32,AJ32,AO32,AT32) -> 3 | J32: =AVERAGE(Q32,V32,AA32,AF32,AK32,AP32,AU32) -> 2957.3057 | K32: =AVERAGE(R32,W32,AB32,AG32,AL32,AQ32,AV32) -> 985.76857 | M32: =RANK(K32, K$7:$K$39) -> 7 | P32: 3 | Q32: 2956.4014 | R32: =IFERROR(Q32/P32,"") -> 985.46713 | S32: =RANK(R32, R$7:R$39) -> 7 | U32: 3 | V32: 2956.2353 | W32: =IFERROR(V32/U32,"") -> 985.41176 | X32: =RANK(W32, W$7:W$39) -> 7 | Z32: 3 | AA32: 2957.1429 | AB32: =IFERROR(AA32/Z32,"") -> 985.71429 | AC32: =RANK(AB32, AB$7:AB$39) -> 7 | AE32: 3 | AF32: 2958.1805 | AG32: =IFERROR(AF32/AE32,"") -> 986.06016 | AH32: =RANK(AG32, AG$7:AG$39) -> 7 | AJ32: 3 | AK32: 2957.5454 | AL32: =IFERROR(AK32/AJ32,"") -> 985.84847 | AM32: =RANK(AL32, AL$7:AL$39) -> 7 | AO32: 3 | AP32: 2957.7273 | AQ32: =IFERROR(AP32/AO32,"") -> 985.90909 | AR32: =RANK(AQ32, AQ$7:AQ$39) -> 7 | AT32: 3 | AU32: 2957.9073 | AV32: =IFERROR(AU32/AT32,"") -> 985.96908 | AW32: =RANK(AV32, AV$7:AV$39) -> 7
... C36: 30 | D36: 二配兩粒飯糰(鮪魚.焦糖鮭魚) | E36: 12 | F36: 3600 | G36: =F36/E36 -> 300 | I36: =AVERAGE(P36,U36,Z36,AE36,AJ36,AO36,AT36) -> 12 | J36: =AVERAGE(Q36,V36,AA36,AF36,AK36,AP36,AU36) -> 3123.5271 | K36: =AVERAGE(R36,W36,AB36,AG36,AL36,AQ36,AV36) -> 260.29392 | M36: =RANK(K36, K$7:$K$39) -> 30 | P36: 12 | Q36: 3122.604 | R36: =IFERROR(Q36/P36,"") -> 260.217 | S36: =RANK(R36, R$7:R$39) -> 30 | U36: 12 | V36: 3123.4973 | W36: =IFERROR(V36/U36,"") -> 260.29144 | X36: =RANK(W36, W$7:W$39) -> 30 | Z36: 12 | AA36: 3122.6649 | AB36: =IFERROR(AA36/Z36,"") -> 260.22208 | AC36: =RANK(AB36, AB$7:AB$39) -> 28 | AE36: 12 | AF36: 3123.3449 | AG36: =IFERROR(AF36/AE36,"") -> 260.27875 | AH36: =RANK(AG36, AG$7:AG$39) -> 29 | AJ36: 12 | AK36: 3123.1054 | AL36: =IFERROR(AK36/AJ36,"") -> 260.25878 | AM36: =RANK(AL36, AL$7:AL$39) -> 29 | AO36: 12 | AP36: 3124.2931 | AQ36: =IFERROR(AP36/AO36,"") -> 260.35776 | AR36: =RANK(AQ36, AQ$7:AQ$39) -> 29 | AT36: 12 | AU36: 3125.1799 | AV36: =IFERROR(AU36/AT36,"") -> 260.43165 | AW36: =RANK(AV36, AV$7:AV$39) -> 28
C37: 31 | D37: 二配明太子乳酪起司沙拉飯糰 | E37: 4 | F37: 3300 | G37: =F37/E37 -> 825 | I37: =AVERAGE(P37,U37,Z37,AE37,AJ37,AO37,AT37) -> 4 | J37: =AVERAGE(Q37,V37,AA37,AF37,AK37,AP37,AU37) -> 2953.7658 | K37: =AVERAGE(R37,W37,AB37,AG37,AL37,AQ37,AV37) -> 738.44144 | M37: =RANK(K37, K$7:$K$39) -> 17 | P37: 4 | Q37: 2952.8405 | R37: =IFERROR(Q37/P37,"") -> 738.21012 | S37: =RANK(R37, R$7:R$39) -> 17 | U37: 4 | V37: 2954.6911 | W37: =IFERROR(V37/U37,"") -> 738.67277 | X37: =RANK(W37, W$7:W$39) -> 15
C38: 32
C39: 33
B40: 產線配置圖－每週更新(0203-0209) | N40: 資料繳交 | O40: 日期 | P40: =AT2+1 -> 46056 | U40: =P40+1 -> 46057 | Z40: =U40+1 -> 46058 | AE40: =Z40+1 -> 46059 | AJ40: =AE40+1 -> 46060 | AO40: =AJ40+1 -> 46061 | AT40: =AO40+1 -> 46062
P41: =P40 -> 46056 | U41: =U40 -> 46057 | Z41: =Z40 -> 46058 | AE41: =AE40 -> 46059 | AJ41: =AJ40 -> 46060 | AO41: =AO40 -> 46061 | AT41: =AT40 -> 46062
B42: 品群 | C42: 商品名稱 | E42: 計畫 | H42: 平均人時性 | I42: 實績 (週平均) | L42: 平均人時性 | M42: 排名 | O42: 日報 | P42: 實際 | T42: 平均人時性 | U42: 實際 | Y42: 平均人時性 | Z42: 實際 | AD42: 平均人時性 | AE42: 實際 | AI42: 平均人時性 | AJ42: 實際 | AN42: 平均人時性 | AO42: 實際 | AS42: 平均人時性 | AT42: 實際 | AX42: 平均人時性
E43: 產線配置圖 | I43: 產線配置圖 | P43: 生產實績 | U43: 生產實績 | Z43: 生產實績 | AE43: 生產實績 | AJ43: 生產實績 | AO43: 生產實績 | AT43: 生產實績
E44: 人數 | F44: 產能／時 | G44: 人時性 | I44: 人數 | J44: 產能／時 | K44: 人時性 | P44: 人數 | Q44: 產能／時 | R44: 人時性 | S44: 排名 | U44: 人數 | V44: 產能／時 | W44: 人時性 | X44: 排名 | Z44: 人數 | AA44: 產能／時 | AB44: 人時性 | AC44: 排名 | AE44: 人數 | AF44: 產能／時 | AG44: 人時性 | AH44: 排名 | AJ44: 人數 | AK44: 產能／時 | AL44: 人時性 | AM44: 排名 | AO44: 人數 | AP44: 產能／時 | AQ44: 人時性 | AR44: 排名 | AT44: 人數 | AU44: 產能／時 | AV44: 人時性 | AW44: 排名
B45: 18℃-飯糰 | C45: 1 | D45: 一配鹽蔥燒肉飯糰 | E45: 4 | F45: 3300 | G45: =F45/E45 -> 825 | H45: =AVERAGE(G45:G77) -> 873.44828 | I45: =AVERAGE(P45,U45,Z45,AE45,AJ45,AO45,AT45) -> 4 | J45: =AVERAGE(Q45,V45,AA45,AF45,AK45,AP45,AU45) -> 2955.4154 | K45: =AVERAGE(R45,W45,AB45,AG45,AL45,AQ45,AV45) -> 738.85385 | L45: =IFERROR(AVERAGE(K45:K77),"-") -> 774.4368 | M45: =RANK(K45, K$45:$K$77) -> 16 | P45: 4 | Q45: 2955.0617 | R45: =IFERROR(Q45/P45,"") -> 738.76543 | S45: =RANK(R45, R$45:R$77) -> 16 | T45: =AVERAGE(R45:R77) -> 774.249 | U45: 4 | V45: 2955.2537 | W45: =IFERROR(V45/U45,"") -> 738.81342 | X45: =RANK(W45, W$45:W$77) -> 16 | Y45: =AVERAGE(W45:W77) -> 774.24783 | Z45: 4 | AA45: 2955.1466 | AB45: =IFERROR(AA45/Z45,"") -> 738.78666 | AC45: =RANK(AB45, AB$45:AB$77) -> 16 | AD45: =AVERAGE(AB45:AB77) -> 774.34803 | AE45: 4 | AF45: 2955.7047 | AG45: =IFERROR(AF45/AE45,"") -> 738.92617 | AH45: =RANK(AG45, AG$45:AG$77) -> 16 | AI45: =AVERAGE(AG45:AG77) -> 774.43048 | AJ45: 4 | AK45: 2955.477 | AL45: =IFERROR(AK45/AJ45,"") -> 738.86926 | AM45: =RANK(AL45, AL$45:AL$77) -> 16 | AN45: =AVERAGE(AL45:AL77) -> 774.53675 | AO45: 4 | AP45: 2955.665 | AQ45: =IFERROR(AP45/AO45,"") -> 738.91626 | AR45: =RANK(AQ45, AQ$45:AQ$77) -> 16 | AS45: =AVERAGE(AQ45:AQ77) -> 774.59733 | AT45: 4 | AU45: 2955.599 | AV45: =IFERROR(AU45/AT45,"") -> 738.89975 | AW45: =RANK(AV45, AV$45:AV$77) -> 16 | AX45: =AVERAGE(AV45:AV77) -> 774.64818
C46: 2 | D46: 一配鮪魚飯糰 | E46: 3 | F46: 3600 | G46: =F46/E46 -> 1200 | I46: =AVERAGE(P46,U46,Z46,AE46,AJ46,AO46,AT46) -> 3 | J46: =AVERAGE(Q46,V46,AA46,AF46,AK46,AP46,AU46) -> 3130.3104 | K46: =AVERAGE(R46,W46,AB46,AG46,AL46,AQ46,AV46) -> 1043.4368 | M46: =RANK(K46, K$45:$K$77) -> 5 | P46: 3 | Q46: 3127.4833 | R46: =IFERROR(Q46/P46,"") -> 1042.4944 | S46: =RANK(R46, R$45:R$77) -> 6 | U46: 3 | V46: 3127.8325 | W46: =IFERROR(V46/U46,"") -> 1042.6108 | X46: =RANK(W46, W$45:W$77) -> 6 | Z46: 3 | AA46: 3130.36 | AB46: =IFERROR(AA46/Z46,"") -> 1043.4533 | AC46: =RANK(AB46, AB$45:AB$77) -> 5 | AE46: 3 | AF46: 3130.4348 | AG46: =IFERROR(AF46/AE46,"") -> 1043.4783 | AH46: =RANK(AG46, AG$45:AG$77) -> 4 | AJ46: 3 | AK46: 3132.116 | AL46: =IFERROR(AK46/AJ46,"") -> 1044.0387 | AM46: =RANK(AL46, AL$45:AL$77) -> 4 | AO46: 3 | AP46: 3132 | AQ46: =IFERROR(AP46/AO46,"") -> 1044 | AR46: =RANK(AQ46, AQ$45:AQ$77) -> 4 | AT46: 3 | AU46: 3131.9465 | AV46: =IFERROR(AU46/AT46,"") -> 1043.9822 | AW46: =RANK(AV46, AV$45:AV$77) -> 5
C47: 3 | D47: 一配雞肉飯飯糰 | E47: 4 | F47: 3300 | G47: =F47/E47 -> 825 | I47: =AVERAGE(P47,U47,Z47,AE47,AJ47,AO47,AT47) -> 4 | J47: =AVERAGE(Q47,V47,AA47,AF47,AK47,AP47,AU47) -> 2955.0307 | K47: =AVERAGE(R47,W47,AB47,AG47,AL47,AQ47,AV47) -> 738.75768 | M47: =RANK(K47, K$45:$K$77) -> 17 | P47: 4 | Q47: 2954.3411 | R47: =IFERROR(Q47/P47,"") -> 738.58526 | S47: =RANK(R47, R$45:R$77) -> 17 | U47: 4 | V47: 2954.6365 | W47: =IFERROR(V47/U47,"") -> 738.65914 | X47: =RANK(W47, W$45:W$77) -> 17 | Z47: 4 | AA47: 2954.9211 | AB47: =IFERROR(AA47/Z47,"") -> 738.73028 | AC47: =RANK(AB47, AB$45:AB$77) -> 17 | AE47: 4 | AF47: 2955.3508 | AG47: =IFERROR(AF47/AE47,"") -> 738.8377 | AH47: =RANK(AG47, AG$45:AG$77) -> 17 | AJ47: 4 | AK47: 2955.2507 | AL47: =IFERROR(AK47/AJ47,"") -> 738.81267 | AM47: =RANK(AL47, AL$45:AL$77) -> 17 | AO47: 4 | AP47: 2955.4262 | AQ47: =IFERROR(AP47/AO47,"") -> 738.85656 | AR47: =RANK(AQ47, AQ$45:AQ$77) -> 17 | AT47: 4 | AU47: 2955.2885 | AV47: =IFERROR(AU47/AT47,"") -> 738.82212 | AW47: =RANK(AV47, AV$45:AV$77) -> 17
C48: 4 | D48: 一配壹號醬炙烤牛飯糰 | E48: 5 | F48: 3300 | G48: =F48/E48 -> 660 | I48: =AVERAGE(P48,U48,Z48,AE48,AJ48,AO48,AT48) -> 5 | J48: =AVERAGE(Q48,V48,AA48,AF48,AK48,AP48,AU48) -> 2956.5203 | K48: =AVERAGE(R48,W48,AB48,AG48,AL48,AQ48,AV48) -> 591.30407 | M48: =RANK(K48, K$45:$K$77) -> 25 | P48: 5 | Q48: 2957.2285 | R48: =IFERROR(Q48/P48,"") -> 591.4457 | S48: =RANK(R48, R$45:R$77) -> 24 | U48: 5 | V48: 2957.56 | W48: =IFERROR(V48/U48,"") -> 591.51201 | X48: =RANK(W48, W$45:W$77) -> 24 | Z48: 5 | AA48: 2957.3988 | AB48: =IFERROR(AA48/Z48,"") -> 591.47976 | AC48: =RANK(AB48, AB$45:AB$77) -> 24 | AE48: 5 | AF48: 2956.3342 | AG48: =IFERROR(AF48/AE48,"") -> 591.26685 | AH48: =RANK(AG48, AG$45:AG$77) -> 25 | AJ48: 5 | AK48: 2955.9799 | AL48: =IFERROR(AK48/AJ48,"") -> 591.19598 | AM48: =RANK(AL48, AL$45:AL$77) -> 26 | AO48: 5 | AP48: 2955.661 | AQ48: =IFERROR(AP48/AO48,"") -> 591.1322 | AR48: =RANK(AQ48, AQ$45:AQ$77) -> 26 | AT48: 5 | AU48: 2955.4799 | AV48: =IFERROR(AU48/AT48,"") -> 591.09598 | AW48: =RANK(AV48, AV$45:AV$77) -> 26
C49: 5 | D49: 一配明太子龍蝦風味沙拉飯糰 | E49: 3 | F49: 3600 | G49: =F49/E49 -> 1200 | I49: =AVERAGE(P49,U49,Z49,AE49,AJ49,AO49,AT49) -> 3 | J49: =AVERAGE(Q49,V49,AA49,AF49,AK49,AP49,AU49) -> 3130.9455 | K49: =AVERAGE(R49,W49,AB49,AG49,AL49,AQ49,AV49) -> 1043.6485 | M49: =RANK(K49, K$45:$K$77) -> 4 | P49: 3 | Q49: 3129.7475 | R49: =IFERROR(Q49/P49,"") -> 1043.2492 | S49: =RANK(R49, R$45:R$77) -> 3 | U49: 3 | V49: 3129.2915 | W49: =IFERROR(V49/U49,"") -> 1043.0972 | X49: =RANK(W49, W$45:W$77) -> 4 | Z49: 3 | AA49: 3131.0924 | AB49: =IFERROR(AA49/Z49,"") -> 1043.6975 | AC49: =RANK(AB49, AB$45:AB$77) -> 3 | AE49: 3 | AF49: 3131.2969 | AG49: =IFERROR(AF49/AE49,"") -> 1043.7656 | AH49: =RANK(AG49, AG$45:AG$77) -> 3 | AJ49: 3 | AK49: 3131.4166 | AL49: =IFERROR(AK49/AJ49,"") -> 1043.8055 | AM49: =RANK(AL49, AL$45:AL$77) -> 5 | AO49: 3 | AP49: 3131.4794 | AQ49: =IFERROR(AP49/AO49,"") -> 1043.8265 | AR49: =RANK(AQ49, AQ$45:AQ$77) -> 5 | AT49: 3 | AU49: 3132.294 | AV49: =IFERROR(AU49/AT49,"") -> 1044.098 | AW49: =RANK(AV49, AV$45:AV$77) -> 4
C50: 6 | D50: 一配贅沢鮭魚肚飯糰 | E50: 3 | F50: 3000 | G50: =F50/E50 -> 1000 | I50: =AVERAGE(P50,U50,Z50,AE50,AJ50,AO50,AT50) -> 3 | J50: =AVERAGE(Q50,V50,AA50,AF50,AK50,AP50,AU50) -> 2690.7256 | K50: =AVERAGE(R50,W50,AB50,AG50,AL50,AQ50,AV50) -> 896.90852 | M50: =RANK(K50, K$45:$K$77) -> 9 | P50: 3 | Q50: 2690.6226 | R50: =IFERROR(Q50/P50,"") -> 896.87421 | S50: =RANK(R50, R$45:R$77) -> 9 | U50: 3 | V50: 2690.5956 | W50: =IFERROR(V50/U50,"") -> 896.8652 | X50: =RANK(W50, W$45:W$77) -> 9 | Z50: 3 | AA50: 2690.3537 | AB50: =IFERROR(AA50/Z50,"") -> 896.78457 | AC50: =RANK(AB50, AB$45:AB$77) -> 9 | AE50: 3 | AF50: 2690.7975 | AG50: =IFERROR(AF50/AE50,"") -> 896.93252 | AH50: =RANK(AG50, AG$45:AG$77) -> 9 | AJ50: 3 | AK50: 2691.1861 | AL50: =IFERROR(AK50/AJ50,"") -> 897.06202 | AM50: =RANK(AL50, AL$45:AL$77) -> 9 | AO50: 3 | AP50: 2690.7542 | AQ50: =IFERROR(AP50/AO50,"") -> 896.91807 | AR50: =RANK(AQ50, AQ$45:AQ$77) -> 9 | AT50: 3 | AU50: 2690.7692 | AV50: =IFERROR(AU50/AT50,"") -> 896.92308 | AW50: =RANK(AV50, AV$45:AV$77) -> 9
C51: 7 | D51: 一配蔬食鮪魚飯糰 | E51: 3 | F51: 3600 | G51: =F51/E51 -> 1200 | I51: =AVERAGE(P51,U51,Z51,AE51,AJ51,AO51,AT51) -> 3 | J51: =AVERAGE(Q51,V51,AA51,AF51,AK51,AP51,AU51) -> 3136.7304 | K51: =AVERAGE(R51,W51,AB51,AG51,AL51,AQ51,AV51) -> 1045.5768 | M51: =RANK(K51, K$45:$K$77) -> 1 | P51: 3 | Q51: 3134.9282 | R51: =IFERROR(Q51/P51,"") -> 1044.9761 | S51: =RANK(R51, R$45:R$77) -> 2 | U51: 3 | V51: 3134.2916 | W51: =IFERROR(V51/U51,"") -> 1044.7639 | X51: =RANK(W51, W$45:W$77) -> 2 | Z51: 3 | AA51: 3135.4839 | AB51: =IFERROR(AA51/Z51,"") -> 1045.1613 | AC51: =RANK(AB51, AB$45:AB$77) -> 2 | AE51: 3 | AF51: 3136.6337 | AG51: =IFERROR(AF51/AE51,"") -> 1045.5446 | AH51: =RANK(AG51, AG$45:AG$77) -> 2 | AJ51: 3 | AK51: 3138.6637 | AL51: =IFERROR(AK51/AJ51,"") -> 1046.2212 | AM51: =RANK(AL51, AL$45:AL$77) -> 1 | AO51: 3 | AP51: 3138.6503 | AQ51: =IFERROR(AP51/AO51,"") -> 1046.2168 | AR51: =RANK(AQ51, AQ$45:AQ$77) -> 1 | AT51: 3 | AU51: 3138.4615 | AV51: =IFERROR(AU51/AT51,"") -> 1046.1538 | AW51: =RANK(AV51, AV$45:AV$77) -> 1
C52: 8 | D52: 一配熟成紅鮭飯糰 | E52: 4 | F52: 3300 | G52: =F52/E52 -> 825 | I52: =AVERAGE(P52,U52,Z52,AE52,AJ52,AO52,AT52) -> 4 | J52: =AVERAGE(Q52,V52,AA52,AF52,AK52,AP52,AU52) -> 2928.0548 | K52: =AVERAGE(R52,W52,AB52,AG52,AL52,AQ52,AV52) -> 732.01369 | M52: =RANK(K52, K$45:$K$77) -> 20 | P52: 4 | Q52: 2928.0482 | R52: =IFERROR(Q52/P52,"") -> 732.01204 | S52: =RANK(R52, R$45:R$77) -> 21 | U52: 4 | V52: 2928.3317 | W52: =IFERROR(V52/U52,"") -> 732.08292 | X52: =RANK(W52, W$45:W$77) -> 20 | Z52: 4 | AA52: 2928.5068 | AB52: =IFERROR(AA52/Z52,"") -> 732.1267 | AC52: =RANK(AB52, AB$45:AB$77) -> 19 | AE52: 4 | AF52: 2927.897 | AG52: =IFERROR(AF52/AE52,"") -> 731.97425 | AH52: =RANK(AG52, AG$45:AG$77) -> 21 | AJ52: 4 | AK52: 2927.3456 | AL52: =IFERROR(AK52/AJ52,"") -> 731.83641 | AM52: =RANK(AL52, AL$45:AL$77) -> 21 | AO52: 4 | AP52: 2927.8539 | AQ52: =IFERROR(AP52/AO52,"") -> 731.96347 | AR52: =RANK(AQ52, AQ$45:AQ$77) -> 20 | AT52: 4 | AU52: 2928.4002 | AV52: =IFERROR(AU52/AT52,"") -> 732.10005 | AW52: =RANK(AV52, AV$45:AV$77) -> 18
C53: 9 | D53: 一配北海道秋鮭親子飯糰 | E53: 4 | F53: 3300 | G53: =F53/E53 -> 825 | I53: =AVERAGE(P53,U53,Z53,AE53,AJ53,AO53,AT53) -> 4 | J53: =AVERAGE(Q53,V53,AA53,AF53,AK53,AP53,AU53) -> 2927.9043 | K53: =AVERAGE(R53,W53,AB53,AG53,AL53,AQ53,AV53) -> 731.97607 | M53: =RANK(K53, K$45:$K$77) -> 21 | P53: 4 | Q53: 2928.5776 | R53: =IFERROR(Q53/P53,"") -> 732.14439 | S53: =RANK(R53, R$45:R$77) -> 18 | U53: 4 | V53: 2927.7944 | W53: =IFERROR(V53/U53,"") -> 731.94861 | X53: =RANK(W53, W$45:W$77) -> 21 | Z53: 4 | AA53: 2927.4725 | AB53: =IFERROR(AA53/Z53,"") -> 731.86813 | AC53: =RANK(AB53, AB$45:AB$77) -> 21 | AE53: 4 | AF53: 2928.2198 | AG53: =IFERROR(AF53/AE53,"") -> 732.05495 | AH53: =RANK(AG53, AG$45:AG$77) -> 20 | AJ53: 4 | AK53: 2928.2083 | AL53: =IFERROR(AK53/AJ53,"") -> 732.05208 | AM53: =RANK(AL53, AL$45:AL$77) -> 19 | AO53: 4 | AP53: 2928.3582 | AQ53: =IFERROR(AP53/AO53,"") -> 732.08955 | AR53: =RANK(AQ53, AQ$45:AQ$77) -> 18 | AT53: 4 | AU53: 2926.6992 | AV53: =IFERROR(AU53/AT53,"") -> 731.67481 | AW53: =RANK(AV53, AV$45:AV$77) -> 21
C54: 10 | D54: 一配照燒雞肉飯糰 | E54: 4 | F54: 3300 | G54: =F54/E54 -> 825 | I54: =AVERAGE(P54,U54,Z54,AE54,AJ54,AO54,AT54) -> 4 | J54: =AVERAGE(Q54,V54,AA54,AF54,AK54,AP54,AU54) -> 2959.5663 | K54: =AVERAGE(R54,W54,AB54,AG54,AL54,AQ54,AV54) -> 739.89157 | M54: =RANK(K54, K$45:$K$77) -> 13 | P54: 4 | Q54: 2958.75 | R54: =IFERROR(Q54/P54,"") -> 739.6875 | S54: =RANK(R54, R$45:R$77) -> 13 | U54: 4 | V54: 2958.4906 | W54: =IFERROR(V54/U54,"") -> 739.62264 | X54: =RANK(W54, W$45:W$77) -> 14 | Z54: 4 | AA54: 2958.3778 | AB54: =IFERROR(AA54/Z54,"") -> 739.59445 | AC54: =RANK(AB54, AB$45:AB$77) -> 14 | AE54: 4 | AF54: 2958.1596 | AG54: =IFERROR(AF54/AE54,"") -> 739.5399 | AH54: =RANK(AG54, AG$45:AG$77) -> 14 | AJ54: 4 | AK54: 2960.4344 | AL54: =IFERROR(AK54/AJ54,"") -> 740.10861 | AM54: =RANK(AL54, AL$45:AL$77) -> 13 | AO54: 4 | AP54: 2960.9244 | AQ54: =IFERROR(AP54/AO54,"") -> 740.23109 | AR54: =RANK(AQ54, AQ$45:AQ$77) -> 13 | AT54: 4 | AU54: 2961.8271 | AV54: =IFERROR(AU54/AT54,"") -> 740.45677 | AW54: =RANK(AV54, AV$45:AV$77) -> 13
C55: 11 | D55: 一配經典肉鬆飯糰 | E55: 3 | F55: 3000 | G55: =F55/E55 -> 1000 | I55: =AVERAGE(P55,U55,Z55,AE55,AJ55,AO55,AT55) -> 3 | J55: =AVERAGE(Q55,V55,AA55,AF55,AK55,AP55,AU55) -> 2689.991 | K55: =AVERAGE(R55,W55,AB55,AG55,AL55,AQ55,AV55) -> 896.66366 | M55: =RANK(K55, K$45:$K$77) -> 11 | P55: 3 | Q55: 2689.4641 | R55: =IFERROR(Q55/P55,"") -> 896.48805 | S55: =RANK(R55, R$45:R$77) -> 11 | U55: 3 | V55: 2689.7709 | W55: =IFERROR(V55/U55,"") -> 896.59031 | X55: =RANK(W55, W$45:W$77) -> 10 | Z55: 3 | AA55: 2689.9676 | AB55: =IFERROR(AA55/Z55,"") -> 896.65588 | AC55: =RANK(AB55, AB$45:AB$77) -> 11 | AE55: 3 | AF55: 2690.0921 | AG55: =IFERROR(AF55/AE55,"") -> 896.69737 | AH55: =RANK(AG55, AG$45:AG$77) -> 10 | AJ55: 3 | AK55: 2690.2588 | AL55: =IFERROR(AK55/AJ55,"") -> 896.75294 | AM55: =RANK(AL55, AL$45:AL$77) -> 10 | AO55: 3 | AP55: 2690.2399 | AQ55: =IFERROR(AP55/AO55,"") -> 896.74663 | AR55: =RANK(AQ55, AQ$45:AQ$77) -> 11 | AT55: 3 | AU55: 2690.1432 | AV55: =IFERROR(AU55/AT55,"") -> 896.71441 | AW55: =RANK(AV55, AV$45:AV$77) -> 11
C56: 12 | D56: 一配兩粒飯糰(鮪魚.焦糖鮭魚) | E56: 12 | F56: 3600 | G56: =F56/E56 -> 300 | I56: =AVERAGE(P56,U56,Z56,AE56,AJ56,AO56,AT56) -> 12 | J56: =AVERAGE(Q56,V56,AA56,AF56,AK56,AP56,AU56) -> 3125.3696 | K56: =AVERAGE(R56,W56,AB56,AG56,AL56,AQ56,AV56) -> 260.44747 | M56: =RANK(K56, K$45:$K$77) -> 29 | P56: 12 | Q56: 3124.2487 | R56: =IFERROR(Q56/P56,"") -> 260.35406 | S56: =RANK(R56, R$45:R$77) -> 29 | U56: 12 | V56: 3124.36 | W56: =IFERROR(V56/U56,"") -> 260.36334 | X56: =RANK(W56, W$45:W$77) -> 29 | Z56: 12 | AA56: 3124.0572 | AB56: =IFERROR(AA56/Z56,"") -> 260.3381 | AC56: =RANK(AB56, AB$45:AB$77) -> 29 | AE56: 12 | AF56: 3124.6712 | AG56: =IFERROR(AF56/AE56,"") -> 260.38927 | AH56: =RANK(AG56, AG$45:AG$77) -> 29 | AJ56: 12 | AK56: 3125.5656 | AL56: =IFERROR(AK56/AJ56,"") -> 260.4638 | AM56: =RANK(AL56, AL$45:AL$77) -> 28 | AO56: 12 | AP56: 3127.2128 | AQ56: =IFERROR(AP56/AO56,"") -> 260.60107 | AR56: =RANK(AQ56, AQ$45:AQ$77) -> 28 | AT56: 12 | AU56: 3127.4716 | AV56: =IFERROR(AU56/AT56,"") -> 260.62263 | AW56: =RANK(AV56, AV$45:AV$77) -> 28
C57: 13 | D57: 一配鮭魚奶油醬油飯糰 | E57: 3 | F57: 3300 | G57: =F57/E57 -> 1100 | I57: =AVERAGE(P57,U57,Z57,AE57,AJ57,AO57,AT57) -> 3 | J57: =AVERAGE(Q57,V57,AA57,AF57,AK57,AP57,AU57) -> 2955.1214 | K57: =AVERAGE(R57,W57,AB57,AG57,AL57,AQ57,AV57) -> 985.04048 | M57: =RANK(K57, K$45:$K$77) -> 8 | P57: 3 | Q57: 2954.3736 | R57: =IFERROR(Q57/P57,"") -> 984.79121 | S57: =RANK(R57, R$45:R$77) -> 8 | U57: 3 | V57: 2954.6311 | W57: =IFERROR(V57/U57,"") -> 984.87704 | X57: =RANK(W57, W$45:W$77) -> 8 | Z57: 3 | AA57: 2954.4592 | AB57: =IFERROR(AA57/Z57,"") -> 984.81973 | AC57: =RANK(AB57, AB$45:AB$77) -> 8 | AE57: 3 | AF57: 2955.0086 | AG57: =IFERROR(AF57/AE57,"") -> 985.00286 | AH57: =RANK(AG57, AG$45:AG$77) -> 8 | AJ57: 3 | AK57: 2955.7215 | AL57: =IFERROR(AK57/AJ57,"") -> 985.24051 | AM57: =RANK(AL57, AL$45:AL$77) -> 8 | AO57: 3 | AP57: 2955.7977 | AQ57: =IFERROR(AP57/AO57,"") -> 985.26591 | AR57: =RANK(AQ57, AQ$45:AQ$77) -> 8 | AT57: 3 | AU57: 2955.8583 | AV57: =IFERROR(AU57/AT57,"") -> 985.2861 | AW57: =RANK(AV57, AV$45:AV$77) -> 8
... C73: 29 | D73: 二配兩粒飯糰(鮪魚.焦糖鮭魚) | E73: 12 | F73: 3600 | G73: =F73/E73 -> 300 | I73: =AVERAGE(P73,U73,Z73,AE73,AJ73,AO73,AT73) -> 12 | J73: =AVERAGE(Q73,V73,AA73,AF73,AK73,AP73,AU73) -> 3125.4329 | K73: =AVERAGE(R73,W73,AB73,AG73,AL73,AQ73,AV73) -> 260.45274 | M73: =RANK(K73, K$45:$K$77) -> 28 | P73: 12 | Q73: 3124.4471 | R73: =IFERROR(Q73/P73,"") -> 260.37059 | S73: =RANK(R73, R$45:R$77) -> 28 | U73: 12 | V73: 3125.3679 | W73: =IFERROR(V73/U73,"") -> 260.44732 | X73: =RANK(W73, W$45:W$77) -> 28 | Z73: 12 | AA73: 3125.7069 | AB73: =IFERROR(AA73/Z73,"") -> 260.47558 | AC73: =RANK(AB73, AB$45:AB$77) -> 28 | AE73: 12 | AF73: 3125.5014 | AG73: =IFERROR(AF73/AE73,"") -> 260.45845 | AH73: =RANK(AG73, AG$45:AG$77) -> 28 | AJ73: 12 | AK73: 3124.8731 | AL73: =IFERROR(AK73/AJ73,"") -> 260.40609 | AM73: =RANK(AL73, AL$45:AL$77) -> 29 | AO73: 12 | AP73: 3125.7611 | AQ73: =IFERROR(AP73/AO73,"") -> 260.48009 | AR73: =RANK(AQ73, AQ$45:AQ$77) -> 29 | AT73: 12 | AU73: 3126.373 | AV73: =IFERROR(AU73/AT73,"") -> 260.53108 | AW73: =RANK(AV73, AV$45:AV$77) -> 29
C74: 30
C75: 31
C76: 32
C77: 33
B78: 產線配置圖－每週更新(0210-0216) | N78: 資料繳交 | O78: 日期 | P78: =AT40+1 -> 46063 | U78: =P78+1 -> 46064 | Z78: =U78+1 -> 46065 | AE78: =Z78+1 -> 46066 | AJ78: =AE78+1 -> 46067 | AO78: =AJ78+1 -> 46068 | AT78: =AO78+1 -> 46069
P79: =P78 -> 46063 | U79: =U78 -> 46064 | Z79: =Z78 -> 46065 | AE79: =AE78 -> 46066 | AJ79: =AJ78 -> 46067 | AO79: =AO78 -> 46068 | AT79: =AT78 -> 46069
B80: 品群 | C80: 商品名稱 | E80: 計畫 | H80: 平均人時性 | I80: 實績 (週平均) | L80: 平均人時性 | M80: 排名 | O80: 日報 | P80: 實際 | T80: 平均人時性 | U80: 實際 | Y80: 平均人時性 | Z80: 實際 | AD80: 平均人時性 | AE80: 實際 | AI80: 平均人時性 | AJ80: 實際 | AN80: 平均人時性 | AO80: 實際 | AS80: 平均人時性 | AT80: 實際 | AX80: 平均人時性
E81: 產線配置圖 | I81: 產線配置圖 | P81: 生產實績 | U81: 生產實績 | Z81: 生產實績 | AE81: 生產實績 | AJ81: 生產實績 | AO81: 生產實績 | AT81: 生產實績
E82: 人數 | F82: 產能／時 | G82: 人時性 | I82: 人數 | J82: 產能／時 | K82: 人時性 | P82: 人數 | Q82: 產能／時 | R82: 人時性 | S82: 排名 | U82: 人數 | V82: 產能／時 | W82: 人時性 | X82: 排名 | Z82: 人數 | AA82: 產能／時 | AB82: 人時性 | AC82: 排名 | AE82: 人數 | AF82: 產能／時 | AG82: 人時性 | AH82: 排名 | AJ82: 人數 | AK82: 產能／時 | AL82: 人時性 | AM82: 排名 | AO82: 人數 | AP82: 產能／時 | AQ82: 人時性 | AR82: 排名 | AT82: 人數 | AU82: 產能／時 | AV82: 人時性 | AW82: 排名
B83: 18℃-飯糰 | C83: 1 | H83: =AVERAGE(G83:G115) -> #DIV/0! | L83: =IFERROR(AVERAGE(K83:K115),"-") -> - | M83: =RANK(K83, K$45:$K$77) -> #N/A | T83: =AVERAGE(R83:R115) -> #DIV/0! | Y83: =AVERAGE(W83:W115) -> #DIV/0! | AD83: =AVERAGE(AB83:AB115) -> #DIV/0! | AI83: =AVERAGE(AG83:AG115) -> #DIV/0! | AN83: =AVERAGE(AL83:AL115) -> #DIV/0! | AS83: =AVERAGE(AQ83:AQ115) -> #DIV/0! | AX83: =AVERAGE(AV83:AV115) -> #DIV/0!
C84: 2 | M84: =RANK(K84, K$45:$K$77) -> #N/A
C85: 3 | M85: =RANK(K85, K$45:$K$77) -> #N/A
C86: 4 | M86: =RANK(K86, K$45:$K$77) -> #N/A
C87: 5 | M87: =RANK(K87, K$45:$K$77) -> #N/A
C88: 6 | M88: =RANK(K88, K$45:$K$77) -> #N/A
C89: 7 | M89: =RANK(K89, K$45:$K$77) -> #N/A
C90: 8 | M90: =RANK(K90, K$45:$K$77) -> #N/A
C91: 9 | M91: =RANK(K91, K$45:$K$77) -> #N/A
C92: 10 | M92: =RANK(K92, K$45:$K$77) -> #N/A
C93: 11 | M93: =RANK(K93, K$45:$K$77) -> #N/A
C94: 12 | M94: =RANK(K94, K$45:$K$77) -> #N/A
C95: 13 | M95: =RANK(K95, K$45:$K$77) -> #N/A
... C113: 31 | M113: =RANK(K113, K$45:$K$77) -> #N/A
C114: 32
C115: 33
B116: 產線配置圖－每週更新(0217-0223) | N116: 資料繳交 | O116: 日期 | P116: =AT78+1 -> 46070 | U116: =P116+1 -> 46071 | Z116: =U116+1 -> 46072 | AE116: =Z116+1 -> 46073 | AJ116: =AE116+1 -> 46074 | AO116: =AJ116+1 -> 46075 | AT116: =AO116+1 -> 46076
P117: =P116 -> 46070 | U117: =U116 -> 46071 | Z117: =Z116 -> 46072 | AE117: =AE116 -> 46073 | AJ117: =AJ116 -> 46074 | AO117: =AO116 -> 46075 | AT117: =AT116 -> 46076
B118: 品群 | C118: 商品名稱 | E118: 計畫 | H118: 平均人時性 | I118: 實績 (週平均) | L118: 平均人時性 | M118: 排名 | O118: 日報 | P118: 實際 | T118: 平均人時性 | U118: 實際 | Y118: 平均人時性 | Z118: 實際 | AD118: 平均人時性 | AE118: 實際 | AI118: 平均人時性 | AJ118: 實際 | AN118: 平均人時性 | AO118: 實際 | AS118: 平均人時性 | AT118: 實際 | AX118: 平均人時性
E119: 產線配置圖 | I119: 產線配置圖 | P119: 生產實績 | U119: 生產實績 | Z119: 生產實績 | AE119: 生產實績 | AJ119: 生產實績 | AO119: 生產實績 | AT119: 生產實績
E120: 人數 | F120: 產能／時 | G120: 人時性 | I120: 人數 | J120: 產能／時 | K120: 人時性 | P120: 人數 | Q120: 產能／時 | R120: 人時性 | S120: 排名 | U120: 人數 | V120: 產能／時 | W120: 人時性 | X120: 排名 | Z120: 人數 | AA120: 產能／時 | AB120: 人時性 | AC120: 排名 | AE120: 人數 | AF120: 產能／時 | AG120: 人時性 | AH120: 排名 | AJ120: 人數 | AK120: 產能／時 | AL120: 人時性 | AM120: 排名 | AO120: 人數 | AP120: 產能／時 | AQ120: 人時性 | AR120: 排名 | AT120: 人數 | AU120: 產能／時 | AV120: 人時性 | AW120: 排名
B121: 18℃-飯糰 | C121: 1 | H121: =AVERAGE(G121:G153) -> #DIV/0! | L121: =IFERROR(AVERAGE(K121:K153),"-") -> - | M121: =RANK(K121, K$45:$K$77) -> #N/A | T121: =AVERAGE(R121:R153) -> #DIV/0! | Y121: =AVERAGE(W121:W153) -> #DIV/0! | AD121: =AVERAGE(AB121:AB153) -> #DIV/0! | AI121: =AVERAGE(AG121:AG153) -> #DIV/0! | AN121: =AVERAGE(AL121:AL153) -> #DIV/0! | AS121: =AVERAGE(AQ121:AQ153) -> #DIV/0! | AX121: =AVERAGE(AV121:AV153) -> #DIV/0!
C122: 2 | M122: =RANK(K122, K$45:$K$77) -> #N/A
C123: 3 | M123: =RANK(K123, K$45:$K$77) -> #N/A
C124: 4 | M124: =RANK(K124, K$45:$K$77) -> #N/A
C125: 5 | M125: =RANK(K125, K$45:$K$77) -> #N/A
C126: 6 | M126: =RANK(K126, K$45:$K$77) -> #N/A
C127: 7 | M127: =RANK(K127, K$45:$K$77) -> #N/A
C128: 8 | M128: =RANK(K128, K$45:$K$77) -> #N/A
C129: 9 | M129: =RANK(K129, K$45:$K$77) -> #N/A
C130: 10 | M130: =RANK(K130, K$45:$K$77) -> #N/A
C131: 11 | M131: =RANK(K131, K$45:$K$77) -> #N/A
C132: 12 | M132: =RANK(K132, K$45:$K$77) -> #N/A
C133: 13 | M133: =RANK(K133, K$45:$K$77) -> #N/A
... C151: 31 | M151: =RANK(K151, K$45:$K$77) -> #N/A
C152: 32
...

Sheet （５-2）品群別人時生產性(18℃-壽司手卷)
B1: 2月平均人時性 | C1: =AVERAGE(L27,L47,L67,L87) -> 308.28366
B2: 產線配置圖－每週更新(0127-0202) | N2: 資料繳交 | O2: 日期 | P2: 46049 | U2: =P2+1 -> 46050 | Z2: =U2+1 -> 46051 | AE2: =Z2+1 -> 46052 | AJ2: 46053 | AO2: =AJ2+1 -> 46054 | AT2: =AO2+1 -> 46055
P3: =P2 -> 46049 | U3: =U2 -> 46050 | Z3: =Z2 -> 46051 | AE3: =AE2 -> 46052 | AO3: =AO2 -> 46054 | AT3: =AT2 -> 46055
B4: 品群 | C4: 商品名稱 | E4: 計畫 | H4: 平均人時性 | I4: 實績 (週平均) | L4: 平均人時性 | M4: 排名 | O4: 日報 | P4: 實際 | T4: 平均人時性 | U4: 實際 | Y4: 平均人時性 | Z4: 實際 | AD4: 平均人時性 | AE4: 實際 | AI4: 平均人時性 | AJ4: 實際 | AN4: 平均人時性 | AO4: 實際 | AS4: 平均人時性 | AT4: 實際 | AX4: 平均人時性
E5: 產線配置圖 | I5: 產線配置圖 | P5: 生產實績 | U5: 生產實績 | Z5: 生產實績 | AE5: 生產實績 | AJ5: 生產實績 | AO5: 生產實績 | AT5: 生產實績
E6: 人數 | F6: 產能／時 | G6: 人時性 | I6: 人數 | J6: 產能／時 | K6: 人時性 | P6: 人數 | Q6: 產能／時 | R6: 人時性 | S6: 排名 | U6: 人數 | V6: 產能／時 | W6: 人時性 | X6: 排名 | Z6: 人數 | AA6: 產能／時 | AB6: 人時性 | AC6: 排名 | AE6: 人數 | AF6: 產能／時 | AG6: 人時性 | AH6: 排名 | AJ6: 人數 | AK6: 產能／時 | AL6: 人時性 | AM6: 排名 | AO6: 人數 | AP6: 產能／時 | AQ6: 人時性 | AR6: 排名 | AT6: 人數 | AU6: 產能／時 | AV6: 人時性 | AW6: 排名
B7: 18℃-壽司手卷 | C7: 1 | D7: 一配海饌雙手卷 | E7: 12 | F7: 3600 | G7: =F7/E7 -> 300 | H7: =AVERAGE(G7:G21) -> 348.6532 | I7: =AVERAGE(P7,U7,Z7,AE7,AJ7,AO7,AT7) -> 12 | J7: =AVERAGE(Q7,V7,AA7,AF7,AK7,AP7,AU7) -> 3135.5175 | K7: =AVERAGE(R7,W7,AB7,AG7,AL7,AQ7,AV7) -> 261.29312 | L7: =IFERROR(AVERAGE(K7:K21),"-") -> 307.88508 | M7: =RANK(K7, K$7:$K$21) -> 6 | P7: 12 | Q7: 3131.7073 | R7: =IFERROR(Q7/P7,"") -> 260.97561 | S7: =RANK(R7, R$7:R$21) -> 8 | T7: =AVERAGE(R7:R21) -> 307.65252 | U7: 12 | V7: 3131.1121 | W7: =IFERROR(V7/U7,"") -> 260.92601 | X7: =RANK(W7, W$7:W$21) -> 8 | Y7: =AVERAGE(W7:W21) -> 307.65573 | Z7: 12 | AA7: 3136.3035 | AB7: =IFERROR(AA7/Z7,"") -> 261.35862 | AC7: =RANK(AB7, AB$7:AB$21) -> 6 | AD7: =AVERAGE(AB7:AB21) -> 307.76142 | AE7: 12 | AF7: 3136.3636 | AG7: =IFERROR(AF7/AE7,"") -> 261.36364 | AH7: =RANK(AG7, AG$7:AG$21) -> 7 | AI7: =AVERAGE(AG7:AG21) -> 307.93787 | AJ7: 12 | AK7: 3137.1429 | AL7: =IFERROR(AK7/AJ7,"") -> 261.42857 | AM7: =RANK(AL7, AL$7:AL$21) -> 6 | AN7: =AVERAGE(AL7:AL21) -> 308.02436 | AO7: 12 | AP7: 3137.5315 | AQ7: =IFERROR(AP7/AO7,"") -> 261.46096 | AR7: =RANK(AQ7, AQ$7:AQ$21) -> 6 | AS7: =AVERAGE(AQ7:AQ21) -> 308.04047 | AT7: 12 | AU7: 3138.4615 | AV7: =IFERROR(AU7/AT7,"") -> 261.53846 | AW7: =RANK(AV7, AV$7:AV$21) -> 6 | AX7: =AVERAGE(AV7:AV21) -> 308.12318
C8: 2 | D8: 一配雙饗雙手卷 | E8: 12 | F8: 3600 | G8: =F8/E8 -> 300 | I8: =AVERAGE(P8,U8,Z8,AE8,AJ8,AO8,AT8) -> 12 | J8: =AVERAGE(Q8,V8,AA8,AF8,AK8,AP8,AU8) -> 3134.8143 | K8: =AVERAGE(R8,W8,AB8,AG8,AL8,AQ8,AV8) -> 261.23453 | M8: =RANK(K8, K$7:$K$21) -> 9 | P8: 12 | Q8: 3130.5865 | R8: =IFERROR(Q8/P8,"") -> 260.88221 | S8: =RANK(R8, R$7:R$21) -> 9 | U8: 12 | V8: 3130.9288 | W8: =IFERROR(V8/U8,"") -> 260.91073 | X8: =RANK(W8, W$7:W$21) -> 9 | Z8: 12 | AA8: 3134.9442 | AB8: =IFERROR(AA8/Z8,"") -> 261.24535 | AC8: =RANK(AB8, AB$7:AB$21) -> 8 | AE8: 12 | AF8: 3136.3995 | AG8: =IFERROR(AF8/AE8,"") -> 261.36662 | AH8: =RANK(AG8, AG$7:AG$21) -> 6 | AJ8: 12 | AK8: 3136.609 | AL8: =IFERROR(AK8/AJ8,"") -> 261.38408 | AM8: =RANK(AL8, AL$7:AL$21) -> 7 | AO8: 12 | AP8: 3136.5554 | AQ8: =IFERROR(AP8/AO8,"") -> 261.37961 | AR8: =RANK(AQ8, AQ$7:AQ$21) -> 7 | AT8: 12 | AU8: 3137.6771 | AV8: =IFERROR(AU8/AT8,"") -> 261.47309 | AW8: =RANK(AV8, AV$7:AV$21) -> 7
C9: 3 | D9: 一配長野稻荷壽司 | E9: 11 | F9: 3600 | G9: =F9/E9 -> 327.27273 | I9: =AVERAGE(P9,U9,Z9,AE9,AJ9,AO9,AT9) -> 11 | J9: =AVERAGE(Q9,V9,AA9,AF9,AK9,AP9,AU9) -> 3171.0035 | K9: =AVERAGE(R9,W9,AB9,AG9,AL9,AQ9,AV9) -> 288.27305 | M9: =RANK(K9, K$7:$K$21) -> 4 | P9: 11 | Q9: 3168 | R9: =IFERROR(Q9/P9,"") -> 288 | S9: =RANK(R9, R$7:R$21) -> 4 | U9: 11 | V9: 3168.595 | W9: =IFERROR(V9/U9,"") -> 288.05409 | X9: =RANK(W9, W$7:W$21) -> 4 | Z9: 11 | AA9: 3169.8818 | AB9: =IFERROR(AA9/Z9,"") -> 288.17107 | AC9: =RANK(AB9, AB$7:AB$21) -> 5 | AE9: 11 | AF9: 3170.9388 | AG9: =IFERROR(AF9/AE9,"") -> 288.26716 | AH9: =RANK(AG9, AG$7:AG$21) -> 4 | AJ9: 11 | AK9: 3172.617 | AL9: =IFERROR(AK9/AJ9,"") -> 288.41973 | AM9: =RANK(AL9, AL$7:AL$21) -> 4 | AO9: 11 | AP9: 3173.7397 | AQ9: =IFERROR(AP9/AO9,"") -> 288.52179 | AR9: =RANK(AQ9, AQ$7:AQ$21) -> 4 | AT9: 11 | AU9: 3173.2523 | AV9: =IFERROR(AU9/AT9,"") -> 288.47748 | AW9: =RANK(AV9, AV$7:AV$21) -> 4
C10: 4 | D10: 一配經典鮪魚沙拉細卷 | E10: 6 | F10: 2600 | G10: =F10/E10 -> 433.33333 | I10: =AVERAGE(P10,U10,Z10,AE10,AJ10,AO10,AT10) -> 6 | J10: =AVERAGE(Q10,V10,AA10,AF10,AK10,AP10,AU10) -> 2319.604 | K10: =AVERAGE(R10,W10,AB10,AG10,AL10,AQ10,AV10) -> 386.60066 | M10: =RANK(K10, K$7:$K$21) -> 1 | P10: 6 | Q10: 2318.7578 | R10: =IFERROR(Q10/P10,"") -> 386.45963 | S10: =RANK(R10, R$7:R$21) -> 1 | U10: 6 | V10: 2318.1364 | W10: =IFERROR(V10/U10,"") -> 386.35607 | X10: =RANK(W10, W$7:W$21) -> 2 | Z10: 6 | AA10: 2318.7865 | AB10: =IFERROR(AA10/Z10,"") -> 386.46441 | AC10: =RANK(AB10, AB$7:AB$21) -> 1 | AE10: 6 | AF10: 2319.9324 | AG10: =IFERROR(AF10/AE10,"") -> 386.65541 | AH10: =RANK(AG10, AG$7:AG$21) -> 1 | AJ10: 6 | AK10: 2319.571 | AL10: =IFERROR(AK10/AJ10,"") -> 386.59517 | AM10: =RANK(AL10, AL$7:AL$21) -> 2 | AO10: 6 | AP10: 2320.3205 | AQ10: =IFERROR(AP10/AO10,"") -> 386.72009 | AR10: =RANK(AQ10, AQ$7:AQ$21) -> 1 | AT10: 6 | AU10: 2321.7231 | AV10: =IFERROR(AU10/AT10,"") -> 386.95385 | AW10: =RANK(AV10, AV$7:AV$21) -> 1
C11: 5 | D11: 一配明太子玉子脆卷 | E11: 6 | F11: 2500 | G11: =F11/E11 -> 416.66667 | I11: =AVERAGE(P11,U11,Z11,AE11,AJ11,AO11,AT11) -> 6 | J11: =AVERAGE(Q11,V11,AA11,AF11,AK11,AP11,AU11) -> 2258.3818 | K11: =AVERAGE(R11,W11,AB11,AG11,AL11,AQ11,AV11) -> 376.39697 | M11: =RANK(K11, K$7:$K$21) -> 3 | P11: 6 | Q11: 2255.625 | R11: =IFERROR(Q11/P11,"") -> 375.9375 | S11: =RANK(R11, R$7:R$21) -> 3 | U11: 6 | V11: 2254.251 | W11: =IFERROR(V11/U11,"") -> 375.7085 | X11: =RANK(W11, W$7:W$21) -> 3 | Z11: 6 | AA11: 2254.0541 | AB11: =IFERROR(AA11/Z11,"") -> 375.67568 | AC11: =RANK(AB11, AB$7:AB$21) -> 3 | AE11: 6 | AF11: 2259.7826 | AG11: =IFERROR(AF11/AE11,"") -> 376.63043 | AH11: =RANK(AG11, AG$7:AG$21) -> 3 | AJ11: 6 | AK11: 2261.8421 | AL11: =IFERROR(AK11/AJ11,"") -> 376.97368 | AM11: =RANK(AL11, AL$7:AL$21) -> 3 | AO11: 6 | AP11: 2261.0709 | AQ11: =IFERROR(AP11/AO11,"") -> 376.84515 | AR11: =RANK(AQ11, AQ$7:AQ$21) -> 3 | AT11: 6 | AU11: 2262.0472 | AV11: =IFERROR(AU11/AT11,"") -> 377.00787 | AW11: =RANK(AV11, AV$7:AV$21) -> 3
C12: 6 | D12: 一配雙鬆細卷 | E12: 6 | F12: 2600 | G12: =F12/E12 -> 433.33333 | I12: =AVERAGE(P12,U12,Z12,AE12,AJ12,AO12,AT12) -> 6 | J12: =AVERAGE(Q12,V12,AA12,AF12,AK12,AP12,AU12) -> 2319.2606 | K12: =AVERAGE(R12,W12,AB12,AG12,AL12,AQ12,AV12) -> 386.54343 | M12: =RANK(K12, K$7:$K$21) -> 2 | P12: 6 | Q12: 2317.9182 | R12: =IFERROR(Q12/P12,"") -> 386.3197 | S12: =RANK(R12, R$7:R$21) -> 2 | U12: 6 | V12: 2318.8966 | W12: =IFERROR(V12/U12,"") -> 386.48276 | X12: =RANK(W12, W$7:W$21) -> 1 | Z12: 6 | AA12: 2318.0233 | AB12: =IFERROR(AA12/Z12,"") -> 386.33721 | AC12: =RANK(AB12, AB$7:AB$21) -> 2 | AE12: 6 | AF12: 2318.7621 | AG12: =IFERROR(AF12/AE12,"") -> 386.46035 | AH12: =RANK(AG12, AG$7:AG$21) -> 2 | AJ12: 6 | AK12: 2319.8188 | AL12: =IFERROR(AK12/AJ12,"") -> 386.63647 | AM12: =RANK(AL12, AL$7:AL$21) -> 1 | AO12: 6 | AP12: 2320.2827 | AQ12: =IFERROR(AP12/AO12,"") -> 386.71378 | AR12: =RANK(AQ12, AQ$7:AQ$21) -> 2 | AT12: 6 | AU12: 2321.1226 | AV12: =IFERROR(AU12/AT12,"") -> 386.85377 | AW12: =RANK(AV12, AV$7:AV$21) -> 2
C13: 7 | D13: 二配海饌雙手卷 | E13: 12 | F13: 3600 | G13: =F13/E13 -> 300 | I13: =AVERAGE(P13,U13,Z13,AE13,AJ13,AO13,AT13) -> 12 | J13: =AVERAGE(Q13,V13,AA13,AF13,AK13,AP13,AU13) -> 3134.9191 | K13: =AVERAGE(R13,W13,AB13,AG13,AL13,AQ13,AV13) -> 261.24326 | M13: =RANK(K13, K$7:$K$21) -> 7 | P13: 12 | Q13: 3134.1991 | R13: =IFERROR(Q13/P13,"") -> 261.18326 | S13: =RANK(R13, R$7:R$21) -> 6 | U13: 12 | V13: 3134.2363 | W13: =IFERROR(V13/U13,"") -> 261.18636 | X13: =RANK(W13, W$7:W$21) -> 7 | Z13: 12 | AA13: 3134.0364 | AB13: =IFERROR(AA13/Z13,"") -> 261.1697 | AC13: =RANK(AB13, AB$7:AB$21) -> 9 | AE13: 12 | AF13: 3134.7075 | AG13: =IFERROR(AF13/AE13,"") -> 261.22563 | AH13: =RANK(AG13, AG$7:AG$21) -> 9 | AJ13: 12 | AK13: 3135.6213 | AL13: =IFERROR(AK13/AJ13,"") -> 261.30178 | AM13: =RANK(AL13, AL$7:AL$21) -> 8 | AO13: 12 | AP13: 3135.7622 | AQ13: =IFERROR(AP13/AO13,"") -> 261.31352 | AR13: =RANK(AQ13, AQ$7:AQ$21) -> 8 | AT13: 12 | AU13: 3135.8706 | AV13: =IFERROR(AU13/AT13,"") -> 261.32255 | AW13: =RANK(AV13, AV$7:AV$21) -> 8
C14: 8 | D14: 二配雙饗雙手卷 | E14: 12 | F14: 3600 | G14: =F14/E14 -> 300 | I14: =AVERAGE(P14,U14,Z14,AE14,AJ14,AO14,AT14) -> 12 | J14: =AVERAGE(Q14,V14,AA14,AF14,AK14,AP14,AU14) -> 3134.8513 | K14: =AVERAGE(R14,W14,AB14,AG14,AL14,AQ14,AV14) -> 261.23761 | M14: =RANK(K14, K$7:$K$21) -> 8 | P14: 12 | Q14: 3133.8792 | R14: =IFERROR(Q14/P14,"") -> 261.1566 | S14: =RANK(R14, R$7:R$21) -> 7 | U14: 12 | V14: 3134.8515 | W14: =IFERROR(V14/U14,"") -> 261.23762 | X14: =RANK(W14, W$7:W$21) -> 6 | Z14: 12 | AA14: 3135.0839 | AB14: =IFERROR(AA14/Z14,"") -> 261.257 | AC14: =RANK(AB14, AB$7:AB$21) -> 7 | AE14: 12 | AF14: 3135.1351 | AG14: =IFERROR(AF14/AE14,"") -> 261.26126 | AH14: =RANK(AG14, AG$7:AG$21) -> 8 | AJ14: 12 | AK14: 3134.8186 | AL14: =IFERROR(AK14/AJ14,"") -> 261.23488 | AM14: =RANK(AL14, AL$7:AL$21) -> 9 | AO14: 12 | AP14: 3134.5305 | AQ14: =IFERROR(AP14/AO14,"") -> 261.21088 | AR14: =RANK(AQ14, AQ$7:AQ$21) -> 9 | AT14: 12 | AU14: 3135.6601 | AV14: =IFERROR(AU14/AT14,"") -> 261.30501 | AW14: =RANK(AV14, AV$7:AV$21) -> 9
C15: 9 | D15: 二配長野稻荷壽司 | E15: 11 | F15: 3600 | G15: =F15/E15 -> 327.27273 | I15: =AVERAGE(P15,U15,Z15,AE15,AJ15,AO15,AT15) -> 11 | J15: =AVERAGE(Q15,V15,AA15,AF15,AK15,AP15,AU15) -> 3169.574 | K15: =AVERAGE(R15,W15,AB15,AG15,AL15,AQ15,AV15) -> 288.14309 | M15: =RANK(K15, K$7:$K$21) -> 5 | P15: 11 | Q15: 3167.5399 | R15: =IFERROR(Q15/P15,"") -> 287.95818 | S15: =RANK(R15, R$7:R$21) -> 5 | U15: 11 | V15: 3168.4337 | W15: =IFERROR(V15/U15,"") -> 288.03943 | X15: =RANK(W15, W$7:W$21) -> 5 | Z15: 11 | AA15: 3169.9115 | AB15: =IFERROR(AA15/Z15,"") -> 288.17377 | AC15: =RANK(AB15, AB$7:AB$21) -> 4 | AE15: 11 | AF15: 3170.3137 | AG15: =IFERROR(AF15/AE15,"") -> 288.21034 | AH15: =RANK(AG15, AG$7:AG$21) -> 5 | AJ15: 11 | AK15: 3170.6937 | AL15: =IFERROR(AK15/AJ15,"") -> 288.24488 | AM15: =RANK(AL15, AL$7:AL$21) -> 5 | AO15: 11 | AP15: 3170.1832 | AQ15: =IFERROR(AP15/AO15,"") -> 288.19847 | AR15: =RANK(AQ15, AQ$7:AQ$21) -> 5 | AT15: 11 | AU15: 3169.9422 | AV15: =IFERROR(AU15/AT15,"") -> 288.17656 | AW15: =RANK(AV15, AV$7:AV$21) -> 5
C16: 10
C17: 11
C18: 12
C19: 13
C20: 14
C21: 15
B22: 產線配置圖－每週更新(0203-0209) | N22: 資料繳交 | O22: 日期 | P22: 46056 | U22: =P22+1 -> 46057 | Z22: =U22+1 -> 46058 | AE22: =Z22+1 -> 46059 | AJ22: =AE22+1 -> 46060 | AO22: =AJ22+1 -> 46061 | AT22: =AO22+1 -> 46062
P23: =P22 -> 46056 | U23: =U22 -> 46057 | Z23: =Z22 -> 46058 | AE23: =AE22 -> 46059 | AJ23: =AJ22 -> 46060 | AO23: =AO22 -> 46061 | AT23: =AT22 -> 46062
B24: 品群 | C24: 商品名稱 | E24: 計畫 | H24: 平均人時性 | I24: 實績 (週平均) | L24: 平均人時性 | M24: 排名 | O24: 日報 | P24: 實際 | T24: 平均人時性 | U24: 實際 | Y24: 平均人時性 | Z24: 實際 | AD24: 平均人時性 | AE24: 實際 | AI24: 平均人時性 | AJ24: 實際 | AN24: 平均人時性 | AO24: 實際 | AS24: 平均人時性 | AT24: 實際 | AX24: 平均人時性
E25: 產線配置圖 | I25: 產線配置圖 | P25: 生產實績 | U25: 生產實績 | Z25: 生產實績 | AE25: 生產實績 | AJ25: 生產實績 | AO25: 生產實績 | AT25: 生產實績
E26: 人數 | F26: 產能／時 | G26: 人時性 | I26: 人數 | J26: 產能／時 | K26: 人時性 | P26: 人數 | Q26: 產能／時 | R26: 人時性 | S26: 排名 | U26: 人數 | V26: 產能／時 | W26: 人時性 | X26: 排名 | Z26: 人數 | AA26: 產能／時 | AB26: 人時性 | AC26: 排名 | AE26: 人數 | AF26: 產能／時 | AG26: 人時性 | AH26: 排名 | AJ26: 人數 | AK26: 產能／時 | AL26: 人時性 | AM26: 排名 | AO26: 人數 | AP26: 產能／時 | AQ26: 人時性 | AR26: 排名 | AT26: 人數 | AU26: 產能／時 | AV26: 人時性 | AW26: 排名
B27: 18℃-壽司手卷 | C27: 1 | D27: 一配海饌雙手卷 | E27: 12 | F27: 3600 | G27: =F27/E27 -> 300 | H27: =AVERAGE(G27:G41) -> 348.6532 | I27: =AVERAGE(P27,U27,Z27,AE27,AJ27,AO27,AT27) -> 12 | J27: =AVERAGE(Q27,V27,AA27,AF27,AK27,AP27,AU27) -> 3139.3059 | K27: =AVERAGE(R27,W27,AB27,AG27,AL27,AQ27,AV27) -> 261.60882 | L27: =IFERROR(AVERAGE(K27:K41),"-") -> 308.28366 | M27: =RANK(K27, K$27:$K$41) -> 6 | P27: 12 | Q27: 3138.0888 | R27: =IFERROR(Q27/P27,"") -> 261.5074 | S27: =RANK(R27, R$27:R$41) -> 6 | T27: =AVERAGE(R27:R41) -> 308.16738 | U27: 12 | V27: 3138.3821 | W27: =IFERROR(V27/U27,"") -> 261.53184 | X27: =RANK(W27, W$27:W$41) -> 8 | Y27: =AVERAGE(W27:W41) -> 308.22328 | Z27: 12 | AA27: 3138.3016 | AB27: =IFERROR(AA27/Z27,"") -> 261.52513 | AC27: =RANK(AB27, AB$27:AB$41) -> 9 | AD27: =AVERAGE(AB27:AB41) -> 308.23891 | AE27: 12 | AF27: 3139.5611 | AG27: =IFERROR(AF27/AE27,"") -> 261.63009 | AH27: =RANK(AG27, AG$27:AG$41) -> 7 | AI27: =AVERAGE(AG27:AG41) -> 308.3551 | AJ27: 12 | AK27: 3139.8136 | AL27: =IFERROR(AK27/AJ27,"") -> 261.65113 | AM27: =RANK(AL27, AL$27:AL$41) -> 7 | AN27: =AVERAGE(AL27:AL41) -> 308.34112 | AO27: 12 | AP27: 3140.2337 | AQ27: =IFERROR(AP27/AO27,"") -> 261.68614 | AR27: =RANK(AQ27, AQ$27:AQ$41) -> 7 | AS27: =AVERAGE(AQ27:AQ41) -> 308.33439 | AT27: 12 | AU27: 3140.7602 | AV27: =IFERROR(AU27/AT27,"") -> 261.73001 | AW27: =RANK(AV27, AV$27:AV$41) -> 6 | AX27: =AVERAGE(AV27:AV41) -> 308.32543
C28: 2 | D28: 一配雙饗雙手卷 | E28: 12 | F28: 3600 | G28: =F28/E28 -> 300 | I28: =AVERAGE(P28,U28,Z28,AE28,AJ28,AO28,AT28) -> 12 | J28: =AVERAGE(Q28,V28,AA28,AF28,AK28,AP28,AU28) -> 3138.6146 | K28: =AVERAGE(R28,W28,AB28,AG28,AL28,AQ28,AV28) -> 261.55122 | M28: =RANK(K28, K$27:$K$41) -> 8 | P28: 12 | Q28: 3137.6303 | R28: =IFERROR(Q28/P28,"") -> 261.46919 | S28: =RANK(R28, R$27:R$41) -> 7 | U28: 12 | V28: 3138.5827 | W28: =IFERROR(V28/U28,"") -> 261.54856 | X28: =RANK(W28, W$27:W$41) -> 7 | Z28: 12 | AA28: 3138.7097 | AB28: =IFERROR(AA28/Z28,"") -> 261.55914 | AC28: =RANK(AB28, AB$27:AB$41) -> 7 | AE28: 12 | AF28: 3138.0952 | AG28: =IFERROR(AF28/AE28,"") -> 261.50794 | AH28: =RANK(AG28, AG$27:AG$41) -> 9 | AJ28: 12 | AK28: 3139.0558 | AL28: =IFERROR(AK28/AJ28,"") -> 261.58798 | AM28: =RANK(AL28, AL$27:AL$41) -> 8 | AO28: 12 | AP28: 3139.1226 | AQ28: =IFERROR(AP28/AO28,"") -> 261.59355 | AR28: =RANK(AQ28, AQ$27:AQ$41) -> 8 | AT28: 12 | AU28: 3139.1061 | AV28: =IFERROR(AU28/AT28,"") -> 261.59218 | AW28: =RANK(AV28, AV$27:AV$41) -> 8
C29: 3 | D29: 一配長野稻荷壽司 | E29: 11 | F29: 3600 | G29: =F29/E29 -> 327.27273 | I29: =AVERAGE(P29,U29,Z29,AE29,AJ29,AO29,AT29) -> 11 | J29: =AVERAGE(Q29,V29,AA29,AF29,AK29,AP29,AU29) -> 3172.1921 | K29: =AVERAGE(R29,W29,AB29,AG29,AL29,AQ29,AV29) -> 288.3811 | M29: =RANK(K29, K$27:$K$41) -> 4 | P29: 11 | Q29: 3173.5192 | R29: =IFERROR(Q29/P29,"") -> 288.50174 | S29: =RANK(R29, R$27:R$41) -> 4 | U29: 11 | V29: 3173.2162 | W29: =IFERROR(V29/U29,"") -> 288.4742 | X29: =RANK(W29, W$27:W$41) -> 4 | Z29: 11 | AA29: 3173.0512 | AB29: =IFERROR(AA29/Z29,"") -> 288.4592 | AC29: =RANK(AB29, AB$27:AB$41) -> 4 | AE29: 11 | AF29: 3171.2297 | AG29: =IFERROR(AF29/AE29,"") -> 288.29361 | AH29: =RANK(AG29, AG$27:AG$41) -> 5 | AJ29: 11 | AK29: 3171.5702 | AL29: =IFERROR(AK29/AJ29,"") -> 288.32457 | AM29: =RANK(AL29, AL$27:AL$41) -> 5 | AO29: 11 | AP29: 3171.4286 | AQ29: =IFERROR(AP29/AO29,"") -> 288.31169 | AR29: =RANK(AQ29, AQ$27:AQ$41) -> 5 | AT29: 11 | AU29: 3171.3295 | AV29: =IFERROR(AU29/AT29,"") -> 288.30268 | AW29: =RANK(AV29, AV$27:AV$41) -> 5
C30: 4 | D30: 一配經典鮪魚沙拉細卷 | E30: 6 | F30: 2600 | G30: =F30/E30 -> 433.33333 | I30: =AVERAGE(P30,U30,Z30,AE30,AJ30,AO30,AT30) -> 6 | J30: =AVERAGE(Q30,V30,AA30,AF30,AK30,AP30,AU30) -> 2322.9125 | K30: =AVERAGE(R30,W30,AB30,AG30,AL30,AQ30,AV30) -> 387.15208 | M30: =RANK(K30, K$27:$K$41) -> 1 | P30: 6 | Q30: 2321.8698 | R30: =IFERROR(Q30/P30,"") -> 386.9783 | S30: =RANK(R30, R$27:R$41) -> 1 | U30: 6 | V30: 2321.6474 | W30: =IFERROR(V30/U30,"") -> 386.94124 | X30: =RANK(W30, W$27:W$41) -> 1 | Z30: 6 | AA30: 2321.5125 | AB30: =IFERROR(AA30/Z30,"") -> 386.91875 | AC30: =RANK(AB30, AB$27:AB$41) -> 1 | AE30: 6 | AF30: 2323.9775 | AG30: =IFERROR(AF30/AE30,"") -> 387.32959 | AH30: =RANK(AG30, AG$27:AG$41) -> 1 | AJ30: 6 | AK30: 2323.6074 | AL30: =IFERROR(AK30/AJ30,"") -> 387.2679 | AM30: =RANK(AL30, AL$27:AL$41) -> 2 | AO30: 6 | AP30: 2323.6191 | AQ30: =IFERROR(AP30/AO30,"") -> 387.26986 | AR30: =RANK(AQ30, AQ$27:AQ$41) -> 2 | AT30: 6 | AU30: 2324.1535 | AV30: =IFERROR(AU30/AT30,"") -> 387.35892 | AW30: =RANK(AV30, AV$27:AV$41) -> 1
C31: 5 | D31: 一配明太子玉子脆卷 | E31: 6 | F31: 2500 | G31: =F31/E31 -> 416.66667 | I31: =AVERAGE(P31,U31,Z31,AE31,AJ31,AO31,AT31) -> 6 | J31: =AVERAGE(Q31,V31,AA31,AF31,AK31,AP31,AU31) -> 2263.8112 | K31: =AVERAGE(R31,W31,AB31,AG31,AL31,AQ31,AV31) -> 377.30186 | M31: =RANK(K31, K$27:$K$41) -> 3 | P31: 6 | Q31: 2263.3136 | R31: =IFERROR(Q31/P31,"") -> 377.21893 | S31: =RANK(R31, R$27:R$41) -> 3 | U31: 6 | V31: 2264.0964 | W31: =IFERROR(V31/U31,"") -> 377.3494 | X31: =RANK(W31, W$27:W$41) -> 3 | Z31: 6 | AA31: 2264.5914 | AB31: =IFERROR(AA31/Z31,"") -> 377.43191 | AC31: =RANK(AB31, AB$27:AB$41) -> 3 | AE31: 6 | AF31: 2265.9401 | AG31: =IFERROR(AF31/AE31,"") -> 377.65668 | AH31: =RANK(AG31, AG$27:AG$41) -> 3 | AJ31: 6 | AK31: 2263.1922 | AL31: =IFERROR(AK31/AJ31,"") -> 377.1987 | AM31: =RANK(AL31, AL$27:AL$41) -> 3 | AO31: 6 | AP31: 2263.0058 | AQ31: =IFERROR(AP31/AO31,"") -> 377.16763 | AR31: =RANK(AQ31, AQ$27:AQ$41) -> 3 | AT31: 6 | AU31: 2262.5387 | AV31: =IFERROR(AU31/AT31,"") -> 377.08978 | AW31: =RANK(AV31, AV$27:AV$41) -> 3
C32: 6 | D32: 一配雙鬆細卷 | E32: 6 | F32: 2600 | G32: =F32/E32 -> 433.33333 | I32: =AVERAGE(P32,U32,Z32,AE32,AJ32,AO32,AT32) -> 6 | J32: =AVERAGE(Q32,V32,AA32,AF32,AK32,AP32,AU32) -> 2322.7348 | K32: =AVERAGE(R32,W32,AB32,AG32,AL32,AQ32,AV32) -> 387.12247 | M32: =RANK(K32, K$27:$K$41) -> 2 | P32: 6 | Q32: 2321.3378 | R32: =IFERROR(Q32/P32,"") -> 386.88963 | S32: =RANK(R32, R$27:R$41) -> 2 | U32: 6 | V32: 2321.3115 | W32: =IFERROR(V32/U32,"") -> 386.88525 | X32: =RANK(W32, W$27:W$41) -> 2 | Z32: 6 | AA32: 2321.227 | AB32: =IFERROR(AA32/Z32,"") -> 386.87117 | AC32: =RANK(AB32, AB$27:AB$41) -> 2 | AE32: 6 | AF32: 2323.3556 | AG32: =IFERROR(AF32/AE32,"") -> 387.22593 | AH32: =RANK(AG32, AG$27:AG$41) -> 2 | AJ32: 6 | AK32: 2324.5033 | AL32: =IFERROR(AK32/AJ32,"") -> 387.41722 | AM32: =RANK(AL32, AL$27:AL$41) -> 1 | AO32: 6 | AP32: 2323.9327 | AQ32: =IFERROR(AP32/AO32,"") -> 387.32212 | AR32: =RANK(AQ32, AQ$27:AQ$41) -> 1 | AT32: 6 | AU32: 2323.4758 | AV32: =IFERROR(AU32/AT32,"") -> 387.24597 | AW32: =RANK(AV32, AV$27:AV$41) -> 2
C33: 7 | D33: 二配海饌雙手卷 | E33: 12 | F33: 3600 | G33: =F33/E33 -> 300 | I33: =AVERAGE(P33,U33,Z33,AE33,AJ33,AO33,AT33) -> 12 | J33: =AVERAGE(Q33,V33,AA33,AF33,AK33,AP33,AU33) -> 3139.2835 | K33: =AVERAGE(R33,W33,AB33,AG33,AL33,AQ33,AV33) -> 261.60696 | M33: =RANK(K33, K$27:$K$41) -> 7 | P33: 12 | Q33: 3135.8542 | R33: =IFERROR(Q33/P33,"") -> 261.32118 | S33: =RANK(R33, R$27:R$41) -> 9 | U33: 12 | V33: 3138.7097 | W33: =IFERROR(V33/U33,"") -> 261.55914 | X33: =RANK(W33, W$27:W$41) -> 6 | Z33: 12 | AA33: 3139.4047 | AB33: =IFERROR(AA33/Z33,"") -> 261.61706 | AC33: =RANK(AB33, AB$27:AB$41) -> 6 | AE33: 12 | AF33: 3139.8347 | AG33: =IFERROR(AF33/AE33,"") -> 261.65289 | AH33: =RANK(AG33, AG$27:AG$41) -> 6 | AJ33: 12 | AK33: 3140.2915 | AL33: =IFERROR(AK33/AJ33,"") -> 261.69096 | AM33: =RANK(AL33, AL$27:AL$41) -> 6 | AO33: 12 | AP33: 3140.7129 | AQ33: =IFERROR(AP33/AO33,"") -> 261.72608 | AR33: =RANK(AQ33, AQ$27:AQ$41) -> 6 | AT33: 12 | AU33: 3140.1765 | AV33: =IFERROR(AU33/AT33,"") -> 261.68137 | AW33: =RANK(AV33, AV$27:AV$41) -> 7
C34: 8 | D34: 二配雙饗雙手卷 | E34: 12 | F34: 3600 | G34: =F34/E34 -> 300 | I34: =AVERAGE(P34,U34,Z34,AE34,AJ34,AO34,AT34) -> 12 | J34: =AVERAGE(Q34,V34,AA34,AF34,AK34,AP34,AU34) -> 3138.2059 | K34: =AVERAGE(R34,W34,AB34,AG34,AL34,AQ34,AV34) -> 261.51716 | M34: =RANK(K34, K$27:$K$41) -> 9 | P34: 12 | Q34: 3136.0382 | R34: =IFERROR(Q34/P34,"") -> 261.33652 | S34: =RANK(R34, R$27:R$41) -> 8 | U34: 12 | V34: 3137.7566 | W34: =IFERROR(V34/U34,"") -> 261.47971 | X34: =RANK(W34, W$27:W$41) -> 9 | Z34: 12 | AA34: 3138.3748 | AB34: =IFERROR(AA34/Z34,"") -> 261.53124 | AC34: =RANK(AB34, AB$27:AB$41) -> 8 | AE34: 12 | AF34: 3138.843 | AG34: =IFERROR(AF34/AE34,"") -> 261.57025 | AH34: =RANK(AG34, AG$27:AG$41) -> 8 | AJ34: 12 | AK34: 3138.9163 | AL34: =IFERROR(AK34/AJ34,"") -> 261.57635 | AM34: =RANK(AL34, AL$27:AL$41) -> 9 | AO34: 12 | AP34: 3138.9163 | AQ34: =IFERROR(AP34/AO34,"") -> 261.57635 | AR34: =RANK(AQ34, AQ$27:AQ$41) -> 9 | AT34: 12 | AU34: 3138.5965 | AV34: =IFERROR(AU34/AT34,"") -> 261.54971 | AW34: =RANK(AV34, AV$27:AV$41) -> 9
C35: 9 | D35: 二配長野稻荷壽司 | E35: 11 | F35: 3600 | G35: =F35/E35 -> 327.27273 | I35: =AVERAGE(P35,U35,Z35,AE35,AJ35,AO35,AT35) -> 11 | J35: =AVERAGE(Q35,V35,AA35,AF35,AK35,AP35,AU35) -> 3171.4238 | K35: =AVERAGE(R35,W35,AB35,AG35,AL35,AQ35,AV35) -> 288.31125 | M35: =RANK(K35, K$27:$K$41) -> 5 | P35: 11 | Q35: 3171.1191 | R35: =IFERROR(Q35/P35,"") -> 288.28356 | S35: =RANK(R35, R$27:R$41) -> 5 | U35: 11 | V35: 3170.6422 | W35: =IFERROR(V35/U35,"") -> 288.2402 | X35: =RANK(W35, W$27:W$41) -> 5 | Z35: 11 | AA35: 3170.6024 | AB35: =IFERROR(AA35/Z35,"") -> 288.23658 | AC35: =RANK(AB35, AB$27:AB$41) -> 5 | AE35: 11 | AF35: 3171.6186 | AG35: =IFERROR(AF35/AE35,"") -> 288.32897 | AH35: =RANK(AG35, AG$27:AG$41) -> 4 | AJ35: 11 | AK35: 3171.9074 | AL35: =IFERROR(AK35/AJ35,"") -> 288.35522 | AM35: =RANK(AL35, AL$27:AL$41) -> 4 | AO35: 11 | AP35: 3171.9165 | AQ35: =IFERROR(AP35/AO35,"") -> 288.35605 | AR35: =RANK(AQ35, AQ$27:AQ$41) -> 4 | AT35: 11 | AU35: 3172.1602 | AV35: =IFERROR(AU35/AT35,"") -> 288.3782 | AW35: =RANK(AV35, AV$27:AV$41) -> 4
C36: 10
C37: 11
C38: 12
C39: 13
C40: 14
C41: 15
B42: 產線配置圖－每週更新(0210-0216) | N42: 資料繳交 | O42: 日期 | P42: =AT22+1 -> 46063 | U42: =P42+1 -> 46064 | Z42: =U42+1 -> 46065 | AE42: =Z42+1 -> 46066 | AJ42: =AE42+1 -> 46067 | AO42: =AJ42+1 -> 46068 | AT42: =AO42+1 -> 46069
P43: =P42 -> 46063 | U43: =U42 -> 46064 | Z43: =Z42 -> 46065 | AE43: =AE42 -> 46066 | AJ43: =AJ42 -> 46067 | AO43: =AO42 -> 46068 | AT43: =AT42 -> 46069
B44: 品群 | C44: 商品名稱 | E44: 計畫 | H44: 平均人時性 | I44: 實績 (週平均) | L44: 平均人時性 | M44: 排名 | O44: 日報 | P44: 實際 | T44: 平均人時性 | U44: 實際 | Y44: 平均人時性 | Z44: 實際 | AD44: 平均人時性 | AE44: 實際 | AI44: 平均人時性 | AJ44: 實際 | AN44: 平均人時性 | AO44: 實際 | AS44: 平均人時性 | AT44: 實際 | AX44: 平均人時性
E45: 產線配置圖 | I45: 產線配置圖 | P45: 生產實績 | U45: 生產實績 | Z45: 生產實績 | AE45: 生產實績 | AJ45: 生產實績 | AO45: 生產實績 | AT45: 生產實績
E46: 人數 | F46: 產能／時 | G46: 人時性 | I46: 人數 | J46: 產能／時 | K46: 人時性 | P46: 人數 | Q46: 產能／時 | R46: 人時性 | S46: 排名 | U46: 人數 | V46: 產能／時 | W46: 人時性 | X46: 排名 | Z46: 人數 | AA46: 產能／時 | AB46: 人時性 | AC46: 排名 | AE46: 人數 | AF46: 產能／時 | AG46: 人時性 | AH46: 排名 | AJ46: 人數 | AK46: 產能／時 | AL46: 人時性 | AM46: 排名 | AO46: 人數 | AP46: 產能／時 | AQ46: 人時性 | AR46: 排名 | AT46: 人數 | AU46: 產能／時 | AV46: 人時性 | AW46: 排名
B47: 18℃-壽司手卷 | C47: 1 | G47: =F47/E47 -> #DIV/0! | H47: =AVERAGE(G47:G61) -> #DIV/0! | L47: =IFERROR(AVERAGE(K47:K61),"-") -> - | S47: =RANK(R47, R$27:R$41) -> #N/A | T47: =AVERAGE(R47:R61) -> #DIV/0! | X47: =RANK(W47, W$27:W$41) -> #N/A | Y47: =AVERAGE(W47:W61) -> #DIV/0! | AD47: =AVERAGE(AB47:AB61) -> #DIV/0! | AE47: 17 | AF47: 3116.9399 | AG47: =IFERROR(AF47/AE47,"") -> 183.34941 | AH47: =RANK(AG47, AG$27:AG$41) -> #N/A | AI47: =AVERAGE(AG47:AG61) -> 258.32019 | AM47: =RANK(AL47, AL$27:AL$41) -> #N/A | AN47: =AVERAGE(AL47:AL61) -> #DIV/0! | AQ47: =IFERROR(AP47/AO47,"") | AR47: =RANK(AQ47, AQ$27:AQ$41) -> #VALUE! | AS47: =AVERAGE(AQ47:AQ61) -> #DIV/0! | AT47: 17 | AU47: 3117.7474 | AV47: =IFERROR(AU47/AT47,"") -> 183.39691 | AW47: =RANK(AV47, AV$27:AV$41) -> #N/A | AX47: =AVERAGE(AV47:AV61) -> 183.39691
C48: 2 | G48: =F48/E48 -> #DIV/0! | X48: =RANK(W48, W$27:W$41) -> #N/A | AE48: 17 | AF48: 3117.9819 | AG48: =IFERROR(AF48/AE48,"") -> 183.4107 | AH48: =RANK(AG48, AG$27:AG$41) -> #N/A | AM48: =RANK(AL48, AL$27:AL$41) -> #N/A | AQ48: =IFERROR(AP48/AO48,"") | AR48: =RANK(AQ48, AQ$27:AQ$41) -> #VALUE! | AW48: =RANK(AV48, AV$27:AV$41) -> #N/A
C49: 3 | G49: =F49/E49 -> #DIV/0! | X49: =RANK(W49, W$27:W$41) -> #N/A | AE49: 11 | AF49: 3152.2538 | AG49: =IFERROR(AF49/AE49,"") -> 286.56852 | AH49: =RANK(AG49, AG$27:AG$41) -> #N/A | AM49: =RANK(AL49, AL$27:AL$41) -> #N/A | AQ49: =IFERROR(AP49/AO49,"") | AR49: =RANK(AQ49, AQ$27:AQ$41) -> #VALUE! | AW49: =RANK(AV49, AV$27:AV$41) -> #N/A
C50: 4 | G50: =F50/E50 -> #DIV/0! | AE50: 6 | AF50: 2318.3402 | AG50: =IFERROR(AF50/AE50,"") -> 386.39004 | AH50: =RANK(AG50, AG$27:AG$41) -> #N/A | AM50: =RANK(AL50, AL$27:AL$41) -> #N/A | AQ50: =IFERROR(AP50/AO50,"") | AR50: =RANK(AQ50, AQ$27:AQ$41) -> #VALUE! | AW50: =RANK(AV50, AV$27:AV$41) -> #N/A
C51: 5 | G51: =F51/E51 -> #DIV/0! | AE51: 6 | AF51: 2254.4732 | AG51: =IFERROR(AF51/AE51,"") -> 375.74553 | AH51: =RANK(AG51, AG$27:AG$41) -> #N/A | AM51: =RANK(AL51, AL$27:AL$41) -> #N/A | AQ51: =IFERROR(AP51/AO51,"") | AR51: =RANK(AQ51, AQ$27:AQ$41) -> #VALUE! | AW51: =RANK(AV51, AV$27:AV$41) -> #N/A
C52: 6 | G52: =F52/E52 -> #DIV/0! | AE52: 6 | AF52: 2318.6441 | AG52: =IFERROR(AF52/AE52,"") -> 386.44068 | AH52: =RANK(AG52, AG$27:AG$41) -> #N/A | AM52: =RANK(AL52, AL$27:AL$41) -> #N/A | AQ52: =IFERROR(AP52/AO52,"") | AR52: =RANK(AQ52, AQ$27:AQ$41) -> #VALUE! | AW52: =RANK(AV52, AV$27:AV$41) -> #N/A
C53: 7 | G53: =F53/E53 -> #DIV/0! | AE53: 12 | AF53: 1533.5838 | AG53: =IFERROR(AF53/AE53,"") -> 127.79865 | AH53: =RANK(AG53, AG$27:AG$41) -> #N/A | AM53: =RANK(AL53, AL$27:AL$41) -> #N/A | AQ53: =IFERROR(AP53/AO53,"") | AR53: =RANK(AQ53, AQ$27:AQ$41) -> #VALUE! | AW53: =RANK(AV53, AV$27:AV$41) -> #N/A
C54: 8 | G54: =F54/E54 -> #DIV/0! | AE54: 17 | AF54: 3116.9006 | AG54: =IFERROR(AF54/AE54,"") -> 183.3471 | AH54: =RANK(AG54, AG$27:AG$41) -> #N/A | AM54: =RANK(AL54, AL$27:AL$41) -> #N/A | AQ54: =IFERROR(AP54/AO54,"") | AR54: =RANK(AQ54, AQ$27:AQ$41) -> #VALUE! | AW54: =RANK(AV54, AV$27:AV$41) -> #N/A
C55: 9 | G55: =F55/E55 -> #DIV/0! | AE55: 17 | AF55: 3119.7089 | AG55: =IFERROR(AF55/AE55,"") -> 183.51229 | AH55: =RANK(AG55, AG$27:AG$41) -> #N/A | AM55: =RANK(AL55, AL$27:AL$41) -> #N/A | AQ55: =IFERROR(AP55/AO55,"") | AR55: =RANK(AQ55, AQ$27:AQ$41) -> #VALUE! | AW55: =RANK(AV55, AV$27:AV$41) -> #N/A
C56: 10 | G56: =F56/E56 -> #DIV/0! | AE56: 11 | AF56: 3153.0292 | AG56: =IFERROR(AF56/AE56,"") -> 286.63902 | AH56: =RANK(AG56, AG$27:AG$41) -> #N/A | AM56: =RANK(AL56, AL$27:AL$41) -> #N/A | AQ56: =IFERROR(AP56/AO56,"") | AR56: =RANK(AQ56, AQ$27:AQ$41) -> #VALUE! | AW56: =RANK(AV56, AV$27:AV$41) -> #N/A
C57: 11
C58: 12
C59: 13
C60: 14
C61: 15
B62: 產線配置圖－每週更新(0217-0223) | N62: 資料繳交 | O62: 日期 | P62: =AT42+1 -> 46070 | U62: =P62+1 -> 46071 | Z62: =U62+1 -> 46072 | AE62: =Z62+1 -> 46073 | AJ62: =AE62+1 -> 46074 | AO62: =AJ62+1 -> 46075 | AT62: =AO62+1 -> 46076
P63: =P62 -> 46070 | U63: =U62 -> 46071 | Z63: =Z62 -> 46072 | AE63: =AE62 -> 46073 | AJ63: =AJ62 -> 46074 | AO63: =AO62 -> 46075 | AT63: =AT62 -> 46076
B64: 品群 | C64: 商品名稱 | E64: 計畫 | H64: 平均人時性 | I64: 實績 (週平均) | L64: 平均人時性 | M64: 排名 | O64: 日報 | P64: 實際 | T64: 平均人時性 | U64: 實際 | Y64: 平均人時性 | Z64: 實際 | AD64: 平均人時性 | AE64: 實際 | AI64: 平均人時性 | AJ64: 實際 | AN64: 平均人時性 | AO64: 實際 | AS64: 平均人時性 | AT64: 實際 | AX64: 平均人時性
E65: 產線配置圖 | I65: 產線配置圖 | P65: 生產實績 | U65: 生產實績 | Z65: 生產實績 | AE65: 生產實績 | AJ65: 生產實績 | AO65: 生產實績 | AT65: 生產實績
E66: 人數 | F66: 產能／時 | G66: 人時性 | I66: 人數 | J66: 產能／時 | K66: 人時性 | P66: 人數 | Q66: 產能／時 | R66: 人時性 | S66: 排名 | U66: 人數 | V66: 產能／時 | W66: 人時性 | X66: 排名 | Z66: 人數 | AA66: 產能／時 | AB66: 人時性 | AC66: 排名 | AE66: 人數 | AF66: 產能／時 | AG66: 人時性 | AH66: 排名 | AJ66: 人數 | AK66: 產能／時 | AL66: 人時性 | AM66: 排名 | AO66: 人數 | AP66: 產能／時 | AQ66: 人時性 | AR66: 排名 | AT66: 人數 | AU66: 產能／時 | AV66: 人時性 | AW66: 排名
B67: 18℃-壽司手卷 | C67: 1 | G67: =F67/E67 -> #DIV/0! | H67: =AVERAGE(G67:G81) -> #DIV/0! | L67: =IFERROR(AVERAGE(K67:K81),"-") -> - | S67: =RANK(R67, R$27:R$41) -> #N/A | T67: =AVERAGE(R67:R81) -> #DIV/0! | X67: =RANK(W67, W$27:W$41) -> #N/A | Y67: =AVERAGE(W67:W81) -> #DIV/0! | AD67: =AVERAGE(AB67:AB81) -> #DIV/0! | AE67: 17 | AF67: 3116.9399 | AG67: =IFERROR(AF67/AE67,"") -> 183.34941 | AH67: =RANK(AG67, AG$27:AG$41) -> #N/A | AI67: =AVERAGE(AG67:AG81) -> 258.32019 | AM67: =RANK(AL67, AL$27:AL$41) -> #N/A | AN67: =AVERAGE(AL67:AL81) -> #DIV/0! | AQ67: =IFERROR(AP67/AO67,"") | AR67: =RANK(AQ67, AQ$27:AQ$41) -> #VALUE! | AS67: =AVERAGE(AQ67:AQ81) -> #DIV/0! | AT67: 17 | AU67: 3117.7474 | AV67: =IFERROR(AU67/AT67,"") -> 183.39691 | AW67: =RANK(AV67, AV$27:AV$41) -> #N/A | AX67: =AVERAGE(AV67:AV81) -> 183.39691
C68: 2 | G68: =F68/E68 -> #DIV/0! | X68: =RANK(W68, W$27:W$41) -> #N/A | AE68: 17 | AF68: 3117.9819 | AG68: =IFERROR(AF68/AE68,"") -> 183.4107 | AH68: =RANK(AG68, AG$27:AG$41) -> #N/A | AM68: =RANK(AL68, AL$27:AL$41) -> #N/A | AQ68: =IFERROR(AP68/AO68,"") | AR68: =RANK(AQ68, AQ$27:AQ$41) -> #VALUE! | AW68: =RANK(AV68, AV$27:AV$41) -> #N/A
C69: 3 | G69: =F69/E69 -> #DIV/0! | X69: =RANK(W69, W$27:W$41) -> #N/A | AE69: 11 | AF69: 3152.2538 | AG69: =IFERROR(AF69/AE69,"") -> 286.56852 | AH69: =RANK(AG69, AG$27:AG$41) -> #N/A | AM69: =RANK(AL69, AL$27:AL$41) -> #N/A | AQ69: =IFERROR(AP69/AO69,"") | AR69: =RANK(AQ69, AQ$27:AQ$41) -> #VALUE! | AW69: =RANK(AV69, AV$27:AV$41) -> #N/A
C70: 4 | G70: =F70/E70 -> #DIV/0! | AE70: 6 | AF70: 2318.3402 | AG70: =IFERROR(AF70/AE70,"") -> 386.39004 | AH70: =RANK(AG70, AG$27:AG$41) -> #N/A | AM70: =RANK(AL70, AL$27:AL$41) -> #N/A | AQ70: =IFERROR(AP70/AO70,"") | AR70: =RANK(AQ70, AQ$27:AQ$41) -> #VALUE! | AW70: =RANK(AV70, AV$27:AV$41) -> #N/A
C71: 5 | G71: =F71/E71 -> #DIV/0! | AE71: 6 | AF71: 2254.4732 | AG71: =IFERROR(AF71/AE71,"") -> 375.74553 | AH71: =RANK(AG71, AG$27:AG$41) -> #N/A | AM71: =RANK(AL71, AL$27:AL$41) -> #N/A | AQ71: =IFERROR(AP71/AO71,"") | AR71: =RANK(AQ71, AQ$27:AQ$41) -> #VALUE! | AW71: =RANK(AV71, AV$27:AV$41) -> #N/A
C72: 6 | G72: =F72/E72 -> #DIV/0! | AE72: 6 | AF72: 2318.6441 | AG72: =IFERROR(AF72/AE72,"") -> 386.44068 | AH72: =RANK(AG72, AG$27:AG$41) -> #N/A | AM72: =RANK(AL72, AL$27:AL$41) -> #N/A | AQ72: =IFERROR(AP72/AO72,"") | AR72: =RANK(AQ72, AQ$27:AQ$41) -> #VALUE! | AW72: =RANK(AV72, AV$27:AV$41) -> #N/A
C73: 7 | G73: =F73/E73 -> #DIV/0! | AE73: 12 | AF73: 1533.5838 | AG73: =IFERROR(AF73/AE73,"") -> 127.79865 | AH73: =RANK(AG73, AG$27:AG$41) -> #N/A | AM73: =RANK(AL73, AL$27:AL$41) -> #N/A | AQ73: =IFERROR(AP73/AO73,"") | AR73: =RANK(AQ73, AQ$27:AQ$41) -> #VALUE! | AW73: =RANK(AV73, AV$27:AV$41) -> #N/A
C74: 8 | G74: =F74/E74 -> #DIV/0! | AE74: 17 | AF74: 3116.9006 | AG74: =IFERROR(AF74/AE74,"") -> 183.3471 | AH74: =RANK(AG74, AG$27:AG$41) -> #N/A | AM74: =RANK(AL74, AL$27:AL$41) -> #N/A | AQ74: =IFERROR(AP74/AO74,"") | AR74: =RANK(AQ74, AQ$27:AQ$41) -> #VALUE! | AW74: =RANK(AV74, AV$27:AV$41) -> #N/A
C75: 9 | G75: =F75/E75 -> #DIV/0! | AE75: 17 | AF75: 3119.7089 | AG75: =IFERROR(AF75/AE75,"") -> 183.51229 | AH75: =RANK(AG75, AG$27:AG$41) -> #N/A | AM75: =RANK(AL75, AL$27:AL$41) -> #N/A | AQ75: =IFERROR(AP75/AO75,"") | AR75: =RANK(AQ75, AQ$27:AQ$41) -> #VALUE! | AW75: =RANK(AV75, AV$27:AV$41) -> #N/A
C76: 10 | G76: =F76/E76 -> #DIV/0! | AE76: 11 | AF76: 3153.0292 | AG76: =IFERROR(AF76/AE76,"") -> 286.63902 | AH76: =RANK(AG76, AG$27:AG$41) -> #N/A | AM76: =RANK(AL76, AL$27:AL$41) -> #N/A | AQ76: =IFERROR(AP76/AO76,"") | AR76: =RANK(AQ76, AQ$27:AQ$41) -> #VALUE! | AW76: =RANK(AV76, AV$27:AV$41) -> #N/A
C77: 11
C78: 12
C79: 13
C80: 14
C81: 15
B82: 產線配置圖－每週更新(0224-0302) | N82: 資料繳交 | O82: 日期 | P82: =AT62+1 -> 46077 | U82: =P82+1 -> 46078 | Z82: =U82+1 -> 46079 | AE82: =Z82+1 -> 46080 | AJ82: =AE82+1 -> 46081 | AO82: =AJ82+1 -> 46082 | AT82: =AO82+1 -> 46083
P83: =P82 -> 46077 | U83: =U82 -> 46078 | Z83: =Z82 -> 46079 | AE83: =AE82 -> 46080 | AJ83: =AJ82 -> 46081 | AO83: =AO82 -> 46082 | AT83: =AT82 -> 46083
B84: 品群 | C84: 商品名稱 | E84: 計畫 | H84: 平均人時性 | I84: 實績 (週平均) | L84: 平均人時性 | M84: 排名 | O84: 日報 | P84: 實際 | T84: 平均人時性 | U84: 實際 | Y84: 平均人時性 | Z84: 實際 | AD84: 平均人時性 | AE84: 實際 | AI84: 平均人時性 | AJ84: 實際 | AN84: 平均人時性 | AO84: 實際 | AS84: 平均人時性 | AT84: 實際 | AX84: 平均人時性
E85: 產線配置圖 | I85: 產線配置圖 | P85: 生產實績 | U85: 生產實績 | Z85: 生產實績 | AE85: 生產實績 | AJ85: 生產實績 | AO85: 生產實績 | AT85: 生產實績
E86: 人數 | F86: 產能／時 | G86: 人時性 | I86: 人數 | J86: 產能／時 | K86: 人時性 | P86: 人數 | Q86: 產能／時 | R86: 人時性 | S86: 排名 | U86: 人數 | V86: 產能／時 | W86: 人時性 | X86: 排名 | Z86: 人數 | AA86: 產能／時 | AB86: 人時性 | AC86: 排名 | AE86: 人數 | AF86: 產能／時 | AG86: 人時性 | AH86: 排名 | AJ86: 人數 | AK86: 產能／時 | AL86: 人時性 | AM86: 排名 | AO86: 人數 | AP86: 產能／時 | AQ86: 人時性 | AR86: 排名 | AT86: 人數 | AU86: 產能／時 | AV86: 人時性 | AW86: 排名
B87: 18℃-壽司手卷 | C87: 1 | G87: =F87/E87 -> #DIV/0! | H87: =AVERAGE(G87:G101) -> #DIV/0! | L87: =IFERROR(AVERAGE(K87:K101),"-") -> - | S87: =RANK(R87, R$27:R$41) -> #N/A | T87: =AVERAGE(R87:R101) -> #DIV/0! | X87: =RANK(W87, W$27:W$41) -> #N/A | Y87: =AVERAGE(W87:W101) -> #DIV/0! | AD87: =AVERAGE(AB87:AB101) -> #DIV/0! | AE87: 17 | AF87: 3116.9399 | AG87: =IFERROR(AF87/AE87,"") -> 183.34941 | AH87: =RANK(AG87, AG$27:AG$41) -> #N/A | AI87: =AVERAGE(AG87:AG101) -> 258.32019 | AM87: =RANK(AL87, AL$27:AL$41) -> #N/A | AN87: =AVERAGE(AL87:AL101) -> #DIV/0! | AQ87: =IFERROR(AP87/AO87,"") | AR87: =RANK(AQ87, AQ$27:AQ$41) -> #VALUE! | AS87: =AVERAGE(AQ87:AQ101) -> #DIV/0! | AT87: 17 | AU87: 3117.7474 | AV87: =IFERROR(AU87/AT87,"") -> 183.39691 | AW87: =RANK(AV87, AV$27:AV$41) -> #N/A | AX87: =AVERAGE(AV87:AV101) -> 183.39691
C88: 2 | G88: =F88/E88 -> #DIV/0! | X88: =RANK(W88, W$27:W$41) -> #N/A | AE88: 17 | AF88: 3117.9819 | AG88: =IFERROR(AF88/AE88,"") -> 183.4107 | AH88: =RANK(AG88, AG$27:AG$41) -> #N/A | AM88: =RANK(AL88, AL$27:AL$41) -> #N/A | AQ88: =IFERROR(AP88/AO88,"") | AR88: =RANK(AQ88, AQ$27:AQ$41) -> #VALUE! | AW88: =RANK(AV88, AV$27:AV$41) -> #N/A
C89: 3 | G89: =F89/E89 -> #DIV/0! | X89: =RANK(W89, W$27:W$41) -> #N/A | AE89: 11 | AF89: 3152.2538 | AG89: =IFERROR(AF89/AE89,"") -> 286.56852 | AH89: =RANK(AG89, AG$27:AG$41) -> #N/A | AM89: =RANK(AL89, AL$27:AL$41) -> #N/A | AQ89: =IFERROR(AP89/AO89,"") | AR89: =RANK(AQ89, AQ$27:AQ$41) -> #VALUE! | AW89: =RANK(AV89, AV$27:AV$41) -> #N/A
C90: 4 | G90: =F90/E90 -> #DIV/0! | AE90: 6 | AF90: 2318.3402 | AG90: =IFERROR(AF90/AE90,"") -> 386.39004 | AH90: =RANK(AG90, AG$27:AG$41) -> #N/A | AM90: =RANK(AL90, AL$27:AL$41) -> #N/A | AQ90: =IFERROR(AP90/AO90,"") | AR90: =RANK(AQ90, AQ$27:AQ$41) -> #VALUE! | AW90: =RANK(AV90, AV$27:AV$41) -> #N/A
C91: 5 | G91: =F91/E91 -> #DIV/0! | AE91: 6 | AF91: 2254.4732 | AG91: =IFERROR(AF91/AE91,"") -> 375.74553 | AH91: =RANK(AG91, AG$27:AG$41) -> #N/A | AM91: =RANK(AL91, AL$27:AL$41) -> #N/A | AQ91: =IFERROR(AP91/AO91,"") | AR91: =RANK(AQ91, AQ$27:AQ$41) -> #VALUE! | AW91: =RANK(AV91, AV$27:AV$41) -> #N/A
C92: 6 | G92: =F92/E92 -> #DIV/0! | AE92: 6 | AF92: 2318.6441 | AG92: =IFERROR(AF92/AE92,"") -> 386.44068 | AH92: =RANK(AG92, AG$27:AG$41) -> #N/A | AM92: =RANK(AL92, AL$27:AL$41) -> #N/A | AQ92: =IFERROR(AP92/AO92,"") | AR92: =RANK(AQ92, AQ$27:AQ$41) -> #VALUE! | AW92: =RANK(AV92, AV$27:AV$41) -> #N/A
C93: 7 | G93: =F93/E93 -> #DIV/0! | AE93: 12 | AF93: 1533.5838 | AG93: =IFERROR(AF93/AE93,"") -> 127.79865 | AH93: =RANK(AG93, AG$27:AG$41) -> #N/A | AM93: =RANK(AL93, AL$27:AL$41) -> #N/A | AQ93: =IFERROR(AP93/AO93,"") | AR93: =RANK(AQ93, AQ$27:AQ$41) -> #VALUE! | AW93: =RANK(AV93, AV$27:AV$41) -> #N/A
C94: 8 | G94: =F94/E94 -> #DIV/0! | AE94: 17 | AF94: 3116.9006 | AG94: =IFERROR(AF94/AE94,"") -> 183.3471 | AH94: =RANK(AG94, AG$27:AG$41) -> #N/A | AM94: =RANK(AL94, AL$27:AL$41) -> #N/A | AQ94: =IFERROR(AP94/AO94,"") | AR94: =RANK(AQ94, AQ$27:AQ$41) -> #VALUE! | AW94: =RANK(AV94, AV$27:AV$41) -> #N/A
C95: 9 | G95: =F95/E95 -> #DIV/0! | AE95: 17 | AF95: 3119.7089 | AG95: =IFERROR(AF95/AE95,"") -> 183.51229 | AH95: =RANK(AG95, AG$27:AG$41) -> #N/A | AM95: =RANK(AL95, AL$27:AL$41) -> #N/A | AQ95: =IFERROR(AP95/AO95,"") | AR95: =RANK(AQ95, AQ$27:AQ$41) -> #VALUE! | AW95: =RANK(AV95, AV$27:AV$41) -> #N/A
C96: 10 | G96: =F96/E96 -> #DIV/0! | AE96: 11 | AF96: 3153.0292 | AG96: =IFERROR(AF96/AE96,"") -> 286.63902 | AH96: =RANK(AG96, AG$27:AG$41) -> #N/A | AM96: =RANK(AL96, AL$27:AL$41) -> #N/A | AQ96: =IFERROR(AP96/AO96,"") | AR96: =RANK(AQ96, AQ$27:AQ$41) -> #VALUE! | AW96: =RANK(AV96, AV$27:AV$41) -> #N/A
C97: 11
C98: 12
C99: 13
C100: 14
...

Sheet （５-3）品群別人時生產性(4℃-飯糰)
B1: 2月平均人時性 | C1: =AVERAGE(L27,L47,L67,L87) -> 258.45296
A2: 46024 | B2: 產線配置圖－每週更新(0127-0202) | N2: 資料繳交 | O2: 日期 | P2: 46049 | U2: =P2+1 -> 46050 | Z2: =U2+1 -> 46051 | AE2: =Z2+1 -> 46052 | AJ2: 46053 | AO2: =AJ2+1 -> 46054 | AT2: =AO2+1 -> 46055
P3: =P2 -> 46049 | U3: =U2 -> 46050 | Z3: =Z2 -> 46051 | AE3: =AE2 -> 46052 | AJ3: =AJ2 -> 46053 | AO3: =AO2 -> 46054 | AT3: =AT2 -> 46055
B4: 品群 | C4: 商品名稱 | E4: 計畫 | H4: 平均人時性 | I4: 實績 (週平均) | L4: 平均人時性 | M4: 排名 | O4: 日報 | P4: 實際 | T4: 平均人時性 | U4: 實際 | Y4: 平均人時性 | Z4: 實際 | AD4: 平均人時性 | AE4: 實際 | AI4: 平均人時性 | AJ4: 實際 | AN4: 平均人時性 | AO4: 實際 | AS4: 平均人時性 | AT4: 實際 | AX4: 平均人時性
E5: 產線配置圖 | I5: 產線配置圖 | P5: 生產實績 | U5: 生產實績 | Z5: 生產實績 | AE5: 生產實績 | AJ5: 生產實績 | AO5: 生產實績 | AT5: 生產實績
E6: 人數 | F6: 產能／時 | G6: 人時性 | I6: 人數 | J6: 產能／時 | K6: 人時性 | P6: 人數 | Q6: 產能／時 | R6: 人時性 | S6: 排名 | U6: 人數 | V6: 產能／時 | W6: 人時性 | X6: 排名 | Z6: 人數 | AA6: 產能／時 | AB6: 人時性 | AC6: 排名 | AE6: 人數 | AF6: 產能／時 | AG6: 人時性 | AH6: 排名 | AJ6: 人數 | AK6: 產能／時 | AL6: 人時性 | AM6: 排名 | AO6: 人數 | AP6: 產能／時 | AQ6: 人時性 | AR6: 排名 | AT6: 人數 | AU6: 產能／時 | AV6: 人時性 | AW6: 排名
B7: 4℃-飯糰 | C7: 1 | D7: 麻油雞飯糰 | E7: 21 | F7: 2790 | G7: =F7/E7 -> 132.85714 | H7: =AVERAGE(G7:G21) -> 288.57143 | I7: =AVERAGE(P7,U7,Z7,AE7,AJ7,AO7,AT7) -> 22.714286 | J7: =AVERAGE(Q7,V7,AA7,AF7,AK7,AP7,AU7) -> 2743.9601 | K7: =AVERAGE(R7,W7,AB7,AG7,AL7,AQ7,AV7) -> 120.77223 | L7: =IFERROR(AVERAGE(K7:K21),"-") -> 261.26621 | M7: =RANK(K7, K$7:$K$21) -> 2 | P7: 23 | Q7: 2787.6769 | R7: =IFERROR(Q7/P7,"") -> 121.20335 | S7: =RANK(R7, R$7:R$21) -> 2 | T7: =AVERAGE(R7:R21) -> 261.70581 | U7: 23 | V7: 2787.4505 | W7: =IFERROR(V7/U7,"") -> 121.1935 | X7: =RANK(W7, W$7:W$21) -> 3 | Y7: =AVERAGE(W7:W21) -> 261.88174 | Z7: 23 | AA7: 2787.6301 | AB7: =IFERROR(AA7/Z7,"") -> 121.20131 | AC7: =RANK(AB7, AB$7:AB$21) -> 2 | AD7: =AVERAGE(AB7:AB21) -> 261.7822 | AE7: 23 | AF7: 2784.7361 | AG7: =IFERROR(AF7/AE7,"") -> 121.07548 | AH7: =RANK(AG7, AG$7:AG$21) -> 3 | AI7: =AVERAGE(AG7:AG21) -> 261.51945 | AJ7: 23 | AK7: 2787.8359 | AL7: =IFERROR(AK7/AJ7,"") -> 121.21026 | AM7: =RANK(AL7, AL$7:AL$21) -> 2 | AN7: =AVERAGE(AL7:AL21) -> 261.36755 | AO7: 23 | AP7: 2788.0112 | AQ7: =IFERROR(AP7/AO7,"") -> 121.21788 | AR7: =RANK(AQ7, AQ$7:AQ$21) -> 2 | AS7: =AVERAGE(AQ7:AQ21) -> 261.29558 | AT7: 21 | AU7: 2484.3802 | AV7: =IFERROR(AU7/AT7,"") -> 118.30382 | AW7: =RANK(AV7, AV$7:AV$21) -> 2 | AX7: =AVERAGE(AV7:AV21) -> 259.31111
C8: 2 | D8: 韓素燒若飯糰 | E8: 21 | F8: 2790 | G8: =F8/E8 -> 132.85714 | I8: =AVERAGE(P8,U8,Z8,AE8,AJ8,AO8,AT8) -> 22.714286 | J8: =AVERAGE(Q8,V8,AA8,AF8,AK8,AP8,AU8) -> 2743.8302 | K8: =AVERAGE(R8,W8,AB8,AG8,AL8,AQ8,AV8) -> 120.76632 | M8: =RANK(K8, K$7:$K$21) -> 3 | P8: 23 | Q8: 2787.5 | R8: =IFERROR(Q8/P8,"") -> 121.19565 | S8: =RANK(R8, R$7:R$21) -> 3 | U8: 23 | V8: 2789.2913 | W8: =IFERROR(V8/U8,"") -> 121.27354 | X8: =RANK(W8, W$7:W$21) -> 2 | Z8: 23 | AA8: 2786.3415 | AB8: =IFERROR(AA8/Z8,"") -> 121.14528 | AC8: =RANK(AB8, AB$7:AB$21) -> 3 | AE8: 23 | AF8: 2784.9057 | AG8: =IFERROR(AF8/AE8,"") -> 121.08285 | AH8: =RANK(AG8, AG$7:AG$21) -> 2 | AJ8: 23 | AK8: 2787.0968 | AL8: =IFERROR(AK8/AJ8,"") -> 121.17812 | AM8: =RANK(AL8, AL$7:AL$21) -> 3 | AO8: 23 | AP8: 2787.7256 | AQ8: =IFERROR(AP8/AO8,"") -> 121.20546 | AR8: =RANK(AQ8, AQ$7:AQ$21) -> 3 | AT8: 21 | AU8: 2483.9506 | AV8: =IFERROR(AU8/AT8,"") -> 118.28336 | AW8: =RANK(AV8, AV$7:AV$21) -> 3
C9: 3 | D9: 和風牛肉咖哩炸飯糰 | E9: 6 | F9: 3600 | G9: =F9/E9 -> 600 | I9: =AVERAGE(P9,U9,Z9,AE9,AJ9,AO9,AT9) -> 6 | J9: =AVERAGE(Q9,V9,AA9,AF9,AK9,AP9,AU9) -> 3253.5604 | K9: =AVERAGE(R9,W9,AB9,AG9,AL9,AQ9,AV9) -> 542.26007 | M9: =RANK(K9, K$7:$K$21) -> 1 | P9: 6 | Q9: 3256.3107 | R9: =IFERROR(Q9/P9,"") -> 542.71845 | S9: =RANK(R9, R$7:R$21) -> 1 | U9: 6 | V9: 3259.069 | W9: =IFERROR(V9/U9,"") -> 543.17817 | X9: =RANK(W9, W$7:W$21) -> 1 | Z9: 6 | AA9: 3258 | AB9: =IFERROR(AA9/Z9,"") -> 543 | AC9: =RANK(AB9, AB$7:AB$21) -> 1 | AE9: 6 | AF9: 3254.4 | AG9: =IFERROR(AF9/AE9,"") -> 542.4 | AH9: =RANK(AG9, AG$7:AG$21) -> 1 | AJ9: 6 | AK9: 3250.2857 | AL9: =IFERROR(AK9/AJ9,"") -> 541.71429 | AM9: =RANK(AL9, AL$7:AL$21) -> 1 | AO9: 6 | AP9: 3248.7805 | AQ9: =IFERROR(AP9/AO9,"") -> 541.46341 | AR9: =RANK(AQ9, AQ$7:AQ$21) -> 1 | AT9: 6 | AU9: 3248.0769 | AV9: =IFERROR(AU9/AT9,"") -> 541.34615 | AW9: =RANK(AV9, AV$7:AV$21) -> 1
C10: 4
C11: 5
C12: 6
C13: 7
C14: 8
C15: 9
C16: 10
C17: 11
C18: 12
C19: 13
C20: 14
C21: 15
B22: 產線配置圖－每週更新(0203-0209) | N22: 資料繳交 | O22: 日期 | P22: 46056 | U22: =P22+1 -> 46057 | Z22: =U22+1 -> 46058 | AE22: =Z22+1 -> 46059 | AJ22: =AE22+1 -> 46060 | AO22: =AJ22+1 -> 46061 | AT22: =AO22+1 -> 46062
P23: =P22 -> 46056 | U23: =U22 -> 46057 | Z23: =Z22 -> 46058 | AE23: =AE22 -> 46059 | AJ23: =AJ22 -> 46060 | AO23: =AO22 -> 46061 | AT23: =AT22 -> 46062
B24: 品群 | C24: 商品名稱 | E24: 計畫 | H24: 平均人時性 | I24: 實績 (週平均) | L24: 平均人時性 | M24: 排名 | O24: 日報 | P24: 實際 | T24: 平均人時性 | U24: 實際 | Y24: 平均人時性 | Z24: 實際 | AD24: 平均人時性 | AE24: 實際 | AI24: 平均人時性 | AJ24: 實際 | AN24: 平均人時性 | AO24: 實際 | AS24: 平均人時性 | AT24: 實際 | AX24: 平均人時性
E25: 產線配置圖 | I25: 產線配置圖 | P25: 生產實績 | U25: 生產實績 | Z25: 生產實績 | AE25: 生產實績 | AJ25: 生產實績 | AO25: 生產實績 | AT25: 生產實績
E26: 人數 | F26: 產能／時 | G26: 人時性 | I26: 人數 | J26: 產能／時 | K26: 人時性 | P26: 人數 | Q26: 產能／時 | R26: 人時性 | S26: 排名 | U26: 人數 | V26: 產能／時 | W26: 人時性 | X26: 排名 | Z26: 人數 | AA26: 產能／時 | AB26: 人時性 | AC26: 排名 | AE26: 人數 | AF26: 產能／時 | AG26: 人時性 | AH26: 排名 | AJ26: 人數 | AK26: 產能／時 | AL26: 人時性 | AM26: 排名 | AO26: 人數 | AP26: 產能／時 | AQ26: 人時性 | AR26: 排名 | AT26: 人數 | AU26: 產能／時 | AV26: 人時性 | AW26: 排名
B27: 4℃-飯糰 | C27: 1 | D27: 麻油雞飯糰 | E27: 21 | F27: 2790 | G27: =F27/E27 -> 132.85714 | H27: =AVERAGE(G27:G41) -> 288.57143 | I27: =AVERAGE(P27,U27,Z27,AE27,AJ27,AO27,AT27) -> 21.285714 | J27: =AVERAGE(Q27,V27,AA27,AF27,AK27,AP27,AU27) -> 2491.1696 | K27: =AVERAGE(R27,W27,AB27,AG27,AL27,AQ27,AV27) -> 117.07519 | L27: =IFERROR(AVERAGE(K27:K41),"-") -> 258.45296 | M27: =RANK(K27, K$27:$K$41) -> 2 | P27: 21 | Q27: 2484.3054 | R27: =IFERROR(Q27/P27,"") -> 118.30026 | S27: =RANK(R27, R$27:R$41) -> 3 | T27: =AVERAGE(R27:R41) -> 259.41118 | U27: 21 | V27: 2484.2163 | W27: =IFERROR(V27/U27,"") -> 118.29601 | X27: =RANK(W27, W$27:W$41) -> 3 | Y27: =AVERAGE(W27:W41) -> 259.47288 | Z27: 21 | AA27: 2485.0996 | AB27: =IFERROR(AA27/Z27,"") -> 118.33808 | AC27: =RANK(AB27, AB$27:AB$41) -> 1 | AD27: =AVERAGE(AB27:AB41) -> 118.3321 | AE27: 22 | AF27: 2508.2768 | AG27: =IFERROR(AF27/AE27,"") -> 114.01258 | AH27: =RANK(AG27, AG$27:AG$41) -> 1 | AI27: =AVERAGE(AG27:AG41) -> 113.98681 | AJ27: 22 | AK27: 2510.6662 | AL27: =IFERROR(AK27/AJ27,"") -> 114.12119 | AM27: =RANK(AL27, AL$27:AL$41) -> 2 | AN27: =AVERAGE(AL27:AL41) -> 114.14639 | AO27: 21 | AP27: 2482.8947 | AQ27: =IFERROR(AP27/AO27,"") -> 118.23308 | AR27: =RANK(AQ27, AQ$27:AQ$41) -> 1 | AS27: =AVERAGE(AQ27:AQ41) -> 118.23308 | AT27: 21 | AU27: 2482.7279 | AV27: =IFERROR(AU27/AT27,"") -> 118.22514 | AW27: =RANK(AV27, AV$27:AV$41) -> 1 | AX27: =AVERAGE(AV27:AV41) -> 118.22514
C28: 2 | D28: 韓素燒若飯糰 | E28: 21 | F28: 2790 | G28: =F28/E28 -> 132.85714 | I28: =AVERAGE(P28,U28,Z28,AE28,AJ28,AO28,AT28) -> 21.4 | J28: =AVERAGE(Q28,V28,AA28,AF28,AK28,AP28,AU28) -> 2495.2576 | K28: =AVERAGE(R28,W28,AB28,AG28,AL28,AQ28,AV28) -> 116.6491 | M28: =RANK(K28, K$27:$K$41) -> 3 | P28: 21 | Q28: 2485.5652 | R28: =IFERROR(Q28/P28,"") -> 118.36025 | S28: =RANK(R28, R$27:R$41) -> 2 | U28: 21 | V28: 2486.9565 | W28: =IFERROR(V28/U28,"") -> 118.4265 | X28: =RANK(W28, W$27:W$41) -> 2 | Z28: 21 | AA28: 2484.8485 | AB28: =IFERROR(AA28/Z28,"") -> 118.32612 | AC28: =RANK(AB28, AB$27:AB$41) -> 2 | AE28: 22 | AF28: 2507.1429 | AG28: =IFERROR(AF28/AE28,"") -> 113.96104 | AH28: =RANK(AG28, AG$27:AG$41) -> 2 | AJ28: 22 | AK28: 2511.775 | AL28: =IFERROR(AK28/AJ28,"") -> 114.17159 | AM28: =RANK(AL28, AL$27:AL$41) -> 1
C29: 3 | D29: 和風牛肉咖哩炸飯糰 | E29: 6 | F29: 3600 | G29: =F29/E29 -> 600 | I29: =AVERAGE(P29,U29,Z29,AE29,AJ29,AO29,AT29) -> 6 | J29: =AVERAGE(Q29,V29,AA29,AF29,AK29,AP29,AU29) -> 3249.8074 | K29: =AVERAGE(R29,W29,AB29,AG29,AL29,AQ29,AV29) -> 541.63457 | M29: =RANK(K29, K$27:$K$41) -> 1 | P29: 6 | Q29: 3249.4382 | R29: =IFERROR(Q29/P29,"") -> 541.57303 | S29: =RANK(R29, R$27:R$41) -> 1 | U29: 6 | V29: 3250.1767 | W29: =IFERROR(V29/U29,"") -> 541.69611 | X29: =RANK(W29, W$27:W$41) -> 1
C30: 4
C31: 5
C32: 6
C33: 7
C34: 8
C35: 9
C36: 10
C37: 11
C38: 12
C39: 13
C40: 14
C41: 15
B42: 產線配置圖－每週更新(0210-0216) | N42: 資料繳交 | O42: 日期 | P42: =AT22+1 -> 46063 | U42: =P42+1 -> 46064 | Z42: =U42+1 -> 46065 | AE42: =Z42+1 -> 46066 | AJ42: =AE42+1 -> 46067 | AO42: =AJ42+1 -> 46068 | AT42: =AO42+1 -> 46069
P43: =P42 -> 46063 | U43: =U42 -> 46064 | Z43: =Z42 -> 46065 | AE43: =AE42 -> 46066 | AJ43: =AJ42 -> 46067 | AO43: =AO42 -> 46068 | AT43: =AT42 -> 46069
B44: 品群 | C44: 商品名稱 | E44: 計畫 | H44: 平均人時性 | I44: 實績 (週平均) | L44: 平均人時性 | M44: 排名 | O44: 日報 | P44: 實際 | T44: 平均人時性 | U44: 實際 | Y44: 平均人時性 | Z44: 實際 | AD44: 平均人時性 | AE44: 實際 | AI44: 平均人時性 | AJ44: 實際 | AN44: 平均人時性 | AO44: 實際 | AS44: 平均人時性 | AT44: 實際 | AX44: 平均人時性
E45: 產線配置圖 | I45: 產線配置圖 | P45: 生產實績 | U45: 生產實績 | Z45: 生產實績 | AE45: 生產實績 | AJ45: 生產實績 | AO45: 生產實績 | AT45: 生產實績
E46: 人數 | F46: 產能／時 | G46: 人時性 | I46: 人數 | J46: 產能／時 | K46: 人時性 | P46: 人數 | Q46: 產能／時 | R46: 人時性 | S46: 排名 | U46: 人數 | V46: 產能／時 | W46: 人時性 | X46: 排名 | Z46: 人數 | AA46: 產能／時 | AB46: 人時性 | AC46: 排名 | AE46: 人數 | AF46: 產能／時 | AG46: 人時性 | AH46: 排名 | AJ46: 人數 | AK46: 產能／時 | AL46: 人時性 | AM46: 排名 | AO46: 人數 | AP46: 產能／時 | AQ46: 人時性 | AR46: 排名 | AT46: 人數 | AU46: 產能／時 | AV46: 人時性 | AW46: 排名
B47: 4℃-飯糰 | C47: 1 | G47: =F47/E47 -> #DIV/0! | H47: =AVERAGE(G47:G61) -> #DIV/0! | L47: =IFERROR(AVERAGE(K47:K61),"-") -> - | S47: =RANK(R47, R$27:R$41) -> #N/A | T47: =AVERAGE(R47:R61) -> #DIV/0! | X47: =RANK(W47, W$27:W$41) -> #N/A | Y47: =AVERAGE(W47:W61) -> #DIV/0! | AD47: =AVERAGE(AB47:AB61) -> #DIV/0! | AE47: 17 | AF47: 3116.9399 | AG47: =IFERROR(AF47/AE47,"") -> 183.34941 | AH47: =RANK(AG47, AG$27:AG$41) -> #N/A | AI47: =AVERAGE(AG47:AG61) -> 258.32019 | AM47: =RANK(AL47, AL$27:AL$41) -> #N/A | AN47: =AVERAGE(AL47:AL61) -> #DIV/0! | AQ47: =IFERROR(AP47/AO47,"") | AR47: =RANK(AQ47, AQ$27:AQ$41) -> #VALUE! | AS47: =AVERAGE(AQ47:AQ61) -> #DIV/0! | AT47: 17 | AU47: 3117.7474 | AV47: =IFERROR(AU47/AT47,"") -> 183.39691 | AW47: =RANK(AV47, AV$27:AV$41) -> #N/A | AX47: =AVERAGE(AV47:AV61) -> 183.39691
C48: 2 | G48: =F48/E48 -> #DIV/0! | X48: =RANK(W48, W$27:W$41) -> #N/A | AE48: 17 | AF48: 3117.9819 | AG48: =IFERROR(AF48/AE48,"") -> 183.4107 | AH48: =RANK(AG48, AG$27:AG$41) -> #N/A | AM48: =RANK(AL48, AL$27:AL$41) -> #N/A | AQ48: =IFERROR(AP48/AO48,"") | AR48: =RANK(AQ48, AQ$27:AQ$41) -> #VALUE! | AW48: =RANK(AV48, AV$27:AV$41) -> #N/A
C49: 3 | G49: =F49/E49 -> #DIV/0! | X49: =RANK(W49, W$27:W$41) -> #N/A | AE49: 11 | AF49: 3152.2538 | AG49: =IFERROR(AF49/AE49,"") -> 286.56852 | AH49: =RANK(AG49, AG$27:AG$41) -> #N/A | AM49: =RANK(AL49, AL$27:AL$41) -> #N/A | AQ49: =IFERROR(AP49/AO49,"") | AR49: =RANK(AQ49, AQ$27:AQ$41) -> #VALUE! | AW49: =RANK(AV49, AV$27:AV$41) -> #N/A
C50: 4 | G50: =F50/E50 -> #DIV/0! | AE50: 6 | AF50: 2318.3402 | AG50: =IFERROR(AF50/AE50,"") -> 386.39004 | AH50: =RANK(AG50, AG$27:AG$41) -> #N/A | AM50: =RANK(AL50, AL$27:AL$41) -> #N/A | AQ50: =IFERROR(AP50/AO50,"") | AR50: =RANK(AQ50, AQ$27:AQ$41) -> #VALUE! | AW50: =RANK(AV50, AV$27:AV$41) -> #N/A
C51: 5 | G51: =F51/E51 -> #DIV/0! | AE51: 6 | AF51: 2254.4732 | AG51: =IFERROR(AF51/AE51,"") -> 375.74553 | AH51: =RANK(AG51, AG$27:AG$41) -> #N/A | AM51: =RANK(AL51, AL$27:AL$41) -> #N/A | AQ51: =IFERROR(AP51/AO51,"") | AR51: =RANK(AQ51, AQ$27:AQ$41) -> #VALUE! | AW51: =RANK(AV51, AV$27:AV$41) -> #N/A
C52: 6 | G52: =F52/E52 -> #DIV/0! | AE52: 6 | AF52: 2318.6441 | AG52: =IFERROR(AF52/AE52,"") -> 386.44068 | AH52: =RANK(AG52, AG$27:AG$41) -> #N/A | AM52: =RANK(AL52, AL$27:AL$41) -> #N/A | AQ52: =IFERROR(AP52/AO52,"") | AR52: =RANK(AQ52, AQ$27:AQ$41) -> #VALUE! | AW52: =RANK(AV52, AV$27:AV$41) -> #N/A
