Workbook

Sheet 生產管理報表(月)
A1: 大溪廠生產管理報表
A3: 月別 | B3: 1 | C3: 工廠 | D3: 大溪廠
A4: （１）收支狀況 | E4: ※單位：千元 | G4: （２）ＫＰＩ達成進度
A5: 項目 | B5: 當月 | C5: 前月 | D5: 差異 | E5: 累計 | G5: 項目 | H5: KPI | I5: 當月 | J5: 前月 | K5: 累計 | L5: ※補充
A6: 業績金額 | B6: ='（１）收支狀況'!H7/1000 -> 124565.13 | C6: 176732.06 | D6: =B6-C6 -> -52166.934 | G6: 人時性(個/月均) | I6: ='（２）ＫＰＩ達成進度'!H7 -> 455.63186 | J6: 414.41163 | L6: 個／MH
A7: 訂單數量 | B7: ='（１）收支狀況'!K7 -> 4065016 | C7: 5518274 | D7: =B7-C7 -> -1453258 | G7: 人時達成率(%/月均) | H7: 0.8 | I7: ='（２）ＫＰＩ達成進度'!K7 -> 0.91565889 | J7: 0.8328208 | L7: 達成率
A8: 材料費 | B8: ='（１）收支狀況'!N7/1000 -> 82084.889 | C8: 115112 | D8: =B8-C8 -> -33027.111 | G8: 半成品-報廢(%) | H8: 0.0025 | I8: ='（２）ＫＰＩ達成進度'!N7 -> 0.0024146726 | J8: 0.0024165598 | L8: 報廢率
A9: 材料費率 | B9: ='（１）收支狀況'!Q7 -> 0.65897167 | C9: 0.655 | D9: =B9-C9 -> 0.0039716697 | G9: 半成品-超用(%) | H9: 0.004 | I9: ='（２）ＫＰＩ達成進度'!Q7 -> 0.0056219258 | J9: 0.0061020274 | L9: 超用率
A10: 勞務成本 | B10: ='（１）收支狀況'!T7/1000 -> 20360.682 | C10: 25545 | D10: =B10-C10 -> -5184.3184 | G10: 固定產線-導入率(%) | H10: 0.8 | I10: ='（２）ＫＰＩ達成進度'!T7 -> 0.9 | J10: 0.9 | L10: 導入率
A11: 勞務費率 | B11: ='（１）收支狀況'!W7 -> 0.16345411 | C11: 0.145 | D11: =B11-C11 -> 0.018454108 | G11: 教育訓練-實施率(%) | H11: 1 | I11: ='（２）ＫＰＩ達成進度'!W7 -> 0.050295858 | J11: 0.97084367 | L11: 實施率
A13: （３）業績構成比 | E13: ※單位：千元 | G13: （４）訂單數量構成比 | K13: ※單位：個
B14: 當月 | C14: 比例 | D14: 前月 | E14: 差異 | H14: 當月 | I14: 比例 | J14: 前月 | K14: 差異
A15: 18℃-飯糰(061,063) | B15: =SUM('（３）業績構成比'!M9:M39)/1000 -> 45102.573 | C15: =IFERROR(B15/$B$6,"") -> 0.36208026 | D15: 0.30192713 | E15: =IFERROR(C15-D15,"") -> 0.060153126 | G15: 18℃-飯糰(061,063) | H15: =SUM('（４）訂單數量構成比'!M9:M39) -> 2383849 | I15: =IFERROR(H15/$B$7,"") -> 0.58643041 | J15: 0.51227449 | K15: =IFERROR(I15-J15,"") -> 0.07415592
A16: 18℃-壽司手卷(071,072,075,076) | B16: =SUM('（３）業績構成比'!S9:S39)/1000 -> 8699.9574 | C16: =IFERROR(B16/$B$6,"") -> 0.069842641 | D16: 0.069383438 | E16: =IFERROR(C16-D16,"") -> 0.0004592031 | G16: 18℃-壽司手卷(071,072,075,076) | H16: =SUM('（４）訂單數量構成比'!S9:S39) -> 332622 | I16: =IFERROR(H16/$B$7,"") -> 0.081825508 | J16: 0.086791268 | K16: =IFERROR(I16-J16,"") -> -0.0049657602
A17: 4℃-飯糰(065) | B17: =SUM('（３）業績構成比'!U9:U39)/1000 -> 2813.4367 | C17: =IFERROR(B17/$B$6,"") -> 0.022586071 | D17: 0.071182856 | E17: =IFERROR(C17-D17,"") -> -0.048596785 | G17: 4℃-飯糰(065) | H17: =SUM('（４）訂單數量構成比'!U9:U39) -> 102224 | I17: =IFERROR(H17/$B$7,"") -> 0.025147256 | J17: 0.076188859 | K17: =IFERROR(I17-J17,"") -> -0.051041603
A18: 4℃-壽司手卷(077) | B18: =SUM('（３）業績構成比'!W9:W39)/1000 -> 1103.1581 | C18: =IFERROR(B18/$B$6,"") -> 0.0088560754 | D18: 0.0038510891 | E18: =IFERROR(C18-D18,"") -> 0.0050049863 | G18: 4℃-壽司手卷(077) | H18: =SUM('（４）訂單數量構成比'!W9:W39) -> 41066 | I18: =IFERROR(H18/$B$7,"") -> 0.010102297 | J18: 0.0043462865 | K18: =IFERROR(I18-J18,"") -> 0.0057560107
A19: 主食(091,092,093,094,095) | B19: =SUM('（３）業績構成比'!AC9:AC39)/1000 -> 20245.102 | C19: =IFERROR(B19/$B$6,"") -> 0.16252624 | D19: 0.16662246 | E19: =IFERROR(C19-D19,"") -> -0.0040962155 | G19: 主食(091,092,093,094,095) | H19: =SUM('（４）訂單數量構成比'!AC9:AC39) -> 366142 | I19: =IFERROR(H19/$B$7,"") -> 0.090071478 | J19: 0.098131046 | K19: =IFERROR(I19-J19,"") -> -0.0080595679
A20: 便當(083) | B20: =SUM('（３）業績構成比'!AE9:AE39)/1000 -> 33638.465 | C20: =IFERROR(B20/$B$6,"") -> 0.27004721 | D20: 0.25124875 | E20: =IFERROR(C20-D20,"") -> 0.018798459 | G20: 便當(083) | H20: =SUM('（４）訂單數量構成比'!AE9:AE39) -> 555180 | I20: =IFERROR(H20/$B$7,"") -> 0.13657511 | J20: 0.13239085 | K20: =IFERROR(I20-J20,"") -> 0.0041842555
A21: 熱食義麵(122,123,124,126) | B21: =SUM('（３）業績構成比'!AG9:AG39)/1000 -> 3844.0851 | C21: =IFERROR(B21/$B$6,"") -> 0.030860043 | D21: 0.041820764 | E21: =IFERROR(C21-D21,"") -> -0.010960721 | G21: 熱食義麵(122,123,124,126) | H21: =SUM('（４）訂單數量構成比'!AG9:AG39) -> 67087 | I21: =IFERROR(H21/$B$7,"") -> 0.016503502 | J21: 0.023374881 | K21: =IFERROR(I21-J21,"") -> -0.0068713793
A22: 季節調理麵(111,112) | B22: =SUM('（３）業績構成比'!AI9:AI39)/1000 -> 4747.4174 | C22: =IFERROR(B22/$B$6,"") -> 0.03811193 | D22: 0.059874119 | E22: =IFERROR(C22-D22,"") -> -0.021762189 | G22: 季節調理麵(111,112) | H22: =SUM('（４）訂單數量構成比'!AI9:AI39) -> 83975 | I22: =IFERROR(H22/$B$7,"") -> 0.020657975 | J22: 0.035279872 | K22: =IFERROR(I22-J22,"") -> -0.014621897
A23: 微波小吃(153,154,155) | B23: =SUM('（３）業績構成比'!AK9:AK39)/1000 -> 4370.9319 | C23: =IFERROR(B23/$B$6,"") -> 0.035089531 | D23: 0.034089394 | E23: =IFERROR(C23-D23,"") -> 0.0010001367 | G23: 微波小吃(153,154,155) | H23: =SUM('（４）訂單數量構成比'!AK9:AK39) -> 132871 | I23: =IFERROR(H23/$B$7,"") -> 0.032686464 | J23: 0.031222444 | K23: =IFERROR(I23-J23,"") -> 0.0014640204
C24: =SUM(C15:C23) -> 1 | D24: =SUM(D15:D23) -> 1 | I24: =SUM(I15:I23) -> 1 | J24: =SUM(J15:J23) -> 1
A26: （５）品群別人時生產性
A27: 品群 | B27: 當月 | C27: 前月 | D27: 差異 | E27: 累計
A28: 18℃-飯A15:A23糰(061,063) | B28: ='（５-1）品群別人時生產性(18℃-飯糰)'!C1 -> 768.29724 | C28: 766.81397 | D28: =B28-C28 -> 1.4832628
A29: 18℃-壽司手卷(071,072,075,076) | B29: ='（５-2）品群別人時生產性(18℃-壽司手卷)'!C1 -> 273.6832 | C29: 270.9953 | D29: =B29-C29 -> 2.6878999
A30: 4℃-飯糰(065) | B30: ='（５-3）品群別人時生產性(4℃-飯糰)'!C1 -> 257.88553 | C30: 280.90267 | D30: =B30-C30 -> -23.017141
A31: 4℃-壽司手卷(077) | B31: ='（５-4）品群別人時生產性(4℃-壽司手卷)'!C1 -> 484.08871 | C31: 328.95494 | D31: =B31-C31 -> 155.13378
A32: 主食(091,092,093,094,095) | B32: ='（５-5）品群別人時生產性(微波主食) '!C1 -> 66.304812 | C32: 82.868901 | D32: =B32-C32 -> -16.564089
A33: 便當(083) | B33: ='（５-6）品群別人時生產性(便當)'!C1 -> 78.447634 | C33: 79.179969 | D33: =B33-C33 -> -0.73233515
A34: 熱食義麵(122,123,124,126) | B34: ='（５-7）品群別人時生產性(熱食義麵) '!C1 -> 77.084751 | C34: 78.41919 | D34: =B34-C34 -> -1.3344389
A35: 季節調理麵(111,112) | B35: ='（５-8）品群別人時生產性(季節調理麵) '!C1 -> 111.82979 | C35: 120.50217 | D35: =B35-C35 -> -8.6723765
A36: 微波小吃(153,154,155) | B36: ='（５-9）品群別人時生產性(微波小吃)'!C1 -> 76.091631 | C36: 75.986634 | D36: =B36-C36 -> 0.10499678

Sheet 生產管理報表(週) 
A1: 大溪廠生產管理報表
A3: 月別 | B3: 1 | C3: 週別 | D3: W4 | E3: 工廠 | F3: 大溪廠
A4: （１）收支狀況 | E4: ※單位：千元 | G4: （２）ＫＰＩ達成進度
A5: 項目 | B5: 當週 | C5: 前週 | D5: 差異 | E5: 累計 | G5: 項目 | H5: KPI | I5: 當週 | J5: 前週 | K5: 累計 | L5: ※補充
A6: 業績金額 | B6: ='（１）收支狀況'!G26/1000 -> 33925.348 | C6: 33161.159 | D6: =B6-C6 -> 764.18901 | E6: ='（１）收支狀況'!H7:H7/1000 -> 124565.13 | G6: 人時性(個/月均) | I6: ='（２）ＫＰＩ達成進度'!G26 -> 466.53938 | J6: 463.69602 | K6: ='（２）ＫＰＩ達成進度'!H7 -> 455.63186 | L6: 個／MH
A7: 訂單數量 | B7: ='（１）收支狀況'!J26 -> 1096366 | C7: 1095713 | D7: =B7-C7 -> 653 | E7: ='（１）收支狀況'!K7:K7 -> 4065016 | G7: 人時達成率(%/月均) | H7: 0.8 | I7: ='（２）ＫＰＩ達成進度'!J26 -> 0.93757914 | J7: 0.931865 | K7: ='（２）ＫＰＩ達成進度'!K7 -> 0.91565889 | L7: 達成率
A8: 材料費 | B8: ='（１）收支狀況'!M26/1000 -> 22388.797 | C8: 21779.479 | D8: =B8-C8 -> 609.31779 | E8: ='（１）收支狀況'!N7:N7/1000 -> 82084.889 | G8: 半成品-報廢(%) | H8: 0.0025 | I8: ='（２）ＫＰＩ達成進度'!M26 -> 0.0024189722 | J8: 0.0024117997 | K8: ='（２）ＫＰＩ達成進度'!N7 -> 0.0024146726 | L8: 報廢率
A9: 材料費率 | B9: ='（１）收支狀況'!P26 -> 0.65994302 | C9: 0.65677677 | D9: =B9-C9 -> 0.0031662521 | E9: ='（１）收支狀況'!Q7 -> 0.65897167 | G9: 半成品-超用(%) | H9: 0.004 | I9: ='（２）ＫＰＩ達成進度'!P26 -> 0.005650009 | J9: 0.0055709665 | K9: ='（２）ＫＰＩ達成進度'!Q7 -> 0.0056219258 | L9: 超用率
A10: 勞務成本 | B10: ='（１）收支狀況'!S26/1000 -> 5364.2808 | C10: 5508.0302 | D10: =B10-C10 -> -143.7494 | E10: ='（１）收支狀況'!T7/1000 -> 20360.682 | G10: 固定產線-導入率(%) | H10: 0.8 | I10: ='（２）ＫＰＩ達成進度'!S26 -> 0.9 | J10: 0.9 | K10: ='（２）ＫＰＩ達成進度'!T7 -> 0.9 | L10: 導入率
A11: 勞務費率 | B11: ='（１）收支狀況'!V26 -> 0.15812014 | C11: 0.16609885 | D11: =B11-C11 -> -0.007978704 | E11: ='（１）收支狀況'!W7 -> 0.16345411 | G11: 教育訓練-實施率(%) | H11: 1 | I11: =4/52*100% -> 0.076923077 | J11: 0.057692308 | K11: ='（２）ＫＰＩ達成進度'!W7 -> 0.050295858 | L11: 實施率
A13: （３）業績構成比 | E13: ※單位：千元 | G13: （４）訂單數量構成比 | K13: ※單位：個
B14: 當週 | C14: 比例 | D14: 前週 | E14: 差異 | H14: 當週 | I14: 比例 | J14: 前週 | K14: 差異
A15: 18℃-飯糰(061,063) | B15: =SUM('（３）業績構成比'!M28:M34)/1000 -> 12392.824 | C15: =IFERROR(B15/$B$6,"") -> 0.3652969 | D15: 0.37091571 | E15: =IFERROR(C15-D15,"") -> -0.0056188161 | G15: 18℃-飯糰(061,063) | H15: =SUM('（４）訂單數量構成比'!M28:M34) -> 646222 | I15: =IFERROR(H15/$B$7,"") -> 0.58942178 | J15: 0.59401869 | K15: =IFERROR(I15-J15,"") -> -0.0045969085
A16: 18℃-壽司手卷(071,072,075,076) | B16: =SUM('（３）業績構成比'!S28:S34)/1000 -> 2205.21 | C16: =IFERROR(B16/$B$6,"") -> 0.06500184 | D16: 0.068935667 | E16: =IFERROR(C16-D16,"") -> -0.003933827 | G16: 18℃-壽司手卷(071,072,075,076) | H16: =SUM('（４）訂單數量構成比'!S28:S34) -> 84818 | I16: =IFERROR(H16/$B$7,"") -> 0.077362851 | J16: 0.079900485 | K16: =IFERROR(I16-J16,"") -> -0.0025376334
A17: 4℃-飯糰(065) | B17: =SUM('（３）業績構成比'!U28:U34)/1000 -> 700.7761 | C17: =IFERROR(B17/$B$6,"") -> 0.020656416 | D17: 0.022900897 | E17: =IFERROR(C17-D17,"") -> -0.0022444814 | G17: 4℃-飯糰(065) | H17: =SUM('（４）訂單數量構成比'!U28:U34) -> 25204 | I17: =IFERROR(H17/$B$7,"") -> 0.022988673 | J17: 0.025072259 | K17: =IFERROR(I17-J17,"") -> -0.0020835854
A18: 4℃-壽司手卷(077) | B18: =SUM('（３）業績構成比'!W28:W34)/1000 -> 313.21195 | C18: =IFERROR(B18/$B$6,"") -> 0.0092323872 | D18: 0.011511347 | E18: =IFERROR(C18-D18,"") -> -0.0022789595 | G18: 4℃-壽司手卷(077) | H18: =SUM('（４）訂單數量構成比'!W28:W34) -> 11579 | I18: =IFERROR(H18/$B$7,"") -> 0.010561254 | J18: 0.012879285 | K18: =IFERROR(I18-J18,"") -> -0.0023180308
A19: 主食(091,092,093,094,095) | B19: =SUM('（３）業績構成比'!AC28:AC34)/1000 -> 4980.529 | C19: =IFERROR(B19/$B$6,"") -> 0.14680849 | D19: 0.1610725 | E19: =IFERROR(C19-D19,"") -> -0.014264017 | G19: 主食(091,092,093,094,095) | H19: =SUM('（４）訂單數量構成比'!AC28:AC34) -> 89863 | I19: =IFERROR(H19/$B$7,"") -> 0.081964417 | J19: 0.087874288 | K19: =IFERROR(I19-J19,"") -> -0.0059098713
A20: 便當(083) | B20: =SUM('（３）業績構成比'!AE28:AE34)/1000 -> 9446.4542 | C20: =IFERROR(B20/$B$6,"") -> 0.27844826 | D20: 0.26471905 | E20: =IFERROR(C20-D20,"") -> 0.013729215 | G20: 便當(083) | H20: =SUM('（４）訂單數量構成比'!AE28:AE34) -> 155708 | I20: =IFERROR(H20/$B$7,"") -> 0.14202192 | J20: 0.13280941 | K20: =IFERROR(I20-J20,"") -> 0.0092125034
A21: 熱食義麵(122,123,124,126) | B21: =SUM('（３）業績構成比'!AG28:AG34)/1000 -> 614.4279 | C21: =IFERROR(B21/$B$6,"") -> 0.018111175 | D21: 0.032623226 | E21: =IFERROR(C21-D21,"") -> -0.014512052 | G21: 熱食義麵(122,123,124,126) | H21: =SUM('（４）訂單數量構成比'!AG28:AG34) -> 10723 | I21: =IFERROR(H21/$B$7,"") -> 0.009780493 | J21: 0.017230789 | K21: =IFERROR(I21-J21,"") -> -0.0074502964
A22: 季節調理麵(111,112) | B22: =SUM('（３）業績構成比'!AI28:AI34)/1000 -> 2092.1062 | C22: =IFERROR(B22/$B$6,"") -> 0.061667936 | D22: 0.03365954 | E22: =IFERROR(C22-D22,"") -> 0.028008396 | G22: 季節調理麵(111,112) | H22: =SUM('（４）訂單數量構成比'!AI28:AI34) -> 37184 | I22: =IFERROR(H22/$B$7,"") -> 0.033915681 | J22: 0.01834787 | K22: =IFERROR(I22-J22,"") -> 0.015567811
A23: 微波小吃(153,154,155) | B23: =SUM('（３）業績構成比'!AK28:AK34)/1000 -> 1179.8083 | C23: =IFERROR(B23/$B$6,"") -> 0.0347766 | D23: 0.033662058 | E23: =IFERROR(C23-D23,"") -> 0.0011145426 | G23: 微波小吃(153,154,155) | H23: =SUM('（４）訂單數量構成比'!AK28:AK34) -> 35065 | I23: =IFERROR(H23/$B$7,"") -> 0.031982933 | J23: 0.031866921 | K23: =IFERROR(I23-J23,"") -> 0.00011601135
C24: =SUM(C15:C23) -> 1 | D24: =SUM(D15:D23) -> 1 | I24: =SUM(I15:I23) -> 1 | J24: =SUM(J15:J23) -> 1
A26: （５）品群別人時生產性
A27: 品群 | B27: 當週 | C27: 前週 | D27: 差異 | E27: 累計
A28: 18℃-飯糰(061,063) | B28: ='（５-1）品群別人時生產性(18℃-飯糰)'!L121 -> 761.81358 | C28: 766.73953 | D28: =B28-C28 -> -4.9259596 | E28: ='（５-1）品群別人時生產性(18℃-飯糰)'!C1 -> 768.29724
A29: 18℃-壽司手卷(071,072,075,076) | B29: ='（５-2）品群別人時生產性(18℃-壽司手卷)'!L67 -> 289.20848 | C29: 288.95733 | D29: =B29-C29 -> 0.25115204 | E29: ='（５-2）品群別人時生產性(18℃-壽司手卷)'!C1 -> 273.6832
A30: 4℃-飯糰(065) | B30: ='（５-3）品群別人時生產性(4℃-飯糰)'!L67 -> 257.79938 | C30: 257.84825 | D30: =B30-C30 -> -0.048871037 | E30: ='（５-3）品群別人時生產性(4℃-飯糰)'!C1 -> 257.88553
A31: 4℃-壽司手卷(077) | B31: ='（５-4）品群別人時生產性(4℃-壽司手卷)'!L67 -> 491.07965 | C31: 491.07408 | D31: =B31-C31 -> 0.0055669247 | E31: ='（５-4）品群別人時生產性(4℃-壽司手卷)'!C1 -> 484.08871
A32: 主食(091,092,093,094,095) | B32: ='（５-5）品群別人時生產性(微波主食) '!L67 -> 81.692631 | C32: 81.63893 | D32: =B32-C32 -> 0.053701137 | E32: ='（５-5）品群別人時生產性(微波主食) '!C1 -> 66.304812
A33: 便當(083) | B33: ='（５-6）品群別人時生產性(便當)'!L67 -> 77.332946 | C33: 78.073513 | D33: =B33-C33 -> -0.74056654 | E33: ='（５-6）品群別人時生產性(便當)'!C1 -> 78.447634
A34: 熱食義麵(122,123,124,126) | B34: ='（５-7）品群別人時生產性(熱食義麵) '!L67 -> 72.724655 | C34: 78.618786 | D34: =B34-C34 -> -5.8941308 | E34: ='（５-7）品群別人時生產性(熱食義麵) '!C1 -> 77.084751
A35: 季節調理麵(111,112) | B35: ='（５-8）品群別人時生產性(季節調理麵) '!L67 -> 105.82456 | C35: 114.01378 | D35: =B35-C35 -> -8.1892201 | E35: ='（５-8）品群別人時生產性(季節調理麵) '!C1 -> 111.82979
A36: 微波小吃(153,154,155) | B36: ='（５-9）品群別人時生產性(微波小吃)'!L67 -> 76.183774 | C36: 76.118817 | D36: =B36-C36 -> 0.064957497 | E36: ='（５-9）品群別人時生產性(微波小吃)'!C1 -> 76.091631

Sheet （１）收支狀況
B2: （１）收支狀況
B3: 資料繳交日 | C3: 月份 | D3: 日期 | F3: 營業額(元) | I3: 訂單數量(個) | L3: 材料費(元) | O3: 材料費率（材料費／營業額） | R3: 勞務成本（全廠人事成本） | U3: 勞務費率（勞務成本／營業額）
F4: 日 | G4: 週累積 | H4: 月累積 | I4: 日 | J4: 週累積 | K4: 月累積 | L4: 日 | M4: 週累積 | N4: 月累積 | O4: 日 | P4: 週累積 | Q4: 月累積 | R4: 日 | S4: 週累積 | T4: 月累積 | U4: 日 | V4: 週累積 | W4: 月累積
B5: 46029 | D5: 46021 | E5: 二 | F5: 4991542.2 | G5: =SUM(F5:F11) -> 32267367 | I5: 160010 | J5: =SUM(I5:I11) -> 1040875 | L5: 3281758.9 | M5: =SUM(L5:L11) -> 21329815 | O5: =L5/F5 -> 0.65746392 | P5: =M5/G5 -> 0.66103366 | R5: 770189.23 | S5: =SUM(R5:R11) -> 5432548.6 | U5: =R5/F5 -> 0.15429885 | V5: =S5/G5 -> 0.16836046
D6: =D5+1 -> 46022 | E6: 三 | F6: 3992684.9 | I6: 129015 | L6: 2620930.1 | O6: =L6/F6 -> 0.65643299 | R6: 763301.32 | U6: =R6/F6 -> 0.19117495
C7: 一 | D7: =D6+1 -> 46023 | E7: 四 | F7: 4613445.5 | H7: =SUM(F7:F37) -> 1.2456513e+08 | I7: 149358 | K7: =SUM(I7:I37) -> 4065016 | L7: 3122113.5 | N7: =SUM(L7:L37) -> 82084889 | O7: =L7/F7 -> 0.67674227 | Q7: =N7/H7 -> 0.65897167 | R7: 779524.36 | T7: =SUM(R7:R37) -> 20360682 | U7: =R7/F7 -> 0.16896794 | W7: =T7/H7 -> 0.16345411
D8: =D7+1 -> 46024 | E8: 五 | F8: 3838107.8 | I8: 127084 | L8: 2500863.6 | O8: =L8/F8 -> 0.65158763 | R8: 719210.93 | U8: =R8/F8 -> 0.18738685
D9: =D8+1 -> 46025 | E9: 六 | F9: 4182799.2 | I9: 134835 | L9: 2821621.5 | O9: =L9/F9 -> 0.67457732 | R9: 749294.21 | U9: =R9/F9 -> 0.17913703
D10: =D9+1 -> 46026 | E10: 日 | F10: 5433229 | I10: 171722 | L10: 3522300.7 | O10: =L10/F10 -> 0.64828866 | R10: 834523.13 | U10: =R10/F10 -> 0.15359616
D11: =D10+1 -> 46027 | E11: 一 | F11: 5215558.1 | I11: 168851 | L11: 3460227 | O11: =L11/F11 -> 0.6634433 | R11: 816505.38 | U11: =R11/F11 -> 0.15655187
B12: =B5+7 -> 46036 | D12: =D11+1 -> 46028 | E12: 二 | F12: 5249227.5 | G12: =SUM(F12:F18) -> 34195480 | I12: 174288 | J12: =SUM(I12:I18) -> 1121087 | L12: 3378121.4 | M12: =SUM(L12:L18) -> 22489488 | O12: =L12/F12 -> 0.64354639 | P12: =M12/G12 -> 0.65767428 | R12: 823625.84 | S12: =SUM(R12:R18) -> 5589312.6 | U12: =R12/F12 -> 0.1569042 | V12: =S12/G12 -> 0.16345179
D13: =D12+1 -> 46029 | E13: 三 | F13: 5156925.3 | I13: 171001 | L13: 3445251.4 | O13: =L13/F13 -> 0.66808247 | R13: 816957.91 | U13: =R13/F13 -> 0.15841957
D14: =D13+1 -> 46030 | E14: 四 | F14: 4787771.4 | I14: 156400 | L14: 3160620.1 | O14: =L14/F14 -> 0.66014433 | R14: 806511.29 | U14: =R14/F14 -> 0.16845234
D15: =D14+1 -> 46031 | E15: 五 | F15: 3992298.3 | I15: 132095 | L15: 2592277.5 | O15: =L15/F15 -> 0.64931959 | R15: 748811.7 | U15: =R15/F15 -> 0.18756407
D16: =D15+1 -> 46032 | E16: 六 | F16: 4224538.2 | I16: 138394 | L16: 2721735 | O16: =L16/F16 -> 0.64426804 | R16: 759551.91 | U16: =R16/F16 -> 0.17979525
D17: =D16+1 -> 46033 | E17: 日 | F17: 5539416.9 | I17: 178077 | L17: 3719632.8 | O17: =L17/F17 -> 0.67148454 | R17: 833013.1 | U17: =R17/F17 -> 0.1503792
D18: =D17+1 -> 46034 | E18: 一 | F18: 5245302.3 | I18: 170832 | L18: 3471849.4 | O18: =L18/F18 -> 0.66189691 | R18: 800840.82 | U18: =R18/F18 -> 0.15267772
B19: =B12+7 -> 46043 | D19: =D18+1 -> 46035 | E19: 二 | F19: 5099657 | G19: =SUM(F19:F25) -> 33161159 | I19: 169120 | J19: =SUM(I19:I25) -> 1095713 | L19: 3379653.1 | M19: =SUM(L19:L25) -> 21779479 | O19: =L19/F19 -> 0.66272165 | P19: =M19/G19 -> 0.65677677 | R19: 815995.46 | S19: =SUM(R19:R25) -> 5508030.2 | U19: =R19/F19 -> 0.16000987 | V19: =S19/G19 -> 0.16609885
D20: =D19+1 -> 46036 | E20: 三 | F20: 4896820.7 | I20: 162179 | L20: 3228569.8 | O20: =L20/F20 -> 0.65931959 | R20: 800688.75 | U20: =R20/F20 -> 0.16351196
D21: =D20+1 -> 46037 | E21: 四 | F21: 4477044.2 | I21: 149377 | L21: 2975803.6 | O21: =L21/F21 -> 0.66468041 | R21: 770496.8 | U21: =R21/F21 -> 0.17209944
D22: =D21+1 -> 46038 | E22: 五 | F22: 3898014.1 | I22: 131262 | L22: 2466357.9 | O22: =L22/F22 -> 0.63272165 | R22: 752479.98 | U22: =R22/F22 -> 0.19304188
D23: =D22+1 -> 46039 | E23: 六 | F23: 4192072.2 | I23: 138888 | L23: 2862018.5 | O23: =L23/F23 -> 0.68272165 | R23: 746099.49 | U23: =R23/F23 -> 0.17797868
D24: =D23+1 -> 46040 | E24: 日 | F24: 5422198.4 | I24: 175701 | L24: 3585582.4 | O24: =L24/F24 -> 0.66127835 | R24: 820754.13 | U24: =R24/F24 -> 0.15136925
D25: =D24+1 -> 46041 | E25: 一 | F25: 5175352.3 | I25: 169186 | L25: 3281493.5 | O25: =L25/F25 -> 0.63406186 | R25: 801515.61 | U25: =R25/F25 -> 0.1548717
B26: =B19+7 -> 46050 | D26: =D25+1 -> 46042 | E26: 二 | F26: 5709399.8 | G26: =SUM(F26:F32) -> 33925348 | I26: 181180 | J26: =SUM(I26:I32) -> 1096366 | L26: 3774913.9 | M26: =SUM(L26:L32) -> 22388797 | O26: =L26/F26 -> 0.66117526 | P26: =M26/G26 -> 0.65994302 | R26: 835978.46 | S26: =SUM(R26:R32) -> 5364280.8 | U26: =R26/F26 -> 0.14642142 | V26: =S26/G26 -> 0.15812014
D27: =D26+1 -> 46043 | E27: 三 | F27: 5079869.2 | I27: 167291 | L27: 3360778.6 | O27: =L27/F27 -> 0.66158763 | R27: 789425.39 | U27: =R27/F27 -> 0.1554027
D28: =D27+1 -> 46044 | E28: 四 | F28: 4686919.8 | I28: 153715 | L28: 3092110.8 | O28: =L28/F28 -> 0.65973196 | R28: 748901.32 | U28: =R28/F28 -> 0.15978539
D29: =D28+1 -> 46045 | E29: 五 | F29: 3890561.4 | I29: 127797 | L29: 2523811.2 | O29: =L29/F29 -> 0.64870103 | R29: 703121.61 | U29: =R29/F29 -> 0.18072497
D30: =D29+1 -> 46046 | E30: 六 | F30: 4094540 | I30: 133316 | L30: 2783189.7 | O30: =L30/F30 -> 0.67973196 | R30: 717320.73 | U30: =R30/F30 -> 0.17518958
D31: =D30+1 -> 46047 | E31: 日 | F31: 5451395.5 | I31: 171924 | L31: 3585219.8 | O31: =L31/F31 -> 0.6576701 | R31: 809541.44 | U31: =R31/F31 -> 0.14850169
D32: =D31+1 -> 46048 | E32: 一 | F32: 5012662.3 | I32: 161143 | L32: 3268772.6 | O32: =L32/F32 -> 0.65210309 | R32: 759991.89 | U32: =R32/F32 -> 0.15161442
B33: =B26+7 -> 46057 | D33: =D32+1 -> 46049 | E33: 二 | G33: =SUM(F33:F39) -> 0 | J33: =SUM(I33:I39) -> 0 | M33: =SUM(L33:L39) -> 0 | O33: =L33/F33 -> #DIV/0! | P33: =M33/G33 -> #DIV/0! | S33: =SUM(R33:R39) -> 0 | U33: =R33/F33 -> #DIV/0! | V33: =S33/G33 -> #DIV/0!
D34: =D33+1 -> 46050 | E34: 三 | O34: =L34/F34 -> #DIV/0! | U34: =R34/F34 -> #DIV/0!
D35: =D34+1 -> 46051 | E35: 四 | O35: =L35/F35 -> #DIV/0! | U35: =R35/F35 -> #DIV/0!
D36: =D35+1 -> 46052 | E36: 五 | O36: =L36/F36 -> #DIV/0! | U36: =R36/F36 -> #DIV/0!
D37: =D36+1 -> 46053 | E37: 六 | O37: =L37/F37 -> #DIV/0! | U37: =R37/F37 -> #DIV/0!
D38: =D37+1 -> 46054 | E38: 日 | O38: =L38/F38 -> #DIV/0! | U38: =R38/F38 -> #DIV/0!
D39: =D38+1 -> 46055 | E39: 一 | O39: =L39/F39 -> #DIV/0! | U39: =R39/F39 -> #DIV/0!
B40: =B33+7 -> 46064 | D40: =D39+1 -> 46056 | E40: 二 | G40: =SUM(F40:F46) -> 0 | J40: =SUM(I40:I46) -> 0 | M40: =SUM(L40:L46) -> 0 | O40: =L40/F40 -> #DIV/0! | P40: =M40/G40 -> #DIV/0! | S40: =SUM(R40:R46) -> 0 | U40: =R40/F40 -> #DIV/0! | V40: =S40/G40 -> #DIV/0!
D41: =D40+1 -> 46057 | E41: 三 | O41: =L41/F41 -> #DIV/0! | U41: =R41/F41 -> #DIV/0!
D42: =D41+1 -> 46058 | E42: 四 | O42: =L42/F42 -> #DIV/0! | U42: =R42/F42 -> #DIV/0!
D43: =D42+1 -> 46059 | E43: 五 | O43: =L43/F43 -> #DIV/0! | U43: =R43/F43 -> #DIV/0!
D44: =D43+1 -> 46060 | E44: 六 | O44: =L44/F44 -> #DIV/0! | U44: =R44/F44 -> #DIV/0!
D45: =D44+1 -> 46061 | E45: 日 | O45: =L45/F45 -> #DIV/0! | U45: =R45/F45 -> #DIV/0!
D46: =D45+1 -> 46062 | E46: 一 | O46: =L46/F46 -> #DIV/0! | U46: =R46/F46 -> #DIV/0!

Sheet （２）ＫＰＩ達成進度
B1: 人時生產性基準值 | C1: 497.6
B2: （２）ＫＰＩ達成進度
B3: 資料繳交日 | C3: 月份 | D3: 日期 | F3: 人時生產性(個/人) | I3: 人時生產性達成率(%) | L3: 半成品報廢(%) | O3: 半成品超用(%) | R3: 固定產線-導入率(固定產線數/總產線數) | U3: 教育訓練-實施率(進度/計畫)
F4: 日 | G4: 週平均 | H4: 月平均 | I4: 日 | J4: 週平均 | K4: 月平均 | L4: 日 | M4: 週平均 | N4: 月平均 | O4: 日 | P4: 週平均 | Q4: 月平均 | R4: 日 | S4: 週平均 | T4: 月平均 | U4: 日 | V4: 週平均 | W4: 月平均
B5: 46029 | D5: 46021 | E5: 二 | F5: 440.60228 | G5: =AVERAGE(F5:F11) -> 447.97015 | I5: =F5/$C$1 -> 0.88545475 | J5: =AVERAGE(I5:I11) -> 0.90026155 | L5: 0.0024159468 | M5: =AVERAGE(L5:L11) -> 0.0024173357 | O5: 0.0058219496 | P5: =AVERAGE(O5:O11) -> 0.0057340977 | R5: 0.9 | S5: =AVERAGE(R5:R11) -> 0.9 | U5: =52/52*100% -> 1 | V5: =AVERAGE(U5:U11) -> 0.29945055
D6: 46022 | E6: 三 | F6: 440.80433 | I6: =F6/$C$1 -> 0.88586079 | L6: 0.0024122386 | O6: 0.0058017357 | R6: 0.9 | U6: =52/52*100% -> 1
C7: 一 | D7: =D6+1 -> 46023 | E7: 四 | F7: 440.8693 | H7: =AVERAGEIF(F7:F37,"<>0") -> 455.63186 | I7: =F7/$C$1 -> 0.88599135 | K7: =AVERAGEIF(I7:I37,"<>0") -> 0.91565889 | L7: 0.0024220732 | N7: =AVERAGEIF(L7:L37,"<>0") -> 0.0024146726 | O7: 0.005872848 | Q7: =AVERAGEIF(O7:O37,"<>0") -> 0.0056219258 | R7: 0.9 | T7: =AVERAGEIF(R7:R37,"<>0") -> 0.9 | U7: =1/52*100% -> 0.019230769 | W7: =AVERAGEIF(U7:U37,"<>0") -> 0.050295858
D8: =D7+1 -> 46024 | E8: 五 | F8: 463.40281 | I8: =F8/$C$1 -> 0.93127575 | L8: 0.0024156114 | O8: 0.0056425943 | R8: 0.9 | U8: =1/52*100% -> 0.019230769
D9: =D8+1 -> 46025 | E9: 六 | F9: 463.53185 | I9: =F9/$C$1 -> 0.93153507 | L9: 0.0024240751 | O9: 0.0058074651 | R9: 0.9 | U9: =1/52*100% -> 0.019230769
D10: =D9+1 -> 46026 | E10: 日 | F10: 442.23485 | I10: =F10/$C$1 -> 0.88873563 | L10: 0.0024174926 | O10: 0.0055999118 | R10: 0.9 | U10: =1/52*100% -> 0.019230769
D11: =D10+1 -> 46027 | E11: 一 | F11: 444.3456 | I11: =F11/$C$1 -> 0.89297749 | L11: 0.0024139122 | O11: 0.0055921795 | R11: 0.9 | U11: =1/52*100% -> 0.019230769
B12: =B5+7 -> 46036 | D12: =D11+1 -> 46028 | E12: 二 | F12: 440.89877 | G12: =AVERAGE(F12:F18) -> 440.0566 | I12: =F12/$C$1 -> 0.88605058 | J12: =AVERAGE(I12:I18) -> 0.88435812 | L12: 0.0024139636 | M12: =AVERAGE(L12:L18) -> 0.0024104171 | O12: 0.0055846081 | P12: =AVERAGE(O12:O18) -> 0.0055868919 | R12: 0.9 | S12: =AVERAGE(R12:R18) -> 0.9 | U12: =2/52*100% -> 0.038461538 | V12: =AVERAGE(U12:U18) -> 0.038461538
D13: =D12+1 -> 46029 | E13: 三 | F13: 441.45466 | I13: =F13/$C$1 -> 0.88716772 | L13: 0.0024075363 | O13: 0.0056016447 | R13: 0.9 | U13: =2/52*100% -> 0.038461538
D14: =D13+1 -> 46030 | E14: 四 | F14: 438.9474 | I14: =F14/$C$1 -> 0.88212902 | L14: 0.0024079022 | O14: 0.0055576109 | R14: 0.9 | U14: =2/52*100% -> 0.038461538
D15: =D14+1 -> 46031 | E15: 五 | F15: 437.5021 | I15: =F15/$C$1 -> 0.87922448 | L15: 0.0024035889 | O15: 0.0055400322 | R15: 0.9 | U15: =2/52*100% -> 0.038461538
D16: =D15+1 -> 46032 | E16: 六 | F16: 439.86336 | I16: =F16/$C$1 -> 0.88396977 | L16: 0.0024198592 | O16: 0.0056553493 | R16: 0.9 | U16: =2/52*100% -> 0.038461538
D17: =D16+1 -> 46033 | E17: 日 | F17: 440.72648 | I17: =F17/$C$1 -> 0.88570435 | L17: 0.0024119192 | O17: 0.005625184 | R17: 0.9 | U17: =2/52*100% -> 0.038461538
D18: =D17+1 -> 46034 | E18: 一 | F18: 441.00343 | I18: =F18/$C$1 -> 0.88626091 | L18: 0.0024081507 | O18: 0.005543814 | R18: 0.9 | U18: =2/52*100% -> 0.038461538
B19: =B12+7 -> 46043 | D19: =D18+1 -> 46035 | E19: 二 | F19: 456.62187 | G19: =AVERAGE(F19:F25) -> 463.69602 | I19: =F19/$C$1 -> 0.91764845 | J19: =AVERAGE(I19:I25) -> 0.931865 | L19: 0.0024037991 | M19: =AVERAGE(L19:L25) -> 0.0024117997 | O19: 0.0055260677 | P19: =AVERAGE(O19:O25) -> 0.0055709665 | R19: 0.9 | S19: =AVERAGE(R19:R25) -> 0.9 | U19: =3/52*100% -> 0.057692308 | V19: =AVERAGE(U19:U25) -> 0.057692308
D20: =D19+1 -> 46036 | E20: 三 | F20: 456.81046 | I20: =F20/$C$1 -> 0.91802745 | L20: 0.0024043348 | O20: 0.0055230113 | R20: 0.9 | U20: =3/52*100% -> 0.057692308
D21: =D20+1 -> 46037 | E21: 四 | F21: 456.86978 | I21: =F21/$C$1 -> 0.91814666 | L21: 0.0024040082 | O21: 0.0054763851 | R21: 0.9 | U21: =3/52*100% -> 0.057692308
D22: =D21+1 -> 46038 | E22: 五 | F22: 482.14238 | I22: =F22/$C$1 -> 0.96893566 | L22: 0.0024202418 | O22: 0.0055601032 | R22: 0.9 | U22: =3/52*100% -> 0.057692308
D23: =D22+1 -> 46039 | E23: 六 | F23: 479.63067 | I23: =F23/$C$1 -> 0.963888 | L23: 0.0024142007 | O23: 0.0056116122 | R23: 0.9 | U23: =3/52*100% -> 0.057692308
D24: =D23+1 -> 46040 | E24: 日 | F24: 457.39343 | I24: =F24/$C$1 -> 0.91919901 | L24: 0.0024159528 | O24: 0.0056241436 | R24: 0.9 | U24: =3/52*100% -> 0.057692308
D25: =D24+1 -> 46041 | E25: 一 | F25: 456.40359 | I25: =F25/$C$1 -> 0.91720979 | L25: 0.0024200607 | O25: 0.0056754426 | R25: 0.9 | U25: =3/52*100% -> 0.057692308
B26: =B19+7 -> 46050 | D26: =D25+1 -> 46042 | E26: 二 | F26: 455.46638 | G26: =AVERAGE(F26:F32) -> 466.53938 | I26: =F26/$C$1 -> 0.91532632 | J26: =AVERAGE(I26:I32) -> 0.93757914 | L26: 0.0024279547 | M26: =AVERAGE(L26:L32) -> 0.0024189722 | O26: 0.0057649191 | P26: =AVERAGE(O26:O32) -> 0.005650009 | R26: 0.9 | S26: =AVERAGE(R26:R32) -> 0.9 | U26: =4/52*100% -> 0.076923077 | V26: =AVERAGE(U26:U32) -> 0.076923077
D27: =D26+1 -> 46043 | E27: 三 | F27: 457.17927 | I27: =F27/$C$1 -> 0.91876864 | L27: 0.0024238598 | O27: 0.005635773 | R27: 0.9 | U27: =4/52*100% -> 0.076923077
D28: =D27+1 -> 46044 | E28: 四 | F28: 457.38336 | I28: =F28/$C$1 -> 0.91917878 | L28: 0.0024181957 | O28: 0.0055916716 | R28: 0.9 | U28: =4/52*100% -> 0.076923077
D29: =D28+1 -> 46045 | E29: 五 | F29: 481.48416 | I29: =F29/$C$1 -> 0.96761286 | L29: 0.0024142471 | O29: 0.0058235341 | R29: 0.9 | U29: =4/52*100% -> 0.076923077
D30: =D29+1 -> 46046 | E30: 六 | F30: 486.54463 | I30: =F30/$C$1 -> 0.97778262 | L30: 0.0024123421 | O30: 0.0056244632 | R30: 0.9 | U30: =4/52*100% -> 0.076923077
D31: =D30+1 -> 46047 | E31: 日 | F31: 463.63629 | I31: =F31/$C$1 -> 0.93174495 | L31: 0.0024223209 | O31: 0.0055695871 | R31: 0.9 | U31: =4/52*100% -> 0.076923077
D32: =D31+1 -> 46048 | E32: 一 | F32: 464.08157 | I32: =F32/$C$1 -> 0.93263982 | L32: 0.0024138854 | O32: 0.0055401145 | R32: 0.9 | U32: =4/52*100% -> 0.076923077
B33: =B26+7 -> 46057 | D33: =D32+1 -> 46049 | E33: 二 | G33: =AVERAGE(F33:F39) -> #DIV/0! | I33: =F33/$C$1 -> 0 | J33: =AVERAGE(I33:I39) -> 0 | M33: =AVERAGE(L33:L39) -> #DIV/0! | P33: =AVERAGE(O33:O39) -> #DIV/0! | S33: =AVERAGE(R33:R39) -> #DIV/0! | V33: =AVERAGE(U33:U39) -> #DIV/0!
D34: =D33+1 -> 46050 | E34: 三 | I34: =F34/$C$1 -> 0
D35: =D34+1 -> 46051 | E35: 四 | I35: =F35/$C$1 -> 0
D36: =D35+1 -> 46052 | E36: 五 | I36: =F36/$C$1 -> 0
D37: =D36+1 -> 46053 | E37: 六 | I37: =F37/$C$1 -> 0
D38: =D37+1 -> 46054 | E38: 日 | I38: =F38/$C$1 -> 0
D39: =D38+1 -> 46055 | E39: 一 | I39: =F39/$C$1 -> 0
B40: =B33+7 -> 46064 | D40: =D39+1 -> 46056 | E40: 二 | G40: =AVERAGE(F40:F46) -> #DIV/0! | I40: =F40/$C$1 -> 0 | J40: =AVERAGE(I40:I46) -> 0 | M40: =AVERAGE(L40:L46) -> #DIV/0! | P40: =AVERAGE(O40:O46) -> #DIV/0! | S40: =AVERAGE(R40:R46) -> #DIV/0! | V40: =AVERAGE(U40:U46) -> #DIV/0!
D41: =D40+1 -> 46057 | E41: 三 | I41: =F41/$C$1 -> 0
D42: =D41+1 -> 46058 | E42: 四 | I42: =F42/$C$1 -> 0
D43: =D42+1 -> 46059 | E43: 五 | I43: =F43/$C$1 -> 0
D44: =D43+1 -> 46060 | E44: 六 | I44: =F44/$C$1 -> 0
D45: =D44+1 -> 46061 | E45: 日 | I45: =F45/$C$1 -> 0
D46: =D45+1 -> 46062 | E46: 一 | I46: =F46/$C$1 -> 0

Sheet （３）業績構成比
B2: （3）業績構成比
B3: 資料繳交日 | C3: 月份 | D3: 日期 | F3: 營業額 | I3: 品類業績
I4: 18℃-飯糰 | O4: 18℃-壽司手卷 | U4: 4℃-飯糰 | W4: 4℃-壽司手卷 | Y4: 主食 | AE4: 便當 | AG4: 熱食義麵 | AI4: 季節調理麵 | AK4: 微波小吃
F5: 日 | G5: 週累積 | H5: 月累積 | I5: 一配 | K5: 二配 | M5: 合計 | O5: 一配 | Q5: 二配 | S5: 合計 | U5: 一配 | W5: 一配 | Y5: 一配 | AA5: 二配 | AC5: 合計 | AE5: 一配 | AG5: 一配 | AI5: 一配 | AK5: 一配
I6: 業績(元) | J6: 比例(%) | K6: 業績(元) | L6: 比例(%) | M6: 業績(元) | N6: 比例(%) | O6: 業績(元) | P6: 比例(%) | Q6: 業績(元) | R6: 比例(%) | S6: 業績(元) | T6: 比例(%) | U6: 業績(元) | V6: 比例(%) | W6: 業績(元) | X6: 比例(%) | Y6: 業績(元) | Z6: 比例(%) | AA6: 業績(元) | AB6: 比例(%) | AC6: 業績(元) | AD6: 比例(%) | AE6: 業績(元) | AF6: 比例(%) | AG6: 業績(元) | AH6: 比例(%) | AI6: 業績(元) | AJ6: 比例(%) | AK6: 業績(元) | AL6: 比例(%)
B7: =D15 -> 46029 | D7: 46021 | E7: 二 | F7: =SUM(M7,S7,U7,W7,AC7,AE7,AG7,AI7,AK7) -> 4991542.2 | G7: =SUM(F7:F13) -> 32267367 | I7: 802705.93 | J7: =I7/$F7 -> 0.16081321 | K7: 896992.84 | L7: =K7/$F7 -> 0.17970255 | M7: =I7+K7 -> 1699698.8 | N7: =M7/$F7 -> 0.34051576 | O7: 261073.92 | P7: =O7/$F7 -> 0.052303259 | Q7: 154968.15 | R7: =Q7/$F7 -> 0.031046147 | S7: =O7+Q7 -> 416042.07 | T7: =S7/$F7 -> 0.083349405 | U7: 126348.91 | V7: =U7/$F7 -> 0.0253126 | W7: 0 | X7: =W7/$F7 -> 0 | Y7: 216293.7 | Z7: =Y7/$F7 -> 0.043332039 | AA7: 702239.58 | AB7: =AA7/$F7 -> 0.1406859 | AC7: =Y7+AA7 -> 918533.28 | AD7: =AC7/$F7 -> 0.18401793 | AE7: 1335435.9 | AF7: =AE7/F7 -> 0.26753974 | AG7: 197570.4 | AH7: =AG7/$F7 -> 0.039581034 | AI7: 122009.18 | AJ7: =AI7/$F7 -> 0.024443183 | AK7: 175903.66 | AL7: =AK7/$F7 -> 0.035240343
D8: 46022 | E8: 三 | F8: =SUM(M8,S8,U8,W8,AC8,AE8,AG8,AI8,AK8) -> 3992684.9 | I8: 538705.53 | J8: =I8/$F8 -> 0.13492313 | K8: 837711.87 | L8: =K8/$F8 -> 0.20981167 | M8: =I8+K8 -> 1376417.4 | N8: =M8/F8 -> 0.34473479 | O8: 201360.75 | P8: =O8/$F8 -> 0.050432417 | Q8: 127362.57 | R8: =Q8/$F8 -> 0.031898979 | S8: =O8+Q8 -> 328723.32 | T8: =S8/F8 -> 0.082331396 | U8: 99108.65 | V8: =U8/F8 -> 0.024822558 | W8: 0 | X8: =W8/$F8 -> 0 | Y8: 185183.74 | Z8: =Y8/$F8 -> 0.046380755 | AA8: 635625.71 | AB8: =AA8/$F8 -> 0.15919757 | AC8: =Y8+AA8 -> 820809.45 | AD8: =AC8/$F8 -> 0.20557832 | AE8: 936523.95 | AF8: =AE8/F8 -> 0.23455995 | AG8: 165654.3 | AH8: =AG8/$F8 -> 0.04148945 | AI8: 105301.12 | AJ8: =AI8/$F8 -> 0.026373511 | AK8: 160146.68 | AL8: =AK8/$F8 -> 0.040110023
C9: 一 | D9: 46023 | E9: 四 | F9: =SUM(M9,S9,U9,W9,AC9,AE9,AG9,AI9,AK9) -> 4613445.5 | H9: =SUM(F9:F39) -> 1.2456513e+08 | I9: 733836.13 | J9: =I9/$F9 -> 0.15906466 | K9: 867971.3 | L9: =K9/$F9 -> 0.1881395 | M9: =I9+K9 -> 1601807.4 | N9: =M9/$F9 -> 0.34720416 | O9: 258662.63 | P9: =O9/$F9 -> 0.056067127 | Q9: 152453 | R9: =Q9/$F9 -> 0.033045367 | S9: =O9+Q9 -> 411115.63 | T9: =S9/$F9 -> 0.089112494 | U9: 120898.22 | V9: =U9/$F9 -> 0.026205625 | W9: 0 | X9: =W9/$F9 -> 0 | Y9: 198751.77 | Z9: =Y9/$F9 -> 0.043080984 | AA9: 588606.35 | AB9: =AA9/$F9 -> 0.12758498 | AC9: =Y9+AA9 -> 787358.12 | AD9: =AC9/$F9 -> 0.17066597 | AE9: 1173809.6 | AF9: =AE9/F9 -> 0.25443232 | AG9: 198258 | AH9: =AG9/$F9 -> 0.042973956 | AI9: 137100.22 | AJ9: =AI9/$F9 -> 0.029717534 | AK9: 183098.18 | AL9: =AK9/$F9 -> 0.039687947
D10: 46024 | E10: 五 | F10: =SUM(M10,S10,U10,W10,AC10,AE10,AG10,AI10,AK10) -> 3838107.8 | I10: 616848.89 | J10: =I10/$F10 -> 0.16071693 | K10: 804129.28 | L10: =K10/$F10 -> 0.20951191 | M10: =I10+K10 -> 1420978.2 | N10: =M10/F10 -> 0.37022883 | O10: 181633.29 | P10: =O10/$F10 -> 0.047323655 | Q10: 126817.27 | R10: =Q10/$F10 -> 0.033041612 | S10: =O10+Q10 -> 308450.56 | T10: =S10/F10 -> 0.080365267 | U10: 89125.1 | V10: =U10/F10 -> 0.023221104 | W10: 0 | X10: =W10/$F10 -> 0 | Y10: 182856.17 | Z10: =Y10/$F10 -> 0.04764227 | AA10: 614873.41 | AB10: =AA10/$F10 -> 0.16020223 | AC10: =Y10+AA10 -> 797729.58 | AD10: =AC10/$F10 -> 0.2078445 | AE10: 841389.09 | AF10: =AE10/F10 -> 0.21921977 | AG10: 155283 | AH10: =AG10/$F10 -> 0.040458217 | AI10: 78120.3 | AJ10: =AI10/$F10 -> 0.020353858 | AK10: 147032 | AL10: =AK10/$F10 -> 0.03830846
D11: 46025 | E11: 六 | F11: =SUM(M11,S11,U11,W11,AC11,AE11,AG11,AI11,AK11) -> 4182799.2 | I11: 568561.79 | J11: =I11/$F11 -> 0.13592854 | K11: 909430.02 | L11: =K11/$F11 -> 0.21742139 | M11: =I11+K11 -> 1477991.8 | N11: =M11/$F11 -> 0.35334993 | O11: 158873.68 | P11: =O11/$F11 -> 0.037982622 | Q11: 117746.54 | R11: =Q11/$F11 -> 0.028150178 | S11: =O11+Q11 -> 276620.22 | T11: =S11/$F11 -> 0.0661328 | U11: 101228.33 | V11: =U11/$F11 -> 0.024201097 | W11: 0 | X11: =W11/$F11 -> 0 | Y11: 203463.68 | Z11: =Y11/$F11 -> 0.048642947 | AA11: 669974.6 | AB11: =AA11/$F11 -> 0.16017374 | AC11: =Y11+AA11 -> 873438.28 | AD11: =AC11/$F11 -> 0.20881669 | AE11: 1010860.2 | AF11: =AE11/F11 -> 0.24167074 | AG11: 172759.5 | AH11: =AG11/$F11 -> 0.041302365 | AI11: 110152.8 | AJ11: =AI11/$F11 -> 0.026334709 | AK11: 159748.05 | AL11: =AK11/$F11 -> 0.038191661
D12: 46026 | E12: 日 | F12: =SUM(M12,S12,U12,W12,AC12,AE12,AG12,AI12,AK12) -> 5433229 | I12: 821434.85 | J12: =I12/$F12 -> 0.15118723 | K12: 995961.99 | L12: =K12/$F12 -> 0.18330941 | M12: =I12+K12 -> 1817396.8 | N12: =M12/F12 -> 0.33449664 | O12: 267837.94 | P12: =O12/$F12 -> 0.049296273 | Q12: 143688.31 | R12: =Q12/$F12 -> 0.026446209 | S12: =O12+Q12 -> 411526.25 | T12: =S12/F12 -> 0.075742482 | U12: 133118.12 | V12: =U12/F12 -> 0.024500738 | W12: 0 | X12: =W12/$F12 -> 0 | Y12: 239455.86 | Z12: =Y12/$F12 -> 0.044072477 | AA12: 741705.58 | AB12: =AA12/$F12 -> 0.13651285 | AC12: =Y12+AA12 -> 981161.44 | AD12: =AC12/$F12 -> 0.18058533 | AE12: 1613752.9 | AF12: =AE12/F12 -> 0.29701543 | AG12: 202612.8 | AH12: =AG12/$F12 -> 0.037291415 | AI12: 103840.4 | AJ12: =AI12/$F12 -> 0.019112097 | AK12: 169820.28 | AL12: =AK12/$F12 -> 0.031255866
D13: 46027 | E13: 一 | F13: =SUM(M13,S13,U13,W13,AC13,AE13,AG13,AI13,AK13) -> 5215558.1 | I13: 791674.72 | J13: =I13/$F13 -> 0.15179099 | K13: 1050196.6 | L13: =K13/$F13 -> 0.20135844 | M13: =I13+K13 -> 1841871.3 | N13: =M13/$F13 -> 0.35314943 | O13: 237986.69 | P13: =O13/$F13 -> 0.045630149 | Q13: 143481.64 | R13: =Q13/$F13 -> 0.027510314 | S13: =O13+Q13 -> 381468.33 | T13: =S13/$F13 -> 0.073140463 | U13: 125146.84 | V13: =U13/$F13 -> 0.023994909 | W13: 0 | X13: =W13/$F13 -> 0 | Y13: 228272.17 | Z13: =Y13/$F13 -> 0.043767545 | AA13: 691812.51 | AB13: =AA13/$F13 -> 0.13264401 | AC13: =Y13+AA13 -> 920084.68 | AD13: =AC13/$F13 -> 0.17641155 | AE13: 1422290.7 | AF13: =AE13/F13 -> 0.27270154 | AG13: 203357.7 | AH13: =AG13/$F13 -> 0.038990593 | AI13: 128528.52 | AJ13: =AI13/$F13 -> 0.024643292 | AK13: 192809.95 | AL13: =AK13/$F13 -> 0.03696823
B14: =B7+7 -> 46036 | D14: 46028 | E14: 二 | F14: =SUM(M14,S14,U14,W14,AC14,AE14,AG14,AI14,AK14) -> 5249227.5 | G14: =SUM(F14:F20) -> 34195480 | I14: 884847.67 | J14: =I14/$F14 -> 0.16856722 | K14: 1045584.6 | L14: =K14/$F14 -> 0.19918828 | M14: =I14+K14 -> 1930432.3 | N14: =M14/$F14 -> 0.3677555 | O14: 239355.84 | P14: =O14/$F14 -> 0.045598298 | Q14: 154596.19 | R14: =Q14/$F14 -> 0.029451227 | S14: =O14+Q14 -> 393952.03 | T14: =S14/$F14 -> 0.075049526 | U14: 122235.25 | V14: =U14/$F14 -> 0.023286331 | W14: 74762 | X14: =W14/$F14 -> 0.014242477 | Y14: 225320.13 | Z14: =Y14/$F14 -> 0.042924436 | AA14: 647628.2 | AB14: =AA14/$F14 -> 0.12337591 | AC14: =Y14+AA14 -> 872948.33 | AD14: =AC14/$F14 -> 0.16630034 | AE14: 1364310.1 | AF14: =AE14/F14 -> 0.25990683 | AG14: 196710.9 | AH14: =AG14/$F14 -> 0.037474257 | AI14: 118337.16 | AJ14: =AI14/$F14 -> 0.022543729 | AK14: 175539.47 | AL14: =AK14/$F14 -> 0.03344101
D15: 46029 | E15: 三 | F15: =SUM(M15,S15,U15,W15,AC15,AE15,AG15,AI15,AK15) -> 5156925.3 | I15: 847957.46 | J15: =I15/$F15 -> 0.16443082 | K15: 1006063.3 | L15: =K15/$F15 -> 0.19508976 | M15: =I15+K15 -> 1854020.8 | N15: =M15/F15 -> 0.35952058 | O15: 239419.33 | P15: =O15/$F15 -> 0.046426759 | Q15: 159169.43 | R15: =Q15/$F15 -> 0.03086518 | S15: =O15+Q15 -> 398588.76 | T15: =S15/F15 -> 0.07729194 | U15: 115364.1 | V15: =U15/F15 -> 0.022370714 | W15: 70637.2 | X15: =W15/$F15 -> 0.013697542 | Y15: 47459.72 | Z15: =Y15/$F15 -> 0.009203104 | AA15: 641235.73 | AB15: =AA15/$F15 -> 0.12434458 | AC15: =Y15+AA15 -> 688695.45 | AD15: =AC15/$F15 -> 0.13354769 | AE15: 1409530.1 | AF15: =AE15/F15 -> 0.27332762 | AG15: 190694.4 | AH15: =AG15/$F15 -> 0.036978313 | AI15: 233237.76 | AJ15: =AI15/$F15 -> 0.045228066 | AK15: 196156.73 | AL15: =AK15/$F15 -> 0.038037536
D16: 46030 | E16: 四 | F16: =SUM(M16,S16,U16,W16,AC16,AE16,AG16,AI16,AK16) -> 4787771.4 | I16: 812165.65 | J16: =I16/$F16 -> 0.16963334 | K16: 895250.53 | L16: =K16/$F16 -> 0.1869869 | M16: =I16+K16 -> 1707416.2 | N16: =M16/$F16 -> 0.35662024 | O16: 234745.32 | P16: =O16/$F16 -> 0.049030186 | Q16: 148770.77 | R16: =Q16/$F16 -> 0.031073073 | S16: =O16+Q16 -> 383516.09 | T16: =S16/$F16 -> 0.080103259 | U16: 115227.25 | V16: =U16/$F16 -> 0.024066991 | W16: 10440.9 | X16: =W16/$F16 -> 0.0021807432 | Y16: 215101.53 | Z16: =Y16/$F16 -> 0.044927277 | AA16: 539460.28 | AB16: =AA16/$F16 -> 0.11267461 | AC16: =Y16+AA16 -> 754561.81 | AD16: =AC16/$F16 -> 0.15760189 | AE16: 1302891.7 | AF16: =AE16/F16 -> 0.27212905 | AG16: 173332.5 | AH16: =AG16/$F16 -> 0.03620317 | AI16: 137563.46 | AJ16: =AI16/$F16 -> 0.028732253 | AK16: 202821.52 | AL16: =AK16/$F16 -> 0.042362407
D17: 46031 | E17: 五 | F17: =SUM(M17,S17,U17,W17,AC17,AE17,AG17,AI17,AK17) -> 3992298.3 | I17: 660555.63 | J17: =I17/$F17 -> 0.16545748 | K17: 819793.64 | L17: =K17/$F17 -> 0.20534378 | M17: =I17+K17 -> 1480349.3 | N17: =M17/F17 -> 0.37080126 | O17: 154117.79 | P17: =O17/$F17 -> 0.038603776 | Q17: 118237.22 | R17: =Q17/$F17 -> 0.029616329 | S17: =O17+Q17 -> 272355.01 | T17: =S17/F17 -> 0.068220105 | U17: 89839.62 | V17: =U17/F17 -> 0.022503233 | W17: 37653.6 | X17: =W17/$F17 -> 0.0094315597 | Y17: 178144.26 | Z17: =Y17/$F17 -> 0.044621981 | AA17: 529134.13 | AB17: =AA17/$F17 -> 0.13253872 | AC17: =Y17+AA17 -> 707278.39 | AD17: =AC17/$F17 -> 0.17716071 | AE17: 1037369.5 | AF17: =AE17/F17 -> 0.25984267 | AG17: 137978.4 | AH17: =AG17/$F17 -> 0.034561145 | AI17: 86506.78 | AJ17: =AI17/$F17 -> 0.021668416 | AK17: 142967.8 | AL17: =AK17/$F17 -> 0.035810901
D18: 46032 | E18: 六 | F18: =SUM(M18,S18,U18,W18,AC18,AE18,AG18,AI18,AK18) -> 4224538.2 | I18: 618842.31 | J18: =I18/$F18 -> 0.14648756 | K18: 910163.82 | L18: =K18/$F18 -> 0.21544694 | M18: =I18+K18 -> 1529006.1 | N18: =M18/$F18 -> 0.3619345 | O18: 134935.16 | P18: =O18/$F18 -> 0.031940807 | Q18: 109950.09 | R18: =Q18/$F18 -> 0.026026535 | S18: =O18+Q18 -> 244885.25 | T18: =S18/$F18 -> 0.057967342 | U18: 97884.63 | V18: =U18/$F18 -> 0.023170492 | W18: 52504.05 | X18: =W18/$F18 -> 0.012428352 | Y18: 211014.09 | Z18: =Y18/$F18 -> 0.049949623 | AA18: 574904.44 | AB18: =AA18/$F18 -> 0.13608693 | AC18: =Y18+AA18 -> 785918.53 | AD18: =AC18/$F18 -> 0.18603655 | AE18: 1081209.9 | AF18: =AE18/F18 -> 0.25593564 | AG18: 152131.5 | AH18: =AG18/$F18 -> 0.036011392 | AI18: 119357.8 | AJ18: =AI18/$F18 -> 0.028253455 | AK18: 161640.43 | AL18: =AK18/$F18 -> 0.038262272
D19: 46033 | E19: 日 | F19: =SUM(M19,S19,U19,W19,AC19,AE19,AG19,AI19,AK19) -> 5539416.9 | I19: 880077.95 | J19: =I19/$F19 -> 0.15887556 | K19: 1015987.1 | L19: =K19/$F19 -> 0.18341048 | M19: =I19+K19 -> 1896065.1 | N19: =M19/F19 -> 0.34228604 | O19: 229298.65 | P19: =O19/$F19 -> 0.041394005 | Q19: 141500.74 | R19: =Q19/$F19 -> 0.025544338 | S19: =O19+Q19 -> 370799.39 | T19: =S19/F19 -> 0.066938343 | U19: 125385.72 | V19: =U19/F19 -> 0.022635184 | W19: 97677.55 | X19: =W19/$F19 -> 0.017633183 | Y19: 236901.21 | Z19: =Y19/$F19 -> 0.042766452 | AA19: 676723.34 | AB19: =AA19/$F19 -> 0.12216508 | AC19: =Y19+AA19 -> 913624.55 | AD19: =AC19/$F19 -> 0.16493154 | AE19: 1673735 | AF19: =AE19/F19 -> 0.30215003 | AG19: 177171.6 | AH19: =AG19/$F19 -> 0.031983799 | AI19: 123572 | AJ19: =AI19/$F19 -> 0.022307763 | AK19: 161386.03 | AL19: =AK19/$F19 -> 0.029134119
D20: 46034 | E20: 一 | F20: =SUM(M20,S20,U20,W20,AC20,AE20,AG20,AI20,AK20) -> 5245302.3 | I20: 862582.66 | J20: =I20/$F20 -> 0.16444861 | K20: 989835.57 | L20: =K20/$F20 -> 0.18870897 | M20: =I20+K20 -> 1852418.2 | N20: =M20/$F20 -> 0.35315757 | O20: 213786.17 | P20: =O20/$F20 -> 0.040757645 | Q20: 141697.06 | R20: =Q20/$F20 -> 0.027014088 | S20: =O20+Q20 -> 355483.23 | T20: =S20/$F20 -> 0.067771734 | U20: 117787.16 | V20: =U20/$F20 -> 0.022455743 | W20: 64541.3 | X20: =W20/$F20 -> 0.012304591 | Y20: 211979.18 | Z20: =Y20/$F20 -> 0.040413148 | AA20: 628443.53 | AB20: =AA20/$F20 -> 0.11981074 | AC20: =Y20+AA20 -> 840422.71 | AD20: =AC20/$F20 -> 0.16022388 | AE20: 1482471.8 | AF20: =AE20/F20 -> 0.28262848 | AG20: 187542.9 | AH20: =AG20/$F20 -> 0.03575445 | AI20: 162804.68 | AJ20: =AI20/$F20 -> 0.031038188 | AK20: 181830.29 | AL20: =AK20/$F20 -> 0.03466536
B21: =B14+7 -> 46043 | D21: 46035 | E21: 二 | F21: =SUM(M21,S21,U21,W21,AC21,AE21,AG21,AI21,AK21) -> 5099657 | G21: =SUM(F21:F27) -> 33161159 | I21: 942550.84 | J21: =I21/$F21 -> 0.18482632 | K21: 970515.5 | L21: =K21/$F21 -> 0.19030996 | M21: =I21+K21 -> 1913066.3 | N21: =M21/$F21 -> 0.37513628 | O21: 203416.82 | P21: =O21/$F21 -> 0.039888334 | Q21: 142952 | R21: =Q21/$F21 -> 0.028031689 | S21: =O21+Q21 -> 346368.82 | T21: =S21/$F21 -> 0.067920023 | U21: 121455.03 | V21: =U21/$F21 -> 0.023816314 | W21: 50583.5 | X21: =W21/$F21 -> 0.0099190005 | Y21: 198978.85 | Z21: =Y21/$F21 -> 0.039018085 | AA21: 623949.2 | AB21: =AA21/$F21 -> 0.12235121 | AC21: =Y21+AA21 -> 822928.05 | AD21: =AC21/$F21 -> 0.16136929 | AE21: 1360429.2 | AF21: =AE21/F21 -> 0.26676878 | AG21: 169035 | AH21: =AG21/$F21 -> 0.033146347 | AI21: 136492.8 | AJ21: =AI21/$F21 -> 0.026765094 | AK21: 179298.2 | AL21: =AK21/$F21 -> 0.035158874
D22: 46036 | E22: 三 | F22: =SUM(M22,S22,U22,W22,AC22,AE22,AG22,AI22,AK22) -> 4896820.7 | I22: 878533.38 | J22: =I22/$F22 -> 0.17940893 | K22: 924108.3 | L22: =K22/$F22 -> 0.18871598 | M22: =I22+K22 -> 1802641.7 | N22: =M22/F22 -> 0.36812491 | O22: 213825.17 | P22: =O22/$F22 -> 0.043666122 | Q22: 146439.05 | R22: =Q22/$F22 -> 0.029904924 | S22: =O22+Q22 -> 360264.22 | T22: =S22/F22 -> 0.073571045 | U22: 110481.03 | V22: =U22/F22 -> 0.022561788 | W22: 69653.75 | X22: =W22/$F22 -> 0.01422428 | Y22: 188306.09 | Z22: =Y22/$F22 -> 0.038454765 | AA22: 567026.74 | AB22: =AA22/$F22 -> 0.11579487 | AC22: =Y22+AA22 -> 755332.83 | AD22: =AC22/$F22 -> 0.15424964 | AE22: 1331077.4 | AF22: =AE22/F22 -> 0.27182481 | AG22: 160210.8 | AH22: =AG22/$F22 -> 0.03271731 | AI22: 136147.58 | AJ22: =AI22/$F22 -> 0.02780326 | AK22: 171011.49 | AL22: =AK22/$F22 -> 0.034922963
D23: 46037 | E23: 四 | F23: =SUM(M23,S23,U23,W23,AC23,AE23,AG23,AI23,AK23) -> 4477044.2 | I23: 834491.21 | J23: =I23/$F23 -> 0.18639334 | K23: 833194.26 | L23: =K23/$F23 -> 0.18610365 | M23: =I23+K23 -> 1667685.5 | N23: =M23/$F23 -> 0.37249698 | O23: 218131.67 | P23: =O23/$F23 -> 0.04872225 | Q23: 143287.52 | R23: =Q23/$F23 -> 0.032004937 | S23: =O23+Q23 -> 361419.19 | T23: =S23/$F23 -> 0.080727188 | U23: 108850.53 | V23: =U23/$F23 -> 0.024313034 | W23: 47770.3 | X23: =W23/$F23 -> 0.010670053 | Y23: 185354.05 | Z23: =Y23/$F23 -> 0.041400987 | AA23: 470354.39 | AB23: =AA23/$F23 -> 0.10505913 | AC23: =Y23+AA23 -> 655708.44 | AD23: =AC23/$F23 -> 0.14646012 | AE23: 1122061.9 | AF23: =AE23/F23 -> 0.2506256 | AG23: 158892.9 | AH23: =AG23/$F23 -> 0.035490581 | AI23: 189929.56 | AJ23: =AI23/$F23 -> 0.04242298 | AK23: 164725.96 | AL23: =AK23/$F23 -> 0.036793463
D24: 46038 | E24: 五 | F24: =SUM(M24,S24,U24,W24,AC24,AE24,AG24,AI24,AK24) -> 3898014.1 | I24: 716969.34 | J24: =I24/$F24 -> 0.18393195 | K24: 797548.95 | L24: =K24/$F24 -> 0.20460392 | M24: =I24+K24 -> 1514518.3 | N24: =M24/F24 -> 0.38853587 | O24: 143324.36 | P24: =O24/$F24 -> 0.036768559 | Q24: 119907.69 | R24: =Q24/$F24 -> 0.030761225 | S24: =O24+Q24 -> 263232.05 | T24: =S24/F24 -> 0.067529784 | U24: 86872.4 | V24: =U24/F24 -> 0.022286323 | W24: 50015.45 | X24: =W24/$F24 -> 0.012831008 | Y24: 185240.51 | Z24: =Y24/$F24 -> 0.047521765 | AA24: 490854.95 | AB24: =AA24/$F24 -> 0.12592437 | AC24: =Y24+AA24 -> 676095.46 | AD24: =AC24/$F24 -> 0.17344613 | AE24: 913609.28 | AF24: =AE24/F24 -> 0.23437814 | AG24: 120100.8 | AH24: =AG24/$F24 -> 0.030810766 | AI24: 139486.12 | AJ24: =AI24/$F24 -> 0.035783893 | AK24: 134084.23 | AL24: =AK24/$F24 -> 0.034398088
D25: 46039 | E25: 六 | F25: =SUM(M25,S25,U25,W25,AC25,AE25,AG25,AI25,AK25) -> 4192072.2 | I25: 676753.55 | J25: =I25/$F25 -> 0.16143652 | K25: 905744.45 | L25: =K25/$F25 -> 0.21606127 | M25: =I25+K25 -> 1582498 | N25: =M25/$F25 -> 0.37749779 | O25: 132818.53 | P25: =O25/$F25 -> 0.031683264 | Q25: 114455.77 | R25: =Q25/$F25 -> 0.02730291 | S25: =O25+Q25 -> 247274.3 | T25: =S25/$F25 -> 0.058986174 | U25: 95610.59 | V25: =U25/$F25 -> 0.022807477 | W25: 40953.7 | X25: =W25/$F25 -> 0.0097693212 | Y25: 199773.63 | Z25: =Y25/$F25 -> 0.047655102 | AA25: 532967.31 | AB25: =AA25/$F25 -> 0.12713696 | AC25: =Y25+AA25 -> 732740.94 | AD25: =AC25/$F25 -> 0.17479206 | AE25: 1025917.5 | AF25: =AE25/F25 -> 0.24472802 | AG25: 142619.7 | AH25: =AG25/$F25 -> 0.034021289 | AI25: 172861.88 | AJ25: =AI25/$F25 -> 0.041235425 | AK25: 151595.6 | AL25: =AK25/$F25 -> 0.036162449
D26: 46040 | E26: 日 | F26: =SUM(M26,S26,U26,W26,AC26,AE26,AG26,AI26,AK26) -> 5422198.4 | I26: 943211.11 | J26: =I26/$F26 -> 0.17395363 | K26: 999031.08 | L26: =K26/$F26 -> 0.18424834 | M26: =I26+K26 -> 1942242.2 | N26: =M26/F26 -> 0.35820198 | O26: 219539.53 | P26: =O26/$F26 -> 0.040489026 | Q26: 140913.34 | R26: =Q26/$F26 -> 0.02598823 | S26: =O26+Q26 -> 360452.87 | T26: =S26/F26 -> 0.066477256 | U26: 120740.76 | V26: =U26/F26 -> 0.022267861 | W26: 61755.15 | X26: =W26/$F26 -> 0.01138932 | Y26: 226398.76 | Z26: =Y26/$F26 -> 0.041754053 | AA26: 643776.31 | AB26: =AA26/$F26 -> 0.11872976 | AC26: =Y26+AA26 -> 870175.07 | AD26: =AC26/$F26 -> 0.16048381 | AE26: 1613452.1 | AF26: =AE26/F26 -> 0.2975642 | AG26: 159294 | AH26: =AG26/$F26 -> 0.029378121 | AI26: 146285.76 | AJ26: =AI26/$F26 -> 0.02697905 | AK26: 147800.49 | AL26: =AK26/$F26 -> 0.027258407
D27: 46041 | E27: 一 | F27: =SUM(M27,S27,U27,W27,AC27,AE27,AG27,AI27,AK27) -> 5175352.3 | I27: 901600.28 | J27: =I27/$F27 -> 0.17421042 | K27: 975742.68 | L27: =K27/$F27 -> 0.18853647 | M27: =I27+K27 -> 1877343 | N27: =M27/$F27 -> 0.36274689 | O27: 203740.16 | P27: =O27/$F27 -> 0.039367399 | Q27: 143234.99 | R27: =Q27/$F27 -> 0.027676375 | S27: =O27+Q27 -> 346975.15 | T27: =S27/$F27 -> 0.067043774 | U27: 115409.96 | V27: =U27/$F27 -> 0.022299923 | W27: 60997.75 | X27: =W27/$F27 -> 0.011786202 | Y27: 227647.7 | Z27: =Y27/$F27 -> 0.043986899 | AA27: 600722.44 | AB27: =AA27/$F27 -> 0.11607373 | AC27: =Y27+AA27 -> 828370.14 | AD27: =AC27/$F27 -> 0.16006063 | AE27: 1411843 | AF27: =AE27/F27 -> 0.27280133 | AG27: 171670.8 | AH27: =AG27/$F27 -> 0.033170843 | AI27: 194985.66 | AJ27: =AI27/$F27 -> 0.037675823 | AK27: 167756.88 | AL27: =AK27/$F27 -> 0.032414582
B28: =B21+7 -> 46050 | D28: 46042 | E28: 二 | F28: =SUM(M28,S28,U28,W28,AC28,AE28,AG28,AI28,AK28) -> 5709399.8 | G28: =SUM(F28:F34) -> 33925348 | I28: 1038749.5 | J28: =I28/$F28 -> 0.18193672 | K28: 975807.19 | L28: =K28/$F28 -> 0.17091239 | M28: =I28+K28 -> 2014556.7 | N28: =M28/$F28 -> 0.35284911 | O28: 203469.87 | P28: =O28/$F28 -> 0.035637698 | Q28: 150065.56 | R28: =Q28/$F28 -> 0.026283947 | S28: =O28+Q28 -> 353535.43 | T28: =S28/$F28 -> 0.061921645 | U28: 113219.87 | V28: =U28/$F28 -> 0.019830433 | W28: 64649.5 | X28: =W28/$F28 -> 0.011323344 | Y28: 205223.55 | Z28: =Y28/$F28 -> 0.035944855 | AA28: 595732.83 | AB28: =AA28/$F28 -> 0.10434246 | AC28: =Y28+AA28 -> 800956.38 | AD28: =AC28/$F28 -> 0.14028732 | AE28: 1638650.4 | AF28: =AE28/F28 -> 0.28700922 | AG28: 94086.6 | AH28: =AG28/$F28 -> 0.016479245 | AI28: 448435.25 | AJ28: =AI28/$F28 -> 0.078543325 | AK28: 181309.73 | AL28: =AK28/$F28 -> 0.031756355
D29: 46043 | E29: 三 | F29: =SUM(M29,S29,U29,W29,AC29,AE29,AG29,AI29,AK29) -> 5079869.2 | I29: 982959.08 | J29: =I29/$F29 -> 0.19350086 | K29: 930445.68 | L29: =K29/$F29 -> 0.18316331 | M29: =I29+K29 -> 1913404.8 | N29: =M29/F29 -> 0.37666418 | O29: 207673.72 | P29: =O29/$F29 -> 0.040881706 | Q29: 154562.65 | R29: =Q29/$F29 -> 0.030426502 | S29: =O29+Q29 -> 362236.37 | T29: =S29/F29 -> 0.071308208 | U29: 96854.28 | V29: =U29/F29 -> 0.019066294 | W29: 62106.8 | X29: =W29/$F29 -> 0.012226063 | Y29: 166449.64 | Z29: =Y29/$F29 -> 0.032766521 | AA29: 537579.29 | AB29: =AA29/$F29 -> 0.10582542 | AC29: =Y29+AA29 -> 704028.93 | AD29: =AC29/$F29 -> 0.13859194 | AE29: 1336469.4 | AF29: =AE29/F29 -> 0.2630913 | AG29: 80506.5 | AH29: =AG29/$F29 -> 0.015848144 | AI29: 332833.63 | AJ29: =AI29/$F29 -> 0.065520118 | AK29: 191428.54 | AL29: =AK29/$F29 -> 0.037683754
D30: 46044 | E30: 四 | F30: =SUM(M30,S30,U30,W30,AC30,AE30,AG30,AI30,AK30) -> 4686919.8 | I30: 924847.69 | J30: =I30/$F30 -> 0.19732527 | K30: 829233.72 | L30: =K30/$F30 -> 0.17692509 | M30: =I30+K30 -> 1754081.4 | N30: =M30/$F30 -> 0.37425036 | O30: 198440.28 | P30: =O30/$F30 -> 0.042339167 | Q30: 145046.96 | R30: =Q30/$F30 -> 0.030947182 | S30: =O30+Q30 -> 343487.24 | T30: =S30/$F30 -> 0.073286349 | U30: 97046.76 | V30: =U30/$F30 -> 0.020705872 | W30: 43198.85 | X30: =W30/$F30 -> 0.0092168955 | Y30: 162646.05 | Z30: =Y30/$F30 -> 0.034702119 | AA30: 431131.16 | AB30: =AA30/$F30 -> 0.091986033 | AC30: =Y30+AA30 -> 593777.21 | AD30: =AC30/$F30 -> 0.12668815 | AE30: 1262459.2 | AF30: =AE30/F30 -> 0.26935798 | AG30: 87783.6 | AH30: =AG30/$F30 -> 0.018729486 | AI30: 321725.06 | AJ30: =AI30/$F30 -> 0.068643176 | AK30: 183360.42 | AL30: =AK30/$F30 -> 0.039121732
D31: 46045 | E31: 五 | F31: =SUM(M31,S31,U31,W31,AC31,AE31,AG31,AI31,AK31) -> 3890561.4 | I31: 739838.29 | J31: =I31/$F31 -> 0.19016235 | K31: 752653.62 | L31: =K31/$F31 -> 0.1934563 | M31: =I31+K31 -> 1492491.9 | N31: =M31/F31 -> 0.38361865 | O31: 131927.15 | P31: =O31/$F31 -> 0.033909541 | Q31: 116592.25 | R31: =Q31/$F31 -> 0.029967976 | S31: =O31+Q31 -> 248519.4 | T31: =S31/F31 -> 0.063877517 | U31: 80161.37 | V31: =U31/F31 -> 0.020604063 | W31: 27455.75 | X31: =W31/$F31 -> 0.007057015 | Y31: 172353.72 | Z31: =Y31/$F31 -> 0.044300476 | AA31: 456103.97 | AB31: =AA31/$F31 -> 0.11723346 | AC31: =Y31+AA31 -> 628457.69 | AD31: =AC31/$F31 -> 0.16153394 | AE31: 1001123.6 | AF31: =AE31/F31 -> 0.25732113 | AG31: 76610.1 | AH31: =AG31/$F31 -> 0.019691271 | AI31: 194943.97 | AJ31: =AI31/$F31 -> 0.0501069 | AK31: 140797.54 | AL31: =AK31/$F31 -> 0.036189518
D32: 46046 | E32: 六 | F32: =SUM(M32,S32,U32,W32,AC32,AE32,AG32,AI32,AK32) -> 4094540 | I32: 683851.14 | J32: =I32/$F32 -> 0.16701538 | K32: 847104.44 | L32: =K32/$F32 -> 0.20688635 | M32: =I32+K32 -> 1530955.6 | N32: =M32/$F32 -> 0.37390173 | O32: 124372.89 | P32: =O32/$F32 -> 0.030375302 | Q32: 109659.84 | R32: =Q32/$F32 -> 0.026781968 | S32: =O32+Q32 -> 234032.73 | T32: =S32/$F32 -> 0.057157271 | U32: 88719.57 | V32: =U32/$F32 -> 0.021667775 | W32: 27401.65 | X32: =W32/$F32 -> 0.0066922414 | Y32: 181607.23 | Z32: =Y32/$F32 -> 0.044353513 | AA32: 496190.43 | AB32: =AA32/$F32 -> 0.12118344 | AC32: =Y32+AA32 -> 677797.66 | AD32: =AC32/$F32 -> 0.16553695 | AE32: 1067042.9 | AF32: =AE32/F32 -> 0.26060142 | AG32: 84746.7 | AH32: =AG32/$F32 -> 0.02069749 | AI32: 217721.31 | AJ32: =AI32/$F32 -> 0.053173571 | AK32: 166121.83 | AL32: =AK32/$F32 -> 0.040571549
D33: 46047 | E33: 日 | F33: =SUM(M33,S33,U33,W33,AC33,AE33,AG33,AI33,AK33) -> 5451395.5 | I33: 958250.01 | J33: =I33/$F33 -> 0.17578068 | K33: 945432.14 | L33: =K33/$F33 -> 0.17342938 | M33: =I33+K33 -> 1903682.1 | N33: =M33/F33 -> 0.34921006 | O33: 198616.65 | P33: =O33/$F33 -> 0.036434093 | Q33: 137036.52 | R33: =Q33/$F33 -> 0.025137879 | S33: =O33+Q33 -> 335653.17 | T33: =S33/F33 -> 0.061571972 | U33: 114144.05 | V33: =U33/F33 -> 0.020938501 | W33: 45308.75 | X33: =W33/$F33 -> 0.0083114039 | Y33: 212660.42 | Z33: =Y33/$F33 -> 0.039010272 | AA33: 597087.32 | AB33: =AA33/$F33 -> 0.10952926 | AC33: =Y33+AA33 -> 809747.74 | AD33: =AC33/$F33 -> 0.14853953 | AE33: 1713098.1 | AF33: =AE33/F33 -> 0.31424946 | AG33: 90018.3 | AH33: =AG33/$F33 -> 0.016512891 | AI33: 293792.29 | AJ33: =AI33/$F33 -> 0.053893043 | AK33: 145950.96 | AL33: =AK33/$F33 -> 0.026773137
D34: 46048 | E34: 一 | F34: =SUM(M34,S34,U34,W34,AC34,AE34,AG34,AI34,AK34) -> 5012662.3 | I34: 860128.21 | J34: =I34/$F34 -> 0.17159109 | K34: 923523.65 | L34: =K34/$F34 -> 0.18423815 | M34: =I34+K34 -> 1783651.9 | N34: =M34/$F34 -> 0.35582925 | O34: 188670.85 | P34: =O34/$F34 -> 0.037638851 | Q34: 139074.84 | R34: =Q34/$F34 -> 0.027744706 | S34: =O34+Q34 -> 327745.69 | T34: =S34/$F34 -> 0.065383556 | U34: 110630.2 | V34: =U34/$F34 -> 0.022070148 | W34: 43090.65 | X34: =W34/$F34 -> 0.00859636 | Y34: 209140.68 | Z34: =Y34/$F34 -> 0.041722475 | AA34: 556622.73 | AB34: =AA34/$F34 -> 0.11104333 | AC34: =Y34+AA34 -> 765763.41 | AD34: =AC34/$F34 -> 0.15276581 | AE34: 1427610.5 | AF34: =AE34/F34 -> 0.28480085 | AG34: 100676.1 | AH34: =AG34/$F34 -> 0.020084357 | AI34: 282654.68 | AJ34: =AI34/$F34 -> 0.056388135 | AK34: 170839.25 | AL34: =AK34/$F34 -> 0.03408154
B35: =B28+7 -> 46057 | D35: 46049 | E35: 二 | G35: =SUM(F35:F41) -> 0 | J35: =I35/$F35 -> #DIV/0! | L35: =K35/$F35 -> #DIV/0! | M35: =I35+K35 -> 0 | N35: =M35/$F35 -> #DIV/0! | P35: =O35/$F35 -> #DIV/0! | R35: =Q35/$F35 -> #DIV/0! | S35: =O35+Q35 -> 0 | T35: =S35/$F35 -> #DIV/0! | V35: =U35/$F35 -> #DIV/0! | X35: =W35/$F35 -> #DIV/0! | Z35: =Y35/$F35 -> #DIV/0! | AB35: =AA35/$F35 -> #DIV/0! | AC35: =Y35+AA35 -> 0 | AD35: =AC35/$F35 -> #DIV/0! | AF35: =AE35/F35 -> #DIV/0! | AH35: =AG35/$F35 -> #DIV/0! | AJ35: =AI35/$F35 -> #DIV/0! | AL35: =AK35/$F35 -> #DIV/0!
D36: 46050 | E36: 三 | J36: =I36/$F36 -> #DIV/0! | L36: =K36/$F36 -> #DIV/0! | M36: =I36+K36 -> 0 | N36: =M36/F36 -> #DIV/0! | P36: =O36/$F36 -> #DIV/0! | R36: =Q36/$F36 -> #DIV/0! | S36: =O36+Q36 -> 0 | T36: =S36/F36 -> #DIV/0! | V36: =U36/F36 -> #DIV/0! | X36: =W36/$F36 -> #DIV/0! | Z36: =Y36/$F36 -> #DIV/0! | AB36: =AA36/$F36 -> #DIV/0! | AC36: =Y36+AA36 -> 0 | AD36: =AC36/$F36 -> #DIV/0! | AF36: =AE36/F36 -> #DIV/0! | AH36: =AG36/$F36 -> #DIV/0! | AJ36: =AI36/$F36 -> #DIV/0! | AL36: =AK36/$F36 -> #DIV/0!
D37: 46051 | E37: 四 | J37: =I37/$F37 -> #DIV/0! | L37: =K37/$F37 -> #DIV/0! | M37: =I37+K37 -> 0 | N37: =M37/$F37 -> #DIV/0! | P37: =O37/$F37 -> #DIV/0! | R37: =Q37/$F37 -> #DIV/0! | S37: =O37+Q37 -> 0 | T37: =S37/$F37 -> #DIV/0! | V37: =U37/$F37 -> #DIV/0! | X37: =W37/$F37 -> #DIV/0! | Z37: =Y37/$F37 -> #DIV/0! | AB37: =AA37/$F37 -> #DIV/0! | AC37: =Y37+AA37 -> 0 | AD37: =AC37/$F37 -> #DIV/0! | AF37: =AE37/F37 -> #DIV/0! | AH37: =AG37/$F37 -> #DIV/0! | AJ37: =AI37/$F37 -> #DIV/0! | AL37: =AK37/$F37 -> #DIV/0!
D38: 46052 | E38: 五 | H38: =SUM(F40:F67) -> 0 | J38: =I38/$F38 -> #DIV/0! | L38: =K38/$F38 -> #DIV/0! | M38: =I38+K38 -> 0 | N38: =M38/F38 -> #DIV/0! | P38: =O38/$F38 -> #DIV/0! | R38: =Q38/$F38 -> #DIV/0! | S38: =O38+Q38 -> 0 | T38: =S38/F38 -> #DIV/0! | V38: =U38/F38 -> #DIV/0! | X38: =W38/$F38 -> #DIV/0! | Z38: =Y38/$F38 -> #DIV/0! | AB38: =AA38/$F38 -> #DIV/0! | AC38: =Y38+AA38 -> 0 | AD38: =AC38/$F38 -> #DIV/0! | AF38: =AE38/F38 -> #DIV/0! | AH38: =AG38/$F38 -> #DIV/0! | AJ38: =AI38/$F38 -> #DIV/0! | AL38: =AK38/$F38 -> #DIV/0!
D39: 46053 | E39: 六 | J39: =I39/$F39 -> #DIV/0! | L39: =K39/$F39 -> #DIV/0! | M39: =I39+K39 -> 0 | N39: =M39/$F39 -> #DIV/0! | P39: =O39/$F39 -> #DIV/0! | R39: =Q39/$F39 -> #DIV/0! | S39: =O39+Q39 -> 0 | T39: =S39/$F39 -> #DIV/0! | V39: =U39/$F39 -> #DIV/0! | X39: =W39/$F39 -> #DIV/0! | Z39: =Y39/$F39 -> #DIV/0! | AB39: =AA39/$F39 -> #DIV/0! | AC39: =Y39+AA39 -> 0 | AD39: =AC39/$F39 -> #DIV/0! | AF39: =AE39/F39 -> #DIV/0! | AH39: =AG39/$F39 -> #DIV/0! | AJ39: =AI39/$F39 -> #DIV/0! | AL39: =AK39/$F39 -> #DIV/0!
C40: 二 | D40: 46054 | E40: 日 | J40: =I40/$F40 -> #DIV/0! | L40: =K40/$F40 -> #DIV/0! | M40: =I40+K40 -> 0 | N40: =M40/F40 -> #DIV/0! | P40: =O40/$F40 -> #DIV/0! | R40: =Q40/$F40 -> #DIV/0! | S40: =O40+Q40 -> 0 | T40: =S40/F40 -> #DIV/0! | V40: =U40/F40 -> #DIV/0! | X40: =W40/$F40 -> #DIV/0! | Z40: =Y40/$F40 -> #DIV/0! | AB40: =AA40/$F40 -> #DIV/0! | AC40: =Y40+AA40 -> 0 | AD40: =AC40/$F40 -> #DIV/0! | AF40: =AE40/F40 -> #DIV/0! | AH40: =AG40/$F40 -> #DIV/0! | AJ40: =AI40/$F40 -> #DIV/0! | AL40: =AK40/$F40 -> #DIV/0!
D41: 46055 | E41: 一 | J41: =I41/$F41 -> #DIV/0! | L41: =K41/$F41 -> #DIV/0! | M41: =I41+K41 -> 0 | N41: =M41/$F41 -> #DIV/0! | P41: =O41/$F41 -> #DIV/0! | R41: =Q41/$F41 -> #DIV/0! | S41: =O41+Q41 -> 0 | T41: =S41/$F41 -> #DIV/0! | V41: =U41/$F41 -> #DIV/0! | X41: =W41/$F41 -> #DIV/0! | Z41: =Y41/$F41 -> #DIV/0! | AB41: =AA41/$F41 -> #DIV/0! | AC41: =Y41+AA41 -> 0 | AD41: =AC41/$F41 -> #DIV/0! | AF41: =AE41/F41 -> #DIV/0! | AH41: =AG41/$F41 -> #DIV/0! | AJ41: =AI41/$F41 -> #DIV/0! | AL41: =AK41/$F41 -> #DIV/0!
B42: =B35+7 -> 46064 | D42: 46056 | E42: 二 | G42: =SUM(F42:F48) -> 0 | J42: =I42/$F42 -> #DIV/0! | L42: =K42/$F42 -> #DIV/0! | M42: =I42+K42 -> 0 | N42: =M42/F42 -> #DIV/0! | P42: =O42/$F42 -> #DIV/0! | R42: =Q42/$F42 -> #DIV/0! | S42: =O42+Q42 -> 0 | T42: =S42/F42 -> #DIV/0! | V42: =U42/F42 -> #DIV/0! | X42: =W42/$F42 -> #DIV/0! | Z42: =Y42/$F42 -> #DIV/0! | AB42: =AA42/$F42 -> #DIV/0! | AC42: =Y42+AA42 -> 0 | AD42: =AC42/$F42 -> #DIV/0! | AF42: =AE42/F42 -> #DIV/0! | AH42: =AG42/$F42 -> #DIV/0! | AJ42: =AI42/$F42 -> #DIV/0! | AL42: =AK42/$F42 -> #DIV/0!
D43: 46057 | E43: 三 | J43: =I43/$F43 -> #DIV/0! | L43: =K43/$F43 -> #DIV/0! | M43: =I43+K43 -> 0 | N43: =M43/$F43 -> #DIV/0! | P43: =O43/$F43 -> #DIV/0! | R43: =Q43/$F43 -> #DIV/0! | S43: =O43+Q43 -> 0 | T43: =S43/$F43 -> #DIV/0! | V43: =U43/$F43 -> #DIV/0! | X43: =W43/$F43 -> #DIV/0! | Z43: =Y43/$F43 -> #DIV/0! | AB43: =AA43/$F43 -> #DIV/0! | AC43: =Y43+AA43 -> 0 | AD43: =AC43/$F43 -> #DIV/0! | AF43: =AE43/F43 -> #DIV/0! | AH43: =AG43/$F43 -> #DIV/0! | AJ43: =AI43/$F43 -> #DIV/0! | AL43: =AK43/$F43 -> #DIV/0!
D44: 46058 | E44: 四 | J44: =I44/$F44 -> #DIV/0! | L44: =K44/$F44 -> #DIV/0! | M44: =I44+K44 -> 0 | N44: =M44/F44 -> #DIV/0! | P44: =O44/$F44 -> #DIV/0! | R44: =Q44/$F44 -> #DIV/0! | S44: =O44+Q44 -> 0 | T44: =S44/F44 -> #DIV/0! | V44: =U44/F44 -> #DIV/0! | X44: =W44/$F44 -> #DIV/0! | Z44: =Y44/$F44 -> #DIV/0! | AB44: =AA44/$F44 -> #DIV/0! | AC44: =Y44+AA44 -> 0 | AD44: =AC44/$F44 -> #DIV/0! | AF44: =AE44/F44 -> #DIV/0! | AH44: =AG44/$F44 -> #DIV/0! | AJ44: =AI44/$F44 -> #DIV/0! | AL44: =AK44/$F44 -> #DIV/0!
D45: 46059 | E45: 五 | J45: =I45/$F45 -> #DIV/0! | L45: =K45/$F45 -> #DIV/0! | M45: =I45+K45 -> 0 | N45: =M45/$F45 -> #DIV/0! | P45: =O45/$F45 -> #DIV/0! | R45: =Q45/$F45 -> #DIV/0! | S45: =O45+Q45 -> 0 | T45: =S45/$F45 -> #DIV/0! | V45: =U45/$F45 -> #DIV/0! | X45: =W45/$F45 -> #DIV/0! | Z45: =Y45/$F45 -> #DIV/0! | AB45: =AA45/$F45 -> #DIV/0! | AC45: =Y45+AA45 -> 0 | AD45: =AC45/$F45 -> #DIV/0! | AF45: =AE45/F45 -> #DIV/0! | AH45: =AG45/$F45 -> #DIV/0! | AJ45: =AI45/$F45 -> #DIV/0! | AL45: =AK45/$F45 -> #DIV/0!
D46: 46060 | E46: 六 | J46: =I46/$F46 -> #DIV/0! | L46: =K46/$F46 -> #DIV/0! | M46: =I46+K46 -> 0 | N46: =M46/$F46 -> #DIV/0! | P46: =O46/$F46 -> #DIV/0! | R46: =Q46/$F46 -> #DIV/0! | S46: =O46+Q46 -> 0 | T46: =S46/$F46 -> #DIV/0! | V46: =U46/$F46 -> #DIV/0! | X46: =W46/$F46 -> #DIV/0! | Z46: =Y46/$F46 -> #DIV/0! | AB46: =AA46/$F46 -> #DIV/0! | AC46: =Y46+AA46 -> 0 | AD46: =AC46/$F46 -> #DIV/0! | AF46: =AE46/F46 -> #DIV/0! | AH46: =AG46/$F46 -> #DIV/0! | AJ46: =AI46/$F46 -> #DIV/0! | AL46: =AK46/$F46 -> #DIV/0!
D47: 46061 | E47: 日 | J47: =I47/$F47 -> #DIV/0! | L47: =K47/$F47 -> #DIV/0! | M47: =I47+K47 -> 0 | N47: =M47/F47 -> #DIV/0! | P47: =O47/$F47 -> #DIV/0! | R47: =Q47/$F47 -> #DIV/0! | S47: =O47+Q47 -> 0 | T47: =S47/F47 -> #DIV/0! | V47: =U47/F47 -> #DIV/0! | X47: =W47/$F47 -> #DIV/0! | Z47: =Y47/$F47 -> #DIV/0! | AB47: =AA47/$F47 -> #DIV/0! | AC47: =Y47+AA47 -> 0 | AD47: =AC47/$F47 -> #DIV/0! | AF47: =AE47/F47 -> #DIV/0! | AH47: =AG47/$F47 -> #DIV/0! | AJ47: =AI47/$F47 -> #DIV/0! | AL47: =AK47/$F47 -> #DIV/0!
D48: 46062 | E48: 一 | J48: =I48/$F48 -> #DIV/0! | L48: =K48/$F48 -> #DIV/0! | M48: =I48+K48 -> 0 | N48: =M48/$F48 -> #DIV/0! | P48: =O48/$F48 -> #DIV/0! | R48: =Q48/$F48 -> #DIV/0! | S48: =O48+Q48 -> 0 | T48: =S48/$F48 -> #DIV/0! | V48: =U48/$F48 -> #DIV/0! | X48: =W48/$F48 -> #DIV/0! | Z48: =Y48/$F48 -> #DIV/0! | AB48: =AA48/$F48 -> #DIV/0! | AC48: =Y48+AA48 -> 0 | AD48: =AC48/$F48 -> #DIV/0! | AF48: =AE48/F48 -> #DIV/0! | AH48: =AG48/$F48 -> #DIV/0! | AJ48: =AI48/$F48 -> #DIV/0! | AL48: =AK48/$F48 -> #DIV/0!
B49: =B42+7 -> 46071 | D49: 46063 | E49: 二 | G49: =SUM(F49:F55) -> 0 | J49: =I49/$F49 -> #DIV/0! | L49: =K49/$F49 -> #DIV/0! | M49: =I49+K49 -> 0 | N49: =M49/F49 -> #DIV/0! | P49: =O49/$F49 -> #DIV/0! | R49: =Q49/$F49 -> #DIV/0! | S49: =O49+Q49 -> 0 | T49: =S49/F49 -> #DIV/0! | V49: =U49/F49 -> #DIV/0! | X49: =W49/$F49 -> #DIV/0! | Z49: =Y49/$F49 -> #DIV/0! | AB49: =AA49/$F49 -> #DIV/0! | AC49: =Y49+AA49 -> 0 | AD49: =AC49/$F49 -> #DIV/0! | AF49: =AE49/F49 -> #DIV/0! | AH49: =AG49/$F49 -> #DIV/0! | AJ49: =AI49/$F49 -> #DIV/0! | AL49: =AK49/$F49 -> #DIV/0!
D50: 46064 | E50: 三 | J50: =I50/$F50 -> #DIV/0! | L50: =K50/$F50 -> #DIV/0! | M50: =I50+K50 -> 0 | N50: =M50/$F50 -> #DIV/0! | P50: =O50/$F50 -> #DIV/0! | R50: =Q50/$F50 -> #DIV/0! | S50: =O50+Q50 -> 0 | T50: =S50/$F50 -> #DIV/0! | V50: =U50/$F50 -> #DIV/0! | X50: =W50/$F50 -> #DIV/0! | Z50: =Y50/$F50 -> #DIV/0! | AB50: =AA50/$F50 -> #DIV/0! | AC50: =Y50+AA50 -> 0 | AD50: =AC50/$F50 -> #DIV/0! | AF50: =AE50/F50 -> #DIV/0! | AH50: =AG50/$F50 -> #DIV/0! | AJ50: =AI50/$F50 -> #DIV/0! | AL50: =AK50/$F50 -> #DIV/0!
D51: 46065 | E51: 四 | J51: =I51/$F51 -> #DIV/0! | L51: =K51/$F51 -> #DIV/0! | M51: =I51+K51 -> 0 | N51: =M51/F51 -> #DIV/0! | P51: =O51/$F51 -> #DIV/0! | R51: =Q51/$F51 -> #DIV/0! | S51: =O51+Q51 -> 0 | T51: =S51/F51 -> #DIV/0! | V51: =U51/F51 -> #DIV/0! | X51: =W51/$F51 -> #DIV/0! | Z51: =Y51/$F51 -> #DIV/0! | AB51: =AA51/$F51 -> #DIV/0! | AC51: =Y51+AA51 -> 0 | AD51: =AC51/$F51 -> #DIV/0! | AF51: =AE51/F51 -> #DIV/0! | AH51: =AG51/$F51 -> #DIV/0! | AJ51: =AI51/$F51 -> #DIV/0! | AL51: =AK51/$F51 -> #DIV/0!
D52: 46066 | E52: 五 | J52: =I52/$F52 -> #DIV/0! | L52: =K52/$F52 -> #DIV/0! | M52: =I52+K52 -> 0 | N52: =M52/$F52 -> #DIV/0! | P52: =O52/$F52 -> #DIV/0! | R52: =Q52/$F52 -> #DIV/0! | S52: =O52+Q52 -> 0 | T52: =S52/$F52 -> #DIV/0! | V52: =U52/$F52 -> #DIV/0! | X52: =W52/$F52 -> #DIV/0! | Z52: =Y52/$F52 -> #DIV/0! | AB52: =AA52/$F52 -> #DIV/0! | AC52: =Y52+AA52 -> 0 | AD52: =AC52/$F52 -> #DIV/0! | AF52: =AE52/F52 -> #DIV/0! | AH52: =AG52/$F52 -> #DIV/0! | AJ52: =AI52/$F52 -> #DIV/0! | AL52: =AK52/$F52 -> #DIV/0!
D53: 46067 | E53: 六 | J53: =I53/$F53 -> #DIV/0! | L53: =K53/$F53 -> #DIV/0! | M53: =I53+K53 -> 0 | N53: =M53/$F53 -> #DIV/0! | P53: =O53/$F53 -> #DIV/0! | R53: =Q53/$F53 -> #DIV/0! | S53: =O53+Q53 -> 0 | T53: =S53/$F53 -> #DIV/0! | V53: =U53/$F53 -> #DIV/0! | X53: =W53/$F53 -> #DIV/0! | Z53: =Y53/$F53 -> #DIV/0! | AB53: =AA53/$F53 -> #DIV/0! | AC53: =Y53+AA53 -> 0 | AD53: =AC53/$F53 -> #DIV/0! | AF53: =AE53/F53 -> #DIV/0! | AH53: =AG53/$F53 -> #DIV/0! | AJ53: =AI53/$F53 -> #DIV/0! | AL53: =AK53/$F53 -> #DIV/0!
D54: 46068 | E54: 日 | J54: =I54/$F54 -> #DIV/0! | L54: =K54/$F54 -> #DIV/0! | M54: =I54+K54 -> 0 | N54: =M54/F54 -> #DIV/0! | P54: =O54/$F54 -> #DIV/0! | R54: =Q54/$F54 -> #DIV/0! | S54: =O54+Q54 -> 0 | T54: =S54/F54 -> #DIV/0! | V54: =U54/F54 -> #DIV/0! | X54: =W54/$F54 -> #DIV/0! | Z54: =Y54/$F54 -> #DIV/0! | AB54: =AA54/$F54 -> #DIV/0! | AC54: =Y54+AA54 -> 0 | AD54: =AC54/$F54 -> #DIV/0! | AF54: =AE54/F54 -> #DIV/0! | AH54: =AG54/$F54 -> #DIV/0! | AJ54: =AI54/$F54 -> #DIV/0! | AL54: =AK54/$F54 -> #DIV/0!
D55: 46069 | E55: 一 | J55: =I55/$F55 -> #DIV/0! | L55: =K55/$F55 -> #DIV/0! | M55: =I55+K55 -> 0 | N55: =M55/$F55 -> #DIV/0! | P55: =O55/$F55 -> #DIV/0! | R55: =Q55/$F55 -> #DIV/0! | S55: =O55+Q55 -> 0 | T55: =S55/$F55 -> #DIV/0! | V55: =U55/$F55 -> #DIV/0! | X55: =W55/$F55 -> #DIV/0! | Z55: =Y55/$F55 -> #DIV/0! | AB55: =AA55/$F55 -> #DIV/0! | AC55: =Y55+AA55 -> 0 | AD55: =AC55/$F55 -> #DIV/0! | AF55: =AE55/F55 -> #DIV/0! | AH55: =AG55/$F55 -> #DIV/0! | AJ55: =AI55/$F55 -> #DIV/0! | AL55: =AK55/$F55 -> #DIV/0!
B56: =B49+7 -> 46078 | D56: 46070 | E56: 二 | G56: =SUM(F56:F62) -> 0 | J56: =I56/$F56 -> #DIV/0! | L56: =K56/$F56 -> #DIV/0! | M56: =I56+K56 -> 0 | N56: =M56/F56 -> #DIV/0! | P56: =O56/$F56 -> #DIV/0! | R56: =Q56/$F56 -> #DIV/0! | S56: =O56+Q56 -> 0 | T56: =S56/F56 -> #DIV/0! | V56: =U56/F56 -> #DIV/0! | X56: =W56/$F56 -> #DIV/0! | Z56: =Y56/$F56 -> #DIV/0! | AB56: =AA56/$F56 -> #DIV/0! | AC56: =Y56+AA56 -> 0 | AD56: =AC56/$F56 -> #DIV/0! | AF56: =AE56/F56 -> #DIV/0! | AH56: =AG56/$F56 -> #DIV/0! | AJ56: =AI56/$F56 -> #DIV/0! | AL56: =AK56/$F56 -> #DIV/0!
D57: 46071 | E57: 三 | J57: =I57/$F57 -> #DIV/0! | L57: =K57/$F57 -> #DIV/0! | M57: =I57+K57 -> 0 | N57: =M57/$F57 -> #DIV/0! | P57: =O57/$F57 -> #DIV/0! | R57: =Q57/$F57 -> #DIV/0! | S57: =O57+Q57 -> 0 | T57: =S57/$F57 -> #DIV/0! | V57: =U57/$F57 -> #DIV/0! | X57: =W57/$F57 -> #DIV/0! | Z57: =Y57/$F57 -> #DIV/0! | AB57: =AA57/$F57 -> #DIV/0! | AC57: =Y57+AA57 -> 0 | AD57: =AC57/$F57 -> #DIV/0! | AF57: =AE57/F57 -> #DIV/0! | AH57: =AG57/$F57 -> #DIV/0! | AJ57: =AI57/$F57 -> #DIV/0! | AL57: =AK57/$F57 -> #DIV/0!
D58: 46072 | E58: 四 | J58: =I58/$F58 -> #DIV/0! | L58: =K58/$F58 -> #DIV/0! | M58: =I58+K58 -> 0 | N58: =M58/F58 -> #DIV/0! | P58: =O58/$F58 -> #DIV/0! | R58: =Q58/$F58 -> #DIV/0! | S58: =O58+Q58 -> 0 | T58: =S58/F58 -> #DIV/0! | V58: =U58/F58 -> #DIV/0! | X58: =W58/$F58 -> #DIV/0! | Z58: =Y58/$F58 -> #DIV/0! | AB58: =AA58/$F58 -> #DIV/0! | AC58: =Y58+AA58 -> 0 | AD58: =AC58/$F58 -> #DIV/0! | AF58: =AE58/F58 -> #DIV/0! | AH58: =AG58/$F58 -> #DIV/0! | AJ58: =AI58/$F58 -> #DIV/0! | AL58: =AK58/$F58 -> #DIV/0!
D59: 46073 | E59: 五 | J59: =I59/$F59 -> #DIV/0! | L59: =K59/$F59 -> #DIV/0! | M59: =I59+K59 -> 0 | N59: =M59/$F59 -> #DIV/0! | P59: =O59/$F59 -> #DIV/0! | R59: =Q59/$F59 -> #DIV/0! | S59: =O59+Q59 -> 0 | T59: =S59/$F59 -> #DIV/0! | V59: =U59/$F59 -> #DIV/0! | X59: =W59/$F59 -> #DIV/0! | Z59: =Y59/$F59 -> #DIV/0! | AB59: =AA59/$F59 -> #DIV/0! | AC59: =Y59+AA59 -> 0 | AD59: =AC59/$F59 -> #DIV/0! | AF59: =AE59/F59 -> #DIV/0! | AH59: =AG59/$F59 -> #DIV/0! | AJ59: =AI59/$F59 -> #DIV/0! | AL59: =AK59/$F59 -> #DIV/0!
D60: 46074 | E60: 六 | J60: =I60/$F60 -> #DIV/0! | L60: =K60/$F60 -> #DIV/0! | M60: =I60+K60 -> 0 | N60: =M60/$F60 -> #DIV/0! | P60: =O60/$F60 -> #DIV/0! | R60: =Q60/$F60 -> #DIV/0! | S60: =O60+Q60 -> 0 | T60: =S60/$F60 -> #DIV/0! | V60: =U60/$F60 -> #DIV/0! | X60: =W60/$F60 -> #DIV/0! | Z60: =Y60/$F60 -> #DIV/0! | AB60: =AA60/$F60 -> #DIV/0! | AC60: =Y60+AA60 -> 0 | AD60: =AC60/$F60 -> #DIV/0! | AF60: =AE60/F60 -> #DIV/0! | AH60: =AG60/$F60 -> #DIV/0! | AJ60: =AI60/$F60 -> #DIV/0! | AL60: =AK60/$F60 -> #DIV/0!
D61: 46075 | E61: 日 | J61: =I61/$F61 -> #DIV/0! | L61: =K61/$F61 -> #DIV/0! | M61: =I61+K61 -> 0 | N61: =M61/F61 -> #DIV/0! | P61: =O61/$F61 -> #DIV/0! | R61: =Q61/$F61 -> #DIV/0! | S61: =O61+Q61 -> 0 | T61: =S61/F61 -> #DIV/0! | V61: =U61/F61 -> #DIV/0! | X61: =W61/$F61 -> #DIV/0! | Z61: =Y61/$F61 -> #DIV/0! | AB61: =AA61/$F61 -> #DIV/0! | AC61: =Y61+AA61 -> 0 | AD61: =AC61/$F61 -> #DIV/0! | AF61: =AE61/F61 -> #DIV/0! | AH61: =AG61/$F61 -> #DIV/0! | AJ61: =AI61/$F61 -> #DIV/0! | AL61: =AK61/$F61 -> #DIV/0!
D62: 46076 | E62: 一 | J62: =I62/$F62 -> #DIV/0! | L62: =K62/$F62 -> #DIV/0! | M62: =I62+K62 -> 0 | N62: =M62/$F62 -> #DIV/0! | P62: =O62/$F62 -> #DIV/0! | R62: =Q62/$F62 -> #DIV/0! | S62: =O62+Q62 -> 0 | T62: =S62/$F62 -> #DIV/0! | V62: =U62/$F62 -> #DIV/0! | X62: =W62/$F62 -> #DIV/0! | Z62: =Y62/$F62 -> #DIV/0! | AB62: =AA62/$F62 -> #DIV/0! | AC62: =Y62+AA62 -> 0 | AD62: =AC62/$F62 -> #DIV/0! | AF62: =AE62/F62 -> #DIV/0! | AH62: =AG62/$F62 -> #DIV/0! | AJ62: =AI62/$F62 -> #DIV/0! | AL62: =AK62/$F62 -> #DIV/0!
B63: =B56+7 -> 46085 | D63: 46077 | E63: 二 | G63: =SUM(F63:F69) -> 0 | J63: =I63/$F63 -> #DIV/0! | L63: =K63/$F63 -> #DIV/0! | M63: =I63+K63 -> 0 | N63: =M63/F63 -> #DIV/0! | P63: =O63/$F63 -> #DIV/0! | R63: =Q63/$F63 -> #DIV/0! | S63: =O63+Q63 -> 0 | T63: =S63/F63 -> #DIV/0! | V63: =U63/F63 -> #DIV/0! | X63: =W63/$F63 -> #DIV/0! | Z63: =Y63/$F63 -> #DIV/0! | AB63: =AA63/$F63 -> #DIV/0! | AC63: =Y63+AA63 -> 0 | AD63: =AC63/$F63 -> #DIV/0! | AF63: =AE63/F63 -> #DIV/0! | AH63: =AG63/$F63 -> #DIV/0! | AJ63: =AI63/$F63 -> #DIV/0! | AL63: =AK63/$F63 -> #DIV/0!
D64: 46078 | E64: 三 | J64: =I64/$F64 -> #DIV/0! | L64: =K64/$F64 -> #DIV/0! | M64: =I64+K64 -> 0 | N64: =M64/$F64 -> #DIV/0! | P64: =O64/$F64 -> #DIV/0! | R64: =Q64/$F64 -> #DIV/0! | S64: =O64+Q64 -> 0 | T64: =S64/$F64 -> #DIV/0! | V64: =U64/$F64 -> #DIV/0! | X64: =W64/$F64 -> #DIV/0! | Z64: =Y64/$F64 -> #DIV/0! | AB64: =AA64/$F64 -> #DIV/0! | AC64: =Y64+AA64 -> 0 | AD64: =AC64/$F64 -> #DIV/0! | AF64: =AE64/F64 -> #DIV/0! | AH64: =AG64/$F64 -> #DIV/0! | AJ64: =AI64/$F64 -> #DIV/0! | AL64: =AK64/$F64 -> #DIV/0!
D65: 46079 | E65: 四 | J65: =I65/$F65 -> #DIV/0! | L65: =K65/$F65 -> #DIV/0! | M65: =I65+K65 -> 0 | N65: =M65/F65 -> #DIV/0! | P65: =O65/$F65 -> #DIV/0! | R65: =Q65/$F65 -> #DIV/0! | S65: =O65+Q65 -> 0 | T65: =S65/F65 -> #DIV/0! | V65: =U65/F65 -> #DIV/0! | X65: =W65/$F65 -> #DIV/0! | Z65: =Y65/$F65 -> #DIV/0! | AB65: =AA65/$F65 -> #DIV/0! | AC65: =Y65+AA65 -> 0 | AD65: =AC65/$F65 -> #DIV/0! | AF65: =AE65/F65 -> #DIV/0! | AH65: =AG65/$F65 -> #DIV/0! | AJ65: =AI65/$F65 -> #DIV/0! | AL65: =AK65/$F65 -> #DIV/0!
D66: 46080 | E66: 五 | J66: =I66/$F66 -> #DIV/0! | L66: =K66/$F66 -> #DIV/0! | M66: =I66+K66 -> 0 | N66: =M66/$F66 -> #DIV/0! | P66: =O66/$F66 -> #DIV/0! | R66: =Q66/$F66 -> #DIV/0! | S66: =O66+Q66 -> 0 | T66: =S66/$F66 -> #DIV/0! | V66: =U66/$F66 -> #DIV/0! | X66: =W66/$F66 -> #DIV/0! | Z66: =Y66/$F66 -> #DIV/0! | AB66: =AA66/$F66 -> #DIV/0! | AC66: =Y66+AA66 -> 0 | AD66: =AC66/$F66 -> #DIV/0! | AF66: =AE66/F66 -> #DIV/0! | AH66: =AG66/$F66 -> #DIV/0! | AJ66: =AI66/$F66 -> #DIV/0! | AL66: =AK66/$F66 -> #DIV/0!
D67: 46081 | E67: 六 | J67: =I67/$F67 -> #DIV/0! | L67: =K67/$F67 -> #DIV/0! | M67: =I67+K67 -> 0 | N67: =M67/$F67 -> #DIV/0! | P67: =O67/$F67 -> #DIV/0! | R67: =Q67/$F67 -> #DIV/0! | S67: =O67+Q67 -> 0 | T67: =S67/$F67 -> #DIV/0! | V67: =U67/$F67 -> #DIV/0! | X67: =W67/$F67 -> #DIV/0! | Z67: =Y67/$F67 -> #DIV/0! | AB67: =AA67/$F67 -> #DIV/0! | AC67: =Y67+AA67 -> 0 | AD67: =AC67/$F67 -> #DIV/0! | AF67: =AE67/F67 -> #DIV/0! | AH67: =AG67/$F67 -> #DIV/0! | AJ67: =AI67/$F67 -> #DIV/0! | AL67: =AK67/$F67 -> #DIV/0!
C68: 三 | D68: 46082 | E68: 日 | J68: =I68/$F68 -> #DIV/0! | L68: =K68/$F68 -> #DIV/0! | M68: =I68+K68 -> 0 | N68: =M68/F68 -> #DIV/0! | P68: =O68/$F68 -> #DIV/0! | R68: =Q68/$F68 -> #DIV/0! | S68: =O68+Q68 -> 0 | T68: =S68/F68 -> #DIV/0! | V68: =U68/F68 -> #DIV/0! | X68: =W68/$F68 -> #DIV/0! | Z68: =Y68/$F68 -> #DIV/0! | AB68: =AA68/$F68 -> #DIV/0! | AC68: =Y68+AA68 -> 0 | AD68: =AC68/$F68 -> #DIV/0! | AF68: =AE68/F68 -> #DIV/0! | AH68: =AG68/$F68 -> #DIV/0! | AJ68: =AI68/$F68 -> #DIV/0! | AL68: =AK68/$F68 -> #DIV/0!
D69: 46083 | E69: 一 | H69: =SUM(F68:F69) -> 0 | J69: =I69/$F69 -> #DIV/0! | L69: =K69/$F69 -> #DIV/0! | M69: =I69+K69 -> 0 | N69: =M69/$F69 -> #DIV/0! | P69: =O69/$F69 -> #DIV/0! | R69: =Q69/$F69 -> #DIV/0! | S69: =O69+Q69 -> 0 | T69: =S69/$F69 -> #DIV/0! | V69: =U69/$F69 -> #DIV/0! | X69: =W69/$F69 -> #DIV/0! | Z69: =Y69/$F69 -> #DIV/0! | AB69: =AA69/$F69 -> #DIV/0! | AC69: =Y69+AA69 -> 0 | AD69: =AC69/$F69 -> #DIV/0! | AF69: =AE69/F69 -> #DIV/0! | AH69: =AG69/$F69 -> #DIV/0! | AJ69: =AI69/$F69 -> #DIV/0! | AL69: =AK69/$F69 -> #DIV/0!

Sheet （４）訂單數量構成比
B2: （4）訂單數量構成比
B3: 資料繳交日 | C3: 月份 | D3: 日期 | F3: 訂單量 | I3: 品類訂單量
I4: 18℃-飯糰 | O4: 18℃-壽司手卷 | U4: 4℃-飯糰 | W4: 4℃-壽司手卷 | Y4: 主食 | AE4: 便當 | AG4: 熱食義麵 | AI4: 季節調理麵 | AK4: 微波小吃
F5: 日 | G5: 週累積 | H5: 月累積 | I5: 一配 | K5: 二配 | M5: 合計 | O5: 一配 | Q5: 二配 | S5: 合計 | U5: 一配 | W5: 一配 | Y5: 一配 | AA5: 二配 | AC5: 合計 | AE5: 一配 | AG5: 一配 | AI5: 一配 | AK5: 一配
I6: 訂單數 | J6: 比例(%) | K6: 訂單數 | L6: 比例(%) | M6: 訂單數 | N6: 比例(%) | O6: 訂單數 | P6: 比例(%) | Q6: 訂單數 | R6: 比例(%) | S6: 訂單數 | T6: 比例(%) | U6: 訂單數 | V6: 比例(%) | W6: 訂單數 | X6: 比例(%) | Y6: 訂單數 | Z6: 比例(%) | AA6: 訂單數 | AB6: 比例(%) | AC6: 訂單數 | AD6: 比例(%) | AE6: 訂單數 | AF6: 比例(%) | AG6: 訂單數 | AH6: 比例(%) | AI6: 訂單數 | AJ6: 比例(%) | AK6: 訂單數 | AL6: 比例(%)
B7: =D15 -> 46029 | D7: 46021 | E7: 二 | F7: =SUM(M7,S7,U7,W7,AC7,AE7,AG7,AI7,AK7) -> 160010 | G7: =SUM(F7:F13) -> 1040875 | I7: 41135 | J7: =I7/$F7 -> 0.25707768 | K7: 49025 | L7: =K7/$F7 -> 0.3063871 | M7: =I7+K7 -> 90160 | N7: =M7/$F7 -> 0.56346478 | O7: 10414 | P7: =O7/$F7 -> 0.065083432 | Q7: 5418 | R7: =Q7/$F7 -> 0.033860384 | S7: =O7+Q7 -> 15832 | T7: =S7/$F7 -> 0.098943816 | U7: 4682 | V7: =U7/$F7 -> 0.029260671 | W7: 0 | X7: =W7/$F7 -> 0 | Y7: 3810 | Z7: =Y7/$F7 -> 0.023811012 | AA7: 12841 | AB7: =AA7/$F7 -> 0.080251234 | AC7: =Y7+AA7 -> 16651 | AD7: =AC7/$F7 -> 0.10406225 | AE7: 22032 | AF7: =AE7/$F7 -> 0.13769139 | AG7: 3448 | AH7: =AG7/$F7 -> 0.021548653 | AI7: 1909 | AJ7: =AI7/$F7 -> 0.011930504 | AK7: 5296 | AL7: =AK7/$F7 -> 0.033097931
D8: 46022 | E8: 三 | F8: =SUM(M8,S8,U8,W8,AC8,AE8,AG8,AI8,AK8) -> 129015 | I8: 27508 | J8: =I8/$F8 -> 0.21321552 | K8: 45667 | L8: =K8/$F8 -> 0.35396659 | M8: =I8+K8 -> 73175 | N8: =M8/$F8 -> 0.56718211 | O8: 7977 | P8: =O8/$F8 -> 0.06183002 | Q8: 4464 | R8: =Q8/$F8 -> 0.034600628 | S8: =O8+Q8 -> 12441 | T8: =S8/$F8 -> 0.096430648 | U8: 3651 | V8: =U8/$F8 -> 0.028299035 | W8: 0 | X8: =W8/$F8 -> 0 | Y8: 3262 | Z8: =Y8/$F8 -> 0.025283882 | AA8: 11681 | AB8: =AA8/$F8 -> 0.09053986 | AC8: =Y8+AA8 -> 14943 | AD8: =AC8/$F8 -> 0.11582374 | AE8: 15484 | AF8: =AE8/$F8 -> 0.12001705 | AG8: 2891 | AH8: =AG8/$F8 -> 0.022408247 | AI8: 1652 | AJ8: =AI8/$F8 -> 0.012804713 | AK8: 4778 | AL8: =AK8/$F8 -> 0.037034453
C9: 一 | D9: 46023 | E9: 四 | F9: =SUM(M9,S9,U9,W9,AC9,AE9,AG9,AI9,AK9) -> 149358 | H9: =SUM(F9:F39) -> 4065016 | I9: 37452 | J9: =I9/$F9 -> 0.25075322 | K9: 47285 | L9: =K9/$F9 -> 0.31658833 | M9: =I9+K9 -> 84737 | N9: =M9/$F9 -> 0.56734156 | O9: 10291 | P9: =O9/$F9 -> 0.068901565 | Q9: 5336 | R9: =Q9/$F9 -> 0.035726242 | S9: =O9+Q9 -> 15627 | T9: =S9/$F9 -> 0.10462781 | U9: 4491 | V9: =U9/$F9 -> 0.030068694 | W9: 0 | X9: =W9/$F9 -> 0 | Y9: 3501 | Z9: =Y9/$F9 -> 0.023440325 | AA9: 10812 | AB9: =AA9/$F9 -> 0.072389828 | AC9: =Y9+AA9 -> 14313 | AD9: =AC9/$F9 -> 0.095830153 | AE9: 19326 | AF9: =AE9/$F9 -> 0.12939381 | AG9: 3460 | AH9: =AG9/$F9 -> 0.023165816 | AI9: 2098 | AJ9: =AI9/$F9 -> 0.014046787 | AK9: 5306 | AL9: =AK9/$F9 -> 0.035525382
D10: 46024 | E10: 五 | F10: =SUM(M10,S10,U10,W10,AC10,AE10,AG10,AI10,AK10) -> 127084 | I10: 31423 | J10: =I10/$F10 -> 0.24726165 | K10: 43837 | L10: =K10/$F10 -> 0.34494508 | M10: =I10+K10 -> 75260 | N10: =M10/$F10 -> 0.59220673 | O10: 7172 | P10: =O10/$F10 -> 0.056435114 | Q10: 4438 | R10: =Q10/$F10 -> 0.034921784 | S10: =O10+Q10 -> 11610 | T10: =S10/$F10 -> 0.091356898 | U10: 3270 | V10: =U10/$F10 -> 0.025731013 | W10: 0 | X10: =W10/$F10 -> 0 | Y10: 3221 | Z10: =Y10/$F10 -> 0.025345441 | AA10: 11287 | AB10: =AA10/$F10 -> 0.088815272 | AC10: =Y10+AA10 -> 14508 | AD10: =AC10/$F10 -> 0.11416071 | AE10: 13863 | AF10: =AE10/$F10 -> 0.10908533 | AG10: 2710 | AH10: =AG10/$F10 -> 0.021324478 | AI10: 1160 | AJ10: =AI10/$F10 -> 0.009127821 | AK10: 4703 | AL10: =AK10/$F10 -> 0.037007019
D11: 46025 | E11: 六 | F11: =SUM(M11,S11,U11,W11,AC11,AE11,AG11,AI11,AK11) -> 134835 | I11: 29003 | J11: =I11/$F11 -> 0.21509994 | K11: 49620 | L11: =K11/$F11 -> 0.36800534 | M11: =I11+K11 -> 78623 | N11: =M11/$F11 -> 0.58310528 | O11: 6256 | P11: =O11/$F11 -> 0.046397449 | Q11: 4122 | R11: =Q11/$F11 -> 0.030570698 | S11: =O11+Q11 -> 10378 | T11: =S11/$F11 -> 0.076968146 | U11: 3736 | V11: =U11/$F11 -> 0.027707939 | W11: 0 | X11: =W11/$F11 -> 0 | Y11: 3584 | Z11: =Y11/$F11 -> 0.026580636 | AA11: 12289 | AB11: =AA11/$F11 -> 0.091141024 | AC11: =Y11+AA11 -> 15873 | AD11: =AC11/$F11 -> 0.11772166 | AE11: 16705 | AF11: =AE11/$F11 -> 0.12389216 | AG11: 3015 | AH11: =AG11/$F11 -> 0.022360663 | AI11: 1726 | AJ11: =AI11/$F11 -> 0.012800831 | AK11: 4779 | AL11: =AK11/$F11 -> 0.03544332
D12: 46026 | E12: 日 | F12: =SUM(M12,S12,U12,W12,AC12,AE12,AG12,AI12,AK12) -> 171722 | I12: 41974 | J12: =I12/$F12 -> 0.24442995 | K12: 54588 | L12: =K12/$F12 -> 0.31788589 | M12: =I12+K12 -> 96562 | N12: =M12/$F12 -> 0.56231584 | O12: 10766 | P12: =O12/$F12 -> 0.062694355 | Q12: 5034 | R12: =Q12/$F12 -> 0.029314823 | S12: =O12+Q12 -> 15800 | T12: =S12/$F12 -> 0.092009178 | U12: 4855 | V12: =U12/$F12 -> 0.02827244 | W12: 0 | X12: =W12/$F12 -> 0 | Y12: 4218 | Z12: =Y12/$F12 -> 0.024562956 | AA12: 13631 | AB12: =AA12/$F12 -> 0.079378297 | AC12: =Y12+AA12 -> 17849 | AD12: =AC12/$F12 -> 0.10394125 | AE12: 26492 | AF12: =AE12/$F12 -> 0.1542726 | AG12: 3536 | AH12: =AG12/$F12 -> 0.020591421 | AI12: 1552 | AJ12: =AI12/$F12 -> 0.0090378635 | AK12: 5076 | AL12: =AK12/$F12 -> 0.029559404
D13: 46027 | E13: 一 | F13: =SUM(M13,S13,U13,W13,AC13,AE13,AG13,AI13,AK13) -> 168851 | I13: 40455 | J13: =I13/$F13 -> 0.23958993 | K13: 57918 | L13: =K13/$F13 -> 0.34301248 | M13: =I13+K13 -> 98373 | N13: =M13/$F13 -> 0.58260241 | O13: 9493 | P13: =O13/$F13 -> 0.056221165 | Q13: 5023 | R13: =Q13/$F13 -> 0.029748121 | S13: =O13+Q13 -> 14516 | T13: =S13/$F13 -> 0.085969287 | U13: 4622 | V13: =U13/$F13 -> 0.027373246 | W13: 0 | X13: =W13/$F13 -> 0 | Y13: 4021 | Z13: =Y13/$F13 -> 0.023813895 | AA13: 12694 | AB13: =AA13/$F13 -> 0.075178708 | AC13: =Y13+AA13 -> 16715 | AD13: =AC13/$F13 -> 0.098992603 | AE13: 23384 | AF13: =AE13/$F13 -> 0.13848896 | AG13: 3549 | AH13: =AG13/$F13 -> 0.021018531 | AI13: 1949 | AJ13: =AI13/$F13 -> 0.011542721 | AK13: 5743 | AL13: =AK13/$F13 -> 0.034012236
B14: =D22 -> 46036 | D14: 46028 | E14: 二 | F14: =SUM(M14,S14,U14,W14,AC14,AE14,AG14,AI14,AK14) -> 174288 | G14: =SUM(F14:F20) -> 1121087 | I14: 45782 | J14: =I14/$F14 -> 0.26268016 | K14: 57378 | L14: =K14/$F14 -> 0.32921372 | M14: =I14+K14 -> 103160 | N14: =M14/$F14 -> 0.59189388 | O14: 9479 | P14: =O14/$F14 -> 0.054386992 | Q14: 5415 | R14: =Q14/$F14 -> 0.031069265 | S14: =O14+Q14 -> 14894 | T14: =S14/$F14 -> 0.085456256 | U14: 4452 | V14: =U14/$F14 -> 0.025543927 | W14: 2900 | X14: =W14/$F14 -> 0.016639126 | Y14: 3969 | Z14: =Y14/$F14 -> 0.022772652 | AA14: 11938 | AB14: =AA14/$F14 -> 0.068495823 | AC14: =Y14+AA14 -> 15907 | AD14: =AC14/$F14 -> 0.091268475 | AE14: 22495 | AF14: =AE14/$F14 -> 0.12906798 | AG14: 3433 | AH14: =AG14/$F14 -> 0.019697283 | AI14: 1783 | AJ14: =AI14/$F14 -> 0.010230194 | AK14: 5264 | AL14: =AK14/$F14 -> 0.030202883
D15: 46029 | E15: 三 | F15: =SUM(M15,S15,U15,W15,AC15,AE15,AG15,AI15,AK15) -> 171001 | I15: 43497 | J15: =I15/$F15 -> 0.25436693 | K15: 55184 | L15: =K15/$F15 -> 0.32271156 | M15: =I15+K15 -> 98681 | N15: =M15/$F15 -> 0.5770785 | O15: 9709 | P15: =O15/$F15 -> 0.056777446 | Q15: 5581 | R15: =Q15/$F15 -> 0.032637236 | S15: =O15+Q15 -> 15290 | T15: =S15/$F15 -> 0.089414682 | U15: 4232 | V15: =U15/$F15 -> 0.024748393 | W15: 2740 | X15: =W15/$F15 -> 0.016023298 | Y15: 836 | Z15: =Y15/$F15 -> 0.0048888603 | AA15: 11796 | AB15: =AA15/$F15 -> 0.068982053 | AC15: =Y15+AA15 -> 12632 | AD15: =AC15/$F15 -> 0.073870913 | AE15: 23212 | AF15: =AE15/$F15 -> 0.1357419 | AG15: 3328 | AH15: =AG15/$F15 -> 0.019461874 | AI15: 5004 | AJ15: =AI15/$F15 -> 0.029262987 | AK15: 5882 | AL15: =AK15/$F15 -> 0.03439746
D16: 46030 | E16: 四 | F16: =SUM(M16,S16,U16,W16,AC16,AE16,AG16,AI16,AK16) -> 156400 | I16: 41733 | J16: =I16/$F16 -> 0.26683504 | K16: 48925 | L16: =K16/$F16 -> 0.31281969 | M16: =I16+K16 -> 90658 | N16: =M16/$F16 -> 0.57965473 | O16: 9429 | P16: =O16/$F16 -> 0.060287724 | Q16: 5221 | R16: =Q16/$F16 -> 0.033382353 | S16: =O16+Q16 -> 14650 | T16: =S16/$F16 -> 0.093670077 | U16: 4215 | V16: =U16/$F16 -> 0.026950128 | W16: 405 | X16: =W16/$F16 -> 0.0025895141 | Y16: 3789 | Z16: =Y16/$F16 -> 0.024226343 | AA16: 9859 | AB16: =AA16/$F16 -> 0.063037084 | AC16: =Y16+AA16 -> 13648 | AD16: =AC16/$F16 -> 0.087263427 | AE16: 21480 | AF16: =AE16/$F16 -> 0.13734015 | AG16: 3025 | AH16: =AG16/$F16 -> 0.019341432 | AI16: 2201 | AJ16: =AI16/$F16 -> 0.01407289 | AK16: 6118 | AL16: =AK16/$F16 -> 0.039117647
D17: 46031 | E17: 五 | F17: =SUM(M17,S17,U17,W17,AC17,AE17,AG17,AI17,AK17) -> 132095 | I17: 33996 | J17: =I17/$F17 -> 0.25736023 | K17: 44886 | L17: =K17/$F17 -> 0.3398009 | M17: =I17+K17 -> 78882 | N17: =M17/$F17 -> 0.59716113 | O17: 6194 | P17: =O17/$F17 -> 0.046890495 | Q17: 4142 | R17: =Q17/$F17 -> 0.031356221 | S17: =O17+Q17 -> 10336 | T17: =S17/$F17 -> 0.078246716 | U17: 3243 | V17: =U17/$F17 -> 0.024550513 | W17: 1392 | X17: =W17/$F17 -> 0.01053787 | Y17: 3138 | Z17: =Y17/$F17 -> 0.02375563 | AA17: 9632 | AB17: =AA17/$F17 -> 0.072917219 | AC17: =Y17+AA17 -> 12770 | AD17: =AC17/$F17 -> 0.096672849 | AE17: 17156 | AF17: =AE17/$F17 -> 0.12987623 | AG17: 2408 | AH17: =AG17/$F17 -> 0.018229305 | AI17: 1392 | AJ17: =AI17/$F17 -> 0.01053787 | AK17: 4516 | AL17: =AK17/$F17 -> 0.034187517
D18: 46032 | E18: 六 | F18: =SUM(M18,S18,U18,W18,AC18,AE18,AG18,AI18,AK18) -> 138394 | I18: 31871 | J18: =I18/$F18 -> 0.23029178 | K18: 49880 | L18: =K18/$F18 -> 0.36042025 | M18: =I18+K18 -> 81751 | N18: =M18/$F18 -> 0.59071203 | O18: 5424 | P18: =O18/$F18 -> 0.039192451 | Q18: 3850 | R18: =Q18/$F18 -> 0.027819125 | S18: =O18+Q18 -> 9274 | T18: =S18/$F18 -> 0.067011576 | U18: 3597 | V18: =U18/$F18 -> 0.025991011 | W18: 1941 | X18: =W18/$F18 -> 0.014025175 | Y18: 3717 | Z18: =Y18/$F18 -> 0.026858101 | AA18: 10434 | AB18: =AA18/$F18 -> 0.075393442 | AC18: =Y18+AA18 -> 14151 | AD18: =AC18/$F18 -> 0.10225154 | AE18: 17868 | AF18: =AE18/$F18 -> 0.12910964 | AG18: 2655 | AH18: =AG18/$F18 -> 0.019184358 | AI18: 2197 | AJ18: =AI18/$F18 -> 0.015874966 | AK18: 4960 | AL18: =AK18/$F18 -> 0.035839704
D19: 46033 | E19: 日 | F19: =SUM(M19,S19,U19,W19,AC19,AE19,AG19,AI19,AK19) -> 178077 | I19: 45355 | J19: =I19/$F19 -> 0.25469319 | K19: 55836 | L19: =K19/$F19 -> 0.31354976 | M19: =I19+K19 -> 101191 | N19: =M19/$F19 -> 0.56824295 | O19: 9274 | P19: =O19/$F19 -> 0.052078595 | Q19: 4954 | R19: =Q19/$F19 -> 0.027819426 | S19: =O19+Q19 -> 14228 | T19: =S19/$F19 -> 0.079898022 | U19: 4516 | V19: =U19/$F19 -> 0.025359816 | W19: 3611 | X19: =W19/$F19 -> 0.020277745 | Y19: 4173 | Z19: =Y19/$F19 -> 0.023433683 | AA19: 12301 | AB19: =AA19/$F19 -> 0.06907686 | AC19: =Y19+AA19 -> 16474 | AD19: =AC19/$F19 -> 0.092510543 | AE19: 27539 | AF19: =AE19/$F19 -> 0.15464659 | AG19: 3092 | AH19: =AG19/$F19 -> 0.017363275 | AI19: 2421 | AJ19: =AI19/$F19 -> 0.013595243 | AK19: 5005 | AL19: =AK19/$F19 -> 0.028105819
D20: 46034 | E20: 一 | F20: =SUM(M20,S20,U20,W20,AC20,AE20,AG20,AI20,AK20) -> 170832 | I20: 44451 | J20: =I20/$F20 -> 0.26020301 | K20: 54424 | L20: =K20/$F20 -> 0.318582 | M20: =I20+K20 -> 98875 | N20: =M20/$F20 -> 0.57878501 | O20: 8692 | P20: =O20/$F20 -> 0.050880397 | Q20: 4961 | R20: =Q20/$F20 -> 0.029040227 | S20: =O20+Q20 -> 13653 | T20: =S20/$F20 -> 0.079920624 | U20: 4319 | V20: =U20/$F20 -> 0.025282149 | W20: 2386 | X20: =W20/$F20 -> 0.013966938 | Y20: 3734 | Z20: =Y20/$F20 -> 0.021857732 | AA20: 11420 | AB20: =AA20/$F20 -> 0.066849302 | AC20: =Y20+AA20 -> 15154 | AD20: =AC20/$F20 -> 0.088707034 | AE20: 24431 | AF20: =AE20/$F20 -> 0.14301185 | AG20: 3273 | AH20: =AG20/$F20 -> 0.019159174 | AI20: 3204 | AJ20: =AI20/$F20 -> 0.018755268 | AK20: 5537 | AL20: =AK20/$F20 -> 0.03241196
B21: =D29 -> 46043 | D21: 46035 | E21: 二 | F21: =SUM(M21,S21,U21,W21,AC21,AE21,AG21,AI21,AK21) -> 169120 | G21: =SUM(F21:F27) -> 1095713 | I21: 47821 | J21: =I21/$F21 -> 0.28276372 | K21: 53333 | L21: =K21/$F21 -> 0.31535596 | M21: =I21+K21 -> 101154 | N21: =M21/$F21 -> 0.59811968 | O21: 8229 | P21: =O21/$F21 -> 0.048657758 | Q21: 5008 | R21: =Q21/$F21 -> 0.02961211 | S21: =O21+Q21 -> 13237 | T21: =S21/$F21 -> 0.078269868 | U21: 4395 | V21: =U21/$F21 -> 0.025987465 | W21: 1870 | X21: =W21/$F21 -> 0.011057237 | Y21: 3505 | Z21: =Y21/$F21 -> 0.020724929 | AA21: 11345 | AB21: =AA21/$F21 -> 0.067082545 | AC21: =Y21+AA21 -> 14850 | AD21: =AC21/$F21 -> 0.087807474 | AE21: 22509 | AF21: =AE21/$F21 -> 0.13309484 | AG21: 2950 | AH21: =AG21/$F21 -> 0.017443236 | AI21: 2567 | AJ21: =AI21/$F21 -> 0.015178571 | AK21: 5588 | AL21: =AK21/$F21 -> 0.033041627
D22: 46036 | E22: 三 | F22: =SUM(M22,S22,U22,W22,AC22,AE22,AG22,AI22,AK22) -> 162179 | I22: 44648 | J22: =I22/$F22 -> 0.27530075 | K22: 50722 | L22: =K22/$F22 -> 0.31275319 | M22: =I22+K22 -> 95370 | N22: =M22/$F22 -> 0.58805394 | O22: 8729 | P22: =O22/$F22 -> 0.053823245 | Q22: 5129 | R22: =Q22/$F22 -> 0.03162555 | S22: =O22+Q22 -> 13858 | T22: =S22/$F22 -> 0.085448794 | U22: 4024 | V22: =U22/$F22 -> 0.02481209 | W22: 2575 | X22: =W22/$F22 -> 0.015877518 | Y22: 3317 | Z22: =Y22/$F22 -> 0.02045271 | AA22: 10310 | AB22: =AA22/$F22 -> 0.063571732 | AC22: =Y22+AA22 -> 13627 | AD22: =AC22/$F22 -> 0.084024442 | AE22: 22110 | AF22: =AE22/$F22 -> 0.13633084 | AG22: 2796 | AH22: =AG22/$F22 -> 0.01724021 | AI22: 2503 | AJ22: =AI22/$F22 -> 0.015433564 | AK22: 5316 | AL22: =AK22/$F22 -> 0.032778596
D23: 46037 | E23: 四 | F23: =SUM(M23,S23,U23,W23,AC23,AE23,AG23,AI23,AK23) -> 149377 | I23: 42435 | J23: =I23/$F23 -> 0.28407988 | K23: 45752 | L23: =K23/$F23 -> 0.30628544 | M23: =I23+K23 -> 88187 | N23: =M23/$F23 -> 0.59036532 | O23: 8844 | P23: =O23/$F23 -> 0.059205902 | Q23: 5022 | R23: =Q23/$F23 -> 0.033619634 | S23: =O23+Q23 -> 13866 | T23: =S23/$F23 -> 0.092825535 | U23: 3955 | V23: =U23/$F23 -> 0.026476633 | W23: 1766 | X23: =W23/$F23 -> 0.011822436 | Y23: 3265 | Z23: =Y23/$F23 -> 0.021857448 | AA23: 8552 | AB23: =AA23/$F23 -> 0.057251116 | AC23: =Y23+AA23 -> 11817 | AD23: =AC23/$F23 -> 0.079108564 | AE23: 18589 | AF23: =AE23/$F23 -> 0.12444352 | AG23: 2773 | AH23: =AG23/$F23 -> 0.018563768 | AI23: 3290 | AJ23: =AI23/$F23 -> 0.02202481 | AK23: 5134 | AL23: =AK23/$F23 -> 0.034369414
D24: 46038 | E24: 五 | F24: =SUM(M24,S24,U24,W24,AC24,AE24,AG24,AI24,AK24) -> 131262 | I24: 36000 | J24: =I24/$F24 -> 0.27426064 | K24: 43904 | L24: =K24/$F24 -> 0.33447609 | M24: =I24+K24 -> 79904 | N24: =M24/$F24 -> 0.60873673 | O24: 5826 | P24: =O24/$F24 -> 0.044384513 | Q24: 4200 | R24: =Q24/$F24 -> 0.031997075 | S24: =O24+Q24 -> 10026 | T24: =S24/$F24 -> 0.076381588 | U24: 3120 | V24: =U24/$F24 -> 0.023769255 | W24: 1849 | X24: =W24/$F24 -> 0.014086331 | Y24: 3263 | Z24: =Y24/$F24 -> 0.02485868 | AA24: 8927 | AB24: =AA24/$F24 -> 0.06800902 | AC24: =Y24+AA24 -> 12190 | AD24: =AC24/$F24 -> 0.0928677 | AE24: 15199 | AF24: =AE24/$F24 -> 0.11579132 | AG24: 2096 | AH24: =AG24/$F24 -> 0.015968064 | AI24: 2506 | AJ24: =AI24/$F24 -> 0.019091588 | AK24: 4372 | AL24: =AK24/$F24 -> 0.033307431
D25: 46039 | E25: 六 | F25: =SUM(M25,S25,U25,W25,AC25,AE25,AG25,AI25,AK25) -> 138888 | I25: 34070 | J25: =I25/$F25 -> 0.24530557 | K25: 49860 | L25: =K25/$F25 -> 0.3589943 | M25: =I25+K25 -> 83930 | N25: =M25/$F25 -> 0.60429987 | O25: 5398 | P25: =O25/$F25 -> 0.038865849 | Q25: 4012 | R25: =Q25/$F25 -> 0.028886585 | S25: =O25+Q25 -> 9410 | T25: =S25/$F25 -> 0.067752434 | U25: 3479 | V25: =U25/$F25 -> 0.02504896 | W25: 1514 | X25: =W25/$F25 -> 0.01090087 | Y25: 3519 | Z25: =Y25/$F25 -> 0.025336962 | AA25: 9669 | AB25: =AA25/$F25 -> 0.069617246 | AC25: =Y25+AA25 -> 13188 | AD25: =AC25/$F25 -> 0.094954208 | AE25: 17051 | AF25: =AE25/$F25 -> 0.12276799 | AG25: 2489 | AH25: =AG25/$F25 -> 0.017920915 | AI25: 3124 | AJ25: =AI25/$F25 -> 0.022492944 | AK25: 4703 | AL25: =AK25/$F25 -> 0.033861817
D26: 46040 | E26: 日 | F26: =SUM(M26,S26,U26,W26,AC26,AE26,AG26,AI26,AK26) -> 175701 | I26: 47604 | J26: =I26/$F26 -> 0.27093756 | K26: 55159 | L26: =K26/$F26 -> 0.31393674 | M26: =I26+K26 -> 102763 | N26: =M26/$F26 -> 0.5848743 | O26: 8918 | P26: =O26/$F26 -> 0.050756683 | Q26: 4936 | R26: =Q26/$F26 -> 0.028093181 | S26: =O26+Q26 -> 13854 | T26: =S26/$F26 -> 0.078849864 | U26: 4316 | V26: =U26/$F26 -> 0.024564459 | W26: 2283 | X26: =W26/$F26 -> 0.012993665 | Y26: 3988 | Z26: =Y26/$F26 -> 0.022697651 | AA26: 11705 | AB26: =AA26/$F26 -> 0.066618858 | AC26: =Y26+AA26 -> 15693 | AD26: =AC26/$F26 -> 0.089316509 | AE26: 26643 | AF26: =AE26/$F26 -> 0.15163829 | AG26: 2780 | AH26: =AG26/$F26 -> 0.015822335 | AI26: 2710 | AJ26: =AI26/$F26 -> 0.01542393 | AK26: 4659 | AL26: =AK26/$F26 -> 0.026516639
D27: 46041 | E27: 一 | F27: =SUM(M27,S27,U27,W27,AC27,AE27,AG27,AI27,AK27) -> 169186 | I27: 45661 | J27: =I27/$F27 -> 0.2698864 | K27: 53905 | L27: =K27/$F27 -> 0.31861383 | M27: =I27+K27 -> 99566 | N27: =M27/$F27 -> 0.58850023 | O27: 8284 | P27: =O27/$F27 -> 0.048963862 | Q27: 5013 | R27: =Q27/$F27 -> 0.029630111 | S27: =O27+Q27 -> 13297 | T27: =S27/$F27 -> 0.078593973 | U27: 4183 | V27: =U27/$F27 -> 0.024724268 | W27: 2255 | X27: =W27/$F27 -> 0.013328526 | Y27: 4010 | Z27: =Y27/$F27 -> 0.023701725 | AA27: 10910 | AB27: =AA27/$F27 -> 0.064485241 | AC27: =Y27+AA27 -> 14920 | AD27: =AC27/$F27 -> 0.088186966 | AE27: 23420 | AF27: =AE27/$F27 -> 0.13842753 | AG27: 2996 | AH27: =AG27/$F27 -> 0.017708321 | AI27: 3404 | AJ27: =AI27/$F27 -> 0.020119868 | AK27: 5145 | AL27: =AK27/$F27 -> 0.030410318
B28: =D36 -> 46050 | D28: 46042 | E28: 二 | F28: =SUM(M28,S28,U28,W28,AC28,AE28,AG28,AI28,AK28) -> 181180 | G28: =SUM(F28:F34) -> 1096366 | I28: 50837 | J28: =I28/$F28 -> 0.28058837 | K28: 53834 | L28: =K28/$F28 -> 0.29712993 | M28: =I28+K28 -> 104671 | N28: =M28/$F28 -> 0.57771829 | O28: 8257 | P28: =O28/$F28 -> 0.045573463 | Q28: 5249 | R28: =Q28/$F28 -> 0.028971189 | S28: =O28+Q28 -> 13506 | T28: =S28/$F28 -> 0.074544652 | U28: 4071 | V28: =U28/$F28 -> 0.022469367 | W28: 2390 | X28: =W28/$F28 -> 0.013191301 | Y28: 3615 | Z28: =Y28/$F28 -> 0.019952533 | AA28: 10835 | AB28: =AA28/$F28 -> 0.059802406 | AC28: =Y28+AA28 -> 14450 | AD28: =AC28/$F28 -> 0.07975494 | AE28: 27007 | AF28: =AE28/$F28 -> 0.14906171 | AG28: 1642 | AH28: =AG28/$F28 -> 0.0090628105 | AI28: 8083 | AJ28: =AI28/$F28 -> 0.044613092 | AK28: 5360 | AL28: =AK28/$F28 -> 0.029583839
D29: 46043 | E29: 三 | F29: =SUM(M29,S29,U29,W29,AC29,AE29,AG29,AI29,AK29) -> 167291 | I29: 48386 | J29: =I29/$F29 -> 0.28923253 | K29: 51256 | L29: =K29/$F29 -> 0.30638827 | M29: =I29+K29 -> 99642 | N29: =M29/$F29 -> 0.5956208 | O29: 8626 | P29: =O29/$F29 -> 0.051562846 | Q29: 5416 | R29: =Q29/$F29 -> 0.032374724 | S29: =O29+Q29 -> 14042 | T29: =S29/$F29 -> 0.08393757 | U29: 3534 | V29: =U29/$F29 -> 0.021124866 | W29: 2296 | X29: =W29/$F29 -> 0.013724588 | Y29: 2932 | Z29: =Y29/$F29 -> 0.017526346 | AA29: 9790 | AB29: =AA29/$F29 -> 0.058520781 | AC29: =Y29+AA29 -> 12722 | AD29: =AC29/$F29 -> 0.076047127 | AE29: 22017 | AF29: =AE29/$F29 -> 0.13160899 | AG29: 1405 | AH29: =AG29/$F29 -> 0.0083985391 | AI29: 5908 | AJ29: =AI29/$F29 -> 0.035315707 | AK29: 5725 | AL29: =AK29/$F29 -> 0.034221805
D30: 46044 | E30: 四 | F30: =SUM(M30,S30,U30,W30,AC30,AE30,AG30,AI30,AK30) -> 153715 | I30: 45454 | J30: =I30/$F30 -> 0.29570309 | K30: 45652 | L30: =K30/$F30 -> 0.29699118 | M30: =I30+K30 -> 91106 | N30: =M30/$F30 -> 0.59269427 | O30: 8194 | P30: =O30/$F30 -> 0.053306444 | Q30: 5083 | R30: =Q30/$F30 -> 0.03306769 | S30: =O30+Q30 -> 13277 | T30: =S30/$F30 -> 0.086374134 | U30: 3514 | V30: =U30/$F30 -> 0.022860489 | W30: 1597 | X30: =W30/$F30 -> 0.010389357 | Y30: 2865 | Z30: =Y30/$F30 -> 0.018638389 | AA30: 7852 | AB30: =AA30/$F30 -> 0.051081547 | AC30: =Y30+AA30 -> 10717 | AD30: =AC30/$F30 -> 0.069719936 | AE30: 20835 | AF30: =AE30/$F30 -> 0.13554305 | AG30: 1532 | AH30: =AG30/$F30 -> 0.0099664964 | AI30: 5698 | AJ30: =AI30/$F30 -> 0.037068601 | AK30: 5439 | AL30: =AK30/$F30 -> 0.035383665
D31: 46045 | E31: 五 | F31: =SUM(M31,S31,U31,W31,AC31,AE31,AG31,AI31,AK31) -> 127797 | I31: 35867 | J31: =I31/$F31 -> 0.28065604 | K31: 41536 | L31: =K31/$F31 -> 0.32501545 | M31: =I31+K31 -> 77403 | N31: =M31/$F31 -> 0.60567149 | O31: 5445 | P31: =O31/$F31 -> 0.042606634 | Q31: 4082 | R31: =Q31/$F31 -> 0.031941282 | S31: =O31+Q31 -> 9527 | T31: =S31/$F31 -> 0.074547916 | U31: 2846 | V31: =U31/$F31 -> 0.022269693 | W31: 1015 | X31: =W31/$F31 -> 0.0079422835 | Y31: 3036 | Z31: =Y31/$F31 -> 0.023756426 | AA31: 8300 | AB31: =AA31/$F31 -> 0.064946751 | AC31: =Y31+AA31 -> 11336 | AD31: =AC31/$F31 -> 0.088703178 | AE31: 16543 | AF31: =AE31/$F31 -> 0.12944748 | AG31: 1337 | AH31: =AG31/$F31 -> 0.010461904 | AI31: 3361 | AJ31: =AI31/$F31 -> 0.026299522 | AK31: 4429 | AL31: =AK31/$F31 -> 0.034656526
D32: 46046 | E32: 六 | F32: =SUM(M32,S32,U32,W32,AC32,AE32,AG32,AI32,AK32) -> 133316 | I32: 33338 | J32: =I32/$F32 -> 0.25006751 | K32: 46783 | L32: =K32/$F32 -> 0.35091812 | M32: =I32+K32 -> 80121 | N32: =M32/$F32 -> 0.60098563 | O32: 5076 | P32: =O32/$F32 -> 0.03807495 | Q32: 3840 | R32: =Q32/$F32 -> 0.028803744 | S32: =O32+Q32 -> 8916 | T32: =S32/$F32 -> 0.066878694 | U32: 3194 | V32: =U32/$F32 -> 0.023958115 | W32: 1013 | X32: =W32/$F32 -> 0.0075984878 | Y32: 3199 | Z32: =Y32/$F32 -> 0.023995619 | AA32: 9023 | AB32: =AA32/$F32 -> 0.067681299 | AC32: =Y32+AA32 -> 12222 | AD32: =AC32/$F32 -> 0.091676918 | AE32: 17646 | AF32: =AE32/$F32 -> 0.13236221 | AG32: 1479 | AH32: =AG32/$F32 -> 0.011093942 | AI32: 3885 | AJ32: =AI32/$F32 -> 0.029141288 | AK32: 4840 | AL32: =AK32/$F32 -> 0.03630472
D33: 46047 | E33: 日 | F33: =SUM(M33,S33,U33,W33,AC33,AE33,AG33,AI33,AK33) -> 171924 | I33: 47028 | J33: =I33/$F33 -> 0.27353947 | K33: 52324 | L33: =K33/$F33 -> 0.30434378 | M33: =I33+K33 -> 99352 | N33: =M33/$F33 -> 0.57788325 | O33: 8148 | P33: =O33/$F33 -> 0.047393034 | Q33: 4799 | R33: =Q33/$F33 -> 0.027913497 | S33: =O33+Q33 -> 12947 | T33: =S33/$F33 -> 0.075306531 | U33: 4052 | V33: =U33/$F33 -> 0.023568554 | W33: 1675 | X33: =W33/$F33 -> 0.009742677 | Y33: 3746 | Z33: =Y33/$F33 -> 0.021788697 | AA33: 10861 | AB33: =AA33/$F33 -> 0.063173263 | AC33: =Y33+AA33 -> 14607 | AD33: =AC33/$F33 -> 0.08496196 | AE33: 28102 | AF33: =AE33/$F33 -> 0.16345595 | AG33: 1571 | AH33: =AG33/$F33 -> 0.0091377585 | AI33: 5244 | AJ33: =AI33/$F33 -> 0.03050185 | AK33: 4374 | AL33: =AK33/$F33 -> 0.025441474
D34: 46048 | E34: 一 | F34: =SUM(M34,S34,U34,W34,AC34,AE34,AG34,AI34,AK34) -> 161143 | I34: 42809 | J34: =I34/$F34 -> 0.26565845 | K34: 51118 | L34: =K34/$F34 -> 0.31722135 | M34: =I34+K34 -> 93927 | N34: =M34/$F34 -> 0.5828798 | O34: 7734 | P34: =O34/$F34 -> 0.047994638 | Q34: 4869 | R34: =Q34/$F34 -> 0.030215399 | S34: =O34+Q34 -> 12603 | T34: =S34/$F34 -> 0.078210037 | U34: 3993 | V34: =U34/$F34 -> 0.024779233 | W34: 1593 | X34: =W34/$F34 -> 0.0098856295 | Y34: 3684 | Z34: =Y34/$F34 -> 0.022861682 | AA34: 10125 | AB34: =AA34/$F34 -> 0.062832391 | AC34: =Y34+AA34 -> 13809 | AD34: =AC34/$F34 -> 0.085694073 | AE34: 23558 | AF34: =AE34/$F34 -> 0.14619313 | AG34: 1757 | AH34: =AG34/$F34 -> 0.010903359 | AI34: 5005 | AJ34: =AI34/$F34 -> 0.03105937 | AK34: 4898 | AL34: =AK34/$F34 -> 0.030395363
B35: =B28+7 -> 46057 | D35: 46049 | E35: 二 | G35: =SUM(F35:F41) -> 0 | J35: =I35/$F35 -> #DIV/0! | L35: =K35/$F35 -> #DIV/0! | M35: =I35+K35 -> 0 | N35: =M35/$F35 -> #DIV/0! | P35: =O35/$F35 -> #DIV/0! | R35: =Q35/$F35 -> #DIV/0! | S35: =O35+Q35 -> 0 | T35: =S35/$F35 -> #DIV/0! | V35: =U35/$F35 -> #DIV/0! | X35: =W35/$F35 -> #DIV/0! | Z35: =Y35/$F35 -> #DIV/0! | AB35: =AA35/$F35 -> #DIV/0! | AC35: =Y35+AA35 -> 0 | AD35: =AC35/$F35 -> #DIV/0! | AF35: =AE35/$F35 -> #DIV/0! | AH35: =AG35/$F35 -> #DIV/0! | AJ35: =AI35/$F35 -> #DIV/0! | AL35: =AK35/$F35 -> #DIV/0!
D36: 46050 | E36: 三 | J36: =I36/$F36 -> #DIV/0! | L36: =K36/$F36 -> #DIV/0! | M36: =I36+K36 -> 0 | N36: =M36/$F36 -> #DIV/0! | P36: =O36/$F36 -> #DIV/0! | R36: =Q36/$F36 -> #DIV/0! | S36: =O36+Q36 -> 0 | T36: =S36/$F36 -> #DIV/0! | V36: =U36/$F36 -> #DIV/0! | X36: =W36/$F36 -> #DIV/0! | Z36: =Y36/$F36 -> #DIV/0! | AB36: =AA36/$F36 -> #DIV/0! | AC36: =Y36+AA36 -> 0 | AD36: =AC36/$F36 -> #DIV/0! | AF36: =AE36/$F36 -> #DIV/0! | AH36: =AG36/$F36 -> #DIV/0! | AJ36: =AI36/$F36 -> #DIV/0! | AL36: =AK36/$F36 -> #DIV/0!
D37: 46051 | E37: 四 | J37: =I37/$F37 -> #DIV/0! | L37: =K37/$F37 -> #DIV/0! | M37: =I37+K37 -> 0 | N37: =M37/$F37 -> #DIV/0! | P37: =O37/$F37 -> #DIV/0! | R37: =Q37/$F37 -> #DIV/0! | S37: =O37+Q37 -> 0 | T37: =S37/$F37 -> #DIV/0! | V37: =U37/$F37 -> #DIV/0! | X37: =W37/$F37 -> #DIV/0! | Z37: =Y37/$F37 -> #DIV/0! | AB37: =AA37/$F37 -> #DIV/0! | AC37: =Y37+AA37 -> 0 | AD37: =AC37/$F37 -> #DIV/0! | AF37: =AE37/$F37 -> #DIV/0! | AH37: =AG37/$F37 -> #DIV/0! | AJ37: =AI37/$F37 -> #DIV/0! | AL37: =AK37/$F37 -> #DIV/0!
D38: 46052 | E38: 五 | J38: =I38/$F38 -> #DIV/0! | L38: =K38/$F38 -> #DIV/0! | M38: =I38+K38 -> 0 | N38: =M38/$F38 -> #DIV/0! | P38: =O38/$F38 -> #DIV/0! | R38: =Q38/$F38 -> #DIV/0! | S38: =O38+Q38 -> 0 | T38: =S38/$F38 -> #DIV/0! | V38: =U38/$F38 -> #DIV/0! | X38: =W38/$F38 -> #DIV/0! | Z38: =Y38/$F38 -> #DIV/0! | AB38: =AA38/$F38 -> #DIV/0! | AC38: =Y38+AA38 -> 0 | AD38: =AC38/$F38 -> #DIV/0! | AF38: =AE38/$F38 -> #DIV/0! | AH38: =AG38/$F38 -> #DIV/0! | AJ38: =AI38/$F38 -> #DIV/0! | AL38: =AK38/$F38 -> #DIV/0!
D39: 46053 | E39: 六 | J39: =I39/$F39 -> #DIV/0! | L39: =K39/$F39 -> #DIV/0! | M39: =I39+K39 -> 0 | N39: =M39/$F39 -> #DIV/0! | P39: =O39/$F39 -> #DIV/0! | R39: =Q39/$F39 -> #DIV/0! | S39: =O39+Q39 -> 0 | T39: =S39/$F39 -> #DIV/0! | V39: =U39/$F39 -> #DIV/0! | X39: =W39/$F39 -> #DIV/0! | Z39: =Y39/$F39 -> #DIV/0! | AB39: =AA39/$F39 -> #DIV/0! | AC39: =Y39+AA39 -> 0 | AD39: =AC39/$F39 -> #DIV/0! | AF39: =AE39/$F39 -> #DIV/0! | AH39: =AG39/$F39 -> #DIV/0! | AJ39: =AI39/$F39 -> #DIV/0! | AL39: =AK39/$F39 -> #DIV/0!
C40: 二 | D40: 46054 | E40: 日 | H40: =SUM(F40:F67) -> 0 | J40: =I40/$F40 -> #DIV/0! | L40: =K40/$F40 -> #DIV/0! | M40: =I40+K40 -> 0 | N40: =M40/$F40 -> #DIV/0! | P40: =O40/$F40 -> #DIV/0! | R40: =Q40/$F40 -> #DIV/0! | S40: =O40+Q40 -> 0 | T40: =S40/$F40 -> #DIV/0! | V40: =U40/$F40 -> #DIV/0! | X40: =W40/$F40 -> #DIV/0! | Z40: =Y40/$F40 -> #DIV/0! | AB40: =AA40/$F40 -> #DIV/0! | AC40: =Y40+AA40 -> 0 | AD40: =AC40/$F40 -> #DIV/0! | AF40: =AE40/$F40 -> #DIV/0! | AH40: =AG40/$F40 -> #DIV/0! | AJ40: =AI40/$F40 -> #DIV/0! | AL40: =AK40/$F40 -> #DIV/0!
D41: 46055 | E41: 一 | J41: =I41/$F41 -> #DIV/0! | L41: =K41/$F41 -> #DIV/0! | M41: =I41+K41 -> 0 | N41: =M41/$F41 -> #DIV/0! | P41: =O41/$F41 -> #DIV/0! | R41: =Q41/$F41 -> #DIV/0! | S41: =O41+Q41 -> 0 | T41: =S41/$F41 -> #DIV/0! | V41: =U41/$F41 -> #DIV/0! | X41: =W41/$F41 -> #DIV/0! | Z41: =Y41/$F41 -> #DIV/0! | AB41: =AA41/$F41 -> #DIV/0! | AC41: =Y41+AA41 -> 0 | AD41: =AC41/$F41 -> #DIV/0! | AF41: =AE41/$F41 -> #DIV/0! | AH41: =AG41/$F41 -> #DIV/0! | AJ41: =AI41/$F41 -> #DIV/0! | AL41: =AK41/$F41 -> #DIV/0!
B42: =B35+7 -> 46064 | D42: 46056 | E42: 二 | G42: =SUM(F42:F48) -> 0 | J42: =I42/$F42 -> #DIV/0! | L42: =K42/$F42 -> #DIV/0! | M42: =I42+K42 -> 0 | N42: =M42/$F42 -> #DIV/0! | P42: =O42/$F42 -> #DIV/0! | R42: =Q42/$F42 -> #DIV/0! | S42: =O42+Q42 -> 0 | T42: =S42/$F42 -> #DIV/0! | V42: =U42/$F42 -> #DIV/0! | X42: =W42/$F42 -> #DIV/0! | Z42: =Y42/$F42 -> #DIV/0! | AB42: =AA42/$F42 -> #DIV/0! | AC42: =Y42+AA42 -> 0 | AD42: =AC42/$F42 -> #DIV/0! | AF42: =AE42/$F42 -> #DIV/0! | AH42: =AG42/$F42 -> #DIV/0! | AJ42: =AI42/$F42 -> #DIV/0! | AL42: =AK42/$F42 -> #DIV/0!
D43: 46057 | E43: 三 | J43: =I43/$F43 -> #DIV/0! | L43: =K43/$F43 -> #DIV/0! | M43: =I43+K43 -> 0 | N43: =M43/$F43 -> #DIV/0! | P43: =O43/$F43 -> #DIV/0! | R43: =Q43/$F43 -> #DIV/0! | S43: =O43+Q43 -> 0 | T43: =S43/$F43 -> #DIV/0! | V43: =U43/$F43 -> #DIV/0! | X43: =W43/$F43 -> #DIV/0! | Z43: =Y43/$F43 -> #DIV/0! | AB43: =AA43/$F43 -> #DIV/0! | AC43: =Y43+AA43 -> 0 | AD43: =AC43/$F43 -> #DIV/0! | AF43: =AE43/$F43 -> #DIV/0! | AH43: =AG43/$F43 -> #DIV/0! | AJ43: =AI43/$F43 -> #DIV/0! | AL43: =AK43/$F43 -> #DIV/0!
D44: 46058 | E44: 四 | J44: =I44/$F44 -> #DIV/0! | L44: =K44/$F44 -> #DIV/0! | M44: =I44+K44 -> 0 | N44: =M44/$F44 -> #DIV/0! | P44: =O44/$F44 -> #DIV/0! | R44: =Q44/$F44 -> #DIV/0! | S44: =O44+Q44 -> 0 | T44: =S44/$F44 -> #DIV/0! | V44: =U44/$F44 -> #DIV/0! | X44: =W44/$F44 -> #DIV/0! | Z44: =Y44/$F44 -> #DIV/0! | AB44: =AA44/$F44 -> #DIV/0! | AC44: =Y44+AA44 -> 0 | AD44: =AC44/$F44 -> #DIV/0! | AF44: =AE44/$F44 -> #DIV/0! | AH44: =AG44/$F44 -> #DIV/0! | AJ44: =AI44/$F44 -> #DIV/0! | AL44: =AK44/$F44 -> #DIV/0!
D45: 46059 | E45: 五 | J45: =I45/$F45 -> #DIV/0! | L45: =K45/$F45 -> #DIV/0! | M45: =I45+K45 -> 0 | N45: =M45/$F45 -> #DIV/0! | P45: =O45/$F45 -> #DIV/0! | R45: =Q45/$F45 -> #DIV/0! | S45: =O45+Q45 -> 0 | T45: =S45/$F45 -> #DIV/0! | V45: =U45/$F45 -> #DIV/0! | X45: =W45/$F45 -> #DIV/0! | Z45: =Y45/$F45 -> #DIV/0! | AB45: =AA45/$F45 -> #DIV/0! | AC45: =Y45+AA45 -> 0 | AD45: =AC45/$F45 -> #DIV/0! | AF45: =AE45/$F45 -> #DIV/0! | AH45: =AG45/$F45 -> #DIV/0! | AJ45: =AI45/$F45 -> #DIV/0! | AL45: =AK45/$F45 -> #DIV/0!
D46: 46060 | E46: 六 | J46: =I46/$F46 -> #DIV/0! | L46: =K46/$F46 -> #DIV/0! | M46: =I46+K46 -> 0 | N46: =M46/$F46 -> #DIV/0! | P46: =O46/$F46 -> #DIV/0! | R46: =Q46/$F46 -> #DIV/0! | S46: =O46+Q46 -> 0 | T46: =S46/$F46 -> #DIV/0! | V46: =U46/$F46 -> #DIV/0! | X46: =W46/$F46 -> #DIV/0! | Z46: =Y46/$F46 -> #DIV/0! | AB46: =AA46/$F46 -> #DIV/0! | AC46: =Y46+AA46 -> 0 | AD46: =AC46/$F46 -> #DIV/0! | AF46: =AE46/$F46 -> #DIV/0! | AH46: =AG46/$F46 -> #DIV/0! | AJ46: =AI46/$F46 -> #DIV/0! | AL46: =AK46/$F46 -> #DIV/0!
D47: 46061 | E47: 日 | J47: =I47/$F47 -> #DIV/0! | L47: =K47/$F47 -> #DIV/0! | M47: =I47+K47 -> 0 | N47: =M47/$F47 -> #DIV/0! | P47: =O47/$F47 -> #DIV/0! | R47: =Q47/$F47 -> #DIV/0! | S47: =O47+Q47 -> 0 | T47: =S47/$F47 -> #DIV/0! | V47: =U47/$F47 -> #DIV/0! | X47: =W47/$F47 -> #DIV/0! | Z47: =Y47/$F47 -> #DIV/0! | AB47: =AA47/$F47 -> #DIV/0! | AC47: =Y47+AA47 -> 0 | AD47: =AC47/$F47 -> #DIV/0! | AF47: =AE47/$F47 -> #DIV/0! | AH47: =AG47/$F47 -> #DIV/0! | AJ47: =AI47/$F47 -> #DIV/0! | AL47: =AK47/$F47 -> #DIV/0!
D48: 46062 | E48: 一 | J48: =I48/$F48 -> #DIV/0! | L48: =K48/$F48 -> #DIV/0! | M48: =I48+K48 -> 0 | N48: =M48/$F48 -> #DIV/0! | P48: =O48/$F48 -> #DIV/0! | R48: =Q48/$F48 -> #DIV/0! | S48: =O48+Q48 -> 0 | T48: =S48/$F48 -> #DIV/0! | V48: =U48/$F48 -> #DIV/0! | X48: =W48/$F48 -> #DIV/0! | Z48: =Y48/$F48 -> #DIV/0! | AB48: =AA48/$F48 -> #DIV/0! | AC48: =Y48+AA48 -> 0 | AD48: =AC48/$F48 -> #DIV/0! | AF48: =AE48/$F48 -> #DIV/0! | AH48: =AG48/$F48 -> #DIV/0! | AJ48: =AI48/$F48 -> #DIV/0! | AL48: =AK48/$F48 -> #DIV/0!
B49: =B42+7 -> 46071 | D49: 46063 | E49: 二 | G49: =SUM(F49:F55) -> 0 | J49: =I49/$F49 -> #DIV/0! | L49: =K49/$F49 -> #DIV/0! | M49: =I49+K49 -> 0 | N49: =M49/$F49 -> #DIV/0! | P49: =O49/$F49 -> #DIV/0! | R49: =Q49/$F49 -> #DIV/0! | S49: =O49+Q49 -> 0 | T49: =S49/$F49 -> #DIV/0! | V49: =U49/$F49 -> #DIV/0! | X49: =W49/$F49 -> #DIV/0! | Z49: =Y49/$F49 -> #DIV/0! | AB49: =AA49/$F49 -> #DIV/0! | AC49: =Y49+AA49 -> 0 | AD49: =AC49/$F49 -> #DIV/0! | AF49: =AE49/$F49 -> #DIV/0! | AH49: =AG49/$F49 -> #DIV/0! | AJ49: =AI49/$F49 -> #DIV/0! | AL49: =AK49/$F49 -> #DIV/0!
D50: 46064 | E50: 三 | J50: =I50/$F50 -> #DIV/0! | L50: =K50/$F50 -> #DIV/0! | M50: =I50+K50 -> 0 | N50: =M50/$F50 -> #DIV/0! | P50: =O50/$F50 -> #DIV/0! | R50: =Q50/$F50 -> #DIV/0! | S50: =O50+Q50 -> 0 | T50: =S50/$F50 -> #DIV/0! | V50: =U50/$F50 -> #DIV/0! | X50: =W50/$F50 -> #DIV/0! | Z50: =Y50/$F50 -> #DIV/0! | AB50: =AA50/$F50 -> #DIV/0! | AC50: =Y50+AA50 -> 0 | AD50: =AC50/$F50 -> #DIV/0! | AF50: =AE50/$F50 -> #DIV/0! | AH50: =AG50/$F50 -> #DIV/0! | AJ50: =AI50/$F50 -> #DIV/0! | AL50: =AK50/$F50 -> #DIV/0!
D51: 46065 | E51: 四 | J51: =I51/$F51 -> #DIV/0! | L51: =K51/$F51 -> #DIV/0! | M51: =I51+K51 -> 0 | N51: =M51/$F51 -> #DIV/0! | P51: =O51/$F51 -> #DIV/0! | R51: =Q51/$F51 -> #DIV/0! | S51: =O51+Q51 -> 0 | T51: =S51/$F51 -> #DIV/0! | V51: =U51/$F51 -> #DIV/0! | X51: =W51/$F51 -> #DIV/0! | Z51: =Y51/$F51 -> #DIV/0! | AB51: =AA51/$F51 -> #DIV/0! | AC51: =Y51+AA51 -> 0 | AD51: =AC51/$F51 -> #DIV/0! | AF51: =AE51/$F51 -> #DIV/0! | AH51: =AG51/$F51 -> #DIV/0! | AJ51: =AI51/$F51 -> #DIV/0! | AL51: =AK51/$F51 -> #DIV/0!
D52: 46066 | E52: 五 | J52: =I52/$F52 -> #DIV/0! | L52: =K52/$F52 -> #DIV/0! | M52: =I52+K52 -> 0 | N52: =M52/$F52 -> #DIV/0! | P52: =O52/$F52 -> #DIV/0! | R52: =Q52/$F52 -> #DIV/0! | S52: =O52+Q52 -> 0 | T52: =S52/$F52 -> #DIV/0! | V52: =U52/$F52 -> #DIV/0! | X52: =W52/$F52 -> #DIV/0! | Z52: =Y52/$F52 -> #DIV/0! | AB52: =AA52/$F52 -> #DIV/0! | AC52: =Y52+AA52 -> 0 | AD52: =AC52/$F52 -> #DIV/0! | AF52: =AE52/$F52 -> #DIV/0! | AH52: =AG52/$F52 -> #DIV/0! | AJ52: =AI52/$F52 -> #DIV/0! | AL52: =AK52/$F52 -> #DIV/0!
D53: 46067 | E53: 六 | J53: =I53/$F53 -> #DIV/0! | L53: =K53/$F53 -> #DIV/0! | M53: =I53+K53 -> 0 | N53: =M53/$F53 -> #DIV/0! | P53: =O53/$F53 -> #DIV/0! | R53: =Q53/$F53 -> #DIV/0! | S53: =O53+Q53 -> 0 | T53: =S53/$F53 -> #DIV/0! | V53: =U53/$F53 -> #DIV/0! | X53: =W53/$F53 -> #DIV/0! | Z53: =Y53/$F53 -> #DIV/0! | AB53: =AA53/$F53 -> #DIV/0! | AC53: =Y53+AA53 -> 0 | AD53: =AC53/$F53 -> #DIV/0! | AF53: =AE53/$F53 -> #DIV/0! | AH53: =AG53/$F53 -> #DIV/0! | AJ53: =AI53/$F53 -> #DIV/0! | AL53: =AK53/$F53 -> #DIV/0!
D54: 46068 | E54: 日 | J54: =I54/$F54 -> #DIV/0! | L54: =K54/$F54 -> #DIV/0! | M54: =I54+K54 -> 0 | N54: =M54/$F54 -> #DIV/0! | P54: =O54/$F54 -> #DIV/0! | R54: =Q54/$F54 -> #DIV/0! | S54: =O54+Q54 -> 0 | T54: =S54/$F54 -> #DIV/0! | V54: =U54/$F54 -> #DIV/0! | X54: =W54/$F54 -> #DIV/0! | Z54: =Y54/$F54 -> #DIV/0! | AB54: =AA54/$F54 -> #DIV/0! | AC54: =Y54+AA54 -> 0 | AD54: =AC54/$F54 -> #DIV/0! | AF54: =AE54/$F54 -> #DIV/0! | AH54: =AG54/$F54 -> #DIV/0! | AJ54: =AI54/$F54 -> #DIV/0! | AL54: =AK54/$F54 -> #DIV/0!
D55: 46069 | E55: 一 | J55: =I55/$F55 -> #DIV/0! | L55: =K55/$F55 -> #DIV/0! | M55: =I55+K55 -> 0 | N55: =M55/$F55 -> #DIV/0! | P55: =O55/$F55 -> #DIV/0! | R55: =Q55/$F55 -> #DIV/0! | S55: =O55+Q55 -> 0 | T55: =S55/$F55 -> #DIV/0! | V55: =U55/$F55 -> #DIV/0! | X55: =W55/$F55 -> #DIV/0! | Z55: =Y55/$F55 -> #DIV/0! | AB55: =AA55/$F55 -> #DIV/0! | AC55: =Y55+AA55 -> 0 | AD55: =AC55/$F55 -> #DIV/0! | AF55: =AE55/$F55 -> #DIV/0! | AH55: =AG55/$F55 -> #DIV/0! | AJ55: =AI55/$F55 -> #DIV/0! | AL55: =AK55/$F55 -> #DIV/0!
B56: =B49+7 -> 46078 | D56: 46070 | E56: 二 | G56: =SUM(F56:F62) -> 0 | J56: =I56/$F56 -> #DIV/0! | L56: =K56/$F56 -> #DIV/0! | M56: =I56+K56 -> 0 | N56: =M56/$F56 -> #DIV/0! | P56: =O56/$F56 -> #DIV/0! | R56: =Q56/$F56 -> #DIV/0! | S56: =O56+Q56 -> 0 | T56: =S56/$F56 -> #DIV/0! | V56: =U56/$F56 -> #DIV/0! | X56: =W56/$F56 -> #DIV/0! | Z56: =Y56/$F56 -> #DIV/0! | AB56: =AA56/$F56 -> #DIV/0! | AC56: =Y56+AA56 -> 0 | AD56: =AC56/$F56 -> #DIV/0! | AF56: =AE56/$F56 -> #DIV/0! | AH56: =AG56/$F56 -> #DIV/0! | AJ56: =AI56/$F56 -> #DIV/0! | AL56: =AK56/$F56 -> #DIV/0!
D57: 46071 | E57: 三 | J57: =I57/$F57 -> #DIV/0! | L57: =K57/$F57 -> #DIV/0! | M57: =I57+K57 -> 0 | N57: =M57/$F57 -> #DIV/0! | P57: =O57/$F57 -> #DIV/0! | R57: =Q57/$F57 -> #DIV/0! | S57: =O57+Q57 -> 0 | T57: =S57/$F57 -> #DIV/0! | V57: =U57/$F57 -> #DIV/0! | X57: =W57/$F57 -> #DIV/0! | Z57: =Y57/$F57 -> #DIV/0! | AB57: =AA57/$F57 -> #DIV/0! | AC57: =Y57+AA57 -> 0 | AD57: =AC57/$F57 -> #DIV/0! | AF57: =AE57/$F57 -> #DIV/0! | AH57: =AG57/$F57 -> #DIV/0! | AJ57: =AI57/$F57 -> #DIV/0! | AL57: =AK57/$F57 -> #DIV/0!
D58: 46072 | E58: 四 | J58: =I58/$F58 -> #DIV/0! | L58: =K58/$F58 -> #DIV/0! | M58: =I58+K58 -> 0 | N58: =M58/$F58 -> #DIV/0! | P58: =O58/$F58 -> #DIV/0! | R58: =Q58/$F58 -> #DIV/0! | S58: =O58+Q58 -> 0 | T58: =S58/$F58 -> #DIV/0! | V58: =U58/$F58 -> #DIV/0! | X58: =W58/$F58 -> #DIV/0! | Z58: =Y58/$F58 -> #DIV/0! | AB58: =AA58/$F58 -> #DIV/0! | AC58: =Y58+AA58 -> 0 | AD58: =AC58/$F58 -> #DIV/0! | AF58: =AE58/$F58 -> #DIV/0! | AH58: =AG58/$F58 -> #DIV/0! | AJ58: =AI58/$F58 -> #DIV/0! | AL58: =AK58/$F58 -> #DIV/0!
D59: 46073 | E59: 五 | J59: =I59/$F59 -> #DIV/0! | L59: =K59/$F59 -> #DIV/0! | M59: =I59+K59 -> 0 | N59: =M59/$F59 -> #DIV/0! | P59: =O59/$F59 -> #DIV/0! | R59: =Q59/$F59 -> #DIV/0! | S59: =O59+Q59 -> 0 | T59: =S59/$F59 -> #DIV/0! | V59: =U59/$F59 -> #DIV/0! | X59: =W59/$F59 -> #DIV/0! | Z59: =Y59/$F59 -> #DIV/0! | AB59: =AA59/$F59 -> #DIV/0! | AC59: =Y59+AA59 -> 0 | AD59: =AC59/$F59 -> #DIV/0! | AF59: =AE59/$F59 -> #DIV/0! | AH59: =AG59/$F59 -> #DIV/0! | AJ59: =AI59/$F59 -> #DIV/0! | AL59: =AK59/$F59 -> #DIV/0!
D60: 46074 | E60: 六 | J60: =I60/$F60 -> #DIV/0! | L60: =K60/$F60 -> #DIV/0! | M60: =I60+K60 -> 0 | N60: =M60/$F60 -> #DIV/0! | P60: =O60/$F60 -> #DIV/0! | R60: =Q60/$F60 -> #DIV/0! | S60: =O60+Q60 -> 0 | T60: =S60/$F60 -> #DIV/0! | V60: =U60/$F60 -> #DIV/0! | X60: =W60/$F60 -> #DIV/0! | Z60: =Y60/$F60 -> #DIV/0! | AB60: =AA60/$F60 -> #DIV/0! | AC60: =Y60+AA60 -> 0 | AD60: =AC60/$F60 -> #DIV/0! | AF60: =AE60/$F60 -> #DIV/0! | AH60: =AG60/$F60 -> #DIV/0! | AJ60: =AI60/$F60 -> #DIV/0! | AL60: =AK60/$F60 -> #DIV/0!
D61: 46075 | E61: 日 | J61: =I61/$F61 -> #DIV/0! | L61: =K61/$F61 -> #DIV/0! | M61: =I61+K61 -> 0 | N61: =M61/$F61 -> #DIV/0! | P61: =O61/$F61 -> #DIV/0! | R61: =Q61/$F61 -> #DIV/0! | S61: =O61+Q61 -> 0 | T61: =S61/$F61 -> #DIV/0! | V61: =U61/$F61 -> #DIV/0! | X61: =W61/$F61 -> #DIV/0! | Z61: =Y61/$F61 -> #DIV/0! | AB61: =AA61/$F61 -> #DIV/0! | AC61: =Y61+AA61 -> 0 | AD61: =AC61/$F61 -> #DIV/0! | AF61: =AE61/$F61 -> #DIV/0! | AH61: =AG61/$F61 -> #DIV/0! | AJ61: =AI61/$F61 -> #DIV/0! | AL61: =AK61/$F61 -> #DIV/0!
D62: 46076 | E62: 一 | J62: =I62/$F62 -> #DIV/0! | L62: =K62/$F62 -> #DIV/0! | M62: =I62+K62 -> 0 | N62: =M62/$F62 -> #DIV/0! | P62: =O62/$F62 -> #DIV/0! | R62: =Q62/$F62 -> #DIV/0! | S62: =O62+Q62 -> 0 | T62: =S62/$F62 -> #DIV/0! | V62: =U62/$F62 -> #DIV/0! | X62: =W62/$F62 -> #DIV/0! | Z62: =Y62/$F62 -> #DIV/0! | AB62: =AA62/$F62 -> #DIV/0! | AC62: =Y62+AA62 -> 0 | AD62: =AC62/$F62 -> #DIV/0! | AF62: =AE62/$F62 -> #DIV/0! | AH62: =AG62/$F62 -> #DIV/0! | AJ62: =AI62/$F62 -> #DIV/0! | AL62: =AK62/$F62 -> #DIV/0!
B63: =B56+7 -> 46085 | D63: 46077 | E63: 二 | G63: =SUM(F63:F69) -> 0 | J63: =I63/$F63 -> #DIV/0! | L63: =K63/$F63 -> #DIV/0! | M63: =I63+K63 -> 0 | N63: =M63/$F63 -> #DIV/0! | P63: =O63/$F63 -> #DIV/0! | R63: =Q63/$F63 -> #DIV/0! | S63: =O63+Q63 -> 0 | T63: =S63/$F63 -> #DIV/0! | V63: =U63/$F63 -> #DIV/0! | X63: =W63/$F63 -> #DIV/0! | Z63: =Y63/$F63 -> #DIV/0! | AB63: =AA63/$F63 -> #DIV/0! | AC63: =Y63+AA63 -> 0 | AD63: =AC63/$F63 -> #DIV/0! | AF63: =AE63/$F63 -> #DIV/0! | AH63: =AG63/$F63 -> #DIV/0! | AJ63: =AI63/$F63 -> #DIV/0! | AL63: =AK63/$F63 -> #DIV/0!
D64: 46078 | E64: 三 | J64: =I64/$F64 -> #DIV/0! | L64: =K64/$F64 -> #DIV/0! | M64: =I64+K64 -> 0 | N64: =M64/$F64 -> #DIV/0! | P64: =O64/$F64 -> #DIV/0! | R64: =Q64/$F64 -> #DIV/0! | S64: =O64+Q64 -> 0 | T64: =S64/$F64 -> #DIV/0! | V64: =U64/$F64 -> #DIV/0! | X64: =W64/$F64 -> #DIV/0! | Z64: =Y64/$F64 -> #DIV/0! | AB64: =AA64/$F64 -> #DIV/0! | AC64: =Y64+AA64 -> 0 | AD64: =AC64/$F64 -> #DIV/0! | AF64: =AE64/$F64 -> #DIV/0! | AH64: =AG64/$F64 -> #DIV/0! | AJ64: =AI64/$F64 -> #DIV/0! | AL64: =AK64/$F64 -> #DIV/0!
D65: 46079 | E65: 四 | J65: =I65/$F65 -> #DIV/0! | L65: =K65/$F65 -> #DIV/0! | M65: =I65+K65 -> 0 | N65: =M65/$F65 -> #DIV/0! | P65: =O65/$F65 -> #DIV/0! | R65: =Q65/$F65 -> #DIV/0! | S65: =O65+Q65 -> 0 | T65: =S65/$F65 -> #DIV/0! | V65: =U65/$F65 -> #DIV/0! | X65: =W65/$F65 -> #DIV/0! | Z65: =Y65/$F65 -> #DIV/0! | AB65: =AA65/$F65 -> #DIV/0! | AC65: =Y65+AA65 -> 0 | AD65: =AC65/$F65 -> #DIV/0! | AF65: =AE65/$F65 -> #DIV/0! | AH65: =AG65/$F65 -> #DIV/0! | AJ65: =AI65/$F65 -> #DIV/0! | AL65: =AK65/$F65 -> #DIV/0!
D66: 46080 | E66: 五 | J66: =I66/$F66 -> #DIV/0! | L66: =K66/$F66 -> #DIV/0! | M66: =I66+K66 -> 0 | N66: =M66/$F66 -> #DIV/0! | P66: =O66/$F66 -> #DIV/0! | R66: =Q66/$F66 -> #DIV/0! | S66: =O66+Q66 -> 0 | T66: =S66/$F66 -> #DIV/0! | V66: =U66/$F66 -> #DIV/0! | X66: =W66/$F66 -> #DIV/0! | Z66: =Y66/$F66 -> #DIV/0! | AB66: =AA66/$F66 -> #DIV/0! | AC66: =Y66+AA66 -> 0 | AD66: =AC66/$F66 -> #DIV/0! | AF66: =AE66/$F66 -> #DIV/0! | AH66: =AG66/$F66 -> #DIV/0! | AJ66: =AI66/$F66 -> #DIV/0! | AL66: =AK66/$F66 -> #DIV/0!
D67: 46081 | E67: 六 | J67: =I67/$F67 -> #DIV/0! | L67: =K67/$F67 -> #DIV/0! | M67: =I67+K67 -> 0 | N67: =M67/$F67 -> #DIV/0! | P67: =O67/$F67 -> #DIV/0! | R67: =Q67/$F67 -> #DIV/0! | S67: =O67+Q67 -> 0 | T67: =S67/$F67 -> #DIV/0! | V67: =U67/$F67 -> #DIV/0! | X67: =W67/$F67 -> #DIV/0! | Z67: =Y67/$F67 -> #DIV/0! | AB67: =AA67/$F67 -> #DIV/0! | AC67: =Y67+AA67 -> 0 | AD67: =AC67/$F67 -> #DIV/0! | AF67: =AE67/$F67 -> #DIV/0! | AH67: =AG67/$F67 -> #DIV/0! | AJ67: =AI67/$F67 -> #DIV/0! | AL67: =AK67/$F67 -> #DIV/0!
C68: 三 | D68: 46082 | E68: 日 | J68: =I68/$F68 -> #DIV/0! | L68: =K68/$F68 -> #DIV/0! | M68: =I68+K68 -> 0 | N68: =M68/$F68 -> #DIV/0! | P68: =O68/$F68 -> #DIV/0! | R68: =Q68/$F68 -> #DIV/0! | S68: =O68+Q68 -> 0 | T68: =S68/$F68 -> #DIV/0! | V68: =U68/$F68 -> #DIV/0! | X68: =W68/$F68 -> #DIV/0! | Z68: =Y68/$F68 -> #DIV/0! | AB68: =AA68/$F68 -> #DIV/0! | AC68: =Y68+AA68 -> 0 | AD68: =AC68/$F68 -> #DIV/0! | AF68: =AE68/$F68 -> #DIV/0! | AH68: =AG68/$F68 -> #DIV/0! | AJ68: =AI68/$F68 -> #DIV/0! | AL68: =AK68/$F68 -> #DIV/0!
D69: 46083 | E69: 一 | J69: =I69/$F69 -> #DIV/0! | L69: =K69/$F69 -> #DIV/0! | M69: =I69+K69 -> 0 | N69: =M69/$F69 -> #DIV/0! | P69: =O69/$F69 -> #DIV/0! | R69: =Q69/$F69 -> #DIV/0! | S69: =O69+Q69 -> 0 | T69: =S69/$F69 -> #DIV/0! | V69: =U69/$F69 -> #DIV/0! | X69: =W69/$F69 -> #DIV/0! | Z69: =Y69/$F69 -> #DIV/0! | AB69: =AA69/$F69 -> #DIV/0! | AC69: =Y69+AA69 -> 0 | AD69: =AC69/$F69 -> #DIV/0! | AF69: =AE69/$F69 -> #DIV/0! | AH69: =AG69/$F69 -> #DIV/0! | AJ69: =AI69/$F69 -> #DIV/0! | AL69: =AK69/$F69 -> #DIV/0!

Sheet （５-1）品群別人時生產性(18℃-飯糰)
B1: 1月平均人時性 | C1: =AVERAGE(L7,L45,L83,L121,L159) -> 768.29724
B2: 產線配置圖－每週更新(1230-0105) | N2: 資料繳交 | O2: 日期 | P2: 46021 | U2: =P2+1 -> 46022 | Z2: =U2+1 -> 46023 | AE2: =Z2+1 -> 46024 | AJ2: =AE2+1 -> 46025 | AO2: =AJ2+1 -> 46026 | AT2: =AO2+1 -> 46027
P3: =P2 -> 46021 | U3: =U2 -> 46022 | Z3: =Z2 -> 46023 | AE3: =AE2 -> 46024 | AJ3: =AJ2 -> 46025 | AO3: =AO2 -> 46026 | AT3: =AT2 -> 46027
B4: 品群 | C4: 商品名稱 | E4: 計畫 | H4: 平均人時性 | I4: 實績 (週平均) | L4: 平均人時性 | M4: 排名 | O4: 日報 | P4: 實際 | T4: 平均人時性 | U4: 實際 | Y4: 平均人時性 | Z4: 實際 | AD4: 平均人時性 | AE4: 實際 | AI4: 平均人時性 | AJ4: 實際 | AN4: 平均人時性 | AO4: 實際 | AS4: 平均人時性 | AT4: 實際 | AX4: 平均人時性
E5: 產線配置圖 | I5: 產線配置圖 | P5: 生產實績 | U5: 生產實績 | Z5: 生產實績 | AE5: 生產實績 | AJ5: 生產實績 | AO5: 生產實績 | AT5: 生產實績
E6: 人數 | F6: 產能／時 | G6: 人時性 | I6: 人數 | J6: 產能／時 | K6: 人時性 | P6: 人數 | Q6: 產能／時 | R6: 人時性 | S6: 排名 | U6: 人數 | V6: 產能／時 | W6: 人時性 | X6: 排名 | Z6: 人數 | AA6: 產能／時 | AB6: 人時性 | AC6: 排名 | AE6: 人數 | AF6: 產能／時 | AG6: 人時性 | AH6: 排名 | AJ6: 人數 | AK6: 產能／時 | AL6: 人時性 | AM6: 排名 | AO6: 人數 | AP6: 產能／時 | AQ6: 人時性 | AR6: 排名 | AT6: 人數 | AU6: 產能／時 | AV6: 人時性 | AW6: 排名
B7: 18℃-飯糰 | C7: 1 | D7: 一配鹽蔥燒肉飯糰 | E7: 4 | F7: 3300 | G7: =F7/E7 -> 825 | H7: =AVERAGE(G7:G39) -> 877.33333 | I7: =AVERAGE(P7,U7,Z7,AE7,AJ7,AO7,AT7) -> 4 | J7: =AVERAGE(Q7,V7,AA7,AF7,AK7,AP7,AU7) -> 2947.9246 | K7: =AVERAGE(R7,W7,AB7,AG7,AL7,AQ7,AV7) -> 736.98116 | L7: =IFERROR(AVERAGE(K7:K39),"-") -> 771.7121 | M7: =RANK(K7, K$7:$K$39) -> 13 | P7: 4 | Q7: 2947.2692 | R7: =Q7/P7 -> 736.8173 | S7: =RANK(R7, R$7:R$39) -> 13 | T7: =AVERAGE(R7:R39) -> 773.38305 | U7: 4 | V7: 2947.2763 | W7: =V7/U7 -> 736.81909 | X7: =RANK(W7, W$7:W$39) -> 13 | Y7: =AVERAGE(W7:W39) -> 774.02283 | Z7: 4 | AA7: 2947.5501 | AB7: =AA7/Z7 -> 736.88753 | AC7: =RANK(AB7, AB$7:AB$39) -> 13 | AD7: =AVERAGE(AB7:AB39) -> 774.59425 | AE7: 4 | AF7: 2947.9592 | AG7: =AF7/AE7 -> 736.9898 | AH7: =RANK(AG7, AG$7:AG$39) -> 13 | AI7: =AVERAGE(AG7:AG39) -> 775.15996 | AJ7: 4 | AK7: 2948.5179 | AL7: =AK7/AJ7 -> 737.12949 | AM7: =RANK(AL7, AL$7:AL$39) -> 13 | AN7: =AVERAGE(AL7:AL39) -> 775.6404 | AO7: 4 | AP7: 2948.3568 | AQ7: =AP7/AO7 -> 737.0892 | AR7: =RANK(AQ7, AQ$7:AQ$39) -> 13 | AS7: =AVERAGE(AQ7:AQ39) -> 776.13678 | AT7: 4 | AU7: 2948.5429 | AV7: =AU7/AT7 -> 737.13572 | AW7: =RANK(AV7, AV$7:AV$39) -> 13 | AX7: =AVERAGE(AV7:AV39) -> 773.34458
C8: 2 | D8: 一配鮪魚飯糰 | E8: 3 | F8: 3600 | G8: =F8/E8 -> 1200 | I8: =AVERAGE(P8,U8,Z8,AE8,AJ8,AO8,AT8) -> 3 | J8: =AVERAGE(Q8,V8,AA8,AF8,AK8,AP8,AU8) -> 3113.3642 | K8: =AVERAGE(R8,W8,AB8,AG8,AL8,AQ8,AV8) -> 1037.7881 | M8: =RANK(K8, K$7:$K$39) -> 6 | P8: 3 | Q8: 3112.7471 | R8: =Q8/P8 -> 1037.5824 | S8: =RANK(R8, R$7:R$39) -> 6 | U8: 3 | V8: 3112.6368 | W8: =V8/U8 -> 1037.5456 | X8: =RANK(W8, W$7:W$39) -> 6 | Z8: 3 | AA8: 3112.6035 | AB8: =AA8/Z8 -> 1037.5345 | AC8: =RANK(AB8, AB$7:AB$39) -> 6 | AE8: 3 | AF8: 3112.688 | AG8: =AF8/AE8 -> 1037.5627 | AH8: =RANK(AG8, AG$7:AG$39) -> 5 | AJ8: 3 | AK8: 3113.1271 | AL8: =AK8/AJ8 -> 1037.709 | AM8: =RANK(AL8, AL$7:AL$39) -> 4 | AO8: 3 | AP8: 3112.9854 | AQ8: =AP8/AO8 -> 1037.6618 | AR8: =RANK(AQ8, AQ$7:AQ$39) -> 6 | AT8: 3 | AU8: 3116.7614 | AV8: =AU8/AT8 -> 1038.9205 | AW8: =RANK(AV8, AV$7:AV$39) -> 3
C9: 3 | D9: 一配雞肉飯飯糰 | E9: 4 | F9: 3300 | G9: =F9/E9 -> 825 | I9: =AVERAGE(P9,U9,Z9,AE9,AJ9,AO9,AT9) -> 4 | J9: =AVERAGE(Q9,V9,AA9,AF9,AK9,AP9,AU9) -> 2941.7916 | K9: =AVERAGE(R9,W9,AB9,AG9,AL9,AQ9,AV9) -> 735.4479 | M9: =RANK(K9, K$7:$K$39) -> 17 | P9: 4 | Q9: 2941.4485 | R9: =Q9/P9 -> 735.36212 | S9: =RANK(R9, R$7:R$39) -> 17 | U9: 4 | V9: 2941.7505 | W9: =V9/U9 -> 735.43763 | X9: =RANK(W9, W$7:W$39) -> 17 | Z9: 4 | AA9: 2941.6955 | AB9: =AA9/Z9 -> 735.42388 | AC9: =RANK(AB9, AB$7:AB$39) -> 17 | AE9: 4 | AF9: 2941.8305 | AG9: =AF9/AE9 -> 735.45763 | AH9: =RANK(AG9, AG$7:AG$39) -> 17 | AJ9: 4 | AK9: 2941.7647 | AL9: =AK9/AJ9 -> 735.44118 | AM9: =RANK(AL9, AL$7:AL$39) -> 17 | AO9: 4 | AP9: 2942.0118 | AQ9: =AP9/AO9 -> 735.50296 | AR9: =RANK(AQ9, AQ$7:AQ$39) -> 17 | AT9: 4 | AU9: 2942.0397 | AV9: =AU9/AT9 -> 735.50993 | AW9: =RANK(AV9, AV$7:AV$39) -> 17
C10: 4 | D10: 一配壹號醬炙烤牛飯糰 | E10: 5 | F10: 3300 | G10: =F10/E10 -> 660 | I10: =AVERAGE(P10,U10,Z10,AE10,AJ10,AO10,AT10) -> 5 | J10: =AVERAGE(Q10,V10,AA10,AF10,AK10,AP10,AU10) -> 2950.2421 | K10: =AVERAGE(R10,W10,AB10,AG10,AL10,AQ10,AV10) -> 590.04842 | M10: =RANK(K10, K$7:$K$39) -> 26 | P10: 5 | Q10: 2948.9848 | R10: =Q10/P10 -> 589.79695 | S10: =RANK(R10, R$7:R$39) -> 25 | U10: 5 | V10: 2950.7014 | W10: =V10/U10 -> 590.14028 | X10: =RANK(W10, W$7:W$39) -> 25 | Z10: 5 | AA10: 2950.303 | AB10: =AA10/Z10 -> 590.06061 | AC10: =RANK(AB10, AB$7:AB$39) -> 25 | AE10: 5 | AF10: 2949.2063 | AG10: =AF10/AE10 -> 589.84127 | AH10: =RANK(AG10, AG$7:AG$39) -> 25 | AJ10: 5 | AK10: 2950.2439 | AL10: =AK10/AJ10 -> 590.04878 | AM10: =RANK(AL10, AL$7:AL$39) -> 25 | AO10: 5 | AP10: 2950.8587 | AQ10: =AP10/AO10 -> 590.17173 | AR10: =RANK(AQ10, AQ$7:AQ$39) -> 25 | AT10: 5 | AU10: 2951.3966 | AV10: =AU10/AT10 -> 590.27933 | AW10: =RANK(AV10, AV$7:AV$39) -> 26
C11: 5 | D11: 一配明太子龍蝦風味沙拉飯糰 | E11: 3 | F11: 3600 | G11: =F11/E11 -> 1200 | I11: =AVERAGE(P11,U11,Z11,AE11,AJ11,AO11,AT11) -> 3 | J11: =AVERAGE(Q11,V11,AA11,AF11,AK11,AP11,AU11) -> 3113.4307 | K11: =AVERAGE(R11,W11,AB11,AG11,AL11,AQ11,AV11) -> 1037.8102 | M11: =RANK(K11, K$7:$K$39) -> 5 | P11: 3 | Q11: 3112.8964 | R11: =Q11/P11 -> 1037.6321 | S11: =RANK(R11, R$7:R$39) -> 5 | U11: 3 | V11: 3112.963 | W11: =V11/U11 -> 1037.6543 | X11: =RANK(W11, W$7:W$39) -> 5 | Z11: 3 | AA11: 3113.0699 | AB11: =AA11/Z11 -> 1037.69 | AC11: =RANK(AB11, AB$7:AB$39) -> 5 | AE11: 3 | AF11: 3113.1915 | AG11: =AF11/AE11 -> 1037.7305 | AH11: =RANK(AG11, AG$7:AG$39) -> 4 | AJ11: 3 | AK11: 3112.8231 | AL11: =AK11/AJ11 -> 1037.6077 | AM11: =RANK(AL11, AL$7:AL$39) -> 5 | AO11: 3 | AP11: 3113.1044 | AQ11: =AP11/AO11 -> 1037.7015 | AR11: =RANK(AQ11, AQ$7:AQ$39) -> 4 | AT11: 3 | AU11: 3115.9664 | AV11: =AU11/AT11 -> 1038.6555 | AW11: =RANK(AV11, AV$7:AV$39) -> 6
C12: 6 | D12: 一配贅沢鮭魚肚飯糰 | E12: 3 | F12: 3000 | G12: =F12/E12 -> 1000 | I12: =AVERAGE(P12,U12,Z12,AE12,AJ12,AO12,AT12) -> 3 | J12: =AVERAGE(Q12,V12,AA12,AF12,AK12,AP12,AU12) -> 2687.361 | K12: =AVERAGE(R12,W12,AB12,AG12,AL12,AQ12,AV12) -> 895.787 | M12: =RANK(K12, K$7:$K$39) -> 9 | P12: 3 | Q12: 2686.9023 | R12: =Q12/P12 -> 895.6341 | S12: =RANK(R12, R$7:R$39) -> 9 | U12: 3 | V12: 2686.9477 | W12: =V12/U12 -> 895.64924 | X12: =RANK(W12, W$7:W$39) -> 9 | Z12: 3 | AA12: 2687.5371 | AB12: =AA12/Z12 -> 895.8457 | AC12: =RANK(AB12, AB$7:AB$39) -> 9 | AE12: 3 | AF12: 2687.8079 | AG12: =AF12/AE12 -> 895.93596 | AH12: =RANK(AG12, AG$7:AG$39) -> 9 | AJ12: 3 | AK12: 2687.4391 | AL12: =AK12/AJ12 -> 895.81305 | AM12: =RANK(AL12, AL$7:AL$39) -> 9 | AO12: 3 | AP12: 2687.4743 | AQ12: =AP12/AO12 -> 895.82478 | AR12: =RANK(AQ12, AQ$7:AQ$39) -> 9 | AT12: 3 | AU12: 2687.4185 | AV12: =AU12/AT12 -> 895.80615 | AW12: =RANK(AV12, AV$7:AV$39) -> 9
C13: 7 | D13: 一配蔬食鮪魚飯糰 | E13: 3 | F13: 3600 | G13: =F13/E13 -> 1200 | I13: =AVERAGE(P13,U13,Z13,AE13,AJ13,AO13,AT13) -> 3 | J13: =AVERAGE(Q13,V13,AA13,AF13,AK13,AP13,AU13) -> 3113.5846 | K13: =AVERAGE(R13,W13,AB13,AG13,AL13,AQ13,AV13) -> 1037.8615 | M13: =RANK(K13, K$7:$K$39) -> 4 | P13: 3 | Q13: 3113.7603 | R13: =Q13/P13 -> 1037.9201 | S13: =RANK(R13, R$7:R$39) -> 4 | U13: 3 | V13: 3113.6061 | W13: =V13/U13 -> 1037.8687 | X13: =RANK(W13, W$7:W$39) -> 4 | Z13: 3 | AA13: 3113.4503 | AB13: =AA13/Z13 -> 1037.8168 | AC13: =RANK(AB13, AB$7:AB$39) -> 4 | AE13: 3 | AF13: 3112.5964 | AG13: =AF13/AE13 -> 1037.5321 | AH13: =RANK(AG13, AG$7:AG$39) -> 6 | AJ13: 3 | AK13: 3112.4632 | AL13: =AK13/AJ13 -> 1037.4877 | AM13: =RANK(AL13, AL$7:AL$39) -> 6 | AO13: 3 | AP13: 3113.087 | AQ13: =AP13/AO13 -> 1037.6957 | AR13: =RANK(AQ13, AQ$7:AQ$39) -> 5 | AT13: 3 | AU13: 3116.129 | AV13: =AU13/AT13 -> 1038.7097 | AW13: =RANK(AV13, AV$7:AV$39) -> 5
C14: 8 | D14: 一配熟成紅鮭飯糰 | E14: 4 | F14: 3300 | G14: =F14/E14 -> 825 | I14: =AVERAGE(P14,U14,Z14,AE14,AJ14,AO14,AT14) -> 4 | J14: =AVERAGE(Q14,V14,AA14,AF14,AK14,AP14,AU14) -> 2922.321 | K14: =AVERAGE(R14,W14,AB14,AG14,AL14,AQ14,AV14) -> 730.58025 | M14: =RANK(K14, K$7:$K$39) -> 21 | P14: 4 | Q14: 2921.0084 | R14: =Q14/P14 -> 730.2521 | S14: =RANK(R14, R$7:R$39) -> 21 | U14: 4 | V14: 2922.2303 | W14: =V14/U14 -> 730.55757 | X14: =RANK(W14, W$7:W$39) -> 21 | Z14: 4 | AA14: 2923.001 | AB14: =AA14/Z14 -> 730.75025 | AC14: =RANK(AB14, AB$7:AB$39) -> 19 | AE14: 4 | AF14: 2922.3803 | AG14: =AF14/AE14 -> 730.59508 | AH14: =RANK(AG14, AG$7:AG$39) -> 20 | AJ14: 4 | AK14: 2922.3837 | AL14: =AK14/AJ14 -> 730.59593 | AM14: =RANK(AL14, AL$7:AL$39) -> 19 | AO14: 4 | AP14: 2922.0779 | AQ14: =AP14/AO14 -> 730.51948 | AR14: =RANK(AQ14, AQ$7:AQ$39) -> 20 | AT14: 4 | AU14: 2923.1655 | AV14: =AU14/AT14 -> 730.79137 | AW14: =RANK(AV14, AV$7:AV$39) -> 19
C15: 9 | D15: 一配博多明太子奶油飯糰 | E15: 4 | F15: 3300 | G15: =F15/E15 -> 825 | I15: =AVERAGE(P15,U15,Z15,AE15,AJ15,AO15,AT15) -> 4 | J15: =AVERAGE(Q15,V15,AA15,AF15,AK15,AP15,AU15) -> 2922.3789 | K15: =AVERAGE(R15,W15,AB15,AG15,AL15,AQ15,AV15) -> 730.59472 | M15: =RANK(K15, K$7:$K$39) -> 19 | P15: 4 | Q15: 2921.783 | R15: =Q15/P15 -> 730.44575 | S15: =RANK(R15, R$7:R$39) -> 20 | U15: 4 | V15: 2922.5275 | W15: =V15/U15 -> 730.63187 | X15: =RANK(W15, W$7:W$39) -> 19 | Z15: 4 | AA15: 2922.6804 | AB15: =AA15/Z15 -> 730.6701 | AC15: =RANK(AB15, AB$7:AB$39) -> 20 | AE15: 4 | AF15: 2922.7723 | AG15: =AF15/AE15 -> 730.69307 | AH15: =RANK(AG15, AG$7:AG$39) -> 19 | AJ15: 4 | AK15: 2922.1113 | AL15: =AK15/AJ15 -> 730.52782 | AM15: =RANK(AL15, AL$7:AL$39) -> 21 | AO15: 4 | AP15: 2921.783 | AQ15: =AP15/AO15 -> 730.44575 | AR15: =RANK(AQ15, AQ$7:AQ$39) -> 21 | AT15: 4 | AU15: 2922.9947 | AV15: =AU15/AT15 -> 730.74866 | AW15: =RANK(AV15, AV$7:AV$39) -> 20
C16: 10 | D16: 一配北海道秋鮭親子飯糰 | E16: 4 | F16: 3300 | G16: =F16/E16 -> 825 | I16: =AVERAGE(P16,U16,Z16,AE16,AJ16,AO16,AT16) -> 4 | J16: =AVERAGE(Q16,V16,AA16,AF16,AK16,AP16,AU16) -> 2923.9031 | K16: =AVERAGE(R16,W16,AB16,AG16,AL16,AQ16,AV16) -> 730.97578 | M16: =RANK(K16, K$7:$K$39) -> 18 | P16: 4 | Q16: 2922.6842 | R16: =Q16/P16 -> 730.67106 | S16: =RANK(R16, R$7:R$39) -> 19 | U16: 4 | V16: 2923.1665 | W16: =V16/U16 -> 730.79162 | X16: =RANK(W16, W$7:W$39) -> 18 | Z16: 4 | AA16: 2923.5217 | AB16: =AA16/Z16 -> 730.88042 | AC16: =RANK(AB16, AB$7:AB$39) -> 18 | AE16: 4 | AF16: 2924.0506 | AG16: =AF16/AE16 -> 731.01266 | AH16: =RANK(AG16, AG$7:AG$39) -> 18 | AJ16: 4 | AK16: 2924.7362 | AL16: =AK16/AJ16 -> 731.18406 | AM16: =RANK(AL16, AL$7:AL$39) -> 18 | AO16: 4 | AP16: 2924.3532 | AQ16: =AP16/AO16 -> 731.0883 | AR16: =RANK(AQ16, AQ$7:AQ$39) -> 18 | AT16: 4 | AU16: 2924.8095 | AV16: =AU16/AT16 -> 731.20237 | AW16: =RANK(AV16, AV$7:AV$39) -> 18
C17: 11 | D17: 一配照燒雞肉飯糰 | E17: 4 | F17: 3300 | G17: =F17/E17 -> 825 | I17: =AVERAGE(P17,U17,Z17,AE17,AJ17,AO17,AT17) -> 4 | J17: =AVERAGE(Q17,V17,AA17,AF17,AK17,AP17,AU17) -> 2952.3268 | K17: =AVERAGE(R17,W17,AB17,AG17,AL17,AQ17,AV17) -> 738.08169 | M17: =RANK(K17, K$7:$K$39) -> 12 | P17: 4 | Q17: 2951.8471 | R17: =Q17/P17 -> 737.96178 | S17: =RANK(R17, R$7:R$39) -> 12 | U17: 4 | V17: 2952.6225 | W17: =V17/U17 -> 738.15562 | X17: =RANK(W17, W$7:W$39) -> 12 | Z17: 4 | AA17: 2952.8796 | AB17: =AA17/Z17 -> 738.2199 | AC17: =RANK(AB17, AB$7:AB$39) -> 12 | AE17: 4 | AF17: 2952.2356 | AG17: =AF17/AE17 -> 738.05889 | AH17: =RANK(AG17, AG$7:AG$39) -> 12 | AJ17: 4 | AK17: 2952.2257 | AL17: =AK17/AJ17 -> 738.05643 | AM17: =RANK(AL17, AL$7:AL$39) -> 12 | AO17: 4 | AP17: 2951.8797 | AQ17: =AP17/AO17 -> 737.96992 | AR17: =RANK(AQ17, AQ$7:AQ$39) -> 12 | AT17: 4 | AU17: 2952.5971 | AV17: =AU17/AT17 -> 738.14928 | AW17: =RANK(AV17, AV$7:AV$39) -> 12
C18: 12 | D18: 一配經典肉鬆飯糰 | E18: 3 | F18: 3000 | G18: =F18/E18 -> 1000 | I18: =AVERAGE(P18,U18,Z18,AE18,AJ18,AO18,AT18) -> 3 | J18: =AVERAGE(Q18,V18,AA18,AF18,AK18,AP18,AU18) -> 2683.7728 | K18: =AVERAGE(R18,W18,AB18,AG18,AL18,AQ18,AV18) -> 894.59094 | M18: =RANK(K18, K$7:$K$39) -> 11 | P18: 3 | Q18: 2683.1858 | R18: =Q18/P18 -> 894.39528 | S18: =RANK(R18, R$7:R$39) -> 11 | U18: 3 | V18: 2683.6207 | W18: =V18/U18 -> 894.54023 | X18: =RANK(W18, W$7:W$39) -> 11 | Z18: 3 | AA18: 2683.5347 | AB18: =AA18/Z18 -> 894.51156 | AC18: =RANK(AB18, AB$7:AB$39) -> 11 | AE18: 3 | AF18: 2683.9596 | AG18: =AF18/AE18 -> 894.65321 | AH18: =RANK(AG18, AG$7:AG$39) -> 11 | AJ18: 3 | AK18: 2683.9653 | AL18: =AK18/AJ18 -> 894.65509 | AM18: =RANK(AL18, AL$7:AL$39) -> 11 | AO18: 3 | AP18: 2684.1267 | AQ18: =AP18/AO18 -> 894.70891 | AR18: =RANK(AQ18, AQ$7:AQ$39) -> 10 | AT18: 3 | AU18: 2684.0168 | AV18: =AU18/AT18 -> 894.67226 | AW18: =RANK(AV18, AV$7:AV$39) -> 11
C19: 13 | D19: 一配兩粒飯糰(鮪魚.焦糖鮭魚) | E19: 12 | F19: 3600 | G19: =F19/E19 -> 300 | I19: =AVERAGE(P19,U19,Z19,AE19,AJ19,AO19,AT19) -> 12 | J19: =AVERAGE(Q19,V19,AA19,AF19,AK19,AP19,AU19) -> 3111.0023 | K19: =AVERAGE(R19,W19,AB19,AG19,AL19,AQ19,AV19) -> 259.25019 | M19: =RANK(K19, K$7:$K$39) -> 30 | P19: 12 | Q19: 3110.3611 | R19: =Q19/P19 -> 259.19676 | S19: =RANK(R19, R$7:R$39) -> 29 | U19: 12 | V19: 3110.8604 | W19: =V19/U19 -> 259.23836 | X19: =RANK(W19, W$7:W$39) -> 29 | Z19: 12 | AA19: 3110.4308 | AB19: =AA19/Z19 -> 259.20256 | AC19: =RANK(AB19, AB$7:AB$39) -> 29 | AE19: 12 | AF19: 3111.1111 | AG19: =AF19/AE19 -> 259.25926 | AH19: =RANK(AG19, AG$7:AG$39) -> 29 | AJ19: 12 | AK19: 3110.3866 | AL19: =AK19/AJ19 -> 259.19888 | AM19: =RANK(AL19, AL$7:AL$39) -> 29 | AO19: 12 | AP19: 3110.9617 | AQ19: =AP19/AO19 -> 259.24681 | AR19: =RANK(AQ19, AQ$7:AQ$39) -> 29 | AT19: 12 | AU19: 3112.9043 | AV19: =AU19/AT19 -> 259.4087 | AW19: =RANK(AV19, AV$7:AV$39) -> 30
... C35: 29 | D35: 二配兩粒飯糰(鮪魚.焦糖鮭魚) | E35: 12 | F35: 3600 | G35: =F35/E35 -> 300 | I35: =AVERAGE(P35,U35,Z35,AE35,AJ35,AO35,AT35) -> 12 | J35: =AVERAGE(Q35,V35,AA35,AF35,AK35,AP35,AU35) -> 3112.8934 | K35: =AVERAGE(R35,W35,AB35,AG35,AL35,AQ35,AV35) -> 259.40778 | M35: =RANK(K35, K$7:$K$39) -> 29 | P35: 12 | Q35: 3112.4236 | R35: =Q35/P35 -> 259.36864 | S35: =RANK(R35, R$7:R$39) -> 28 | U35: 12 | V35: 3111.8012 | W35: =V35/U35 -> 259.31677 | X35: =RANK(W35, W$7:W$39) -> 28 | Z35: 12 | AA35: 3112.5 | AB35: =AA35/Z35 -> 259.375 | AC35: =RANK(AB35, AB$7:AB$39) -> 28 | AE35: 12 | AF35: 3112.3348 | AG35: =AF35/AE35 -> 259.36123 | AH35: =RANK(AG35, AG$7:AG$39) -> 28 | AJ35: 12 | AK35: 3113.4662 | AL35: =AK35/AJ35 -> 259.45552 | AM35: =RANK(AL35, AL$7:AL$39) -> 28 | AO35: 12 | AP35: 3113.6929 | AQ35: =AP35/AO35 -> 259.47441 | AR35: =RANK(AQ35, AQ$7:AQ$39) -> 28 | AT35: 12 | AU35: 3114.0351 | AV35: =AU35/AT35 -> 259.50292 | AW35: =RANK(AV35, AV$7:AV$39) -> 29
C36: 30 | D36: 二配明太子乳酪起司沙拉飯糰 | E36: 4 | F36: 3300 | G36: =F36/E36 -> 825 | I36: =AVERAGE(P36,U36,Z36,AE36,AJ36,AO36,AT36) -> 4 | J36: =AVERAGE(Q36,V36,AA36,AF36,AK36,AP36,AU36) -> 2693.3482 | K36: =AVERAGE(R36,W36,AB36,AG36,AL36,AQ36,AV36) -> 673.33705 | M36: =RANK(K36, K$7:$K$39) -> 23 | AT36: 4 | AU36: 2693.3482 | AV36: =AU36/AT36 -> 673.33705 | AW36: =RANK(AV36, AV$7:AV$39) -> 23
C37: 31
C38: 32
C39: 33
B40: 產線配置圖－每週更新(0106-0112) | N40: 資料繳交 | O40: 日期 | P40: =AT2+1 -> 46028 | U40: =P40+1 -> 46029 | Z40: =U40+1 -> 46030 | AE40: =Z40+1 -> 46031 | AJ40: =AE40+1 -> 46032 | AO40: =AJ40+1 -> 46033 | AT40: =AO40+1 -> 46034
P41: =P40 -> 46028 | U41: =U40 -> 46029 | Z41: =Z40 -> 46030 | AE41: =AE40 -> 46031 | AJ41: =AJ40 -> 46032 | AO41: =AO40 -> 46033 | AT41: =AT40 -> 46034
B42: 品群 | C42: 商品名稱 | E42: 計畫 | H42: 平均人時性 | I42: 實績 (週平均) | L42: 平均人時性 | M42: 排名 | O42: 日報 | P42: 實際 | T42: 平均人時性 | U42: 實際 | Y42: 平均人時性 | Z42: 實際 | AD42: 平均人時性 | AE42: 實際 | AI42: 平均人時性 | AJ42: 實際 | AN42: 平均人時性 | AO42: 實際 | AS42: 平均人時性 | AT42: 實際 | AX42: 平均人時性
E43: 產線配置圖 | I43: 產線配置圖 | P43: 生產實績 | U43: 生產實績 | Z43: 生產實績 | AE43: 生產實績 | AJ43: 生產實績 | AO43: 生產實績 | AT43: 生產實績
E44: 人數 | F44: 產能／時 | G44: 人時性 | I44: 人數 | J44: 產能／時 | K44: 人時性 | P44: 人數 | Q44: 產能／時 | R44: 人時性 | S44: 排名 | U44: 人數 | V44: 產能／時 | W44: 人時性 | X44: 排名 | Z44: 人數 | AA44: 產能／時 | AB44: 人時性 | AC44: 排名 | AE44: 人數 | AF44: 產能／時 | AG44: 人時性 | AH44: 排名 | AJ44: 人數 | AK44: 產能／時 | AL44: 人時性 | AM44: 排名 | AO44: 人數 | AP44: 產能／時 | AQ44: 人時性 | AR44: 排名 | AT44: 人數 | AU44: 產能／時 | AV44: 人時性 | AW44: 排名
B45: 18℃-飯糰 | C45: 1 | D45: 一配鹽蔥燒肉飯糰 | E45: 4 | F45: 3300 | G45: =F45/E45 -> 825 | H45: =AVERAGE(G45:G77) -> 875.64516 | I45: =AVERAGE(P45,U45,Z45,AE45,AJ45,AO45,AT45) -> 4 | J45: =AVERAGE(Q45,V45,AA45,AF45,AK45,AP45,AU45) -> 2949.2392 | K45: =AVERAGE(R45,W45,AB45,AG45,AL45,AQ45,AV45) -> 737.3098 | L45: =IFERROR(AVERAGE(K45:K77),"-") -> 772.92374 | M45: =RANK(K45, K$45:$K$77) -> 14 | P45: 4 | Q45: 2948.9043 | R45: =IFERROR(Q45/P45,"") -> 737.22607 | S45: =RANK(R45, R$45:R$77) -> 14 | T45: =AVERAGE(R45:R77) -> 770.69264 | U45: 4 | V45: 2949.1922 | W45: =IFERROR(V45/U45,"") -> 737.29805 | X45: =RANK(W45, W$45:W$77) -> 14 | Y45: =AVERAGE(W45:W77) -> 771.47499 | Z45: 4 | AA45: 2949.1469 | AB45: =IFERROR(AA45/Z45,"") -> 737.28674 | AC45: =RANK(AB45, AB$45:AB$77) -> 14 | AD45: =AVERAGE(AB45:AB77) -> 772.25618 | AE45: 4 | AF45: 2949.4295 | AG45: =IFERROR(AF45/AE45,"") -> 737.35738 | AH45: =RANK(AG45, AG$45:AG$77) -> 15 | AI45: =AVERAGE(AG45:AG77) -> 773.00574 | AJ45: 4 | AK45: 2949.3631 | AL45: =IFERROR(AK45/AJ45,"") -> 737.34076 | AM45: =RANK(AL45, AL$45:AL$77) -> 15 | AN45: =AVERAGE(AL45:AL77) -> 773.8149 | AO45: 4 | AP45: 2949.7207 | AQ45: =IFERROR(AP45/AO45,"") -> 737.43017 | AR45: =RANK(AQ45, AQ$45:AQ$77) -> 14 | AS45: =AVERAGE(AQ45:AQ77) -> 774.46652 | AT45: 4 | AU45: 2948.9177 | AV45: =IFERROR(AU45/AT45,"") -> 737.22944 | AW45: =RANK(AV45, AV$45:AV$77) -> 16 | AX45: =AVERAGE(AV45:AV77) -> 774.7552
C46: 2 | D46: 一配鮪魚飯糰 | E46: 3 | F46: 3600 | G46: =F46/E46 -> 1200 | I46: =AVERAGE(P46,U46,Z46,AE46,AJ46,AO46,AT46) -> 3 | J46: =AVERAGE(Q46,V46,AA46,AF46,AK46,AP46,AU46) -> 3117.2108 | K46: =AVERAGE(R46,W46,AB46,AG46,AL46,AQ46,AV46) -> 1039.0703 | M46: =RANK(K46, K$45:$K$77) -> 5 | P46: 3 | Q46: 3117.0154 | R46: =IFERROR(Q46/P46,"") -> 1039.0051 | S46: =RANK(R46, R$45:R$77) -> 4 | U46: 3 | V46: 3117.0665 | W46: =IFERROR(V46/U46,"") -> 1039.0222 | X46: =RANK(W46, W$45:W$77) -> 5 | Z46: 3 | AA46: 3117.1698 | AB46: =IFERROR(AA46/Z46,"") -> 1039.0566 | AC46: =RANK(AB46, AB$45:AB$77) -> 5 | AE46: 3 | AF46: 3117.2054 | AG46: =IFERROR(AF46/AE46,"") -> 1039.0685 | AH46: =RANK(AG46, AG$45:AG$77) -> 5 | AJ46: 3 | AK46: 3117.3142 | AL46: =IFERROR(AK46/AJ46,"") -> 1039.1047 | AM46: =RANK(AL46, AL$45:AL$77) -> 5 | AO46: 3 | AP46: 3117.3356 | AQ46: =IFERROR(AP46/AO46,"") -> 1039.1119 | AR46: =RANK(AQ46, AQ$45:AQ$77) -> 5 | AT46: 3 | AU46: 3117.3684 | AV46: =IFERROR(AU46/AT46,"") -> 1039.1228 | AW46: =RANK(AV46, AV$45:AV$77) -> 5
C47: 3 | D47: 一配雞肉飯飯糰 | E47: 4 | F47: 3300 | G47: =F47/E47 -> 825 | I47: =AVERAGE(P47,U47,Z47,AE47,AJ47,AO47,AT47) -> 4 | J47: =AVERAGE(Q47,V47,AA47,AF47,AK47,AP47,AU47) -> 2946.15 | K47: =AVERAGE(R47,W47,AB47,AG47,AL47,AQ47,AV47) -> 736.5375 | M47: =RANK(K47, K$45:$K$77) -> 17 | P47: 4 | Q47: 2942.2482 | R47: =IFERROR(Q47/P47,"") -> 735.56205 | S47: =RANK(R47, R$45:R$77) -> 17 | U47: 4 | V47: 2946.3327 | W47: =IFERROR(V47/U47,"") -> 736.58318 | X47: =RANK(W47, W$45:W$77) -> 16 | Z47: 4 | AA47: 2946.5501 | AB47: =IFERROR(AA47/Z47,"") -> 736.63753 | AC47: =RANK(AB47, AB$45:AB$77) -> 17 | AE47: 4 | AF47: 2946.5347 | AG47: =IFERROR(AF47/AE47,"") -> 736.63366 | AH47: =RANK(AG47, AG$45:AG$77) -> 17 | AJ47: 4 | AK47: 2946.8205 | AL47: =IFERROR(AK47/AJ47,"") -> 736.70513 | AM47: =RANK(AL47, AL$45:AL$77) -> 17 | AO47: 4 | AP47: 2947.2097 | AQ47: =IFERROR(AP47/AO47,"") -> 736.80241 | AR47: =RANK(AQ47, AQ$45:AQ$77) -> 17 | AT47: 4 | AU47: 2947.354 | AV47: =IFERROR(AU47/AT47,"") -> 736.83851 | AW47: =RANK(AV47, AV$45:AV$77) -> 19
C48: 4 | D48: 一配壹號醬炙烤牛飯糰 | E48: 5 | F48: 3300 | G48: =F48/E48 -> 660 | I48: =AVERAGE(P48,U48,Z48,AE48,AJ48,AO48,AT48) -> 5 | J48: =AVERAGE(Q48,V48,AA48,AF48,AK48,AP48,AU48) -> 2952.8081 | K48: =AVERAGE(R48,W48,AB48,AG48,AL48,AQ48,AV48) -> 590.56161 | M48: =RANK(K48, K$45:$K$77) -> 27 | P48: 5 | Q48: 2950.9728 | R48: =IFERROR(Q48/P48,"") -> 590.19455 | S48: =RANK(R48, R$45:R$77) -> 27 | U48: 5 | V48: 2952.2727 | W48: =IFERROR(V48/U48,"") -> 590.45455 | X48: =RANK(W48, W$45:W$77) -> 27 | Z48: 5 | AA48: 2952.6738 | AB48: =IFERROR(AA48/Z48,"") -> 590.53476 | AC48: =RANK(AB48, AB$45:AB$77) -> 27 | AE48: 5 | AF48: 2953.0249 | AG48: =IFERROR(AF48/AE48,"") -> 590.60498 | AH48: =RANK(AG48, AG$45:AG$77) -> 27 | AJ48: 5 | AK48: 2953.3981 | AL48: =IFERROR(AK48/AJ48,"") -> 590.67961 | AM48: =RANK(AL48, AL$45:AL$77) -> 27 | AO48: 5 | AP48: 2953.7843 | AQ48: =IFERROR(AP48/AO48,"") -> 590.75687 | AR48: =RANK(AQ48, AQ$45:AQ$77) -> 27 | AT48: 5 | AU48: 2953.5298 | AV48: =IFERROR(AU48/AT48,"") -> 590.70596 | AW48: =RANK(AV48, AV$45:AV$77) -> 27
C49: 5 | D49: 一配明太子龍蝦風味沙拉飯糰 | E49: 3 | F49: 3600 | G49: =F49/E49 -> 1200 | I49: =AVERAGE(P49,U49,Z49,AE49,AJ49,AO49,AT49) -> 3 | J49: =AVERAGE(Q49,V49,AA49,AF49,AK49,AP49,AU49) -> 3116.201 | K49: =AVERAGE(R49,W49,AB49,AG49,AL49,AQ49,AV49) -> 1038.7337 | M49: =RANK(K49, K$45:$K$77) -> 6 | P49: 3 | Q49: 3116.087 | R49: =IFERROR(Q49/P49,"") -> 1038.6957 | S49: =RANK(R49, R$45:R$77) -> 6 | U49: 3 | V49: 3116.4179 | W49: =IFERROR(V49/U49,"") -> 1038.806 | X49: =RANK(W49, W$45:W$77) -> 6 | Z49: 3 | AA49: 3115.8292 | AB49: =IFERROR(AA49/Z49,"") -> 1038.6097 | AC49: =RANK(AB49, AB$45:AB$77) -> 6 | AE49: 3 | AF49: 3116.2334 | AG49: =IFERROR(AF49/AE49,"") -> 1038.7445 | AH49: =RANK(AG49, AG$45:AG$77) -> 6 | AJ49: 3 | AK49: 3116.3038 | AL49: =IFERROR(AK49/AJ49,"") -> 1038.7679 | AM49: =RANK(AL49, AL$45:AL$77) -> 6 | AO49: 3 | AP49: 3116.4566 | AQ49: =IFERROR(AP49/AO49,"") -> 1038.8189 | AR49: =RANK(AQ49, AQ$45:AQ$77) -> 6 | AT49: 3 | AU49: 3116.0787 | AV49: =IFERROR(AU49/AT49,"") -> 1038.6929 | AW49: =RANK(AV49, AV$45:AV$77) -> 6
C50: 6 | D50: 一配贅沢鮭魚肚飯糰 | E50: 3 | F50: 3000 | G50: =F50/E50 -> 1000 | I50: =AVERAGE(P50,U50,Z50,AE50,AJ50,AO50,AT50) -> 3 | J50: =AVERAGE(Q50,V50,AA50,AF50,AK50,AP50,AU50) -> 2687.8394 | K50: =AVERAGE(R50,W50,AB50,AG50,AL50,AQ50,AV50) -> 895.94647 | M50: =RANK(K50, K$45:$K$77) -> 9 | P50: 3 | Q50: 2687.3722 | R50: =IFERROR(Q50/P50,"") -> 895.79073 | S50: =RANK(R50, R$45:R$77) -> 9 | U50: 3 | V50: 2687.2753 | W50: =IFERROR(V50/U50,"") -> 895.75845 | X50: =RANK(W50, W$45:W$77) -> 9 | Z50: 3 | AA50: 2687.7582 | AB50: =IFERROR(AA50/Z50,"") -> 895.9194 | AC50: =RANK(AB50, AB$45:AB$77) -> 9 | AE50: 3 | AF50: 2687.9079 | AG50: =IFERROR(AF50/AE50,"") -> 895.96929 | AH50: =RANK(AG50, AG$45:AG$77) -> 9 | AJ50: 3 | AK50: 2688.1619 | AL50: =IFERROR(AK50/AJ50,"") -> 896.05396 | AM50: =RANK(AL50, AL$45:AL$77) -> 9 | AO50: 3 | AP50: 2688.2059 | AQ50: =IFERROR(AP50/AO50,"") -> 896.06862 | AR50: =RANK(AQ50, AQ$45:AQ$77) -> 9 | AT50: 3 | AU50: 2688.1946 | AV50: =IFERROR(AU50/AT50,"") -> 896.06487 | AW50: =RANK(AV50, AV$45:AV$77) -> 9
C51: 7 | D51: 一配蔬食鮪魚飯糰 | E51: 3 | F51: 3600 | G51: =F51/E51 -> 1200 | I51: =AVERAGE(P51,U51,Z51,AE51,AJ51,AO51,AT51) -> 3 | J51: =AVERAGE(Q51,V51,AA51,AF51,AK51,AP51,AU51) -> 3119.2244 | K51: =AVERAGE(R51,W51,AB51,AG51,AL51,AQ51,AV51) -> 1039.7415 | M51: =RANK(K51, K$45:$K$77) -> 3 | P51: 3 | Q51: 3116.3842 | R51: =IFERROR(Q51/P51,"") -> 1038.7947 | S51: =RANK(R51, R$45:R$77) -> 5 | U51: 3 | V51: 3117.4799 | W51: =IFERROR(V51/U51,"") -> 1039.16 | X51: =RANK(W51, W$45:W$77) -> 3 | Z51: 3 | AA51: 3117.942 | AB51: =IFERROR(AA51/Z51,"") -> 1039.314 | AC51: =RANK(AB51, AB$45:AB$77) -> 3 | AE51: 3 | AF51: 3119.5489 | AG51: =IFERROR(AF51/AE51,"") -> 1039.8496 | AH51: =RANK(AG51, AG$45:AG$77) -> 3 | AJ51: 3 | AK51: 3120.743 | AL51: =IFERROR(AK51/AJ51,"") -> 1040.2477 | AM51: =RANK(AL51, AL$45:AL$77) -> 2 | AO51: 3 | AP51: 3121.5335 | AQ51: =IFERROR(AP51/AO51,"") -> 1040.5112 | AR51: =RANK(AQ51, AQ$45:AQ$77) -> 2 | AT51: 3 | AU51: 3120.9393 | AV51: =IFERROR(AU51/AT51,"") -> 1040.3131 | AW51: =RANK(AV51, AV$45:AV$77) -> 2
C52: 8 | D52: 一配熟成紅鮭飯糰 | E52: 4 | F52: 3300 | G52: =F52/E52 -> 825 | I52: =AVERAGE(P52,U52,Z52,AE52,AJ52,AO52,AT52) -> 4 | J52: =AVERAGE(Q52,V52,AA52,AF52,AK52,AP52,AU52) -> 2924.0921 | K52: =AVERAGE(R52,W52,AB52,AG52,AL52,AQ52,AV52) -> 731.02301 | M52: =RANK(K52, K$45:$K$77) -> 19 | P52: 4 | Q52: 2923.8579 | R52: =IFERROR(Q52/P52,"") -> 730.96447 | S52: =RANK(R52, R$45:R$77) -> 19 | U52: 4 | V52: 2923.3456 | W52: =IFERROR(V52/U52,"") -> 730.8364 | X52: =RANK(W52, W$45:W$77) -> 19 | Z52: 4 | AA52: 2923.832 | AB52: =IFERROR(AA52/Z52,"") -> 730.958 | AC52: =RANK(AB52, AB$45:AB$77) -> 19 | AE52: 4 | AF52: 2923.9549 | AG52: =IFERROR(AF52/AE52,"") -> 730.98872 | AH52: =RANK(AG52, AG$45:AG$77) -> 19 | AJ52: 4 | AK52: 2924.8332 | AL52: =IFERROR(AK52/AJ52,"") -> 731.2083 | AM52: =RANK(AL52, AL$45:AL$77) -> 18 | AO52: 4 | AP52: 2924.4656 | AQ52: =IFERROR(AP52/AO52,"") -> 731.11639 | AR52: =RANK(AQ52, AQ$45:AQ$77) -> 20 | AT52: 4 | AU52: 2924.3553 | AV52: =IFERROR(AU52/AT52,"") -> 731.08883 | AW52: =RANK(AV52, AV$45:AV$77) -> 23
C53: 9 | D53: 一配博多明太子奶油飯糰 | E53: 4 | F53: 3300 | G53: =F53/E53 -> 825 | I53: =AVERAGE(P53,U53,Z53,AE53,AJ53,AO53,AT53) -> 4 | J53: =AVERAGE(Q53,V53,AA53,AF53,AK53,AP53,AU53) -> 2923.6163 | K53: =AVERAGE(R53,W53,AB53,AG53,AL53,AQ53,AV53) -> 730.90408 | M53: =RANK(K53, K$45:$K$77) -> 20 | P53: 4 | Q53: 2923.0527 | R53: =IFERROR(Q53/P53,"") -> 730.76318 | S53: =RANK(R53, R$45:R$77) -> 20 | U53: 4 | V53: 2923.1236 | W53: =IFERROR(V53/U53,"") -> 730.78089 | X53: =RANK(W53, W$45:W$77) -> 20 | Z53: 4 | AA53: 2923.2227 | AB53: =IFERROR(AA53/Z53,"") -> 730.80569 | AC53: =RANK(AB53, AB$45:AB$77) -> 20 | AE53: 4 | AF53: 2923.2737 | AG53: =IFERROR(AF53/AE53,"") -> 730.81841 | AH53: =RANK(AG53, AG$45:AG$77) -> 20 | AJ53: 4 | AK53: 2923.7569 | AL53: =IFERROR(AK53/AJ53,"") -> 730.93923 | AM53: =RANK(AL53, AL$45:AL$77) -> 21 | AO53: 4 | AP53: 2924.2718 | AQ53: =IFERROR(AP53/AO53,"") -> 731.06796 | AR53: =RANK(AQ53, AQ$45:AQ$77) -> 22 | AT53: 4 | AU53: 2924.6127 | AV53: =IFERROR(AU53/AT53,"") -> 731.15318 | AW53: =RANK(AV53, AV$45:AV$77) -> 20
C54: 10 | D54: 一配北海道秋鮭親子飯糰 | E54: 4 | F54: 3300 | G54: =F54/E54 -> 825 | I54: =AVERAGE(P54,U54,Z54,AE54,AJ54,AO54,AT54) -> 4 | J54: =AVERAGE(Q54,V54,AA54,AF54,AK54,AP54,AU54) -> 2924.4109 | K54: =AVERAGE(R54,W54,AB54,AG54,AL54,AQ54,AV54) -> 731.10272 | M54: =RANK(K54, K$45:$K$77) -> 18 | P54: 4 | Q54: 2924.7223 | R54: =IFERROR(Q54/P54,"") -> 731.18058 | S54: =RANK(R54, R$45:R$77) -> 18 | U54: 4 | V54: 2925 | W54: =IFERROR(V54/U54,"") -> 731.25 | X54: =RANK(W54, W$45:W$77) -> 18 | Z54: 4 | AA54: 2923.929 | AB54: =IFERROR(AA54/Z54,"") -> 730.98226 | AC54: =RANK(AB54, AB$45:AB$77) -> 18 | AE54: 4 | AF54: 2923.991 | AG54: =IFERROR(AF54/AE54,"") -> 730.99776 | AH54: =RANK(AG54, AG$45:AG$77) -> 18 | AJ54: 4 | AK54: 2924.1877 | AL54: =IFERROR(AK54/AJ54,"") -> 731.04693 | AM54: =RANK(AL54, AL$45:AL$77) -> 19 | AO54: 4 | AP54: 2924.4332 | AQ54: =IFERROR(AP54/AO54,"") -> 731.10831 | AR54: =RANK(AQ54, AQ$45:AQ$77) -> 21 | AT54: 4 | AU54: 2924.6127 | AV54: =IFERROR(AU54/AT54,"") -> 731.15318 | AW54: =RANK(AV54, AV$45:AV$77) -> 21
C55: 11 | D55: 一配照燒雞肉飯糰 | E55: 4 | F55: 3300 | G55: =F55/E55 -> 825 | I55: =AVERAGE(P55,U55,Z55,AE55,AJ55,AO55,AT55) -> 4 | J55: =AVERAGE(Q55,V55,AA55,AF55,AK55,AP55,AU55) -> 2953.9954 | K55: =AVERAGE(R55,W55,AB55,AG55,AL55,AQ55,AV55) -> 738.49885 | M55: =RANK(K55, K$45:$K$77) -> 13 | P55: 4 | Q55: 2952.8269 | R55: =IFERROR(Q55/P55,"") -> 738.20671 | S55: =RANK(R55, R$45:R$77) -> 12 | U55: 4 | V55: 2953.8462 | W55: =IFERROR(V55/U55,"") -> 738.46154 | X55: =RANK(W55, W$45:W$77) -> 13 | Z55: 4 | AA55: 2954.608 | AB55: =IFERROR(AA55/Z55,"") -> 738.65199 | AC55: =RANK(AB55, AB$45:AB$77) -> 13 | AE55: 4 | AF55: 2954.124 | AG55: =IFERROR(AF55/AE55,"") -> 738.53101 | AH55: =RANK(AG55, AG$45:AG$77) -> 13 | AJ55: 4 | AK55: 2954.5155 | AL55: =IFERROR(AK55/AJ55,"") -> 738.62887 | AM55: =RANK(AL55, AL$45:AL$77) -> 13 | AO55: 4 | AP55: 2954.3307 | AQ55: =IFERROR(AP55/AO55,"") -> 738.58268 | AR55: =RANK(AQ55, AQ$45:AQ$77) -> 13 | AT55: 4 | AU55: 2953.7167 | AV55: =IFERROR(AU55/AT55,"") -> 738.42917 | AW55: =RANK(AV55, AV$45:AV$77) -> 13
C56: 12 | D56: 一配經典肉鬆飯糰 | E56: 3 | F56: 3000 | G56: =F56/E56 -> 1000 | I56: =AVERAGE(P56,U56,Z56,AE56,AJ56,AO56,AT56) -> 3 | J56: =AVERAGE(Q56,V56,AA56,AF56,AK56,AP56,AU56) -> 2684.9466 | K56: =AVERAGE(R56,W56,AB56,AG56,AL56,AQ56,AV56) -> 894.98221 | M56: =RANK(K56, K$45:$K$77) -> 11 | P56: 3 | Q56: 2684.0134 | R56: =IFERROR(Q56/P56,"") -> 894.67115 | S56: =RANK(R56, R$45:R$77) -> 11 | U56: 3 | V56: 2684.1944 | W56: =IFERROR(V56/U56,"") -> 894.73146 | X56: =RANK(W56, W$45:W$77) -> 11 | Z56: 3 | AA56: 2684.6167 | AB56: =IFERROR(AA56/Z56,"") -> 894.87225 | AC56: =RANK(AB56, AB$45:AB$77) -> 11 | AE56: 3 | AF56: 2684.5579 | AG56: =IFERROR(AF56/AE56,"") -> 894.85262 | AH56: =RANK(AG56, AG$45:AG$77) -> 11 | AJ56: 3 | AK56: 2685.8333 | AL56: =IFERROR(AK56/AJ56,"") -> 895.27778 | AM56: =RANK(AL56, AL$45:AL$77) -> 10 | AO56: 3 | AP56: 2685.687 | AQ56: =IFERROR(AP56/AO56,"") -> 895.22901 | AR56: =RANK(AQ56, AQ$45:AQ$77) -> 10 | AT56: 3 | AU56: 2685.7236 | AV56: =IFERROR(AU56/AT56,"") -> 895.24121 | AW56: =RANK(AV56, AV$45:AV$77) -> 10
C57: 13 | D57: 一配兩粒飯糰(鮪魚.焦糖鮭魚) | E57: 12 | F57: 3600 | G57: =F57/E57 -> 300 | I57: =AVERAGE(P57,U57,Z57,AE57,AJ57,AO57,AT57) -> 12 | J57: =AVERAGE(Q57,V57,AA57,AF57,AK57,AP57,AU57) -> 3112.6649 | K57: =AVERAGE(R57,W57,AB57,AG57,AL57,AQ57,AV57) -> 259.38874 | M57: =RANK(K57, K$45:$K$77) -> 31 | P57: 12 | Q57: 3112.6074 | R57: =IFERROR(Q57/P57,"") -> 259.38395 | S57: =RANK(R57, R$45:R$77) -> 31 | U57: 12 | V57: 3112.6193 | W57: =IFERROR(V57/U57,"") -> 259.38494 | X57: =RANK(W57, W$45:W$77) -> 31 | Z57: 12 | AA57: 3112.2318 | AB57: =IFERROR(AA57/Z57,"") -> 259.35265 | AC57: =RANK(AB57, AB$45:AB$77) -> 31 | AE57: 12 | AF57: 3112.4827 | AG57: =IFERROR(AF57/AE57,"") -> 259.37356 | AH57: =RANK(AG57, AG$45:AG$77) -> 31 | AJ57: 12 | AK57: 3113.0935 | AL57: =IFERROR(AK57/AJ57,"") -> 259.42446 | AM57: =RANK(AL57, AL$45:AL$77) -> 31 | AO57: 12 | AP57: 3112.647 | AQ57: =IFERROR(AP57/AO57,"") -> 259.38725 | AR57: =RANK(AQ57, AQ$45:AQ$77) -> 31 | AT57: 12 | AU57: 3112.9726 | AV57: =IFERROR(AU57/AT57,"") -> 259.41438 | AW57: =RANK(AV57, AV$45:AV$77) -> 31
... C75: 31 | D75: 二配明太子乳酪起司沙拉飯糰 | E75: 4 | F75: 3300 | G75: =F75/E75 -> 825 | I75: =AVERAGE(P75,U75,Z75,AE75,AJ75,AO75,AT75) -> 4 | J75: =AVERAGE(Q75,V75,AA75,AF75,AK75,AP75,AU75) -> 2849.8703 | K75: =AVERAGE(R75,W75,AB75,AG75,AL75,AQ75,AV75) -> 712.46758 | M75: =RANK(K75, K$45:$K$77) -> 23 | P75: 4 | Q75: 2733.2162 | R75: =IFERROR(Q75/P75,"") -> 683.30404 | S75: =RANK(R75, R$45:R$77) -> 23 | U75: 4 | V75: 2764.1739 | W75: =IFERROR(V75/U75,"") -> 691.04348 | X75: =RANK(W75, W$45:W$77) -> 23 | Z75: 4 | AA75: 2810.5075 | AB75: =IFERROR(AA75/Z75,"") -> 702.62687 | AC75: =RANK(AB75, AB$45:AB$77) -> 23 | AE75: 4 | AF75: 2855.3957 | AG75: =IFERROR(AF75/AE75,"") -> 713.84892 | AH75: =RANK(AG75, AG$45:AG$77) -> 23 | AJ75: 4 | AK75: 2898.9181 | AL75: =IFERROR(AK75/AJ75,"") -> 724.72952 | AM75: =RANK(AL75, AL$45:AL$77) -> 23 | AO75: 4 | AP75: 2936.3128 | AQ75: =IFERROR(AP75/AO75,"") -> 734.07821 | AR75: =RANK(AQ75, AQ$45:AQ$77) -> 18 | AT75: 4 | AU75: 2950.5682 | AV75: =IFERROR(AU75/AT75,"") -> 737.64205 | AW75: =RANK(AV75, AV$45:AV$77) -> 14
C76: 32
C77: 33
B78: 產線配置圖－每週更新(0113-0119) | N78: 資料繳交 | O78: 日期 | P78: =AT40+1 -> 46035 | U78: =P78+1 -> 46036 | Z78: =U78+1 -> 46037 | AE78: =Z78+1 -> 46038 | AJ78: =AE78+1 -> 46039 | AO78: =AJ78+1 -> 46040 | AT78: =AO78+1 -> 46041
P79: =P78 -> 46035 | U79: =U78 -> 46036 | Z79: =Z78 -> 46037 | AE79: =AE78 -> 46038 | AJ79: =AJ78 -> 46039 | AO79: =AO78 -> 46040 | AT79: =AT78 -> 46041
B80: 品群 | C80: 商品名稱 | E80: 計畫 | H80: 平均人時性 | I80: 實績 (週平均) | L80: 平均人時性 | M80: 排名 | O80: 日報 | P80: 實際 | T80: 平均人時性 | U80: 實際 | Y80: 平均人時性 | Z80: 實際 | AD80: 平均人時性 | AE80: 實際 | AI80: 平均人時性 | AJ80: 實際 | AN80: 平均人時性 | AO80: 實際 | AS80: 平均人時性 | AT80: 實際 | AX80: 平均人時性
E81: 產線配置圖 | I81: 產線配置圖 | P81: 生產實績 | U81: 生產實績 | Z81: 生產實績 | AE81: 生產實績 | AJ81: 生產實績 | AO81: 生產實績 | AT81: 生產實績
E82: 人數 | F82: 產能／時 | G82: 人時性 | I82: 人數 | J82: 產能／時 | K82: 人時性 | P82: 人數 | Q82: 產能／時 | R82: 人時性 | S82: 排名 | U82: 人數 | V82: 產能／時 | W82: 人時性 | X82: 排名 | Z82: 人數 | AA82: 產能／時 | AB82: 人時性 | AC82: 排名 | AE82: 人數 | AF82: 產能／時 | AG82: 人時性 | AH82: 排名 | AJ82: 人數 | AK82: 產能／時 | AL82: 人時性 | AM82: 排名 | AO82: 人數 | AP82: 產能／時 | AQ82: 人時性 | AR82: 排名 | AT82: 人數 | AU82: 產能／時 | AV82: 人時性 | AW82: 排名
B83: 18℃-飯糰 | C83: 1 | D83: 一配鹽蔥燒肉飯糰 | E83: 4 | F83: 3300 | G83: =F83/E83 -> 825 | H83: =AVERAGE(G83:G115) -> 867.03125 | I83: =AVERAGE(P83,U83,Z83,AE83,AJ83,AO83,AT83) -> 4 | J83: =AVERAGE(Q83,V83,AA83,AF83,AK83,AP83,AU83) -> 2949.0479 | K83: =AVERAGE(R83,W83,AB83,AG83,AL83,AQ83,AV83) -> 737.26196 | L83: =IFERROR(AVERAGE(K83:K115),"-") -> 766.73953 | M83: =RANK(K83, K$83:$K$115) -> 18 | P83: 4 | Q83: 2948.7078 | R83: =IFERROR(Q83/P83,"") -> 737.17694 | S83: =RANK(R83, R$83:R$115) -> 18 | T83: =AVERAGE(R83:R115) -> 765.887 | U83: 4 | V83: 2949.0382 | W83: =IFERROR(V83/U83,"") -> 737.25954 | X83: =RANK(W83, W$83:W$115) -> 17 | Y83: =AVERAGE(W83:W115) -> 766.15631 | Z83: 4 | AA83: 2949.0172 | AB83: =IFERROR(AA83/Z83,"") -> 737.25431 | AC83: =RANK(AB83, AB$83:AB$115) -> 17 | AD83: =AVERAGE(AB83:AB115) -> 766.44396 | AE83: 4 | AF83: 2948.8623 | AG83: =IFERROR(AF83/AE83,"") -> 737.21558 | AH83: =RANK(AG83, AG$83:AG$115) -> 18 | AI83: =AVERAGE(AG83:AG115) -> 766.70959 | AJ83: 4 | AK83: 2949.0411 | AL83: =IFERROR(AK83/AJ83,"") -> 737.26027 | AM83: =RANK(AL83, AL$83:AL$115) -> 18 | AN83: =AVERAGE(AL83:AL115) -> 767.02391 | AO83: 4 | AP83: 2949.0109 | AQ83: =IFERROR(AP83/AO83,"") -> 737.25272 | AR83: =RANK(AQ83, AQ$83:AQ$115) -> 18 | AS83: =AVERAGE(AQ83:AQ115) -> 767.29092 | AT83: 4 | AU83: 2949.6575 | AV83: =IFERROR(AU83/AT83,"") -> 737.41438 | AW83: =RANK(AV83, AV$83:AV$115) -> 18 | AX83: =AVERAGE(AV83:AV115) -> 767.66504
C84: 2 | D84: 一配鮪魚飯糰 | E84: 3 | F84: 3600 | G84: =F84/E84 -> 1200 | I84: =AVERAGE(P84,U84,Z84,AE84,AJ84,AO84,AT84) -> 3 | J84: =AVERAGE(Q84,V84,AA84,AF84,AK84,AP84,AU84) -> 3117.7929 | K84: =AVERAGE(R84,W84,AB84,AG84,AL84,AQ84,AV84) -> 1039.2643 | M84: =RANK(K84, K$83:$K$115) -> 5 | P84: 3 | Q84: 3117.4584 | R84: =IFERROR(Q84/P84,"") -> 1039.1528 | S84: =RANK(R84, R$83:R$115) -> 5 | U84: 3 | V84: 3117.6433 | W84: =IFERROR(V84/U84,"") -> 1039.2144 | X84: =RANK(W84, W$83:W$115) -> 5 | Z84: 3 | AA84: 3117.5918 | AB84: =IFERROR(AA84/Z84,"") -> 1039.1973 | AC84: =RANK(AB84, AB$83:AB$115) -> 5 | AE84: 3 | AF84: 3117.6485 | AG84: =IFERROR(AF84/AE84,"") -> 1039.2162 | AH84: =RANK(AG84, AG$83:AG$115) -> 5 | AJ84: 3 | AK84: 3117.1747 | AL84: =IFERROR(AK84/AJ84,"") -> 1039.0582 | AM84: =RANK(AL84, AL$83:AL$115) -> 6 | AO84: 3 | AP84: 3117.1765 | AQ84: =IFERROR(AP84/AO84,"") -> 1039.0588 | AR84: =RANK(AQ84, AQ$83:AQ$115) -> 6 | AT84: 3 | AU84: 3119.8571 | AV84: =IFERROR(AU84/AT84,"") -> 1039.9524 | AW84: =RANK(AV84, AV$83:AV$115) -> 4
C85: 3 | D85: 一配雞肉飯飯糰 | E85: 4 | F85: 3300 | G85: =F85/E85 -> 825 | I85: =AVERAGE(P85,U85,Z85,AE85,AJ85,AO85,AT85) -> 4 | J85: =AVERAGE(Q85,V85,AA85,AF85,AK85,AP85,AU85) -> 2947.8626 | K85: =AVERAGE(R85,W85,AB85,AG85,AL85,AQ85,AV85) -> 736.96565 | M85: =RANK(K85, K$83:$K$115) -> 19 | P85: 4 | Q85: 2947.354 | R85: =IFERROR(Q85/P85,"") -> 736.83851 | S85: =RANK(R85, R$83:R$115) -> 19 | U85: 4 | V85: 2947.6056 | W85: =IFERROR(V85/U85,"") -> 736.90141 | X85: =RANK(W85, W$83:W$115) -> 19 | Z85: 4 | AA85: 2947.9115 | AB85: =IFERROR(AA85/Z85,"") -> 736.97786 | AC85: =RANK(AB85, AB$83:AB$115) -> 19 | AE85: 4 | AF85: 2947.6112 | AG85: =IFERROR(AF85/AE85,"") -> 736.9028 | AH85: =RANK(AG85, AG$83:AG$115) -> 19 | AJ85: 4 | AK85: 2947.8645 | AL85: =IFERROR(AK85/AJ85,"") -> 736.96613 | AM85: =RANK(AL85, AL$83:AL$115) -> 19 | AO85: 4 | AP85: 2948.0315 | AQ85: =IFERROR(AP85/AO85,"") -> 737.00787 | AR85: =RANK(AQ85, AQ$83:AQ$115) -> 19 | AT85: 4 | AU85: 2948.6598 | AV85: =IFERROR(AU85/AT85,"") -> 737.16495 | AW85: =RANK(AV85, AV$83:AV$115) -> 19
C86: 4 | D86: 一配壹號醬炙烤牛飯糰 | E86: 5 | F86: 3300 | G86: =F86/E86 -> 660 | I86: =AVERAGE(P86,U86,Z86,AE86,AJ86,AO86,AT86) -> 5 | J86: =AVERAGE(Q86,V86,AA86,AF86,AK86,AP86,AU86) -> 2953.898 | K86: =AVERAGE(R86,W86,AB86,AG86,AL86,AQ86,AV86) -> 590.7796 | M86: =RANK(K86, K$83:$K$115) -> 27 | P86: 5 | Q86: 2954.1029 | R86: =IFERROR(Q86/P86,"") -> 590.82058 | S86: =RANK(R86, R$83:R$115) -> 27 | U86: 5 | V86: 2953.5211 | W86: =IFERROR(V86/U86,"") -> 590.70423 | X86: =RANK(W86, W$83:W$115) -> 27 | Z86: 5 | AA86: 2953.0201 | AB86: =IFERROR(AA86/Z86,"") -> 590.60403 | AC86: =RANK(AB86, AB$83:AB$115) -> 27 | AE86: 5 | AF86: 2952.809 | AG86: =IFERROR(AF86/AE86,"") -> 590.5618 | AH86: =RANK(AG86, AG$83:AG$115) -> 27 | AJ86: 5 | AK86: 2955.2239 | AL86: =IFERROR(AK86/AJ86,"") -> 591.04478 | AM86: =RANK(AL86, AL$83:AL$115) -> 27 | AO86: 5 | AP86: 2954.4304 | AQ86: =IFERROR(AP86/AO86,"") -> 590.88608 | AR86: =RANK(AQ86, AQ$83:AQ$115) -> 27 | AT86: 5 | AU86: 2954.1787 | AV86: =IFERROR(AU86/AT86,"") -> 590.83573 | AW86: =RANK(AV86, AV$83:AV$115) -> 27
C87: 5 | D87: 一配明太子龍蝦風味沙拉飯糰 | E87: 3 | F87: 3600 | G87: =F87/E87 -> 1200 | I87: =AVERAGE(P87,U87,Z87,AE87,AJ87,AO87,AT87) -> 3 | J87: =AVERAGE(Q87,V87,AA87,AF87,AK87,AP87,AU87) -> 3117.0975 | K87: =AVERAGE(R87,W87,AB87,AG87,AL87,AQ87,AV87) -> 1039.0325 | M87: =RANK(K87, K$83:$K$115) -> 6 | P87: 3 | Q87: 3116.6223 | R87: =IFERROR(Q87/P87,"") -> 1038.8741 | S87: =RANK(R87, R$83:R$115) -> 6 | U87: 3 | V87: 3116.1442 | W87: =IFERROR(V87/U87,"") -> 1038.7147 | X87: =RANK(W87, W$83:W$115) -> 6 | Z87: 3 | AA87: 3115.9174 | AB87: =IFERROR(AA87/Z87,"") -> 1038.6391 | AC87: =RANK(AB87, AB$83:AB$115) -> 6 | AE87: 3 | AF87: 3116.551 | AG87: =IFERROR(AF87/AE87,"") -> 1038.8503 | AH87: =RANK(AG87, AG$83:AG$115) -> 6 | AJ87: 3 | AK87: 3117.5457 | AL87: =IFERROR(AK87/AJ87,"") -> 1039.1819 | AM87: =RANK(AL87, AL$83:AL$115) -> 5 | AO87: 3 | AP87: 3118.1853 | AQ87: =IFERROR(AP87/AO87,"") -> 1039.3951 | AR87: =RANK(AQ87, AQ$83:AQ$115) -> 5 | AT87: 3 | AU87: 3118.7166 | AV87: =IFERROR(AU87/AT87,"") -> 1039.5722 | AW87: =RANK(AV87, AV$83:AV$115) -> 6
C88: 6 | D88: 一配贅沢鮭魚肚飯糰 | E88: 3 | F88: 3000 | G88: =F88/E88 -> 1000 | I88: =AVERAGE(P88,U88,Z88,AE88,AJ88,AO88,AT88) -> 3 | J88: =AVERAGE(Q88,V88,AA88,AF88,AK88,AP88,AU88) -> 2688.4318 | K88: =AVERAGE(R88,W88,AB88,AG88,AL88,AQ88,AV88) -> 896.14393 | M88: =RANK(K88, K$83:$K$115) -> 9 | P88: 3 | Q88: 2688.3582 | R88: =IFERROR(Q88/P88,"") -> 896.1194 | S88: =RANK(R88, R$83:R$115) -> 9 | U88: 3 | V88: 2688.2751 | W88: =IFERROR(V88/U88,"") -> 896.09171 | X88: =RANK(W88, W$83:W$115) -> 9 | Z88: 3 | AA88: 2687.9097 | AB88: =IFERROR(AA88/Z88,"") -> 895.96991 | AC88: =RANK(AB88, AB$83:AB$115) -> 9 | AE88: 3 | AF88: 2688.8536 | AG88: =IFERROR(AF88/AE88,"") -> 896.28453 | AH88: =RANK(AG88, AG$83:AG$115) -> 9 | AJ88: 3 | AK88: 2688.5133 | AL88: =IFERROR(AK88/AJ88,"") -> 896.17109 | AM88: =RANK(AL88, AL$83:AL$115) -> 9 | AO88: 3 | AP88: 2688.6076 | AQ88: =IFERROR(AP88/AO88,"") -> 896.20253 | AR88: =RANK(AQ88, AQ$83:AQ$115) -> 9 | AT88: 3 | AU88: 2688.5049 | AV88: =IFERROR(AU88/AT88,"") -> 896.16829 | AW88: =RANK(AV88, AV$83:AV$115) -> 9
C89: 7 | D89: 一配蔬食鮪魚飯糰 | E89: 3 | F89: 3600 | G89: =F89/E89 -> 1200 | I89: =AVERAGE(P89,U89,Z89,AE89,AJ89,AO89,AT89) -> 3 | J89: =AVERAGE(Q89,V89,AA89,AF89,AK89,AP89,AU89) -> 3122.2109 | K89: =AVERAGE(R89,W89,AB89,AG89,AL89,AQ89,AV89) -> 1040.737 | M89: =RANK(K89, K$83:$K$115) -> 2 | P89: 3 | Q89: 3120.5128 | R89: =IFERROR(Q89/P89,"") -> 1040.1709 | S89: =RANK(R89, R$83:R$115) -> 3 | U89: 3 | V89: 3121.875 | W89: =IFERROR(V89/U89,"") -> 1040.625 | X89: =RANK(W89, W$83:W$115) -> 2 | Z89: 3 | AA89: 3121.9585 | AB89: =IFERROR(AA89/Z89,"") -> 1040.6528 | AC89: =RANK(AB89, AB$83:AB$115) -> 2 | AE89: 3 | AF89: 3121.165 | AG89: =IFERROR(AF89/AE89,"") -> 1040.3883 | AH89: =RANK(AG89, AG$83:AG$115) -> 2 | AJ89: 3 | AK89: 3123.1547 | AL89: =IFERROR(AK89/AJ89,"") -> 1041.0516 | AM89: =RANK(AL89, AL$83:AL$115) -> 2 | AO89: 3 | AP89: 3122.8022 | AQ89: =IFERROR(AP89/AO89,"") -> 1040.9341 | AR89: =RANK(AQ89, AQ$83:AQ$115) -> 2 | AT89: 3 | AU89: 3124.0084 | AV89: =IFERROR(AU89/AT89,"") -> 1041.3361 | AW89: =RANK(AV89, AV$83:AV$115) -> 2
C90: 8 | D90: 一配熟成紅鮭飯糰 | E90: 4 | F90: 3300 | G90: =F90/E90 -> 825 | I90: =AVERAGE(P90,U90,Z90,AE90,AJ90,AO90,AT90) -> 4 | J90: =AVERAGE(Q90,V90,AA90,AF90,AK90,AP90,AU90) -> 2923.8041 | K90: =AVERAGE(R90,W90,AB90,AG90,AL90,AQ90,AV90) -> 730.95103 | M90: =RANK(K90, K$83:$K$115) -> 23 | P90: 4 | Q90: 2924.2073 | R90: =IFERROR(Q90/P90,"") -> 731.05184 | S90: =RANK(R90, R$83:R$115) -> 22 | U90: 4 | V90: 2924.2009 | W90: =IFERROR(V90/U90,"") -> 731.05023 | X90: =RANK(W90, W$83:W$115) -> 22 | Z90: 4 | AA90: 2923.7994 | AB90: =IFERROR(AA90/Z90,"") -> 730.94984 | AC90: =RANK(AB90, AB$83:AB$115) -> 23 | AE90: 4 | AF90: 2923.743 | AG90: =IFERROR(AF90/AE90,"") -> 730.93575 | AH90: =RANK(AG90, AG$83:AG$115) -> 23 | AJ90: 4 | AK90: 2922.7166 | AL90: =IFERROR(AK90/AJ90,"") -> 730.67916 | AM90: =RANK(AL90, AL$83:AL$115) -> 24 | AO90: 4 | AP90: 2922.8442 | AQ90: =IFERROR(AP90/AO90,"") -> 730.71104 | AR90: =RANK(AQ90, AQ$83:AQ$115) -> 24 | AT90: 4 | AU90: 2925.1175 | AV90: =IFERROR(AU90/AT90,"") -> 731.27937 | AW90: =RANK(AV90, AV$83:AV$115) -> 22
C91: 9 | D91: 一配博多明太子奶油飯糰 | E91: 4 | F91: 3300 | G91: =F91/E91 -> 825 | I91: =AVERAGE(P91,U91,Z91,AE91,AJ91,AO91,AT91) -> 4 | J91: =AVERAGE(Q91,V91,AA91,AF91,AK91,AP91,AU91) -> 2927.3159 | K91: =AVERAGE(R91,W91,AB91,AG91,AL91,AQ91,AV91) -> 731.82898 | M91: =RANK(K91, K$83:$K$115) -> 20 | P91: 4 | Q91: 2926.4733 | R91: =IFERROR(Q91/P91,"") -> 731.61833 | S91: =RANK(R91, R$83:R$115) -> 20 | U91: 4 | V91: 2926.8837 | W91: =IFERROR(V91/U91,"") -> 731.72093 | X91: =RANK(W91, W$83:W$115) -> 20 | Z91: 4 | AA91: 2928.4974 | AB91: =IFERROR(AA91/Z91,"") -> 732.12435 | AC91: =RANK(AB91, AB$83:AB$115) -> 20 | AE91: 4 | AF91: 2926.2857 | AG91: =IFERROR(AF91/AE91,"") -> 731.57143 | AH91: =RANK(AG91, AG$83:AG$115) -> 20 | AJ91: 4 | AK91: 2927.6471 | AL91: =IFERROR(AK91/AJ91,"") -> 731.91176 | AM91: =RANK(AL91, AL$83:AL$115) -> 20 | AO91: 4 | AP91: 2927.4725 | AQ91: =IFERROR(AP91/AO91,"") -> 731.86813 | AR91: =RANK(AQ91, AQ$83:AQ$115) -> 20 | AT91: 4 | AU91: 2927.9516 | AV91: =IFERROR(AU91/AT91,"") -> 731.98789 | AW91: =RANK(AV91, AV$83:AV$115) -> 20
C92: 10 | D92: 一配北海道秋鮭親子飯糰 | E92: 4 | F92: 3300 | G92: =F92/E92 -> 825 | I92: =AVERAGE(P92,U92,Z92,AE92,AJ92,AO92,AT92) -> 4 | J92: =AVERAGE(Q92,V92,AA92,AF92,AK92,AP92,AU92) -> 2924.3526 | K92: =AVERAGE(R92,W92,AB92,AG92,AL92,AQ92,AV92) -> 731.08815 | M92: =RANK(K92, K$83:$K$115) -> 22 | P92: 4 | Q92: 2924.5033 | R92: =IFERROR(Q92/P92,"") -> 731.12583 | S92: =RANK(R92, R$83:R$115) -> 21 | U92: 4 | V92: 2925.2004 | W92: =IFERROR(V92/U92,"") -> 731.30009 | X92: =RANK(W92, W$83:W$115) -> 21 | Z92: 4 | AA92: 2924.3697 | AB92: =IFERROR(AA92/Z92,"") -> 731.09244 | AC92: =RANK(AB92, AB$83:AB$115) -> 21 | AE92: 4 | AF92: 2923.8475 | AG92: =IFERROR(AF92/AE92,"") -> 730.96187 | AH92: =RANK(AG92, AG$83:AG$115) -> 22 | AJ92: 4 | AK92: 2924.0272 | AL92: =IFERROR(AK92/AJ92,"") -> 731.00679 | AM92: =RANK(AL92, AL$83:AL$115) -> 22 | AO92: 4 | AP92: 2923.8261 | AQ92: =IFERROR(AP92/AO92,"") -> 730.95652 | AR92: =RANK(AQ92, AQ$83:AQ$115) -> 23 | AT92: 4 | AU92: 2924.6942 | AV92: =IFERROR(AU92/AT92,"") -> 731.17354 | AW92: =RANK(AV92, AV$83:AV$115) -> 24
C93: 11 | D93: 一配照燒雞肉飯糰 | E93: 4 | F93: 3300 | G93: =F93/E93 -> 825 | I93: =AVERAGE(P93,U93,Z93,AE93,AJ93,AO93,AT93) -> 4 | J93: =AVERAGE(Q93,V93,AA93,AF93,AK93,AP93,AU93) -> 2954.257 | K93: =AVERAGE(R93,W93,AB93,AG93,AL93,AQ93,AV93) -> 738.56424 | M93: =RANK(K93, K$83:$K$115) -> 13 | P93: 4 | Q93: 2954.4708 | R93: =IFERROR(Q93/P93,"") -> 738.61769 | S93: =RANK(R93, R$83:R$115) -> 13 | U93: 4 | V93: 2954.1586 | W93: =IFERROR(V93/U93,"") -> 738.53965 | X93: =RANK(W93, W$83:W$115) -> 13 | Z93: 4 | AA93: 2953.661 | AB93: =IFERROR(AA93/Z93,"") -> 738.41525 | AC93: =RANK(AB93, AB$83:AB$115) -> 13 | AE93: 4 | AF93: 2954.3226 | AG93: =IFERROR(AF93/AE93,"") -> 738.58065 | AH93: =RANK(AG93, AG$83:AG$115) -> 13 | AJ93: 4 | AK93: 2954.5004 | AL93: =IFERROR(AK93/AJ93,"") -> 738.62509 | AM93: =RANK(AL93, AL$83:AL$115) -> 13 | AO93: 4 | AP93: 2954.6099 | AQ93: =IFERROR(AP93/AO93,"") -> 738.65248 | AR93: =RANK(AQ93, AQ$83:AQ$115) -> 14 | AT93: 4 | AU93: 2954.0755 | AV93: =IFERROR(AU93/AT93,"") -> 738.51889 | AW93: =RANK(AV93, AV$83:AV$115) -> 14
C94: 12 | D94: 一配經典肉鬆飯糰 | E94: 3 | F94: 3000 | G94: =F94/E94 -> 1000 | I94: =AVERAGE(P94,U94,Z94,AE94,AJ94,AO94,AT94) -> 3 | J94: =AVERAGE(Q94,V94,AA94,AF94,AK94,AP94,AU94) -> 2686.4191 | K94: =AVERAGE(R94,W94,AB94,AG94,AL94,AQ94,AV94) -> 895.47303 | M94: =RANK(K94, K$83:$K$115) -> 11 | P94: 3 | Q94: 2685.7808 | R94: =IFERROR(Q94/P94,"") -> 895.26027 | S94: =RANK(R94, R$83:R$115) -> 11 | U94: 3 | V94: 2685.8655 | W94: =IFERROR(V94/U94,"") -> 895.28851 | X94: =RANK(W94, W$83:W$115) -> 11 | Z94: 3 | AA94: 2685.9222 | AB94: =IFERROR(AA94/Z94,"") -> 895.30738 | AC94: =RANK(AB94, AB$83:AB$115) -> 11 | AE94: 3 | AF94: 2686.6858 | AG94: =IFERROR(AF94/AE94,"") -> 895.56193 | AH94: =RANK(AG94, AG$83:AG$115) -> 11 | AJ94: 3 | AK94: 2686.8493 | AL94: =IFERROR(AK94/AJ94,"") -> 895.61644 | AM94: =RANK(AL94, AL$83:AL$115) -> 11 | AO94: 3 | AP94: 2686.8035 | AQ94: =IFERROR(AP94/AO94,"") -> 895.60117 | AR94: =RANK(AQ94, AQ$83:AQ$115) -> 11 | AT94: 3 | AU94: 2687.0265 | AV94: =IFERROR(AU94/AT94,"") -> 895.67549 | AW94: =RANK(AV94, AV$83:AV$115) -> 11
C95: 13 | D95: 一配兩粒飯糰(鮪魚.焦糖鮭魚) | E95: 12 | F95: 3600 | G95: =F95/E95 -> 300 | I95: =AVERAGE(P95,U95,Z95,AE95,AJ95,AO95,AT95) -> 12 | J95: =AVERAGE(Q95,V95,AA95,AF95,AK95,AP95,AU95) -> 3114.2961 | K95: =AVERAGE(R95,W95,AB95,AG95,AL95,AQ95,AV95) -> 259.52468 | M95: =RANK(K95, K$83:$K$115) -> 32 | P95: 12 | Q95: 3112.8848 | R95: =IFERROR(Q95/P95,"") -> 259.40707 | S95: =RANK(R95, R$83:R$115) -> 32 | U95: 12 | V95: 3113.6986 | W95: =IFERROR(V95/U95,"") -> 259.47489 | X95: =RANK(W95, W$83:W$115) -> 32 | Z95: 12 | AA95: 3113.4746 | AB95: =IFERROR(AA95/Z95,"") -> 259.45622 | AC95: =RANK(AB95, AB$83:AB$115) -> 32 | AE95: 12 | AF95: 3113.9313 | AG95: =IFERROR(AF95/AE95,"") -> 259.49427 | AH95: =RANK(AG95, AG$83:AG$115) -> 32 | AJ95: 12 | AK95: 3114.6667 | AL95: =IFERROR(AK95/AJ95,"") -> 259.55556 | AM95: =RANK(AL95, AL$83:AL$115) -> 32 | AO95: 12 | AP95: 3115.102 | AQ95: =IFERROR(AP95/AO95,"") -> 259.59184 | AR95: =RANK(AQ95, AQ$83:AQ$115) -> 32 | AT95: 12 | AU95: 3116.3148 | AV95: =IFERROR(AU95/AT95,"") -> 259.6929 | AW95: =RANK(AV95, AV$83:AV$115) -> 31
... C114: 32 | D114: 二配明太子乳酪起司沙拉飯糰 | E114: 4 | F114: 3300 | G114: =F114/E114 -> 825 | I114: =AVERAGE(P114,U114,Z114,AE114,AJ114,AO114,AT114) -> 4 | J114: =AVERAGE(Q114,V114,AA114,AF114,AK114,AP114,AU114) -> 2950.7301 | K114: =AVERAGE(R114,W114,AB114,AG114,AL114,AQ114,AV114) -> 737.68253 | M114: =RANK(K114, K$83:$K$115) -> 15 | P114: 4 | Q114: 2950.4162 | R114: =IFERROR(Q114/P114,"") -> 737.60404 | S114: =RANK(R114, R$83:R$115) -> 14 | U114: 4 | V114: 2950.5516 | W114: =IFERROR(V114/U114,"") -> 737.6379 | X114: =RANK(W114, W$83:W$115) -> 15 | Z114: 4 | AA114: 2950.4748 | AB114: =IFERROR(AA114/Z114,"") -> 737.6187 | AC114: =RANK(AB114, AB$83:AB$115) -> 15 | AE114: 4 | AF114: 2950.8197 | AG114: =IFERROR(AF114/AE114,"") -> 737.70492 | AH114: =RANK(AG114, AG$83:AG$115) -> 15 | AJ114: 4 | AK114: 2951.0247 | AL114: =IFERROR(AK114/AJ114,"") -> 737.75617 | AM114: =RANK(AL114, AL$83:AL$115) -> 15 | AO114: 4 | AP114: 2951.0778 | AQ114: =IFERROR(AP114/AO114,"") -> 737.76945 | AR114: =RANK(AQ114, AQ$83:AQ$115) -> 16 | AT114: 4 | AU114: 2950.7463 | AV114: =IFERROR(AU114/AT114,"") -> 737.68657 | AW114: =RANK(AV114, AV$83:AV$115) -> 16
C115: 33
B116: 產線配置圖－每週更新(0120-0126) | N116: 資料繳交 | O116: 日期 | P116: =AT78+1 -> 46042 | U116: =P116+1 -> 46043 | Z116: =U116+1 -> 46044 | AE116: =Z116+1 -> 46045 | AJ116: =AE116+1 -> 46046 | AO116: =AJ116+1 -> 46047 | AT116: =AO116+1 -> 46048
P117: =P116 -> 46042 | U117: =U116 -> 46043 | Z117: =Z116 -> 46044 | AE117: =AE116 -> 46045 | AJ117: =AJ116 -> 46046 | AO117: =AO116 -> 46047 | AT117: =AT116 -> 46048
B118: 品群 | C118: 商品名稱 | E118: 計畫 | H118: 平均人時性 | I118: 實績 (週平均) | L118: 平均人時性 | M118: 排名 | O118: 日報 | P118: 實際 | T118: 平均人時性 | U118: 實際 | Y118: 平均人時性 | Z118: 實際 | AD118: 平均人時性 | AE118: 實際 | AI118: 平均人時性 | AJ118: 實際 | AN118: 平均人時性 | AO118: 實際 | AS118: 平均人時性 | AT118: 實際 | AX118: 平均人時性
E119: 產線配置圖 | I119: 產線配置圖 | P119: 生產實績 | U119: 生產實績 | Z119: 生產實績 | AE119: 生產實績 | AJ119: 生產實績 | AO119: 生產實績 | AT119: 生產實績
E120: 人數 | F120: 產能／時 | G120: 人時性 | I120: 人數 | J120: 產能／時 | K120: 人時性 | P120: 人數 | Q120: 產能／時 | R120: 人時性 | S120: 排名 | U120: 人數 | V120: 產能／時 | W120: 人時性 | X120: 排名 | Z120: 人數 | AA120: 產能／時 | AB120: 人時性 | AC120: 排名 | AE120: 人數 | AF120: 產能／時 | AG120: 人時性 | AH120: 排名 | AJ120: 人數 | AK120: 產能／時 | AL120: 人時性 | AM120: 排名 | AO120: 人數 | AP120: 產能／時 | AQ120: 人時性 | AR120: 排名 | AT120: 人數 | AU120: 產能／時 | AV120: 人時性 | AW120: 排名
B121: 18℃-飯糰 | C121: 1 | D121: 一配鹽蔥燒肉飯糰 | E121: 4 | F121: 3300 | G121: =F121/E121 -> 825 | H121: =AVERAGE(G121:G153) -> 860.75758 | I121: =AVERAGE(P121,U121,Z121,AE121,AJ121,AO121,AT121) -> 4 | J121: =AVERAGE(Q121,V121,AA121,AF121,AK121,AP121,AU121) -> 2949.2676 | K121: =AVERAGE(R121,W121,AB121,AG121,AL121,AQ121,AV121) -> 737.3169 | L121: =IFERROR(AVERAGE(K121:K153),"-") -> 761.81358 | M121: =RANK(K121, K$121:$K$153) -> 18 | P121: 4 | Q121: 2949.2152 | R121: =IFERROR(Q121/P121,"") -> 737.30381 | S121: =RANK(R121, R$121:R$153) -> 18 | T121: =AVERAGE(R121:R153) -> 760.76331 | U121: 4 | V121: 2949.5926 | W121: =IFERROR(V121/U121,"") -> 737.39815 | X121: =RANK(W121, W$121:W$153) -> 18 | Y121: =AVERAGE(W121:W153) -> 761.1056 | Z121: 4 | AA121: 2949.1405 | AB121: =IFERROR(AA121/Z121,"") -> 737.28512 | AC121: =RANK(AB121, AB$121:AB$153) -> 18 | AD121: =AVERAGE(AB121:AB153) -> 761.45107 | AE121: 4 | AF121: 2949.5503 | AG121: =IFERROR(AF121/AE121,"") -> 737.38756 | AH121: =RANK(AG121, AG$121:AG$153) -> 18 | AI121: =AVERAGE(AG121:AG153) -> 761.82472 | AJ121: 4 | AK121: 2949.1105 | AL121: =IFERROR(AK121/AJ121,"") -> 737.27762 | AM121: =RANK(AL121, AL$121:AL$153) -> 18 | AN121: =AVERAGE(AL121:AL153) -> 763.11187 | AO121: 4 | AP121: 2949.3606 | AQ121: =IFERROR(AP121/AO121,"") -> 737.34015 | AR121: =RANK(AQ121, AQ$121:AQ$153) -> 18 | AS121: =AVERAGE(AQ121:AQ153) -> 763.43283 | AT121: 4 | AU121: 2948.9034 | AV121: =IFERROR(AU121/AT121,"") -> 737.22586 | AW121: =RANK(AV121, AV$121:AV$153) -> 19 | AX121: =AVERAGE(AV121:AV153) -> 771.13997
C122: 2 | D122: 一配鮪魚飯糰 | E122: 3 | F122: 3600 | G122: =F122/E122 -> 1200 | I122: =AVERAGE(P122,U122,Z122,AE122,AJ122,AO122,AT122) -> 3 | J122: =AVERAGE(Q122,V122,AA122,AF122,AK122,AP122,AU122) -> 3121.0696 | K122: =AVERAGE(R122,W122,AB122,AG122,AL122,AQ122,AV122) -> 1040.3565 | M122: =RANK(K122, K$121:$K$153) -> 4 | P122: 3 | Q122: 3120.1454 | R122: =IFERROR(Q122/P122,"") -> 1040.0485 | S122: =RANK(R122, R$121:R$153) -> 4 | U122: 3 | V122: 3120.2662 | W122: =IFERROR(V122/U122,"") -> 1040.0887 | X122: =RANK(W122, W$121:W$153) -> 4 | Z122: 3 | AA122: 3120.319 | AB122: =IFERROR(AA122/Z122,"") -> 1040.1063 | AC122: =RANK(AB122, AB$121:AB$153) -> 5 | AE122: 3 | AF122: 3120.7692 | AG122: =IFERROR(AF122/AE122,"") -> 1040.2564 | AH122: =RANK(AG122, AG$121:AG$153) -> 4 | AJ122: 3 | AK122: 3121.1823 | AL122: =IFERROR(AK122/AJ122,"") -> 1040.3941 | AM122: =RANK(AL122, AL$121:AL$153) -> 4 | AO122: 3 | AP122: 3121.3905 | AQ122: =IFERROR(AP122/AO122,"") -> 1040.4635 | AR122: =RANK(AQ122, AQ$121:AQ$153) -> 5 | AT122: 3 | AU122: 3123.4148 | AV122: =IFERROR(AU122/AT122,"") -> 1041.1383 | AW122: =RANK(AV122, AV$121:AV$153) -> 6
C123: 3 | D123: 一配雞肉飯飯糰 | E123: 4 | F123: 3300 | G123: =F123/E123 -> 825 | I123: =AVERAGE(P123,U123,Z123,AE123,AJ123,AO123,AT123) -> 4 | J123: =AVERAGE(Q123,V123,AA123,AF123,AK123,AP123,AU123) -> 2948.8468 | K123: =AVERAGE(R123,W123,AB123,AG123,AL123,AQ123,AV123) -> 737.21169 | M123: =RANK(K123, K$121:$K$153) -> 19 | P123: 4 | Q123: 2948.5229 | R123: =IFERROR(Q123/P123,"") -> 737.13073 | S123: =RANK(R123, R$121:R$153) -> 19 | U123: 4 | V123: 2948.5777 | W123: =IFERROR(V123/U123,"") -> 737.14443 | X123: =RANK(W123, W$121:W$153) -> 19 | Z123: 4 | AA123: 2948.7298 | AB123: =IFERROR(AA123/Z123,"") -> 737.18245 | AC123: =RANK(AB123, AB$121:AB$153) -> 19 | AE123: 4 | AF123: 2948.7217 | AG123: =IFERROR(AF123/AE123,"") -> 737.18042 | AH123: =RANK(AG123, AG$121:AG$153) -> 19 | AJ123: 4 | AK123: 2949.0436 | AL123: =IFERROR(AK123/AJ123,"") -> 737.2609 | AM123: =RANK(AL123, AL$121:AL$153) -> 19 | AO123: 4 | AP123: 2949.0586 | AQ123: =IFERROR(AP123/AO123,"") -> 737.26465 | AR123: =RANK(AQ123, AQ$121:AQ$153) -> 19 | AT123: 4 | AU123: 2949.273 | AV123: =IFERROR(AU123/AT123,"") -> 737.31826 | AW123: =RANK(AV123, AV$121:AV$153) -> 18
C124: 4 | D124: 一配壹號醬炙烤牛飯糰 | E124: 5 | F124: 3300 | G124: =F124/E124 -> 660 | I124: =AVERAGE(P124,U124,Z124,AE124,AJ124,AO124,AT124) -> 5 | J124: =AVERAGE(Q124,V124,AA124,AF124,AK124,AP124,AU124) -> 2956.0877 | K124: =AVERAGE(R124,W124,AB124,AG124,AL124,AQ124,AV124) -> 591.21754 | M124: =RANK(K124, K$121:$K$153) -> 27 | P124: 5 | Q124: 2953.9073 | R124: =IFERROR(Q124/P124,"") -> 590.78146 | S124: =RANK(R124, R$121:R$153) -> 27 | U124: 5 | V124: 2954.8052 | W124: =IFERROR(V124/U124,"") -> 590.96104 | X124: =RANK(W124, W$121:W$153) -> 27 | Z124: 5 | AA124: 2955.4799 | AB124: =IFERROR(AA124/Z124,"") -> 591.09598 | AC124: =RANK(AB124, AB$121:AB$153) -> 27 | AE124: 5 | AF124: 2957.6208 | AG124: =IFERROR(AF124/AE124,"") -> 591.52416 | AH124: =RANK(AG124, AG$121:AG$153) -> 27 | AJ124: 5 | AK124: 2957.6613 | AL124: =IFERROR(AK124/AJ124,"") -> 591.53226 | AM124: =RANK(AL124, AL$121:AL$153) -> 26 | AO124: 5 | AP124: 2956.4384 | AQ124: =IFERROR(AP124/AO124,"") -> 591.28767 | AR124: =RANK(AQ124, AQ$121:AQ$153) -> 26 | AT124: 5 | AU124: 2956.701 | AV124: =IFERROR(AU124/AT124,"") -> 591.34021 | AW124: =RANK(AV124, AV$121:AV$153) -> 26
C125: 5 | D125: 一配明太子龍蝦風味沙拉飯糰 | E125: 3 | F125: 3600 | G125: =F125/E125 -> 1200 | I125: =AVERAGE(P125,U125,Z125,AE125,AJ125,AO125,AT125) -> 3 | J125: =AVERAGE(Q125,V125,AA125,AF125,AK125,AP125,AU125) -> 3120.7079 | K125: =AVERAGE(R125,W125,AB125,AG125,AL125,AQ125,AV125) -> 1040.236 | M125: =RANK(K125, K$121:$K$153) -> 6 | P125: 3 | Q125: 3119.0994 | R125: =IFERROR(Q125/P125,"") -> 1039.6998 | S125: =RANK(R125, R$121:R$153) -> 6 | U125: 3 | V125: 3119.361 | W125: =IFERROR(V125/U125,"") -> 1039.787 | X125: =RANK(W125, W$121:W$153) -> 6 | Z125: 3 | AA125: 3119.2503 | AB125: =IFERROR(AA125/Z125,"") -> 1039.7501 | AC125: =RANK(AB125, AB$121:AB$153) -> 6 | AE125: 3 | AF125: 3119.4875 | AG125: =IFERROR(AF125/AE125,"") -> 1039.8292 | AH125: =RANK(AG125, AG$121:AG$153) -> 6 | AJ125: 3 | AK125: 3121.0469 | AL125: =IFERROR(AK125/AJ125,"") -> 1040.349 | AM125: =RANK(AL125, AL$121:AL$153) -> 5 | AO125: 3 | AP125: 3122.0261 | AQ125: =IFERROR(AP125/AO125,"") -> 1040.6754 | AR125: =RANK(AQ125, AQ$121:AQ$153) -> 4 | AT125: 3 | AU125: 3124.6843 | AV125: =IFERROR(AU125/AT125,"") -> 1041.5614 | AW125: =RANK(AV125, AV$121:AV$153) -> 3
C126: 6 | D126: 一配贅沢鮭魚肚飯糰 | E126: 3 | F126: 3000 | G126: =F126/E126 -> 1000 | I126: =AVERAGE(P126,U126,Z126,AE126,AJ126,AO126,AT126) -> 3 | J126: =AVERAGE(Q126,V126,AA126,AF126,AK126,AP126,AU126) -> 2689.1838 | K126: =AVERAGE(R126,W126,AB126,AG126,AL126,AQ126,AV126) -> 896.3946 | M126: =RANK(K126, K$121:$K$153) -> 9 | P126: 3 | Q126: 2688.7815 | R126: =IFERROR(Q126/P126,"") -> 896.26049 | S126: =RANK(R126, R$121:R$153) -> 9 | U126: 3 | V126: 2688.6435 | W126: =IFERROR(V126/U126,"") -> 896.21451 | X126: =RANK(W126, W$121:W$153) -> 9 | Z126: 3 | AA126: 2688.9555 | AB126: =IFERROR(AA126/Z126,"") -> 896.31852 | AC126: =RANK(AB126, AB$121:AB$153) -> 9 | AE126: 3 | AF126: 2688.8179 | AG126: =IFERROR(AF126/AE126,"") -> 896.27263 | AH126: =RANK(AG126, AG$121:AG$153) -> 9 | AJ126: 3 | AK126: 2689.3805 | AL126: =IFERROR(AK126/AJ126,"") -> 896.46018 | AM126: =RANK(AL126, AL$121:AL$153) -> 9 | AO126: 3 | AP126: 2689.7727 | AQ126: =IFERROR(AP126/AO126,"") -> 896.59091 | AR126: =RANK(AQ126, AQ$121:AQ$153) -> 9 | AT126: 3 | AU126: 2689.935 | AV126: =IFERROR(AU126/AT126,"") -> 896.64499 | AW126: =RANK(AV126, AV$121:AV$153) -> 9
C127: 7 | D127: 一配蔬食鮪魚飯糰 | E127: 3 | F127: 3600 | G127: =F127/E127 -> 1200 | I127: =AVERAGE(P127,U127,Z127,AE127,AJ127,AO127,AT127) -> 3 | J127: =AVERAGE(Q127,V127,AA127,AF127,AK127,AP127,AU127) -> 3126.1826 | K127: =AVERAGE(R127,W127,AB127,AG127,AL127,AQ127,AV127) -> 1042.0609 | M127: =RANK(K127, K$121:$K$153) -> 2 | P127: 3 | Q127: 3124.9485 | R127: =IFERROR(Q127/P127,"") -> 1041.6495 | S127: =RANK(R127, R$121:R$153) -> 2 | U127: 3 | V127: 3125.5629 | W127: =IFERROR(V127/U127,"") -> 1041.8543 | X127: =RANK(W127, W$121:W$153) -> 2 | Z127: 3 | AA127: 3125.6757 | AB127: =IFERROR(AA127/Z127,"") -> 1041.8919 | AC127: =RANK(AB127, AB$121:AB$153) -> 2 | AE127: 3 | AF127: 3125.8359 | AG127: =IFERROR(AF127/AE127,"") -> 1041.9453 | AH127: =RANK(AG127, AG$121:AG$153) -> 2 | AJ127: 3 | AK127: 3127.1523 | AL127: =IFERROR(AK127/AJ127,"") -> 1042.3841 | AM127: =RANK(AL127, AL$121:AL$153) -> 2 | AO127: 3 | AP127: 3127.1716 | AQ127: =IFERROR(AP127/AO127,"") -> 1042.3905 | AR127: =RANK(AQ127, AQ$121:AQ$153) -> 2 | AT127: 3 | AU127: 3126.9314 | AV127: =IFERROR(AU127/AT127,"") -> 1042.3105 | AW127: =RANK(AV127, AV$121:AV$153) -> 2
C128: 8 | D128: 一配熟成紅鮭飯糰 | E128: 4 | F128: 3300 | G128: =F128/E128 -> 825 | I128: =AVERAGE(P128,U128,Z128,AE128,AJ128,AO128,AT128) -> 4 | J128: =AVERAGE(Q128,V128,AA128,AF128,AK128,AP128,AU128) -> 2925.6216 | K128: =AVERAGE(R128,W128,AB128,AG128,AL128,AQ128,AV128) -> 731.4054 | M128: =RANK(K128, K$121:$K$153) -> 22 | P128: 4 | Q128: 2924.8869 | R128: =IFERROR(Q128/P128,"") -> 731.22172 | S128: =RANK(R128, R$121:R$153) -> 23 | U128: 4 | V128: 2925.1101 | W128: =IFERROR(V128/U128,"") -> 731.27753 | X128: =RANK(W128, W$121:W$153) -> 23 | Z128: 4 | AA128: 2924.7688 | AB128: =IFERROR(AA128/Z128,"") -> 731.19219 | AC128: =RANK(AB128, AB$121:AB$153) -> 24 | AE128: 4 | AF128: 2925.1701 | AG128: =IFERROR(AF128/AE128,"") -> 731.29252 | AH128: =RANK(AG128, AG$121:AG$153) -> 23 | AJ128: 4 | AK128: 2925.9321 | AL128: =IFERROR(AK128/AJ128,"") -> 731.48302 | AM128: =RANK(AL128, AL$121:AL$153) -> 22 | AO128: 4 | AP128: 2926.3804 | AQ128: =IFERROR(AP128/AO128,"") -> 731.59509 | AR128: =RANK(AQ128, AQ$121:AQ$153) -> 21 | AT128: 4 | AU128: 2927.1028 | AV128: =IFERROR(AU128/AT128,"") -> 731.7757 | AW128: =RANK(AV128, AV$121:AV$153) -> 20
C129: 9 | D129: 一配博多明太子奶油飯糰 | E129: 4 | F129: 3300 | G129: =F129/E129 -> 825 | I129: =AVERAGE(P129,U129,Z129,AE129,AJ129,AO129,AT129) -> 4 | J129: =AVERAGE(Q129,V129,AA129,AF129,AK129,AP129,AU129) -> 2930.6143 | K129: =AVERAGE(R129,W129,AB129,AG129,AL129,AQ129,AV129) -> 732.65358 | M129: =RANK(K129, K$121:$K$153) -> 20 | P129: 4 | Q129: 2929.1339 | R129: =IFERROR(Q129/P129,"") -> 732.28346 | S129: =RANK(R129, R$121:R$153) -> 20 | U129: 4 | V129: 2930.8663 | W129: =IFERROR(V129/U129,"") -> 732.71657 | X129: =RANK(W129, W$121:W$153) -> 20 | Z129: 4 | AA129: 2931.0285 | AB129: =IFERROR(AA129/Z129,"") -> 732.75713 | AC129: =RANK(AB129, AB$121:AB$153) -> 20 | AE129: 4 | AF129: 2931.4286 | AG129: =IFERROR(AF129/AE129,"") -> 732.85714 | AH129: =RANK(AG129, AG$121:AG$153) -> 20
C130: 10 | D130: 一配北海道秋鮭親子飯糰 | E130: 4 | F130: 3300 | G130: =F130/E130 -> 825 | I130: =AVERAGE(P130,U130,Z130,AE130,AJ130,AO130,AT130) -> 4 | J130: =AVERAGE(Q130,V130,AA130,AF130,AK130,AP130,AU130) -> 2925.3724 | K130: =AVERAGE(R130,W130,AB130,AG130,AL130,AQ130,AV130) -> 731.3431 | M130: =RANK(K130, K$121:$K$153) -> 24 | P130: 4 | Q130: 2924.2215 | R130: =IFERROR(Q130/P130,"") -> 731.05536 | S130: =RANK(R130, R$121:R$153) -> 24 | U130: 4 | V130: 2924.3312 | W130: =IFERROR(V130/U130,"") -> 731.0828 | X130: =RANK(W130, W$121:W$153) -> 24 | Z130: 4 | AA130: 2924.8983 | AB130: =IFERROR(AA130/Z130,"") -> 731.22458 | AC130: =RANK(AB130, AB$121:AB$153) -> 23 | AE130: 4 | AF130: 2925.6864 | AG130: =IFERROR(AF130/AE130,"") -> 731.4216 | AH130: =RANK(AG130, AG$121:AG$153) -> 22 | AJ130: 4 | AK130: 2925.5875 | AL130: =IFERROR(AK130/AJ130,"") -> 731.39687 | AM130: =RANK(AL130, AL$121:AL$153) -> 23 | AO130: 4 | AP130: 2926.1947 | AQ130: =IFERROR(AP130/AO130,"") -> 731.54867 | AR130: =RANK(AQ130, AQ$121:AQ$153) -> 22 | AT130: 4 | AU130: 2926.6873 | AV130: =IFERROR(AU130/AT130,"") -> 731.67181 | AW130: =RANK(AV130, AV$121:AV$153) -> 21
C131: 11 | D131: 一配照燒雞肉飯糰 | E131: 4 | F131: 3300 | G131: =F131/E131 -> 825 | I131: =AVERAGE(P131,U131,Z131,AE131,AJ131,AO131,AT131) -> 4 | J131: =AVERAGE(Q131,V131,AA131,AF131,AK131,AP131,AU131) -> 2953.8094 | K131: =AVERAGE(R131,W131,AB131,AG131,AL131,AQ131,AV131) -> 738.45235 | M131: =RANK(K131, K$121:$K$153) -> 14 | P131: 4 | Q131: 2953.8 | R131: =IFERROR(Q131/P131,"") -> 738.45 | S131: =RANK(R131, R$121:R$153) -> 14 | U131: 4 | V131: 2953.5714 | W131: =IFERROR(V131/U131,"") -> 738.39286 | X131: =RANK(W131, W$121:W$153) -> 14 | Z131: 4 | AA131: 2953.1394 | AB131: =IFERROR(AA131/Z131,"") -> 738.28484 | AC131: =RANK(AB131, AB$121:AB$153) -> 14 | AE131: 4 | AF131: 2953.7791 | AG131: =IFERROR(AF131/AE131,"") -> 738.44477 | AH131: =RANK(AG131, AG$121:AG$153) -> 13 | AJ131: 4 | AK131: 2953.63 | AL131: =IFERROR(AK131/AJ131,"") -> 738.40749 | AM131: =RANK(AL131, AL$121:AL$153) -> 14 | AO131: 4 | AP131: 2954.4186 | AQ131: =IFERROR(AP131/AO131,"") -> 738.60465 | AR131: =RANK(AQ131, AQ$121:AQ$153) -> 14 | AT131: 4 | AU131: 2954.3274 | AV131: =IFERROR(AU131/AT131,"") -> 738.58186 | AW131: =RANK(AV131, AV$121:AV$153) -> 14
C132: 12 | D132: 一配經典肉鬆飯糰 | E132: 3 | F132: 3000 | G132: =F132/E132 -> 1000 | I132: =AVERAGE(P132,U132,Z132,AE132,AJ132,AO132,AT132) -> 3 | J132: =AVERAGE(Q132,V132,AA132,AF132,AK132,AP132,AU132) -> 2688.2504 | K132: =AVERAGE(R132,W132,AB132,AG132,AL132,AQ132,AV132) -> 896.08348 | M132: =RANK(K132, K$121:$K$153) -> 11 | P132: 3 | Q132: 2687.9675 | R132: =IFERROR(Q132/P132,"") -> 895.98917 | S132: =RANK(R132, R$121:R$153) -> 10 | U132: 3 | V132: 2688.1873 | W132: =IFERROR(V132/U132,"") -> 896.06243 | X132: =RANK(W132, W$121:W$153) -> 11 | Z132: 3 | AA132: 2688.0707 | AB132: =IFERROR(AA132/Z132,"") -> 896.02356 | AC132: =RANK(AB132, AB$121:AB$153) -> 11 | AE132: 3 | AF132: 2687.9334 | AG132: =IFERROR(AF132/AE132,"") -> 895.97781 | AH132: =RANK(AG132, AG$121:AG$153) -> 11 | AJ132: 3 | AK132: 2688.3788 | AL132: =IFERROR(AK132/AJ132,"") -> 896.12626 | AM132: =RANK(AL132, AL$121:AL$153) -> 11 | AO132: 3 | AP132: 2688.5845 | AQ132: =IFERROR(AP132/AO132,"") -> 896.19482 | AR132: =RANK(AQ132, AQ$121:AQ$153) -> 10 | AT132: 3 | AU132: 2688.6309 | AV132: =IFERROR(AU132/AT132,"") -> 896.21031 | AW132: =RANK(AV132, AV$121:AV$153) -> 10
C133: 13 | D133: 一配兩粒飯糰(鮪魚.焦糖鮭魚) | E133: 12 | F133: 3600 | G133: =F133/E133 -> 300 | I133: =AVERAGE(P133,U133,Z133,AE133,AJ133,AO133,AT133) -> 12 | J133: =AVERAGE(Q133,V133,AA133,AF133,AK133,AP133,AU133) -> 3118.9147 | K133: =AVERAGE(R133,W133,AB133,AG133,AL133,AQ133,AV133) -> 259.90956 | M133: =RANK(K133, K$121:$K$153) -> 32 | P133: 12 | Q133: 3116.8957 | R133: =IFERROR(Q133/P133,"") -> 259.74131 | S133: =RANK(R133, R$121:R$153) -> 32 | U133: 12 | V133: 3117.4224 | W133: =IFERROR(V133/U133,"") -> 259.7852 | X133: =RANK(W133, W$121:W$153) -> 32 | Z133: 12 | AA133: 3117.5573 | AB133: =IFERROR(AA133/Z133,"") -> 259.79644 | AC133: =RANK(AB133, AB$121:AB$153) -> 32 | AE133: 12 | AF133: 3117.9758 | AG133: =IFERROR(AF133/AE133,"") -> 259.83131 | AH133: =RANK(AG133, AG$121:AG$153) -> 33 | AJ133: 12 | AK133: 3120.7987 | AL133: =IFERROR(AK133/AJ133,"") -> 260.06656 | AM133: =RANK(AL133, AL$121:AL$153) -> 31 | AO133: 12 | AP133: 3120.8791 | AQ133: =IFERROR(AP133/AO133,"") -> 260.07326 | AR133: =RANK(AQ133, AQ$121:AQ$153) -> 32 | AT133: 12 | AU133: 3120.8738 | AV133: =IFERROR(AU133/AT133,"") -> 260.07282 | AW133: =RANK(AV133, AV$121:AV$153) -> 31
C134: 14 | D134: 一配鮭魚奶油醬油飯糰 | E134: 3 | F134: 3300 | G134: =F134/E134 -> 1100 | I134: =AVERAGE(P134,U134,Z134,AE134,AJ134,AO134,AT134) -> 3 | J134: =AVERAGE(Q134,V134,AA134,AF134,AK134,AP134,AU134) -> 2950.1724 | K134: =AVERAGE(R134,W134,AB134,AG134,AL134,AQ134,AV134) -> 983.39078 | M134: =RANK(K134, K$121:$K$153) -> 8 | P134: 3 | Q134: 2949.5922 | R134: =IFERROR(Q134/P134,"") -> 983.19739 | S134: =RANK(R134, R$121:R$153) -> 8 | U134: 3 | V134: 2949.6968 | W134: =IFERROR(V134/U134,"") -> 983.23228 | X134: =RANK(W134, W$121:W$153) -> 8 | Z134: 3 | AA134: 2949.6933 | AB134: =IFERROR(AA134/Z134,"") -> 983.23108 | AC134: =RANK(AB134, AB$121:AB$153) -> 8 | AE134: 3 | AF134: 2949.6644 | AG134: =IFERROR(AF134/AE134,"") -> 983.22148 | AH134: =RANK(AG134, AG$121:AG$153) -> 8 | AJ134: 3 | AK134: 2950.2646 | AL134: =IFERROR(AK134/AJ134,"") -> 983.42152 | AM134: =RANK(AL134, AL$121:AL$153) -> 8 | AO134: 3 | AP134: 2950.1259 | AQ134: =IFERROR(AP134/AO134,"") -> 983.37531 | AR134: =RANK(AQ134, AQ$121:AQ$153) -> 8 | AT134: 3 | AU134: 2952.1693 | AV134: =IFERROR(AU134/AT134,"") -> 984.05642 | AW134: =RANK(AV134, AV$121:AV$153) -> 8
C135: 15 | D135: 一配明太子乳酪起司沙拉飯糰 | E135: 4 | F135: 3300 | G135: =F135/E135 -> 825 | I135: =AVERAGE(P135,U135,Z135,AE135,AJ135,AO135,AT135) -> 4 | J135: =AVERAGE(Q135,V135,AA135,AF135,AK135,AP135,AU135) -> 2952.1033 | K135: =AVERAGE(R135,W135,AB135,AG135,AL135,AQ135,AV135) -> 738.02583 | M135: =RANK(K135, K$121:$K$153) -> 16 | P135: 4 | Q135: 2951.0515 | R135: =IFERROR(Q135/P135,"") -> 737.76288 | S135: =RANK(R135, R$121:R$153) -> 16 | U135: 4 | V135: 2951.405 | W135: =IFERROR(V135/U135,"") -> 737.85124 | X135: =RANK(W135, W$121:W$153) -> 16 | Z135: 4 | AA135: 2952.0898 | AB135: =IFERROR(AA135/Z135,"") -> 738.02246 | AC135: =RANK(AB135, AB$121:AB$153) -> 15 | AE135: 4 | AF135: 2952.1472 | AG135: =IFERROR(AF135/AE135,"") -> 738.03681 | AH135: =RANK(AG135, AG$121:AG$153) -> 16 | AJ135: 4 | AK135: 2952.5066 | AL135: =IFERROR(AK135/AJ135,"") -> 738.12665 | AM135: =RANK(AL135, AL$121:AL$153) -> 16 | AO135: 4 | AP135: 2952.4697 | AQ135: =IFERROR(AP135/AO135,"") -> 738.11743 | AR135: =RANK(AQ135, AQ$121:AQ$153) -> 16 | AT135: 4 | AU135: 2953.0534 | AV135: =IFERROR(AU135/AT135,"") -> 738.26336 | AW135: =RANK(AV135, AV$121:AV$153) -> 15
C136: 16 | D136: 一配真明太子玉子飯糰 | E136: 5 | F136: 3000 | G136: =F136/E136 -> 600 | I136: =AVERAGE(P136,U136,Z136,AE136,AJ136,AO136,AT136) -> 5 | J136: =AVERAGE(Q136,V136,AA136,AF136,AK136,AP136,AU136) -> 2682.1532 | K136: =AVERAGE(R136,W136,AB136,AG136,AL136,AQ136,AV136) -> 536.43063 | M136: =RANK(K136, K$121:$K$153) -> 30 | P136: 5 | Q136: 2681.6458 | R136: =IFERROR(Q136/P136,"") -> 536.32916 | S136: =RANK(R136, R$121:R$153) -> 30 | U136: 5 | V136: 2681.8529 | W136: =IFERROR(V136/U136,"") -> 536.37057 | X136: =RANK(W136, W$121:W$153) -> 30 | Z136: 5 | AA136: 2682.1077 | AB136: =IFERROR(AA136/Z136,"") -> 536.42154 | AC136: =RANK(AB136, AB$121:AB$153) -> 30 | AE136: 5 | AF136: 2682.5896 | AG136: =IFERROR(AF136/AE136,"") -> 536.51793 | AH136: =RANK(AG136, AG$121:AG$153) -> 30 | AJ136: 5 | AK136: 2682.2926 | AL136: =IFERROR(AK136/AJ136,"") -> 536.45851 | AM136: =RANK(AL136, AL$121:AL$153) -> 29 | AO136: 5 | AP136: 2682.4304 | AQ136: =IFERROR(AP136/AO136,"") -> 536.48607 | AR136: =RANK(AQ136, AQ$121:AQ$153) -> 29
C137: 17 | D137: 一配紅運烏魚子紹興飯糰 | E137: 5 | F137: 3300 | G137: =F137/E137 -> 660 | I137: =AVERAGE(P137,U137,Z137,AE137,AJ137,AO137,AT137) -> 5 | J137: =AVERAGE(Q137,V137,AA137,AF137,AK137,AP137,AU137) -> 2829.5499 | K137: =AVERAGE(R137,W137,AB137,AG137,AL137,AQ137,AV137) -> 565.90998 | M137: =RANK(K137, K$121:$K$153) -> 29 | P137: 5 | Q137: 2688.6885 | R137: =IFERROR(Q137/P137,"") -> 537.7377 | S137: =RANK(R137, R$121:R$153) -> 29 | U137: 5 | V137: 2735.5645 | W137: =IFERROR(V137/U137,"") -> 547.1129 | X137: =RANK(W137, W$121:W$153) -> 29 | Z137: 5 | AA137: 2786.9242 | AB137: =IFERROR(AA137/Z137,"") -> 557.38484 | AC137: =RANK(AB137, AB$121:AB$153) -> 29 | AE137: 5 | AF137: 2835.5212 | AG137: =IFERROR(AF137/AE137,"") -> 567.10425 | AH137: =RANK(AG137, AG$121:AG$153) -> 29 | AJ137: 5 | AK137: 2881.054 | AL137: =IFERROR(AK137/AJ137,"") -> 576.21079 | AM137: =RANK(AL137, AL$121:AL$153) -> 28 | AO137: 5 | AP137: 2925.6555 | AQ137: =IFERROR(AP137/AO137,"") -> 585.13111 | AR137: =RANK(AQ137, AQ$121:AQ$153) -> 28 | AT137: 5 | AU137: 2953.4414 | AV137: =IFERROR(AU137/AT137,"") -> 590.68827 | AW137: =RANK(AV137, AV$121:AV$153) -> 28
C138: 18 | D138: 二配雞肉飯飯糰 | E138: 4 | F138: 3300 | G138: =F138/E138 -> 825 | I138: =AVERAGE(P138,U138,Z138,AE138,AJ138,AO138,AT138) -> 4 | J138: =AVERAGE(Q138,V138,AA138,AF138,AK138,AP138,AU138) -> 2950.4972 | K138: =AVERAGE(R138,W138,AB138,AG138,AL138,AQ138,AV138) -> 737.62429 | M138: =RANK(K138, K$121:$K$153) -> 17 | P138: 4 | Q138: 2950.0912 | R138: =IFERROR(Q138/P138,"") -> 737.52281 | S138: =RANK(R138, R$121:R$153) -> 17 | U138: 4 | V138: 2950.0173 | W138: =IFERROR(V138/U138,"") -> 737.50432 | X138: =RANK(W138, W$121:W$153) -> 17 | Z138: 4 | AA138: 2950.0844 | AB138: =IFERROR(AA138/Z138,"") -> 737.52109 | AC138: =RANK(AB138, AB$121:AB$153) -> 17 | AE138: 4 | AF138: 2950.2608 | AG138: =IFERROR(AF138/AE138,"") -> 737.56519 | AH138: =RANK(AG138, AG$121:AG$153) -> 17 | AJ138: 4 | AK138: 2950.4414 | AL138: =IFERROR(AK138/AJ138,"") -> 737.61035 | AM138: =RANK(AL138, AL$121:AL$153) -> 17 | AO138: 4 | AP138: 2950.3318 | AQ138: =IFERROR(AP138/AO138,"") -> 737.58294 | AR138: =RANK(AQ138, AQ$121:AQ$153) -> 17 | AT138: 4 | AU138: 2952.2532 | AV138: =IFERROR(AU138/AT138,"") -> 738.06331 | AW138: =RANK(AV138, AV$121:AV$153) -> 17
C139: 19 | D139: 二配鮪魚飯糰 | E139: 3 | F139: 3600 | G139: =F139/E139 -> 1200 | I139: =AVERAGE(P139,U139,Z139,AE139,AJ139,AO139,AT139) -> 3 | J139: =AVERAGE(Q139,V139,AA139,AF139,AK139,AP139,AU139) -> 3120.7346 | K139: =AVERAGE(R139,W139,AB139,AG139,AL139,AQ139,AV139) -> 1040.2449 | M139: =RANK(K139, K$121:$K$153) -> 5 | P139: 3 | Q139: 3119.6673 | R139: =IFERROR(Q139/P139,"") -> 1039.8891 | S139: =RANK(R139, R$121:R$153) -> 5 | U139: 3 | V139: 3119.9518 | W139: =IFERROR(V139/U139,"") -> 1039.9839 | X139: =RANK(W139, W$121:W$153) -> 5 | Z139: 3 | AA139: 3120.4864 | AB139: =IFERROR(AA139/Z139,"") -> 1040.1621 | AC139: =RANK(AB139, AB$121:AB$153) -> 4 | AE139: 3 | AF139: 3120.5672 | AG139: =IFERROR(AF139/AE139,"") -> 1040.1891 | AH139: =RANK(AG139, AG$121:AG$153) -> 5 | AJ139: 3 | AK139: 3120.4681 | AL139: =IFERROR(AK139/AJ139,"") -> 1040.156 | AM139: =RANK(AL139, AL$121:AL$153) -> 6 | AO139: 3 | AP139: 3120.3265 | AQ139: =IFERROR(AP139/AO139,"") -> 1040.1088 | AR139: =RANK(AQ139, AQ$121:AQ$153) -> 6 | AT139: 3 | AU139: 3123.6751 | AV139: =IFERROR(AU139/AT139,"") -> 1041.225 | AW139: =RANK(AV139, AV$121:AV$153) -> 4
C140: 20 | D140: 二配鹽蔥燒肉飯糰 | E140: 4 | F140: 3300 | G140: =F140/E140 -> 825 | I140: =AVERAGE(P140,U140,Z140,AE140,AJ140,AO140,AT140) -> 4 | J140: =AVERAGE(Q140,V140,AA140,AF140,AK140,AP140,AU140) -> 2957.913 | K140: =AVERAGE(R140,W140,AB140,AG140,AL140,AQ140,AV140) -> 739.47824 | M140: =RANK(K140, K$121:$K$153) -> 12 | P140: 4 | Q140: 2957.4601 | R140: =IFERROR(Q140/P140,"") -> 739.36503 | S140: =RANK(R140, R$121:R$153) -> 12 | U140: 4 | V140: 2957.4542 | W140: =IFERROR(V140/U140,"") -> 739.36354 | X140: =RANK(W140, W$121:W$153) -> 12 | Z140: 4 | AA140: 2957.7532 | AB140: =IFERROR(AA140/Z140,"") -> 739.43829 | AC140: =RANK(AB140, AB$121:AB$153) -> 12 | AE140: 4 | AF140: 2958.1921 | AG140: =IFERROR(AF140/AE140,"") -> 739.54802 | AH140: =RANK(AG140, AG$121:AG$153) -> 12 | AJ140: 4 | AK140: 2958.284 | AL140: =IFERROR(AK140/AJ140,"") -> 739.57101 | AM140: =RANK(AL140, AL$121:AL$153) -> 12 | AO140: 4 | AP140: 2958.0694 | AQ140: =IFERROR(AP140/AO140,"") -> 739.51735 | AR140: =RANK(AQ140, AQ$121:AQ$153) -> 12 | AT140: 4 | AU140: 2958.1778 | AV140: =IFERROR(AU140/AT140,"") -> 739.54444 | AW140: =RANK(AV140, AV$121:AV$153) -> 12
C141: 21 | D141: 二配壹號醬炙烤牛飯糰 | E141: 5 | F141: 3300 | G141: =F141/E141 -> 660 | I141: =AVERAGE(P141,U141,Z141,AE141,AJ141,AO141,AT141) -> 5 | J141: =AVERAGE(Q141,V141,AA141,AF141,AK141,AP141,AU141) -> 2949.6509 | K141: =AVERAGE(R141,W141,AB141,AG141,AL141,AQ141,AV141) -> 589.93018 | M141: =RANK(K141, K$121:$K$153) -> 28 | P141: 5 | Q141: 2950.3112 | R141: =IFERROR(Q141/P141,"") -> 590.06223 | S141: =RANK(R141, R$121:R$153) -> 28 | U141: 5 | V141: 2949.8031 | W141: =IFERROR(V141/U141,"") -> 589.96063 | X141: =RANK(W141, W$121:W$153) -> 28 | Z141: 5 | AA141: 2949.0411 | AB141: =IFERROR(AA141/Z141,"") -> 589.80822 | AC141: =RANK(AB141, AB$121:AB$153) -> 28 | AE141: 5 | AF141: 2948.4461 | AG141: =IFERROR(AF141/AE141,"") -> 589.68921 | AH141: =RANK(AG141, AG$121:AG$153) -> 28 | AJ141: 5 | AK141: 2947.7974 | AL141: =IFERROR(AK141/AJ141,"") -> 589.55947 | AM141: =RANK(AL141, AL$121:AL$153) -> 27 | AO141: 5 | AP141: 2947.9733 | AQ141: =IFERROR(AP141/AO141,"") -> 589.59466 | AR141: =RANK(AQ141, AQ$121:AQ$153) -> 27 | AT141: 5 | AU141: 2954.1841 | AV141: =IFERROR(AU141/AT141,"") -> 590.83682 | AW141: =RANK(AV141, AV$121:AV$153) -> 27
C142: 22 | D142: 二配明太子龍蝦風味沙拉飯糰 | E142: 3 | F142: 3600 | G142: =F142/E142 -> 1200 | I142: =AVERAGE(P142,U142,Z142,AE142,AJ142,AO142,AT142) -> 3 | J142: =AVERAGE(Q142,V142,AA142,AF142,AK142,AP142,AU142) -> 3122.1764 | K142: =AVERAGE(R142,W142,AB142,AG142,AL142,AQ142,AV142) -> 1040.7255 | M142: =RANK(K142, K$121:$K$153) -> 3 | P142: 3 | Q142: 3121.0762 | R142: =IFERROR(Q142/P142,"") -> 1040.3587 | S142: =RANK(R142, R$121:R$153) -> 3 | U142: 3 | V142: 3121.3818 | W142: =IFERROR(V142/U142,"") -> 1040.4606 | X142: =RANK(W142, W$121:W$153) -> 3 | Z142: 3 | AA142: 3121.9741 | AB142: =IFERROR(AA142/Z142,"") -> 1040.658 | AC142: =RANK(AB142, AB$121:AB$153) -> 3 | AE142: 3 | AF142: 3121.9822 | AG142: =IFERROR(AF142/AE142,"") -> 1040.6607 | AH142: =RANK(AG142, AG$121:AG$153) -> 3 | AJ142: 3 | AK142: 3122.2222 | AL142: =IFERROR(AK142/AJ142,"") -> 1040.7407 | AM142: =RANK(AL142, AL$121:AL$153) -> 3 | AO142: 3 | AP142: 3122.9319 | AQ142: =IFERROR(AP142/AO142,"") -> 1040.9773 | AR142: =RANK(AQ142, AQ$121:AQ$153) -> 3 | AT142: 3 | AU142: 3123.6665 | AV142: =IFERROR(AU142/AT142,"") -> 1041.2222 | AW142: =RANK(AV142, AV$121:AV$153) -> 5
C143: 23 | D143: 二配蔬食鮪魚飯糰 | E143: 3 | F143: 3600 | G143: =F143/E143 -> 1200 | I143: =AVERAGE(P143,U143,Z143,AE143,AJ143,AO143,AT143) -> 3 | J143: =AVERAGE(Q143,V143,AA143,AF143,AK143,AP143,AU143) -> 3127.4686 | K143: =AVERAGE(R143,W143,AB143,AG143,AL143,AQ143,AV143) -> 1042.4895 | M143: =RANK(K143, K$121:$K$153) -> 1 | P143: 3 | Q143: 3126.5136 | R143: =IFERROR(Q143/P143,"") -> 1042.1712 | S143: =RANK(R143, R$121:R$153) -> 1 | U143: 3 | V143: 3126.07 | W143: =IFERROR(V143/U143,"") -> 1042.0233 | X143: =RANK(W143, W$121:W$153) -> 1 | Z143: 3 | AA143: 3126.7133 | AB143: =IFERROR(AA143/Z143,"") -> 1042.2378 | AC143: =RANK(AB143, AB$121:AB$153) -> 1 | AE143: 3 | AF143: 3126.9338 | AG143: =IFERROR(AF143/AE143,"") -> 1042.3113 | AH143: =RANK(AG143, AG$121:AG$153) -> 1 | AJ143: 3 | AK143: 3127.9163 | AL143: =IFERROR(AK143/AJ143,"") -> 1042.6388 | AM143: =RANK(AL143, AL$121:AL$153) -> 1 | AO143: 3 | AP143: 3129.2111 | AQ143: =IFERROR(AP143/AO143,"") -> 1043.0704 | AR143: =RANK(AQ143, AQ$121:AQ$153) -> 1 | AT143: 3 | AU143: 3128.9219 | AV143: =IFERROR(AU143/AT143,"") -> 1042.974 | AW143: =RANK(AV143, AV$121:AV$153) -> 1
C144: 24 | D144: 二配熟成紅鮭飯糰 | E144: 4 | F144: 3300 | G144: =F144/E144 -> 825 | I144: =AVERAGE(P144,U144,Z144,AE144,AJ144,AO144,AT144) -> 4 | J144: =AVERAGE(Q144,V144,AA144,AF144,AK144,AP144,AU144) -> 2926.098 | K144: =AVERAGE(R144,W144,AB144,AG144,AL144,AQ144,AV144) -> 731.5245 | M144: =RANK(K144, K$121:$K$153) -> 21 | P144: 4 | Q144: 2925.5141 | R144: =IFERROR(Q144/P144,"") -> 731.37852 | S144: =RANK(R144, R$121:R$153) -> 21 | U144: 4 | V144: 2925.6318 | W144: =IFERROR(V144/U144,"") -> 731.40794 | X144: =RANK(W144, W$121:W$153) -> 21 | Z144: 4 | AA144: 2926.2206 | AB144: =IFERROR(AA144/Z144,"") -> 731.55515 | AC144: =RANK(AB144, AB$121:AB$153) -> 21 | AE144: 4 | AF144: 2926.2938 | AG144: =IFERROR(AF144/AE144,"") -> 731.57344 | AH144: =RANK(AG144, AG$121:AG$153) -> 21 | AJ144: 4 | AK144: 2925.9982 | AL144: =IFERROR(AK144/AJ144,"") -> 731.49956 | AM144: =RANK(AL144, AL$121:AL$153) -> 21 | AO144: 4 | AP144: 2926.4516 | AQ144: =IFERROR(AP144/AO144,"") -> 731.6129 | AR144: =RANK(AQ144, AQ$121:AQ$153) -> 20 | AT144: 4 | AU144: 2926.576 | AV144: =IFERROR(AU144/AT144,"") -> 731.644 | AW144: =RANK(AV144, AV$121:AV$153) -> 22
C145: 25 | D145: 二配北海道秋鮭親子飯糰 | E145: 4 | F145: 3300 | G145: =F145/E145 -> 825 | I145: =AVERAGE(P145,U145,Z145,AE145,AJ145,AO145,AT145) -> 4 | J145: =AVERAGE(Q145,V145,AA145,AF145,AK145,AP145,AU145) -> 2925.5984 | K145: =AVERAGE(R145,W145,AB145,AG145,AL145,AQ145,AV145) -> 731.3996 | M145: =RANK(K145, K$121:$K$153) -> 23 | P145: 4 | Q145: 2925.4035 | R145: =IFERROR(Q145/P145,"") -> 731.35087 | S145: =RANK(R145, R$121:R$153) -> 22 | U145: 4 | V145: 2925.5002 | W145: =IFERROR(V145/U145,"") -> 731.37504 | X145: =RANK(W145, W$121:W$153) -> 22 | Z145: 4 | AA145: 2925.0787 | AB145: =IFERROR(AA145/Z145,"") -> 731.26967 | AC145: =RANK(AB145, AB$121:AB$153) -> 22 | AE145: 4 | AF145: 2925.0854 | AG145: =IFERROR(AF145/AE145,"") -> 731.27135 | AH145: =RANK(AG145, AG$121:AG$153) -> 24 | AJ145: 4 | AK145: 2926.3729 | AL145: =IFERROR(AK145/AJ145,"") -> 731.59322 | AM145: =RANK(AL145, AL$121:AL$153) -> 20 | AO145: 4 | AP145: 2926.0375 | AQ145: =IFERROR(AP145/AO145,"") -> 731.50938 | AR145: =RANK(AQ145, AQ$121:AQ$153) -> 23 | AT145: 4 | AU145: 2925.7107 | AV145: =IFERROR(AU145/AT145,"") -> 731.42767 | AW145: =RANK(AV145, AV$121:AV$153) -> 23
C146: 26 | D146: 二配芝麻香鬆飯糰 | E146: 4 | F146: 3000 | G146: =F146/E146 -> 750 | I146: =AVERAGE(P146,U146,Z146,AE146,AJ146,AO146,AT146) -> 4 | J146: =AVERAGE(Q146,V146,AA146,AF146,AK146,AP146,AU146) -> 2687.8204 | K146: =AVERAGE(R146,W146,AB146,AG146,AL146,AQ146,AV146) -> 671.95509 | M146: =RANK(K146, K$121:$K$153) -> 25 | P146: 4 | Q146: 2687.8282 | R146: =IFERROR(Q146/P146,"") -> 671.95704 | S146: =RANK(R146, R$121:R$153) -> 25 | U146: 4 | V146: 2687.4224 | W146: =IFERROR(V146/U146,"") -> 671.85559 | X146: =RANK(W146, W$121:W$153) -> 25 | Z146: 4 | AA146: 2687.7966 | AB146: =IFERROR(AA146/Z146,"") -> 671.94915 | AC146: =RANK(AB146, AB$121:AB$153) -> 25 | AE146: 4 | AF146: 2687.9257 | AG146: =IFERROR(AF146/AE146,"") -> 671.98142 | AH146: =RANK(AG146, AG$121:AG$153) -> 25 | AJ146: 4 | AK146: 2687.798 | AL146: =IFERROR(AK146/AJ146,"") -> 671.94951 | AM146: =RANK(AL146, AL$121:AL$153) -> 24 | AO146: 4 | AP146: 2687.6113 | AQ146: =IFERROR(AP146/AO146,"") -> 671.90283 | AR146: =RANK(AQ146, AQ$121:AQ$153) -> 24 | AT146: 4 | AU146: 2688.3605 | AV146: =IFERROR(AU146/AT146,"") -> 672.09011 | AW146: =RANK(AV146, AV$121:AV$153) -> 24
C147: 27 | D147: 二配油蔥G絲飯糰 | E147: 4 | F147: 3300 | G147: =F147/E147 -> 825 | I147: =AVERAGE(P147,U147,Z147,AE147,AJ147,AO147,AT147) -> 4 | J147: =AVERAGE(Q147,V147,AA147,AF147,AK147,AP147,AU147) -> 2955.3816 | K147: =AVERAGE(R147,W147,AB147,AG147,AL147,AQ147,AV147) -> 738.8454 | M147: =RANK(K147, K$121:$K$153) -> 13 | P147: 4 | Q147: 2955.2239 | R147: =IFERROR(Q147/P147,"") -> 738.80597 | S147: =RANK(R147, R$121:R$153) -> 13 | U147: 4 | V147: 2955.627 | W147: =IFERROR(V147/U147,"") -> 738.90675 | X147: =RANK(W147, W$121:W$153) -> 13 | Z147: 4 | AA147: 2954.5984 | AB147: =IFERROR(AA147/Z147,"") -> 738.64959 | AC147: =RANK(AB147, AB$121:AB$153) -> 13 | AE147: 4 | AF147: 2953.5604 | AG147: =IFERROR(AF147/AE147,"") -> 738.39009 | AH147: =RANK(AG147, AG$121:AG$153) -> 14 | AJ147: 4 | AK147: 2955.9846 | AL147: =IFERROR(AK147/AJ147,"") -> 738.99614 | AM147: =RANK(AL147, AL$121:AL$153) -> 13 | AO147: 4 | AP147: 2955.8324 | AQ147: =IFERROR(AP147/AO147,"") -> 738.9581 | AR147: =RANK(AQ147, AQ$121:AQ$153) -> 13 | AT147: 4 | AU147: 2956.8445 | AV147: =IFERROR(AU147/AT147,"") -> 739.21114 | AW147: =RANK(AV147, AV$121:AV$153) -> 13
C148: 28 | D148: 二配三杯醬爆菇菇飯糰 | E148: 3 | F148: 3300 | G148: =F148/E148 -> 1100 | I148: =AVERAGE(P148,U148,Z148,AE148,AJ148,AO148,AT148) -> 3 | J148: =AVERAGE(Q148,V148,AA148,AF148,AK148,AP148,AU148) -> 2954.3943 | K148: =AVERAGE(R148,W148,AB148,AG148,AL148,AQ148,AV148) -> 984.7981 | M148: =RANK(K148, K$121:$K$153) -> 7 | P148: 3 | Q148: 2953.2139 | R148: =IFERROR(Q148/P148,"") -> 984.40464 | S148: =RANK(R148, R$121:R$153) -> 7 | U148: 3 | V148: 2954.0399 | W148: =IFERROR(V148/U148,"") -> 984.67996 | X148: =RANK(W148, W$121:W$153) -> 7 | Z148: 3 | AA148: 2954.4073 | AB148: =IFERROR(AA148/Z148,"") -> 984.80243 | AC148: =RANK(AB148, AB$121:AB$153) -> 7 | AE148: 3 | AF148: 2955.1481 | AG148: =IFERROR(AF148/AE148,"") -> 985.04937 | AH148: =RANK(AG148, AG$121:AG$153) -> 7 | AJ148: 3 | AK148: 2954.5287 | AL148: =IFERROR(AK148/AJ148,"") -> 984.84288 | AM148: =RANK(AL148, AL$121:AL$153) -> 7 | AO148: 3 | AP148: 2954.1985 | AQ148: =IFERROR(AP148/AO148,"") -> 984.73282 | AR148: =RANK(AQ148, AQ$121:AQ$153) -> 7 | AT148: 3 | AU148: 2955.2239 | AV148: =IFERROR(AU148/AT148,"") -> 985.07463 | AW148: =RANK(AV148, AV$121:AV$153) -> 7
... C153: 33 | D153: 二配明太子乳酪起司沙拉飯糰 | E153: 4 | F153: 3300 | G153: =F153/E153 -> 825 | I153: =AVERAGE(P153,U153,Z153,AE153,AJ153,AO153,AT153) -> 4 | J153: =AVERAGE(Q153,V153,AA153,AF153,AK153,AP153,AU153) -> 2952.4022 | K153: =AVERAGE(R153,W153,AB153,AG153,AL153,AQ153,AV153) -> 738.10054 | M153: =RANK(K153, K$121:$K$153) -> 15 | P153: 4 | Q153: 2951.1026 | R153: =IFERROR(Q153/P153,"") -> 737.77565 | S153: =RANK(R153, R$121:R$153) -> 15 | U153: 4 | V153: 2951.6255 | W153: =IFERROR(V153/U153,"") -> 737.90637 | X153: =RANK(W153, W$121:W$153) -> 15 | Z153: 4 | AA153: 2951.8117 | AB153: =IFERROR(AA153/Z153,"") -> 737.95293 | AC153: =RANK(AB153, AB$121:AB$153) -> 16 | AE153: 4 | AF153: 2952.9515 | AG153: =IFERROR(AF153/AE153,"") -> 738.23789 | AH153: =RANK(AG153, AG$121:AG$153) -> 15 | AJ153: 4 | AK153: 2953.2663 | AL153: =IFERROR(AK153/AJ153,"") -> 738.31658 | AM153: =RANK(AL153, AL$121:AL$153) -> 15 | AO153: 4 | AP153: 2953.0937 | AQ153: =IFERROR(AP153/AO153,"") -> 738.27343 | AR153: =RANK(AQ153, AQ$121:AQ$153) -> 15 | AT153: 4 | AU153: 2952.9637 | AV153: =IFERROR(AU153/AT153,"") -> 738.24092 | AW153: =RANK(AV153, AV$121:AV$153) -> 16
B154: 產線配置圖－每週更新(0127-0202) | N154: 資料繳交 | O154: 日期 | P154: =AT116+1 -> 46049 | U154: =P154+1 -> 46050 | Z154: =U154+1 -> 46051 | AE154: =Z154+1 -> 46052 | AJ154: =AE154+1 -> 46053 | AO154: =AJ154+1 -> 46054 | AT154: =AO154+1 -> 46055
...

Sheet （５-2）品群別人時生產性(18℃-壽司手卷)
B1: 1月平均人時性 | C1: =AVERAGE(L7,L27,L47,L67,L87) -> 273.6832
B2: 產線配置圖－每週更新(1230-0105) | N2: 資料繳交 | O2: 日期 | P2: 46021 | U2: =P2+1 -> 46022 | Z2: =U2+1 -> 46023 | AE2: =Z2+1 -> 46024 | AJ2: =AE2+1 -> 46025 | AO2: =AJ2+1 -> 46026 | AT2: =AO2+1 -> 46027
P3: =P2 -> 46021 | U3: =U2 -> 46022 | Z3: =Z2 -> 46023 | AE3: =AE2 -> 46024 | AJ3: =AJ2 -> 46025 | AO3: =AO2 -> 46026 | AT3: =AT2 -> 46027
B4: 品群 | C4: 商品名稱 | E4: 計畫 | H4: 平均人時性 | I4: 實績 (週平均) | L4: 平均人時性 | M4: 排名 | O4: 日報 | P4: 實際 | T4: 平均人時性 | U4: 實際 | Y4: 平均人時性 | Z4: 實際 | AD4: 平均人時性 | AE4: 實際 | AI4: 平均人時性 | AJ4: 實際 | AN4: 平均人時性 | AO4: 實際 | AS4: 平均人時性 | AT4: 實際 | AX4: 平均人時性
E5: 產線配置圖 | I5: 產線配置圖 | P5: 生產實績 | U5: 生產實績 | Z5: 生產實績 | AE5: 生產實績 | AJ5: 生產實績 | AO5: 生產實績 | AT5: 生產實績
E6: 人數 | F6: 產能／時 | G6: 人時性 | I6: 人數 | J6: 產能／時 | K6: 人時性 | P6: 人數 | Q6: 產能／時 | R6: 人時性 | S6: 排名 | U6: 人數 | V6: 產能／時 | W6: 人時性 | X6: 排名 | Z6: 人數 | AA6: 產能／時 | AB6: 人時性 | AC6: 排名 | AE6: 人數 | AF6: 產能／時 | AG6: 人時性 | AH6: 排名 | AJ6: 人數 | AK6: 產能／時 | AL6: 人時性 | AM6: 排名 | AO6: 人數 | AP6: 產能／時 | AQ6: 人時性 | AR6: 排名 | AT6: 人數 | AU6: 產能／時 | AV6: 人時性 | AW6: 排名
B7: 18℃-壽司手卷 | C7: 1 | D7: 一配海饌雙手卷 | E7: 17 | F7: 3600 | G7: =F7/E7 -> 211.76471 | H7: =AVERAGE(G7:G21) -> 293.07709 | I7: =AVERAGE(P7,U7,Z7,AE7,AJ7,AO7,AT7) -> 17 | J7: =AVERAGE(Q7,V7,AA7,AF7,AK7,AP7,AU7) -> 3118.3042 | K7: =AVERAGE(R7,W7,AB7,AG7,AL7,AQ7,AV7) -> 183.42966 | L7: =IFERROR(AVERAGE(K7:K21),"-") -> 258.25874 | M7: =RANK(K7, K$7:$K$21) -> 6 | P7: 17 | Q7: 3117.7246 | R7: =Q7/P7 -> 183.39557 | S7: =RANK(R7, R$7:R$21) -> 9 | T7: =AVERAGE(R7:R21) -> 258.20912 | U7: 17 | V7: 3118.3946 | W7: =V7/U7 -> 183.43498 | X7: =RANK(W7, W$7:W$21) -> 7 | Y7: =AVERAGE(W7:W21) -> 258.23879 | Z7: 17 | AA7: 3118.8475 | AB7: =AA7/Z7 -> 183.46162 | AC7: =RANK(AB7, AB$7:AB$21) -> 7 | AD7: =AVERAGE(AB7:AB21) -> 258.24436 | AE7: 17 | AF7: 3117.8391 | AG7: =AF7/AE7 -> 183.4023 | AH7: =RANK(AG7, AG$7:AG$21) -> 7 | AI7: =AVERAGE(AG7:AG21) -> 258.27875 | AJ7: 17 | AK7: 3118.3259 | AL7: =AK7/AJ7 -> 183.43094 | AM7: =RANK(AL7, AL$7:AL$21) -> 7 | AN7: =AVERAGE(AL7:AL21) -> 258.2807 | AO7: 17 | AP7: 3118.507 | AQ7: =AP7/AO7 -> 183.44159 | AR7: =RANK(AQ7, AQ$7:AQ$21) -> 7 | AS7: =AVERAGE(AQ7:AQ21) -> 258.27094 | AT7: 17 | AU7: 3118.4906 | AV7: =AU7/AT7 -> 183.44062 | AW7: =RANK(AV7, AV$7:AV$21) -> 7 | AX7: =AVERAGE(AV7:AV21) -> 258.28853
C8: 2 | D8: 一配雙饗雙手卷 | E8: 17 | F8: 3600 | G8: =F8/E8 -> 211.76471 | I8: =AVERAGE(P8,U8,Z8,AE8,AJ8,AO8,AT8) -> 17 | J8: =AVERAGE(Q8,V8,AA8,AF8,AK8,AP8,AU8) -> 3118.0491 | K8: =AVERAGE(R8,W8,AB8,AG8,AL8,AQ8,AV8) -> 183.41465 | M8: =RANK(K8, K$7:$K$21) -> 8 | P8: 17 | Q8: 3118.2214 | R8: =Q8/P8 -> 183.42479 | S8: =RANK(R8, R$7:R$21) -> 6 | U8: 17 | V8: 3119.1489 | W8: =V8/U8 -> 183.47935 | X8: =RANK(W8, W$7:W$21) -> 6 | Z8: 17 | AA8: 3119.2878 | AB8: =AA8/Z8 -> 183.48752 | AC8: =RANK(AB8, AB$7:AB$21) -> 6 | AE8: 17 | AF8: 3117.7982 | AG8: =AF8/AE8 -> 183.39989 | AH8: =RANK(AG8, AG$7:AG$21) -> 8 | AJ8: 17 | AK8: 3117.5758 | AL8: =AK8/AJ8 -> 183.38681 | AM8: =RANK(AL8, AL$7:AL$21) -> 8 | AO8: 17 | AP8: 3117.2185 | AQ8: =AP8/AO8 -> 183.3658 | AR8: =RANK(AQ8, AQ$7:AQ$21) -> 8 | AT8: 17 | AU8: 3117.0929 | AV8: =AU8/AT8 -> 183.3584 | AW8: =RANK(AV8, AV$7:AV$21) -> 8
C9: 3 | D9: 一配長野稻荷壽司 | E9: 11 | F9: 3600 | G9: =F9/E9 -> 327.27273 | I9: =AVERAGE(P9,U9,Z9,AE9,AJ9,AO9,AT9) -> 11 | J9: =AVERAGE(Q9,V9,AA9,AF9,AK9,AP9,AU9) -> 3150.6297 | K9: =AVERAGE(R9,W9,AB9,AG9,AL9,AQ9,AV9) -> 286.42089 | M9: =RANK(K9, K$7:$K$21) -> 5 | P9: 11 | Q9: 3149.4311 | R9: =Q9/P9 -> 286.31192 | S9: =RANK(R9, R$7:R$21) -> 5 | U9: 11 | V9: 3150.3876 | W9: =V9/U9 -> 286.39887 | X9: =RANK(W9, W$7:W$21) -> 5 | Z9: 11 | AA9: 3151.1628 | AB9: =AA9/Z9 -> 286.46934 | AC9: =RANK(AB9, AB$7:AB$21) -> 5 | AE9: 11 | AF9: 3150.3823 | AG9: =AF9/AE9 -> 286.39839 | AH9: =RANK(AG9, AG$7:AG$21) -> 5 | AJ9: 11 | AK9: 3150.4163 | AL9: =AK9/AJ9 -> 286.40148 | AM9: =RANK(AL9, AL$7:AL$21) -> 5 | AO9: 11 | AP9: 3149.4611 | AQ9: =AP9/AO9 -> 286.31464 | AR9: =RANK(AQ9, AQ$7:AQ$21) -> 5 | AT9: 11 | AU9: 3153.167 | AV9: =AU9/AT9 -> 286.65154 | AW9: =RANK(AV9, AV$7:AV$21) -> 4
C10: 4 | D10: 一配經典鮪魚沙拉細卷 | E10: 6 | F10: 2600 | G10: =F10/E10 -> 433.33333 | I10: =AVERAGE(P10,U10,Z10,AE10,AJ10,AO10,AT10) -> 6 | J10: =AVERAGE(Q10,V10,AA10,AF10,AK10,AP10,AU10) -> 2316.6931 | K10: =AVERAGE(R10,W10,AB10,AG10,AL10,AQ10,AV10) -> 386.11551 | M10: =RANK(K10, K$7:$K$21) -> 2 | P10: 6 | Q10: 2316.4718 | R10: =Q10/P10 -> 386.07864 | S10: =RANK(R10, R$7:R$21) -> 2 | U10: 6 | V10: 2316.1854 | W10: =V10/U10 -> 386.03089 | X10: =RANK(W10, W$7:W$21) -> 2 | Z10: 6 | AA10: 2315.9236 | AB10: =AA10/Z10 -> 385.98726 | AC10: =RANK(AB10, AB$7:AB$21) -> 2 | AE10: 6 | AF10: 2316.2577 | AG10: =AF10/AE10 -> 386.04294 | AH10: =RANK(AG10, AG$7:AG$21) -> 2 | AJ10: 6 | AK10: 2317.2414 | AL10: =AK10/AJ10 -> 386.2069 | AM10: =RANK(AL10, AL$7:AL$21) -> 2 | AO10: 6 | AP10: 2317.859 | AQ10: =AP10/AO10 -> 386.30983 | AR10: =RANK(AQ10, AQ$7:AQ$21) -> 1 | AT10: 6 | AU10: 2316.9126 | AV10: =AU10/AT10 -> 386.1521 | AW10: =RANK(AV10, AV$7:AV$21) -> 2
C11: 5 | D11: 一配明太子玉子脆卷 | E11: 6 | F11: 2500 | G11: =F11/E11 -> 416.66667 | I11: =AVERAGE(P11,U11,Z11,AE11,AJ11,AO11,AT11) -> 6 | J11: =AVERAGE(Q11,V11,AA11,AF11,AK11,AP11,AU11) -> 2255.2202 | K11: =AVERAGE(R11,W11,AB11,AG11,AL11,AQ11,AV11) -> 375.87004 | M11: =RANK(K11, K$7:$K$21) -> 3 | P11: 6 | Q11: 2254.7703 | R11: =Q11/P11 -> 375.79505 | S11: =RANK(R11, R$7:R$21) -> 3 | U11: 6 | V11: 2254.5455 | W11: =V11/U11 -> 375.75758 | X11: =RANK(W11, W$7:W$21) -> 3 | Z11: 6 | AA11: 2254.3844 | AB11: =AA11/Z11 -> 375.73074 | AC11: =RANK(AB11, AB$7:AB$21) -> 3 | AE11: 6 | AF11: 2256.8067 | AG11: =AF11/AE11 -> 376.13445 | AH11: =RANK(AG11, AG$7:AG$21) -> 3 | AJ11: 6 | AK11: 2255.0336 | AL11: =AK11/AJ11 -> 375.83893 | AM11: =RANK(AL11, AL$7:AL$21) -> 3 | AO11: 6 | AP11: 2255.4455 | AQ11: =AP11/AO11 -> 375.90759 | AR11: =RANK(AQ11, AQ$7:AQ$21) -> 3 | AT11: 6 | AU11: 2255.5556 | AV11: =AU11/AT11 -> 375.92593 | AW11: =RANK(AV11, AV$7:AV$21) -> 3
C12: 6 | D12: 一配雙鬆細卷 | E12: 6 | F12: 2600 | G12: =F12/E12 -> 433.33333 | I12: =AVERAGE(P12,U12,Z12,AE12,AJ12,AO12,AT12) -> 6 | J12: =AVERAGE(Q12,V12,AA12,AF12,AK12,AP12,AU12) -> 2317.2668 | K12: =AVERAGE(R12,W12,AB12,AG12,AL12,AQ12,AV12) -> 386.21114 | M12: =RANK(K12, K$7:$K$21) -> 1 | P12: 6 | Q12: 2316.5708 | R12: =Q12/P12 -> 386.09514 | S12: =RANK(R12, R$7:R$21) -> 1 | U12: 6 | V12: 2317.6201 | W12: =V12/U12 -> 386.27002 | X12: =RANK(W12, W$7:W$21) -> 1 | Z12: 6 | AA12: 2317.3109 | AB12: =AA12/Z12 -> 386.21849 | AC12: =RANK(AB12, AB$7:AB$21) -> 1 | AE12: 6 | AF12: 2317.4814 | AG12: =AF12/AE12 -> 386.24689 | AH12: =RANK(AG12, AG$7:AG$21) -> 1 | AJ12: 6 | AK12: 2317.5218 | AL12: =AK12/AJ12 -> 386.25363 | AM12: =RANK(AL12, AL$7:AL$21) -> 1 | AO12: 6 | AP12: 2317.1213 | AQ12: =AP12/AO12 -> 386.18688 | AR12: =RANK(AQ12, AQ$7:AQ$21) -> 2 | AT12: 6 | AU12: 2317.2414 | AV12: =AU12/AT12 -> 386.2069 | AW12: =RANK(AV12, AV$7:AV$21) -> 1
