Workbook

Sheet 日別報廢率總表 
A1: 大溪廠半成品管理日別總表 | V1: 半成品品項數
A2: 日期 | B2: 營業額 | C2: 報廢額 | D2: 報廢率 KPI 0.25% | E2: 超用額 | F2: 超用率 | G2: 廢棄前10名 | I2: 超用前10名 | K2: 共用類廢棄
G3: 金額總計 | H3: 構成比 | I3: 金額總計 | J3: 構成比 | K3: 金額總計 | L3: 構成比 KPI 15%
A4: 45870 | B4: ='0801分析標準表'!$C$3 -> 5795364.7 | C4: ='0801分析標準表'!$D$5 -> 14010.514 | D4: =C4/B4 -> 0.002417538 | E4: ='0801分析標準表'!$F$5 -> 49520.757 | F4: =E4/B4 -> 0.0085448906 | G4: ='0801分析標準表'!$H$5 -> 5524.3521 | H4: =G4/C4 -> 0.39430045 | I4: ='0801分析標準表'!$J$5 -> 15556.247 | J4: =I4/E4 -> 0.3141359 | K4: ='0801分析標準表'!$L$5 -> 2512.3204 | L4: =K4/C4 -> 0.17931679 | M4: 1.5i為調理多產 抓樣不穩2.4i製程耗損 3.1i炊飯單鍋基礎量 下飯機差異 | V4: 195
A5: =A4+1 -> 45871 | B5: ='0802分析標準表'!$C$3 -> 6281761 | C5: ='0802分析標準表'!$D$5 -> 15177.069 | D5: =C5/B5 -> 0.0024160533 | E5: ='0802分析標準表'!$F$5 -> 54183.439 | F5: =E5/B5 -> 0.0086255174 | G5: ='0802分析標準表'!$H$5 -> 5919.614 | H5: =G5/C5 -> 0.3900367 | I5: ='0802分析標準表'!$J$5 -> 15905.347 | J5: =I5/E5 -> 0.29354628 | K5: ='0802分析標準表'!$L$5 -> 2131.872 | L5: =K5/C5 -> 0.14046664 | M5: 1.5i為調理多產 抓樣不穩2.4i製程耗損 3.1i炊飯單鍋基礎量 下飯機差異 | V5: 195
A6: =A5+1 -> 45872 | B6: ='0803分析標準表'!$C$3 -> 8003391.1 | C6: ='0803分析標準表'!$D$5 -> 19418.772 | D6: =C6/B6 -> 0.0024263181 | E6: ='0803分析標準表'!$F$5 -> 69171 | F6: =E6/B6 -> 0.0086427114 | G6: ='0803分析標準表'!$H$5 -> 6610.6163 | H6: =G6/C6 -> 0.340424 | I6: ='0803分析標準表'!$J$5 -> 16236.487 | J6: =I6/E6 -> 0.23472968 | K6: ='0803分析標準表'!$L$5 -> 2218 | L6: =K6/C6 -> 0.11421937 | M6: 1.6i為調理多產 抓樣不穩2.3i製程耗損 3.1i炊飯單鍋基礎量 下飯機差異 | V6: 190
A7: =A6+1 -> 45873 | B7: ='0804分析標準表'!$C$3 -> 7902480.4 | C7: ='0804分析標準表'!$D$5 -> 19143 | D7: =C7/B7 -> 0.002422404 | E7: ='0804分析標準表'!$F$5 -> 67519 | F7: =E7/B7 -> 0.0085440262 | G7: ='0804分析標準表'!$H$5 -> 4995.8102 | H7: =G7/C7 -> 0.26097321 | I7: ='0804分析標準表'!$J$5 -> 19331.03 | J7: =I7/E7 -> 0.28630503 | K7: ='0804分析標準表'!$L$5 -> 2641 | L7: =K7/C7 -> 0.13796166 | M7: 1.4i為調理多產 抓樣不穩2.4i製程耗損 3.1i炊飯單鍋基礎量 下飯機差異 4.1i原物料規格差異 | V7: 190
A8: =A7+1 -> 45874 | B8: ='0805分析標準表'!$C$3 -> 9130487.1 | C8: ='0805分析標準表'!$D$5 -> 22183.573 | D8: =C8/B8 -> 0.0024296155 | E8: ='0805分析標準表'!$F$5 -> 79296.298 | F8: =E8/B8 -> 0.0086847829 | G8: ='0805分析標準表'!$H$5 -> 6103.0743 | H8: =G8/C8 -> 0.27511683 | I8: ='0805分析標準表'!$J$5 -> 33550.617 | J8: =I8/E8 -> 0.42310445 | K8: ='0805分析標準表'!$L$5 -> 2729.3154 | L8: =K8/C8 -> 0.12303318 | M8: 1.4i為展開量105%(2i為新品) 2i抓樣不穩 3.2i製程耗損 4.1i炊飯機固定批量 5.1i研發設定，小片的規格不符合指示書設定重量 | V8: 198
A9: =A8+1 -> 45875 | B9: ='0806分析標準表'!$C$3 -> 8314895.1 | C9: ='0806分析標準表'!$D$5 -> 20159.281 | D9: =C9/B9 -> 0.0024244781 | E9: ='0806分析標準表'!$F$5 -> 70683.501 | F9: =E9/B9 -> 0.008500829 | G9: ='0806分析標準表'!$H$5 -> 4480.2092 | H9: =G9/C9 -> 0.22224053 | I9: ='0806分析標準表'!$J$5 -> 20441.846 | J9: =I9/E9 -> 0.28920251 | K9: ='0806分析標準表'!$L$5 -> 2591.0327 | L9: =K9/C9 -> 0.12852803 | M9: 1.5i為展開量105%(1i為新品) 2.2i製程耗損(1i為新品) 3.1i抓樣不穩 4.1i炊飯機固定批量 5.1i研發設定，小片的規格不符合指示書設定 | V9: 198
A10: =A9+1 -> 45876 | B10: ='0807分析標準表'!$C$3 -> 7555343.1 | C10: ='0807分析標準表'!$D$5 -> 18266.416 | D10: =C10/B10 -> 0.0024176818 | E10: ='0807分析標準表'!$F$5 -> 64099.004 | F10: =E10/B10 -> 0.0084839303 | G10: ='0807分析標準表'!$H$5 -> 7049.461 | H10: =G10/C10 -> 0.3859247 | I10: ='0807分析標準表'!$J$5 -> 19618.586 | J10: =I10/E10 -> 0.30606694 | K10: ='0807分析標準表'!$L$5 -> 3279.034 | L10: =K10/C10 -> 0.17951163 | M10: 1.4i為展開量105%(2i為新品) 2.1i製程耗損 3.2i抓樣不穩 4.1i原物料規格，大顆比例高 5.1i研發設定，小片的規格不符合指示書設定 5.1i煮麵機固定批量 | V10: 198
A11: =A10+1 -> 45877 | B11: ='0808分析標準表'!$C$3 -> 6209389.7 | C11: ='0808分析標準表'!$D$5 -> 15004.129 | D11: =C11/B11 -> 0.0024163613 | E11: ='0808分析標準表'!$F$5 -> 53146.336 | F11: =E11/B11 -> 0.0085590273 | G11: ='0808分析標準表'!$H$5 -> 5839.2655 | H11: =G11/C11 -> 0.38917723 | I11: ='0808分析標準表'!$J$5 -> 13239.133 | J11: =I11/E11 -> 0.24910716 | K11: ='0808分析標準表'!$L$5 -> 2524.6271 | L11: =K11/C11 -> 0.16826215 | M11: 1.7i為抓樣不穩 2.1i製程耗損 3.1i煮麵機固定批量 4.1i研發設定，小片的規格不符合指示書設定重量 | V11: 196
A12: =A11+1 -> 45878 | B12: ='0809分析標準表'!$C$3 -> 6591313.1 | C12: ='0809分析標準表'!$D$5 -> 15935.423 | D12: =C12/B12 -> 0.0024176401 | E12: ='0809分析標準表'!$F$5 -> 55317.723 | F12: =E12/B12 -> 0.0083925193 | G12: ='0809分析標準表'!$H$5 -> 5590.956 | H12: =G12/C12 -> 0.3508508 | I12: ='0809分析標準表'!$J$5 -> 13860.97 | J12: =I12/E12 -> 0.25057015 | K12: ='0809分析標準表'!$L$5 -> 3905.1883 | L12: =K12/C12 -> 0.24506336 | M12: 1.3i為抓樣不穩 2.4i展開量105% 3.1i原物料規格，大顆比例高 4.1i研發設定，小片的規格不符合指示書設定重量 5.1i炊飯機固定批量 | V12: 196
A13: =A12+1 -> 45879 | B13: ='0810分析標準表'!$C$3 -> 8170415.2 | C13: ='0810分析標準表'!$D$5 -> 19791.18 | D13: =C13/B13 -> 0.0024222979 | E13: ='0810分析標準表'!$F$5 -> 69175.717 | F13: =E13/B13 -> 0.0084666097 | G13: ='0810分析標準表'!$H$5 -> 4749.146 | H13: =G13/C13 -> 0.23996275 | I13: ='0810分析標準表'!$J$5 -> 22018.89 | J13: =I13/E13 -> 0.31830375 | K13: ='0810分析標準表'!$L$5 -> 2177.9221 | L13: =K13/C13 -> 0.11004509 | M13: 1.4i為抓樣不穩 2.3i展開量105% 3.1i製程耗損 4.1i研發設定，小片的規格不符合指示書設定重量 5.1i炊飯機固定批量 | V13: 190
A14: =A13+1 -> 45880 | B14: ='0811分析標準表'!$C$3 -> 7815178.3 | C14: ='0811分析標準表'!$D$5 -> 18915.579 | D14: =C14/B14 -> 0.0024203644 | E14: ='0811分析標準表'!$F$5 -> 65473.776 | F14: =E14/B14 -> 0.0083777712 | G14: ='0811分析標準表'!$H$5 -> 5024.6253 | H14: =G14/C14 -> 0.26563423 | I14: ='0811分析標準表'!$J$5 -> 21910.52 | J14: =I14/E14 -> 0.33464574 | K14: ='0811分析標準表'!$L$5 -> 2437.3231 | L14: =K14/C14 -> 0.12885268 | M14: 1.4i為抓樣不穩 2.3i展開量105% 3.2i製程耗損 4.1i研發設定，小片的規格不符合指示書設定重量 | V14: 189
A15: =A14+1 -> 45881 | B15: ='0812分析標準表'!$C$3 -> 7841558.5 | C15: ='0812分析標準表'!$D$5 -> 18989.923 | D15: =C15/B15 -> 0.0024217026 | E15: ='0812分析標準表'!$F$5 -> 66433.737 | F15: =E15/B15 -> 0.0084720068 | G15: ='0812分析標準表'!$H$5 -> 6434.6202 | H15: =G15/C15 -> 0.33884394 | I15: ='0812分析標準表'!$J$5 -> 17858.852 | J15: =I15/E15 -> 0.26882203 | K15: ='0812分析標準表'!$L$5 -> 3211.2649 | L15: =K15/C15 -> 0.16910363 | M15: 1.2i為抓樣不穩 2.5i展開量105% 3.2i製程耗損 4.1i研發設定，小片的規格不符合指示書設定重量 | V15: 193
A16: =A15+1 -> 45882 | B16: ='0813分析標準表'!$C$3 -> 7976719.9 | C16: ='0813分析標準表'!$D$5 -> 19336.486 | D16: =C16/B16 -> 0.0024241149 | E16: ='0813分析標準表'!$F$5 -> 64898.551 | F16: =E16/B16 -> 0.0081359947 | G16: ='0813分析標準表'!$H$5 -> 6901.5355 | H16: =G16/C16 -> 0.35691778 | I16: ='0813分析標準表'!$J$5 -> 20197.4 | J16: =I16/E16 -> 0.31121496 | K16: ='0813分析標準表'!$L$5 -> 2721.0186 | L16: =K16/C16 -> 0.1407194 | M16: 1.3i為抓樣不穩 2.4i展開量105% 3.1i研發設定，小片的規格不符合指示書設定重量 4.2i原物料規格差異 | V16: 193
A17: =A16+1 -> 45883 | B17: ='0814分析標準表'!$C$3 -> 7479649 | C17: ='0814分析標準表'!$D$5 -> 18102.073 | D17: =C17/B17 -> 0.0024201768 | E17: ='0814分析標準表'!$F$5 -> 61257.188 | F17: =E17/B17 -> 0.0081898479 | G17: ='0814分析標準表'!$H$5 -> 7271.5655 | H17: =G17/C17 -> 0.40169794 | I17: ='0814分析標準表'!$J$5 -> 23636.318 | J17: =I17/E17 -> 0.38585379 | K17: ='0814分析標準表'!$L$5 -> 4829.1512 | L17: =K17/C17 -> 0.26677338 | M17: 1.4i為抓樣不穩 2.2i展開量105% 3.1i研發設定，小片的規格不符合指示書設定重量 4.1i原物料規格差異5.1i炊飯機固定批量 6.1i製程耗損 | V17: 193
A18: =A17+1 -> 45884 | B18: ='0815分析標準表'!$C$3 -> 6364780.2 | C18: ='0815分析標準表'!$D$5 -> 15365.392 | D18: =C18/B18 -> 0.0024141277 | E18: ='0815分析標準表'!$F$5 -> 52005.885 | F18: =E18/B18 -> 0.0081708847 | G18: ='0815分析標準表'!$H$5 -> 4258.2772 | H18: =G18/C18 -> 0.2771343 | I18: ='0815分析標準表'!$J$5 -> 14153.418 | J18: =I18/E18 -> 0.27215031 | K18: ='0815分析標準表'!$L$5 -> 3010.4887 | L18: =K18/C18 -> 0.19592658 | M18: 1.3i為抓樣不穩 2.1i展開量105% 3.1i研發設定，小片的規格不符合指示書設定重量 4.1i原物料規格差異 5.1i炊飯機固定批量 6.3i製程耗損 | V18: 193
A19: =A18+1 -> 45885 | B19: ='0816分析標準表'!$C$3 -> 6421067.8 | C19: ='0816分析標準表'!$D$5 -> 15499.561 | D19: =C19/B19 -> 0.0024138604 | E19: ='0816分析標準表'!$F$5 -> 51768.063 | F19: =E19/B19 -> 0.0080622203 | G19: ='0816分析標準表'!$H$5 -> 6561.8213 | H19: =G19/C19 -> 0.42335529 | I19: ='0816分析標準表'!$J$5 -> 11886.044 | J19: =I19/E19 -> 0.22960187 | K19: ='0816分析標準表'!$L$5 -> 2280.5809 | L19: =K19/C19 -> 0.14713842 | M19: 1.4i為抓樣不穩 2.1i展開量105% 3.1i研發設定，小片的規格不符合指示書設定重量 4.1i原物料規格差異 5.1i炊飯機固定批量 6.2i煮麵機固定批量 | V19: 190
A20: =A19+1 -> 45886 | B20: ='0817分析標準表'!$C$3 -> 8145084.9 | C20: ='0817分析標準表'!$D$5 -> 19707.465 | D20: =C20/B20 -> 0.0024195531 | E20: ='0817分析標準表'!$F$5 -> 65748.467 | F20: =E20/B20 -> 0.0080721648 | G20: ='0817分析標準表'!$H$5 -> 5342.519 | H20: =G20/C20 -> 0.27109113 | I20: ='0817分析標準表'!$J$5 -> 14761.841 | J20: =I20/E20 -> 0.22451993 | K20: ='0817分析標準表'!$L$5 -> 2941.4027 | L20: =K20/C20 -> 0.14925322 | M20: 1.1i為抓樣不穩 2.3i展開量105% 3.2i製程耗損 4.1i研發設定，小片的規格不符合指示書設定重量 5.3i原物料規格差異 | V20: 186
A21: =A20+1 -> 45887 | B21: ='0818分析標準表'!$C$3 -> 7989071.5 | C21: ='0818分析標準表'!$D$5 -> 19315.408 | D21: =C21/B21 -> 0.0024177288 | E21: ='0818分析標準表'!$F$5 -> 63949.724 | F21: =E21/B21 -> 0.0080046503 | G21: ='0818分析標準表'!$H$5 -> 4834.7357 | H21: =G21/C21 -> 0.25030461 | I21: ='0818分析標準表'!$J$5 -> 16251.213 | J21: =I21/E21 -> 0.25412483 | K21: ='0818分析標準表'!$L$5 -> 2780.3091 | L21: =K21/C21 -> 0.14394255 | M21: 1.3i為抓樣不穩 2.3i展開量105% 3.2i製程耗損 4.1i研發設定，小片的規格不符合指示書設定重量 5.1i原物料規格差異 6.1i炊飯機固定批量 | V21: 185
A22: =A21+1 -> 45888 | B22: ='0819分析標準表'!$C$3 -> 7909637 | C22: ='0819分析標準表'!$D$5 -> 19096.599 | D22: =C22/B22 -> 0.0024143458 | E22: ='0819分析標準表'!$F$5 -> 63190.177 | F22: =E22/B22 -> 0.007989011 | G22: ='0819分析標準表'!$H$5 -> 4584.4793 | H22: =G22/C22 -> 0.24006784 | I22: ='0819分析標準表'!$J$5 -> 19388.742 | J22: =I22/E22 -> 0.30683159 | K22: ='0819分析標準表'!$L$5 -> 2920.665 | L22: =K22/C22 -> 0.15294163 | M22: 1.1i為抓樣不穩 2.4i展開量105% 3.1i研發設定，小片的規格不符合指示書設定重量 4.1i原物料規格差異 5.1i其他原因 6.2i製程不穩 | V22: 185
A23: =A22+1 -> 45889 | B23: ='0820分析標準表'!$C$3 -> 7775987.8 | C23: ='0820分析標準表'!$D$5 -> 18753.286 | D23: =C23/B23 -> 0.0024116918 | E23: ='0820分析標準表'!$F$5 -> 61899.049 | F23: =E23/B23 -> 0.0079602811 | G23: ='0820分析標準表'!$H$5 -> 4932.1411 | H23: =G23/C23 -> 0.26300144 | I23: ='0820分析標準表'!$J$5 -> 15165.343 | J23: =I23/E23 -> 0.24500122 | K23: ='0820分析標準表'!$L$5 -> 3175.0388 | L23: =K23/C23 -> 0.16930573 | M23: 1.3i為抓樣不穩 2.3i展開量105% 3.1i研發設定，小片的規格不符合指示書設定重量 4.1i原物料規格差異 5.2i製程不穩 | V23: 185
A24: =A23+1 -> 45890 | B24: ='0821分析標準表'!$C$3 -> 7246465.3 | C24: ='0821分析標準表'!$D$5 -> 17467.345 | D24: =C24/B24 -> 0.0024104642 | E24: ='0821分析標準表'!$F$5 -> 57573.538 | F24: =E24/B24 -> 0.0079450513 | G24: ='0821分析標準表'!$H$5 -> 3942.5741 | H24: =G24/C24 -> 0.22571112 | I24: ='0821分析標準表'!$J$5 -> 17476.456 | J24: =I24/E24 -> 0.30355015 | K24: ='0821分析標準表'!$L$5 -> 3001.2627 | L24: =K24/C24 -> 0.17182134 | M24: 1.3i為抓樣不穩 2.2i展開量105% 3.1i研發設定，小片的規格不符合指示書設定重量 4.1i原物料規格差異 5.3i製程不穩 | V24: 185
A25: =A24+1 -> 45891 | B25: ='0822分析標準表'!$C$3 -> 5933586.3 | C25: ='0822分析標準表'!$D$5 -> 14356.761 | D25: =C25/B25 -> 0.0024195756 | E25: ='0822分析標準表'!$F$5 -> 47139.286 | F25: =E25/B25 -> 0.0079444846 | G25: ='0822分析標準表'!$H$5 -> 6190.3314 | H25: =G25/C25 -> 0.43117884 | I25: ='0822分析標準表'!$J$5 -> 10886.71 | J25: =I25/E25 -> 0.2309477 | K25: ='0822分析標準表'!$L$5 -> 2994.4934 | L25: =K25/C25 -> 0.20857723 | M25: 1.2i為抓樣不穩 2.4i展開量105% 3.1i研發設定，小片的規格不符合指示書設定重量 4.1i原物料規格差異 5.2i製程不穩 | V25: 185
A26: =A25+1 -> 45892 | B26: ='0823分析標準表'!$C$3 -> 6081229.5 | C26: ='0823分析標準表'!$D$5 -> 14691.886 | D26: =C26/B26 -> 0.0024159401 | E26: ='0823分析標準表'!$F$5 -> 48212.656 | F26: =E26/B26 -> 0.0079281099 | G26: ='0823分析標準表'!$H$5 -> 5687.0399 | H26: =G26/C26 -> 0.38708712 | I26: ='0823分析標準表'!$J$5 -> 13306.951 | J26: =I26/E26 -> 0.27600535 | K26: ='0823分析標準表'!$L$5 -> 1926.7929 | L26: =K26/C26 -> 0.13114673 | M26: 1.2i為抓樣不穩 2.4i展開量105% 3.1i研發設定，小片的規格不符合指示書設定重量 4.1i原物料規格差異 5.2i其他原因 | V26: 178
A27: =A26+1 -> 45893 | B27: ='0824分析標準表'!$C$3 -> 7894027 | C27: ='0824分析標準表'!$D$5 -> 19089.354 | D27: =C27/B27 -> 0.0024182023 | E27: ='0824分析標準表'!$F$5 -> 61921.235 | F27: =E27/B27 -> 0.0078440617 | G27: ='0824分析標準表'!$H$5 -> 4499.02 | H27: =G27/C27 -> 0.23568215 | I27: ='0824分析標準表'!$J$5 -> 16773.528 | J27: =I27/E27 -> 0.27088491 | K27: ='0824分析標準表'!$L$5 -> 2496.1021 | L27: =K27/C27 -> 0.13075886 | M27: 1.1i為抓樣不穩 2.2i展開量105% 3.1i研發設定，小片的規格不符合指示書設定重量 4.2i原物料規格差異 5.1i其他原因 6.3i製程不穩 | V27: 178
A28: =A27+1 -> 45894 | B28: ='0825分析標準表'!$C$3 -> 7726391.3 | C28: ='0825分析標準表'!$D$5 -> 18655.308 | D28: =C28/B28 -> 0.0024144917 | E28: ='0825分析標準表'!$F$5 -> 60538.646 | F28: =E28/B28 -> 0.0078353068 | G28: ='0825分析標準表'!$H$5 -> 4083.4716 | H28: =G28/C28 -> 0.2188906 | I28: ='0825分析標準表'!$J$5 -> 18900.472 | J28: =I28/E28 -> 0.31220506 | K28: ='0825分析標準表'!$L$5 -> 2441.0153 | L28: =K28/C28 -> 0.1308483 | M28: 1.1i為抓樣不穩 2.4i展開量105% 3.1i研發設定，小片的規格不符合指示書設定重量 4.1i其他原因 5.3i製程不穩 | V28: 178
A29: =A28+1 -> 45895 | B29: ='0826分析標準表'!$C$3 -> 7423824.2 | C29: ='0826分析標準表'!$D$5 -> 17888.274 | D29: =C29/B29 -> 0.0024095768 | E29: ='0826分析標準表'!$F$5 -> 58011.729 | F29: =E29/B29 -> 0.0078142649 | G29: ='0826分析標準表'!$H$5 -> 2865.4103 | H29: =G29/C29 -> 0.16018372 | I29: ='0826分析標準表'!$J$5 -> 20404.953 | J29: =I29/E29 -> 0.35173841 | K29: ='0826分析標準表'!$L$5 -> 2550.2186 | L29: =K29/C29 -> 0.1425637 | M29: 1.3i為抓樣不穩 2.2i展開量105% 3.1i研發設定，小片的規格不符合指示書設定重量 4.1i其他原因 5.3i製程不穩 | V29: 176
A30: =A29+1 -> 45896 | B30: ='0827分析標準表'!$C$3 -> 7268105.9 | C30: ='0827分析標準表'!$D$5 -> 17530.725 | D30: =C30/B30 -> 0.0024120074 | E30: ='0827分析標準表'!$F$5 -> 56275.879 | F30: =E30/B30 -> 0.0077428535 | G30: ='0827分析標準表'!$H$5 -> 4957.1863 | H30: =G30/C30 -> 0.28277132 | I30: ='0827分析標準表'!$J$5 -> 16268.267 | J30: =I30/E30 -> 0.28908064 | K30: ='0827分析標準表'!$L$5 -> 2589.0621 | L30: =K30/C30 -> 0.14768711 | M30: 1.2i為抓樣不穩 2.4i展開量105% 3.1i研發設定，小片的規格不符合指示書設定重量 4.3i製程不穩 | V30: 171
A31: =A30+1 -> 45897 | B31: ='0828分析標準表'!$C$3 -> 6765305.7 | C31: ='0828分析標準表'!$D$5 -> 16316.671 | D31: =C31/B31 -> 0.0024118158 | E31: ='0828分析標準表'!$F$5 -> 52026.534 | F31: =E31/B31 -> 0.0076901971 | G31: ='0828分析標準表'!$H$5 -> 4258.0322 | H31: =G31/C31 -> 0.26096207 | I31: ='0828分析標準表'!$J$5 -> 15396.414 | J31: =I31/E31 -> 0.29593387 | K31: ='0828分析標準表'!$L$5 -> 2340.916 | L31: =K31/C31 -> 0.14346775 | M31: 1.1i為抓樣不穩 2.3i展開量105% 3.1i研發設定，小片的規格不符合指示書設定重量 4.5i製程不穩 | V31: 171
A32: =A31+1 -> 45898 | B32: ='0829分析標準表'!$C$3 -> 5760799.9 | C32: ='0829分析標準表'!$D$5 -> 13931.159 | D32: =C32/B32 -> 0.0024182681 | E32: ='0829分析標準表'!$F$5 -> 44372.037 | F32: =E32/B32 -> 0.007702409 | G32: ='0829分析標準表'!$H$5 -> 4345.5272 | H32: =G32/C32 -> 0.31192863 | I32: ='0829分析標準表'!$J$5 -> 13543.466 | J32: =I32/E32 -> 0.30522526 | K32: ='0829分析標準表'!$L$5 -> 1847.3764 | L32: =K32/C32 -> 0.13260752 | M32: 1.2i為抓樣不穩 2.4i展開量105% 3.1i研發設定，小片的規格不符合指示書設定重量 4.3i製程不穩 | V32: 171
A33: =A32+1 -> 45899 | B33: ='0830分析標準表'!$C$3 -> 6161593.8 | C33: ='0830分析標準表'!$D$5 -> 14887.156 | D33: =C33/B33 -> 0.002416121 | E33: ='0830分析標準表'!$F$5 -> 46839.279 | F33: =E33/B33 -> 0.0076018123 | G33: ='0830分析標準表'!$H$5 -> 3050.8294 | H33: =G33/C33 -> 0.2049303 | I33: ='0830分析標準表'!$J$5 -> 15095.027 | J33: =I33/E33 -> 0.32227284 | K33: ='0830分析標準表'!$L$5 -> 2593.1287 | L33: =K33/C33 -> 0.17418563 | M33: 1.2i為抓樣不穩 2.4i展開量105% 3.1i研發設定，小片的規格不符合指示書設定重量 4.1i製程不穩 5.2i原物料規格差異 | V33: 171
A34: =A33+1 -> 45900 | B34: ='0831分析標準表'!$C$3 -> 7725142.4 | C34: ='0831分析標準表'!$D$5 -> 18650.44 | D34: =C34/B34 -> 0.002414252 | E34: ='0831分析標準表'!$F$5 -> 57442.342 | F34: =E34/B34 -> 0.0074357648 | G34: ='0831分析標準表'!$H$5 -> 3612.8209 | H34: =G34/C34 -> 0.19371237 | I34: ='0831分析標準表'!$J$5 -> 13612.391 | J34: =I34/E34 -> 0.23697486 | K34: ='0831分析標準表'!$L$5 -> 2446.0283 | L34: =K34/C34 -> 0.13115124 | M34: 1.3i為抓樣不穩 2.3i展開量105% 3.1i研發設定，小片的規格不符合指示書設定重量 4.1i製程不穩 5.2i原物料規格差異 | V34: 161
A35: ※淺黃色為工廠自填項目
A36: ※日期紅色為新品日
M46: 原物料規格，大顆比例高
M47: 原物料規格

Sheet 0831分析標準表
A1: 大溪廠半成品管理分析
A2: 日期 | C2: 營業額 | D2: 報廢展開 | F2: 超用展開 | H2: 報廢展開 | J2: 超用展開 | L2: 報廢展開
A3: 45900 | C3: 7725142.4 | D3: 總報廢 | F3: 總超用 | H3: 報廢-前10名 | J3: 超用-前10名 | L3: 共用類-總報廢
D4: 金額 | E4: 占比(營業額) | F4: 金額 | G4: 占比(營業額) | H4: 金額 | I4: 占比(總報廢) | J4: 金額 | K4: 占比(總超用) | L4: 金額 | M4: 占比(總報廢)
A5: 年度KPI目標0.25% | D5: 18650.44 | E5: =D5/C3 -> 0.002414252 | F5: 57442.342 | G5: =F5/C3 -> 0.0074357648 | H5: =SUM(C12:C21) -> 3612.8209 | I5: =H5/D5 -> 0.19371237 | J5: =SUM(C28:C37) -> 13612.391 | K5: =J5/F5 -> 0.23697486 | L5: 2446.0283 | M5: =L5/D5 -> 0.13115124
A7: 報廢金額前十名半成品
A8: 明細展開 | D8: 生產資訊 | O8: 類別 | P8: 分析原因 (請填寫8大原因) | Q8: 其他原因說明 | R8: 備註-商品名稱
A9: 排序 | B9: 半成品 | D9: 生產端 | J9: 組合端
B10: 名稱 | C10: 報廢金額 排序 | D10: 產出量 | J10: 報廢 | L10: 超用
D11: 訂單需求 (kg) | E11: 實際產出 (kg) | F11: 補單 (kg) | G11: 單價 (元) | H11: 實際生產 (對比訂單需求) | I11: 差異 (元) | J11: kg | K11: 占比 | L11: kg | M11: 占比 | N11: 金額 (元)
A12: 1 | B12: 炒培根片(114年) | C12: 520.2498 | D12: 24.09 | E12: 25.06 | F12: 0 | G12: 536.34 | H12: =(E12+F12)/D12 -> 1.0402657 | I12: 520.2498 | J12: 0.97 | K12: =J12/D12 -> 0.04026567 | L12: =((E12+F12)-D12)-J12 -> -1.110223e-15 | M12: =L12/D12 -> -4.6086468e-17 | N12: =L12*G12 -> -5.9545702e-13 | O12: 調理端 | P12: 抓樣不穩 | R12: 二配哞哞培根奶香海陸焗飯
A13: 2 | B13: 烤銀鮭魚肚 | C13: 463.5 | D13: 4283 | E13: 4313 | F13: 0 | G13: 15.45 | H13: =(E13+F13)/D13 -> 1.0070044 | I13: 463.5 | J13: 30 | K13: =J13/D13 -> 0.0070044361 | L13: =((E13+F13)-D13)-J13 -> 0 | M13: =L13/D13 -> 0 | N13: =L13*G13 -> 0 | O13: 調理端 | P13: 研發設定 | Q13: 研發設定，小片的規格不符合指示書設定重量 | R13: 一配贅沢鮭魚肚飯糰
A14: 3 | B14: 炒油蔥醬 | C14: 456.7225 | D14: 204.2 | E14: 215.68 | F14: 0 | G14: 152.75 | H14: =(E14+F14)/D14 -> 1.0562194 | I14: 1753.57 | J14: 2.99 | K14: =J14/D14 -> 0.014642507 | L14: =((E14+F14)-D14)-J14 -> 8.49 | M14: =L14/D14 -> 0.041576885 | N14: =L14*G14 -> 1296.8475 | O14: 調理端 | P14: 展開量105% | R14: 雞肉飯飯糰
A15: 4 | B15: 蒸鰻魚片(主食用) | C15: 437.22 | D15: 4890 | E15: 4932 | F15: 0 | G15: 10.41 | H15: =(E15+F15)/D15 -> 1.008589 | I15: 437.22 | J15: 42 | K15: =J15/D15 -> 0.0085889571 | L15: =((E15+F15)-D15)-J15 -> 0 | M15: =L15/D15 -> 0 | N15: =L15*G15 -> 0 | O15: 調理端 | P15: 製程不穩 | R15: 鰻牛雙饗匠食盒
A16: 5 | B16: (V)川燙小青花菜 | C16: 427.547 | D16: 807.18 | E16: 810.36 | F16: 14.2 | G16: 147.43 | H16: =(E16+F16)/D16 -> 1.0215318 | I16: 2562.3334 | J16: 2.9 | K16: =J16/D16 -> 0.003592755 | L16: =((E16+F16)-D16)-J16 -> 14.48 | M16: =L16/D16 -> 0.017938997 | N16: =L16*G16 -> 2134.7864 | O16: 調理端 | P16: 原物料規格 | Q16: 大顆比例高 | R16: 共用類
A17: 6 | B17: 洋蔥壹號醬 | C17: 281.8696 | D17: 52.26 | E17: 54.81 | F17: 0 | G17: 153.19 | H17: =(E17+F17)/D17 -> 1.0487945 | I17: 390.6345 | J17: 1.84 | K17: =J17/D17 -> 0.035208573 | L17: =((E17+F17)-D17)-J17 -> 0.71 | M17: =L17/D17 -> 0.013585917 | N17: =L17*G17 -> 108.7649 | O17: 調理端 | P17: 抓樣不穩 | R17: 壹號醬炙烤牛飯糰
A18: 7 | B18: 消毒青蔥絲 | C18: 278.2752 | D18: 36.63 | E18: 38.34 | F18: 0 | G18: 248.46 | H18: =(E18+F18)/D18 -> 1.046683 | I18: 424.8666 | J18: 1.12 | K18: =J18/D18 -> 0.030576031 | L18: =((E18+F18)-D18)-J18 -> 0.59 | M18: =L18/D18 -> 0.016107016 | N18: =L18*G18 -> 146.5914 | O18: 調理端 | P18: 抓樣不穩 | R18: 共用類
A19: 8 | B19: 炒辣醬蔬菜 | C19: 256.1286 | D19: 18.61 | E19: 20.71 | F19: 0 | G19: 140.73 | H19: =(E19+F19)/D19 -> 1.1128426 | I19: 295.533 | J19: 1.82 | K19: =J19/D19 -> 0.097796883 | L19: =((E19+F19)-D19)-J19 -> 0.28 | M19: =L19/D19 -> 0.015045674 | N19: =L19*G19 -> 39.4044 | O19: 調理端 | P19: 展開量105% | R19: 二配大飯糰春川風味辣炒雞
A20: 9 | B20: 韓式辣炒豆芽 | C20: 251.3082 | D20: 27.64 | E20: 29.6 | F20: 0 | G20: 144.43 | H20: =(E20+F20)/D20 -> 1.0709117 | I20: 283.0828 | J20: 1.74 | K20: =J20/D20 -> 0.062952243 | L20: =((E20+F20)-D20)-J20 -> 0.22 | M20: =L20/D20 -> 0.007959479 | N20: =L20*G20 -> 31.7746 | O20: 調理端 | P20: 展開量105% | R20: 蒜蒜燒豚飯
A21: 10 | B21: 熟化去皮馬鈴薯滾刀17-23g | C21: 240 | D21: 145.16 | E21: 147.66 | F21: 0 | G21: 96 | H21: =(E21+F21)/D21 -> 1.0172224 | I21: 240 | J21: 2.5 | K21: =J21/D21 -> 0.017222375 | L21: =((E21+F21)-D21)-J21 -> 0 | M21: =L21/D21 -> 0 | N21: =L21*G21 -> 0 | O21: 調理端 | P21: 原物料規格 | R21: 嫩烤香料雞胸排蔬滿盒
A23: 超用金額前十名半成品
A24: 明細展開 | D24: 生產資訊 | O24: 類別 | P24: 分析原因 (請填寫8大原因) | Q24: 其他原因說明 | R24: 備註-商品名稱
A25: 排序 | B25: 半成品 | D25: 生產端 | J25: 組合端
B26: 名稱 | C26: 超用金額 排序 | D26: 產出量 | J26: 報廢 | M26: 超用
D27: 訂單需求 (kg) | E27: 實際產出 (kg) | F27: 補單 (kg) | G27: 單價 (元) | H27: 實際生產 (對比訂單需求) | I27: 差異 (元) | J27: kg | K27: 占比 | L27: 金額 (元) | M27: kg | N27: 占比
A28: 1 | B28: (V)川燙小青花菜 | C28: 2134.7864 | D28: 807.18 | E28: 810.36 | F28: 14.2 | G28: 147.43 | H28: =(E28+F28)/D28 -> 1.0215318 | I28: 2562.3334 | J28: 2.9 | K28: =J28/D28 -> 0.003592755 | L28: =J28*G28 -> 427.547 | M28: =((E28+F28)-D28)-J28 -> 14.48 | N28: =M28/D28 -> 0.017938997 | O28: 組合室 | P28: 原物料規格 | Q28: 大顆比例高 | R28: 共用類
A29: 2 | B29: 蒸-全熟雞肉絲CL(113年) | C29: 1873.1691 | D29: 125.67 | E29: 130.06 | F29: 0 | G29: 426.69 | H29: =(E29+F29)/D29 -> 1.0349328 | I29: 1873.1691 | J29: 0 | K29: =J29/D29 -> 0 | L29: =J29*G29 -> 0 | M29: =((E29+F29)-D29)-J29 -> 4.39 | N29: =M29/D29 -> 0.03493276 | O29: 組合室 | P29: 抓樣不穩 | R29: 雞肉飯飯糰
A30: 3 | B30: 越式湯凍(114年) | C30: 1375.3692 | D30: 633.16 | E30: 613.6 | F30: 61.2 | G30: 33.03 | H30: =(E30+F30)/D30 -> 1.0657654 | I30: 1375.3692 | J30: 0 | K30: =J30/D30 -> 0 | L30: =J30*G30 -> 0 | M30: =((E30+F30)-D30)-J30 -> 41.64 | N30: =M30/D30 -> 0.065765367 | O30: 組合室 | P30: 其他原因 | Q30: 注餡機差異 | R30: 越式牛肉寬粉
A31: 4 | B31: 切-究極燒肉片 | C31: 1329.7728 | D31: 52.81 | E31: 52.93 | F31: 1.8 | G31: 692.59 | H31: =(E31+F31)/D31 -> 1.0363568 | I31: 1329.7728 | J31: 0 | K31: =J31/D31 -> 0 | L31: =J31*G31 -> 0 | M31: =((E31+F31)-D31)-J31 -> 1.92 | N31: =M31/D31 -> 0.036356751 | O31: 組合室 | P31: 抓樣不穩 | R31: 壹號醬雞豚雙拼
A32: 5 | B32: 炒油蔥醬 | C32: 1296.8475 | D32: 204.2 | E32: 215.68 | F32: 0 | G32: 152.75 | H32: =(E32+F32)/D32 -> 1.0562194 | I32: 1753.57 | J32: 2.99 | K32: =J32/D32 -> 0.014642507 | L32: =J32*G32 -> 456.7225 | M32: =((E32+F32)-D32)-J32 -> 8.49 | N32: =M32/D32 -> 0.041576885 | O32: 組合室 | P32: 抓樣不穩 | R32: 雞肉飯飯糰
A33: 6 | B33: 日式牛培根 | C33: 1277.9004 | D33: 36.1 | E33: 35.96 | F33: 2.2 | G33: 620.34 | H33: =(E33+F33)/D33 -> 1.0570637 | I33: 1277.9004 | J33: 0 | K33: =J33/D33 -> 0 | L33: =J33*G33 -> 0 | M33: =((E33+F33)-D33)-J33 -> 2.06 | N33: =M33/D33 -> 0.057063712 | O33: 組合室 | P33: 抓樣不穩 | R33: 柚見極炙烤牛
A34: 7 | B34: 蘑菇湯凍 | C34: 1231.9988 | D34: 323.52 | E34: 324.18 | F34: 10.72 | G34: 108.26 | H34: =(E34+F34)/D34 -> 1.0351756 | I34: 1231.9988 | J34: 0 | K34: =J34/D34 -> 0 | L34: =J34*G34 -> 0 | M34: =((E34+F34)-D34)-J34 -> 11.38 | N34: =M34/D34 -> 0.035175569 | O34: 組合室 | P34: 其他原因 | Q34: 注餡機差異 | R34: 二配鐵板蘑菇肉醬起司焗飯
A35: 8 | B35: 煮中華冷麵(110年) | C35: 1109.2224 | D35: 4946.34 | E35: 4925 | F35: 49.5 | G35: 39.39 | H35: =(E35+F35)/D35 -> 1.0056931 | I35: 1109.2224 | J35: 0 | K35: =J35/D35 -> 0 | L35: =J35*G35 -> 0 | M35: =((E35+F35)-D35)-J35 -> 28.16 | N35: =M35/D35 -> 0.0056930983 | O35: 組合室 | P35: 抓樣不穩 | R35: 共用類
A36: 9 | B36: 切-烤牛五花(112年) | C36: 993.4792 | D36: 202.53 | E36: 201.16 | F36: 3.01 | G36: 605.78 | H36: =(E36+F36)/D36 -> 1.0080976 | I36: 993.4792 | J36: 0 | K36: =J36/D36 -> 0 | L36: =J36*G36 -> 0 | M36: =((E36+F36)-D36)-J36 -> 1.64 | N36: =M36/D36 -> 0.0080975658 | O36: 組合室 | P36: 其他原因 | Q36: 雙圈秤重範圍 | R36: 糖燻野郎三十天熟成牛飯
A37: 10 | B37: 川燙毛豆玉米 | C37: 989.8449 | D37: 392.03 | E37: 393.1 | F37: 5.2 | G37: 157.87 | H37: =(E37+F37)/D37 -> 1.0159937 | I37: 989.8449 | J37: 0 | K37: =J37/D37 -> 0 | L37: =J37*G37 -> 0 | M37: =((E37+F37)-D37)-J37 -> 6.27 | N37: =M37/D37 -> 0.015993674 | O37: 組合室 | P37: 抓樣不穩 | R37: 共用類
A39: 共用類報廢金額前十名半成品
A40: 明細展開
A41: 排序 | B41: 半成品
B42: 名稱 | C42: 報廢金額 排序 | D42: 共用類總金額 占比
A44: 1 | B44: (V)川燙小青花菜 | C44: 427.547 | D44: =C44/$L$5 -> 0.17479234
A45: 2 | B45: 消毒青蔥絲 | C45: 278.2752 | D45: =C45/$L$5 -> 0.11376614
A46: 3 | B46: 60切-烤豆腐蛋白丁 | C46: 218.05 | D46: =C46/$L$5 -> 0.089144512
A47: 4 | B47: 烤12切家常豆腐 | C47: 210.6 | D47: =C47/$L$5 -> 0.086098759
A48: 5 | B48: 蒜炒紅k高麗菜(111年) | C48: 172.584 | D48: =C48/$L$5 -> 0.070556829
A49: 6 | B49: 鮮食雙色起司絲 | C49: 172 | D49: =C49/$L$5 -> 0.070318074
A50: 7 | B50: 烤大口蛋皮(111年) | C50: 171.34 | D50: =C50/$L$5 -> 0.070048249
A51: 8 | B51: 切-鹽烤牛肉 | C51: 132.488 | D51: =C51/$L$5 -> 0.054164541
A52: 9 | B52: 日式烤洋蔥絲(114年) | C52: 128.763 | D52: =C52/$L$5 -> 0.052641664
A53: 10 | B53: (V)消毒小黃瓜絲 | C53: 115.84 | D53: =C53/$L$5 -> 0.047358405
A54: ※炊飯類不納入半成品廢棄計算
A56: ※淺黃色為工廠自填項目

Sheet 0830分析標準表
A1: 大溪廠半成品管理分析
A2: 日期 | C2: 營業額 | D2: 報廢展開 | F2: 超用展開 | H2: 報廢展開 | J2: 超用展開 | L2: 報廢展開
A3: 45899 | C3: 6161593.8 | D3: 總報廢 | F3: 總超用 | H3: 報廢-前10名 | J3: 超用-前10名 | L3: 共用類-總報廢
D4: 金額 | E4: 占比(營業額) | F4: 金額 | G4: 占比(營業額) | H4: 金額 | I4: 占比(總報廢) | J4: 金額 | K4: 占比(總超用) | L4: 金額 | M4: 占比(總報廢)
A5: 年度KPI目標0.25% | D5: 14887.156 | E5: =D5/C3 -> 0.002416121 | F5: 46839.279 | G5: =F5/C3 -> 0.0076018123 | H5: =SUM(C12:C21) -> 3050.8294 | I5: =H5/D5 -> 0.2049303 | J5: =SUM(C28:C37) -> 15095.027 | K5: =J5/F5 -> 0.32227284 | L5: 2593.1287 | M5: =L5/D5 -> 0.17418563
A7: 報廢金額前十名半成品
A8: 明細展開 | D8: 生產資訊 | O8: 類別 | P8: 分析原因 (請填寫8大原因) | Q8: 其他原因說明 | R8: 備註-商品名稱
A9: 排序 | B9: 半成品 | D9: 生產端 | J9: 組合端
B10: 名稱 | C10: 報廢金額 排序 | D10: 產出量 | J10: 報廢 | L10: 超用
D11: 訂單需求 (kg) | E11: 實際產出 (kg) | F11: 補單 (kg) | G11: 單價 (元) | H11: 實際生產 (對比訂單需求) | I11: 差異 (元) | J11: kg | K11: 占比 | L11: kg | M11: 占比 | N11: 金額 (元)
A12: 1 | B12: 烤銀鮭魚肚 | C12: 540.75 | D12: 2889 | E12: 2924 | F12: 0 | G12: 15.45 | H12: =(E12+F12)/D12 -> 1.0121149 | I12: 540.75 | J12: 35 | K12: =J12/D12 -> 0.012114919 | L12: =((E12+F12)-D12)-J12 -> 0 | M12: =L12/D12 -> 0 | N12: =L12*G12 -> 0 | O12: 調理端 | P12: 研發設定 | Q12: 研發設定，小片的規格不符合指示書設定重量 | R12: 一配贅沢鮭魚肚飯糰
A13: 2 | B13: (V)川燙小青花菜 | C13: 343.5119 | D13: 505.54 | E13: 506.46 | F13: 12.8 | G13: 147.43 | H13: =(E13+F13)/D13 -> 1.0271393 | I13: 2022.7396 | J13: 2.33 | K13: =J13/D13 -> 0.004608933 | L13: =((E13+F13)-D13)-J13 -> 11.39 | M13: =L13/D13 -> 0.022530364 | N13: =L13*G13 -> 1679.2277 | O13: 調理端 | P13: 原物料規格 | Q13: 大顆比例高 | R13: 共用類
A14: 3 | B14: 滷嚕米-沙茶滷汁 | C14: 332.7075 | D14: 57.96 | E14: 64.71 | F14: 0 | G14: 49.29 | H14: =(E14+F14)/D14 -> 1.1164596 | I14: 332.7075 | J14: 6.75 | K14: =J14/D14 -> 0.11645963 | L14: =((E14+F14)-D14)-J14 -> 7.1054274e-15 | M14: =L14/D14 -> 1.2259191e-16 | N14: =L14*G14 -> 3.5022651e-13 | O14: 調理端 | P14: 展開量105% | R14: 一口滷魂便當
A15: 4 | B15: 熟化去皮馬鈴薯滾刀17-23g | C15: 288 | D15: 87.64 | E15: 90.64 | F15: 0 | G15: 96 | H15: =(E15+F15)/D15 -> 1.0342309 | I15: 288 | J15: 3 | K15: =J15/D15 -> 0.034230945 | L15: =((E15+F15)-D15)-J15 -> 0 | M15: =L15/D15 -> 0 | N15: =L15*G15 -> 0 | O15: 調理端 | P15: 原物料規格 | R15: 嫩烤香料雞胸排蔬滿盒
A16: 5 | B16: 洋蔥壹號醬 | C16: 271.1463 | D16: 42.03 | E16: 45.09 | F16: 0 | G16: 153.19 | H16: =(E16+F16)/D16 -> 1.0728051 | I16: 468.7614 | J16: 1.77 | K16: =J16/D16 -> 0.042112777 | L16: =((E16+F16)-D16)-J16 -> 1.29 | M16: =L16/D16 -> 0.030692363 | N16: =L16*G16 -> 197.6151 | O16: 調理端 | P16: 展開量105% | R16: 壹號醬炙烤牛飯糰
A17: 6 | B17: 蒸鰻魚片(主食用) | C17: 270.66 | D17: 4218 | E17: 4244 | F17: 0 | G17: 10.41 | H17: =(E17+F17)/D17 -> 1.0061641 | I17: 270.66 | J17: 26 | K17: =J17/D17 -> 0.0061640588 | L17: =((E17+F17)-D17)-J17 -> 0 | M17: =L17/D17 -> 0 | N17: =L17*G17 -> 0 | O17: 調理端 | P17: 製程不穩 | R17: 鰻牛雙饗匠食盒
A18: 7 | B18: 消毒青蔥絲 | C18: 253.4292 | D18: 29.45 | E18: 30.96 | F18: 0 | G18: 248.46 | H18: =(E18+F18)/D18 -> 1.0512733 | I18: 375.1746 | J18: 1.02 | K18: =J18/D18 -> 0.034634975 | L18: =((E18+F18)-D18)-J18 -> 0.49 | M18: =L18/D18 -> 0.01663837 | N18: =L18*G18 -> 121.7454 | O18: 調理端 | P18: 展開量105% | R18: 共用類
A19: 8 | B19: 川燙毛豆玉米 | C19: 251.0133 | D19: 233.45 | E19: 234.35 | F19: 2.96 | G19: 157.87 | H19: =(E19+F19)/D19 -> 1.0165346 | I19: 609.3782 | J19: 1.59 | K19: =J19/D19 -> 0.0068108803 | L19: =((E19+F19)-D19)-J19 -> 2.27 | M19: =L19/D19 -> 0.0097237096 | N19: =L19*G19 -> 358.3649 | O19: 調理端 | P19: 抓樣不穩 | R19: 共用類
A20: 9 | B20: 烤帶皮南瓜丁(114.6) | C20: 250.272 | D20: 29.41 | E20: 31.75 | F20: 0 | G20: 208.56 | H20: =(E20+F20)/D20 -> 1.0795648 | I20: 488.0304 | J20: 1.2 | K20: =J20/D20 -> 0.040802448 | L20: =((E20+F20)-D20)-J20 -> 1.14 | M20: =L20/D20 -> 0.038762326 | N20: =L20*G20 -> 237.7584 | O20: 調理端 | P20: 展開量105% | R20: 金沙豆腐細扁麵
A21: 10 | B21: 烤黑胡椒洋蔥絲 | C21: 249.3392 | D21: 87.77 | E21: 90.55 | F21: 0 | G21: 141.67 | H21: =(E21+F21)/D21 -> 1.0316737 | I21: 393.8426 | J21: 1.76 | K21: =J21/D21 -> 0.02005241 | L21: =((E21+F21)-D21)-J21 -> 1.02 | M21: =L21/D21 -> 0.011621283 | N21: =L21*G21 -> 144.5034 | O21: 調理端 | P21: 抓樣不穩 | R21: 糖燻野郎三十天熟成牛飯
A23: 超用金額前十名半成品
A24: 明細展開 | D24: 生產資訊 | O24: 類別 | P24: 分析原因 (請填寫8大原因) | Q24: 其他原因說明 | R24: 備註-商品名稱
A25: 排序 | B25: 半成品 | D25: 生產端 | J25: 組合端
B26: 名稱 | C26: 超用金額 排序 | D26: 產出量 | J26: 報廢 | M26: 超用
D27: 訂單需求 (kg) | E27: 實際產出 (kg) | F27: 補單 (kg) | G27: 單價 (元) | H27: 實際生產 (對比訂單需求) | I27: 差異 (元) | J27: kg | K27: 占比 | L27: 金額 (元) | M27: kg | N27: 占比
A28: 1 | B28: 切-鹽烤牛肉 | C28: 2245.6716 | D28: 68.75 | E28: 68.69 | F28: 3.45 | G28: 662.44 | H28: =(E28+F28)/D28 -> 1.0493091 | I28: 2245.6716 | J28: 0 | K28: =J28/D28 -> 0 | L28: =J28*G28 -> 0 | M28: =((E28+F28)-D28)-J28 -> 3.39 | N28: =M28/D28 -> 0.049309091 | O28: 組合室 | P28: 抓樣不穩 | R28: 共用類
A29: 2 | B29: 切-鹽烤熟成牛肉 | C29: 2172.1472 | D29: 28.12 | E29: 28.4 | F29: 3 | G29: 662.24 | H29: =(E29+F29)/D29 -> 1.116643 | I29: 2172.1472 | J29: 0 | K29: =J29/D29 -> 0 | L29: =J29*G29 -> 0 | M29: =((E29+F29)-D29)-J29 -> 3.28 | N29: =M29/D29 -> 0.11664296 | O29: 組合室 | P29: 抓樣不穩 | R29: 鰻牛雙饗匠食盒
A30: 3 | B30: 炙燒韓式牛五花 | C30: 1899.58 | D30: 24.01 | E30: 27.03 | F30: 0 | G30: 629 | H30: =(E30+F30)/D30 -> 1.1257809 | I30: 1899.58 | J30: 0 | K30: =J30/D30 -> 0 | L30: =J30*G30 -> 0 | M30: =((E30+F30)-D30)-J30 -> 3.02 | N30: =M30/D30 -> 0.12578092 | O30: 組合室 | P30: 抓樣不穩 | R30: 壹號醬炙烤牛飯糰
A31: 4 | B31: (V)川燙小青花菜 | C31: 1679.2277 | D31: 505.54 | E31: 506.46 | F31: 12.8 | G31: 147.43 | H31: =(E31+F31)/D31 -> 1.0271393 | I31: 2022.7396 | J31: 2.33 | K31: =J31/D31 -> 0.004608933 | L31: =J31*G31 -> 343.5119 | M31: =((E31+F31)-D31)-J31 -> 11.39 | N31: =M31/D31 -> 0.022530364 | O31: 組合室 | P31: 原物料規格 | Q31: 大顆比例高 | R31: 共用類
A32: 5 | B32: 蒸-全熟雞肉絲CL(113年) | C32: 1647.0234 | D32: 98.32 | E32: 102.18 | F32: 0 | G32: 426.69 | H32: =(E32+F32)/D32 -> 1.0392596 | I32: 1647.0234 | J32: 0 | K32: =J32/D32 -> 0 | L32: =J32*G32 -> 0 | M32: =((E32+F32)-D32)-J32 -> 3.86 | N32: =M32/D32 -> 0.039259561 | O32: 組合室 | P32: 抓樣不穩 | R32: 雞肉飯飯糰
A33: 6 | B33: 切-烤台式肉片 | C33: 1373.4366 | D33: 40.85 | E33: 41.55 | F33: 1.49 | G33: 627.14 | H33: =(E33+F33)/D33 -> 1.0536108 | I33: 1373.4366 | J33: 0 | K33: =J33/D33 -> 0 | L33: =J33*G33 -> 0 | M33: =((E33+F33)-D33)-J33 -> 2.19 | N33: =M33/D33 -> 0.053610771 | O33: 組合室 | P33: 抓樣不穩 | R33: 姨次滿足熟成牛豚雙拼
A34: 7 | B34: 炒油蔥醬 | C34: 1209.78 | D34: 159.78 | E34: 167.7 | F34: 0 | G34: 152.75 | H34: =(E34+F34)/D34 -> 1.0495682 | I34: 1209.78 | J34: 0 | K34: =J34/D34 -> 0 | L34: =J34*G34 -> 0 | M34: =((E34+F34)-D34)-J34 -> 7.92 | N34: =M34/D34 -> 0.049568156 | O34: 組合室 | P34: 抓樣不穩 | R34: 雞肉飯飯糰
A35: 8 | B35: 煮牛肉片(A7) | C35: 996.1624 | D35: 48.55 | E35: 46.83 | F35: 3.24 | G35: 655.37 | H35: =(E35+F35)/D35 -> 1.0313079 | I35: 996.1624 | J35: 0 | K35: =J35/D35 -> 0 | L35: =J35*G35 -> 0 | M35: =((E35+F35)-D35)-J35 -> 1.52 | N35: =M35/D35 -> 0.03130793 | O35: 組合室 | P35: 抓樣不穩 | R35: 越式牛肉寬粉
A36: 9 | B36: 煮中華冷麵(110年) | C36: 955.9953 | D36: 4155.93 | E36: 4142.1 | F36: 38.1 | G36: 39.39 | H36: =(E36+F36)/D36 -> 1.0058398 | I36: 955.9953 | J36: 0 | K36: =J36/D36 -> 0 | L36: =J36*G36 -> 0 | M36: =((E36+F36)-D36)-J36 -> 24.27 | N36: =M36/D36 -> 0.0058398481 | O36: 組合室 | P36: 其他原因 | Q36: 雙圈秤重範圍 | R36: 共用類
A37: 10 | B37: 拌鹽烤豬肉片(114年) | C37: 916.0032 | D37: 152.78 | E37: 156.22 | F37: 0 | G37: 266.28 | H37: =(E37+F37)/D37 -> 1.022516 | I37: 916.0032 | J37: 0 | K37: =J37/D37 -> 0 | L37: =J37*G37 -> 0 | M37: =((E37+F37)-D37)-J37 -> 3.44 | N37: =M37/D37 -> 0.022516036 | O37: 組合室 | P37: 抓樣不穩 | R37: 鹽蔥燒肉飯糰
A39: 共用類報廢金額前十名半成品
A40: 明細展開
A41: 排序 | B41: 半成品
B42: 名稱 | C42: 報廢金額 排序 | D42: 共用類總金額 占比
A44: 1 | B44: (V)川燙小青花菜 | C44: 343.5119 | D44: =C44/$L$5 -> 0.13247005
A45: 2 | B45: 消毒青蔥絲 | C45: 253.4292 | D45: =C45/$L$5 -> 0.097731054
A46: 3 | B46: 川燙毛豆玉米 | C46: 251.0133 | D46: =C46/$L$5 -> 0.096799399
A47: 4 | B47: 60切-烤豆腐蛋白丁 | C47: 242.55 | D47: =C47/$L$5 -> 0.093535658
A48: 5 | B48: 烤12切家常豆腐 | C48: 217.62 | D48: =C48/$L$5 -> 0.083921789
A49: 6 | B49: 鮮食雙色起司絲 | C49: 208 | D49: =C49/$L$5 -> 0.080211985
A50: 7 | B50: 歐姆蛋(110年) | C50: 203.184 | D50: =C50/$L$5 -> 0.078354769
A51: 8 | B51: 消毒蔥花 | C51: 162.21 | D51: =C51/$L$5 -> 0.062553779
A52: 9 | B52: 蒜炒紅k高麗菜(111年) | C52: 159.8 | D52: =C52/$L$5 -> 0.0616244
A53: 10 | B53: 消毒細切紅蘿蔔絲 | C53: 152.704 | D53: =C53/$L$5 -> 0.058887937
A54: ※炊飯類不納入半成品廢棄計算
A56: ※淺黃色為工廠自填項目

Sheet 0829分析標準表
A1: 大溪廠半成品管理分析
A2: 日期 | C2: 營業額 | D2: 報廢展開 | F2: 超用展開 | H2: 報廢展開 | J2: 超用展開 | L2: 報廢展開
A3: 45898 | C3: 5760799.9 | D3: 總報廢 | F3: 總超用 | H3: 報廢-前10名 | J3: 超用-前10名 | L3: 共用類-總報廢
D4: 金額 | E4: 占比(營業額) | F4: 金額 | G4: 占比(營業額) | H4: 金額 | I4: 占比(總報廢) | J4: 金額 | K4: 占比(總超用) | L4: 金額 | M4: 占比(總報廢)
A5: 年度KPI目標0.25% | D5: 13931.159 | E5: =D5/C3 -> 0.0024182681 | F5: 44372.037 | G5: =F5/C3 -> 0.007702409 | H5: =SUM(C12:C21) -> 4345.5272 | I5: =H5/D5 -> 0.31192863 | J5: =SUM(C28:C37) -> 13543.466 | K5: =J5/F5 -> 0.30522526 | L5: 1847.3764 | M5: =L5/D5 -> 0.13260752
A7: 報廢金額前十名半成品
A8: 明細展開 | D8: 生產資訊 | O8: 類別 | P8: 分析原因 (請填寫8大原因) | Q8: 其他原因說明 | R8: 備註-商品名稱
A9: 排序 | B9: 半成品 | D9: 生產端 | J9: 組合端
B10: 名稱 | C10: 報廢金額 排序 | D10: 產出量 | J10: 報廢 | L10: 超用
D11: 訂單需求 (kg) | E11: 實際產出 (kg) | F11: 補單 (kg) | G11: 單價 (元) | H11: 實際生產 (對比訂單需求) | I11: 差異 (元) | J11: kg | K11: 占比 | L11: kg | M11: 占比 | N11: 金額 (元)
A12: 1 | B12: 烤銀鮭魚肚 | C12: 1081.5 | D12: 3008 | E12: 3078 | F12: 0 | G12: 15.45 | H12: =(E12+F12)/D12 -> 1.0232713 | I12: 1081.5 | J12: 70 | K12: =J12/D12 -> 0.023271277 | L12: =((E12+F12)-D12)-J12 -> 0 | M12: =L12/D12 -> 0 | N12: =L12*G12 -> 0 | O12: 調理端 | P12: 研發設定 | Q12: 研發設定，小片的規格不符合指示書設定重量 | R12: 一配贅沢鮭魚肚飯糰
A13: 2 | B13: 薑炒筍尾 | C13: 734.6 | D13: 39 | E13: 43 | F13: 0 | G13: 183.65 | H13: =(E13+F13)/D13 -> 1.1025641 | I13: 734.6 | J13: 4 | K13: =J13/D13 -> 0.1025641 | L13: =((E13+F13)-D13)-J13 -> 0 | M13: =L13/D13 -> 0 | N13: =L13*G13 -> 0 | O13: 調理端 | P13: 展開量105% | R13: 經典滷肉飯
A14: 3 | B14: 川味秋木耳 | C14: 507.84 | D14: 31.5 | E14: 33.5 | F14: 0 | G14: 253.92 | H14: =(E14+F14)/D14 -> 1.0634921 | I14: 507.84 | J14: 2 | K14: =J14/D14 -> 0.063492063 | L14: =((E14+F14)-D14)-J14 -> 0 | M14: =L14/D14 -> 0 | N14: =L14*G14 -> 0 | O14: 調理端 | P14: 展開量105% | R14: 經典滷肉飯
A15: 4 | B15: 蒸鰻魚片(主食用) | C15: 312.3 | D15: 4035 | E15: 3975 | F15: 90 | G15: 10.41 | H15: =(E15+F15)/D15 -> 1.0074349 | I15: 312.3 | J15: 30 | K15: =J15/D15 -> 0.0074349442 | L15: =((E15+F15)-D15)-J15 -> 0 | M15: =L15/D15 -> 0 | N15: =L15*G15 -> 0 | O15: 調理端 | P15: 製程不穩 | R15: 鰻牛雙饗匠食盒
A16: 5 | B16: 自製鹽蔥(114年) | C16: 307.099 | D16: 16.95 | E16: 18.3 | F16: 0 | G16: 236.23 | H16: =(E16+F16)/D16 -> 1.079646 | I16: 318.9105 | J16: 1.3 | K16: =J16/D16 -> 0.076696165 | L16: =((E16+F16)-D16)-J16 -> 0.05 | M16: =L16/D16 -> 0.0029498525 | N16: =L16*G16 -> 11.8115 | O16: 調理端 | P16: 展開量105% | R16: 壹號醬雞豚雙拼
A17: 6 | B17: 炒紅K高麗菜(飯糰) | C17: 306.81 | D17: 28.82 | E17: 31.82 | F17: 0 | G17: 102.27 | H17: =(E17+F17)/D17 -> 1.1040944 | I17: 306.81 | J17: 3 | K17: =J17/D17 -> 0.10409438 | L17: =((E17+F17)-D17)-J17 -> 0 | M17: =L17/D17 -> 0 | N17: =L17*G17 -> 0 | O17: 調理端 | P17: 展開量105% | R17: 大口蒜味香腸燒肉雙拼飯糰
A18: 7 | B18: 烤黑胡椒洋蔥絲 | C18: 289.0068 | D18: 86.26 | E18: 88.86 | F18: 0 | G18: 141.67 | H18: =(E18+F18)/D18 -> 1.0301414 | I18: 368.342 | J18: 2.04 | K18: =J18/D18 -> 0.023649432 | L18: =((E18+F18)-D18)-J18 -> 0.56 | M18: =L18/D18 -> 0.0064920009 | N18: =L18*G18 -> 79.3352 | O18: 調理端 | P18: 抓樣不穩 | R18: 糖燻野郎三十天熟成牛飯
A19: 8 | B19: 切-蒸滷牛腱 | C19: 278.523 | D19: 11.78 | E19: 11.4 | F19: 0.95 | G19: 795.78 | H19: =(E19+F19)/D19 -> 1.0483871 | I19: 453.5946 | J19: 0.35 | K19: =J19/D19 -> 0.029711375 | L19: =((E19+F19)-D19)-J19 -> 0.22 | M19: =L19/D19 -> 0.018675722 | N19: =L19*G19 -> 175.0716 | O19: 調理端 | P19: 製程不穩 | R19: 一口滷魂便當
A20: 9 | B20: 切義美滷豆乾 | C20: 269.45 | D20: 10263 | E20: 10580 | F20: 0 | G20: 0.85 | H20: =(E20+F20)/D20 -> 1.0308877 | I20: 269.45 | J20: 317 | K20: =J20/D20 -> 0.030887655 | L20: =((E20+F20)-D20)-J20 -> 0 | M20: =L20/D20 -> 0 | N20: =L20*G20 -> 0 | O20: 調理端 | P20: 製程不穩 | R20: 共用類
A21: 10 | B21: 消毒青蔥絲 | C21: 258.3984 | D21: 29.46 | E21: 30.6 | F21: 0 | G21: 248.46 | H21: =(E21+F21)/D21 -> 1.0386965 | I21: 283.2444 | J21: 1.04 | K21: =J21/D21 -> 0.035302105 | L21: =((E21+F21)-D21)-J21 -> 0.1 | M21: =L21/D21 -> 0.0033944331 | N21: =L21*G21 -> 24.846 | O21: 調理端 | P21: 抓樣不穩 | R21: 共用類
A23: 超用金額前十名半成品
A24: 明細展開 | D24: 生產資訊 | O24: 類別 | P24: 分析原因 (請填寫8大原因) | Q24: 其他原因說明 | R24: 備註-商品名稱
A25: 排序 | B25: 半成品 | D25: 生產端 | J25: 組合端
B26: 名稱 | C26: 超用金額 排序 | D26: 產出量 | J26: 報廢 | M26: 超用
D27: 訂單需求 (kg) | E27: 實際產出 (kg) | F27: 補單 (kg) | G27: 單價 (元) | H27: 實際生產 (對比訂單需求) | I27: 差異 (元) | J27: kg | K27: 占比 | L27: 金額 (元) | M27: kg | N27: 占比
A28: 1 | B28: (V)川燙小青花菜 | C28: 4133.9372 | D28: 458.95 | E28: 452.91 | F28: 34.08 | G28: 147.43 | H28: =(E28+F28)/D28 -> 1.061096 | I28: 4133.9372 | J28: 0 | K28: =J28/D28 -> 0 | L28: =J28*G28 -> 0 | M28: =((E28+F28)-D28)-J28 -> 28.04 | N28: =M28/D28 -> 0.06109598 | O28: 組合室 | P28: 原物料規格 | Q28: 大顆比例高 | R28: 共用類
A29: 2 | B29: 焗飯-奶香白醬(114年) | C29: 1417.0396 | D29: 291.62 | E29: 292.62 | F29: 19.18 | G29: 70.22 | H29: =(E29+F29)/D29 -> 1.0691996 | I29: 1417.0396 | J29: 0 | K29: =J29/D29 -> 0 | L29: =J29*G29 -> 0 | M29: =((E29+F29)-D29)-J29 -> 20.18 | N29: =M29/D29 -> 0.069199643 | O29: 組合室 | P29: 其他原因 | Q29: 注餡機差異 | R29: 二配哞哞培根奶香海陸焗飯
A30: 3 | B30: 蒸-全熟雞肉絲CL(113年) | C30: 1237.401 | D30: 91.38 | E30: 94.28 | F30: 0 | G30: 426.69 | H30: =(E30+F30)/D30 -> 1.0317356 | I30: 1237.401 | J30: 0 | K30: =J30/D30 -> 0 | L30: =J30*G30 -> 0 | M30: =((E30+F30)-D30)-J30 -> 2.9 | N30: =M30/D30 -> 0.03173561 | O30: 組合室 | P30: 抓樣不穩 | R30: 雞肉飯飯糰
A31: 4 | B31: 蒸-醬香雞肉絲CL | C31: 1098.5744 | D31: 88.37 | E31: 88.29 | F31: 3.04 | G31: 371.14 | H31: =(E31+F31)/D31 -> 1.0334955 | I31: 1098.5744 | J31: 0 | K31: =J31/D31 -> 0 | L31: =J31*G31 -> 0 | M31: =((E31+F31)-D31)-J31 -> 2.96 | N31: =M31/D31 -> 0.03349553 | O31: 組合室 | P31: 抓樣不穩 | R31: 共用類
A32: 5 | B32: 切-鹽烤牛肉 | C32: 1059.904 | D32: 64.61 | E32: 64.92 | F32: 1.29 | G32: 662.44 | H32: =(E32+F32)/D32 -> 1.024764 | I32: 1059.904 | J32: 0 | K32: =J32/D32 -> 0 | L32: =J32*G32 -> 0 | M32: =((E32+F32)-D32)-J32 -> 1.6 | N32: =M32/D32 -> 0.024763968 | O32: 組合室 | P32: 抓樣不穩 | R32: 共用類
A33: 6 | B33: 炙燒韓式牛五花 | C33: 1000.11 | D33: 22.87 | E33: 24.46 | F33: 0 | G33: 629 | H33: =(E33+F33)/D33 -> 1.0695234 | I33: 1000.11 | J33: 0 | K33: =J33/D33 -> 0 | L33: =J33*G33 -> 0 | M33: =((E33+F33)-D33)-J33 -> 1.59 | N33: =M33/D33 -> 0.069523393 | O33: 組合室 | P33: 抓樣不穩 | R33: 壹號醬炙烤牛飯糰
A34: 7 | B34: 消毒細切紅蘿蔔絲 | C34: 983.032 | D34: 259.22 | E34: 258.32 | F34: 11.2 | G34: 95.44 | H34: =(E34+F34)/D34 -> 1.0397346 | I34: 983.032 | J34: 0 | K34: =J34/D34 -> 0 | L34: =J34*G34 -> 0 | M34: =((E34+F34)-D34)-J34 -> 10.3 | N34: =M34/D34 -> 0.039734588 | O34: 組合室 | P34: 抓樣不穩 | R34: 共用類
A35: 8 | B35: 切-鹽烤熟成牛肉 | C35: 880.7792 | D35: 26.9 | E35: 26.83 | F35: 1.4 | G35: 662.24 | H35: =(E35+F35)/D35 -> 1.0494424 | I35: 880.7792 | J35: 0 | K35: =J35/D35 -> 0 | L35: =J35*G35 -> 0 | M35: =((E35+F35)-D35)-J35 -> 1.33 | N35: =M35/D35 -> 0.049442379 | O35: 組合室 | P35: 抓樣不穩 | R35: 鰻牛雙饗匠食盒
A36: 9 | B36: 越式湯凍(114年) | C36: 868.689 | D36: 477.11 | E36: 467.71 | F36: 35.7 | G36: 33.03 | H36: =(E36+F36)/D36 -> 1.0551236 | I36: 868.689 | J36: 0 | K36: =J36/D36 -> 0 | L36: =J36*G36 -> 0 | M36: =((E36+F36)-D36)-J36 -> 26.3 | N36: =M36/D36 -> 0.055123556 | O36: 組合室 | P36: 其他原因 | Q36: 注餡機差異 | R36: 越式牛肉寬粉
A37: 10 | B37: 鮮食雙色起司絲 | C37: 864 | D37: 91.64 | E37: 97 | F37: 0 | G37: 200 | H37: =(E37+F37)/D37 -> 1.0584897 | I37: 1072 | J37: 1.04 | K37: =J37/D37 -> 0.011348756 | L37: =J37*G37 -> 208 | M37: =((E37+F37)-D37)-J37 -> 4.32 | N37: =M37/D37 -> 0.047140986 | O37: 組合室 | P37: 抓樣不穩 | R37: 共用類
A39: 共用類報廢金額前十名半成品
A40: 明細展開
A41: 排序 | B41: 半成品
B42: 名稱 | C42: 報廢金額 排序 | D42: 共用類總金額 占比
A44: 1 | B44: 切義美滷豆乾 | C44: 269.45 | D44: =C44/$L$5 -> 0.1458555
A45: 2 | B45: 消毒青蔥絲 | C45: 258.3984 | D45: =C45/$L$5 -> 0.13987317
A46: 3 | B46: 鮮食雙色起司絲 | C46: 208 | D46: =C46/$L$5 -> 0.11259211
A47: 4 | B47: 60切-烤豆腐蛋白丁 | C47: 200.9 | D47: =C47/$L$5 -> 0.10874882
A48: 5 | B48: 烤12切家常豆腐 | C48: 196.56 | D48: =C48/$L$5 -> 0.10639954
A49: 6 | B49: 消毒蔥花 | C49: 162.21 | D49: =C49/$L$5 -> 0.087805604
A50: 7 | B50: 蒜炒紅k高麗菜(111年) | C50: 159.8 | D50: =C50/$L$5 -> 0.086501051
A51: 8 | B51: 川燙毛豆玉米 | C51: 112.0877 | D51: =C51/$L$5 -> 0.060673992
A52: 9 | B52: 日式烤洋蔥絲(114年) | C52: 101.655 | D52: =C52/$L$5 -> 0.055026685
A53: 10 | B53: 歐姆蛋(110年) | C53: 76.194 | D53: =C53/$L$5 -> 0.041244437
A54: ※炊飯類不納入半成品廢棄計算
A56: ※淺黃色為工廠自填項目

Sheet 0828分析標準表
A1: 大溪廠半成品管理分析
A2: 日期 | C2: 營業額 | D2: 報廢展開 | F2: 超用展開 | H2: 報廢展開 | J2: 超用展開 | L2: 報廢展開
A3: 45897 | C3: 6765305.7 | D3: 總報廢 | F3: 總超用 | H3: 報廢-前10名 | J3: 超用-前10名 | L3: 共用類-總報廢
D4: 金額 | E4: 占比(營業額) | F4: 金額 | G4: 占比(營業額) | H4: 金額 | I4: 占比(總報廢) | J4: 金額 | K4: 占比(總超用) | L4: 金額 | M4: 占比(總報廢)
A5: 年度KPI目標0.25% | D5: 16316.671 | E5: =D5/C3 -> 0.0024118158 | F5: 52026.534 | G5: =F5/C3 -> 0.0076901971 | H5: =SUM(C12:C21) -> 4258.0322 | I5: =H5/D5 -> 0.26096207 | J5: =SUM(C28:C37) -> 15396.414 | K5: =J5/F5 -> 0.29593387 | L5: 2340.916 | M5: =L5/D5 -> 0.14346775
A7: 報廢金額前十名半成品
A8: 明細展開 | D8: 生產資訊 | O8: 類別 | P8: 分析原因 (請填寫8大原因) | Q8: 其他原因說明 | R8: 備註-商品名稱
A9: 排序 | B9: 半成品 | D9: 生產端 | J9: 組合端
B10: 名稱 | C10: 報廢金額 排序 | D10: 產出量 | J10: 報廢 | L10: 超用
D11: 訂單需求 (kg) | E11: 實際產出 (kg) | F11: 補單 (kg) | G11: 單價 (元) | H11: 實際生產 (對比訂單需求) | I11: 差異 (元) | J11: kg | K11: 占比 | L11: kg | M11: 占比 | N11: 金額 (元)
A12: 1 | B12: 奶油蕈菇起司醬(113年) | C12: 689.164 | D12: 125.85 | E12: 131.89 | F12: 0 | G12: 114.1 | H12: =(E12+F12)/D12 -> 1.0479936 | I12: 689.164 | J12: 6.04 | K12: =J12/D12 -> 0.047993643 | L12: =((E12+F12)-D12)-J12 -> -7.9936058e-15 | M12: =L12/D12 -> -6.3516931e-17 | N12: =L12*G12 -> -9.1207042e-13 | O12: 調理端 | P12: 抓樣不穩 | R12: 大口法式蕈菇起司雞排飯糰(113年)
A13: 2 | B13: 烤銀鮭魚肚 | C13: 494.4 | D13: 3978 | E13: 4010 | F13: 0 | G13: 15.45 | H13: =(E13+F13)/D13 -> 1.0080442 | I13: 494.4 | J13: 32 | K13: =J13/D13 -> 0.0080442433 | L13: =((E13+F13)-D13)-J13 -> 0 | M13: =L13/D13 -> 0 | N13: =L13*G13 -> 0 | O13: 調理端 | P13: 研發設定 | Q13: 研發設定，小片的規格不符合指示書設定重量 | R13: 一配贅沢鮭魚肚飯糰
A14: 3 | B14: 烤黑胡椒洋蔥絲 | C14: 449.0939 | D14: 105.38 | E14: 119.78 | F14: 0 | G14: 141.67 | H14: =(E14+F14)/D14 -> 1.1366483 | I14: 2040.048 | J14: 3.17 | K14: =J14/D14 -> 0.030081609 | L14: =((E14+F14)-D14)-J14 -> 11.23 | M14: =L14/D14 -> 0.10656671 | N14: =L14*G14 -> 1590.9541 | O14: 調理端 | P14: 展開量105% | R14: 糖燻野郎三十天熟成牛飯
A15: 4 | B15: 蒸鰻魚片(主食用) | C15: 447.63 | D15: 4383 | E15: 4426 | F15: 0 | G15: 10.41 | H15: =(E15+F15)/D15 -> 1.0098106 | I15: 447.63 | J15: 43 | K15: =J15/D15 -> 0.009810632 | L15: =((E15+F15)-D15)-J15 -> 0 | M15: =L15/D15 -> 0 | N15: =L15*G15 -> 0 | O15: 調理端 | P15: 製程不穩 | R15: 鰻牛雙饗匠食盒
A16: 5 | B16: 炸蝦仁 | C16: 420.75 | D16: 2280 | E16: 2355 | F16: 0 | G16: 5.61 | H16: =(E16+F16)/D16 -> 1.0328947 | I16: 420.75 | J16: 75 | K16: =J16/D16 -> 0.032894737 | L16: =((E16+F16)-D16)-J16 -> 0 | M16: =L16/D16 -> 0 | N16: =L16*G16 -> 0 | O16: 調理端 | P16: 製程不穩 | R16: 一配海老天婦羅飯糰
A17: 6 | B17: 切義美滷豆乾 | C17: 417.35 | D17: 10779 | E17: 11270 | F17: 0 | G17: 0.85 | H17: =(E17+F17)/D17 -> 1.0455515 | I17: 417.35 | J17: 491 | K17: =J17/D17 -> 0.045551535 | L17: =((E17+F17)-D17)-J17 -> 0 | M17: =L17/D17 -> 0 | N17: =L17*G17 -> 0 | O17: 調理端 | P17: 製程不穩 | R17: 共用類
A18: 7 | B18: 炒辣醬蔬菜 | C18: 381.3783 | D18: 14.57 | E18: 17.61 | F18: 0 | G18: 140.73 | H18: =(E18+F18)/D18 -> 1.2086479 | I18: 427.8192 | J18: 2.71 | K18: =J18/D18 -> 0.18599863 | L18: =((E18+F18)-D18)-J18 -> 0.33 | M18: =L18/D18 -> 0.022649279 | N18: =L18*G18 -> 46.4409 | O18: 調理端 | P18: 展開量105% | R18: 二配大飯糰春川風味辣炒雞
A19: 8 | B19: 滷甜不辣條 | C19: 357.4518 | D19: 1736 | E19: 1899.22 | F19: 0 | G19: 2.19 | H19: =(E19+F19)/D19 -> 1.0940207 | I19: 357.4518 | J19: 163.22 | K19: =J19/D19 -> 0.094020737 | L19: =((E19+F19)-D19)-J19 -> 0 | M19: =L19/D19 -> 0 | N19: =L19*G19 -> 0 | O19: 調理端 | P19: 製程不穩 | R19: 一口滷魂便當
A20: 9 | B20: 滷米血糕麻丁 | C20: 304.779 | D20: 1736 | E20: 1908.45 | F20: 0 | G20: 1.9 | H20: =(E20+F20)/D20 -> 1.0993376 | I20: 327.655 | J20: 160.41 | K20: =J20/D20 -> 0.092402074 | L20: =((E20+F20)-D20)-J20 -> 12.04 | M20: =L20/D20 -> 0.0069354839 | N20: =L20*G20 -> 22.876 | O20: 調理端 | P20: 製程不穩 | R20: 一口滷魂便當
A21: 10 | B21: 消毒洋蔥絲 | C21: 296.0352 | D21: 25.45 | E21: 29.47 | F21: 0 | G21: 97.38 | H21: =(E21+F21)/D21 -> 1.1579568 | I21: 391.4676 | J21: 3.04 | K21: =J21/D21 -> 0.1194499 | L21: =((E21+F21)-D21)-J21 -> 0.98 | M21: =L21/D21 -> 0.038506876 | N21: =L21*G21 -> 95.4324 | O21: 調理端 | P21: 展開量105% | R21: 越式牛肉寬粉
A23: 超用金額前十名半成品
A24: 明細展開 | D24: 生產資訊 | O24: 類別 | P24: 分析原因 (請填寫8大原因) | Q24: 其他原因說明 | R24: 備註-商品名稱
A25: 排序 | B25: 半成品 | D25: 生產端 | J25: 組合端
B26: 名稱 | C26: 超用金額 排序 | D26: 產出量 | J26: 報廢 | M26: 超用
D27: 訂單需求 (kg) | E27: 實際產出 (kg) | F27: 補單 (kg) | G27: 單價 (元) | H27: 實際生產 (對比訂單需求) | I27: 差異 (元) | J27: kg | K27: 占比 | L27: 金額 (元) | M27: kg | N27: 占比
A28: 1 | B28: (V)川燙小青花菜 | C28: 2836.5532 | D28: 628.19 | E28: 621.27 | F28: 26.16 | G28: 147.43 | H28: =(E28+F28)/D28 -> 1.0306277 | I28: 2836.5532 | J28: 0 | K28: =J28/D28 -> 0 | L28: =J28*G28 -> 0 | M28: =((E28+F28)-D28)-J28 -> 19.24 | N28: =M28/D28 -> 0.030627676 | O28: 組合室 | P28: 原物料規格 | Q28: 大顆比例高 | R28: 共用類
A29: 2 | B29: 切烤雞胸肉(111年) | C29: 1802.2108 | D29: 192.4 | E29: 189.82 | F29: 7 | G29: 407.74 | H29: =(E29+F29)/D29 -> 1.022973 | I29: 1802.2108 | J29: 0 | K29: =J29/D29 -> 0 | L29: =J29*G29 -> 0 | M29: =((E29+F29)-D29)-J29 -> 4.42 | N29: =M29/D29 -> 0.022972973 | O29: 組合室 | P29: 其他原因 | Q29: 雙圈秤重範圍 | R29: 健身G肉餐盒(113年)
A30: 3 | B30: 煮中華冷麵(110年) | C30: 1676.0445 | D30: 4649.25 | E30: 4634.8 | F30: 57 | G30: 39.39 | H30: =(E30+F30)/D30 -> 1.009152 | I30: 1676.0445 | J30: 0 | K30: =J30/D30 -> 0 | L30: =J30*G30 -> 0 | M30: =((E30+F30)-D30)-J30 -> 42.55 | N30: =M30/D30 -> 0.0091520138 | O30: 組合室 | P30: 其他原因 | Q30: 雙圈秤重範圍 | R30: 共用類
A31: 4 | B31: 炙燒韓式牛五花 | C31: 1641.69 | D31: 25.97 | E31: 28.58 | F31: 0 | G31: 629 | H31: =(E31+F31)/D31 -> 1.1005006 | I31: 1641.69 | J31: 0 | K31: =J31/D31 -> 0 | L31: =J31*G31 -> 0 | M31: =((E31+F31)-D31)-J31 -> 2.61 | N31: =M31/D31 -> 0.10050058 | O31: 組合室 | P31: 抓樣不穩 | R31: 壹號醬炙烤牛飯糰
A32: 5 | B32: 烤黑胡椒洋蔥絲 | C32: 1590.9541 | D32: 105.38 | E32: 119.78 | F32: 0 | G32: 141.67 | H32: =(E32+F32)/D32 -> 1.1366483 | I32: 2040.048 | J32: 3.17 | K32: =J32/D32 -> 0.030081609 | L32: =J32*G32 -> 449.0939 | M32: =((E32+F32)-D32)-J32 -> 11.23 | N32: =M32/D32 -> 0.10656671 | O32: 組合室 | P32: 抓樣不穩 | R32: 糖燻野郎三十天熟成牛飯
A33: 6 | B33: 切-鹽烤熟成牛肉 | C33: 1390.704 | D33: 29.22 | E33: 29.32 | F33: 2 | G33: 662.24 | H33: =(E33+F33)/D33 -> 1.0718686 | I33: 1390.704 | J33: 0 | K33: =J33/D33 -> 0 | L33: =J33*G33 -> 0 | M33: =((E33+F33)-D33)-J33 -> 2.1 | N33: =M33/D33 -> 0.071868583 | O33: 組合室 | P33: 抓樣不穩 | R33: 鰻牛雙饗匠食盒
A34: 7 | B34: 烤BBQ雞丁(112年) | C34: 1273.4364 | D34: 90.28 | E34: 91.71 | F34: 2.05 | G34: 365.93 | H34: =(E34+F34)/D34 -> 1.0385467 | I34: 1273.4364 | J34: 0 | K34: =J34/D34 -> 0 | L34: =J34*G34 -> 0 | M34: =((E34+F34)-D34)-J34 -> 3.48 | N34: =M34/D34 -> 0.038546743 | O34: 組合室 | P34: 抓樣不穩 | R34: 美式雞丁餐盒(113年)
A35: 8 | B35: 炒油蔥醬 | C35: 1214.3625 | D35: 177.45 | E35: 185.4 | F35: 0 | G35: 152.75 | H35: =(E35+F35)/D35 -> 1.0448014 | I35: 1214.3625 | J35: 0 | K35: =J35/D35 -> 0 | L35: =J35*G35 -> 0 | M35: =((E35+F35)-D35)-J35 -> 7.95 | N35: =M35/D35 -> 0.044801352 | O35: 組合室 | P35: 抓樣不穩 | R35: 雞肉飯飯糰
A36: 9 | B36: 蒸-全熟雞肉絲CL(113年) | C36: 1015.5222 | D36: 109.2 | E36: 111.58 | F36: 0 | G36: 426.69 | H36: =(E36+F36)/D36 -> 1.0217949 | I36: 1015.5222 | J36: 0 | K36: =J36/D36 -> 0 | L36: =J36*G36 -> 0 | M36: =((E36+F36)-D36)-J36 -> 2.38 | N36: =M36/D36 -> 0.021794872 | O36: 組合室 | P36: 抓樣不穩 | R36: 雞肉飯飯糰
A37: 10 | B37: 切-蒸滷牛腱 | C37: 954.936 | D37: 13.02 | E37: 13.32 | F37: 0.9 | G37: 795.78 | H37: =(E37+F37)/D37 -> 1.0921659 | I37: 954.936 | J37: 0 | K37: =J37/D37 -> 0 | L37: =J37*G37 -> 0 | M37: =((E37+F37)-D37)-J37 -> 1.2 | N37: =M37/D37 -> 0.092165899 | O37: 組合室 | P37: 抓樣不穩 | R37: 一口滷魂便當
A39: 共用類報廢金額前十名半成品
A40: 明細展開
A41: 排序 | B41: 半成品
B42: 名稱 | C42: 報廢金額 排序 | D42: 共用類總金額 占比
A44: 1 | B44: 切義美滷豆乾 | C44: 417.35 | D44: =C44/$L$5 -> 0.17828491
A45: 2 | B45: 60切-烤豆腐蛋白丁 | C45: 294 | D45: =C45/$L$5 -> 0.12559186
A46: 3 | B46: 川燙毛豆玉米 | C46: 269.9577 | D46: =C46/$L$5 -> 0.1153214
A47: 4 | B47: 烤12切家常豆腐 | C47: 266.76 | D47: =C47/$L$5 -> 0.11395539
A48: 5 | B48: 消毒青蔥絲 | C48: 178.8912 | D48: =C48/$L$5 -> 0.076419316
A49: 6 | B49: 消毒蔥花 | C49: 162.21 | D49: =C49/$L$5 -> 0.069293388
A50: 7 | B50: 蒜炒紅k高麗菜(111年) | C50: 159.8 | D50: =C50/$L$5 -> 0.068263876
A51: 8 | B51: 鮮食雙色起司絲 | C51: 148 | D51: =C51/$L$5 -> 0.063223114
A52: 9 | B52: 消毒細切紅蘿蔔絲 | C52: 116.4368 | D52: =C52/$L$5 -> 0.049739845
A53: 10 | B53: 日式烤洋蔥絲(114年) | C53: 101.655 | D53: =C53/$L$5 -> 0.043425309
A54: ※炊飯類不納入半成品廢棄計算
A56: ※淺黃色為工廠自填項目

Sheet 0827分析標準表
A1: 大溪廠半成品管理分析
A2: 日期 | C2: 營業額 | D2: 報廢展開 | F2: 超用展開 | H2: 報廢展開 | J2: 超用展開 | L2: 報廢展開
A3: 45896 | C3: 7268105.9 | D3: 總報廢 | F3: 總超用 | H3: 報廢-前10名 | J3: 超用-前10名 | L3: 共用類-總報廢
D4: 金額 | E4: 占比(營業額) | F4: 金額 | G4: 占比(營業額) | H4: 金額 | I4: 占比(總報廢) | J4: 金額 | K4: 占比(總超用) | L4: 金額 | M4: 占比(總報廢)
A5: 年度KPI目標0.25% | D5: 17530.725 | E5: =D5/C3 -> 0.0024120074 | F5: 56275.879 | G5: =F5/C3 -> 0.0077428535 | H5: =SUM(C12:C21) -> 4957.1863 | I5: =H5/D5 -> 0.28277132 | J5: =SUM(C28:C37) -> 16268.267 | K5: =J5/F5 -> 0.28908064 | L5: 2589.0621 | M5: =L5/D5 -> 0.14768711
A7: 報廢金額前十名半成品
A8: 明細展開 | D8: 生產資訊 | O8: 類別 | P8: 分析原因 (請填寫8大原因) | Q8: 其他原因說明 | R8: 備註-商品名稱
A9: 排序 | B9: 半成品 | D9: 生產端 | J9: 組合端
B10: 名稱 | C10: 報廢金額 排序 | D10: 產出量 | J10: 報廢 | L10: 超用
D11: 訂單需求 (kg) | E11: 實際產出 (kg) | F11: 補單 (kg) | G11: 單價 (元) | H11: 實際生產 (對比訂單需求) | I11: 差異 (元) | J11: kg | K11: 占比 | L11: kg | M11: 占比 | N11: 金額 (元)
A12: 1 | B12: 烤銀鮭魚肚 | C12: 1761.3 | D12: 4043 | E12: 4157 | F12: 0 | G12: 15.45 | H12: =(E12+F12)/D12 -> 1.0281969 | I12: 1761.3 | J12: 114 | K12: =J12/D12 -> 0.028196884 | L12: =((E12+F12)-D12)-J12 -> 0 | M12: =L12/D12 -> 0 | N12: =L12*G12 -> 0 | O12: 調理端 | P12: 研發設定 | Q12: 研發設定，小片的規格不符合指示書設定重量 | R12: 一配贅沢鮭魚肚飯糰
A13: 2 | B13: 滷米血糕麻丁 | C13: 566.2 | D13: 2034 | E13: 2332 | F13: 0 | G13: 1.9 | H13: =(E13+F13)/D13 -> 1.1465093 | I13: 566.2 | J13: 298 | K13: =J13/D13 -> 0.14650934 | L13: =((E13+F13)-D13)-J13 -> 0 | M13: =L13/D13 -> 0 | N13: =L13*G13 -> 0 | O13: 調理端 | P13: 製程不穩 | R13: 一口滷魂便當
A14: 3 | B14: 炒油蔥醬 | C14: 447.5575 | D14: 187.81 | E14: 199.27 | F14: 0 | G14: 152.75 | H14: =(E14+F14)/D14 -> 1.0610191 | I14: 1750.515 | J14: 2.93 | K14: =J14/D14 -> 0.015600873 | L14: =((E14+F14)-D14)-J14 -> 8.53 | M14: =L14/D14 -> 0.045418242 | N14: =L14*G14 -> 1302.9575 | O14: 調理端 | P14: 展開量105% | R14: 雞肉飯飯糰
A15: 4 | B15: 烤黑胡椒洋蔥絲 | C15: 351.3416 | D15: 115.94 | E15: 119.77 | F15: 0 | G15: 141.67 | H15: =(E15+F15)/D15 -> 1.0330343 | I15: 542.5961 | J15: 2.48 | K15: =J15/D15 -> 0.021390374 | L15: =((E15+F15)-D15)-J15 -> 1.35 | M15: =L15/D15 -> 0.011643954 | N15: =L15*G15 -> 191.2545 | O15: 調理端 | P15: 抓樣不穩 | R15: 糖燻野郎三十天熟成牛飯
A16: 5 | B16: 蒸鰻魚片(主食用) | C16: 322.71 | D16: 4221 | E16: 4252 | F16: 0 | G16: 10.41 | H16: =(E16+F16)/D16 -> 1.0073442 | I16: 322.71 | J16: 31 | K16: =J16/D16 -> 0.0073442312 | L16: =((E16+F16)-D16)-J16 -> 0 | M16: =L16/D16 -> 0 | N16: =L16*G16 -> 0 | O16: 調理端 | P16: 製程不穩 | R16: 鰻牛雙饗匠食盒
A17: 6 | B17: 消毒青蔥絲 | C17: 318.0288 | D17: 35.64 | E17: 37.5 | F17: 0 | G17: 248.46 | H17: =(E17+F17)/D17 -> 1.0521886 | I17: 462.1356 | J17: 1.28 | K17: =J17/D17 -> 0.035914703 | L17: =((E17+F17)-D17)-J17 -> 0.58 | M17: =L17/D17 -> 0.01627385 | N17: =L17*G17 -> 144.1068 | O17: 調理端 | P17: 展開量105% | R17: 共用類
A18: 7 | B18: 熟化去皮馬鈴薯滾刀17-23g | C18: 298.56 | D18: 128.2 | E18: 126.21 | F18: 5.1 | G18: 96 | H18: =(E18+F18)/D18 -> 1.024259 | I18: 298.56 | J18: 3.11 | K18: =J18/D18 -> 0.02425897 | L18: =((E18+F18)-D18)-J18 -> 1.3766766e-14 | M18: =L18/D18 -> 1.0738507e-16 | N18: =L18*G18 -> 1.3216095e-12 | O18: 調理端 | P18: 抓樣不穩 | R18: 嫩烤香料雞胸排蔬滿盒
A19: 8 | B19: 自製鹽蔥(114年) | C19: 297.6498 | D19: 21.36 | E19: 22.62 | F19: 0 | G19: 236.23 | H19: =(E19+F19)/D19 -> 1.0589888 | I19: 297.6498 | J19: 1.26 | K19: =J19/D19 -> 0.058988764 | L19: =((E19+F19)-D19)-J19 -> 0 | M19: =L19/D19 -> 0 | N19: =L19*G19 -> 0 | O19: 調理端 | P19: 展開量105% | R19: 壹號醬雞豚雙拼
A20: 9 | B20: 洋蔥壹號醬 | C20: 297.1886 | D20: 47.77 | E20: 51.1 | F20: 0 | G20: 153.19 | H20: =(E20+F20)/D20 -> 1.069709 | I20: 510.1227 | J20: 1.94 | K20: =J20/D20 -> 0.040611262 | L20: =((E20+F20)-D20)-J20 -> 1.39 | M20: =L20/D20 -> 0.02909776 | N20: =L20*G20 -> 212.9341 | O20: 調理端 | P20: 展開量105% | R20: 壹號醬炙烤牛飯糰
A21: 10 | B21: 切義美滷豆乾 | C21: 296.65 | D21: 11496 | E21: 11845 | F21: 0 | G21: 0.85 | H21: =(E21+F21)/D21 -> 1.0303584 | I21: 296.65 | J21: 349 | K21: =J21/D21 -> 0.030358386 | L21: =((E21+F21)-D21)-J21 -> 0 | M21: =L21/D21 -> 0 | N21: =L21*G21 -> 0 | O21: 調理端 | P21: 製程不穩 | R21: 共用類
A23: 超用金額前十名半成品
A24: 明細展開 | D24: 生產資訊 | O24: 類別 | P24: 分析原因 (請填寫8大原因) | Q24: 其他原因說明 | R24: 備註-商品名稱
A25: 排序 | B25: 半成品 | D25: 生產端 | J25: 組合端
B26: 名稱 | C26: 超用金額 排序 | D26: 產出量 | J26: 報廢 | M26: 超用
D27: 訂單需求 (kg) | E27: 實際產出 (kg) | F27: 補單 (kg) | G27: 單價 (元) | H27: 實際生產 (對比訂單需求) | I27: 差異 (元) | J27: kg | K27: 占比 | L27: 金額 (元) | M27: kg | N27: 占比
A28: 1 | B28: (V)川燙小青花菜 | C28: 2339.7141 | D28: 707.73 | E28: 707.4 | F28: 16.2 | G28: 147.43 | H28: =(E28+F28)/D28 -> 1.0224238 | I28: 2339.7141 | J28: 0 | K28: =J28/D28 -> 0 | L28: =J28*G28 -> 0 | M28: =((E28+F28)-D28)-J28 -> 15.87 | N28: =M28/D28 -> 0.022423806 | O28: 組合室 | P28: 原物料規格 | Q28: 大顆比例高 | R28: 共用類
A29: 2 | B29: 烤BBQ雞丁(112年) | C29: 2063.8452 | D29: 101.97 | E29: 102.28 | F29: 5.33 | G29: 365.93 | H29: =(E29+F29)/D29 -> 1.0553104 | I29: 2063.8452 | J29: 0 | K29: =J29/D29 -> 0 | L29: =J29*G29 -> 0 | M29: =((E29+F29)-D29)-J29 -> 5.64 | N29: =M29/D29 -> 0.055310385 | O29: 組合室 | P29: 抓樣不穩 | R29: 美式雞丁餐盒(113年)
A30: 3 | B30: 蒸-醬香雞肉絲CL | C30: 1926.2166 | D30: 106.93 | E30: 100.99 | F30: 11.13 | G30: 371.14 | H30: =(E30+F30)/D30 -> 1.0485364 | I30: 1926.2166 | J30: 0 | K30: =J30/D30 -> 0 | L30: =J30*G30 -> 0 | M30: =((E30+F30)-D30)-J30 -> 5.19 | N30: =M30/D30 -> 0.048536426 | O30: 組合室 | P30: 抓樣不穩 | R30: 共用類
A31: 4 | B31: 日式牛培根 | C31: 1600.4772 | D31: 29.9 | E31: 28.52 | F31: 3.96 | G31: 620.34 | H31: =(E31+F31)/D31 -> 1.0862876 | I31: 1600.4772 | J31: 0 | K31: =J31/D31 -> 0 | L31: =J31*G31 -> 0 | M31: =((E31+F31)-D31)-J31 -> 2.58 | N31: =M31/D31 -> 0.086287625 | O31: 組合室 | P31: 抓樣不穩 | R31: 柚見極炙烤牛
A32: 5 | B32: 切-烤牛五花(112年) | C32: 1496.2766 | D32: 207.73 | E32: 207.19 | F32: 3.01 | G32: 605.78 | H32: =(E32+F32)/D32 -> 1.0118904 | I32: 1496.2766 | J32: 0 | K32: =J32/D32 -> 0 | L32: =J32*G32 -> 0 | M32: =((E32+F32)-D32)-J32 -> 2.47 | N32: =M32/D32 -> 0.011890435 | O32: 組合室 | P32: 其他原因 | Q32: 雙圈秤重範圍 | R32: 糖燻野郎三十天熟成牛飯
A33: 6 | B33: 煮中華冷麵(110年) | C33: 1468.8531 | D33: 5009.31 | E33: 4981.8 | F33: 64.8 | G33: 39.39 | H33: =(E33+F33)/D33 -> 1.0074441 | I33: 1468.8531 | J33: 0 | K33: =J33/D33 -> 0 | L33: =J33*G33 -> 0 | M33: =((E33+F33)-D33)-J33 -> 37.29 | N33: =M33/D33 -> 0.007444139 | O33: 組合室 | P33: 其他原因 | Q33: 雙圈秤重範圍 | R33: 共用類
A34: 7 | B34: 蒸-全熟雞肉絲CL(113年) | C34: 1442.2122 | D34: 115.57 | E34: 118.95 | F34: 0 | G34: 426.69 | H34: =(E34+F34)/D34 -> 1.0292463 | I34: 1442.2122 | J34: 0 | K34: =J34/D34 -> 0 | L34: =J34*G34 -> 0 | M34: =((E34+F34)-D34)-J34 -> 3.38 | N34: =M34/D34 -> 0.029246344 | O34: 組合室 | P34: 抓樣不穩 | R34: 雞肉飯飯糰
A35: 8 | B35: 切-鹽烤熟成牛肉 | C35: 1337.7248 | D35: 28.14 | E35: 28.16 | F35: 2 | G35: 662.24 | H35: =(E35+F35)/D35 -> 1.0717839 | I35: 1337.7248 | J35: 0 | K35: =J35/D35 -> 0 | L35: =J35*G35 -> 0 | M35: =((E35+F35)-D35)-J35 -> 2.02 | N35: =M35/D35 -> 0.071783937 | O35: 組合室 | P35: 抓樣不穩 | R35: 鰻牛雙饗匠食盒
A36: 9 | B36: 炒油蔥醬 | C36: 1302.9575 | D36: 187.81 | E36: 199.27 | F36: 0 | G36: 152.75 | H36: =(E36+F36)/D36 -> 1.0610191 | I36: 1750.515 | J36: 2.93 | K36: =J36/D36 -> 0.015600873 | L36: =J36*G36 -> 447.5575 | M36: =((E36+F36)-D36)-J36 -> 8.53 | N36: =M36/D36 -> 0.045418242 | O36: 組合室 | P36: 抓樣不穩 | R36: 雞肉飯飯糰
A37: 10 | B37: 三杯海瓜子 | C37: 1289.9898 | D37: 34.93 | E37: 35.31 | F37: 2.05 | G37: 530.86 | H37: =(E37+F37)/D37 -> 1.0695677 | I37: 1289.9898 | J37: 0 | K37: =J37/D37 -> 0 | L37: =J37*G37 -> 0 | M37: =((E37+F37)-D37)-J37 -> 2.43 | N37: =M37/D37 -> 0.069567707 | O37: 組合室 | P37: 抓樣不穩 | R37: 二配三杯海瓜子好下飯
A39: 共用類報廢金額前十名半成品
A40: 明細展開
A41: 排序 | B41: 半成品
B42: 名稱 | C42: 報廢金額 排序 | D42: 共用類總金額 占比
A44: 1 | B44: 消毒青蔥絲 | C44: 318.0288 | D44: =C44/$L$5 -> 0.12283552
A45: 2 | B45: 切義美滷豆乾 | C45: 296.65 | D45: =C45/$L$5 -> 0.11457817
A46: 3 | B46: 60切-烤豆腐蛋白丁 | C46: 296.45 | D46: =C46/$L$5 -> 0.11450092
A47: 4 | B47: 烤12切家常豆腐 | C47: 294.84 | D47: =C47/$L$5 -> 0.11387908
A48: 5 | B48: 烤大口蛋皮(111年) | C48: 230.65 | D48: =C48/$L$5 -> 0.089086314
A49: 6 | B49: 歐姆蛋(110年) | C49: 228.582 | D49: =C49/$L$5 -> 0.088287569
A50: 7 | B50: 消毒蔥花 | C50: 162.21 | D50: =C50/$L$5 -> 0.062652031
A51: 8 | B51: 鮮食雙色起司絲 | C51: 160 | D51: =C51/$L$5 -> 0.06179844
A52: 9 | B52: 蒜炒紅k高麗菜(111年) | C52: 134.232 | D52: =C52/$L$5 -> 0.051845802
A53: 10 | B53: 切-鹽烤牛肉 | C53: 99.366 | D53: =C53/$L$5 -> 0.038379149
A54: ※炊飯類不納入半成品廢棄計算
A56: ※淺黃色為工廠自填項目

Sheet 0826分析標準表
A1: 大溪廠半成品管理分析
A2: 日期 | C2: 營業額 | D2: 報廢展開 | F2: 超用展開 | H2: 報廢展開 | J2: 超用展開 | L2: 報廢展開
A3: 45895 | C3: 7423824.2 | D3: 總報廢 | F3: 總超用 | H3: 報廢-前10名 | J3: 超用-前10名 | L3: 共用類-總報廢
D4: 金額 | E4: 占比(營業額) | F4: 金額 | G4: 占比(營業額) | H4: 金額 | I4: 占比(總報廢) | J4: 金額 | K4: 占比(總超用) | L4: 金額 | M4: 占比(總報廢)
A5: 年度KPI目標0.25% | D5: 17888.274 | E5: =D5/C3 -> 0.0024095768 | F5: 58011.729 | G5: =F5/C3 -> 0.0078142649 | H5: =SUM(C12:C21) -> 2865.4103 | I5: =H5/D5 -> 0.16018372 | J5: =SUM(C28:C37) -> 20404.953 | K5: =J5/F5 -> 0.35173841 | L5: 2550.2186 | M5: =L5/D5 -> 0.1425637
A7: 報廢金額前十名半成品
A8: 明細展開 | D8: 生產資訊 | O8: 類別 | P8: 分析原因 (請填寫8大原因) | Q8: 其他原因說明 | R8: 備註-商品名稱
A9: 排序 | B9: 半成品 | D9: 生產端 | J9: 組合端
B10: 名稱 | C10: 報廢金額 排序 | D10: 產出量 | J10: 報廢 | L10: 超用
D11: 訂單需求 (kg) | E11: 實際產出 (kg) | F11: 補單 (kg) | G11: 單價 (元) | H11: 實際生產 (對比訂單需求) | I11: 差異 (元) | J11: kg | K11: 占比 | L11: kg | M11: 占比 | N11: 金額 (元)
A12: 1 | B12: 烤銀鮭魚肚 | C12: 556.2 | D12: 4021 | E12: 4057 | F12: 0 | G12: 15.45 | H12: =(E12+F12)/D12 -> 1.008953 | I12: 556.2 | J12: 36 | K12: =J12/D12 -> 0.0089529968 | L12: =((E12+F12)-D12)-J12 -> 0 | M12: =L12/D12 -> 0 | N12: =L12*G12 -> 0 | O12: 調理端 | P12: 研發設定 | Q12: 研發設定，小片的規格不符合指示書設定重量 | R12: 一配贅沢鮭魚肚飯糰
A13: 2 | B13: 焗飯-蕃茄拌飯 | C13: 282.6054 | D13: 84.28 | E13: 89.22 | F13: 0 | G13: 61.17 | H13: =(E13+F13)/D13 -> 1.0586141 | I13: 302.1798 | J13: 4.62 | K13: =J13/D13 -> 0.054817276 | L13: =((E13+F13)-D13)-J13 -> 0.32 | M13: =L13/D13 -> 0.0037968676 | N13: =L13*G13 -> 19.5744 | O13: 調理端 | P13: 其他原因 | Q13: 炊飯機固定批量 | R13: 二配薯勾以蛋包飯
A14: 3 | B14: 烤黑胡椒洋蔥絲 | C14: 270.5897 | D14: 119.45 | E14: 122.74 | F14: 0 | G14: 141.67 | H14: =(E14+F14)/D14 -> 1.0275429 | I14: 466.0943 | J14: 1.91 | K14: =J14/D14 -> 0.015989954 | L14: =((E14+F14)-D14)-J14 -> 1.38 | M14: =L14/D14 -> 0.011552951 | N14: =L14*G14 -> 195.5046 | O14: 調理端 | P14: 抓樣不穩 | R14: 糖燻野郎三十天熟成牛飯
A15: 4 | B15: 洋蔥壹號醬 | C15: 269.6144 | D15: 48.8 | E15: 52.07 | F15: 0 | G15: 153.19 | H15: =(E15+F15)/D15 -> 1.0670082 | I15: 500.9313 | J15: 1.76 | K15: =J15/D15 -> 0.036065574 | L15: =((E15+F15)-D15)-J15 -> 1.51 | M15: =L15/D15 -> 0.030942623 | N15: =L15*G15 -> 231.3169 | O15: 調理端 | P15: 展開量105% | R15: 壹號醬炙烤牛飯糰
A16: 5 | B16: 切義美滷豆乾 | C16: 260.95 | D16: 11163 | E16: 11470 | F16: 0 | G16: 0.85 | H16: =(E16+F16)/D16 -> 1.0275016 | I16: 260.95 | J16: 307 | K16: =J16/D16 -> 0.027501568 | L16: =((E16+F16)-D16)-J16 -> 0 | M16: =L16/D16 -> 0 | N16: =L16*G16 -> 0 | O16: 調理端 | P16: 製程不穩 | R16: 共用類
A17: 6 | B17: 自製鹽蔥(114年) | C17: 259.853 | D17: 21.58 | E17: 22.68 | F17: 0 | G17: 236.23 | H17: =(E17+F17)/D17 -> 1.0509731 | I17: 259.853 | J17: 1.1 | K17: =J17/D17 -> 0.050973123 | L17: =((E17+F17)-D17)-J17 -> 0 | M17: =L17/D17 -> 0 | N17: =L17*G17 -> 0 | O17: 調理端 | P17: 展開量105% | R17: 壹號醬雞豚雙拼
A18: 7 | B18: 烤帶皮南瓜丁(114.6) | C18: 246.1008 | D18: 34.64 | E18: 36.06 | F18: 0 | G18: 208.56 | H18: =(E18+F18)/D18 -> 1.0409931 | I18: 296.1552 | J18: 1.18 | K18: =J18/D18 -> 0.034064665 | L18: =((E18+F18)-D18)-J18 -> 0.24 | M18: =L18/D18 -> 0.0069284065 | N18: =L18*G18 -> 50.0544 | O18: 調理端 | P18: 抓樣不穩 | R18: 金沙豆腐細扁麵
A19: 8 | B19: 烤四角薯餅 | C19: 244.03 | D19: 602 | E19: 625 | F19: 0 | G19: 10.61 | H19: =(E19+F19)/D19 -> 1.038206 | I19: 244.03 | J19: 23 | K19: =J19/D19 -> 0.03820598 | L19: =((E19+F19)-D19)-J19 -> 0 | M19: =L19/D19 -> 0 | N19: =L19*G19 -> 0 | O19: 調理端 | P19: 製程不穩 | R19: 二配薯勾以蛋包飯
A20: 9 | B20: 蒸鰻魚片(主食用) | C20: 239.43 | D20: 4809 | E20: 4700 | F20: 132 | G20: 10.41 | H20: =(E20+F20)/D20 -> 1.0047827 | I20: 239.43 | J20: 23 | K20: =J20/D20 -> 0.0047826991 | L20: =((E20+F20)-D20)-J20 -> 0 | M20: =L20/D20 -> 0 | N20: =L20*G20 -> 0 | O20: 調理端 | P20: 製程不穩 | R20: 鰻牛雙饗匠食盒
A21: 10 | B21: 消毒青蔥絲 | C21: 236.037 | D21: 36.07 | E21: 37.72 | F21: 0 | G21: 248.46 | H21: =(E21+F21)/D21 -> 1.0457444 | I21: 409.959 | J21: 0.95 | K21: =J21/D21 -> 0.026337677 | L21: =((E21+F21)-D21)-J21 -> 0.7 | M21: =L21/D21 -> 0.019406709 | N21: =L21*G21 -> 173.922 | O21: 調理端 | P21: 抓樣不穩 | R21: 共用類
A23: 超用金額前十名半成品
A24: 明細展開 | D24: 生產資訊 | O24: 類別 | P24: 分析原因 (請填寫8大原因) | Q24: 其他原因說明 | R24: 備註-商品名稱
A25: 排序 | B25: 半成品 | D25: 生產端 | J25: 組合端
B26: 名稱 | C26: 超用金額 排序 | D26: 產出量 | J26: 報廢 | M26: 超用
D27: 訂單需求 (kg) | E27: 實際產出 (kg) | F27: 補單 (kg) | G27: 單價 (元) | H27: 實際生產 (對比訂單需求) | I27: 差異 (元) | J27: kg | K27: 占比 | L27: 金額 (元) | M27: kg | N27: 占比
A28: 1 | B28: 切烤雞胸肉(111年) | C28: 3624.8086 | D28: 204.02 | E28: 202.41 | F28: 10.5 | G28: 407.74 | H28: =(E28+F28)/D28 -> 1.0435742 | I28: 3624.8086 | J28: 0 | K28: =J28/D28 -> 0 | L28: =J28*G28 -> 0 | M28: =((E28+F28)-D28)-J28 -> 8.89 | N28: =M28/D28 -> 0.043574159 | O28: 組合室 | P28: 其他原因 | Q28: 雙圈秤重範圍 | R28: 健身G肉餐盒(113年)
A29: 2 | B29: 切-鹽烤牛肉 | C29: 2563.6428 | D29: 83.51 | E29: 82.6 | F29: 4.78 | G29: 662.44 | H29: =(E29+F29)/D29 -> 1.0463418 | I29: 2563.6428 | J29: 0 | K29: =J29/D29 -> 0 | L29: =J29*G29 -> 0 | M29: =((E29+F29)-D29)-J29 -> 3.87 | N29: =M29/D29 -> 0.046341755 | O29: 組合室 | P29: 抓樣不穩 | R29: 共用類
A30: 3 | B30: 蒸-全熟雞肉絲CL(113年) | C30: 2487.6027 | D30: 117.69 | E30: 123.52 | F30: 0 | G30: 426.69 | H30: =(E30+F30)/D30 -> 1.0495369 | I30: 2487.6027 | J30: 0 | K30: =J30/D30 -> 0 | L30: =J30*G30 -> 0 | M30: =((E30+F30)-D30)-J30 -> 5.83 | N30: =M30/D30 -> 0.049536919 | O30: 組合室 | P30: 抓樣不穩 | R30: 雞肉飯飯糰
A31: 4 | B31: 切-究極燒肉片 | C31: 2126.2513 | D31: 48.56 | E31: 48.93 | F31: 2.7 | G31: 692.59 | H31: =(E31+F31)/D31 -> 1.0632208 | I31: 2126.2513 | J31: 0 | K31: =J31/D31 -> 0 | L31: =J31*G31 -> 0 | M31: =((E31+F31)-D31)-J31 -> 3.07 | N31: =M31/D31 -> 0.063220758 | O31: 組合室 | P31: 抓樣不穩 | R31: 壹號醬雞豚雙拼
A32: 5 | B32: 煮牛肉片(A7) | C32: 1959.5563 | D32: 55.66 | E32: 56.01 | F32: 2.64 | G32: 655.37 | H32: =(E32+F32)/D32 -> 1.053719 | I32: 1959.5563 | J32: 0 | K32: =J32/D32 -> 0 | L32: =J32*G32 -> 0 | M32: =((E32+F32)-D32)-J32 -> 2.99 | N32: =M32/D32 -> 0.053719008 | O32: 組合室 | P32: 抓樣不穩 | R32: 越式牛肉寬粉
A33: 6 | B33: (V)川燙小青花菜 | C33: 1885.6297 | D33: 704.17 | E33: 701.68 | F33: 15.28 | G33: 147.43 | H33: =(E33+F33)/D33 -> 1.0181632 | I33: 1885.6297 | J33: 0 | K33: =J33/D33 -> 0 | L33: =J33*G33 -> 0 | M33: =((E33+F33)-D33)-J33 -> 12.79 | N33: =M33/D33 -> 0.018163228 | O33: 組合室 | P33: 原物料規格 | Q33: 大顆比例高 | R33: 共用類
A34: 7 | B34: 切-烤台式肉片 | C34: 1561.5786 | D34: 50.78 | E34: 51.35 | F34: 1.92 | G34: 627.14 | H34: =(E34+F34)/D34 -> 1.0490351 | I34: 1561.5786 | J34: 0 | K34: =J34/D34 -> 0 | L34: =J34*G34 -> 0 | M34: =((E34+F34)-D34)-J34 -> 2.49 | N34: =M34/D34 -> 0.049035053 | O34: 組合室 | P34: 抓樣不穩 | R34: 姨次滿足熟成牛豚雙拼
A35: 8 | B35: 蘑菇湯凍 | C35: 1500.4836 | D35: 315.68 | E35: 316.74 | F35: 12.8 | G35: 108.26 | H35: =(E35+F35)/D35 -> 1.0439052 | I35: 1500.4836 | J35: 0 | K35: =J35/D35 -> 0 | L35: =J35*G35 -> 0 | M35: =((E35+F35)-D35)-J35 -> 13.86 | N35: =M35/D35 -> 0.04390522 | O35: 組合室 | P35: 其他原因 | Q35: 注餡機差異 | R35: 二配鐵板蘑菇肉醬起司焗飯
A36: 9 | B36: 切-烤牛五花(112年) | C36: 1405.4096 | D36: 214.01 | E36: 214.18 | F36: 2.15 | G36: 605.78 | H36: =(E36+F36)/D36 -> 1.0108406 | I36: 1405.4096 | J36: 0 | K36: =J36/D36 -> 0 | L36: =J36*G36 -> 0 | M36: =((E36+F36)-D36)-J36 -> 2.32 | N36: =M36/D36 -> 0.010840615 | O36: 組合室 | P36: 其他原因 | Q36: 雙圈秤重範圍 | R36: 糖燻野郎三十天熟成牛飯
A37: 10 | B37: 三杯海瓜子 | C37: 1289.9898 | D37: 38.29 | E37: 38.67 | F37: 2.05 | G37: 530.86 | H37: =(E37+F37)/D37 -> 1.063463 | I37: 1289.9898 | J37: 0 | K37: =J37/D37 -> 0 | L37: =J37*G37 -> 0 | M37: =((E37+F37)-D37)-J37 -> 2.43 | N37: =M37/D37 -> 0.063463045 | O37: 組合室 | P37: 抓樣不穩 | R37: 二配三杯海瓜子好下飯
A39: 共用類報廢金額前十名半成品
A40: 明細展開
A41: 排序 | B41: 半成品
B42: 名稱 | C42: 報廢金額 排序 | D42: 共用類總金額 占比
A44: 1 | B44: 切義美滷豆乾 | C44: 260.95 | D44: =C44/$L$5 -> 0.10232456
A45: 2 | B45: 消毒青蔥絲 | C45: 236.037 | D45: =C45/$L$5 -> 0.092555595
A46: 3 | B46: 60切-烤豆腐蛋白丁 | C46: 213.15 | D46: =C46/$L$5 -> 0.08358107
A47: 4 | B47: 烤12切家常豆腐 | C47: 207.09 | D47: =C47/$L$5 -> 0.081204803
A48: 5 | B48: 烤大口蛋皮(111年) | C48: 197.7 | D48: =C48/$L$5 -> 0.077522766
A49: 6 | B49: 煮浪花涼麵(112年) | C49: 190.16 | D49: =C49/$L$5 -> 0.074566157
A50: 7 | B50: 歐姆蛋(110年) | C50: 189.2151 | D50: =C50/$L$5 -> 0.07419564
A51: 8 | B51: 川燙毛豆玉米 | C51: 173.657 | D51: =C51/$L$5 -> 0.068094947
A52: 9 | B52: 消毒蔥花 | C52: 162.21 | D52: =C52/$L$5 -> 0.063606312
A53: 10 | B53: 混-黑胡椒粒洋香菜葉(歐姆蛋飯用) | C53: 155 | D53: =C53/$L$5 -> 0.060779103
A54: ※炊飯類不納入半成品廢棄計算
A56: ※淺黃色為工廠自填項目

Sheet 0825分析標準表
A1: 大溪廠半成品管理分析
A2: 日期 | C2: 營業額 | D2: 報廢展開 | F2: 超用展開 | H2: 報廢展開 | J2: 超用展開 | L2: 報廢展開
A3: 45894 | C3: 7726391.3 | D3: 總報廢 | F3: 總超用 | H3: 報廢-前10名 | J3: 超用-前10名 | L3: 共用類-總報廢
D4: 金額 | E4: 占比(營業額) | F4: 金額 | G4: 占比(營業額) | H4: 金額 | I4: 占比(總報廢) | J4: 金額 | K4: 占比(總超用) | L4: 金額 | M4: 占比(總報廢)
A5: 年度KPI目標0.25% | D5: 18655.308 | E5: =D5/C3 -> 0.0024144917 | F5: 60538.646 | G5: =F5/C3 -> 0.0078353068 | H5: =SUM(C12:C21) -> 4083.4716 | I5: =H5/D5 -> 0.2188906 | J5: =SUM(C28:C37) -> 18900.472 | K5: =J5/F5 -> 0.31220506 | L5: 2441.0153 | M5: =L5/D5 -> 0.1308483
A7: 報廢金額前十名半成品
A8: 明細展開 | D8: 生產資訊 | O8: 類別 | P8: 分析原因 (請填寫8大原因) | Q8: 其他原因說明 | R8: 備註-商品名稱
A9: 排序 | B9: 半成品 | D9: 生產端 | J9: 組合端
B10: 名稱 | C10: 報廢金額 排序 | D10: 產出量 | J10: 報廢 | L10: 超用
D11: 訂單需求 (kg) | E11: 實際產出 (kg) | F11: 補單 (kg) | G11: 單價 (元) | H11: 實際生產 (對比訂單需求) | I11: 差異 (元) | J11: kg | K11: 占比 | L11: kg | M11: 占比 | N11: 金額 (元)
A12: 1 | B12: 烤銀鮭魚肚 | C12: 1390.5 | D12: 4095 | E12: 4205 | F12: 0 | G12: 15.45 | H12: =(E12+F12)/D12 -> 1.026862 | I12: 1699.5 | J12: 90 | K12: =J12/D12 -> 0.021978022 | L12: =((E12+F12)-D12)-J12 -> 20 | M12: =L12/D12 -> 0.0048840049 | N12: =L12*G12 -> 309 | O12: 調理端 | P12: 研發設定 | Q12: 研發設定，小片的規格不符合指示書設定重量 | R12: 一配贅沢鮭魚肚飯糰
A13: 2 | B13: 炸蝦仁 | C13: 392.7 | D13: 2532 | E13: 2602 | F13: 0 | G13: 5.61 | H13: =(E13+F13)/D13 -> 1.0276461 | I13: 392.7 | J13: 70 | K13: =J13/D13 -> 0.02764613 | L13: =((E13+F13)-D13)-J13 -> 0 | M13: =L13/D13 -> 0 | N13: =L13*G13 -> 0 | O13: 調理端 | P13: 製程不穩 | R13: 一配海老天婦羅飯糰
A14: 3 | B14: 川味秋木耳 | C14: 385.9584 | D14: 42.06 | E14: 44.72 | F14: 0 | G14: 253.92 | H14: =(E14+F14)/D14 -> 1.063243 | I14: 675.4272 | J14: 1.52 | K14: =J14/D14 -> 0.036138849 | L14: =((E14+F14)-D14)-J14 -> 1.14 | M14: =L14/D14 -> 0.027104137 | N14: =L14*G14 -> 289.4688 | O14: 調理端 | P14: 展開量105% | R14: 經典滷肉飯
A15: 4 | B15: 113年川燙綠豆芽 | C15: 329.0592 | D15: 71.06 | E15: 74.08 | F15: 0 | G15: 108.96 | H15: =(E15+F15)/D15 -> 1.0424993 | I15: 329.0592 | J15: 3.02 | K15: =J15/D15 -> 0.042499296 | L15: =((E15+F15)-D15)-J15 -> -3.9968029e-15 | M15: =L15/D15 -> -5.6245467e-17 | N15: =L15*G15 -> -4.3549164e-13 | O15: 調理端 | P15: 抓樣不穩 | R15: 越式牛肉寬粉
A16: 5 | B16: 消毒青蔥絲 | C16: 303.1212 | D16: 36.71 | E16: 38.53 | F16: 0 | G16: 248.46 | H16: =(E16+F16)/D16 -> 1.0495778 | I16: 452.1972 | J16: 1.22 | K16: =J16/D16 -> 0.033233451 | L16: =((E16+F16)-D16)-J16 -> 0.6 | M16: =L16/D16 -> 0.01634432 | N16: =L16*G16 -> 149.076 | O16: 調理端 | P16: 展開量105% | R16: 共用類
A17: 6 | B17: 滷米血糕麻丁 | C17: 300.428 | D17: 2146 | E17: 1704.12 | F17: 600 | G17: 1.9 | H17: =(E17+F17)/D17 -> 1.0736813 | I17: 300.428 | J17: 158.12 | K17: =J17/D17 -> 0.073681267 | L17: =((E17+F17)-D17)-J17 -> 0 | M17: =L17/D17 -> 0 | N17: =L17*G17 -> 0 | O17: 調理端 | P17: 展開量105% | R17: 一口滷魂便當
A18: 7 | B18: 蒸鰻魚片(主食用) | C18: 260.25 | D18: 5046 | E18: 5071 | F18: 0 | G18: 10.41 | H18: =(E18+F18)/D18 -> 1.0049544 | I18: 260.25 | J18: 25 | K18: =J18/D18 -> 0.0049544193 | L18: =((E18+F18)-D18)-J18 -> 0 | M18: =L18/D18 -> 0 | N18: =L18*G18 -> 0 | O18: 調理端 | P18: 製程不穩 | R18: 鰻牛雙饗匠食盒
A19: 8 | B19: 焗飯-蕃茄拌飯 | C19: 254.4672 | D19: 195.44 | E19: 200.38 | F19: 0 | G19: 61.17 | H19: =(E19+F19)/D19 -> 1.0252763 | I19: 302.1798 | J19: 4.16 | K19: =J19/D19 -> 0.021285305 | L19: =((E19+F19)-D19)-J19 -> 0.78 | M19: =L19/D19 -> 0.0039909947 | N19: =L19*G19 -> 47.7126 | O19: 調理端 | P19: 其他原因 | Q19: 炊飯機固定批量 | R19: 二配薯勾以蛋包飯
A20: 9 | B20: 辣滷冬粉 | C20: 245.1376 | D20: 30.03 | E20: 36.09 | F20: 0 | G20: 70.24 | H20: =(E20+F20)/D20 -> 1.2017982 | I20: 425.6544 | J20: 3.49 | K20: =J20/D20 -> 0.11621712 | L20: =((E20+F20)-D20)-J20 -> 2.57 | M20: =L20/D20 -> 0.085581086 | N20: =L20*G20 -> 180.5168 | O20: 調理端 | P20: 展開量105% | R20: 悟家厚切排骨便當
A21: 10 | B21: 切義美滷豆乾 | C21: 221.85 | D21: 11835 | E21: 12096 | F21: 0 | G21: 0.85 | H21: =(E21+F21)/D21 -> 1.0220532 | I21: 221.85 | J21: 261 | K21: =J21/D21 -> 0.022053232 | L21: =((E21+F21)-D21)-J21 -> 0 | M21: =L21/D21 -> 0 | N21: =L21*G21 -> 0 | O21: 調理端 | P21: 製程不穩 | R21: 共用類
A23: 超用金額前十名半成品
A24: 明細展開 | D24: 生產資訊 | O24: 類別 | P24: 分析原因 (請填寫8大原因) | Q24: 其他原因說明 | R24: 備註-商品名稱
A25: 排序 | B25: 半成品 | D25: 生產端 | J25: 組合端
B26: 名稱 | C26: 超用金額 排序 | D26: 產出量 | J26: 報廢 | M26: 超用
D27: 訂單需求 (kg) | E27: 實際產出 (kg) | F27: 補單 (kg) | G27: 單價 (元) | H27: 實際生產 (對比訂單需求) | I27: 差異 (元) | J27: kg | K27: 占比 | L27: 金額 (元) | M27: kg | N27: 占比
A28: 1 | B28: 切烤雞胸肉(111年) | C28: 5280.233 | D28: 238.03 | E28: 243.98 | F28: 7 | G28: 407.74 | H28: =(E28+F28)/D28 -> 1.0544049 | I28: 5280.233 | J28: 0 | K28: =J28/D28 -> 0 | L28: =J28*G28 -> 0 | M28: =((E28+F28)-D28)-J28 -> 12.95 | N28: =M28/D28 -> 0.054404907 | O28: 組合室 | P28: 其他原因 | Q28: 雙圈秤重範圍 | R28: 健身G肉餐盒(113年)
A29: 2 | B29: 煮牛肉片(A7) | C29: 2267.5802 | D29: 60.91 | E29: 61.13 | F29: 3.24 | G29: 655.37 | H29: =(E29+F29)/D29 -> 1.0568051 | I29: 2267.5802 | J29: 0 | K29: =J29/D29 -> 0 | L29: =J29*G29 -> 0 | M29: =((E29+F29)-D29)-J29 -> 3.46 | N29: =M29/D29 -> 0.056805122 | O29: 組合室 | P29: 抓樣不穩 | R29: 越式牛肉寬粉
A30: 3 | B30: (V)川燙小青花菜 | C30: 1946.076 | D30: 710.71 | E30: 706.23 | F30: 17.68 | G30: 147.43 | H30: =(E30+F30)/D30 -> 1.018573 | I30: 1946.076 | J30: 0 | K30: =J30/D30 -> 0 | L30: =J30*G30 -> 0 | M30: =((E30+F30)-D30)-J30 -> 13.2 | N30: =M30/D30 -> 0.018572976 | O30: 組合室 | P30: 原物料規格 | Q30: 大顆比例高 | R30: 共用類
A31: 4 | B31: 日式牛培根 | C31: 1699.7316 | D31: 37.11 | E31: 39.85 | F31: 0 | G31: 620.34 | H31: =(E31+F31)/D31 -> 1.0738345 | I31: 1699.7316 | J31: 0 | K31: =J31/D31 -> 0 | L31: =J31*G31 -> 0 | M31: =((E31+F31)-D31)-J31 -> 2.74 | N31: =M31/D31 -> 0.073834546 | O31: 組合室 | P31: 抓樣不穩 | R31: 柚見極炙烤牛
A32: 5 | B32: 切-烤牛五花(112年) | C32: 1435.6986 | D32: 210.53 | E32: 210.75 | F32: 2.15 | G32: 605.78 | H32: =(E32+F32)/D32 -> 1.0112573 | I32: 1435.6986 | J32: 0 | K32: =J32/D32 -> 0 | L32: =J32*G32 -> 0 | M32: =((E32+F32)-D32)-J32 -> 2.37 | N32: =M32/D32 -> 0.011257303 | O32: 組合室 | P32: 其他原因 | Q32: 雙圈秤重範圍 | R32: 糖燻野郎三十天熟成牛飯
A33: 6 | B33: 切-蒸滷牛腱 | C33: 1432.404 | D33: 16.09 | E33: 16.39 | F33: 1.5 | G33: 795.78 | H33: =(E33+F33)/D33 -> 1.1118707 | I33: 1432.404 | J33: 0 | K33: =J33/D33 -> 0 | L33: =J33*G33 -> 0 | M33: =((E33+F33)-D33)-J33 -> 1.8 | N33: =M33/D33 -> 0.11187073 | O33: 組合室 | P33: 抓樣不穩 | R33: 一口滷魂便當
A34: 7 | B34: 炙燒韓式牛五花 | C34: 1402.67 | D34: 28.81 | E34: 31.04 | F34: 0 | G34: 629 | H34: =(E34+F34)/D34 -> 1.0774037 | I34: 1402.67 | J34: 0 | K34: =J34/D34 -> 0 | L34: =J34*G34 -> 0 | M34: =((E34+F34)-D34)-J34 -> 2.23 | N34: =M34/D34 -> 0.077403679 | O34: 組合室 | P34: 抓樣不穩 | R34: 壹號醬炙烤牛飯糰
A35: 8 | B35: 切-鹽烤熟成牛肉 | C35: 1251.6336 | D35: 33.64 | E35: 33.13 | F35: 2.4 | G35: 662.24 | H35: =(E35+F35)/D35 -> 1.0561831 | I35: 1251.6336 | J35: 0 | K35: =J35/D35 -> 0 | L35: =J35*G35 -> 0 | M35: =((E35+F35)-D35)-J35 -> 1.89 | N35: =M35/D35 -> 0.056183115 | O35: 組合室 | P35: 抓樣不穩 | R35: 鰻牛雙饗匠食盒
A36: 9 | B36: 分切炙燒炭火燒肉片(主食) | C36: 1182.4448 | D36: 64.98 | E36: 65.34 | F36: 1.52 | G36: 628.96 | H36: =(E36+F36)/D36 -> 1.028932 | I36: 1182.4448 | J36: 0 | K36: =J36/D36 -> 0 | L36: =J36*G36 -> 0 | M36: =((E36+F36)-D36)-J36 -> 1.88 | N36: =M36/D36 -> 0.028931979 | O36: 組合室 | P36: 抓樣不穩 | R36: 蒜蒜燒豚飯
A37: 10 | B37: 鮮食雙色起司絲 | C37: 1002 | D37: 145.73 | E37: 148.97 | F37: 2.67 | G37: 200 | H37: =(E37+F37)/D37 -> 1.0405545 | I37: 1182 | J37: 0.9 | K37: =J37/D37 -> 0.0061758046 | L37: =J37*G37 -> 180 | M37: =((E37+F37)-D37)-J37 -> 5.01 | N37: =M37/D37 -> 0.034378645 | O37: 組合室 | P37: 抓樣不穩 | R37: 共用類
A39: 共用類報廢金額前十名半成品
A40: 明細展開
A41: 排序 | B41: 半成品
B42: 名稱 | C42: 報廢金額 排序 | D42: 共用類總金額 占比
A44: 1 | B44: 消毒青蔥絲 | C44: 303.1212 | D44: =C44/$L$5 -> 0.12417833
A45: 2 | B45: 切義美滷豆乾 | C45: 221.85 | D45: =C45/$L$5 -> 0.090884314
A46: 3 | B46: 烤12切家常豆腐 | C46: 200.07 | D46: =C46/$L$5 -> 0.081961797
A47: 4 | B47: 煮中華冷麵(110年) | C47: 193.011 | D47: =C47/$L$5 -> 0.079069967
A48: 5 | B48: 蒸-醬香雞肉絲CL | C48: 185.57 | D48: =C48/$L$5 -> 0.076021646
A49: 6 | B49: 鮮食雙色起司絲 | C49: 180 | D49: =C49/$L$5 -> 0.073739808
A50: 7 | B50: 蒜炒紅k高麗菜(111年) | C50: 172.584 | D50: =C50/$L$5 -> 0.070701728
A51: 8 | B51: 消毒蔥花 | C51: 162.21 | D51: =C51/$L$5 -> 0.066451857
A52: 9 | B52: 消毒細切紅蘿蔔絲 | C52: 135.5248 | D52: =C52/$L$5 -> 0.055519849
A53: 10 | B53: 切-鹽烤牛肉 | C53: 132.488 | D53: =C53/$L$5 -> 0.054275776
A54: ※炊飯類不納入半成品廢棄計算
A56: ※淺黃色為工廠自填項目

Sheet 0824分析標準表
A1: 大溪廠半成品管理分析
A2: 日期 | C2: 營業額 | D2: 報廢展開 | F2: 超用展開 | H2: 報廢展開 | J2: 超用展開 | L2: 報廢展開
A3: 45893 | C3: 7894027 | D3: 總報廢 | F3: 總超用 | H3: 報廢-前10名 | J3: 超用-前10名 | L3: 共用類-總報廢
D4: 金額 | E4: 占比(營業額) | F4: 金額 | G4: 占比(營業額) | H4: 金額 | I4: 占比(總報廢) | J4: 金額 | K4: 占比(總超用) | L4: 金額 | M4: 占比(總報廢)
A5: 年度KPI目標0.25% | D5: 19089.354 | E5: =D5/C3 -> 0.0024182023 | F5: 61921.235 | G5: =F5/C3 -> 0.0078440617 | H5: =SUM(C12:C21) -> 4499.02 | I5: =H5/D5 -> 0.23568215 | J5: =SUM(C28:C37) -> 16773.528 | K5: =J5/F5 -> 0.27088491 | L5: 2496.1021 | M5: =L5/D5 -> 0.13075886
A7: 報廢金額前十名半成品
A8: 明細展開 | D8: 生產資訊 | O8: 類別 | P8: 分析原因 (請填寫8大原因) | Q8: 其他原因說明 | R8: 備註-商品名稱
A9: 排序 | B9: 半成品 | D9: 生產端 | J9: 組合端
B10: 名稱 | C10: 報廢金額 排序 | D10: 產出量 | J10: 報廢 | L10: 超用
D11: 訂單需求 (kg) | E11: 實際產出 (kg) | F11: 補單 (kg) | G11: 單價 (元) | H11: 實際生產 (對比訂單需求) | I11: 差異 (元) | J11: kg | K11: 占比 | L11: kg | M11: 占比 | N11: 金額 (元)
A12: 1 | B12: 烤銀鮭魚肚 | C12: 927 | D12: 4141 | E12: 4201 | F12: 0 | G12: 15.45 | H12: =(E12+F12)/D12 -> 1.0144893 | I12: 927 | J12: 60 | K12: =J12/D12 -> 0.014489254 | L12: =((E12+F12)-D12)-J12 -> 0 | M12: =L12/D12 -> 0 | N12: =L12*G12 -> 0 | O12: 調理端 | P12: 研發設定 | Q12: 研發設定，小片的規格不符合指示書設定重量 | R12: 一配贅沢鮭魚肚飯糰
A13: 2 | B13: 焗飯-蕃茄拌飯 | C13: 611.7 | D13: 205.24 | E13: 215.24 | F13: 0 | G13: 61.17 | H13: =(E13+F13)/D13 -> 1.0487234 | I13: 611.7 | J13: 10 | K13: =J13/D13 -> 0.048723446 | L13: =((E13+F13)-D13)-J13 -> 0 | M13: =L13/D13 -> 0 | N13: =L13*G13 -> 0 | O13: 調理端 | P13: 其他原因 | Q13: 炊飯機固定批量 | R13: 二配薯勾以蛋包飯
A14: 3 | B14: 薑炒筍尾 | C14: 550.95 | D14: 53.3 | E14: 56.3 | F14: 0 | G14: 183.65 | H14: =(E14+F14)/D14 -> 1.0562852 | I14: 550.95 | J14: 3 | K14: =J14/D14 -> 0.056285178 | L14: =((E14+F14)-D14)-J14 -> 0 | M14: =L14/D14 -> 0 | N14: =L14*G14 -> 0 | O14: 調理端 | P14: 展開量105% | R14: 經典滷肉飯
A15: 4 | B15: 川味秋木耳 | C15: 507.84 | D15: 43.05 | E15: 45.05 | F15: 0 | G15: 253.92 | H15: =(E15+F15)/D15 -> 1.0464576 | I15: 507.84 | J15: 2 | K15: =J15/D15 -> 0.046457607 | L15: =((E15+F15)-D15)-J15 -> 0 | M15: =L15/D15 -> 0 | N15: =L15*G15 -> 0 | O15: 調理端 | P15: 抓樣不穩 | R15: 經典滷肉飯
A16: 5 | B16: 蒸鰻魚片(主食用) | C16: 468.45 | D16: 5634 | E16: 5679 | F16: 0 | G16: 10.41 | H16: =(E16+F16)/D16 -> 1.0079872 | I16: 468.45 | J16: 45 | K16: =J16/D16 -> 0.0079872204 | L16: =((E16+F16)-D16)-J16 -> 0 | M16: =L16/D16 -> 0 | N16: =L16*G16 -> 0 | O16: 調理端 | P16: 製程不穩 | R16: 鰻牛雙饗匠食盒
A17: 6 | B17: 自製蒜味奶油 | C17: 295.26 | D17: 9.58 | E17: 10.95 | F17: 0 | G17: 246.05 | H17: =(E17+F17)/D17 -> 1.1430063 | I17: 337.0885 | J17: 1.2 | K17: =J17/D17 -> 0.12526096 | L17: =((E17+F17)-D17)-J17 -> 0.17 | M17: =L17/D17 -> 0.017745303 | N17: =L17*G17 -> 41.8285 | O17: 調理端 | P17: 展開量105% | R17: 姨次滿足熟成牛豚雙拼
A18: 7 | B18: (V)川燙小青花菜 | C18: 294.86 | D18: 758.28 | E18: 755.35 | F18: 9.98 | G18: 147.43 | H18: =(E18+F18)/D18 -> 1.0092974 | I18: 1039.3815 | J18: 2 | K18: =J18/D18 -> 0.0026375481 | L18: =((E18+F18)-D18)-J18 -> 5.05 | M18: =L18/D18 -> 0.006659809 | N18: =L18*G18 -> 744.5215 | O18: 調理端 | P18: 原物料規格 | Q18: 大顆比例高 | R18: 共用類
A19: 8 | B19: 切義美滷豆乾 | C19: 283.9 | D19: 12450 | E19: 11804 | F19: 980 | G19: 0.85 | H19: =(E19+F19)/D19 -> 1.0268273 | I19: 283.9 | J19: 334 | K19: =J19/D19 -> 0.026827309 | L19: =((E19+F19)-D19)-J19 -> 0 | M19: =L19/D19 -> 0 | N19: =L19*G19 -> 0 | O19: 調理端 | P19: 製程不穩 | R19: 共用類
A20: 9 | B20: 熟化去皮馬鈴薯滾刀17-23g | C20: 283.2 | D20: 134.84 | E20: 139.3 | F20: 0 | G20: 96 | H20: =(E20+F20)/D20 -> 1.0330762 | I20: 428.16 | J20: 2.95 | K20: =J20/D20 -> 0.021877781 | L20: =((E20+F20)-D20)-J20 -> 1.51 | M20: =L20/D20 -> 0.011198457 | N20: =L20*G20 -> 144.96 | O20: 調理端 | P20: 原物料規格差異 | R20: 嫩烤香料雞胸排蔬滿盒
A21: 10 | B21: 烤四角薯餅 | C21: 275.86 | D21: 1466 | E21: 1492 | F21: 0 | G21: 10.61 | H21: =(E21+F21)/D21 -> 1.0177353 | I21: 275.86 | J21: 26 | K21: =J21/D21 -> 0.017735334 | L21: =((E21+F21)-D21)-J21 -> 0 | M21: =L21/D21 -> 0 | N21: =L21*G21 -> 0 | O21: 調理端 | P21: 製程不穩 | R21: 二配薯勾以蛋包飯
A23: 超用金額前十名半成品
A24: 明細展開 | D24: 生產資訊 | O24: 類別 | P24: 分析原因 (請填寫8大原因) | Q24: 其他原因說明 | R24: 備註-商品名稱
A25: 排序 | B25: 半成品 | D25: 生產端 | J25: 組合端
B26: 名稱 | C26: 超用金額 排序 | D26: 產出量 | J26: 報廢 | M26: 超用
D27: 訂單需求 (kg) | E27: 實際產出 (kg) | F27: 補單 (kg) | G27: 單價 (元) | H27: 實際生產 (對比訂單需求) | I27: 差異 (元) | J27: kg | K27: 占比 | L27: 金額 (元) | M27: kg | N27: 占比
A28: 1 | B28: 切烤雞胸肉(111年) | C28: 2903.1088 | D28: 249.06 | E28: 245.68 | F28: 10.5 | G28: 407.74 | H28: =(E28+F28)/D28 -> 1.0285875 | I28: 2903.1088 | J28: 0 | K28: =J28/D28 -> 0 | L28: =J28*G28 -> 0 | M28: =((E28+F28)-D28)-J28 -> 7.12 | N28: =M28/D28 -> 0.028587489 | O28: 組合室 | P28: 其他原因 | Q28: 雙圈秤重範圍 | R28: 健身G肉餐盒(113年)
A29: 2 | B29: 煮牛肉片(A7) | C29: 2103.7377 | D29: 61.56 | E29: 61.65 | F29: 3.12 | G29: 655.37 | H29: =(E29+F29)/D29 -> 1.0521442 | I29: 2103.7377 | J29: 0 | K29: =J29/D29 -> 0 | L29: =J29*G29 -> 0 | M29: =((E29+F29)-D29)-J29 -> 3.21 | N29: =M29/D29 -> 0.05214425 | O29: 組合室 | P29: 抓樣不穩 | R29: 越式牛肉寬粉
A30: 3 | B30: 分切炙燒炭火燒肉片(主食) | C30: 1792.536 | D30: 65.7 | E30: 66.65 | F30: 1.9 | G30: 628.96 | H30: =(E30+F30)/D30 -> 1.043379 | I30: 1792.536 | J30: 0 | K30: =J30/D30 -> 0 | L30: =J30*G30 -> 0 | M30: =((E30+F30)-D30)-J30 -> 2.85 | N30: =M30/D30 -> 0.043378995 | O30: 組合室 | P30: 抓樣不穩 | R30: 蒜蒜燒豚飯
A31: 4 | B31: 炙燒韓式牛五花 | C31: 1616.53 | D31: 29.23 | E31: 31.8 | F31: 0 | G31: 629 | H31: =(E31+F31)/D31 -> 1.0879234 | I31: 1616.53 | J31: 0 | K31: =J31/D31 -> 0 | L31: =J31*G31 -> 0 | M31: =((E31+F31)-D31)-J31 -> 2.57 | N31: =M31/D31 -> 0.087923366 | O31: 組合室 | P31: 抓樣不穩 | R31: 壹號醬炙烤牛飯糰
A32: 5 | B32: 鮮食雙色起司絲 | C32: 1582 | D32: 149.43 | E32: 155.5 | F32: 2.5 | G32: 200 | H32: =(E32+F32)/D32 -> 1.0573513 | I32: 1714 | J32: 0.66 | K32: =J32/D32 -> 0.0044167838 | L32: =J32*G32 -> 132 | M32: =((E32+F32)-D32)-J32 -> 7.91 | N32: =M32/D32 -> 0.052934484 | O32: 組合室 | P32: 抓樣不穩 | R32: 共用類
A33: 6 | B33: 蘑菇白醬 | C33: 1564.2972 | D33: 236.28 | E33: 230.4 | F33: 21.6 | G33: 99.51 | H33: =(E33+F33)/D33 -> 1.0665312 | I33: 1564.2972 | J33: 0 | K33: =J33/D33 -> 0 | L33: =J33*G33 -> 0 | M33: =((E33+F33)-D33)-J33 -> 15.72 | N33: =M33/D33 -> 0.066531234 | O33: 組合室 | P33: 抓樣不穩 | R33: 二配黃金雞排蘑菇白醬歐姆蛋飯
A34: 7 | B34: 切-烤牛五花(112年) | C34: 1532.6234 | D34: 195.05 | E34: 195 | F34: 2.58 | G34: 605.78 | H34: =(E34+F34)/D34 -> 1.012971 | I34: 1532.6234 | J34: 0 | K34: =J34/D34 -> 0 | L34: =J34*G34 -> 0 | M34: =((E34+F34)-D34)-J34 -> 2.53 | N34: =M34/D34 -> 0.012971033 | O34: 組合室 | P34: 其他原因 | Q34: 雙圈秤重範圍 | R34: 糖燻野郎三十天熟成牛飯
A35: 8 | B35: 煮中華冷麵(110年) | C35: 1401.4962 | D35: 5072.82 | E35: 5048.4 | F35: 60 | G35: 39.39 | H35: =(E35+F35)/D35 -> 1.0070139 | I35: 1401.4962 | J35: 0 | K35: =J35/D35 -> 0 | L35: =J35*G35 -> 0 | M35: =((E35+F35)-D35)-J35 -> 35.58 | N35: =M35/D35 -> 0.0070138503 | O35: 組合室 | P35: 其他原因 | Q35: 雙圈秤重範圍 | R35: 共用類
A36: 9 | B36: (V)炒海苔香鬆(飯糰) | C36: 1243.3808 | D36: 38.64 | E36: 42.86 | F36: 0 | G36: 294.64 | H36: =(E36+F36)/D36 -> 1.1092133 | I36: 1243.3808 | J36: 0 | K36: =J36/D36 -> 0 | L36: =J36*G36 -> 0 | M36: =((E36+F36)-D36)-J36 -> 4.22 | N36: =M36/D36 -> 0.10921325 | O36: 組合室 | P36: 抓樣不穩 | R36: 二配芝麻香鬆飯糰(114年)
A37: 10 | B37: 消毒蔥花 | C37: 1033.8184 | D37: 94.9 | E37: 96.38 | F37: 3.3 | G37: 216.28 | H37: =(E37+F37)/D37 -> 1.0503688 | I37: 1033.8184 | J37: 0 | K37: =J37/D37 -> 0 | L37: =J37*G37 -> 0 | M37: =((E37+F37)-D37)-J37 -> 4.78 | N37: =M37/D37 -> 0.050368809 | O37: 組合室 | P37: 抓樣不穩 | R37: 共用類
A39: 共用類報廢金額前十名半成品
A40: 明細展開
A41: 排序 | B41: 半成品
B42: 名稱 | C42: 報廢金額 排序 | D42: 共用類總金額 占比
A44: 1 | B44: (V)川燙小青花菜 | C44: 294.86 | D44: =C44/$L$5 -> 0.11812818
A45: 2 | B45: 切義美滷豆乾 | C45: 283.9 | D45: =C45/$L$5 -> 0.11373733
A46: 3 | B46: 烤大口蛋皮(111年) | C46: 270.19 | D46: =C46/$L$5 -> 0.10824477
A47: 4 | B47: 60切-烤豆腐蛋白丁 | C47: 242.55 | D47: =C47/$L$5 -> 0.097171506
A48: 5 | B48: 烤12切家常豆腐 | C48: 228.15 | D48: =C48/$L$5 -> 0.091402511
A49: 6 | B49: 消毒青蔥絲 | C49: 173.922 | D49: =C49/$L$5 -> 0.069677438
A50: 7 | B50: 蒜炒紅k高麗菜(111年) | C50: 172.584 | D50: =C50/$L$5 -> 0.069141403
A51: 8 | B51: 切-鹽烤牛肉 | C51: 132.488 | D51: =C51/$L$5 -> 0.053077957
A52: 9 | B52: 鮮食雙色起司絲 | C52: 132 | D52: =C52/$L$5 -> 0.052882452
A53: 10 | B53: (V)消毒小黃瓜絲 | C53: 115.84 | D53: =C53/$L$5 -> 0.046408358
A54: ※炊飯類不納入半成品廢棄計算
A56: ※淺黃色為工廠自填項目

Sheet 0823分析標準表
A1: 大溪廠半成品管理分析
A2: 日期 | C2: 營業額 | D2: 報廢展開 | F2: 超用展開 | H2: 報廢展開 | J2: 超用展開 | L2: 報廢展開
A3: 45892 | C3: 6081229.5 | D3: 總報廢 | F3: 總超用 | H3: 報廢-前10名 | J3: 超用-前10名 | L3: 共用類-總報廢
D4: 金額 | E4: 占比(營業額) | F4: 金額 | G4: 占比(營業額) | H4: 金額 | I4: 占比(總報廢) | J4: 金額 | K4: 占比(總超用) | L4: 金額 | M4: 占比(總報廢)
A5: 年度KPI目標0.25% | D5: 14691.886 | E5: =D5/C3 -> 0.0024159401 | F5: 48212.656 | G5: =F5/C3 -> 0.0079281099 | H5: =SUM(C12:C21) -> 5687.0399 | I5: =H5/D5 -> 0.38708712 | J5: =SUM(C28:C37) -> 13306.951 | K5: =J5/F5 -> 0.27600535 | L5: 1926.7929 | M5: =L5/D5 -> 0.13114673
A7: 報廢金額前十名半成品
A8: 明細展開 | D8: 生產資訊 | O8: 類別 | P8: 分析原因 (請填寫8大原因) | Q8: 其他原因說明 | R8: 備註-商品名稱
A9: 排序 | B9: 半成品 | D9: 生產端 | J9: 組合端
B10: 名稱 | C10: 報廢金額 排序 | D10: 產出量 | J10: 報廢 | L10: 超用
D11: 訂單需求 (kg) | E11: 實際產出 (kg) | F11: 補單 (kg) | G11: 單價 (元) | H11: 實際生產 (對比訂單需求) | I11: 差異 (元) | J11: kg | K11: 占比 | L11: kg | M11: 占比 | N11: 金額 (元)
A12: 1 | B12: 蒸-全熟雞肉絲CL(113年) | C12: 1881.7029 | D12: 97.49 | E12: 101.9 | F12: 0 | G12: 426.69 | H12: =(E12+F12)/D12 -> 1.0452354 | I12: 1881.7029 | J12: 4.41 | K12: =J12/D12 -> 0.045235409 | L12: =((E12+F12)-D12)-J12 -> 1.0658141e-14 | M12: =L12/D12 -> 1.0932548e-16 | N12: =L12*G12 -> 4.5477222e-12 | O12: 調理端 | P12: 抓樣不穩 | R12: 雞肉飯飯糰
A13: 2 | B13: 焗飯-蕃茄拌飯 | C13: 707.1252 | D13: 202.72 | E13: 216.18 | F13: 0 | G13: 61.17 | H13: =(E13+F13)/D13 -> 1.066397 | I13: 823.3482 | J13: 11.56 | K13: =J13/D13 -> 0.057024467 | L13: =((E13+F13)-D13)-J13 -> 1.9 | M13: =L13/D13 -> 0.0093725335 | N13: =L13*G13 -> 116.223 | O13: 調理端 | P13: 其他原因 | Q13: 炊飯機固定批量 | R13: 二配薯勾以蛋包飯
A14: 3 | B14: (V)川燙小青花菜 | C14: 589.72 | D14: 487.14 | E14: 489.84 | F14: 10.94 | G14: 147.43 | H14: =(E14+F14)/D14 -> 1.0280002 | I14: 2010.9452 | J14: 4 | K14: =J14/D14 -> 0.0082111919 | L14: =((E14+F14)-D14)-J14 -> 9.64 | M14: =L14/D14 -> 0.019788972 | N14: =L14*G14 -> 1421.2252 | O14: 調理端 | P14: 原物料規格 | Q14: 大顆比例高 | R14: 共用類
A15: 4 | B15: 拌雙魚沙拉 | C15: 483.3387 | D15: 52.46 | E15: 53.63 | F15: 0 | G15: 413.11 | H15: =(E15+F15)/D15 -> 1.0223027 | I15: 483.3387 | J15: 1.17 | K15: =J15/D15 -> 0.022302707 | L15: =((E15+F15)-D15)-J15 -> 1.7763568e-15 | M15: =L15/D15 -> 3.3861167e-17 | N15: =L15*G15 -> 7.3383077e-13 | O15: 調理端 | P15: 其他原因 | Q15: 擠醬差異 | R15: 海饌雙手卷
A16: 5 | B16: 炒蔥蒜油-料 | C16: 417.4755 | D16: 2.26 | E16: 2.91 | F16: 0 | G16: 642.27 | H16: =(E16+F16)/D16 -> 1.2876106 | I16: 417.4755 | J16: 0.65 | K16: =J16/D16 -> 0.28761062 | L16: =((E16+F16)-D16)-J16 -> 0 | M16: =L16/D16 -> 0 | N16: =L16*G16 -> 0 | O16: 調理端 | P16: 展開量105% | R16: 經典滷肉飯
A17: 6 | B17: 薑炒筍尾 | C17: 367.3 | D17: 39.23 | E17: 41.26 | F17: 2.6 | G17: 183.65 | H17: =(E17+F17)/D17 -> 1.1180219 | I17: 850.2995 | J17: 2 | K17: =J17/D17 -> 0.050981392 | L17: =((E17+F17)-D17)-J17 -> 2.63 | M17: =L17/D17 -> 0.06704053 | N17: =L17*G17 -> 482.9995 | O17: 調理端 | P17: 展開量105% | R17: 經典滷肉飯
A18: 7 | B18: 川味秋木耳 | C18: 330.096 | D18: 31.69 | E18: 33 | F18: 0 | G18: 253.92 | H18: =(E18+F18)/D18 -> 1.041338 | I18: 332.6352 | J18: 1.3 | K18: =J18/D18 -> 0.041022405 | L18: =((E18+F18)-D18)-J18 -> 0.01 | M18: =L18/D18 -> 0.00031555696 | N18: =L18*G18 -> 2.5392 | O18: 調理端 | P18: 抓樣不穩 | R18: 經典滷肉飯
A19: 8 | B19: 烤帶皮南瓜丁(114.6) | C19: 314.9256 | D19: 29.07 | E19: 30.58 | F19: 0 | G19: 208.56 | H19: =(E19+F19)/D19 -> 1.0519436 | I19: 314.9256 | J19: 1.51 | K19: =J19/D19 -> 0.051943584 | L19: =((E19+F19)-D19)-J19 -> 0 | M19: =L19/D19 -> 0 | N19: =L19*G19 -> 0 | O19: 調理端 | P19: 展開量105% | R19: 金沙豆腐細扁麵
A20: 9 | B20: 烤銀鮭魚肚 | C20: 309 | D20: 2890 | E20: 2910 | F20: 0 | G20: 15.45 | H20: =(E20+F20)/D20 -> 1.0069204 | I20: 309 | J20: 20 | K20: =J20/D20 -> 0.0069204152 | L20: =((E20+F20)-D20)-J20 -> 0 | M20: =L20/D20 -> 0 | N20: =L20*G20 -> 0 | O20: 調理端 | P20: 研發設定 | Q20: 研發設定，小片的規格不符合指示書設定重量 | R20: 一配贅沢鮭魚肚飯糰
A21: 10 | B21: 炒紅K高麗菜(飯糰) | C21: 286.356 | D21: 30.32 | E21: 33.2 | F21: 0 | G21: 102.27 | H21: =(E21+F21)/D21 -> 1.0949868 | I21: 294.5376 | J21: 2.8 | K21: =J21/D21 -> 0.092348285 | L21: =((E21+F21)-D21)-J21 -> 0.08 | M21: =L21/D21 -> 0.0026385224 | N21: =L21*G21 -> 8.1816 | O21: 調理端 | P21: 展開量105% | R21: 大口蒜味香腸燒肉雙拼飯糰
A23: 超用金額前十名半成品
A24: 明細展開 | D24: 生產資訊 | O24: 類別 | P24: 分析原因 (請填寫8大原因) | Q24: 其他原因說明 | R24: 備註-商品名稱
A25: 排序 | B25: 半成品 | D25: 生產端 | J25: 組合端
B26: 名稱 | C26: 超用金額 排序 | D26: 產出量 | J26: 報廢 | M26: 超用
D27: 訂單需求 (kg) | E27: 實際產出 (kg) | F27: 補單 (kg) | G27: 單價 (元) | H27: 實際生產 (對比訂單需求) | I27: 差異 (元) | J27: kg | K27: 占比 | L27: 金額 (元) | M27: kg | N27: 占比
A28: 1 | B28: 煮牛肉片(A7) | C28: 2464.1912 | D28: 49.73 | E28: 49.89 | F28: 3.6 | G28: 655.37 | H28: =(E28+F28)/D28 -> 1.0756083 | I28: 2464.1912 | J28: 0 | K28: =J28/D28 -> 0 | L28: =J28*G28 -> 0 | M28: =((E28+F28)-D28)-J28 -> 3.76 | N28: =M28/D28 -> 0.075608285 | O28: 組合室 | P28: 抓樣不穩 | R28: 越式牛肉寬粉
A29: 2 | B29: 切烤雞胸肉(111年) | C29: 1667.6566 | D29: 147.38 | E29: 144.47 | F29: 7 | G29: 407.74 | H29: =(E29+F29)/D29 -> 1.0277514 | I29: 1667.6566 | J29: 0 | K29: =J29/D29 -> 0 | L29: =J29*G29 -> 0 | M29: =((E29+F29)-D29)-J29 -> 4.09 | N29: =M29/D29 -> 0.027751391 | O29: 組合室 | P29: 其他原因 | Q29: 雙圈秤重範圍 | R29: 健身G肉餐盒(113年)
A30: 3 | B30: (V)川燙小青花菜 | C30: 1421.2252 | D30: 487.14 | E30: 489.84 | F30: 10.94 | G30: 147.43 | H30: =(E30+F30)/D30 -> 1.0280002 | I30: 2010.9452 | J30: 4 | K30: =J30/D30 -> 0.0082111919 | L30: =J30*G30 -> 589.72 | M30: =((E30+F30)-D30)-J30 -> 9.64 | N30: =M30/D30 -> 0.019788972 | O30: 組合室 | P30: 原物料規格 | Q30: 大顆比例高 | R30: 共用類
A31: 4 | B31: 炒培根片(114年) | C31: 1281.8526 | D31: 21.24 | E31: 16.43 | F31: 7.2 | G31: 536.34 | H31: =(E31+F31)/D31 -> 1.1125235 | I31: 1281.8526 | J31: 0 | K31: =J31/D31 -> 0 | L31: =J31*G31 -> 0 | M31: =((E31+F31)-D31)-J31 -> 2.39 | N31: =M31/D31 -> 0.11252354 | O31: 組合室 | P31: 抓樣不穩 | R31: 二配哞哞培根奶香海陸焗飯
A32: 5 | B32: 鮮食雙色起司絲 | C32: 1256 | D32: 138.72 | E32: 142.3 | F32: 2.7 | G32: 200 | H32: =(E32+F32)/D32 -> 1.045271 | I32: 1256 | J32: 0 | K32: =J32/D32 -> 0 | L32: =J32*G32 -> 0 | M32: =((E32+F32)-D32)-J32 -> 6.28 | N32: =M32/D32 -> 0.04527105 | O32: 組合室 | P32: 抓樣不穩 | R32: 共用類
A33: 6 | B33: 越式湯凍(114年) | C33: 1102.2111 | D33: 528.36 | E33: 513.28 | F33: 48.45 | G33: 33.03 | H33: =(E33+F33)/D33 -> 1.0631577 | I33: 1102.2111 | J33: 0 | K33: =J33/D33 -> 0 | L33: =J33*G33 -> 0 | M33: =((E33+F33)-D33)-J33 -> 33.37 | N33: =M33/D33 -> 0.063157696 | O33: 組合室 | P33: 其他原因 | Q33: 注餡機差異 | R33: 越式牛肉寬粉
A34: 7 | B34: 炒油蔥醬 | C34: 1096.745 | D34: 158.42 | E34: 165.6 | F34: 0 | G34: 152.75 | H34: =(E34+F34)/D34 -> 1.0453226 | I34: 1096.745 | J34: 0 | K34: =J34/D34 -> 0 | L34: =J34*G34 -> 0 | M34: =((E34+F34)-D34)-J34 -> 7.18 | N34: =M34/D34 -> 0.04532256 | O34: 組合室 | P34: 抓樣不穩 | R34: 雞肉飯飯糰
A35: 8 | B35: 切-鹽烤熟成牛肉 | C35: 1059.584 | D35: 32.54 | E35: 32.14 | F35: 2 | G35: 662.24 | H35: =(E35+F35)/D35 -> 1.0491703 | I35: 1059.584 | J35: 0 | K35: =J35/D35 -> 0 | L35: =J35*G35 -> 0 | M35: =((E35+F35)-D35)-J35 -> 1.6 | N35: =M35/D35 -> 0.049170252 | O35: 組合室 | P35: 抓樣不穩 | R35: 鰻牛雙饗匠食盒
A36: 9 | B36: 煮中華冷麵(110年) | C36: 1058.0154 | D36: 3456.36 | E36: 3442.72 | F36: 40.5 | G36: 39.39 | H36: =(E36+F36)/D36 -> 1.0077712 | I36: 1058.0154 | J36: 0 | K36: =J36/D36 -> 0 | L36: =J36*G36 -> 0 | M36: =((E36+F36)-D36)-J36 -> 26.86 | N36: =M36/D36 -> 0.0077711812 | O36: 組合室 | P36: 其他原因 | Q36: 雙圈秤重範圍 | R36: 共用類
A37: 10 | B37: 炙燒韓式牛五花 | C37: 899.47 | D37: 24.25 | E37: 25.68 | F37: 0 | G37: 629 | H37: =(E37+F37)/D37 -> 1.0589691 | I37: 899.47 | J37: 0 | K37: =J37/D37 -> 0 | L37: =J37*G37 -> 0 | M37: =((E37+F37)-D37)-J37 -> 1.43 | N37: =M37/D37 -> 0.058969072 | O37: 組合室 | P37: 抓樣不穩 | R37: 壹號醬炙烤牛飯糰
A39: 共用類報廢金額前十名半成品
A40: 明細展開
A41: 排序 | B41: 半成品
B42: 名稱 | C42: 報廢金額 排序 | D42: 共用類總金額 占比
A44: 1 | B44: (V)川燙小青花菜 | C44: 589.72 | D44: =C44/$L$5 -> 0.30606299
A45: 2 | B45: 60切-烤豆腐蛋白丁 | C45: 237.65 | D45: =C45/$L$5 -> 0.12333967
A46: 3 | B46: 烤12切家常豆腐 | C46: 224.64 | D46: =C46/$L$5 -> 0.11658752
A47: 4 | B47: 消毒蔥花 | C47: 183.838 | D47: =C47/$L$5 -> 0.095411396
A48: 5 | B48: 日式烤洋蔥絲(114年) | C48: 151.8048 | D48: =C48/$L$5 -> 0.078786257
A49: 6 | B49: 蒜炒紅k高麗菜(111年) | C49: 136.7888 | D49: =C49/$L$5 -> 0.070992996
A50: 7 | B50: 消毒青蔥絲 | C50: 136.653 | D50: =C50/$L$5 -> 0.070922516
A51: 8 | B51: 切義美滷豆乾 | C51: 102 | D51: =C51/$L$5 -> 0.052937708
A52: 9 | B52: 川燙毛豆玉米 | C52: 78.935 | D52: =C52/$L$5 -> 0.040967039
A53: 10 | B53: 煮浪花涼麵(112年) | C53: 57.9988 | D53: =C53/$L$5 -> 0.030101211
A54: ※炊飯類不納入半成品廢棄計算
A56: ※淺黃色為工廠自填項目

Sheet 0822分析標準表
A1: 大溪廠半成品管理分析
A2: 日期 | C2: 營業額 | D2: 報廢展開 | F2: 超用展開 | H2: 報廢展開 | J2: 超用展開 | L2: 報廢展開
A3: 45891 | C3: 5933586.3 | D3: 總報廢 | F3: 總超用 | H3: 報廢-前10名 | J3: 超用-前10名 | L3: 共用類-總報廢
D4: 金額 | E4: 占比(營業額) | F4: 金額 | G4: 占比(營業額) | H4: 金額 | I4: 占比(總報廢) | J4: 金額 | K4: 占比(總超用) | L4: 金額 | M4: 占比(總報廢)
A5: 年度KPI目標0.25% | D5: 14356.761 | E5: =D5/C3 -> 0.0024195756 | F5: 47139.286 | G5: =F5/C3 -> 0.0079444846 | H5: =SUM(C12:C21) -> 6190.3314 | I5: =H5/D5 -> 0.43117884 | J5: =SUM(C28:C37) -> 10886.71 | K5: =J5/F5 -> 0.2309477 | L5: 2994.4934 | M5: =L5/D5 -> 0.20857723
A7: 報廢金額前十名半成品
A8: 明細展開 | D8: 生產資訊 | O8: 類別 | P8: 分析原因 (請填寫8大原因) | Q8: 其他原因說明 | R8: 備註-商品名稱
A9: 排序 | B9: 半成品 | D9: 生產端 | J9: 組合端
B10: 名稱 | C10: 報廢金額 排序 | D10: 產出量 | J10: 報廢 | L10: 超用
D11: 訂單需求 (kg) | E11: 實際產出 (kg) | F11: 補單 (kg) | G11: 單價 (元) | H11: 實際生產 (對比訂單需求) | I11: 差異 (元) | J11: kg | K11: 占比 | L11: kg | M11: 占比 | N11: 金額 (元)
A12: 1 | B12: 炒韓式泡菜燒肉 | C12: 1749.1084 | D12: 39.13 | E12: 46.19 | F12: 0 | G12: 363.64 | H12: =(E12+F12)/D12 -> 1.1804242 | I12: 2567.2984 | J12: 4.81 | K12: =J12/D12 -> 0.12292359 | L12: =((E12+F12)-D12)-J12 -> 2.25 | M12: =L12/D12 -> 0.057500639 | N12: =L12*G12 -> 818.19 | O12: 調理端 | P12: 展開量105% | R12: 韓味豬肉時蔬拌拌餐盒
A13: 2 | B13: 烤銀鮭魚肚 | C13: 1313.25 | D13: 2972 | E13: 3057 | F13: 0 | G13: 15.45 | H13: =(E13+F13)/D13 -> 1.0286003 | I13: 1313.25 | J13: 85 | K13: =J13/D13 -> 0.028600269 | L13: =((E13+F13)-D13)-J13 -> 0 | M13: =L13/D13 -> 0 | N13: =L13*G13 -> 0 | O13: 調理端 | P13: 研發設定 | Q13: 研發設定，小片的規格不符合指示書設定重量 | R13: 一配贅沢鮭魚肚飯糰
A14: 3 | B14: (V)川燙小青花菜 | C14: 629.5261 | D14: 439.82 | E14: 439.1 | F14: 13.72 | G14: 147.43 | H14: =(E14+F14)/D14 -> 1.0295575 | I14: 1916.59 | J14: 4.27 | K14: =J14/D14 -> 0.0097085171 | L14: =((E14+F14)-D14)-J14 -> 8.73 | M14: =L14/D14 -> 0.019849029 | N14: =L14*G14 -> 1287.0639 | O14: 調理端 | P14: 原物料規格 | Q14: 大顆比例高 | R14: 共用類
A15: 4 | B15: 消毒青蔥絲 | C15: 467.1048 | D15: 26.01 | E15: 28.31 | F15: 0 | G15: 248.46 | H15: =(E15+F15)/D15 -> 1.0884275 | I15: 571.458 | J15: 1.88 | K15: =J15/D15 -> 0.072279892 | L15: =((E15+F15)-D15)-J15 -> 0.42 | M15: =L15/D15 -> 0.016147636 | N15: =L15*G15 -> 104.3532 | O15: 調理端 | P15: 展開量105% | R15: 共用類
A16: 5 | B16: 韓式辣醬(拌飯) | C16: 453.4002 | D16: 34.53 | E16: 36.21 | F16: 2.4 | G16: 242.46 | H16: =(E16+F16)/D16 -> 1.1181581 | I16: 989.2368 | J16: 1.87 | K16: =J16/D16 -> 0.054155807 | L16: =((E16+F16)-D16)-J16 -> 2.21 | M16: =L16/D16 -> 0.064002317 | N16: =L16*G16 -> 535.8366 | O16: 調理端 | P16: 展開量105% | R16: 韓味豬肉時蔬拌拌餐盒
A17: 6 | B17: 烤黑胡椒洋蔥絲 | C17: 335.7579 | D17: 96.14 | E17: 99.72 | F17: 0 | G17: 141.67 | H17: =(E17+F17)/D17 -> 1.0372374 | I17: 507.1786 | J17: 2.37 | K17: =J17/D17 -> 0.02465155 | L17: =((E17+F17)-D17)-J17 -> 1.21 | M17: =L17/D17 -> 0.012585812 | N17: =L17*G17 -> 171.4207 | O17: 調理端 | P17: 抓樣不穩 | R17: 糖燻野郎三十天熟成牛飯
A18: 7 | B18: 炒紅K碎蛋 | C18: 325.3896 | D18: 56.5 | E18: 58.84 | F18: 0 | G18: 189.18 | H18: =(E18+F18)/D18 -> 1.0414159 | I18: 442.6812 | J18: 1.72 | K18: =J18/D18 -> 0.030442478 | L18: =((E18+F18)-D18)-J18 -> 0.62 | M18: =L18/D18 -> 0.010973451 | N18: =L18*G18 -> 117.2916 | O18: 調理端 | P18: 抓樣不穩 | R18: 烤蛋白餐盒
A19: 8 | B19: 烤帶皮南瓜丁(114.6) | C19: 310.7544 | D19: 27.36 | E19: 29.74 | F19: 0 | G19: 208.56 | H19: =(E19+F19)/D19 -> 1.0869883 | I19: 496.3728 | J19: 1.49 | K19: =J19/D19 -> 0.054459064 | L19: =((E19+F19)-D19)-J19 -> 0.89 | M19: =L19/D19 -> 0.03252924 | N19: =L19*G19 -> 185.6184 | O19: 調理端 | P19: 展開量105% | R19: 金沙豆腐細扁麵
A20: 9 | B20: 烤四角薯餅 | C20: 307.69 | D20: 1140 | E20: 1169 | F20: 0 | G20: 10.61 | H20: =(E20+F20)/D20 -> 1.0254386 | I20: 307.69 | J20: 29 | K20: =J20/D20 -> 0.025438596 | L20: =((E20+F20)-D20)-J20 -> 0 | M20: =L20/D20 -> 0 | N20: =L20*G20 -> 0 | O20: 調理端 | P20: 製程不穩 | R20: 二配薯勾以蛋包飯
A21: 10 | B21: 切義美滷豆乾 | C21: 298.35 | D21: 10491 | E21: 10842 | F21: 0 | G21: 0.85 | H21: =(E21+F21)/D21 -> 1.0334572 | I21: 298.35 | J21: 351 | K21: =J21/D21 -> 0.033457249 | L21: =((E21+F21)-D21)-J21 -> 0 | M21: =L21/D21 -> 0 | N21: =L21*G21 -> 0 | O21: 調理端 | P21: 製程不穩 | R21: 共用類
A23: 超用金額前十名半成品
A24: 明細展開 | D24: 生產資訊 | O24: 類別 | P24: 分析原因 (請填寫8大原因) | Q24: 其他原因說明 | R24: 備註-商品名稱
A25: 排序 | B25: 半成品 | D25: 生產端 | J25: 組合端
B26: 名稱 | C26: 超用金額 排序 | D26: 產出量 | J26: 報廢 | M26: 超用
D27: 訂單需求 (kg) | E27: 實際產出 (kg) | F27: 補單 (kg) | G27: 單價 (元) | H27: 實際生產 (對比訂單需求) | I27: 差異 (元) | J27: kg | K27: 占比 | L27: 金額 (元) | M27: kg | N27: 占比
A28: 1 | B28: 切-烤牛五花(112年) | C28: 1478.1032 | D28: 172.26 | E28: 169.11 | F28: 5.59 | G28: 605.78 | H28: =(E28+F28)/D28 -> 1.0141646 | I28: 1478.1032 | J28: 0 | K28: =J28/D28 -> 0 | L28: =J28*G28 -> 0 | M28: =((E28+F28)-D28)-J28 -> 2.44 | N28: =M28/D28 -> 0.014164635 | O28: 組合室 | P28: 其他原因 | Q28: 雙圈秤重範圍 | R28: 糖燻野郎三十天熟成牛飯
A29: 2 | B29: (V)川燙小青花菜 | C29: 1287.0639 | D29: 439.82 | E29: 439.1 | F29: 13.72 | G29: 147.43 | H29: =(E29+F29)/D29 -> 1.0295575 | I29: 1916.59 | J29: 4.27 | K29: =J29/D29 -> 0.0097085171 | L29: =J29*G29 -> 629.5261 | M29: =((E29+F29)-D29)-J29 -> 8.73 | N29: =M29/D29 -> 0.019849029 | O29: 組合室 | P29: 原物料規格 | Q29: 大顆比例高 | R29: 共用類
A30: 3 | B30: 煮中華冷麵(110年) | C30: 1260.0861 | D30: 3559.41 | E30: 3541.84 | F30: 49.56 | G30: 39.39 | H30: =(E30+F30)/D30 -> 1.0089874 | I30: 1260.0861 | J30: 0 | K30: =J30/D30 -> 0 | L30: =J30*G30 -> 0 | M30: =((E30+F30)-D30)-J30 -> 31.99 | N30: =M30/D30 -> 0.0089874445 | O30: 組合室 | P30: 其他原因 | Q30: 雙圈秤重範圍 | R30: 共用類
A31: 4 | B31: 越式湯凍(114年) | C31: 1128.9654 | D31: 486.29 | E31: 479.67 | F31: 40.8 | G31: 33.03 | H31: =(E31+F31)/D31 -> 1.0702873 | I31: 1128.9654 | J31: 0 | K31: =J31/D31 -> 0 | L31: =J31*G31 -> 0 | M31: =((E31+F31)-D31)-J31 -> 34.18 | N31: =M31/D31 -> 0.070287277 | O31: 組合室 | P31: 其他原因 | Q31: 注餡機差異 | R31: 越式牛肉寬粉
A32: 5 | B32: 蘑菇白醬 | C32: 1092.6198 | D32: 184.92 | E32: 186.3 | F32: 9.6 | G32: 99.51 | H32: =(E32+F32)/D32 -> 1.059377 | I32: 1092.6198 | J32: 0 | K32: =J32/D32 -> 0 | L32: =J32*G32 -> 0 | M32: =((E32+F32)-D32)-J32 -> 10.98 | N32: =M32/D32 -> 0.059377028 | O32: 組合室 | P32: 抓樣不穩 | R32: 二配黃金雞排蘑菇白醬歐姆蛋飯
A33: 6 | B33: 切烤雞胸肉(111年) | C33: 1080.511 | D33: 138.28 | E33: 132.18 | F33: 8.75 | G33: 407.74 | H33: =(E33+F33)/D33 -> 1.019164 | I33: 1080.511 | J33: 0 | K33: =J33/D33 -> 0 | L33: =J33*G33 -> 0 | M33: =((E33+F33)-D33)-J33 -> 2.65 | N33: =M33/D33 -> 0.019164015 | O33: 組合室 | P33: 其他原因 | Q33: 雙圈秤重範圍 | R33: 健身G肉餐盒(113年)
A34: 7 | B34: 日式牛培根 | C34: 1011.1542 | D34: 29.17 | E34: 27.72 | F34: 3.08 | G34: 620.34 | H34: =(E34+F34)/D34 -> 1.0558793 | I34: 1011.1542 | J34: 0 | K34: =J34/D34 -> 0 | L34: =J34*G34 -> 0 | M34: =((E34+F34)-D34)-J34 -> 1.63 | N34: =M34/D34 -> 0.055879328 | O34: 組合室 | P34: 抓樣不穩 | R34: 柚見極炙烤牛
A35: 8 | B35: 炙燒韓式牛五花 | C35: 880.6 | D35: 23.08 | E35: 24.48 | F35: 0 | G35: 629 | H35: =(E35+F35)/D35 -> 1.0606586 | I35: 880.6 | J35: 0 | K35: =J35/D35 -> 0 | L35: =J35*G35 -> 0 | M35: =((E35+F35)-D35)-J35 -> 1.4 | N35: =M35/D35 -> 0.060658579 | O35: 組合室 | P35: 抓樣不穩 | R35: 壹號醬炙烤牛飯糰
A36: 9 | B36: 消毒細切紅蘿蔔絲 | C36: 849.416 | D36: 227.07 | E36: 227.24 | F36: 9.75 | G36: 95.44 | H36: =(E36+F36)/D36 -> 1.043687 | I36: 946.7648 | J36: 1.02 | K36: =J36/D36 -> 0.0044920069 | L36: =J36*G36 -> 97.3488 | M36: =((E36+F36)-D36)-J36 -> 8.9 | N36: =M36/D36 -> 0.039194962 | O36: 組合室 | P36: 抓樣不穩 | R36: 共用類
A37: 10 | B37: 炒韓式泡菜燒肉 | C37: 818.19 | D37: 39.13 | E37: 46.19 | F37: 0 | G37: 363.64 | H37: =(E37+F37)/D37 -> 1.1804242 | I37: 2567.2984 | J37: 4.81 | K37: =J37/D37 -> 0.12292359 | L37: =J37*G37 -> 1749.1084 | M37: =((E37+F37)-D37)-J37 -> 2.25 | N37: =M37/D37 -> 0.057500639 | O37: 組合室 | P37: 抓樣不穩 | R37: 韓味豬肉時蔬拌拌餐盒
A39: 共用類報廢金額前十名半成品
A40: 明細展開
A41: 排序 | B41: 半成品
B42: 名稱 | C42: 報廢金額 排序 | D42: 共用類總金額 占比
A44: 1 | B44: (V)川燙小青花菜 | C44: 629.5261 | D44: =C44/$L$5 -> 0.21022791
A45: 2 | B45: 消毒青蔥絲 | C45: 467.1048 | D45: =C45/$L$5 -> 0.15598792
A46: 3 | B46: 切義美滷豆乾 | C46: 298.35 | D46: =C46/$L$5 -> 0.099632879
A47: 4 | B47: 60切-烤豆腐蛋白丁 | C47: 296.45 | D47: =C47/$L$5 -> 0.098998381
A48: 5 | B48: 烤12切家常豆腐 | C48: 273.78 | D48: =C48/$L$5 -> 0.091427819
A49: 6 | B49: 烤大口蛋皮(111年) | C49: 210.88 | D49: =C49/$L$5 -> 0.070422596
A50: 7 | B50: 鮮食雙色起司絲 | C50: 200 | D50: =C50/$L$5 -> 0.066789261
A51: 8 | B51: 蒜炒紅k高麗菜(111年) | C51: 136.7888 | D51: =C51/$L$5 -> 0.045680114
A52: 9 | B52: 日式烤洋蔥絲(114年) | C52: 100.2996 | D52: =C52/$L$5 -> 0.033494681
A53: 10 | B53: 消毒細切紅蘿蔔絲 | C53: 97.3488 | D53: =C53/$L$5 -> 0.032509272
A54: ※炊飯類不納入半成品廢棄計算
A56: ※淺黃色為工廠自填項目

Sheet 0821分析標準表
A1: 大溪廠半成品管理分析
A2: 日期 | C2: 營業額 | D2: 報廢展開 | F2: 超用展開 | H2: 報廢展開 | J2: 超用展開 | L2: 報廢展開
A3: 45890 | C3: 7246465.3 | D3: 總報廢 | F3: 總超用 | H3: 報廢-前10名 | J3: 超用-前10名 | L3: 共用類-總報廢
D4: 金額 | E4: 占比(營業額) | F4: 金額 | G4: 占比(營業額) | H4: 金額 | I4: 占比(總報廢) | J4: 金額 | K4: 占比(總超用) | L4: 金額 | M4: 占比(總報廢)
A5: 年度KPI目標0.25% | D5: 17467.345 | E5: =D5/C3 -> 0.0024104642 | F5: 57573.538 | G5: =F5/C3 -> 0.0079450513 | H5: =SUM(C12:C21) -> 3942.5741 | I5: =H5/D5 -> 0.22571112 | J5: =SUM(C28:C37) -> 17476.456 | K5: =J5/F5 -> 0.30355015 | L5: 3001.2627 | M5: =L5/D5 -> 0.17182134
A7: 報廢金額前十名半成品
A8: 明細展開 | D8: 生產資訊 | O8: 類別 | P8: 分析原因 (請填寫8大原因) | Q8: 其他原因說明 | R8: 備註-商品名稱
A9: 排序 | B9: 半成品 | D9: 生產端 | J9: 組合端
B10: 名稱 | C10: 報廢金額 排序 | D10: 產出量 | J10: 報廢 | L10: 超用
D11: 訂單需求 (kg) | E11: 實際產出 (kg) | F11: 補單 (kg) | G11: 單價 (元) | H11: 實際生產 (對比訂單需求) | I11: 差異 (元) | J11: kg | K11: 占比 | L11: kg | M11: 占比 | N11: 金額 (元)
A12: 1 | B12: 炸蝦仁 | C12: 561 | D12: 2574 | E12: 2674 | F12: 0 | G12: 5.61 | H12: =(E12+F12)/D12 -> 1.03885 | I12: 561 | J12: 100 | K12: =J12/D12 -> 0.038850039 | L12: =((E12+F12)-D12)-J12 -> 0 | M12: =L12/D12 -> 0 | N12: =L12*G12 -> 0 | O12: 調理端 | P12: 製程不穩 | R12: 一配海老天婦羅飯糰
A13: 2 | B13: 烤銀鮭魚肚 | C13: 556.2 | D13: 4007 | E13: 4043 | F13: 0 | G13: 15.45 | H13: =(E13+F13)/D13 -> 1.0089843 | I13: 556.2 | J13: 36 | K13: =J13/D13 -> 0.0089842775 | L13: =((E13+F13)-D13)-J13 -> 0 | M13: =L13/D13 -> 0 | N13: =L13*G13 -> 0 | O13: 調理端 | P13: 研發設定 | Q13: 研發設定，小片的規格不符合指示書設定重量 | R13: 一配贅沢鮭魚肚飯糰
A14: 3 | B14: 油亮中式香腸片(112年) | C14: 493.3612 | D14: 20.14 | E14: 21.78 | F14: 0 | G14: 300.83 | H14: =(E14+F14)/D14 -> 1.08143 | I14: 493.3612 | J14: 1.64 | K14: =J14/D14 -> 0.08142999 | L14: =((E14+F14)-D14)-J14 -> 0 | M14: =L14/D14 -> 0 | N14: =L14*G14 -> 0 | O14: 調理端 | P14: 製程不穩 | R14: 經典滷肉飯
A15: 4 | B15: (V)川燙小青花菜 | C15: 440.8157 | D15: 637.6 | E15: 641.1 | F15: 9.08 | G15: 147.43 | H15: =(E15+F15)/D15 -> 1.0197302 | I15: 1854.6694 | J15: 2.99 | K15: =J15/D15 -> 0.0046894605 | L15: =((E15+F15)-D15)-J15 -> 9.59 | M15: =L15/D15 -> 0.015040778 | N15: =L15*G15 -> 1413.8537 | O15: 調理端 | P15: 原物料規格 | Q15: 大顆比例高 | R15: 共用類
A16: 5 | B16: 消毒青蔥絲 | C16: 427.3512 | D16: 32.33 | E16: 34.58 | F16: 0 | G16: 248.46 | H16: =(E16+F16)/D16 -> 1.0695948 | I16: 559.035 | J16: 1.72 | K16: =J16/D16 -> 0.053201361 | L16: =((E16+F16)-D16)-J16 -> 0.53 | M16: =L16/D16 -> 0.016393443 | N16: =L16*G16 -> 131.6838 | O16: 調理端 | P16: 展開量105% | R16: 共用類
A17: 6 | B17: 烤黑胡椒洋蔥絲 | C17: 376.8422 | D17: 120.98 | E17: 125.04 | F17: 0 | G17: 141.67 | H17: =(E17+F17)/D17 -> 1.0335593 | I17: 575.1802 | J17: 2.66 | K17: =J17/D17 -> 0.021987105 | L17: =((E17+F17)-D17)-J17 -> 1.4 | M17: =L17/D17 -> 0.011572161 | N17: =L17*G17 -> 198.338 | O17: 調理端 | P17: 抓樣不穩 | R17: 糖燻野郎三十天熟成牛飯
A18: 7 | B18: 韓式辣炒豆芽 | C18: 327.8561 | D18: 25.21 | E18: 28.03 | F18: 0 | G18: 144.43 | H18: =(E18+F18)/D18 -> 1.1118604 | I18: 407.2926 | J18: 2.27 | K18: =J18/D18 -> 0.090043633 | L18: =((E18+F18)-D18)-J18 -> 0.55 | M18: =L18/D18 -> 0.021816739 | N18: =L18*G18 -> 79.4365 | O18: 調理端 | P18: 展開量105% | R18: 蒜蒜燒豚飯
A19: 8 | B19: 川燙毛豆玉米 | C19: 269.9577 | D19: 315.62 | E19: 319.49 | F19: 0 | G19: 157.87 | H19: =(E19+F19)/D19 -> 1.0122616 | I19: 610.9569 | J19: 1.71 | K19: =J19/D19 -> 0.0054179076 | L19: =((E19+F19)-D19)-J19 -> 2.16 | M19: =L19/D19 -> 0.0068436728 | N19: =L19*G19 -> 340.9992 | O19: 調理端 | P19: 抓樣不穩 | R19: 共用類
A20: 9 | B20: 113年川燙綠豆芽 | C20: 245.16 | D20: 65.6 | E20: 65.58 | F20: 2.27 | G20: 108.96 | H20: =(E20+F20)/D20 -> 1.0342988 | I20: 245.16 | J20: 2.25 | K20: =J20/D20 -> 0.03429878 | L20: =((E20+F20)-D20)-J20 -> -1.4210855e-14 | M20: =L20/D20 -> -2.1662888e-16 | N20: =L20*G20 -> -1.5484147e-12 | O20: 調理端 | P20: 抓樣不穩 | R20: 越式牛肉寬粉
A21: 10 | B21: 烤四角薯餅 | C21: 244.03 | D21: 1122 | E21: 1145 | F21: 0 | G21: 10.61 | H21: =(E21+F21)/D21 -> 1.0204991 | I21: 244.03 | J21: 23 | K21: =J21/D21 -> 0.020499109 | L21: =((E21+F21)-D21)-J21 -> 0 | M21: =L21/D21 -> 0 | N21: =L21*G21 -> 0 | O21: 調理端 | P21: 製程不穩 | R21: 二配薯勾以蛋包飯
A23: 超用金額前十名半成品
A24: 明細展開 | D24: 生產資訊 | O24: 類別 | P24: 分析原因 (請填寫8大原因) | Q24: 其他原因說明 | R24: 備註-商品名稱
A25: 排序 | B25: 半成品 | D25: 生產端 | J25: 組合端
B26: 名稱 | C26: 超用金額 排序 | D26: 產出量 | J26: 報廢 | M26: 超用
D27: 訂單需求 (kg) | E27: 實際產出 (kg) | F27: 補單 (kg) | G27: 單價 (元) | H27: 實際生產 (對比訂單需求) | I27: 差異 (元) | J27: kg | K27: 占比 | L27: 金額 (元) | M27: kg | N27: 占比
A28: 1 | B28: 切-鹽烤熟成牛肉 | C28: 2807.8976 | D28: 32.04 | E28: 30.28 | F28: 6 | G28: 662.24 | H28: =(E28+F28)/D28 -> 1.1323346 | I28: 2807.8976 | J28: 0 | K28: =J28/D28 -> 0 | L28: =J28*G28 -> 0 | M28: =((E28+F28)-D28)-J28 -> 4.24 | N28: =M28/D28 -> 0.13233458 | O28: 組合室 | P28: 抓樣不穩 | R28: 鰻牛雙饗匠食盒
A29: 2 | B29: 切-烤牛五花(112年) | C29: 2041.4786 | D29: 216.76 | E29: 217.12 | F29: 3.01 | G29: 605.78 | H29: =(E29+F29)/D29 -> 1.0155471 | I29: 2041.4786 | J29: 0 | K29: =J29/D29 -> 0 | L29: =J29*G29 -> 0 | M29: =((E29+F29)-D29)-J29 -> 3.37 | N29: =M29/D29 -> 0.015547149 | O29: 組合室 | P29: 其他原因 | Q29: 雙圈秤重範圍 | R29: 糖燻野郎三十天熟成牛飯
A30: 3 | B30: 蒸-醬香雞肉絲CL | C30: 1978.1762 | D30: 97 | E30: 97.29 | F30: 5.04 | G30: 371.14 | H30: =(E30+F30)/D30 -> 1.0549485 | I30: 1978.1762 | J30: 0 | K30: =J30/D30 -> 0 | L30: =J30*G30 -> 0 | M30: =((E30+F30)-D30)-J30 -> 5.33 | N30: =M30/D30 -> 0.054948454 | O30: 組合室 | P30: 抓樣不穩 | R30: 共用類
A31: 4 | B31: 切烤雞胸肉(111年) | C31: 1944.9198 | D31: 199.96 | E31: 194.23 | F31: 10.5 | G31: 407.74 | H31: =(E31+F31)/D31 -> 1.0238548 | I31: 1944.9198 | J31: 0 | K31: =J31/D31 -> 0 | L31: =J31*G31 -> 0 | M31: =((E31+F31)-D31)-J31 -> 4.77 | N31: =M31/D31 -> 0.023854771 | O31: 組合室 | P31: 其他原因 | Q31: 雙圈秤重範圍 | R31: 健身G肉餐盒(113年)
A32: 5 | B32: 切-鹽烤牛肉 | C32: 1907.8272 | D32: 88.11 | E32: 87.08 | F32: 3.91 | G32: 662.44 | H32: =(E32+F32)/D32 -> 1.0326864 | I32: 1907.8272 | J32: 0 | K32: =J32/D32 -> 0 | L32: =J32*G32 -> 0 | M32: =((E32+F32)-D32)-J32 -> 2.88 | N32: =M32/D32 -> 0.032686415 | O32: 組合室 | P32: 抓樣不穩 | R32: 共用類
A33: 6 | B33: 炙燒韓式牛五花 | C33: 1698.3 | D33: 27.33 | E33: 30.03 | F33: 0 | G33: 629 | H33: =(E33+F33)/D33 -> 1.0987925 | I33: 1698.3 | J33: 0 | K33: =J33/D33 -> 0 | L33: =J33*G33 -> 0 | M33: =((E33+F33)-D33)-J33 -> 2.7 | N33: =M33/D33 -> 0.098792536 | O33: 組合室 | P33: 抓樣不穩 | R33: 壹號醬炙烤牛飯糰
A34: 7 | B34: (V)川燙小青花菜 | C34: 1413.8537 | D34: 637.6 | E34: 641.1 | F34: 9.08 | G34: 147.43 | H34: =(E34+F34)/D34 -> 1.0197302 | I34: 1854.6694 | J34: 2.99 | K34: =J34/D34 -> 0.0046894605 | L34: =J34*G34 -> 440.8157 | M34: =((E34+F34)-D34)-J34 -> 9.59 | N34: =M34/D34 -> 0.015040778 | O34: 組合室 | P34: 原物料規格 | Q34: 大顆比例高 | R34: 共用類
A35: 8 | B35: 分切炙燒炭火燒肉片(主食) | C35: 1333.3952 | D35: 63.88 | E35: 64.1 | F35: 1.9 | G35: 628.96 | H35: =(E35+F35)/D35 -> 1.0331872 | I35: 1333.3952 | J35: 0 | K35: =J35/D35 -> 0 | L35: =J35*G35 -> 0 | M35: =((E35+F35)-D35)-J35 -> 2.12 | N35: =M35/D35 -> 0.033187226 | O35: 組合室 | P35: 抓樣不穩 | R35: 蒜蒜燒豚飯
A36: 9 | B36: 鮮食雙色起司絲 | C36: 1198 | D36: 120.27 | E36: 123.05 | F36: 3.95 | G36: 200 | H36: =(E36+F36)/D36 -> 1.0559574 | I36: 1346 | J36: 0.74 | K36: =J36/D36 -> 0.0061528228 | L36: =J36*G36 -> 148 | M36: =((E36+F36)-D36)-J36 -> 5.99 | N36: =M36/D36 -> 0.049804606 | O36: 組合室 | P36: 抓樣不穩 | R36: 共用類
A37: 10 | B37: (V)消毒小黃瓜絲 | C37: 1152.608 | D37: 303.21 | E37: 301.37 | F37: 9.8 | G37: 144.8 | H37: =(E37+F37)/D37 -> 1.0262524 | I37: 1152.608 | J37: 0 | K37: =J37/D37 -> 0 | L37: =J37*G37 -> 0 | M37: =((E37+F37)-D37)-J37 -> 7.96 | N37: =M37/D37 -> 0.026252432 | O37: 組合室 | P37: 抓樣不穩 | R37: 共用類
A39: 共用類報廢金額前十名半成品
A40: 明細展開
A41: 排序 | B41: 半成品
B42: 名稱 | C42: 報廢金額 排序 | D42: 共用類總金額 占比
A44: 1 | B44: (V)川燙小青花菜 | C44: 440.8157 | D44: =C44/$L$5 -> 0.14687675
A45: 2 | B45: 消毒青蔥絲 | C45: 427.3512 | D45: =C45/$L$5 -> 0.14239047
A46: 3 | B46: 川燙毛豆玉米 | C46: 269.9577 | D46: =C46/$L$5 -> 0.089948041
A47: 4 | B47: 60切-烤豆腐蛋白丁 | C47: 213.15 | D47: =C47/$L$5 -> 0.071020108
A48: 5 | B48: 切義美滷豆乾 | C48: 209.1 | D48: =C48/$L$5 -> 0.069670676
A49: 6 | B49: 烤12切家常豆腐 | C49: 193.05 | D49: =C49/$L$5 -> 0.064322926
A50: 7 | B50: 烤大口蛋皮(111年) | C50: 191.11 | D50: =C50/$L$5 -> 0.063676532
A51: 8 | B51: 蒜炒紅k高麗菜(111年) | C51: 172.584 | D51: =C51/$L$5 -> 0.057503797
A52: 9 | B52: 消毒蔥花 | C52: 162.21 | D52: =C52/$L$5 -> 0.054047252
A53: 10 | B53: 鮮食雙色起司絲 | C53: 148 | D53: =C53/$L$5 -> 0.049312578
A54: ※炊飯類不納入半成品廢棄計算
A56: ※淺黃色為工廠自填項目

Sheet 0820分析標準表
A1: 大溪廠半成品管理分析
A2: 日期 | C2: 營業額 | D2: 報廢展開 | F2: 超用展開 | H2: 報廢展開 | J2: 超用展開 | L2: 報廢展開
A3: 45889 | C3: 7775987.8 | D3: 總報廢 | F3: 總超用 | H3: 報廢-前10名 | J3: 超用-前10名 | L3: 共用類-總報廢
D4: 金額 | E4: 占比(營業額) | F4: 金額 | G4: 占比(營業額) | H4: 金額 | I4: 占比(總報廢) | J4: 金額 | K4: 占比(總超用) | L4: 金額 | M4: 占比(總報廢)
A5: 年度KPI目標0.25% | D5: 18753.286 | E5: =D5/C3 -> 0.0024116918 | F5: 61899.049 | G5: =F5/C3 -> 0.0079602811 | H5: =SUM(C12:C21) -> 4932.1411 | I5: =H5/D5 -> 0.26300144 | J5: =SUM(C28:C37) -> 15165.343 | K5: =J5/F5 -> 0.24500122 | L5: 3175.0388 | M5: =L5/D5 -> 0.16930573
A7: 報廢金額前十名半成品
A8: 明細展開 | D8: 生產資訊 | O8: 類別 | P8: 分析原因 (請填寫8大原因) | Q8: 其他原因說明 | R8: 備註-商品名稱
A9: 排序 | B9: 半成品 | D9: 生產端 | J9: 組合端
B10: 名稱 | C10: 報廢金額 排序 | D10: 產出量 | J10: 報廢 | L10: 超用
D11: 訂單需求 (kg) | E11: 實際產出 (kg) | F11: 補單 (kg) | G11: 單價 (元) | H11: 實際生產 (對比訂單需求) | I11: 差異 (元) | J11: kg | K11: 占比 | L11: kg | M11: 占比 | N11: 金額 (元)
A12: 1 | B12: 烤銀鮭魚肚 | C12: 1019.7 | D12: 4113 | E12: 4179 | F12: 0 | G12: 15.45 | H12: =(E12+F12)/D12 -> 1.0160467 | I12: 1019.7 | J12: 66 | K12: =J12/D12 -> 0.016046681 | L12: =((E12+F12)-D12)-J12 -> 0 | M12: =L12/D12 -> 0 | N12: =L12*G12 -> 0 | O12: 調理端 | P12: 研發設定 | Q12: 研發設定，小片的規格不符合指示書設定重量 | R12: 一配贅沢鮭魚肚飯糰
A13: 2 | B13: 蒸-全熟雞肉絲CL(113年) | C13: 896.049 | D13: 116.41 | E13: 118.51 | F13: 0 | G13: 426.69 | H13: =(E13+F13)/D13 -> 1.0180397 | I13: 896.049 | J13: 2.1 | K13: =J13/D13 -> 0.018039687 | L13: =((E13+F13)-D13)-J13 -> -5.7731597e-15 | M13: =L13/D13 -> -4.9593332e-17 | N13: =L13*G13 -> -2.4633495e-12 | O13: 調理端 | P13: 抓樣不穩 | R13: 雞肉飯飯糰
A14: 3 | B14: (V)川燙小青花菜 | C14: 496.8391 | D14: 692.41 | E14: 691.82 | F14: 15.2 | G14: 147.43 | H14: =(E14+F14)/D14 -> 1.0211002 | I14: 2153.9523 | J14: 3.37 | K14: =J14/D14 -> 0.0048670585 | L14: =((E14+F14)-D14)-J14 -> 11.24 | M14: =L14/D14 -> 0.016233157 | N14: =L14*G14 -> 1657.1132 | O14: 調理端 | P14: 原物料規格 | Q14: 大顆比例高 | R14: 共用類
A15: 4 | B15: 烤黑胡椒洋蔥絲 | C15: 468.9277 | D15: 127.68 | E15: 132.35 | F15: 0 | G15: 141.67 | H15: =(E15+F15)/D15 -> 1.0365758 | I15: 661.5989 | J15: 3.31 | K15: =J15/D15 -> 0.025924185 | L15: =((E15+F15)-D15)-J15 -> 1.36 | M15: =L15/D15 -> 0.010651629 | N15: =L15*G15 -> 192.6712 | O15: 調理端 | P15: 抓樣不穩 | R15: 糖燻野郎三十天熟成牛飯
A16: 5 | B16: 113年川燙綠豆芽 | C16: 394.4352 | D16: 70.76 | E16: 74.38 | F16: 0 | G16: 108.96 | H16: =(E16+F16)/D16 -> 1.0511588 | I16: 394.4352 | J16: 3.62 | K16: =J16/D16 -> 0.051158847 | L16: =((E16+F16)-D16)-J16 -> 4.4408921e-15 | M16: =L16/D16 -> 6.2759922e-17 | N16: =L16*G16 -> 4.838796e-13 | O16: 調理端 | P16: 展開量105% | R16: 越式牛肉寬粉
A17: 6 | B17: 消毒青蔥絲 | C17: 362.7516 | D17: 32.19 | E17: 34.17 | F17: 0 | G17: 248.46 | H17: =(E17+F17)/D17 -> 1.0615098 | I17: 491.9508 | J17: 1.46 | K17: =J17/D17 -> 0.045355701 | L17: =((E17+F17)-D17)-J17 -> 0.52 | M17: =L17/D17 -> 0.016154085 | N17: =L17*G17 -> 129.1992 | O17: 調理端 | P17: 展開量105% | R17: 共用類
A18: 7 | B18: 薑炒筍尾 | C18: 347.0985 | D18: 49.43 | E18: 53.59 | F18: 0 | G18: 183.65 | H18: =(E18+F18)/D18 -> 1.0841594 | I18: 763.984 | J18: 1.89 | K18: =J18/D18 -> 0.038235889 | L18: =((E18+F18)-D18)-J18 -> 2.27 | M18: =L18/D18 -> 0.045923528 | N18: =L18*G18 -> 416.8855 | O18: 調理端 | P18: 展開量105% | R18: 經典滷肉飯
A19: 8 | B19: 烤四角薯餅 | C19: 318.3 | D19: 1303 | E19: 1333 | F19: 0 | G19: 10.61 | H19: =(E19+F19)/D19 -> 1.0230238 | I19: 318.3 | J19: 30 | K19: =J19/D19 -> 0.023023791 | L19: =((E19+F19)-D19)-J19 -> 0 | M19: =L19/D19 -> 0 | N19: =L19*G19 -> 0 | O19: 調理端 | P19: 製程不穩 | R19: 二配薯勾以蛋包飯
A20: 9 | B20: 川燙毛豆玉米 | C20: 315.74 | D20: 349.04 | E20: 352.48 | F20: 0 | G20: 157.87 | H20: =(E20+F20)/D20 -> 1.0098556 | I20: 543.0728 | J20: 2 | K20: =J20/D20 -> 0.0057300023 | L20: =((E20+F20)-D20)-J20 -> 1.44 | M20: =L20/D20 -> 0.0041256017 | N20: =L20*G20 -> 227.3328 | O20: 調理端 | P20: 抓樣不穩 | R20: 共用類
A21: 10 | B21: 蒸鰻魚片(主食用) | C21: 312.3 | D21: 4776 | E21: 4806 | F21: 0 | G21: 10.41 | H21: =(E21+F21)/D21 -> 1.0062814 | I21: 312.3 | J21: 30 | K21: =J21/D21 -> 0.006281407 | L21: =((E21+F21)-D21)-J21 -> 0 | M21: =L21/D21 -> 0 | N21: =L21*G21 -> 0 | O21: 調理端 | P21: 製程不穩 | R21: 鰻牛雙饗匠食盒
A23: 超用金額前十名半成品
A24: 明細展開 | D24: 生產資訊 | O24: 類別 | P24: 分析原因 (請填寫8大原因) | Q24: 其他原因說明 | R24: 備註-商品名稱
A25: 排序 | B25: 半成品 | D25: 生產端 | J25: 組合端
B26: 名稱 | C26: 超用金額 排序 | D26: 產出量 | J26: 報廢 | M26: 超用
D27: 訂單需求 (kg) | E27: 實際產出 (kg) | F27: 補單 (kg) | G27: 單價 (元) | H27: 實際生產 (對比訂單需求) | I27: 差異 (元) | J27: kg | K27: 占比 | L27: 金額 (元) | M27: kg | N27: 占比
A28: 1 | B28: 112炒高級芝麻肉鬆 | C28: 2225.9424 | D28: 262.12 | E28: 273.89 | F28: 0 | G28: 189.12 | H28: =(E28+F28)/D28 -> 1.0449031 | I28: 2225.9424 | J28: 0 | K28: =J28/D28 -> 0 | L28: =J28*G28 -> 0 | M28: =((E28+F28)-D28)-J28 -> 11.77 | N28: =M28/D28 -> 0.044903098 | O28: 組合室 | P28: 抓樣不穩 | R28: 經典肉鬆飯糰
A29: 2 | B29: 鮮食雙色起司絲 | C29: 1754 | D29: 137.23 | E29: 139.95 | F29: 6.05 | G29: 200 | H29: =(E29+F29)/D29 -> 1.0639073 | I29: 1754 | J29: 0 | K29: =J29/D29 -> 0 | L29: =J29*G29 -> 0 | M29: =((E29+F29)-D29)-J29 -> 8.77 | N29: =M29/D29 -> 0.063907309 | O29: 組合室 | P29: 抓樣不穩 | R29: 共用類
A30: 3 | B30: 切烤雞胸肉(111年) | C30: 1720.6628 | D30: 196.59 | E30: 192.06 | F30: 8.75 | G30: 407.74 | H30: =(E30+F30)/D30 -> 1.021466 | I30: 1720.6628 | J30: 0 | K30: =J30/D30 -> 0 | L30: =J30*G30 -> 0 | M30: =((E30+F30)-D30)-J30 -> 4.22 | N30: =M30/D30 -> 0.021465995 | O30: 組合室 | P30: 其他原因 | Q30: 雙圈秤重範圍 | R30: 健身G肉餐盒(113年)
A31: 4 | B31: (V)川燙小青花菜 | C31: 1657.1132 | D31: 692.41 | E31: 691.82 | F31: 15.2 | G31: 147.43 | H31: =(E31+F31)/D31 -> 1.0211002 | I31: 2153.9523 | J31: 3.37 | K31: =J31/D31 -> 0.0048670585 | L31: =J31*G31 -> 496.8391 | M31: =((E31+F31)-D31)-J31 -> 11.24 | N31: =M31/D31 -> 0.016233157 | O31: 組合室 | P31: 原物料規格 | Q31: 大顆比例高 | R31: 共用類
A32: 5 | B32: 切-鹽烤牛肉 | C32: 1384.4996 | D32: 99.8 | E32: 100.05 | F32: 1.84 | G32: 662.44 | H32: =(E32+F32)/D32 -> 1.0209419 | I32: 1384.4996 | J32: 0 | K32: =J32/D32 -> 0 | L32: =J32*G32 -> 0 | M32: =((E32+F32)-D32)-J32 -> 2.09 | N32: =M32/D32 -> 0.020941884 | O32: 組合室 | P32: 抓樣不穩 | R32: 共用類
A33: 6 | B33: 分切炙燒炭火燒肉片(主食) | C33: 1333.3952 | D33: 68.7 | E33: 68.92 | F33: 1.9 | G33: 628.96 | H33: =(E33+F33)/D33 -> 1.0308588 | I33: 1333.3952 | J33: 0 | K33: =J33/D33 -> 0 | L33: =J33*G33 -> 0 | M33: =((E33+F33)-D33)-J33 -> 2.12 | N33: =M33/D33 -> 0.030858806 | O33: 組合室 | P33: 抓樣不穩 | R33: 蒜蒜燒豚飯
A34: 7 | B34: 煮中華冷麵(110年) | C34: 1329.8064 | D34: 5250.24 | E34: 5230.3 | F34: 57 | G34: 39.39 | H34: =(E34+F34)/D34 -> 1.0070587 | I34: 1459.7934 | J34: 3.3 | K34: =J34/D34 -> 0.0006285427 | L34: =J34*G34 -> 129.987 | M34: =((E34+F34)-D34)-J34 -> 33.76 | N34: =M34/D34 -> 0.0064301822 | O34: 組合室 | P34: 抓樣不穩 | R34: 共用類
A35: 8 | B35: 炙燒韓式牛五花 | C35: 1320.9 | D35: 29.01 | E35: 31.11 | F35: 0 | G35: 629 | H35: =(E35+F35)/D35 -> 1.0723888 | I35: 1320.9 | J35: 0 | K35: =J35/D35 -> 0 | L35: =J35*G35 -> 0 | M35: =((E35+F35)-D35)-J35 -> 2.1 | N35: =M35/D35 -> 0.072388831 | O35: 組合室 | P35: 抓樣不穩 | R35: 壹號醬炙烤牛飯糰
A36: 9 | B36: 切-究極燒肉片 | C36: 1260.5138 | D36: 52.45 | E36: 51.57 | F36: 2.7 | G36: 692.59 | H36: =(E36+F36)/D36 -> 1.0346997 | I36: 1260.5138 | J36: 0 | K36: =J36/D36 -> 0 | L36: =J36*G36 -> 0 | M36: =((E36+F36)-D36)-J36 -> 1.82 | N36: =M36/D36 -> 0.034699714 | O36: 組合室 | P36: 抓樣不穩 | R36: 壹號醬雞豚雙拼
A37: 10 | B37: 三杯海瓜子 | C37: 1178.5092 | D37: 35.55 | E37: 37.77 | F37: 0 | G37: 530.86 | H37: =(E37+F37)/D37 -> 1.0624473 | I37: 1178.5092 | J37: 0 | K37: =J37/D37 -> 0 | L37: =J37*G37 -> 0 | M37: =((E37+F37)-D37)-J37 -> 2.22 | N37: =M37/D37 -> 0.062447257 | O37: 組合室 | P37: 抓樣不穩 | R37: 二配三杯海瓜子好下飯
A39: 共用類報廢金額前十名半成品
A40: 明細展開
A41: 排序 | B41: 半成品
B42: 名稱 | C42: 報廢金額 排序 | D42: 共用類總金額 占比
A44: 1 | B44: (V)川燙小青花菜 | C44: 496.8391 | D44: =C44/$L$5 -> 0.15648284
A45: 2 | B45: 消毒青蔥絲 | C45: 362.7516 | D45: =C45/$L$5 -> 0.11425108
A46: 3 | B46: 川燙毛豆玉米 | C46: 315.74 | D46: =C46/$L$5 -> 0.099444454
A47: 4 | B47: 60切-烤豆腐蛋白丁 | C47: 303.8 | D47: =C47/$L$5 -> 0.09568387
A48: 5 | B48: 烤12切家常豆腐 | C48: 284.31 | D48: =C48/$L$5 -> 0.089545362
A49: 6 | B49: 烤大口蛋皮(111年) | C49: 257.01 | D49: =C49/$L$5 -> 0.080947042
A50: 7 | B50: 蒜炒紅k高麗菜(111年) | C50: 172.584 | D50: =C50/$L$5 -> 0.054356501
A51: 8 | B51: 消毒蔥花 | C51: 162.21 | D51: =C51/$L$5 -> 0.051089139
A52: 9 | B52: 切義美滷豆乾 | C52: 144.5 | D52: =C52/$L$5 -> 0.045511255
A53: 10 | B53: 煮中華冷麵(110年) | C53: 129.987 | D53: =C53/$L$5 -> 0.040940287
A54: ※炊飯類不納入半成品廢棄計算
A56: ※淺黃色為工廠自填項目

Sheet 0819分析標準表
A1: 大溪廠半成品管理分析
A2: 日期 | C2: 營業額 | D2: 報廢展開 | F2: 超用展開 | H2: 報廢展開 | J2: 超用展開 | L2: 報廢展開
A3: 45888 | C3: 7909637 | D3: 總報廢 | F3: 總超用 | H3: 報廢-前10名 | J3: 超用-前10名 | L3: 共用類-總報廢
D4: 金額 | E4: 占比(營業額) | F4: 金額 | G4: 占比(營業額) | H4: 金額 | I4: 占比(總報廢) | J4: 金額 | K4: 占比(總超用) | L4: 金額 | M4: 占比(總報廢)
A5: 年度KPI目標0.25% | D5: 19096.599 | E5: =D5/C3 -> 0.0024143458 | F5: 63190.177 | G5: =F5/C3 -> 0.007989011 | H5: =SUM(C12:C21) -> 4584.4793 | I5: =H5/D5 -> 0.24006784 | J5: =SUM(C28:C37) -> 19388.742 | K5: =J5/F5 -> 0.30683159 | L5: 2920.665 | M5: =L5/D5 -> 0.15294163
A7: 報廢金額前十名半成品
A8: 明細展開 | D8: 生產資訊 | O8: 類別 | P8: 分析原因 (請填寫8大原因) | Q8: 其他原因說明 | R8: 備註-商品名稱
A9: 排序 | B9: 半成品 | D9: 生產端 | J9: 組合端
B10: 名稱 | C10: 報廢金額 排序 | D10: 產出量 | J10: 報廢 | L10: 超用
D11: 訂單需求 (kg) | E11: 實際產出 (kg) | F11: 補單 (kg) | G11: 單價 (元) | H11: 實際生產 (對比訂單需求) | I11: 差異 (元) | J11: kg | K11: 占比 | L11: kg | M11: 占比 | N11: 金額 (元)
A12: 1 | B12: 烤銀鮭魚肚 | C12: 1390.5 | D12: 4057 | E12: 4147 | F12: 0 | G12: 15.45 | H12: =(E12+F12)/D12 -> 1.0221839 | I12: 1390.5 | J12: 90 | K12: =J12/D12 -> 0.02218388 | L12: =((E12+F12)-D12)-J12 -> 0 | M12: =L12/D12 -> 0 | N12: =L12*G12 -> 0 | O12: 調理端 | P12: 研發設定 | Q12: 研發設定，小片的規格不符合指示書設定重量 | R12: 一配贅沢鮭魚肚飯糰
A13: 2 | B13: 焗飯-蕃茄拌飯 | C13: 412.2858 | D13: 193.2 | E13: 199.94 | F13: 0 | G13: 61.17 | H13: =(E13+F13)/D13 -> 1.0348861 | I13: 412.2858 | J13: 6.74 | K13: =J13/D13 -> 0.034886128 | L13: =((E13+F13)-D13)-J13 -> 8.8817842e-15 | M13: =L13/D13 -> 4.5971968e-17 | N13: =L13*G13 -> 5.4329874e-13 | O13: 調理端 | P13: 其他原因 | Q13: 炊飯機固定批量 | R13: 二配薯勾以蛋包飯
A14: 3 | B14: 消毒青蔥絲 | C14: 370.2054 | D14: 34.62 | E14: 36.68 | F14: 0 | G14: 248.46 | H14: =(E14+F14)/D14 -> 1.0595032 | I14: 511.8276 | J14: 1.49 | K14: =J14/D14 -> 0.043038706 | L14: =((E14+F14)-D14)-J14 -> 0.57 | M14: =L14/D14 -> 0.016464471 | N14: =L14*G14 -> 141.6222 | O14: 調理端 | P14: 展開量105% | R14: 共用類
A15: 4 | B15: 薑炒筍尾 | C15: 367.3 | D15: 48.1 | E15: 51.43 | F15: 0 | G15: 183.65 | H15: =(E15+F15)/D15 -> 1.0692308 | I15: 611.5545 | J15: 2 | K15: =J15/D15 -> 0.041580042 | L15: =((E15+F15)-D15)-J15 -> 1.33 | M15: =L15/D15 -> 0.027650728 | N15: =L15*G15 -> 244.2545 | O15: 調理端 | P15: 展開量105% | R15: 經典滷肉飯
A16: 5 | B16: 蒸鰻魚片(主食用) | C16: 364.35 | D16: 4914 | E16: 4894 | F16: 55 | G16: 10.41 | H16: =(E16+F16)/D16 -> 1.0071225 | I16: 364.35 | J16: 35 | K16: =J16/D16 -> 0.0071225071 | L16: =((E16+F16)-D16)-J16 -> 0 | M16: =L16/D16 -> 0 | N16: =L16*G16 -> 0 | O16: 調理端 | P16: 製程不穩 | R16: 鰻牛雙饗匠食盒
A17: 6 | B17: (V)川燙小青花菜 | C17: 361.2035 | D17: 730.64 | E17: 730.33 | F17: 11.3 | G17: 147.43 | H17: =(E17+F17)/D17 -> 1.0150416 | I17: 1620.2557 | J17: 2.45 | K17: =J17/D17 -> 0.0033532246 | L17: =((E17+F17)-D17)-J17 -> 8.54 | M17: =L17/D17 -> 0.011688383 | N17: =L17*G17 -> 1259.0522 | O17: 調理端 | P17: 原物料規格 | Q17: 大顆比例高 | R17: 共用類
A18: 7 | B18: 烤黑胡椒洋蔥絲 | C18: 358.4251 | D18: 131.95 | E18: 134.09 | F18: 3.3 | G18: 141.67 | H18: =(E18+F18)/D18 -> 1.0412277 | I18: 770.6848 | J18: 2.53 | K18: =J18/D18 -> 0.01917393 | L18: =((E18+F18)-D18)-J18 -> 2.91 | M18: =L18/D18 -> 0.022053808 | N18: =L18*G18 -> 412.2597 | O18: 調理端 | P18: 抓樣不穩 | R18: 糖燻野郎三十天熟成牛飯
A19: 8 | B19: 洋蔥壹號醬 | C19: 321.699 | D19: 51.08 | E19: 54.75 | F19: 0 | G19: 153.19 | H19: =(E19+F19)/D19 -> 1.0718481 | I19: 562.2073 | J19: 2.1 | K19: =J19/D19 -> 0.041111981 | L19: =((E19+F19)-D19)-J19 -> 1.57 | M19: =L19/D19 -> 0.0307361 | N19: =L19*G19 -> 240.5083 | O19: 調理端 | P19: 展開量105% | R19: 壹號醬炙烤牛飯糰
A20: 9 | B20: 切義美滷豆乾 | C20: 319.6 | D20: 11430 | E20: 11806 | F20: 0 | G20: 0.85 | H20: =(E20+F20)/D20 -> 1.0328959 | I20: 319.6 | J20: 376 | K20: =J20/D20 -> 0.032895888 | L20: =((E20+F20)-D20)-J20 -> 0 | M20: =L20/D20 -> 0 | N20: =L20*G20 -> 0 | O20: 調理端 | P20: 製程不穩 | R20: 共用類
A21: 10 | B21: 自製鹽蔥(114年) | C21: 318.9105 | D21: 21.84 | E21: 23.19 | F21: 0 | G21: 236.23 | H21: =(E21+F21)/D21 -> 1.0618132 | I21: 318.9105 | J21: 1.35 | K21: =J21/D21 -> 0.061813187 | L21: =((E21+F21)-D21)-J21 -> 0 | M21: =L21/D21 -> 0 | N21: =L21*G21 -> 0 | O21: 調理端 | P21: 展開量105% | R21: 壹號醬雞豚雙拼
A23: 超用金額前十名半成品
A24: 明細展開 | D24: 生產資訊 | O24: 類別 | P24: 分析原因 (請填寫8大原因) | Q24: 其他原因說明 | R24: 備註-商品名稱
A25: 排序 | B25: 半成品 | D25: 生產端 | J25: 組合端
B26: 名稱 | C26: 超用金額 排序 | D26: 產出量 | J26: 報廢 | M26: 超用
D27: 訂單需求 (kg) | E27: 實際產出 (kg) | F27: 補單 (kg) | G27: 單價 (元) | H27: 實際生產 (對比訂單需求) | I27: 差異 (元) | J27: kg | K27: 占比 | L27: 金額 (元) | M27: kg | N27: 占比
A28: 1 | B28: 切烤雞胸肉(111年) | C28: 5060.0534 | D28: 222.11 | E28: 224.02 | F28: 10.5 | G28: 407.74 | H28: =(E28+F28)/D28 -> 1.0558732 | I28: 5060.0534 | J28: 0 | K28: =J28/D28 -> 0 | L28: =J28*G28 -> 0 | M28: =((E28+F28)-D28)-J28 -> 12.41 | N28: =M28/D28 -> 0.055873216 | O28: 組合室 | P28: 其他原因 | Q28: 雙圈秤重範圍 | R28: 健身G肉餐盒(113年)
A29: 2 | B29: 蒸-醬香雞肉絲CL | C29: 2516.3292 | D29: 103.87 | E29: 104.35 | F29: 6.3 | G29: 371.14 | H29: =(E29+F29)/D29 -> 1.0652739 | I29: 2516.3292 | J29: 0 | K29: =J29/D29 -> 0 | L29: =J29*G29 -> 0 | M29: =((E29+F29)-D29)-J29 -> 6.78 | N29: =M29/D29 -> 0.0652739 | O29: 組合室 | P29: 抓樣不穩 | R29: 共用類
A30: 3 | B30: 切-鹽烤熟成牛肉 | C30: 2410.5536 | D30: 32.76 | E30: 32.4 | F30: 4 | G30: 662.24 | H30: =(E30+F30)/D30 -> 1.1111111 | I30: 2410.5536 | J30: 0 | K30: =J30/D30 -> 0 | L30: =J30*G30 -> 0 | M30: =((E30+F30)-D30)-J30 -> 3.64 | N30: =M30/D30 -> 0.11111111 | O30: 組合室 | P30: 抓樣不穩 | R30: 鰻牛雙饗匠食盒
A31: 4 | B31: 鮮食雙色起司絲 | C31: 2088 | D31: 142.56 | E31: 145.25 | F31: 7.75 | G31: 200 | H31: =(E31+F31)/D31 -> 1.0732323 | I31: 2088 | J31: 0 | K31: =J31/D31 -> 0 | L31: =J31*G31 -> 0 | M31: =((E31+F31)-D31)-J31 -> 10.44 | N31: =M31/D31 -> 0.073232323 | O31: 組合室 | P31: 抓樣不穩 | R31: 共用類
A32: 5 | B32: 煮牛肉片(A7) | C32: 1487.6899 | D32: 58.87 | E32: 56.82 | F32: 4.32 | G32: 655.37 | H32: =(E32+F32)/D32 -> 1.0385595 | I32: 1487.6899 | J32: 0 | K32: =J32/D32 -> 0 | L32: =J32*G32 -> 0 | M32: =((E32+F32)-D32)-J32 -> 2.27 | N32: =M32/D32 -> 0.038559538 | O32: 組合室 | P32: 抓樣不穩 | R32: 越式牛肉寬粉
A33: 6 | B33: (V)川燙小青花菜 | C33: 1259.0522 | D33: 730.64 | E33: 730.33 | F33: 11.3 | G33: 147.43 | H33: =(E33+F33)/D33 -> 1.0150416 | I33: 1620.2557 | J33: 2.45 | K33: =J33/D33 -> 0.0033532246 | L33: =J33*G33 -> 361.2035 | M33: =((E33+F33)-D33)-J33 -> 8.54 | N33: =M33/D33 -> 0.011688383 | O33: 組合室 | P33: 原物料規格 | Q33: 大顆比例高 | R33: 共用類
A34: 7 | B34: 炒油蔥醬 | C34: 1222 | D34: 192.4 | E34: 200.4 | F34: 0 | G34: 152.75 | H34: =(E34+F34)/D34 -> 1.04158 | I34: 1222 | J34: 0 | K34: =J34/D34 -> 0 | L34: =J34*G34 -> 0 | M34: =((E34+F34)-D34)-J34 -> 8 | N34: =M34/D34 -> 0.041580042 | O34: 組合室 | P34: 抓樣不穩 | R34: 雞肉飯飯糰
A35: 8 | B35: 歐姆蛋-黑咖哩醬 | C35: 1190.34 | D35: 320.6 | E35: 308.08 | F35: 30.52 | G35: 66.13 | H35: =(E35+F35)/D35 -> 1.0561447 | I35: 1190.34 | J35: 0 | K35: =J35/D35 -> 0 | L35: =J35*G35 -> 0 | M35: =((E35+F35)-D35)-J35 -> 18 | N35: =M35/D35 -> 0.056144729 | O35: 組合室 | P35: 抓樣不穩 | R35: 二配里肌豬排可可咖哩歐姆蛋飯
A36: 9 | B36: 切-烤牛五花(112年) | C36: 1084.3462 | D36: 236.41 | E36: 238.2 | F36: 0 | G36: 605.78 | H36: =(E36+F36)/D36 -> 1.0075716 | I36: 1084.3462 | J36: 0 | K36: =J36/D36 -> 0 | L36: =J36*G36 -> 0 | M36: =((E36+F36)-D36)-J36 -> 1.79 | N36: =M36/D36 -> 0.0075715917 | O36: 組合室 | P36: 其他原因 | Q36: 雙圈秤重範圍 | R36: 糖燻野郎三十天熟成牛飯
A37: 10 | B37: 碳香燒肉醬 | C37: 1070.378 | D37: 103.74 | E37: 103.64 | F37: 9.5 | G37: 113.87 | H37: =(E37+F37)/D37 -> 1.0906111 | I37: 1070.378 | J37: 0 | K37: =J37/D37 -> 0 | L37: =J37*G37 -> 0 | M37: =((E37+F37)-D37)-J37 -> 9.4 | N37: =M37/D37 -> 0.090611143 | O37: 組合室 | P37: 抓樣不穩 | R37: 壹號醬雞豚雙拼
A39: 共用類報廢金額前十名半成品
A40: 明細展開
A41: 排序 | B41: 半成品
B42: 名稱 | C42: 報廢金額 排序 | D42: 共用類總金額 占比
A44: 1 | B44: 消毒青蔥絲 | C44: 370.2054 | D44: =C44/$L$5 -> 0.1267538
A45: 2 | B45: (V)川燙小青花菜 | C45: 361.2035 | D45: =C45/$L$5 -> 0.12367166
A46: 3 | B46: 切義美滷豆乾 | C46: 319.6 | D46: =C46/$L$5 -> 0.10942713
A47: 4 | B47: 60切-烤豆腐蛋白丁 | C47: 308.7 | D47: =C47/$L$5 -> 0.10569511
A48: 5 | B48: 烤12切家常豆腐 | C48: 305.37 | D48: =C48/$L$5 -> 0.10455496
A49: 6 | B49: 烤大口蛋皮(111年) | C49: 296.55 | D49: =C49/$L$5 -> 0.1015351
A50: 7 | B50: 蒜炒紅k高麗菜(111年) | C50: 172.584 | D50: =C50/$L$5 -> 0.059090652
A51: 8 | B51: 消毒蔥花 | C51: 162.21 | D51: =C51/$L$5 -> 0.055538721
A52: 9 | B52: 消毒細切紅蘿蔔絲 | C52: 116.4368 | D52: =C52/$L$5 -> 0.039866537
A53: 10 | B53: 日式烤洋蔥絲(114年) | C53: 101.655 | D53: =C53/$L$5 -> 0.03480543
A54: ※炊飯類不納入半成品廢棄計算
A56: ※淺黃色為工廠自填項目

Sheet 0818分析標準表
A1: 大溪廠半成品管理分析
A2: 日期 | C2: 營業額 | D2: 報廢展開 | F2: 超用展開 | H2: 報廢展開 | J2: 超用展開 | L2: 報廢展開
A3: 45887 | C3: 7989071.5 | D3: 總報廢 | F3: 總超用 | H3: 報廢-前10名 | J3: 超用-前10名 | L3: 共用類-總報廢
D4: 金額 | E4: 占比(營業額) | F4: 金額 | G4: 占比(營業額) | H4: 金額 | I4: 占比(總報廢) | J4: 金額 | K4: 占比(總超用) | L4: 金額 | M4: 占比(總報廢)
A5: 年度KPI目標0.25% | D5: 19315.408 | E5: =D5/C3 -> 0.0024177288 | F5: 63949.724 | G5: =F5/C3 -> 0.0080046503 | H5: =SUM(C12:C21) -> 4834.7357 | I5: =H5/D5 -> 0.25030461 | J5: =SUM(C28:C37) -> 16251.213 | K5: =J5/F5 -> 0.25412483 | L5: 2780.3091 | M5: =L5/D5 -> 0.14394255
A7: 報廢金額前十名半成品
A8: 明細展開 | D8: 生產資訊 | O8: 類別 | P8: 分析原因 | Q8: 備註-商品名稱
A9: 排序 | B9: 半成品 | D9: 生產端 | J9: 組合端
B10: 名稱 | C10: 報廢金額 排序 | D10: 產出量 | J10: 報廢 | L10: 超用
D11: 訂單需求 (kg) | E11: 實際產出 (kg) | F11: 補單 (kg) | G11: 單價 (元) | H11: 實際生產 (對比訂單需求) | I11: 差異 (元) | J11: kg | K11: 占比 | L11: kg | M11: 占比 | N11: 金額 (元)
A12: 1 | B12: (V)川燙小青花菜 | C12: 737.15 | D12: 753.91 | E12: 758.79 | F12: 16.74 | G12: 147.43 | H12: =(E12+F12)/D12 -> 1.0286772 | I12: 3187.4366 | J12: 5 | K12: =J12/D12 -> 0.0066320914 | L12: =((E12+F12)-D12)-J12 -> 16.62 | M12: =L12/D12 -> 0.022045072 | N12: =L12*G12 -> 2450.2866 | O12: 調理端 | P12: 原物料規格，大顆比例高 | Q12: 共用類
A13: 2 | B13: 烤銀鮭魚肚 | C13: 695.25 | D13: 4188 | E13: 4233 | F13: 0 | G13: 15.45 | H13: =(E13+F13)/D13 -> 1.010745 | I13: 695.25 | J13: 45 | K13: =J13/D13 -> 0.010744986 | L13: =((E13+F13)-D13)-J13 -> 0 | M13: =L13/D13 -> 0 | N13: =L13*G13 -> 0 | O13: 調理端 | P13: 研發設定，小片的規格不符合指示書設定重量 | Q13: 一配贅沢鮭魚肚飯糰
A14: 3 | B14: 焗飯-蕃茄拌飯 | C14: 679.5987 | D14: 202.58 | E14: 214.01 | F14: 0 | G14: 61.17 | H14: =(E14+F14)/D14 -> 1.0564222 | I14: 699.1731 | J14: 11.11 | K14: =J14/D14 -> 0.054842531 | L14: =((E14+F14)-D14)-J14 -> 0.32 | M14: =L14/D14 -> 0.0015796229 | N14: =L14*G14 -> 19.5744 | O14: 調理端 | P14: 炊飯機固定批量 | Q14: 二配薯勾以蛋包飯
A15: 4 | B15: 烤黑胡椒洋蔥絲 | C15: 507.1786 | D15: 130.08 | E15: 135.16 | F15: 0 | G15: 141.67 | H15: =(E15+F15)/D15 -> 1.0390529 | I15: 719.6836 | J15: 3.58 | K15: =J15/D15 -> 0.027521525 | L15: =((E15+F15)-D15)-J15 -> 1.5 | M15: =L15/D15 -> 0.011531365 | N15: =L15*G15 -> 212.505 | O15: 調理端 | P15: 抓樣不穩 | Q15: 糖燻野郎三十天熟成牛飯
A16: 5 | B16: 薑炒筍尾 | C16: 453.6155 | D16: 52.31 | E16: 52.78 | F16: 2.82 | G16: 183.65 | H16: =(E16+F16)/D16 -> 1.0628943 | I16: 604.2085 | J16: 2.47 | K16: =J16/D16 -> 0.047218505 | L16: =((E16+F16)-D16)-J16 -> 0.82 | M16: =L16/D16 -> 0.015675779 | N16: =L16*G16 -> 150.593 | O16: 調理端 | P16: 展開量105% | Q16: 經典滷肉飯
A17: 6 | B17: 自製鹽蔥(114年) | C17: 422.8517 | D17: 22.73 | E17: 24.52 | F17: 0 | G17: 236.23 | H17: =(E17+F17)/D17 -> 1.0787505 | I17: 422.8517 | J17: 1.79 | K17: =J17/D17 -> 0.07875055 | L17: =((E17+F17)-D17)-J17 -> 0 | M17: =L17/D17 -> 0 | N17: =L17*G17 -> 0 | O17: 調理端 | P17: 展開量105% | Q17: 壹號醬雞豚雙拼
A18: 7 | B18: 炒紅K碎蛋 | C18: 363.2256 | D18: 99.3 | E18: 102.22 | F18: 0 | G18: 189.18 | H18: =(E18+F18)/D18 -> 1.0294058 | I18: 552.4056 | J18: 1.92 | K18: =J18/D18 -> 0.019335347 | L18: =((E18+F18)-D18)-J18 -> 1 | M18: =L18/D18 -> 0.010070493 | N18: =L18*G18 -> 189.18 | O18: 調理端 | P18: 抓樣不穩 | Q18: 烤蛋白餐盒
A19: 8 | B19: 洋蔥壹號醬 | C19: 355.4008 | D19: 49.26 | E19: 52.25 | F19: 0 | G19: 153.19 | H19: =(E19+F19)/D19 -> 1.0606983 | I19: 458.0381 | J19: 2.32 | K19: =J19/D19 -> 0.047097036 | L19: =((E19+F19)-D19)-J19 -> 0.67 | M19: =L19/D19 -> 0.013601299 | N19: =L19*G19 -> 102.6373 | O19: 調理端 | P19: 展開量105% | Q19: 壹號醬炙烤牛飯糰
A20: 9 | B20: 烤四角薯餅 | C20: 318.3 | D20: 1447 | E20: 1477 | F20: 0 | G20: 10.61 | H20: =(E20+F20)/D20 -> 1.0207326 | I20: 318.3 | J20: 30 | K20: =J20/D20 -> 0.02073255 | L20: =((E20+F20)-D20)-J20 -> 0 | M20: =L20/D20 -> 0 | N20: =L20*G20 -> 0 | O20: 調理端 | P20: 製程耗損 | Q20: 二配薯勾以蛋包飯
A21: 10 | B21: 川味秋木耳 | C21: 302.1648 | D21: 42.25 | E21: 41.59 | F21: 1.85 | G21: 253.92 | H21: =(E21+F21)/D21 -> 1.0281657 | I21: 302.1648 | J21: 1.19 | K21: =J21/D21 -> 0.02816568 | L21: =((E21+F21)-D21)-J21 -> 4.8849813e-15 | M21: =L21/D21 -> 1.1562086e-16 | N21: =L21*G21 -> 1.2403945e-12 | O21: 調理端 | P21: 抓樣不穩 | Q21: 經典滷肉飯
A23: 超用金額前十名半成品
A24: 明細展開 | D24: 生產資訊 | O24: 類別 | P24: 分析原因 | Q24: 備註-商品名稱
A25: 排序 | B25: 半成品 | D25: 生產端 | J25: 組合端
B26: 名稱 | C26: 超用金額 排序 | D26: 產出量 | J26: 報廢 | M26: 超用
D27: 訂單需求 (kg) | E27: 實際產出 (kg) | F27: 補單 (kg) | G27: 單價 (元) | H27: 實際生產 (對比訂單需求) | I27: 差異 (元) | J27: kg | K27: 占比 | L27: 金額 (元) | M27: kg | N27: 占比
A28: 1 | B28: (V)川燙小青花菜 | C28: 2450.2866 | D28: 753.91 | E28: 758.79 | F28: 16.74 | G28: 147.43 | H28: =(E28+F28)/D28 -> 1.0286772 | I28: 3187.4366 | J28: 5 | K28: =J28/D28 -> 0.0066320914 | L28: =J28*G28 -> 737.15 | M28: =((E28+F28)-D28)-J28 -> 16.62 | N28: =M28/D28 -> 0.022045072 | O28: 組合室 | P28: 大顆比例高 | Q28: 共用類
A29: 2 | B29: 切-烤牛五花(112年) | C29: 2186.8658 | D29: 233.06 | E29: 233.23 | F29: 3.44 | G29: 605.78 | H29: =(E29+F29)/D29 -> 1.0154896 | I29: 2186.8658 | J29: 0 | K29: =J29/D29 -> 0 | L29: =J29*G29 -> 0 | M29: =((E29+F29)-D29)-J29 -> 3.61 | N29: =M29/D29 -> 0.015489574 | O29: 組合室 | P29: 雙圈秤重範圍 | Q29: 糖燻野郎三十天熟成牛飯
A30: 3 | B30: 煮牛肉片(A7) | C30: 1618.7639 | D30: 61.46 | E30: 59.13 | F30: 4.8 | G30: 655.37 | H30: =(E30+F30)/D30 -> 1.0401887 | I30: 1618.7639 | J30: 0 | K30: =J30/D30 -> 0 | L30: =J30*G30 -> 0 | M30: =((E30+F30)-D30)-J30 -> 2.47 | N30: =M30/D30 -> 0.040188741 | O30: 組合室 | P30: 抓樣不穩 | Q30: 越式牛肉寬粉
A31: 4 | B31: 鮮食雙色起司絲 | C31: 1552 | D31: 146.44 | E31: 150.6 | F31: 4.4 | G31: 200 | H31: =(E31+F31)/D31 -> 1.058454 | I31: 1712 | J31: 0.8 | K31: =J31/D31 -> 0.0054629883 | L31: =J31*G31 -> 160 | M31: =((E31+F31)-D31)-J31 -> 7.76 | N31: =M31/D31 -> 0.052990986 | O31: 組合室 | P31: 抓樣不穩 | Q31: 共用類
A32: 5 | B32: 拌燒肉片 | C32: 1528.6089 | D32: 32 | E32: 36.21 | F32: 0 | G32: 363.09 | H32: =(E32+F32)/D32 -> 1.1315625 | I32: 1528.6089 | J32: 0 | K32: =J32/D32 -> 0 | L32: =J32*G32 -> 0 | M32: =((E32+F32)-D32)-J32 -> 4.21 | N32: =M32/D32 -> 0.1315625 | O32: 組合室 | P32: 抓樣不穩 | Q32: 大口蒜味香腸燒肉雙拼飯糰
A33: 6 | B33: 切烤雞胸肉(111年) | C33: 1508.638 | D33: 231.94 | E33: 224.09 | F33: 11.55 | G33: 407.74 | H33: =(E33+F33)/D33 -> 1.0159524 | I33: 1508.638 | J33: 0 | K33: =J33/D33 -> 0 | L33: =J33*G33 -> 0 | M33: =((E33+F33)-D33)-J33 -> 3.7 | N33: =M33/D33 -> 0.015952401 | O33: 組合室 | P33: 雙圈秤重範圍 | Q33: 健身G肉餐盒(113年)
A34: 7 | B34: 煮中華冷麵(110年) | C34: 1467.6714 | D34: 5091.84 | E34: 5072.4 | F34: 56.7 | G34: 39.39 | H34: =(E34+F34)/D34 -> 1.0073176 | I34: 1467.6714 | J34: 0 | K34: =J34/D34 -> 0 | L34: =J34*G34 -> 0 | M34: =((E34+F34)-D34)-J34 -> 37.26 | N34: =M34/D34 -> 0.0073175905 | O34: 組合室 | P34: 雙圈秤重範圍 | Q34: 共用類
A35: 8 | B35: 切-蒸滷牛腱 | C35: 1328.9526 | D35: 18.11 | E35: 17.53 | F35: 2.25 | G35: 795.78 | H35: =(E35+F35)/D35 -> 1.0922142 | I35: 1328.9526 | J35: 0 | K35: =J35/D35 -> 0 | L35: =J35*G35 -> 0 | M35: =((E35+F35)-D35)-J35 -> 1.67 | N35: =M35/D35 -> 0.092214246 | O35: 組合室 | P35: 抓樣不穩 | Q35: 一口滷魂便當
A36: 9 | B36: 112炒高級芝麻肉鬆 | C36: 1320.0576 | D36: 269.95 | E36: 276.93 | F36: 0 | G36: 189.12 | H36: =(E36+F36)/D36 -> 1.0258566 | I36: 1320.0576 | J36: 0 | K36: =J36/D36 -> 0 | L36: =J36*G36 -> 0 | M36: =((E36+F36)-D36)-J36 -> 6.98 | N36: =M36/D36 -> 0.02585664 | O36: 組合室 | P36: 抓樣不穩 | Q36: 經典肉鬆飯糰
A37: 10 | B37: 分切炙燒炭火燒肉片(主食) | C37: 1289.368 | D37: 66.42 | E37: 66.57 | F37: 1.9 | G37: 628.96 | H37: =(E37+F37)/D37 -> 1.0308642 | I37: 1289.368 | J37: 0 | K37: =J37/D37 -> 0 | L37: =J37*G37 -> 0 | M37: =((E37+F37)-D37)-J37 -> 2.05 | N37: =M37/D37 -> 0.030864198 | O37: 組合室 | P37: 抓樣不穩 | Q37: 蒜蒜燒豚飯
A39: 共用類報廢金額前十名半成品
A40: 明細展開
A41: 排序 | B41: 半成品
B42: 名稱 | C42: 報廢金額 排序 | D42: 共用類總金額 占比
A44: 1 | B44: (V)川燙小青花菜 | C44: 737.15 | D44: =C44/$L$5 -> 0.26513239
A45: 2 | B45: 60切-烤豆腐蛋白丁 | C45: 279.3 | D45: =C45/$L$5 -> 0.10045646
A46: 3 | B46: 烤12切家常豆腐 | C46: 217.62 | D46: =C46/$L$5 -> 0.078271873
A47: 4 | B47: 蒸-醬香雞肉絲CL | C47: 185.57 | D47: =C47/$L$5 -> 0.066744377
A48: 5 | B48: 消毒青蔥絲 | C48: 173.922 | D48: =C48/$L$5 -> 0.062554915
A49: 6 | B49: 蒜炒紅k高麗菜(111年) | C49: 172.584 | D49: =C49/$L$5 -> 0.062073674
A50: 7 | B50: 消毒蔥花 | C50: 162.21 | D50: =C50/$L$5 -> 0.058342434
A51: 8 | B51: 鮮食雙色起司絲 | C51: 160 | D51: =C51/$L$5 -> 0.057547558
A52: 9 | B52: 消毒細切紅蘿蔔絲 | C52: 135.5248 | D52: =C52/$L$5 -> 0.048744508
A53: 10 | B53: 日式烤洋蔥絲(114年) | C53: 101.655 | D53: =C53/$L$5 -> 0.036562481
A54: ※炊飯類不納入半成品廢棄計算
A56: ※淺黃色為工廠自填項目

Sheet 0817分析標準表
A1: 大溪廠半成品管理分析
A2: 日期 | C2: 營業額 | D2: 報廢展開 | F2: 超用展開 | H2: 報廢展開 | J2: 超用展開 | L2: 報廢展開
A3: 45886 | C3: 8145084.9 | D3: 總報廢 | F3: 總超用 | H3: 報廢-前10名 | J3: 超用-前10名 | L3: 共用類-總報廢
D4: 金額 | E4: 占比(營業額) | F4: 金額 | G4: 占比(營業額) | H4: 金額 | I4: 占比(總報廢) | J4: 金額 | K4: 占比(總超用) | L4: 金額 | M4: 占比(總報廢)
A5: 年度KPI目標0.25% | D5: 19707.465 | E5: =D5/C3 -> 0.0024195531 | F5: 65748.467 | G5: =F5/C3 -> 0.0080721648 | H5: =SUM(C12:C21) -> 5342.519 | I5: =H5/D5 -> 0.27109113 | J5: =SUM(C28:C37) -> 14761.841 | K5: =J5/F5 -> 0.22451993 | L5: 2941.4027 | M5: =L5/D5 -> 0.14925322
A7: 報廢金額前十名半成品
A8: 明細展開 | D8: 生產資訊 | O8: 類別 | P8: 分析原因 | Q8: 備註-商品名稱
A9: 排序 | B9: 半成品 | D9: 生產端 | J9: 組合端
B10: 名稱 | C10: 報廢金額 排序 | D10: 產出量 | J10: 報廢 | L10: 超用
D11: 訂單需求 (kg) | E11: 實際產出 (kg) | F11: 補單 (kg) | G11: 單價 (元) | H11: 實際生產 (對比訂單需求) | I11: 差異 (元) | J11: kg | K11: 占比 | L11: kg | M11: 占比 | N11: 金額 (元)
A12: 1 | B12: 烤銀鮭魚肚 | C12: 1112.4 | D12: 4183 | E12: 4255 | F12: 0 | G12: 15.45 | H12: =(E12+F12)/D12 -> 1.0172125 | I12: 1112.4 | J12: 72 | K12: =J12/D12 -> 0.017212527 | L12: =((E12+F12)-D12)-J12 -> 0 | M12: =L12/D12 -> 0 | N12: =L12*G12 -> 0 | O12: 調理端 | P12: 研發設定，小片的規格不符合指示書設定重量 | Q12: 一配贅沢鮭魚肚飯糰
A13: 2 | B13: 熟化去皮馬鈴薯滾刀17-23g | C13: 864 | D13: 147.24 | E13: 156.24 | F13: 0 | G13: 96 | H13: =(E13+F13)/D13 -> 1.0611247 | I13: 864 | J13: 9 | K13: =J13/D13 -> 0.061124694 | L13: =((E13+F13)-D13)-J13 -> 0 | M13: =L13/D13 -> 0 | N13: =L13*G13 -> 0 | O13: 調理端 | P13: 原物料規格差異 | Q13: 嫩烤香料雞胸排蔬滿盒
A14: 3 | B14: F-柚香和風油醋醬包 | C14: 638.6 | D14: 647 | E14: 750 | F14: 0 | G14: 6.2 | H14: =(E14+F14)/D14 -> 1.1591963 | I14: 638.6 | J14: 103 | K14: =J14/D14 -> 0.15919629 | L14: =((E14+F14)-D14)-J14 -> 0 | M14: =L14/D14 -> 0 | N14: =L14*G14 -> 0 | O14: 調理端 | P14: 原物料整籃尾數，商品下架報廢 | Q14: 柚香海藻冷麵
A15: 4 | B15: 薑炒筍尾 | C15: 550.95 | D15: 53.4 | E15: 56.4 | F15: 0 | G15: 183.65 | H15: =(E15+F15)/D15 -> 1.0561798 | I15: 550.95 | J15: 3 | K15: =J15/D15 -> 0.056179775 | L15: =((E15+F15)-D15)-J15 -> 0 | M15: =L15/D15 -> 0 | N15: =L15*G15 -> 0 | O15: 調理端 | P15: 展開量105% | Q15: 經典滷肉飯
A16: 5 | B16: 蒸鰻魚片(主食用) | C16: 374.76 | D16: 6426 | E16: 6366 | F16: 96 | G16: 10.41 | H16: =(E16+F16)/D16 -> 1.0056022 | I16: 374.76 | J16: 36 | K16: =J16/D16 -> 0.0056022409 | L16: =((E16+F16)-D16)-J16 -> 0 | M16: =L16/D16 -> 0 | N16: =L16*G16 -> 0 | O16: 調理端 | P16: 製程耗損 | Q16: 鰻牛雙饗匠食盒
A17: 6 | B17: 消毒紅藻 | C17: 363.93 | D17: 3.23 | E17: 3.61 | F17: 0.4 | G17: 1213.1 | H17: =(E17+F17)/D17 -> 1.2414861 | I17: 946.218 | J17: 0.3 | K17: =J17/D17 -> 0.092879257 | L17: =((E17+F17)-D17)-J17 -> 0.48 | M17: =L17/D17 -> 0.14860681 | N17: =L17*G17 -> 582.288 | O17: 調理端 | P17: 展開量105% | Q17: 柚香海藻冷麵
A18: 7 | B18: 烤黑胡椒洋蔥絲 | C18: 362.6752 | D18: 134.64 | E18: 135.53 | F18: 7.21 | G18: 141.67 | H18: =(E18+F18)/D18 -> 1.0601604 | I18: 1147.527 | J18: 2.56 | K18: =J18/D18 -> 0.019013666 | L18: =((E18+F18)-D18)-J18 -> 5.54 | M18: =L18/D18 -> 0.041146762 | N18: =L18*G18 -> 784.8518 | O18: 調理端 | P18: 展開量105% | Q18: 糖燻野郎三十天熟成牛飯
A19: 8 | B19: 烤四角薯餅 | C19: 360.74 | D19: 1430 | E19: 1464 | F19: 0 | G19: 10.61 | H19: =(E19+F19)/D19 -> 1.0237762 | I19: 360.74 | J19: 34 | K19: =J19/D19 -> 0.023776224 | L19: =((E19+F19)-D19)-J19 -> 0 | M19: =L19/D19 -> 0 | N19: =L19*G19 -> 0 | O19: 調理端 | P19: 製程耗損 | Q19: 二配薯勾以蛋包飯
A20: 9 | B20: 炒沙茶高麗菜 | C20: 357.6832 | D20: 51.04 | E20: 53.28 | F20: 0 | G20: 159.68 | H20: =(E20+F20)/D20 -> 1.0438871 | I20: 357.6832 | J20: 2.24 | K20: =J20/D20 -> 0.043887147 | L20: =((E20+F20)-D20)-J20 -> 0 | M20: =L20/D20 -> 0 | N20: =L20*G20 -> 0 | O20: 調理端 | P20: 抓樣不穩 | Q20: 一口滷魂便當
A21: 10 | B21: (V)川燙小青花菜 | C21: 356.7806 | D21: 774.53 | E21: 770.15 | F21: 14.7 | G21: 147.43 | H21: =(E21+F21)/D21 -> 1.0133242 | I21: 1521.4776 | J21: 2.42 | K21: =J21/D21 -> 0.0031244755 | L21: =((E21+F21)-D21)-J21 -> 7.9 | M21: =L21/D21 -> 0.010199734 | N21: =L21*G21 -> 1164.697 | O21: 調理端 | P21: 原物料規格，大顆比例高 | Q21: 共用類
A23: 超用金額前十名半成品
A24: 明細展開 | D24: 生產資訊 | O24: 類別 | P24: 分析原因 | Q24: 備註-商品名稱
A25: 排序 | B25: 半成品 | D25: 生產端 | J25: 組合端
B26: 名稱 | C26: 超用金額 排序 | D26: 產出量 | J26: 報廢 | M26: 超用
D27: 訂單需求 (kg) | E27: 實際產出 (kg) | F27: 補單 (kg) | G27: 單價 (元) | H27: 實際生產 (對比訂單需求) | I27: 差異 (元) | J27: kg | K27: 占比 | L27: 金額 (元) | M27: kg | N27: 占比
A28: 1 | B28: 切-烤牛五花(112年) | C28: 2477.6402 | D28: 241.23 | E28: 241.45 | F28: 3.87 | G28: 605.78 | H28: =(E28+F28)/D28 -> 1.0169548 | I28: 2477.6402 | J28: 0 | K28: =J28/D28 -> 0 | L28: =J28*G28 -> 0 | M28: =((E28+F28)-D28)-J28 -> 4.09 | N28: =M28/D28 -> 0.016954773 | O28: 組合室 | P28: 雙圈秤重範圍 | Q28: 糖燻野郎三十天熟成牛飯
A29: 2 | B29: 切烤雞胸肉(111年) | C29: 2271.1118 | D29: 235.38 | E29: 233.95 | F29: 7 | G29: 407.74 | H29: =(E29+F29)/D29 -> 1.0236639 | I29: 2271.1118 | J29: 0 | K29: =J29/D29 -> 0 | L29: =J29*G29 -> 0 | M29: =((E29+F29)-D29)-J29 -> 5.57 | N29: =M29/D29 -> 0.023663863 | O29: 組合室 | P29: 雙圈秤重範圍 | Q29: 健身G肉餐盒(113年)
A30: 3 | B30: 蘑菇湯凍 | C30: 1860.9894 | D30: 349.92 | E30: 351.11 | F30: 16 | G30: 108.26 | H30: =(E30+F30)/D30 -> 1.0491255 | I30: 1860.9894 | J30: 0 | K30: =J30/D30 -> 0 | L30: =J30*G30 -> 0 | M30: =((E30+F30)-D30)-J30 -> 17.19 | N30: =M30/D30 -> 0.049125514 | O30: 組合室 | P30: 注餡機差異 | Q30: 二配鐵板蘑菇肉醬起司焗飯
A31: 4 | B31: 炙燒韓式牛五花 | C31: 1559.92 | D31: 28.93 | E31: 31.41 | F31: 0 | G31: 629 | H31: =(E31+F31)/D31 -> 1.0857242 | I31: 1559.92 | J31: 0 | K31: =J31/D31 -> 0 | L31: =J31*G31 -> 0 | M31: =((E31+F31)-D31)-J31 -> 2.48 | N31: =M31/D31 -> 0.085724162 | O31: 組合室 | P31: 抓樣不穩 | Q31: 壹號醬炙烤牛飯糰
A32: 5 | B32: 鮮食雙色起司絲 | C32: 1424 | D32: 152.26 | E32: 153.4 | F32: 6.6 | G32: 200 | H32: =(E32+F32)/D32 -> 1.0508341 | I32: 1548 | J32: 0.62 | K32: =J32/D32 -> 0.0040719821 | L32: =J32*G32 -> 124 | M32: =((E32+F32)-D32)-J32 -> 7.12 | N32: =M32/D32 -> 0.046762117 | O32: 組合室 | P32: 抓樣不穩 | Q32: 共用類
A33: 6 | B33: (V)川燙小青花菜 | C33: 1164.697 | D33: 774.53 | E33: 770.15 | F33: 14.7 | G33: 147.43 | H33: =(E33+F33)/D33 -> 1.0133242 | I33: 1521.4776 | J33: 2.42 | K33: =J33/D33 -> 0.0031244755 | L33: =J33*G33 -> 356.7806 | M33: =((E33+F33)-D33)-J33 -> 7.9 | N33: =M33/D33 -> 0.010199734 | O33: 組合室 | P33: 大顆比例高 | Q33: 共用類
A34: 7 | B34: 煮牛肉片(A7) | C34: 1153.4512 | D34: 63.84 | E34: 62.24 | F34: 3.36 | G34: 655.37 | H34: =(E34+F34)/D34 -> 1.0275689 | I34: 1153.4512 | J34: 0 | K34: =J34/D34 -> 0 | L34: =J34*G34 -> 0 | M34: =((E34+F34)-D34)-J34 -> 1.76 | N34: =M34/D34 -> 0.027568922 | O34: 組合室 | P34: 抓樣不穩 | Q34: 越式牛肉寬粉
A35: 8 | B35: 三杯海瓜子 | C35: 976.7824 | D35: 41.29 | E35: 41.9 | F35: 1.23 | G35: 530.86 | H35: =(E35+F35)/D35 -> 1.0445628 | I35: 976.7824 | J35: 0 | K35: =J35/D35 -> 0 | L35: =J35*G35 -> 0 | M35: =((E35+F35)-D35)-J35 -> 1.84 | N35: =M35/D35 -> 0.044562848 | O35: 組合室 | P35: 抓樣不穩 | Q35: 二配三杯海瓜子好下飯
A36: 9 | B36: 切-蒸滷牛腱 | C36: 970.8516 | D36: 19.14 | E36: 19.61 | F36: 0.75 | G36: 795.78 | H36: =(E36+F36)/D36 -> 1.0637409 | I36: 970.8516 | J36: 0 | K36: =J36/D36 -> 0 | L36: =J36*G36 -> 0 | M36: =((E36+F36)-D36)-J36 -> 1.22 | N36: =M36/D36 -> 0.063740857 | O36: 組合室 | P36: 抓樣不穩 | Q36: 一口滷魂便當
A37: 10 | B37: 蒸蛤蜊-肉(VN151) | C37: 902.3976 | D37: 28.42 | E37: 28.08 | F37: 2.2 | G37: 485.16 | H37: =(E37+F37)/D37 -> 1.0654469 | I37: 902.3976 | J37: 0 | K37: =J37/D37 -> 0 | L37: =J37*G37 -> 0 | M37: =((E37+F37)-D37)-J37 -> 1.86 | N37: =M37/D37 -> 0.065446868 | O37: 組合室 | P37: 抓樣不穩 | Q37: 二配哞哞培根奶香海陸焗飯
A39: 共用類報廢金額前十名半成品
A40: 明細展開
A41: 排序 | B41: 半成品
B42: 名稱 | C42: 報廢金額 排序 | D42: 共用類總金額 占比
A44: 1 | B44: (V)川燙小青花菜 | C44: 356.7806 | D44: =C44/$L$5 -> 0.12129607
A45: 2 | B45: 60切-烤豆腐蛋白丁 | C45: 355.25 | D45: =C45/$L$5 -> 0.12077571
A46: 3 | B46: 烤12切家常豆腐 | C46: 343.98 | D46: =C46/$L$5 -> 0.1169442
A47: 4 | B47: 烤大口蛋皮(111年) | C47: 329.5 | D47: =C47/$L$5 -> 0.11202138
A48: 5 | B48: 手作玉子蛋絲 | C48: 184.68 | D48: =C48/$L$5 -> 0.062786371
A49: 6 | B49: 消毒青蔥絲 | C49: 173.922 | D49: =C49/$L$5 -> 0.059128932
A50: 7 | B50: 蒜炒紅k高麗菜(111年) | C50: 172.584 | D50: =C50/$L$5 -> 0.058674047
A51: 8 | B51: 消毒蔥花 | C51: 162.21 | D51: =C51/$L$5 -> 0.055147158
A52: 9 | B52: 切義美滷豆乾 | C52: 144.5 | D52: =C52/$L$5 -> 0.049126221
A53: 10 | B53: 鮮食雙色起司絲 | C53: 124 | D53: =C53/$L$5 -> 0.042156757
A54: ※炊飯類不納入半成品廢棄計算
A56: ※淺黃色為工廠自填項目

Sheet 0816分析標準表
A1: 大溪廠半成品管理分析
A2: 日期 | C2: 營業額 | D2: 報廢展開 | F2: 超用展開 | H2: 報廢展開 | J2: 超用展開 | L2: 報廢展開
A3: 45885 | C3: 6421067.8 | D3: 總報廢 | F3: 總超用 | H3: 報廢-前10名 | J3: 超用-前10名 | L3: 共用類-總報廢
D4: 金額 | E4: 占比(營業額) | F4: 金額 | G4: 占比(營業額) | H4: 金額 | I4: 占比(總報廢) | J4: 金額 | K4: 占比(總超用) | L4: 金額 | M4: 占比(總報廢)
A5: 年度KPI目標0.25% | D5: 15499.561 | E5: =D5/C3 -> 0.0024138604 | F5: 51768.063 | G5: =F5/C3 -> 0.0080622203 | H5: =SUM(C12:C21) -> 6561.8213 | I5: =H5/D5 -> 0.42335529 | J5: =SUM(C28:C37) -> 11886.044 | K5: =J5/F5 -> 0.22960187 | L5: 2280.5809 | M5: =L5/D5 -> 0.14713842
A7: 報廢金額前十名半成品
A8: 明細展開 | D8: 生產資訊 | O8: 類別 | P8: 分析原因 | Q8: 備註-商品名稱
A9: 排序 | B9: 半成品 | D9: 生產端 | J9: 組合端
B10: 名稱 | C10: 報廢金額 排序 | D10: 產出量 | J10: 報廢 | L10: 超用
D11: 訂單需求 (kg) | E11: 實際產出 (kg) | F11: 補單 (kg) | G11: 單價 (元) | H11: 實際生產 (對比訂單需求) | I11: 差異 (元) | J11: kg | K11: 占比 | L11: kg | M11: 占比 | N11: 金額 (元)
A12: 1 | B12: 烤黑胡椒洋蔥絲 | C12: 1386.9493 | D12: 107.52 | E12: 117.31 | F12: 0 | G12: 141.67 | H12: =(E12+F12)/D12 -> 1.0910528 | I12: 1386.9493 | J12: 9.79 | K12: =J12/D12 -> 0.091052827 | L12: =((E12+F12)-D12)-J12 -> 0 | M12: =L12/D12 -> 0 | N12: =L12*G12 -> 0 | O12: 調理端 | P12: 展開量105% | Q12: 糖燻野郎三十天熟成牛飯
A13: 2 | B13: 煮2025屯京冷麵 | C13: 1108.523 | D13: 206.46 | E13: 232.7 | F13: 0 | G13: 46.15 | H13: =(E13+F13)/D13 -> 1.1270948 | I13: 1210.976 | J13: 24.02 | K13: =J13/D13 -> 0.11634215 | L13: =((E13+F13)-D13)-J13 -> 2.22 | M13: =L13/D13 -> 0.010752688 | N13: =L13*G13 -> 102.453 | O13: 調理端 | P13: 煮麵機固定批量 | Q13: 日式擔擔冷麵
A14: 3 | B14: 煮寬粉(114年) | C14: 728.136 | D14: 306.46 | E14: 334.26 | F14: 0 | G14: 33.71 | H14: =(E14+F14)/D14 -> 1.0907133 | I14: 937.138 | J14: 21.6 | K14: =J14/D14 -> 0.070482282 | L14: =((E14+F14)-D14)-J14 -> 6.2 | M14: =L14/D14 -> 0.020231025 | N14: =L14*G14 -> 209.002 | O14: 調理端 | P14: 煮麵機固定批量 | Q14: 越式牛肉寬粉
A15: 4 | B15: 焗飯-蕃茄拌飯 | C15: 721.806 | D15: 202.72 | E15: 215.93 | F15: 0 | G15: 61.17 | H15: =(E15+F15)/D15 -> 1.0651638 | I15: 808.0557 | J15: 11.8 | K15: =J15/D15 -> 0.058208366 | L15: =((E15+F15)-D15)-J15 -> 1.41 | M15: =L15/D15 -> 0.0069554065 | N15: =L15*G15 -> 86.2497 | O15: 調理端 | P15: 炊飯機固定批量 | Q15: 二配薯勾以蛋包飯
A16: 5 | B16: 烤銀鮭魚肚 | C16: 618 | D16: 2922 | E16: 2962 | F16: 0 | G16: 15.45 | H16: =(E16+F16)/D16 -> 1.0136893 | I16: 618 | J16: 40 | K16: =J16/D16 -> 0.013689254 | L16: =((E16+F16)-D16)-J16 -> 0 | M16: =L16/D16 -> 0 | N16: =L16*G16 -> 0 | O16: 調理端 | P16: 研發設定，小片的規格不符合指示書設定重量 | Q16: 一配贅沢鮭魚肚飯糰
A17: 6 | B17: (V)川燙小青花菜 | C17: 471.776 | D17: 482.5 | E17: 486.67 | F17: 10.12 | G17: 147.43 | H17: =(E17+F17)/D17 -> 1.0296166 | I17: 2106.7747 | J17: 3.2 | K17: =J17/D17 -> 0.0066321244 | L17: =((E17+F17)-D17)-J17 -> 11.09 | M17: =L17/D17 -> 0.022984456 | N17: =L17*G17 -> 1634.9987 | O17: 調理端 | P17: 原物料規格，大顆比例高 | Q17: 共用類
A18: 7 | B18: 炒擔擔肉燥 | C18: 468.32 | D18: 45.88 | E18: 47.88 | F18: 0 | G18: 234.16 | H18: =(E18+F18)/D18 -> 1.043592 | I18: 468.32 | J18: 2 | K18: =J18/D18 -> 0.043591979 | L18: =((E18+F18)-D18)-J18 -> 0 | M18: =L18/D18 -> 0 | N18: =L18*G18 -> 0 | O18: 調理端 | P18: 抓樣不穩 | Q18: 日式擔擔冷麵
A19: 8 | B19: F-2025胡麻拌麵醬 | C19: 360.4 | D19: 1147 | E19: 1200 | F19: 0 | G19: 6.8 | H19: =(E19+F19)/D19 -> 1.0462075 | I19: 360.4 | J19: 53 | K19: =J19/D19 -> 0.046207498 | L19: =((E19+F19)-D19)-J19 -> 0 | M19: =L19/D19 -> 0 | N19: =L19*G19 -> 0 | O19: 調理端 | P19: 抓樣不穩 | Q19: 日式擔擔冷麵
A20: 9 | B20: 炒辣醬蔬菜 | C20: 351.825 | D20: 18.4 | E20: 21.4 | F20: 0 | G20: 140.73 | H20: =(E20+F20)/D20 -> 1.1630435 | I20: 422.19 | J20: 2.5 | K20: =J20/D20 -> 0.13586957 | L20: =((E20+F20)-D20)-J20 -> 0.5 | M20: =L20/D20 -> 0.027173913 | N20: =L20*G20 -> 70.365 | O20: 調理端 | P20: 抓樣不穩 | Q20: 二配大飯糰春川風味辣炒雞
A21: 10 | B21: 辣炒酸菜碎 | C21: 346.086 | D21: 35.84 | E21: 37.54 | F21: 0 | G21: 203.58 | H21: =(E21+F21)/D21 -> 1.047433 | I21: 346.086 | J21: 1.7 | K21: =J21/D21 -> 0.047433036 | L21: =((E21+F21)-D21)-J21 -> 2.8865799e-15 | M21: =L21/D21 -> 8.0540733e-17 | N21: =L21*G21 -> 5.8764993e-13 | O21: 調理端 | P21: 抓樣不穩 | Q21: 糖燻野郎三十天熟成牛飯
A23: 超用金額前十名半成品
A24: 明細展開 | D24: 生產資訊 | O24: 類別 | P24: 分析原因 | Q24: 備註-商品名稱
A25: 排序 | B25: 半成品 | D25: 生產端 | J25: 組合端
B26: 名稱 | C26: 超用金額 排序 | D26: 產出量 | J26: 報廢 | M26: 超用
D27: 訂單需求 (kg) | E27: 實際產出 (kg) | F27: 補單 (kg) | G27: 單價 (元) | H27: 實際生產 (對比訂單需求) | I27: 差異 (元) | J27: kg | K27: 占比 | L27: 金額 (元) | M27: kg | N27: 占比
A28: 1 | B28: (V)川燙小青花菜 | C28: 1634.9987 | D28: 482.5 | E28: 486.67 | F28: 10.12 | G28: 147.43 | H28: =(E28+F28)/D28 -> 1.0296166 | I28: 2106.7747 | J28: 3.2 | K28: =J28/D28 -> 0.0066321244 | L28: =J28*G28 -> 471.776 | M28: =((E28+F28)-D28)-J28 -> 11.09 | N28: =M28/D28 -> 0.022984456 | O28: 組合室 | P28: 大顆比例高 | Q28: 共用類
A29: 2 | B29: 煮牛肉片(A7) | C29: 1605.6565 | D29: 52.54 | E29: 51.15 | F29: 3.84 | G29: 655.37 | H29: =(E29+F29)/D29 -> 1.0466311 | I29: 1605.6565 | J29: 0 | K29: =J29/D29 -> 0 | L29: =J29*G29 -> 0 | M29: =((E29+F29)-D29)-J29 -> 2.45 | N29: =M29/D29 -> 0.046631138 | O29: 組合室 | P29: 抓樣不穩 | Q29: 越式牛肉寬粉
A30: 3 | B30: 鮮食雙色起司絲 | C30: 1276 | D30: 138.9 | E30: 141.3 | F30: 4.7 | G30: 200 | H30: =(E30+F30)/D30 -> 1.0511159 | I30: 1420 | J30: 0.72 | K30: =J30/D30 -> 0.0051835853 | L30: =J30*G30 -> 144 | M30: =((E30+F30)-D30)-J30 -> 6.38 | N30: =M30/D30 -> 0.045932325 | O30: 組合室 | P30: 抓樣不穩 | Q30: 共用類
A31: 4 | B31: (V)消毒小黃瓜絲 | C31: 1267 | D31: 244.99 | E31: 246.74 | F31: 7 | G31: 144.8 | H31: =(E31+F31)/D31 -> 1.0357157 | I31: 1267 | J31: 0 | K31: =J31/D31 -> 0 | L31: =J31*G31 -> 0 | M31: =((E31+F31)-D31)-J31 -> 8.75 | N31: =M31/D31 -> 0.035715743 | O31: 組合室 | P31: 抓樣不穩 | Q31: 共用類
A32: 5 | B32: 切烤雞胸肉(111年) | C32: 1251.7618 | D32: 146.72 | E32: 142.79 | F32: 7 | G32: 407.74 | H32: =(E32+F32)/D32 -> 1.0209242 | I32: 1251.7618 | J32: 0 | K32: =J32/D32 -> 0 | L32: =J32*G32 -> 0 | M32: =((E32+F32)-D32)-J32 -> 3.07 | N32: =M32/D32 -> 0.020924209 | O32: 組合室 | P32: 雙圈秤重範圍 | Q32: 健身G肉餐盒(113年)
A33: 6 | B33: 蒸金沙醬 | C33: 1224.0009 | D33: 21.1 | E33: 21.13 | F33: 0.9 | G33: 1316.13 | H33: =(E33+F33)/D33 -> 1.0440758 | I33: 1224.0009 | J33: 0 | K33: =J33/D33 -> 0 | L33: =J33*G33 -> 0 | M33: =((E33+F33)-D33)-J33 -> 0.93 | N33: =M33/D33 -> 0.044075829 | O33: 組合室 | P33: 抓樣不穩 | Q33: 金沙豆腐細扁麵
A34: 7 | B34: 切-究極燒肉片 | C34: 1038.885 | D34: 52.25 | E34: 53.75 | F34: 0 | G34: 692.59 | H34: =(E34+F34)/D34 -> 1.0287081 | I34: 1038.885 | J34: 0 | K34: =J34/D34 -> 0 | L34: =J34*G34 -> 0 | M34: =((E34+F34)-D34)-J34 -> 1.5 | N34: =M34/D34 -> 0.028708134 | O34: 組合室 | P34: 抓樣不穩 | Q34: 壹號醬雞豚雙拼
A35: 8 | B35: 分切炙燒炭火燒肉片(主食) | C35: 981.1776 | D35: 60.19 | E35: 60.61 | F35: 1.14 | G35: 628.96 | H35: =(E35+F35)/D35 -> 1.0259179 | I35: 981.1776 | J35: 0 | K35: =J35/D35 -> 0 | L35: =J35*G35 -> 0 | M35: =((E35+F35)-D35)-J35 -> 1.56 | N35: =M35/D35 -> 0.025917927 | O35: 組合室 | P35: 抓樣不穩 | Q35: 蒜蒜燒豚飯
A36: 9 | B36: 碳香燒肉醬 | C36: 805.0609 | D36: 110.31 | E36: 110.92 | F36: 6.46 | G36: 113.87 | H36: =(E36+F36)/D36 -> 1.0640921 | I36: 805.0609 | J36: 0 | K36: =J36/D36 -> 0 | L36: =J36*G36 -> 0 | M36: =((E36+F36)-D36)-J36 -> 7.07 | N36: =M36/D36 -> 0.064092104 | O36: 組合室 | P36: 抓樣不穩 | Q36: 壹號醬雞豚雙拼
A37: 10 | B37: 拌鹽烤豬肉片(114年) | C37: 801.5028 | D37: 150.55 | E37: 153.56 | F37: 0 | G37: 266.28 | H37: =(E37+F37)/D37 -> 1.0199934 | I37: 801.5028 | J37: 0 | K37: =J37/D37 -> 0 | L37: =J37*G37 -> 0 | M37: =((E37+F37)-D37)-J37 -> 3.01 | N37: =M37/D37 -> 0.019993358 | O37: 組合室 | P37: 抓樣不穩 | Q37: 鹽蔥燒肉飯糰
A39: 共用類報廢金額前十名半成品
A40: 明細展開
A41: 排序 | B41: 半成品
B42: 名稱 | C42: 報廢金額 排序 | D42: 共用類總金額 占比
A44: 1 | B44: (V)川燙小青花菜 | C44: 471.776 | D44: =C44/$L$5 -> 0.20686659
A45: 2 | B45: 烤12切家常豆腐 | C45: 315.9 | D45: =C45/$L$5 -> 0.13851734
A46: 3 | B46: 60切-烤豆腐蛋白丁 | C46: 306.25 | D46: =C46/$L$5 -> 0.13428596
A47: 4 | B47: 消毒青蔥絲 | C47: 186.345 | D47: =C47/$L$5 -> 0.081709445
A48: 5 | B48: 消毒蔥花 | C48: 183.838 | D48: =C48/$L$5 -> 0.080610164
A49: 6 | B49: 日式烤洋蔥絲(114年) | C49: 151.8048 | D49: =C49/$L$5 -> 0.066564093
A50: 7 | B50: 鮮食雙色起司絲 | C50: 144 | D50: =C50/$L$5 -> 0.063141807
A51: 8 | B51: 蒜炒紅k高麗菜(111年) | C51: 136.7888 | D51: =C51/$L$5 -> 0.059979806
A52: 9 | B52: 切義美滷豆乾 | C52: 101.15 | D52: =C52/$L$5 -> 0.044352735
A53: 10 | B53: 川燙毛豆玉米 | C53: 78.935 | D53: =C53/$L$5 -> 0.034611796
A54: ※炊飯類不納入半成品廢棄計算
A56: ※淺黃色為工廠自填項目

Sheet 0815分析標準表
A1: 大溪廠半成品管理分析
A2: 日期 | C2: 營業額 | D2: 報廢展開 | F2: 超用展開 | H2: 報廢展開 | J2: 超用展開 | L2: 報廢展開
A3: 45884 | C3: 6364780.2 | D3: 總報廢 | F3: 總超用 | H3: 報廢-前10名 | J3: 超用-前10名 | L3: 共用類-總報廢
D4: 金額 | E4: 占比(營業額) | F4: 金額 | G4: 占比(營業額) | H4: 金額 | I4: 占比(總報廢) | J4: 金額 | K4: 占比(總超用) | L4: 金額 | M4: 占比(總報廢)
A5: 年度KPI目標0.25% | D5: 15365.392 | E5: =D5/C3 -> 0.0024141277 | F5: 52005.885 | G5: =F5/C3 -> 0.0081708847 | H5: =SUM(C12:C21) -> 4258.2772 | I5: =H5/D5 -> 0.2771343 | J5: =SUM(C28:C37) -> 14153.418 | K5: =J5/F5 -> 0.27215031 | L5: 3010.4887 | M5: =L5/D5 -> 0.19592658
A7: 報廢金額前十名半成品
A8: 明細展開 | D8: 生產資訊 | O8: 類別 | P8: 分析原因 | Q8: 備註-商品名稱
A9: 排序 | B9: 半成品 | D9: 生產端 | J9: 組合端
B10: 名稱 | C10: 報廢金額 排序 | D10: 產出量 | J10: 報廢 | L10: 超用
D11: 訂單需求 (kg) | E11: 實際產出 (kg) | F11: 補單 (kg) | G11: 單價 (元) | H11: 實際生產 (對比訂單需求) | I11: 差異 (元) | J11: kg | K11: 占比 | L11: kg | M11: 占比 | N11: 金額 (元)
A12: 1 | B12: 烤銀鮭魚肚 | C12: 695.25 | D12: 3010 | E12: 3055 | F12: 0 | G12: 15.45 | H12: =(E12+F12)/D12 -> 1.0149502 | I12: 695.25 | J12: 45 | K12: =J12/D12 -> 0.014950166 | L12: =((E12+F12)-D12)-J12 -> 0 | M12: =L12/D12 -> 0 | N12: =L12*G12 -> 0 | O12: 調理端 | P12: 研發設定，小片的規格不符合指示書設定重量 | Q12: 一配贅沢鮭魚肚飯糰
A13: 2 | B13: 焗飯-蕃茄拌飯 | C13: 552.3651 | D13: 166.18 | E13: 178.69 | F13: 0 | G13: 61.17 | H13: =(E13+F13)/D13 -> 1.0752798 | I13: 765.2367 | J13: 9.03 | K13: =J13/D13 -> 0.054338669 | L13: =((E13+F13)-D13)-J13 -> 3.48 | M13: =L13/D13 -> 0.020941148 | N13: =L13*G13 -> 212.8716 | O13: 調理端 | P13: 炊飯機固定批量 | Q13: 二配薯勾以蛋包飯
A14: 3 | B14: (V)川燙小青花菜 | C14: 412.804 | D14: 448.7 | E14: 447.88 | F14: 9.38 | G14: 147.43 | H14: =(E14+F14)/D14 -> 1.0190773 | I14: 1262.0008 | J14: 2.8 | K14: =J14/D14 -> 0.0062402496 | L14: =((E14+F14)-D14)-J14 -> 5.76 | M14: =L14/D14 -> 0.012837085 | N14: =L14*G14 -> 849.1968 | O14: 調理端 | P14: 原物料規格，大顆比例高 | Q14: 共用類
A15: 4 | B15: 蒸鰻魚片(主食用) | C15: 405.99 | D15: 5841 | E15: 5880 | F15: 0 | G15: 10.41 | H15: =(E15+F15)/D15 -> 1.0066769 | I15: 405.99 | J15: 39 | K15: =J15/D15 -> 0.0066769389 | L15: =((E15+F15)-D15)-J15 -> 0 | M15: =L15/D15 -> 0 | N15: =L15*G15 -> 0 | O15: 調理端 | P15: 製程耗損 | Q15: 鰻牛雙饗匠食盒
A16: 5 | B16: 炒紅K黃豆芽(拌飯) | C16: 392.348 | D16: 40.11 | E16: 44.51 | F16: 0 | G16: 89.17 | H16: =(E16+F16)/D16 -> 1.1096983 | I16: 392.348 | J16: 4.4 | K16: =J16/D16 -> 0.10969833 | L16: =((E16+F16)-D16)-J16 -> 0 | M16: =L16/D16 -> 0 | N16: =L16*G16 -> 0 | O16: 調理端 | P16: 抓樣不穩 | Q16: 韓味豬肉時蔬拌拌餐盒
A17: 6 | B17: 日式烤洋蔥絲(114年) | C17: 371.3796 | D17: 85.61 | E17: 88.35 | F17: 0 | G17: 135.54 | H17: =(E17+F17)/D17 -> 1.0320056 | I17: 371.3796 | J17: 2.74 | K17: =J17/D17 -> 0.032005607 | L17: =((E17+F17)-D17)-J17 -> 8.8817842e-15 | M17: =L17/D17 -> 1.0374704e-16 | N17: =L17*G17 -> 1.203837e-12 | O17: 調理端 | P17: 展開量105% | Q17: 共用類
A18: 7 | B18: 奶油蕈菇起司醬(113年) | C18: 367.402 | D18: 108.49 | E18: 111.71 | F18: 0 | G18: 114.1 | H18: =(E18+F18)/D18 -> 1.0296802 | I18: 367.402 | J18: 3.22 | K18: =J18/D18 -> 0.029680155 | L18: =((E18+F18)-D18)-J18 -> 0 | M18: =L18/D18 -> 0 | N18: =L18*G18 -> 0 | O18: 調理端 | P18: 抓樣不穩 | Q18: 大口法式蕈菇起司雞排飯糰(113年)
A19: 8 | B19: 烤黑胡椒洋蔥絲 | C19: 361.2585 | D19: 108 | E19: 108.47 | F19: 3.6 | G19: 141.67 | H19: =(E19+F19)/D19 -> 1.0376852 | I19: 576.5969 | J19: 2.55 | K19: =J19/D19 -> 0.023611111 | L19: =((E19+F19)-D19)-J19 -> 1.52 | M19: =L19/D19 -> 0.014074074 | N19: =L19*G19 -> 215.3384 | O19: 調理端 | P19: 抓樣不穩 | Q19: 糖燻野郎三十天熟成牛飯
A20: 9 | B20: 烤四角薯餅 | C20: 350.13 | D20: 1187 | E20: 1220 | F20: 0 | G20: 10.61 | H20: =(E20+F20)/D20 -> 1.0278012 | I20: 350.13 | J20: 33 | K20: =J20/D20 -> 0.027801179 | L20: =((E20+F20)-D20)-J20 -> 0 | M20: =L20/D20 -> 0 | N20: =L20*G20 -> 0 | O20: 調理端 | P20: 製程耗損 | Q20: 二配薯勾以蛋包飯
A21: 10 | B21: 切義美滷豆乾 | C21: 349.35 | D21: 11229 | E21: 11152 | F21: 488 | G21: 0.85 | H21: =(E21+F21)/D21 -> 1.0366017 | I21: 349.35 | J21: 411 | K21: =J21/D21 -> 0.036601656 | L21: =((E21+F21)-D21)-J21 -> 0 | M21: =L21/D21 -> 0 | N21: =L21*G21 -> 0 | O21: 調理端 | P21: 製程耗損 | Q21: 共用類
A23: 超用金額前十名半成品
A24: 明細展開 | D24: 生產資訊 | O24: 類別 | P24: 分析原因 | Q24: 備註-商品名稱
A25: 排序 | B25: 半成品 | D25: 生產端 | J25: 組合端
B26: 名稱 | C26: 超用金額 排序 | D26: 產出量 | J26: 報廢 | M26: 超用
D27: 訂單需求 (kg) | E27: 實際產出 (kg) | F27: 補單 (kg) | G27: 單價 (元) | H27: 實際生產 (對比訂單需求) | I27: 差異 (元) | J27: kg | K27: 占比 | L27: 金額 (元) | M27: kg | N27: 占比
A28: 1 | B28: 蒸-醬香雞肉絲CL | C28: 2902.3148 | D28: 82.37 | E28: 83.26 | F28: 6.93 | G28: 371.14 | H28: =(E28+F28)/D28 -> 1.0949375 | I28: 2902.3148 | J28: 0 | K28: =J28/D28 -> 0 | L28: =J28*G28 -> 0 | M28: =((E28+F28)-D28)-J28 -> 7.82 | N28: =M28/D28 -> 0.094937477 | O28: 組合室 | P28: 抓樣不穩 | Q28: 共用類
A29: 2 | B29: 煮牛肉片(A7) | C29: 1612.2102 | D29: 52.44 | E29: 52.5 | F29: 2.4 | G29: 655.37 | H29: =(E29+F29)/D29 -> 1.0469108 | I29: 1612.2102 | J29: 0 | K29: =J29/D29 -> 0 | L29: =J29*G29 -> 0 | M29: =((E29+F29)-D29)-J29 -> 2.46 | N29: =M29/D29 -> 0.046910755 | O29: 組合室 | P29: 抓樣不穩 | Q29: 越式牛肉寬粉
A30: 3 | B30: 切-鹽烤熟成牛肉 | C30: 1536.3968 | D30: 38.94 | E30: 39.06 | F30: 2.2 | G30: 662.24 | H30: =(E30+F30)/D30 -> 1.0595788 | I30: 1536.3968 | J30: 0 | K30: =J30/D30 -> 0 | L30: =J30*G30 -> 0 | M30: =((E30+F30)-D30)-J30 -> 2.32 | N30: =M30/D30 -> 0.059578839 | O30: 組合室 | P30: 抓樣不穩 | Q30: 鰻牛雙饗匠食盒
A31: 4 | B31: 切-蒸滷牛腱 | C31: 1432.404 | D31: 12.97 | E31: 13.27 | F31: 1.5 | G31: 795.78 | H31: =(E31+F31)/D31 -> 1.1387818 | I31: 1432.404 | J31: 0 | K31: =J31/D31 -> 0 | L31: =J31*G31 -> 0 | M31: =((E31+F31)-D31)-J31 -> 1.8 | N31: =M31/D31 -> 0.1387818 | O31: 組合室 | P31: 抓樣不穩 | Q31: 一口滷魂便當
A32: 5 | B32: 焗飯-奶香白醬(114年) | C32: 1348.9262 | D32: 281.82 | E32: 282.83 | F32: 18.2 | G32: 70.22 | H32: =(E32+F32)/D32 -> 1.0681641 | I32: 1348.9262 | J32: 0 | K32: =J32/D32 -> 0 | L32: =J32*G32 -> 0 | M32: =((E32+F32)-D32)-J32 -> 19.21 | N32: =M32/D32 -> 0.068164076 | O32: 組合室 | P32: 注餡機差異 | Q32: 二配哞哞培根奶香海陸焗飯
A33: 6 | B33: 炙燒韓式牛五花 | C33: 1220.26 | D33: 23.44 | E33: 25.38 | F33: 0 | G33: 629 | H33: =(E33+F33)/D33 -> 1.0827645 | I33: 1220.26 | J33: 0 | K33: =J33/D33 -> 0 | L33: =J33*G33 -> 0 | M33: =((E33+F33)-D33)-J33 -> 1.94 | N33: =M33/D33 -> 0.082764505 | O33: 組合室 | P33: 抓樣不穩 | Q33: 壹號醬炙烤牛飯糰
A34: 7 | B34: 烤BBQ雞丁(112年) | C34: 1123.4051 | D34: 64.17 | E34: 63.96 | F34: 3.28 | G34: 365.93 | H34: =(E34+F34)/D34 -> 1.0478417 | I34: 1123.4051 | J34: 0 | K34: =J34/D34 -> 0 | L34: =J34*G34 -> 0 | M34: =((E34+F34)-D34)-J34 -> 3.07 | N34: =M34/D34 -> 0.047841671 | O34: 組合室 | P34: 抓樣不穩 | Q34: 美式雞丁餐盒(113年)
A35: 8 | B35: 切-鹽烤牛肉 | C35: 1073.1528 | D35: 97.54 | E35: 97.55 | F35: 1.61 | G35: 662.44 | H35: =(E35+F35)/D35 -> 1.0166086 | I35: 1073.1528 | J35: 0 | K35: =J35/D35 -> 0 | L35: =J35*G35 -> 0 | M35: =((E35+F35)-D35)-J35 -> 1.62 | N35: =M35/D35 -> 0.016608571 | O35: 組合室 | P35: 抓樣不穩 | Q35: 共用類
A36: 9 | B36: 越式湯凍(114年) | C36: 955.2276 | D36: 557.18 | E36: 544.02 | F36: 42.08 | G36: 33.03 | H36: =(E36+F36)/D36 -> 1.0519042 | I36: 955.2276 | J36: 0 | K36: =J36/D36 -> 0 | L36: =J36*G36 -> 0 | M36: =((E36+F36)-D36)-J36 -> 28.92 | N36: =M36/D36 -> 0.051904232 | O36: 組合室 | P36: 注餡機差異 | Q36: 越式牛肉寬粉
A37: 10 | B37: 日式牛培根 | C37: 949.1202 | D37: 38.43 | E37: 38.42 | F37: 1.54 | G37: 620.34 | H37: =(E37+F37)/D37 -> 1.0398126 | I37: 949.1202 | J37: 0 | K37: =J37/D37 -> 0 | L37: =J37*G37 -> 0 | M37: =((E37+F37)-D37)-J37 -> 1.53 | N37: =M37/D37 -> 0.039812646 | O37: 組合室 | P37: 抓樣不穩 | Q37: 柚見極炙烤牛
A39: 共用類報廢金額前十名半成品
A40: 明細展開
A41: 排序 | B41: 半成品
B42: 名稱 | C42: 報廢金額 排序 | D42: 共用類總金額 占比
A44: 1 | B44: (V)川燙小青花菜 | C44: 412.804 | D44: =C44/$L$5 -> 0.13712192
A45: 2 | B45: 日式烤洋蔥絲(114年) | C45: 371.3796 | D45: =C45/$L$5 -> 0.1233619
A46: 3 | B46: 切義美滷豆乾 | C46: 349.35 | D46: =C46/$L$5 -> 0.11604428
A47: 4 | B47: 烤12切家常豆腐 | C47: 343.98 | D47: =C47/$L$5 -> 0.11426052
A48: 5 | B48: 60切-烤豆腐蛋白丁 | C48: 311.15 | D48: =C48/$L$5 -> 0.10335531
A49: 6 | B49: 蒜炒紅k高麗菜(111年) | C49: 264.6288 | D49: =C49/$L$5 -> 0.087902273
A50: 7 | B50: 消毒青蔥絲 | C50: 186.345 | D50: =C50/$L$5 -> 0.061898588
A51: 8 | B51: 消毒蔥花 | C51: 183.838 | D51: =C51/$L$5 -> 0.061065833
A52: 9 | B52: 烤大口蛋皮(111年) | C52: 177.93 | D52: =C52/$L$5 -> 0.059103361
A53: 10 | B53: 鮮食雙色起司絲 | C53: 140 | D53: =C53/$L$5 -> 0.046504078
A54: ※炊飯類不納入半成品廢棄計算
A56: ※淺黃色為工廠自填項目

Sheet 0814分析標準表
A1: 大溪廠半成品管理分析
A2: 日期 | C2: 營業額 | D2: 報廢展開 | F2: 超用展開 | H2: 報廢展開 | J2: 超用展開 | L2: 報廢展開
A3: 45883 | C3: 7479649 | D3: 總報廢 | F3: 總超用 | H3: 報廢-前10名 | J3: 超用-前10名 | L3: 共用類-總報廢
D4: 金額 | E4: 占比(營業額) | F4: 金額 | G4: 占比(營業額) | H4: 金額 | I4: 占比(總報廢) | J4: 金額 | K4: 占比(總超用) | L4: 金額 | M4: 占比(總報廢)
A5: 年度KPI目標0.25% | D5: 18102.073 | E5: =D5/C3 -> 0.0024201768 | F5: 61257.188 | G5: =F5/C3 -> 0.0081898479 | H5: =SUM(C12:C21) -> 7271.5655 | I5: =H5/D5 -> 0.40169794 | J5: =SUM(C28:C37) -> 23636.318 | K5: =J5/F5 -> 0.38585379 | L5: 4829.1512 | M5: =L5/D5 -> 0.26677338
A7: 報廢金額前十名半成品
A8: 明細展開 | D8: 生產資訊 | O8: 類別 | P8: 分析原因 | Q8: 備註-商品名稱
A9: 排序 | B9: 半成品 | D9: 生產端 | J9: 組合端
B10: 名稱 | C10: 報廢金額 排序 | D10: 產出量 | J10: 報廢 | L10: 超用
D11: 訂單需求 (kg) | E11: 實際產出 (kg) | F11: 補單 (kg) | G11: 單價 (元) | H11: 實際生產 (對比訂單需求) | I11: 差異 (元) | J11: kg | K11: 占比 | L11: kg | M11: 占比 | N11: 金額 (元)
A12: 1 | B12: 川燙毛豆玉米 | C12: 1686.0516 | D12: 295.45 | E12: 306.13 | F12: 0 | G12: 157.87 | H12: =(E12+F12)/D12 -> 1.0361482 | I12: 1686.0516 | J12: 10.68 | K12: =J12/D12 -> 0.036148248 | L12: =((E12+F12)-D12)-J12 -> 0 | M12: =L12/D12 -> 0 | N12: =L12*G12 -> 0 | O12: 調理端 | P12: 抓樣不穩 | Q12: 共用類
A13: 2 | B13: 113年川燙綠豆芽 | C13: 1681.2528 | D13: 68.52 | E13: 83.95 | F13: 0 | G13: 108.96 | H13: =(E13+F13)/D13 -> 1.2251897 | I13: 1681.2528 | J13: 15.43 | K13: =J13/D13 -> 0.22518973 | L13: =((E13+F13)-D13)-J13 -> 0 | M13: =L13/D13 -> 0 | N13: =L13*G13 -> 0 | O13: 調理端 | P13: 展開量105% | Q13: 越式牛肉寬粉
A14: 3 | B14: 烤銀鮭魚肚 | C14: 942.45 | D14: 4007 | E14: 4068 | F14: 0 | G14: 15.45 | H14: =(E14+F14)/D14 -> 1.0152234 | I14: 942.45 | J14: 61 | K14: =J14/D14 -> 0.015223359 | L14: =((E14+F14)-D14)-J14 -> 0 | M14: =L14/D14 -> 0 | N14: =L14*G14 -> 0 | O14: 調理端 | P14: 研發設定，小片的規格不符合指示書設定重量 | Q14: 一配贅沢鮭魚肚飯糰
A15: 4 | B15: 日式烤洋蔥絲(114年) | C15: 582.822 | D15: 97.5 | E15: 101.8 | F15: 0 | G15: 135.54 | H15: =(E15+F15)/D15 -> 1.0441026 | I15: 582.822 | J15: 4.3 | K15: =J15/D15 -> 0.044102564 | L15: =((E15+F15)-D15)-J15 -> 0 | M15: =L15/D15 -> 0 | N15: =L15*G15 -> 0 | O15: 調理端 | P15: 抓樣不穩 | Q15: 共用類
A16: 5 | B16: 112炒高級芝麻肉鬆 | C16: 457.6704 | D16: 247.25 | E16: 249.67 | F16: 0 | G16: 189.12 | H16: =(E16+F16)/D16 -> 1.0097877 | I16: 457.6704 | J16: 2.42 | K16: =J16/D16 -> 0.0097876643 | L16: =((E16+F16)-D16)-J16 -> -1.2434498e-14 | M16: =L16/D16 -> -5.0291195e-17 | N16: =L16*G16 -> -2.3516122e-12 | O16: 調理端 | P16: 抓樣不穩 | Q16: 經典肉鬆飯糰
A17: 6 | B17: 焗飯-蕃茄拌飯 | C17: 444.0942 | D17: 170.52 | E17: 178.56 | F17: 0 | G17: 61.17 | H17: =(E17+F17)/D17 -> 1.0471499 | I17: 491.8068 | J17: 7.26 | K17: =J17/D17 -> 0.042575651 | L17: =((E17+F17)-D17)-J17 -> 0.78 | M17: =L17/D17 -> 0.0045742435 | N17: =L17*G17 -> 47.7126 | O17: 調理端 | P17: 炊飯機固定批量 | Q17: 二配薯勾以蛋包飯
A18: 7 | B18: 烤四角薯餅 | C18: 371.35 | D18: 1218 | E18: 1253 | F18: 0 | G18: 10.61 | H18: =(E18+F18)/D18 -> 1.0287356 | I18: 371.35 | J18: 35 | K18: =J18/D18 -> 0.028735632 | L18: =((E18+F18)-D18)-J18 -> 0 | M18: =L18/D18 -> 0 | N18: =L18*G18 -> 0 | O18: 調理端 | P18: 製程耗損 | Q18: 二配薯勾以蛋包飯
A19: 8 | B19: 烤黑胡椒洋蔥絲 | C19: 371.1754 | D19: 116.76 | E19: 121.3 | F19: 0 | G19: 141.67 | H19: =(E19+F19)/D19 -> 1.0388832 | I19: 643.1818 | J19: 2.62 | K19: =J19/D19 -> 0.022439192 | L19: =((E19+F19)-D19)-J19 -> 1.92 | M19: =L19/D19 -> 0.016443988 | N19: =L19*G19 -> 272.0064 | O19: 調理端 | P19: 抓樣不穩 | Q19: 糖燻野郎三十天熟成牛飯
A20: 9 | B20: (V)川燙小青花菜 | C20: 368.575 | D20: 608.6 | E20: 608.88 | F20: 34.6 | G20: 147.43 | H20: =(E20+F20)/D20 -> 1.0573119 | I20: 5142.3584 | J20: 2.5 | K20: =J20/D20 -> 0.0041077884 | L20: =((E20+F20)-D20)-J20 -> 32.38 | M20: =L20/D20 -> 0.053204075 | N20: =L20*G20 -> 4773.7834 | O20: 調理端 | P20: 原物料規格，大顆比例高 | Q20: 共用類
A21: 10 | B21: 洋蔥壹號醬 | C21: 366.1241 | D21: 46.51 | E21: 50.02 | F21: 0 | G21: 153.19 | H21: =(E21+F21)/D21 -> 1.0754676 | I21: 537.6969 | J21: 2.39 | K21: =J21/D21 -> 0.051386799 | L21: =((E21+F21)-D21)-J21 -> 1.12 | M21: =L21/D21 -> 0.024080843 | N21: =L21*G21 -> 171.5728 | O21: 調理端 | P21: 展開量105% | Q21: 壹號醬炙烤牛飯糰
A23: 超用金額前十名半成品
A24: 明細展開 | D24: 生產資訊 | O24: 類別 | P24: 分析原因 | Q24: 備註-商品名稱
A25: 排序 | B25: 半成品 | D25: 生產端 | J25: 組合端
B26: 名稱 | C26: 超用金額 排序 | D26: 產出量 | J26: 報廢 | M26: 超用
D27: 訂單需求 (kg) | E27: 實際產出 (kg) | F27: 補單 (kg) | G27: 單價 (元) | H27: 實際生產 (對比訂單需求) | I27: 差異 (元) | J27: kg | K27: 占比 | L27: 金額 (元) | M27: kg | N27: 占比
A28: 1 | B28: (V)川燙小青花菜 | C28: 4773.7834 | D28: 608.6 | E28: 608.88 | F28: 34.6 | G28: 147.43 | H28: =(E28+F28)/D28 -> 1.0573119 | I28: 5142.3584 | J28: 2.5 | K28: =J28/D28 -> 0.0041077884 | L28: =J28*G28 -> 368.575 | M28: =((E28+F28)-D28)-J28 -> 32.38 | N28: =M28/D28 -> 0.053204075 | O28: 組合室 | P28: 大顆比例高 | Q28: 共用類
A29: 2 | B29: 切-烤牛五花(112年) | C29: 4531.2344 | D29: 209.19 | E29: 209.36 | F29: 7.31 | G29: 605.78 | H29: =(E29+F29)/D29 -> 1.035757 | I29: 4531.2344 | J29: 0 | K29: =J29/D29 -> 0 | L29: =J29*G29 -> 0 | M29: =((E29+F29)-D29)-J29 -> 7.48 | N29: =M29/D29 -> 0.035756967 | O29: 組合室 | P29: 雙圈秤重範圍 | Q29: 糖燻野郎三十天熟成牛飯
A30: 3 | B30: 煮牛肉片(A7) | C30: 2700.1244 | D30: 58.73 | E30: 59.25 | F30: 3.6 | G30: 655.37 | H30: =(E30+F30)/D30 -> 1.0701515 | I30: 2700.1244 | J30: 0 | K30: =J30/D30 -> 0 | L30: =J30*G30 -> 0 | M30: =((E30+F30)-D30)-J30 -> 4.12 | N30: =M30/D30 -> 0.070151541 | O30: 組合室 | P30: 抓樣不穩 | Q30: 越式牛肉寬粉
A31: 4 | B31: 切-烤台式肉片 | C31: 2696.702 | D31: 66.53 | E31: 66.89 | F31: 3.94 | G31: 627.14 | H31: =(E31+F31)/D31 -> 1.0646325 | I31: 2696.702 | J31: 0 | K31: =J31/D31 -> 0 | L31: =J31*G31 -> 0 | M31: =((E31+F31)-D31)-J31 -> 4.3 | N31: =M31/D31 -> 0.064632497 | O31: 組合室 | P31: 抓樣不穩 | Q31: 姨次滿足熟成牛豚雙拼
A32: 5 | B32: 切-鹽烤牛肉 | C32: 2159.5544 | D32: 111.95 | E32: 110.43 | F32: 4.78 | G32: 662.44 | H32: =(E32+F32)/D32 -> 1.0291201 | I32: 2159.5544 | J32: 0 | K32: =J32/D32 -> 0 | L32: =J32*G32 -> 0 | M32: =((E32+F32)-D32)-J32 -> 3.26 | N32: =M32/D32 -> 0.029120143 | O32: 組合室 | P32: 抓樣不穩 | Q32: 共用類
A33: 6 | B33: 蒸-全熟雞肉絲CL(113年) | C33: 1813.4325 | D33: 110.9 | E33: 115.15 | F33: 0 | G33: 426.69 | H33: =(E33+F33)/D33 -> 1.0383228 | I33: 1813.4325 | J33: 0 | K33: =J33/D33 -> 0 | L33: =J33*G33 -> 0 | M33: =((E33+F33)-D33)-J33 -> 4.25 | N33: =M33/D33 -> 0.038322813 | O33: 組合室 | P33: 抓樣不穩 | Q33: 雞肉飯飯糰
A34: 7 | B34: 拌燒肉片 | C34: 1495.9308 | D34: 29.25 | E34: 29.37 | F34: 4 | G34: 363.09 | H34: =(E34+F34)/D34 -> 1.1408547 | I34: 1495.9308 | J34: 0 | K34: =J34/D34 -> 0 | L34: =J34*G34 -> 0 | M34: =((E34+F34)-D34)-J34 -> 4.12 | N34: =M34/D34 -> 0.1408547 | O34: 組合室 | P34: 抓樣不穩 | Q34: 大口蒜味香腸燒肉雙拼飯糰
A35: 8 | B35: 炒油蔥醬 | C35: 1280.045 | D35: 180.22 | E35: 188.6 | F35: 0 | G35: 152.75 | H35: =(E35+F35)/D35 -> 1.0464987 | I35: 1280.045 | J35: 0 | K35: =J35/D35 -> 0 | L35: =J35*G35 -> 0 | M35: =((E35+F35)-D35)-J35 -> 8.38 | N35: =M35/D35 -> 0.046498724 | O35: 組合室 | P35: 抓樣不穩 | Q35: 雞肉飯飯糰
A36: 9 | B36: 切烤雞胸肉(111年) | C36: 1268.0714 | D36: 188.9 | E36: 188.51 | F36: 3.5 | G36: 407.74 | H36: =(E36+F36)/D36 -> 1.0164637 | I36: 1268.0714 | J36: 0 | K36: =J36/D36 -> 0 | L36: =J36*G36 -> 0 | M36: =((E36+F36)-D36)-J36 -> 3.11 | N36: =M36/D36 -> 0.016463737 | O36: 組合室 | P36: 雙圈秤重範圍 | Q36: 健身G肉餐盒(113年)
A37: 10 | B37: 拌韓式炸雞(個) | C37: 917.44 | D37: 2964 | E37: 3152 | F37: 0 | G37: 4.88 | H37: =(E37+F37)/D37 -> 1.0634278 | I37: 917.44 | J37: 0 | K37: =J37/D37 -> 0 | L37: =J37*G37 -> 0 | M37: =((E37+F37)-D37)-J37 -> 188 | N37: =M37/D37 -> 0.0634278 | O37: 組合室 | P37: 抓樣不穩 | Q37: 二配大飯糰韓式炸雞
A39: 共用類報廢金額前十名半成品
A40: 明細展開
A41: 排序 | B41: 半成品
B42: 名稱 | C42: 報廢金額 排序 | D42: 共用類總金額 占比
A44: 1 | B44: 川燙毛豆玉米 | C44: 1686.0516 | D44: =C44/$L$5 -> 0.34914036
A45: 2 | B45: 日式烤洋蔥絲(114年) | C45: 582.822 | D45: =C45/$L$5 -> 0.12068829
A46: 3 | B46: (V)川燙小青花菜 | C46: 368.575 | D46: =C46/$L$5 -> 0.076322936
A47: 4 | B47: 60切-烤豆腐蛋白丁 | C47: 362.6 | D47: =C47/$L$5 -> 0.075085659
A48: 5 | B48: 烤12切家常豆腐 | C48: 329.94 | D48: =C48/$L$5 -> 0.068322566
A49: 6 | B49: 消毒青蔥絲 | C49: 250.9446 | D49: =C49/$L$5 -> 0.051964536
A50: 7 | B50: 煮白細麵生(方#10) | C50: 190.2988 | D50: =C50/$L$5 -> 0.039406263
A51: 8 | B51: 切義美滷豆乾 | C51: 178.5 | D51: =C51/$L$5 -> 0.036963017
A52: 9 | B52: 手作玉子蛋絲 | C52: 136.08 | D52: =C52/$L$5 -> 0.028178865
A53: 10 | B53: 煮中華冷麵(110年) | C53: 113.4432 | D53: =C53/$L$5 -> 0.023491333
A54: ※炊飯類不納入半成品廢棄計算
A56: ※淺黃色為工廠自填項目

Sheet 0813分析標準表
A1: 大溪廠半成品管理分析
A2: 日期 | C2: 營業額 | D2: 報廢展開 | F2: 超用展開 | H2: 報廢展開 | J2: 超用展開 | L2: 報廢展開
A3: 45882 | C3: 7976719.9 | D3: 總報廢 | F3: 總超用 | H3: 報廢-前10名 | J3: 超用-前10名 | L3: 共用類-總報廢
D4: 金額 | E4: 占比(營業額) | F4: 金額 | G4: 占比(營業額) | H4: 金額 | I4: 占比(總報廢) | J4: 金額 | K4: 占比(總超用) | L4: 金額 | M4: 占比(總報廢)
A5: 年度KPI目標0.25% | D5: 19336.486 | E5: =D5/C3 -> 0.0024241149 | F5: 64898.551 | G5: =F5/C3 -> 0.0081359947 | H5: =SUM(C12:C21) -> 6901.5355 | I5: =H5/D5 -> 0.35691778 | J5: =SUM(C28:C37) -> 20197.4 | K5: =J5/F5 -> 0.31121496 | L5: 2721.0186 | M5: =L5/D5 -> 0.1407194
A7: 報廢金額前十名半成品
A8: 明細展開 | D8: 生產資訊 | O8: 類別 | P8: 分析原因 | Q8: 備註-商品名稱
A9: 排序 | B9: 半成品 | D9: 生產端 | J9: 組合端
B10: 名稱 | C10: 報廢金額 排序 | D10: 產出量 | J10: 報廢 | L10: 超用
D11: 訂單需求 (kg) | E11: 實際產出 (kg) | F11: 補單 (kg) | G11: 單價 (元) | H11: 實際生產 (對比訂單需求) | I11: 差異 (元) | J11: kg | K11: 占比 | L11: kg | M11: 占比 | N11: 金額 (元)
A12: 1 | B12: 炒油蔥醬 | C12: 1102.855 | D12: 188.17 | E12: 204.49 | F12: 0 | G12: 152.75 | H12: =(E12+F12)/D12 -> 1.0867301 | I12: 2492.88 | J12: 7.22 | K12: =J12/D12 -> 0.038369559 | L12: =((E12+F12)-D12)-J12 -> 9.1 | M12: =L12/D12 -> 0.048360525 | N12: =L12*G12 -> 1390.025 | O12: 調理端 | P12: 展開量105% | Q12: 雞肉飯飯糰
A13: 2 | B13: 112炒高級芝麻肉鬆 | C13: 1004.2272 | D13: 258.76 | E13: 264.07 | F13: 0 | G13: 189.12 | H13: =(E13+F13)/D13 -> 1.0205209 | I13: 1004.2272 | J13: 5.31 | K13: =J13/D13 -> 0.020520946 | L13: =((E13+F13)-D13)-J13 -> 0 | M13: =L13/D13 -> 0 | N13: =L13*G13 -> 0 | O13: 調理端 | P13: 抓樣不穩 | Q13: 經典肉鬆飯糰
A14: 3 | B14: 烤銀鮭魚肚 | C14: 911.55 | D14: 4062 | E14: 4121 | F14: 0 | G14: 15.45 | H14: =(E14+F14)/D14 -> 1.0145249 | I14: 911.55 | J14: 59 | K14: =J14/D14 -> 0.014524865 | L14: =((E14+F14)-D14)-J14 -> 0 | M14: =L14/D14 -> 0 | N14: =L14*G14 -> 0 | O14: 調理端 | P14: 研發設定，小片的規格不符合指示書設定重量 | Q14: 一配贅沢鮭魚肚飯糰
A15: 4 | B15: 日式柚醋醬 | C15: 866.41 | D15: 82.65 | E15: 94.15 | F15: 0 | G15: 75.34 | H15: =(E15+F15)/D15 -> 1.139141 | I15: 866.41 | J15: 11.5 | K15: =J15/D15 -> 0.13914096 | L15: =((E15+F15)-D15)-J15 -> 0 | M15: =L15/D15 -> 0 | N15: =L15*G15 -> 0 | O15: 調理端 | P15: 展開量105% | Q15: 柚見極炙烤牛
A16: 5 | B16: 油亮中式香腸片(112年) | C16: 776.1414 | D16: 23.28 | E16: 25.86 | F16: 0 | G16: 300.83 | H16: =(E16+F16)/D16 -> 1.1108247 | I16: 776.1414 | J16: 2.58 | K16: =J16/D16 -> 0.11082474 | L16: =((E16+F16)-D16)-J16 -> 0 | M16: =L16/D16 -> 0 | N16: =L16*G16 -> 0 | O16: 調理端 | P16: 展開量105% | Q16: 經典滷肉飯
A17: 6 | B17: 蒸鰻魚片(主食用) | C17: 707.88 | D17: 7065 | E17: 7133 | F17: 0 | G17: 10.41 | H17: =(E17+F17)/D17 -> 1.0096249 | I17: 707.88 | J17: 68 | K17: =J17/D17 -> 0.0096249115 | L17: =((E17+F17)-D17)-J17 -> 0 | M17: =L17/D17 -> 0 | N17: =L17*G17 -> 0 | O17: 調理端 | P17: 抓樣不穩 | Q17: 鰻牛雙饗匠食盒
A18: 7 | B18: 烤黑胡椒洋蔥絲 | C18: 487.3448 | D18: 133.37 | E18: 138.35 | F18: 0 | G18: 141.67 | H18: =(E18+F18)/D18 -> 1.0373397 | I18: 705.5166 | J18: 3.44 | K18: =J18/D18 -> 0.025792907 | L18: =((E18+F18)-D18)-J18 -> 1.54 | M18: =L18/D18 -> 0.011546825 | N18: =L18*G18 -> 218.1718 | O18: 調理端 | P18: 抓樣不穩 | Q18: 糖燻野郎三十天熟成牛飯
A19: 8 | B19: (V)川燙小青花菜 | C19: 352.3577 | D19: 678.56 | E19: 688.24 | F19: 5.2 | G19: 147.43 | H19: =(E19+F19)/D19 -> 1.0219288 | I19: 2193.7584 | J19: 2.39 | K19: =J19/D19 -> 0.0035221646 | L19: =((E19+F19)-D19)-J19 -> 12.49 | M19: =L19/D19 -> 0.018406626 | N19: =L19*G19 -> 1841.4007 | O19: 調理端 | P19: 原物料規格，大顆比例高 | Q19: 共用類
A20: 9 | B20: 熟化去皮馬鈴薯滾刀17-23g | C20: 346.56 | D20: 125.16 | E20: 128.77 | F20: 0 | G20: 96 | H20: =(E20+F20)/D20 -> 1.0288431 | I20: 346.56 | J20: 3.61 | K20: =J20/D20 -> 0.028843081 | L20: =((E20+F20)-D20)-J20 -> 1.3766766e-14 | M20: =L20/D20 -> 1.0999333e-16 | N20: =L20*G20 -> 1.3216095e-12 | O20: 調理端 | P20: 原物料規格 | Q20: 嫩烤香料雞胸排蔬滿盒
A21: 10 | B21: 洋蔥壹號醬 | C21: 346.2094 | D21: 47.92 | E21: 51.68 | F21: 0 | G21: 153.19 | H21: =(E21+F21)/D21 -> 1.0784641 | I21: 575.9944 | J21: 2.26 | K21: =J21/D21 -> 0.047161937 | L21: =((E21+F21)-D21)-J21 -> 1.5 | M21: =L21/D21 -> 0.03130217 | N21: =L21*G21 -> 229.785 | O21: 調理端 | P21: 展開量105% | Q21: 壹號醬炙烤牛飯糰
A23: 超用金額前十名半成品
A24: 明細展開 | D24: 生產資訊 | O24: 類別 | P24: 分析原因 | Q24: 備註-商品名稱
A25: 排序 | B25: 半成品 | D25: 生產端 | J25: 組合端
B26: 名稱 | C26: 超用金額 排序 | D26: 產出量 | J26: 報廢 | M26: 超用
D27: 訂單需求 (kg) | E27: 實際產出 (kg) | F27: 補單 (kg) | G27: 單價 (元) | H27: 實際生產 (對比訂單需求) | I27: 差異 (元) | J27: kg | K27: 占比 | L27: 金額 (元) | M27: kg | N27: 占比
A28: 1 | B28: 切烤雞胸肉(111年) | C28: 4986.6602 | D28: 216.65 | E28: 220.13 | F28: 8.75 | G28: 407.74 | H28: =(E28+F28)/D28 -> 1.0564505 | I28: 4986.6602 | J28: 0 | K28: =J28/D28 -> 0 | L28: =J28*G28 -> 0 | M28: =((E28+F28)-D28)-J28 -> 12.23 | N28: =M28/D28 -> 0.056450496 | O28: 組合室 | P28: 雙圈秤重範圍 | Q28: 健身G肉餐盒(113年)
A29: 2 | B29: 切-烤牛五花(112年) | C29: 2635.143 | D29: 238.95 | E29: 239 | F29: 4.3 | G29: 605.78 | H29: =(E29+F29)/D29 -> 1.0182046 | I29: 2635.143 | J29: 0 | K29: =J29/D29 -> 0 | L29: =J29*G29 -> 0 | M29: =((E29+F29)-D29)-J29 -> 4.35 | N29: =M29/D29 -> 0.018204645 | O29: 組合室 | P29: 雙圈秤重範圍 | Q29: 糖燻野郎三十天熟成牛飯
A30: 3 | B30: 鮮食雙色起司絲 | C30: 2372 | D30: 143.14 | E30: 145.45 | F30: 9.55 | G30: 200 | H30: =(E30+F30)/D30 -> 1.0828559 | I30: 2372 | J30: 0 | K30: =J30/D30 -> 0 | L30: =J30*G30 -> 0 | M30: =((E30+F30)-D30)-J30 -> 11.86 | N30: =M30/D30 -> 0.082855945 | O30: 組合室 | P30: 抓樣不穩 | Q30: 共用類
A31: 4 | B31: (V)川燙小青花菜 | C31: 1841.4007 | D31: 678.56 | E31: 688.24 | F31: 5.2 | G31: 147.43 | H31: =(E31+F31)/D31 -> 1.0219288 | I31: 2193.7584 | J31: 2.39 | K31: =J31/D31 -> 0.0035221646 | L31: =J31*G31 -> 352.3577 | M31: =((E31+F31)-D31)-J31 -> 12.49 | N31: =M31/D31 -> 0.018406626 | O31: 組合室 | P31: 大顆比例高 | Q31: 共用類
A32: 5 | B32: 切-鹽烤牛肉 | C32: 1609.7292 | D32: 128.71 | E32: 128.38 | F32: 2.76 | G32: 662.44 | H32: =(E32+F32)/D32 -> 1.0188797 | I32: 1609.7292 | J32: 0 | K32: =J32/D32 -> 0 | L32: =J32*G32 -> 0 | M32: =((E32+F32)-D32)-J32 -> 2.43 | N32: =M32/D32 -> 0.018879652 | O32: 組合室 | P32: 抓樣不穩 | Q32: 共用類
A33: 6 | B33: 切-鹽烤熟成牛肉 | C33: 1450.3056 | D33: 47.1 | E33: 47.29 | F33: 2 | G33: 662.24 | H33: =(E33+F33)/D33 -> 1.0464968 | I33: 1450.3056 | J33: 0 | K33: =J33/D33 -> 0 | L33: =J33*G33 -> 0 | M33: =((E33+F33)-D33)-J33 -> 2.19 | N33: =M33/D33 -> 0.046496815 | O33: 組合室 | P33: 抓樣不穩 | Q33: 鰻牛雙饗匠食盒
A34: 7 | B34: 切-究極燒肉片 | C34: 1412.8836 | D34: 64.78 | E34: 65.02 | F34: 1.8 | G34: 692.59 | H34: =(E34+F34)/D34 -> 1.0314912 | I34: 1412.8836 | J34: 0 | K34: =J34/D34 -> 0 | L34: =J34*G34 -> 0 | M34: =((E34+F34)-D34)-J34 -> 2.04 | N34: =M34/D34 -> 0.031491201 | O34: 組合室 | P34: 抓樣不穩 | Q34: 壹號醬雞豚雙拼
A35: 8 | B35: 炒油蔥醬 | C35: 1390.025 | D35: 188.17 | E35: 204.49 | F35: 0 | G35: 152.75 | H35: =(E35+F35)/D35 -> 1.0867301 | I35: 2492.88 | J35: 7.22 | K35: =J35/D35 -> 0.038369559 | L35: =J35*G35 -> 1102.855 | M35: =((E35+F35)-D35)-J35 -> 9.1 | N35: =M35/D35 -> 0.048360525 | O35: 組合室 | P35: 抓樣不穩 | Q35: 雞肉飯飯糰
A36: 9 | B36: 蒸-全熟雞肉絲CL(113年) | C36: 1322.739 | D36: 115.8 | E36: 118.9 | F36: 0 | G36: 426.69 | H36: =(E36+F36)/D36 -> 1.0267703 | I36: 1322.739 | J36: 0 | K36: =J36/D36 -> 0 | L36: =J36*G36 -> 0 | M36: =((E36+F36)-D36)-J36 -> 3.1 | N36: =M36/D36 -> 0.026770294 | O36: 組合室 | P36: 抓樣不穩 | Q36: 雞肉飯飯糰
A37: 10 | B37: 蒸-醬香雞肉絲CL | C37: 1176.5138 | D37: 100.3 | E37: 100.22 | F37: 3.25 | G37: 371.14 | H37: =(E37+F37)/D37 -> 1.0316052 | I37: 1176.5138 | J37: 0 | K37: =J37/D37 -> 0 | L37: =J37*G37 -> 0 | M37: =((E37+F37)-D37)-J37 -> 3.17 | N37: =M37/D37 -> 0.031605184 | O37: 組合室 | P37: 抓樣不穩 | Q37: 共用類
A39: 共用類報廢金額前十名半成品
A40: 明細展開
A41: 排序 | B41: 半成品
B42: 名稱 | C42: 報廢金額 排序 | D42: 共用類總金額 占比
A44: 1 | B44: (V)川燙小青花菜 | C44: 352.3577 | D44: =C44/$L$5 -> 0.12949478
A45: 2 | B45: 60切-烤豆腐蛋白丁 | C45: 345.45 | D45: =C45/$L$5 -> 0.12695613
A46: 3 | B46: 烤大口蛋皮(111年) | C46: 329.5 | D46: =C46/$L$5 -> 0.12109436
A47: 4 | B47: 烤12切家常豆腐 | C47: 270.27 | D47: =C47/$L$5 -> 0.099326774
A48: 5 | B48: 川燙毛豆玉米 | C48: 251.0133 | D48: =C48/$L$5 -> 0.092249755
A49: 6 | B49: 切義美滷豆乾 | C49: 209.1 | D49: =C49/$L$5 -> 0.076846222
A50: 7 | B50: 煮白細麵生(方#10) | C50: 190.2988 | D50: =C50/$L$5 -> 0.069936604
A51: 8 | B51: 手作玉子蛋絲 | C51: 136.08 | D51: =C51/$L$5 -> 0.050010683
A52: 9 | B52: 煮中華冷麵(110年) | C52: 113.4432 | D52: =C52/$L$5 -> 0.041691446
A53: 10 | B53: 日式烤洋蔥絲(114年) | C53: 103.0104 | D53: =C53/$L$5 -> 0.037857294
A54: ※炊飯類不納入半成品廢棄計算
A56: ※淺黃色為工廠自填項目

Sheet 0812分析標準表
A1: 大溪廠半成品管理分析
A2: 日期 | C2: 營業額 | D2: 報廢展開 | F2: 超用展開 | H2: 報廢展開 | J2: 超用展開 | L2: 報廢展開
A3: 45881 | C3: 7841558.5 | D3: 總報廢 | F3: 總超用 | H3: 報廢-前10名 | J3: 超用-前10名 | L3: 共用類-總報廢
D4: 金額 | E4: 占比(營業額) | F4: 金額 | G4: 占比(營業額) | H4: 金額 | I4: 占比(總報廢) | J4: 金額 | K4: 占比(總超用) | L4: 金額 | M4: 占比(總報廢)
A5: 年度KPI目標0.25% | D5: 18989.923 | E5: =D5/C3 -> 0.0024217026 | F5: 66433.737 | G5: =F5/C3 -> 0.0084720068 | H5: =SUM(C12:C21) -> 6434.6202 | I5: =H5/D5 -> 0.33884394 | J5: =SUM(C28:C37) -> 17858.852 | K5: =J5/F5 -> 0.26882203 | L5: 3211.2649 | M5: =L5/D5 -> 0.16910363
A7: 報廢金額前十名半成品
A8: 明細展開 | D8: 生產資訊 | O8: 類別 | P8: 分析原因 | Q8: 備註-商品名稱
A9: 排序 | B9: 半成品 | D9: 生產端 | J9: 組合端
B10: 名稱 | C10: 報廢金額 排序 | D10: 產出量 | J10: 報廢 | L10: 超用
D11: 訂單需求 (kg) | E11: 實際產出 (kg) | F11: 補單 (kg) | G11: 單價 (元) | H11: 實際生產 (對比訂單需求) | I11: 差異 (元) | J11: kg | K11: 占比 | L11: kg | M11: 占比 | N11: 金額 (元)
A12: 1 | B12: 自製鹽蔥(114年) | C12: 1367.7717 | D12: 41.52 | E12: 47.81 | F12: 0 | G12: 236.23 | H12: =(E12+F12)/D12 -> 1.1514933 | I12: 1485.8867 | J12: 5.79 | K12: =J12/D12 -> 0.13945087 | L12: =((E12+F12)-D12)-J12 -> 0.5 | M12: =L12/D12 -> 0.012042389 | N12: =L12*G12 -> 118.115 | O12: 調理端 | P12: 展開量105% | Q12: 壹號醬雞豚雙拼
A13: 2 | B13: 烤銀鮭魚肚 | C13: 1236 | D13: 3799 | E13: 3879 | F13: 0 | G13: 15.45 | H13: =(E13+F13)/D13 -> 1.0210582 | I13: 1236 | J13: 80 | K13: =J13/D13 -> 0.021058173 | L13: =((E13+F13)-D13)-J13 -> 0 | M13: =L13/D13 -> 0 | N13: =L13*G13 -> 0 | O13: 調理端 | P13: 研發設定，小片的規格不符合指示書設定重量 | Q13: 一配贅沢鮭魚肚飯糰
A14: 3 | B14: 蒸蛤蜊-肉(VN151) | C14: 781.1076 | D14: 26.16 | E14: 27.77 | F14: 0 | G14: 485.16 | H14: =(E14+F14)/D14 -> 1.0615443 | I14: 781.1076 | J14: 1.61 | K14: =J14/D14 -> 0.061544343 | L14: =((E14+F14)-D14)-J14 -> 0 | M14: =L14/D14 -> 0 | N14: =L14*G14 -> 0 | O14: 調理端 | P14: 展開量105% | Q14: 二配哞哞培根奶香海陸焗飯
A15: 4 | B15: 滷豆干丁 | C15: 633.5235 | D15: 21.26 | E15: 24.71 | F15: 0 | G15: 183.63 | H15: =(E15+F15)/D15 -> 1.1622766 | I15: 633.5235 | J15: 3.45 | K15: =J15/D15 -> 0.16227658 | L15: =((E15+F15)-D15)-J15 -> 0 | M15: =L15/D15 -> 0 | N15: =L15*G15 -> 0 | O15: 調理端 | P15: 展開量105% | Q15: 韓味豬肉時蔬拌拌餐盒
A16: 5 | B16: 炒培根片(114年) | C16: 429.072 | D16: 21.4 | E16: 22.2 | F16: 0 | G16: 536.34 | H16: =(E16+F16)/D16 -> 1.0373832 | I16: 429.072 | J16: 0.8 | K16: =J16/D16 -> 0.037383178 | L16: =((E16+F16)-D16)-J16 -> 0 | M16: =L16/D16 -> 0 | N16: =L16*G16 -> 0 | O16: 調理端 | P16: 抓樣不穩 | Q16: 二配哞哞培根奶香海陸焗飯
A17: 6 | B17: 川燙毛豆玉米 | C17: 408.8833 | D17: 320.96 | E17: 325.99 | F17: 0 | G17: 157.87 | H17: =(E17+F17)/D17 -> 1.0156717 | I17: 794.0861 | J17: 2.59 | K17: =J17/D17 -> 0.0080695414 | L17: =((E17+F17)-D17)-J17 -> 2.44 | M17: =L17/D17 -> 0.0076021934 | N17: =L17*G17 -> 385.2028 | O17: 調理端 | P17: 抓樣不穩 | Q17: 共用類
A18: 7 | B18: 洋蔥壹號醬 | C18: 396.7621 | D18: 47.46 | E18: 51.16 | F18: 0 | G18: 153.19 | H18: =(E18+F18)/D18 -> 1.0779604 | I18: 566.803 | J18: 2.59 | K18: =J18/D18 -> 0.054572271 | L18: =((E18+F18)-D18)-J18 -> 1.11 | M18: =L18/D18 -> 0.023388116 | N18: =L18*G18 -> 170.0409 | O18: 調理端 | P18: 展開量105% | Q18: 壹號醬炙烤牛飯糰
A19: 8 | B19: 切義美滷豆乾 | C19: 395.25 | D19: 11934 | E19: 11924 | F19: 475 | G19: 0.85 | H19: =(E19+F19)/D19 -> 1.0389643 | I19: 395.25 | J19: 465 | K19: =J19/D19 -> 0.038964304 | L19: =((E19+F19)-D19)-J19 -> 0 | M19: =L19/D19 -> 0 | N19: =L19*G19 -> 0 | O19: 調理端 | P19: 製程耗損 | Q19: 共用類
A20: 9 | B20: 自製蒜味奶油 | C20: 393.68 | D20: 11.19 | E20: 12.79 | F20: 0 | G20: 246.05 | H20: =(E20+F20)/D20 -> 1.1429848 | I20: 393.68 | J20: 1.6 | K20: =J20/D20 -> 0.14298481 | L20: =((E20+F20)-D20)-J20 -> 0 | M20: =L20/D20 -> 0 | N20: =L20*G20 -> 0 | O20: 調理端 | P20: 展開量105% | Q20: 姨次滿足熟成牛豚雙拼
A21: 10 | B21: 烤四角薯餅 | C21: 392.57 | D21: 1441 | E21: 1478 | F21: 0 | G21: 10.61 | H21: =(E21+F21)/D21 -> 1.0256766 | I21: 392.57 | J21: 37 | K21: =J21/D21 -> 0.025676613 | L21: =((E21+F21)-D21)-J21 -> 0 | M21: =L21/D21 -> 0 | N21: =L21*G21 -> 0 | O21: 調理端 | P21: 製程耗損 | Q21: 二配薯勾以蛋包飯
A23: 超用金額前十名半成品
A24: 明細展開 | D24: 生產資訊 | O24: 類別 | P24: 分析原因 | Q24: 備註-商品名稱
A25: 排序 | B25: 半成品 | D25: 生產端 | J25: 組合端
B26: 名稱 | C26: 超用金額 排序 | D26: 產出量 | J26: 報廢 | M26: 超用
D27: 訂單需求 (kg) | E27: 實際產出 (kg) | F27: 補單 (kg) | G27: 單價 (元) | H27: 實際生產 (對比訂單需求) | I27: 差異 (元) | J27: kg | K27: 占比 | L27: 金額 (元) | M27: kg | N27: 占比
A28: 1 | B28: 切烤雞胸肉(111年) | C28: 2911.2636 | D28: 219.06 | E28: 218.15 | F28: 8.05 | G28: 407.74 | H28: =(E28+F28)/D28 -> 1.0325938 | I28: 2911.2636 | J28: 0 | K28: =J28/D28 -> 0 | L28: =J28*G28 -> 0 | M28: =((E28+F28)-D28)-J28 -> 7.14 | N28: =M28/D28 -> 0.03259381 | O28: 組合室 | P28: 雙圈秤重範圍 | Q28: 健身G肉餐盒(113年)
A29: 2 | B29: (V)川燙小青花菜 | C29: 2776.1069 | D29: 673.87 | E29: 673.8 | F29: 18.9 | G29: 147.43 | H29: =(E29+F29)/D29 -> 1.0279431 | I29: 2776.1069 | J29: 0 | K29: =J29/D29 -> 0 | L29: =J29*G29 -> 0 | M29: =((E29+F29)-D29)-J29 -> 18.83 | N29: =M29/D29 -> 0.027943075 | O29: 組合室 | P29: 大顆比例高 | Q29: 共用類
A30: 3 | B30: 煮牛肉片(A7) | C30: 1913.6804 | D30: 60.91 | E30: 61.19 | F30: 2.64 | G30: 655.37 | H30: =(E30+F30)/D30 -> 1.0479396 | I30: 1913.6804 | J30: 0 | K30: =J30/D30 -> 0 | L30: =J30*G30 -> 0 | M30: =((E30+F30)-D30)-J30 -> 2.92 | N30: =M30/D30 -> 0.047939583 | O30: 組合室 | P30: 抓樣不穩 | Q30: 越式牛肉寬粉
A31: 4 | B31: 鮮食雙色起司絲 | C31: 1734 | D31: 145.32 | E31: 148.74 | F31: 5.25 | G31: 200 | H31: =(E31+F31)/D31 -> 1.0596614 | I31: 1734 | J31: 0 | K31: =J31/D31 -> 0 | L31: =J31*G31 -> 0 | M31: =((E31+F31)-D31)-J31 -> 8.67 | N31: =M31/D31 -> 0.059661437 | O31: 組合室 | P31: 抓樣不穩 | Q31: 共用類
A32: 5 | B32: 分切炙燒炭火燒肉片(主食) | C32: 1698.192 | D32: 78.28 | E32: 78.32 | F32: 2.66 | G32: 628.96 | H32: =(E32+F32)/D32 -> 1.0344916 | I32: 1698.192 | J32: 0 | K32: =J32/D32 -> 0 | L32: =J32*G32 -> 0 | M32: =((E32+F32)-D32)-J32 -> 2.7 | N32: =M32/D32 -> 0.034491569 | O32: 組合室 | P32: 抓樣不穩 | Q32: 蒜蒜燒豚飯
A33: 6 | B33: 碳香燒肉醬 | C33: 1569.1286 | D33: 197.22 | E33: 195.42 | F33: 15.58 | G33: 113.87 | H33: =(E33+F33)/D33 -> 1.0698712 | I33: 1569.1286 | J33: 0 | K33: =J33/D33 -> 0 | L33: =J33*G33 -> 0 | M33: =((E33+F33)-D33)-J33 -> 13.78 | N33: =M33/D33 -> 0.06987121 | O33: 組合室 | P33: 抓樣不穩 | Q33: 壹號醬雞豚雙拼
A34: 7 | B34: 切-烤牛五花(112年) | C34: 1550.7968 | D34: 233.83 | E34: 234.24 | F34: 2.15 | G34: 605.78 | H34: =(E34+F34)/D34 -> 1.0109481 | I34: 1550.7968 | J34: 0 | K34: =J34/D34 -> 0 | L34: =J34*G34 -> 0 | M34: =((E34+F34)-D34)-J34 -> 2.56 | N34: =M34/D34 -> 0.010948125 | O34: 組合室 | P34: 雙圈秤重範圍 | Q34: 糖燻野郎三十天熟成牛飯
A35: 8 | B35: 日式牛培根 | C35: 1370.9514 | D35: 51.08 | E35: 49.99 | F35: 3.3 | G35: 620.34 | H35: =(E35+F35)/D35 -> 1.0432655 | I35: 1370.9514 | J35: 0 | K35: =J35/D35 -> 0 | L35: =J35*G35 -> 0 | M35: =((E35+F35)-D35)-J35 -> 2.21 | N35: =M35/D35 -> 0.043265466 | O35: 組合室 | P35: 抓樣不穩 | Q35: 柚見極炙烤牛
A36: 9 | B36: 切-蒸滷牛腱 | C36: 1185.7122 | D36: 17.68 | E36: 17.97 | F36: 1.2 | G36: 795.78 | H36: =(E36+F36)/D36 -> 1.084276 | I36: 1185.7122 | J36: 0 | K36: =J36/D36 -> 0 | L36: =J36*G36 -> 0 | M36: =((E36+F36)-D36)-J36 -> 1.49 | N36: =M36/D36 -> 0.084276018 | O36: 組合室 | P36: 抓樣不穩 | Q36: 一口滷魂便當
A37: 10 | B37: 烤BBQ雞丁(112年) | C37: 1149.0202 | D37: 95.16 | E37: 94.61 | F37: 3.69 | G37: 365.93 | H37: =(E37+F37)/D37 -> 1.0329971 | I37: 1149.0202 | J37: 0 | K37: =J37/D37 -> 0 | L37: =J37*G37 -> 0 | M37: =((E37+F37)-D37)-J37 -> 3.14 | N37: =M37/D37 -> 0.032997058 | O37: 組合室 | P37: 抓樣不穩 | Q37: 美式雞丁餐盒(113年)
A39: 共用類報廢金額前十名半成品
A40: 明細展開
A41: 排序 | B41: 半成品
B42: 名稱 | C42: 報廢金額 排序 | D42: 共用類總金額 占比
A44: 1 | B44: 川燙毛豆玉米 | C44: 408.8833 | D44: =C44/$L$5 -> 0.1273278
A45: 2 | B45: 切義美滷豆乾 | C45: 395.25 | D45: =C45/$L$5 -> 0.12308234
A46: 3 | B46: 60切-烤豆腐蛋白丁 | C46: 392 | D46: =C46/$L$5 -> 0.12207028
A47: 4 | B47: 烤12切家常豆腐 | C47: 372.06 | D47: =C47/$L$5 -> 0.11586089
A48: 5 | B48: 烤大口蛋皮(111年) | C48: 355.86 | D48: =C48/$L$5 -> 0.11081615
A49: 6 | B49: 煮白細麵生(方#10) | C49: 190.2988 | D49: =C49/$L$5 -> 0.059259764
A50: 7 | B50: 蒸-醬香雞肉絲CL | C50: 178.1472 | D50: =C50/$L$5 -> 0.05547571
A51: 8 | B51: 切-鹽烤牛肉 | C51: 145.7368 | D51: =C51/$L$5 -> 0.045382989
A52: 9 | B52: 手作玉子蛋絲 | C52: 136.08 | D52: =C52/$L$5 -> 0.042375825
A53: 10 | B53: 煮中華冷麵(110年) | C53: 113.4432 | D53: =C53/$L$5 -> 0.03532664
A54: ※炊飯類不納入半成品廢棄計算
A56: ※淺黃色為工廠自填項目

Sheet 0811分析標準表
A1: 大溪廠半成品管理分析
A2: 日期 | C2: 營業額 | D2: 報廢展開 | F2: 超用展開 | H2: 報廢展開 | J2: 超用展開 | L2: 報廢展開
A3: 45880 | C3: 7815178.3 | D3: 總報廢 | F3: 總超用 | H3: 報廢-前10名 | J3: 超用-前10名 | L3: 共用類-總報廢
D4: 金額 | E4: 占比(營業額) | F4: 金額 | G4: 占比(營業額) | H4: 金額 | I4: 占比(總報廢) | J4: 金額 | K4: 占比(總超用) | L4: 金額 | M4: 占比(總報廢)
A5: 年度KPI目標0.25% | D5: 18915.579 | E5: =D5/C3 -> 0.0024203644 | F5: 65473.776 | G5: =F5/C3 -> 0.0083777712 | H5: =SUM(C12:C21) -> 5024.6253 | I5: =H5/D5 -> 0.26563423 | J5: =SUM(C28:C37) -> 21910.52 | K5: =J5/F5 -> 0.33464574 | L5: 2437.3231 | M5: =L5/D5 -> 0.12885268
A7: 報廢金額前十名半成品
A8: 明細展開 | D8: 生產資訊 | O8: 類別 | P8: 分析原因 | Q8: 備註-商品名稱
A9: 排序 | B9: 半成品 | D9: 生產端 | J9: 組合端
B10: 名稱 | C10: 報廢金額 排序 | D10: 產出量 | J10: 報廢 | L10: 超用
D11: 訂單需求 (kg) | E11: 實際產出 (kg) | F11: 補單 (kg) | G11: 單價 (元) | H11: 實際生產 (對比訂單需求) | I11: 差異 (元) | J11: kg | K11: 占比 | L11: kg | M11: 占比 | N11: 金額 (元)
A12: 1 | B12: 炒油蔥醬 | C12: 1222 | D12: 195.12 | E12: 203.12 | F12: 0 | G12: 152.75 | H12: =(E12+F12)/D12 -> 1.0410004 | I12: 1222 | J12: 8 | K12: =J12/D12 -> 0.04100041 | L12: =((E12+F12)-D12)-J12 -> 0 | M12: =L12/D12 -> 0 | N12: =L12*G12 -> 0 | O12: 調理端 | P12: 抓樣不穩 | Q12: 雞肉飯飯糰
A13: 2 | B13: 烤銀鮭魚肚 | C13: 710.7 | D13: 4132 | E13: 4178 | F13: 0 | G13: 15.45 | H13: =(E13+F13)/D13 -> 1.0111326 | I13: 710.7 | J13: 46 | K13: =J13/D13 -> 0.011132623 | L13: =((E13+F13)-D13)-J13 -> 0 | M13: =L13/D13 -> 0 | N13: =L13*G13 -> 0 | O13: 調理端 | P13: 研發設定，小片的規格不符合指示書設定重量 | Q13: 一配贅沢鮭魚肚飯糰
A14: 3 | B14: 蒸鰻魚片(主食用) | C14: 624.6 | D14: 6666 | E14: 6597 | F14: 129 | G14: 10.41 | H14: =(E14+F14)/D14 -> 1.0090009 | I14: 624.6 | J14: 60 | K14: =J14/D14 -> 0.0090009001 | L14: =((E14+F14)-D14)-J14 -> 0 | M14: =L14/D14 -> 0 | N14: =L14*G14 -> 0 | O14: 調理端 | P14: 製程耗損 | Q14: 鰻牛雙饗匠食盒
A15: 4 | B15: 切-蒸滷牛腱 | C15: 493.3836 | D15: 19.28 | E15: 19.9 | F15: 0 | G15: 795.78 | H15: =(E15+F15)/D15 -> 1.0321577 | I15: 493.3836 | J15: 0.62 | K15: =J15/D15 -> 0.032157676 | L15: =((E15+F15)-D15)-J15 -> 9.9920072e-16 | M15: =L15/D15 -> 5.1825764e-17 | N15: =L15*G15 -> 7.9514395e-13 | O15: 調理端 | P15: 抓樣不穩 | Q15: 一口滷魂便當
A16: 5 | B16: 煮海帶芽(厚) | C16: 402.165 | D16: 35.14 | E16: 40.22 | F16: 0 | G16: 89.37 | H16: =(E16+F16)/D16 -> 1.1445646 | I16: 453.9996 | J16: 4.5 | K16: =J16/D16 -> 0.12805919 | L16: =((E16+F16)-D16)-J16 -> 0.58 | M16: =L16/D16 -> 0.016505407 | N16: =L16*G16 -> 51.8346 | O16: 調理端 | P16: 展開量105% | Q16: 日式蕎麥沾麵
A17: 6 | B17: 薑炒筍尾 | C17: 367.3 | D17: 49.87 | E17: 52.24 | F17: 0 | G17: 183.65 | H17: =(E17+F17)/D17 -> 1.0475236 | I17: 435.2505 | J17: 2 | K17: =J17/D17 -> 0.040104271 | L17: =((E17+F17)-D17)-J17 -> 0.37 | M17: =L17/D17 -> 0.0074192902 | N17: =L17*G17 -> 67.9505 | O17: 調理端 | P17: 抓樣不穩 | Q17: 經典滷肉飯
A18: 7 | B18: 炸蝦仁 | C18: 347.82 | D18: 3522 | E18: 3584 | F18: 0 | G18: 5.61 | H18: =(E18+F18)/D18 -> 1.0176036 | I18: 347.82 | J18: 62 | K18: =J18/D18 -> 0.017603634 | L18: =((E18+F18)-D18)-J18 -> 0 | M18: =L18/D18 -> 0 | N18: =L18*G18 -> 0 | O18: 調理端 | P18: 製程耗損 | Q18: 一配海老天婦羅飯糰
A19: 8 | B19: 消毒青蔥絲 | C19: 298.152 | D19: 33.19 | E19: 34.93 | F19: 0 | G19: 248.46 | H19: =(E19+F19)/D19 -> 1.0524254 | I19: 432.3204 | J19: 1.2 | K19: =J19/D19 -> 0.036155469 | L19: =((E19+F19)-D19)-J19 -> 0.54 | M19: =L19/D19 -> 0.016269961 | N19: =L19*G19 -> 134.1684 | O19: 調理端 | P19: 展開量105% | Q19: 共用類
A20: 9 | B20: 川味秋木耳 | C20: 297.0864 | D20: 40.28 | E20: 41.47 | F20: 0 | G20: 253.92 | H20: =(E20+F20)/D20 -> 1.0295432 | I20: 302.1648 | J20: 1.17 | K20: =J20/D20 -> 0.029046673 | L20: =((E20+F20)-D20)-J20 -> 0.02 | M20: =L20/D20 -> 0.00049652433 | N20: =L20*G20 -> 5.0784 | O20: 調理端 | P20: 抓樣不穩 | Q20: 經典滷肉飯
A21: 10 | B21: 韓式辣炒豆芽 | C21: 261.4183 | D21: 28.88 | E21: 30.91 | F21: 0 | G21: 144.43 | H21: =(E21+F21)/D21 -> 1.0702909 | I21: 293.1929 | J21: 1.81 | K21: =J21/D21 -> 0.06267313 | L21: =((E21+F21)-D21)-J21 -> 0.22 | M21: =L21/D21 -> 0.0076177285 | N21: =L21*G21 -> 31.7746 | O21: 調理端 | P21: 展開量105% | Q21: 蒜蒜燒豚飯
A23: 超用金額前十名半成品
A24: 明細展開 | D24: 生產資訊 | O24: 類別 | P24: 分析原因 | Q24: 備註-商品名稱
A25: 排序 | B25: 半成品 | D25: 生產端 | J25: 組合端
B26: 名稱 | C26: 超用金額 排序 | D26: 產出量 | J26: 報廢 | M26: 超用
D27: 訂單需求 (kg) | E27: 實際產出 (kg) | F27: 補單 (kg) | G27: 單價 (元) | H27: 實際生產 (對比訂單需求) | I27: 差異 (元) | J27: kg | K27: 占比 | L27: 金額 (元) | M27: kg | N27: 占比
A28: 1 | B28: 切-烤牛五花(112年) | C28: 3671.0268 | D28: 218.74 | E28: 218.35 | F28: 6.45 | G28: 605.78 | H28: =(E28+F28)/D28 -> 1.0277041 | I28: 3671.0268 | J28: 0 | K28: =J28/D28 -> 0 | L28: =J28*G28 -> 0 | M28: =((E28+F28)-D28)-J28 -> 6.06 | N28: =M28/D28 -> 0.027704124 | O28: 組合室 | P28: 雙圈秤重範圍 | Q28: 糖燻野郎三十天熟成牛飯
A29: 2 | B29: 蒸-醬香雞肉絲CL | C29: 2861.4894 | D29: 99.56 | E29: 99.92 | F29: 7.35 | G29: 371.14 | H29: =(E29+F29)/D29 -> 1.0774407 | I29: 2861.4894 | J29: 0 | K29: =J29/D29 -> 0 | L29: =J29*G29 -> 0 | M29: =((E29+F29)-D29)-J29 -> 7.71 | N29: =M29/D29 -> 0.077440739 | O29: 組合室 | P29: 抓樣不穩 | Q29: 共用類
A30: 3 | B30: 煮牛肉片(A7) | C30: 2844.3058 | D30: 64.37 | E30: 64.15 | F30: 4.56 | G30: 655.37 | H30: =(E30+F30)/D30 -> 1.0674227 | I30: 2844.3058 | J30: 0 | K30: =J30/D30 -> 0 | L30: =J30*G30 -> 0 | M30: =((E30+F30)-D30)-J30 -> 4.34 | N30: =M30/D30 -> 0.067422712 | O30: 組合室 | P30: 抓樣不穩 | Q30: 越式牛肉寬粉
A31: 4 | B31: (V)川燙小青花菜 | C31: 2125.9406 | D31: 677.41 | E31: 667.37 | F31: 24.46 | G31: 147.43 | H31: =(E31+F31)/D31 -> 1.021287 | I31: 2125.9406 | J31: 0 | K31: =J31/D31 -> 0 | L31: =J31*G31 -> 0 | M31: =((E31+F31)-D31)-J31 -> 14.42 | N31: =M31/D31 -> 0.021286961 | O31: 組合室 | P31: 大顆比例高 | Q31: 共用類
A32: 5 | B32: 切-鹽烤熟成牛肉 | C32: 2052.944 | D32: 44.44 | E32: 44.54 | F32: 3 | G32: 662.24 | H32: =(E32+F32)/D32 -> 1.069757 | I32: 2052.944 | J32: 0 | K32: =J32/D32 -> 0 | L32: =J32*G32 -> 0 | M32: =((E32+F32)-D32)-J32 -> 3.1 | N32: =M32/D32 -> 0.069756976 | O32: 組合室 | P32: 抓樣不穩 | Q32: 鰻牛雙饗匠食盒
A33: 6 | B33: 煮中華冷麵(110年) | C33: 1825.7265 | D33: 4700.85 | E33: 4671 | F33: 76.2 | G33: 39.39 | H33: =(E33+F33)/D33 -> 1.0098599 | I33: 1825.7265 | J33: 0 | K33: =J33/D33 -> 0 | L33: =J33*G33 -> 0 | M33: =((E33+F33)-D33)-J33 -> 46.35 | N33: =M33/D33 -> 0.009859919 | O33: 組合室 | P33: 雙圈秤重範圍 | Q33: 共用類
A34: 7 | B34: 切烤雞胸肉(111年) | C34: 1789.9786 | D34: 180.78 | E34: 174.67 | F34: 10.5 | G34: 407.74 | H34: =(E34+F34)/D34 -> 1.0242837 | I34: 1789.9786 | J34: 0 | K34: =J34/D34 -> 0 | L34: =J34*G34 -> 0 | M34: =((E34+F34)-D34)-J34 -> 4.39 | N34: =M34/D34 -> 0.02428366 | O34: 組合室 | P34: 雙圈秤重範圍 | Q34: 健身G肉餐盒(113年)
A35: 8 | B35: 日式牛培根 | C35: 1619.0874 | D35: 44.7 | E35: 44.67 | F35: 2.64 | G35: 620.34 | H35: =(E35+F35)/D35 -> 1.0583893 | I35: 1619.0874 | J35: 0 | K35: =J35/D35 -> 0 | L35: =J35*G35 -> 0 | M35: =((E35+F35)-D35)-J35 -> 2.61 | N35: =M35/D35 -> 0.058389262 | O35: 組合室 | P35: 抓樣不穩 | Q35: 柚見極炙烤牛
A36: 9 | B36: 切-烤台式肉片 | C36: 1618.0212 | D36: 64.25 | E36: 64.67 | F36: 2.16 | G36: 627.14 | H36: =(E36+F36)/D36 -> 1.0401556 | I36: 1618.0212 | J36: 0 | K36: =J36/D36 -> 0 | L36: =J36*G36 -> 0 | M36: =((E36+F36)-D36)-J36 -> 2.58 | N36: =M36/D36 -> 0.040155642 | O36: 組合室 | P36: 抓樣不穩 | Q36: 姨次滿足熟成牛豚雙拼
A37: 10 | B37: 鮮食雙色起司絲 | C37: 1502 | D37: 145.75 | E37: 143.25 | F37: 10.75 | G37: 200 | H37: =(E37+F37)/D37 -> 1.0566038 | I37: 1650 | J37: 0.74 | K37: =J37/D37 -> 0.005077187 | L37: =J37*G37 -> 148 | M37: =((E37+F37)-D37)-J37 -> 7.51 | N37: =M37/D37 -> 0.051526587 | O37: 組合室 | P37: 抓樣不穩 | Q37: 共用類
A39: 共用類報廢金額前十名半成品
A40: 明細展開
A41: 排序 | B41: 半成品
B42: 名稱 | C42: 報廢金額 排序 | D42: 共用類總金額 占比
A44: 1 | B44: 消毒青蔥絲 | C44: 298.152 | D44: =C44/$L$5 -> 0.12232765
A45: 2 | B45: 60切-烤豆腐蛋白丁 | C45: 235.2 | D45: =C45/$L$5 -> 0.096499311
A46: 3 | B46: 切義美滷豆乾 | C46: 232.05 | D46: =C46/$L$5 -> 0.09520691
A47: 4 | B47: 烤12切家常豆腐 | C47: 231.66 | D47: =C47/$L$5 -> 0.095046898
A48: 5 | B48: 烤大口蛋皮(111年) | C48: 224.06 | D48: =C48/$L$5 -> 0.091928723
A49: 6 | B49: 手作玉子蛋絲 | C49: 184.68 | D49: =C49/$L$5 -> 0.075771653
A50: 7 | B50: 消毒蔥花 | C50: 162.21 | D50: =C50/$L$5 -> 0.066552522
A51: 8 | B51: 蒜炒紅k高麗菜(111年) | C51: 159.8 | D51: =C51/$L$5 -> 0.065563733
A52: 9 | B52: 鮮食雙色起司絲 | C52: 148 | D52: =C52/$L$5 -> 0.060722356
A53: 10 | B53: 煮白細麵生(方#10) | C53: 122.3 | D53: =C53/$L$5 -> 0.050178001
A54: ※炊飯類不納入半成品廢棄計算
A56: ※淺黃色為工廠自填項目

Sheet 0810分析標準表
A1: 大溪廠半成品管理分析
A2: 日期 | C2: 營業額 | D2: 報廢展開 | F2: 超用展開 | H2: 報廢展開 | J2: 超用展開 | L2: 報廢展開
A3: 45879 | C3: 8170415.2 | D3: 總報廢 | F3: 總超用 | H3: 報廢-前10名 | J3: 超用-前10名 | L3: 共用類-總報廢
D4: 金額 | E4: 占比(營業額) | F4: 金額 | G4: 占比(營業額) | H4: 金額 | I4: 占比(總報廢) | J4: 金額 | K4: 占比(總超用) | L4: 金額 | M4: 占比(總報廢)
A5: 年度KPI目標0.25% | D5: 19791.18 | E5: =D5/C3 -> 0.0024222979 | F5: 69175.717 | G5: =F5/C3 -> 0.0084666097 | H5: =SUM(C12:C21) -> 4749.146 | I5: =H5/D5 -> 0.23996275 | J5: =SUM(C28:C37) -> 22018.89 | K5: =J5/F5 -> 0.31830375 | L5: 2177.9221 | M5: =L5/D5 -> 0.11004509
A7: 報廢金額前十名半成品
A8: 明細展開 | D8: 生產資訊 | O8: 類別 | P8: 分析原因 | Q8: 備註-商品名稱
A9: 排序 | B9: 半成品 | D9: 生產端 | J9: 組合端
B10: 名稱 | C10: 報廢金額 排序 | D10: 產出量 | J10: 報廢 | L10: 超用
D11: 訂單需求 (kg) | E11: 實際產出 (kg) | F11: 補單 (kg) | G11: 單價 (元) | H11: 實際生產 (對比訂單需求) | I11: 差異 (元) | J11: kg | K11: 占比 | L11: kg | M11: 占比 | N11: 金額 (元)
A12: 1 | B12: 烤銀鮭魚肚 | C12: 1545 | D12: 4208 | E12: 4308 | F12: 0 | G12: 15.45 | H12: =(E12+F12)/D12 -> 1.0237643 | I12: 1545 | J12: 100 | K12: =J12/D12 -> 0.023764259 | L12: =((E12+F12)-D12)-J12 -> 0 | M12: =L12/D12 -> 0 | N12: =L12*G12 -> 0 | O12: 調理端 | P12: 研發設定，小片的規格不符合指示書設定重量 | Q12: 一配贅沢鮭魚肚飯糰
A13: 2 | B13: 蒸鰻魚片(主食用) | C13: 624.6 | D13: 6837 | E13: 6897 | F13: 0 | G13: 10.41 | H13: =(E13+F13)/D13 -> 1.0087758 | I13: 624.6 | J13: 60 | K13: =J13/D13 -> 0.0087757789 | L13: =((E13+F13)-D13)-J13 -> 0 | M13: =L13/D13 -> 0 | N13: =L13*G13 -> 0 | O13: 調理端 | P13: 製程耗損 | Q13: 鰻牛雙饗匠食盒
A14: 3 | B14: 焗飯-蕃茄拌飯 | C14: 545.0247 | D14: 206.78 | E14: 215.69 | F14: 0 | G14: 61.17 | H14: =(E14+F14)/D14 -> 1.0430893 | I14: 545.0247 | J14: 8.91 | K14: =J14/D14 -> 0.043089274 | L14: =((E14+F14)-D14)-J14 -> 0 | M14: =L14/D14 -> 0 | N14: =L14*G14 -> 0 | O14: 調理端 | P14: 炊飯機固定批量 | Q14: 二配薯勾以蛋包飯
A15: 4 | B15: 烤黑胡椒洋蔥絲 | C15: 298.9237 | D15: 119.06 | E15: 122.56 | F15: 0 | G15: 141.67 | H15: =(E15+F15)/D15 -> 1.0293969 | I15: 495.845 | J15: 2.11 | K15: =J15/D15 -> 0.017722157 | L15: =((E15+F15)-D15)-J15 -> 1.39 | M15: =L15/D15 -> 0.011674786 | N15: =L15*G15 -> 196.9213 | O15: 調理端 | P15: 抓樣不穩 | Q15: 糖燻野郎三十天熟成牛飯
A16: 5 | B16: 洋蔥壹號醬 | C16: 291.061 | D16: 50.95 | E16: 54.41 | F16: 0 | G16: 153.19 | H16: =(E16+F16)/D16 -> 1.0679097 | I16: 530.0374 | J16: 1.9 | K16: =J16/D16 -> 0.037291462 | L16: =((E16+F16)-D16)-J16 -> 1.56 | M16: =L16/D16 -> 0.030618253 | N16: =L16*G16 -> 238.9764 | O16: 調理端 | P16: 展開量105% | Q16: 壹號醬炙烤牛飯糰
A17: 6 | B17: 韓式辣炒豆芽 | C17: 290.3043 | D17: 29.07 | E17: 31.31 | F17: 0 | G17: 144.43 | H17: =(E17+F17)/D17 -> 1.0770554 | I17: 323.5232 | J17: 2.01 | K17: =J17/D17 -> 0.069143447 | L17: =((E17+F17)-D17)-J17 -> 0.23 | M17: =L17/D17 -> 0.0079119367 | N17: =L17*G17 -> 33.2189 | O17: 調理端 | P17: 展開量105% | Q17: 蒜蒜燒豚飯
A18: 7 | B18: 薑炒筍尾 | C18: 290.167 | D18: 51.35 | E18: 53.66 | F18: 0 | G18: 183.65 | H18: =(E18+F18)/D18 -> 1.0449854 | I18: 424.2315 | J18: 1.58 | K18: =J18/D18 -> 0.030769231 | L18: =((E18+F18)-D18)-J18 -> 0.73 | M18: =L18/D18 -> 0.014216164 | N18: =L18*G18 -> 134.0645 | O18: 調理端 | P18: 抓樣不穩 | Q18: 經典滷肉飯
A19: 8 | B19: 炒紅K黃豆芽(拌飯) | C19: 289.8025 | D19: 50.23 | E19: 53.48 | F19: 0 | G19: 89.17 | H19: =(E19+F19)/D19 -> 1.0647024 | I19: 289.8025 | J19: 3.25 | K19: =J19/D19 -> 0.064702369 | L19: =((E19+F19)-D19)-J19 -> 0 | M19: =L19/D19 -> 0 | N19: =L19*G19 -> 0 | O19: 調理端 | P19: 展開量105% | Q19: 韓味豬肉時蔬拌拌餐盒
A20: 9 | B20: 烤帶皮南瓜丁(114.6) | C20: 287.8128 | D20: 48.14 | E20: 49.88 | F20: 0 | G20: 208.56 | H20: =(E20+F20)/D20 -> 1.0361446 | I20: 362.8944 | J20: 1.38 | K20: =J20/D20 -> 0.02866639 | L20: =((E20+F20)-D20)-J20 -> 0.36 | M20: =L20/D20 -> 0.0074781886 | N20: =L20*G20 -> 75.0816 | O20: 調理端 | P20: 抓樣不穩 | Q20: 金沙豆腐細扁麵
A21: 10 | B21: 切義美滷豆乾 | C21: 286.45 | D21: 14571 | E21: 14908 | F21: 0 | G21: 0.85 | H21: =(E21+F21)/D21 -> 1.0231281 | I21: 286.45 | J21: 337 | K21: =J21/D21 -> 0.023128131 | L21: =((E21+F21)-D21)-J21 -> 0 | M21: =L21/D21 -> 0 | N21: =L21*G21 -> 0 | O21: 調理端 | P21: 抓樣不穩 | Q21: 共用類
A23: 超用金額前十名半成品
A24: 明細展開 | D24: 生產資訊 | O24: 類別 | P24: 分析原因 | Q24: 備註-商品名稱
A25: 排序 | B25: 半成品 | D25: 生產端 | J25: 組合端
B26: 名稱 | C26: 超用金額 排序 | D26: 產出量 | J26: 報廢 | M26: 超用
D27: 訂單需求 (kg) | E27: 實際產出 (kg) | F27: 補單 (kg) | G27: 單價 (元) | H27: 實際生產 (對比訂單需求) | I27: 差異 (元) | J27: kg | K27: 占比 | L27: 金額 (元) | M27: kg | N27: 占比
A28: 1 | B28: (V)川燙小青花菜 | C28: 3396.7872 | D28: 724.83 | E28: 721.37 | F28: 26.5 | G28: 147.43 | H28: =(E28+F28)/D28 -> 1.0317868 | I28: 3396.7872 | J28: 0 | K28: =J28/D28 -> 0 | L28: =J28*G28 -> 0 | M28: =((E28+F28)-D28)-J28 -> 23.04 | N28: =M28/D28 -> 0.031786764 | O28: 組合室 | P28: 大顆比例高 | Q28: 共用類
A29: 2 | B29: 切-鹽烤牛肉 | C29: 3212.834 | D29: 112.06 | E29: 112.31 | F29: 4.6 | G29: 662.44 | H29: =(E29+F29)/D29 -> 1.0432804 | I29: 3212.834 | J29: 0 | K29: =J29/D29 -> 0 | L29: =J29*G29 -> 0 | M29: =((E29+F29)-D29)-J29 -> 4.85 | N29: =M29/D29 -> 0.043280386 | O29: 組合室 | P29: 抓樣不穩 | Q29: 共用類
A30: 3 | B30: 切-烤台式肉片 | C30: 2728.059 | D30: 67.13 | E30: 67.16 | F30: 4.32 | G30: 627.14 | H30: =(E30+F30)/D30 -> 1.0647996 | I30: 2728.059 | J30: 0 | K30: =J30/D30 -> 0 | L30: =J30*G30 -> 0 | M30: =((E30+F30)-D30)-J30 -> 4.35 | N30: =M30/D30 -> 0.064799642 | O30: 組合室 | P30: 抓樣不穩 | Q30: 姨次滿足熟成牛豚雙拼
A31: 4 | B31: 煮中華冷麵(110年) | C31: 2363.7939 | D31: 4708.89 | E31: 4693.9 | F31: 75 | G31: 39.39 | H31: =(E31+F31)/D31 -> 1.012744 | I31: 2363.7939 | J31: 0 | K31: =J31/D31 -> 0 | L31: =J31*G31 -> 0 | M31: =((E31+F31)-D31)-J31 -> 60.01 | N31: =M31/D31 -> 0.01274398 | O31: 組合室 | P31: 雙圈秤重範圍 | Q31: 共用類
A32: 5 | B32: 切-鹽烤熟成牛肉 | C32: 2052.944 | D32: 45.58 | E32: 46.08 | F32: 2.6 | G32: 662.24 | H32: =(E32+F32)/D32 -> 1.0680123 | I32: 2052.944 | J32: 0 | K32: =J32/D32 -> 0 | L32: =J32*G32 -> 0 | M32: =((E32+F32)-D32)-J32 -> 3.1 | N32: =M32/D32 -> 0.068012286 | O32: 組合室 | P32: 抓樣不穩 | Q32: 鰻牛雙饗匠食盒
A33: 6 | B33: 蒸-全熟雞肉絲CL(113年) | C33: 2052.3789 | D33: 120.89 | E33: 125.7 | F33: 0 | G33: 426.69 | H33: =(E33+F33)/D33 -> 1.0397882 | I33: 2052.3789 | J33: 0 | K33: =J33/D33 -> 0 | L33: =J33*G33 -> 0 | M33: =((E33+F33)-D33)-J33 -> 4.81 | N33: =M33/D33 -> 0.039788237 | O33: 組合室 | P33: 抓樣不穩 | Q33: 雞肉飯飯糰
A34: 7 | B34: 鮮食雙色起司絲 | C34: 1852 | D34: 151.24 | E34: 152.65 | F34: 8.35 | G34: 200 | H34: =(E34+F34)/D34 -> 1.0645332 | I34: 1952 | J34: 0.5 | K34: =J34/D34 -> 0.0033060037 | L34: =J34*G34 -> 100 | M34: =((E34+F34)-D34)-J34 -> 9.26 | N34: =M34/D34 -> 0.061227189 | O34: 組合室 | P34: 抓樣不穩 | Q34: 共用類
A35: 8 | B35: 切烤雞胸肉(111年) | C35: 1545.3346 | D35: 239.16 | E35: 241.2 | F35: 1.75 | G35: 407.74 | H35: =(E35+F35)/D35 -> 1.0158471 | I35: 1545.3346 | J35: 0 | K35: =J35/D35 -> 0 | L35: =J35*G35 -> 0 | M35: =((E35+F35)-D35)-J35 -> 3.79 | N35: =M35/D35 -> 0.015847132 | O35: 組合室 | P35: 雙圈秤重範圍 | Q35: 健身G肉餐盒(113年)
A36: 9 | B36: 煮牛肉片(A7) | C36: 1454.9214 | D36: 66.29 | E36: 63.95 | F36: 4.56 | G36: 655.37 | H36: =(E36+F36)/D36 -> 1.0334892 | I36: 1454.9214 | J36: 0 | K36: =J36/D36 -> 0 | L36: =J36*G36 -> 0 | M36: =((E36+F36)-D36)-J36 -> 2.22 | N36: =M36/D36 -> 0.033489214 | O36: 組合室 | P36: 抓樣不穩 | Q36: 越式牛肉寬粉
A37: 10 | B37: 野郎醬(112年) | C37: 1359.8374 | D37: 223.25 | E37: 224.69 | F37: 24.98 | G37: 51.47 | H37: =(E37+F37)/D37 -> 1.1183427 | I37: 1359.8374 | J37: 0 | K37: =J37/D37 -> 0 | L37: =J37*G37 -> 0 | M37: =((E37+F37)-D37)-J37 -> 26.42 | N37: =M37/D37 -> 0.11834267 | O37: 組合室 | P37: 抓樣不穩 | Q37: 糖燻野郎三十天熟成牛飯
A39: 共用類報廢金額前十名半成品
A40: 明細展開
A41: 排序 | B41: 半成品
B42: 名稱 | C42: 報廢金額 排序 | D42: 共用類總金額 占比
A44: 1 | B44: 切義美滷豆乾 | C44: 286.45 | D44: =C44/$L$5 -> 0.13152445
A45: 2 | B45: 烤12切家常豆腐 | C45: 273.78 | D45: =C45/$L$5 -> 0.12570698
A46: 3 | B46: 60切-烤豆腐蛋白丁 | C46: 230.3 | D46: =C46/$L$5 -> 0.10574299
A47: 4 | B47: 手作玉子蛋絲 | C47: 184.68 | D47: =C47/$L$5 -> 0.084796421
A48: 5 | B48: 消毒青蔥絲 | C48: 173.922 | D48: =C48/$L$5 -> 0.079856851
A49: 6 | B49: 蒜炒紅k高麗菜(111年) | C49: 172.584 | D49: =C49/$L$5 -> 0.079242504
A50: 7 | B50: 消毒蔥花 | C50: 162.21 | D50: =C50/$L$5 -> 0.074479248
A51: 8 | B51: 煮白細麵生(方#10) | C51: 122.3 | D51: =C51/$L$5 -> 0.056154442
A52: 9 | B52: 日式烤洋蔥絲(114年) | C52: 101.655 | D52: =C52/$L$5 -> 0.046675223
A53: 10 | B53: (V)消毒小黃瓜絲 | C53: 101.36 | D53: =C53/$L$5 -> 0.046539773
A54: ※炊飯類不納入半成品廢棄計算
A56: ※淺黃色為工廠自填項目

Sheet 0809分析標準表
A1: 大溪廠半成品管理分析
A2: 日期 | C2: 營業額 | D2: 報廢展開 | F2: 超用展開 | H2: 報廢展開 | J2: 超用展開 | L2: 報廢展開
A3: 45878 | C3: 6591313.1 | D3: 總報廢 | F3: 總超用 | H3: 報廢-前10名 | J3: 超用-前10名 | L3: 共用類-總報廢
D4: 金額 | E4: 占比(營業額) | F4: 金額 | G4: 占比(營業額) | H4: 金額 | I4: 占比(總報廢) | J4: 金額 | K4: 占比(總超用) | L4: 金額 | M4: 占比(總報廢)
A5: 年度KPI目標0.25% | D5: 15935.423 | E5: =D5/C3 -> 0.0024176401 | F5: 55317.723 | G5: =F5/C3 -> 0.0083925193 | H5: =SUM(C12:C21) -> 5590.956 | I5: =H5/D5 -> 0.3508508 | J5: =SUM(C28:C37) -> 13860.97 | K5: =J5/F5 -> 0.25057015 | L5: 3905.1883 | M5: =L5/D5 -> 0.24506336
A7: 報廢金額前十名半成品
A8: 明細展開 | D8: 生產資訊 | O8: 類別 | P8: 分析原因 | Q8: 備註-商品名稱
A9: 排序 | B9: 半成品 | D9: 生產端 | J9: 組合端
B10: 名稱 | C10: 報廢金額 排序 | D10: 產出量 | J10: 報廢 | L10: 超用
D11: 訂單需求 (kg) | E11: 實際產出 (kg) | F11: 補單 (kg) | G11: 單價 (元) | H11: 實際生產 (對比訂單需求) | I11: 差異 (元) | J11: kg | K11: 占比 | L11: kg | M11: 占比 | N11: 金額 (元)
A12: 1 | B12: 烤銀鮭魚肚 | C12: 1081.5 | D12: 2940 | E12: 3010 | F12: 0 | G12: 15.45 | H12: =(E12+F12)/D12 -> 1.0238095 | I12: 1081.5 | J12: 70 | K12: =J12/D12 -> 0.023809524 | L12: =((E12+F12)-D12)-J12 -> 0 | M12: =L12/D12 -> 0 | N12: =L12*G12 -> 0 | O12: 調理端 | P12: 研發設定，小片的規格不符合指示書設定重量 | Q12: 一配贅沢鮭魚肚飯糰
A13: 2 | B13: 蒜炒紅k高麗菜(111年) | C13: 1022.72 | D13: 359.68 | E13: 370 | F13: 0 | G13: 127.84 | H13: =(E13+F13)/D13 -> 1.0286922 | I13: 1319.3088 | J13: 8 | K13: =J13/D13 -> 0.022241993 | L13: =((E13+F13)-D13)-J13 -> 2.32 | M13: =L13/D13 -> 0.0064501779 | N13: =L13*G13 -> 296.5888 | O13: 調理端 | P13: 抓樣不穩 | Q13: 共用類
A14: 3 | B14: (V)川燙小青花菜 | C14: 589.72 | D14: 451.89 | E14: 456.28 | F14: 11.3 | G14: 147.43 | H14: =(E14+F14)/D14 -> 1.0347208 | I14: 2313.1767 | J14: 4 | K14: =J14/D14 -> 0.0088517117 | L14: =((E14+F14)-D14)-J14 -> 11.69 | M14: =L14/D14 -> 0.025869127 | N14: =L14*G14 -> 1723.4567 | O14: 調理端 | P14: 原物料規格，大顆比例高 | Q14: 共用類
A15: 4 | B15: 開丼-炒蛋碎 | C15: 557.38 | D15: 25.63 | E15: 27.63 | F15: 0 | G15: 278.69 | H15: =(E15+F15)/D15 -> 1.0780336 | I15: 557.38 | J15: 2 | K15: =J15/D15 -> 0.078033554 | L15: =((E15+F15)-D15)-J15 -> 0 | M15: =L15/D15 -> 0 | N15: =L15*G15 -> 0 | O15: 調理端 | P15: 展開量105% | Q15: 壹號醬醬燒蔥鹽雞豚飯
A16: 5 | B16: 果香壹號醬 | C16: 508.56 | D16: 64.09 | E16: 69.6 | F16: 0 | G16: 195.6 | H16: =(E16+F16)/D16 -> 1.0859729 | I16: 1077.756 | J16: 2.6 | K16: =J16/D16 -> 0.040567951 | L16: =((E16+F16)-D16)-J16 -> 2.91 | M16: =L16/D16 -> 0.045404899 | N16: =L16*G16 -> 569.196 | O16: 調理端 | P16: 展開量105% | Q16: 壹號醬醬燒蔥鹽雞豚飯
A17: 6 | B17: 自製鹽蔥(113年) | C17: 445.44 | D17: 9.15 | E17: 11.2 | F17: 0 | G17: 296.96 | H17: =(E17+F17)/D17 -> 1.2240437 | I17: 608.768 | J17: 1.5 | K17: =J17/D17 -> 0.16393443 | L17: =((E17+F17)-D17)-J17 -> 0.55 | M17: =L17/D17 -> 0.06010929 | N17: =L17*G17 -> 163.328 | O17: 調理端 | P17: 展開量105% | Q17: 壹號醬醬燒蔥鹽雞豚飯
A18: 7 | B18: 洋蔥壹號醬 | C18: 413.613 | D18: 42.65 | E18: 45.35 | F18: 0 | G18: 153.19 | H18: =(E18+F18)/D18 -> 1.063306 | I18: 413.613 | J18: 2.7 | K18: =J18/D18 -> 0.063305979 | L18: =((E18+F18)-D18)-J18 -> 0 | M18: =L18/D18 -> 0 | N18: =L18*G18 -> 0 | O18: 調理端 | P18: 展開量105% | Q18: 壹號醬炙烤牛飯糰
A19: 8 | B19: 焗飯-蕃茄拌飯 | C19: 342.552 | D19: 208.32 | E19: 217.07 | F19: 0 | G19: 61.17 | H19: =(E19+F19)/D19 -> 1.0420027 | I19: 535.2375 | J19: 5.6 | K19: =J19/D19 -> 0.02688172 | L19: =((E19+F19)-D19)-J19 -> 3.15 | M19: =L19/D19 -> 0.015120968 | N19: =L19*G19 -> 192.6855 | O19: 調理端 | P19: 炊飯機固定批量 | Q19: 二配薯勾以蛋包飯
A20: 9 | B20: 自製蒜味奶油 | C20: 319.865 | D20: 10.16 | E20: 11.53 | F20: 0 | G20: 246.05 | H20: =(E20+F20)/D20 -> 1.1348425 | I20: 337.0885 | J20: 1.3 | K20: =J20/D20 -> 0.12795276 | L20: =((E20+F20)-D20)-J20 -> 0.07 | M20: =L20/D20 -> 0.0068897638 | N20: =L20*G20 -> 17.2235 | O20: 調理端 | P20: 展開量105% | Q20: 姨次滿足熟成牛豚雙拼
A21: 10 | B21: 炒辣醬蔬菜 | C21: 309.606 | D21: 19.15 | E21: 21.35 | F21: 0 | G21: 140.73 | H21: =(E21+F21)/D21 -> 1.1148825 | I21: 309.606 | J21: 2.2 | K21: =J21/D21 -> 0.11488251 | L21: =((E21+F21)-D21)-J21 -> 0 | M21: =L21/D21 -> 0 | N21: =L21*G21 -> 0 | O21: 調理端 | P21: 展開量105% | Q21: 二配大飯糰春川風味辣炒雞
A23: 超用金額前十名半成品
A24: 明細展開 | D24: 生產資訊 | O24: 類別 | P24: 分析原因 | Q24: 備註-商品名稱
A25: 排序 | B25: 半成品 | D25: 生產端 | J25: 組合端
B26: 名稱 | C26: 超用金額 排序 | D26: 產出量 | J26: 報廢 | M26: 超用
D27: 訂單需求 (kg) | E27: 實際產出 (kg) | F27: 補單 (kg) | G27: 單價 (元) | H27: 實際生產 (對比訂單需求) | I27: 差異 (元) | J27: kg | K27: 占比 | L27: 金額 (元) | M27: kg | N27: 占比
A28: 1 | B28: 112炒高級芝麻肉鬆 | C28: 2647.68 | D28: 217.29 | E28: 231.29 | F28: 0 | G28: 189.12 | H28: =(E28+F28)/D28 -> 1.06443 | I28: 2647.68 | J28: 0 | K28: =J28/D28 -> 0 | L28: =J28*G28 -> 0 | M28: =((E28+F28)-D28)-J28 -> 14 | N28: =M28/D28 -> 0.064430024 | O28: 組合室 | P28: 抓樣不穩 | Q28: 經典肉鬆飯糰
A29: 2 | B29: (V)川燙小青花菜 | C29: 1723.4567 | D29: 451.89 | E29: 456.28 | F29: 11.3 | G29: 147.43 | H29: =(E29+F29)/D29 -> 1.0347208 | I29: 2313.1767 | J29: 4 | K29: =J29/D29 -> 0.0088517117 | L29: =J29*G29 -> 589.72 | M29: =((E29+F29)-D29)-J29 -> 11.69 | N29: =M29/D29 -> 0.025869127 | O29: 組合室 | P29: 大顆比例高 | Q29: 共用類
A30: 3 | B30: 醬油漬鱒鮭魚卵 | C30: 1637.6 | D30: 10.11 | E30: 11 | F30: 0 | G30: 1840 | H30: =(E30+F30)/D30 -> 1.0880317 | I30: 1637.6 | J30: 0 | K30: =J30/D30 -> 0 | L30: =J30*G30 -> 0 | M30: =((E30+F30)-D30)-J30 -> 0.89 | N30: =M30/D30 -> 0.088031652 | O30: 組合室 | P30: 抓樣不穩 | Q30: 北海道秋鮭親子飯糰
