Workbook

Sheet 數值累積總表(月)
B1: 項目 | D1: 1月 | E1: 2月 | F1: 3月 | G1: 4月 | H1: 5月 | I1: 6月 | J1: 7月 | K1: 8月 | L1: 9月 | M1: 10月 | N1: 11月 | O1: 12月 | P1: 合計/平均
B2: （１）收支狀況 | C2: 業績金額(千元) | D2: 146299.94 | E2: 116569.43 | F2: 148838 | G2: 160648.31 | H2: 181836.63 | I2: 194099.29 | J2: 199388.62 | K2: 175321.62 | P2: =SUM(D2:O2) -> 1323001.8
C3: 訂單數量 | D3: 4768701 | E3: 3787002 | F3: 5045753 | G3: 5396292 | H3: 6084520 | I3: 6275618 | J3: 6323244 | K3: 5581950 | P3: =SUM(D3:O3) -> 43263080
C4: 材料費(千元) | D4: 93253 | E4: 74777 | F4: 93614 | G4: 104435 | H4: 116562 | I4: 126964 | J4: 134056.59 | K4: 119419.26 | P4: =SUM(D4:O4) -> 863080.86
C5: 材料費率(%) | D5: 0.655 | E5: 0.653 | F5: 0.648 | G5: 0.663 | H5: 0.672 | I5: 0.675 | J5: 0.67233825 | K5: 0.68114396 | L5: =IFERROR(L4/L2, "") | M5: =IFERROR(M4/M2, "") | N5: =IFERROR(N4/N2, "") | O5: =IFERROR(O4/O2, "") | P5: =AVERAGEIF(D5:O5, ">0") -> 0.66493528
C6: 勞務成本(千元) | D6: 22378 | E6: 22860 | F6: 22710 | G6: 23226 | H6: 24474 | I6: 26795 | J6: 27431.997 | K6: 25354.55 | P6: =SUM(D6:O6) -> 195229.55
C7: 勞務費率(%) | D7: 0.157 | E7: 0.2 | F7: 0.157 | G7: 0.147 | H7: 0.141 | I7: 0.142 | J7: 0.13758056 | K7: 0.14461736 | L7: =IFERROR(L6/L2, "") | M7: =IFERROR(M6/M2, "") | N7: =IFERROR(N6/N2, "") | O7: =IFERROR(O6/O2, "") | P7: =AVERAGEIF(D7:O7, ">0") -> 0.15327474
B9: （２）ＫＰＩ達成進度 | C9: 人時性KPI | D9: 497.6 | E9: 497.6 | F9: 497.6 | G9: 497.6 | H9: 497.6 | I9: 497.6 | J9: 497.6 | K9: 500.4 | P9: =AVERAGEIF(D9:O9, ">0") -> 497.95
C10: 人時性(個/月均) | D10: 458.38414 | E10: 476.04172 | F10: 409.81563 | G10: 402.86432 | H10: 419.38046 | I10: 425.95259 | J10: 434.66889 | K10: 448.73866 | P10: =AVERAGEIF(D10:O10, ">0") -> 434.4808
C11: 人時達成率(%/月均) | D11: =IFERROR(D10/D9, "") -> 0.92118999 | E11: =IFERROR(E10/E9, "") -> 0.95667547 | F11: =IFERROR(F10/F9, "") -> 0.82358447 | G11: =IFERROR(G10/G9, "") -> 0.80961479 | H11: 0.94796667 | I11: 0.96282231 | J11: 0.98252463 | K11: 0.8967599 | L11: =IFERROR(L10/L9, "") | M11: =IFERROR(M10/M9, "") | N11: =IFERROR(N10/N9, "") | O11: =IFERROR(O10/O9, "") | P11: =AVERAGEIF(D11:O11, ">0") -> 0.91264228
C12: 半成品-報廢(%) | D12: 0.0024135432 | E12: 0.0023657636 | F12: 0.0020222248 | G12: 0.0020113648 | H12: 0.002008824 | I12: 0.0020072506 | J12: 0.0020067058 | K12: 0.002006695 | P12: =AVERAGEIF(D12:O12, ">0") -> 0.0021052965
C13: 半成品-超用(%) | D13: 0.0055994433 | E13: 0.0052393001 | F13: 0.0048799138 | G13: 0.0043085188 | H13: 0.0061874817 | I13: 0.0060775211 | J13: 0.0060144112 | K13: 0.006013111 | P13: =AVERAGEIF(D13:O13, ">0") -> 0.0055399626
C14: 固定產線-導入率(%) | D14: 0.9 | E14: 0.9 | F14: 0.9 | G14: 0.9 | H14: 0.9 | I14: 0.9 | J14: 0.9 | K14: 0.9 | P14: =AVERAGEIF(D14:O14, ">0") -> 0.9
C15: 教育訓練-實施率(%) | D15: 0.057692308 | E15: 0.13873626 | F15: 0.21960298 | G15: 0.30384615 | H15: 0.38709677 | I15: 0.47115385 | J15: 0.55521092 | K15: 0.63957816 | P15: =MAX(D15:O15) -> 0.63957816
B17: （３）業績構成比 | C17: 18℃-飯糰(061,063) | D17: 0.36139567 | E17: 0.34737657 | F17: 0.36414345 | G17: 0.38079956 | H17: 0.3631831 | I17: 0.29977347 | J17: 0.28835229 | K17: 0.29075759 | P17: =AVERAGEIF(D17:O17, ">0") -> 0.33697271
C18: 18℃-壽司手卷(071,072,075,076) | D18: 0.069633574 | E18: 0.077793665 | F18: 0.084480826 | G18: 0.060267904 | H18: 0.041707027 | I18: 0.035290065 | J18: 0.040105547 | K18: 0.044488661 | P18: =AVERAGEIF(D18:O18, ">0") -> 0.056720909
C19: 4℃-飯糰(065) | D19: 0.022453222 | E19: 0.02167645 | F19: 0.02436516 | G19: 0.018891118 | H19: 0.013969 | I19: 0.010903809 | J19: 0.023749546 | K19: 0.01140788 | P19: =AVERAGEIF(D19:O19, ">0") -> 0.018427023
C20: 4℃-壽司手卷(077) | D20: 0.008585039 | E20: 0.0099523222 | F20: 0.014684918 | G20: 0.028316296 | H20: 0.034128078 | I20: 0.049548361 | J20: 0.037024874 | K20: 0.0484494 | P20: =AVERAGEIF(D20:O20, ">0") -> 0.028836161
C21: 主食(091,092,093,094,095) | D21: 0.16215294 | E21: 0.18214708 | F21: 0.20289324 | G21: 0.15628268 | H21: 0.13415544 | I21: 0.1343246 | J21: 0.15806065 | K21: 0.14990661 | P21: =AVERAGEIF(D21:O21, ">0") -> 0.1599904
C22: 便當(083) | D22: 0.27057088 | E22: 0.27529226 | F22: 0.29293399 | G22: 0.27842234 | H22: 0.26474822 | I22: 0.22905816 | J22: 0.22396346 | K22: 0.25307983 | P22: =AVERAGEIF(D22:O22, ">0") -> 0.26100864
C23: 熱食義麵(122,123,124,126) | D23: 0.029234371 | E23: 0.0089796819 | F23: 0 | G23: 0 | H23: 0 | I23: 0 | J23: 0 | K23: 0 | P23: =AVERAGEIF(D23:O23, ">0") -> 0.019107026
C24: 季節調理麵(111,112) | D24: 0.040564166 | E24: 0.040109499 | F24: 0.0016541185 | G24: 0.064343547 | H24: 0.13502459 | I24: 0.17184921 | J24: 0.16810092 | K24: 0.16627334 | P24: =AVERAGEIF(D24:O24, ">0") -> 0.098489924
C25: 微波小吃(153,154,155) | D25: 0.035410133 | E25: 0.036672477 | F25: 0.01484429 | G25: 0.012676559 | H25: 0.013084541 | I25: 0.069252321 | J25: 0.060642722 | K25: 0.035636696 | P25: =AVERAGEIF(D25:O25, ">0") -> 0.034777467
B27: （４）訂單數量構成比 | C27: 18℃-飯糰(061,063) | D27: 0.58577126 | E27: 0.57025346 | F27: 0.57640852 | G27: 0.58366912 | H27: 0.56064801 | I27: 0.49244059 | J27: 0.47778245 | K27: 0.48579009 | P27: =AVERAGEIF(D27:O27, ">0") -> 0.54159544
C28: 18℃-壽司手卷(071,072,075,076) | D28: 0.081693946 | E28: 0.091615478 | F28: 0.10179987 | G28: 0.068907687 | H28: 0.044634581 | I28: 0.037850934 | J28: 0.043692921 | K28: 0.048227053 | P28: =AVERAGEIF(D28:O28, ">0") -> 0.064802809
C29: 4℃-飯糰(065) | D29: 0.024966128 | E29: 0.023825971 | F29: 0.026809081 | G29: 0.020313393 | H29: 0.014309264 | I29: 0.011252756 | J29: 0.025356763 | K29: 0.011955499 | P29: =AVERAGEIF(D29:O29, ">0") -> 0.019848607
C30: 4℃-壽司手卷(077) | D30: 0.0097963785 | E30: 0.011706622 | F30: 0.016401516 | G30: 0.031347822 | H30: 0.048132803 | I30: 0.062276894 | J30: 0.048683239 | K30: 0.062519191 | P30: =AVERAGEIF(D30:O30, ">0") -> 0.036358058
C31: 主食(091,092,093,094,095) | D31: 0.089953008 | E31: 0.10114835 | F31: 0.11343936 | G31: 0.089562981 | H31: 0.075610895 | I31: 0.076646794 | J31: 0.092940902 | K31: 0.087620993 | P31: =AVERAGEIF(D31:O31, ">0") -> 0.09086541
C32: 便當(083) | D32: 0.13708178 | E32: 0.14060779 | F32: 0.14223546 | G32: 0.13317793 | H32: 0.12743437 | I32: 0.11321897 | J32: 0.1131492 | K32: 0.1282962 | P32: =AVERAGEIF(D32:O32, ">0") -> 0.12940021
C33: 熱食義麵(122,123,124,126) | D33: 0.015652481 | E33: 0.0048238686 | F33: 0 | G33: 0 | H33: 0 | I33: 0 | J33: 0 | K33: 0 | P33: =AVERAGEIF(D33:O33, ">0") -> 0.010238175
C34: 季節調理麵(111,112) | D34: 0.022004735 | E34: 0.020902022 | F34: 0.00067918505 | G34: 0.05386458 | H34: 0.1102248 | I34: 0.14207987 | J34: 0.13977857 | K34: 0.13758704 | P34: =AVERAGEIF(D34:O34, ">0") -> 0.078390101
C35: 微波小吃(153,154,155) | D35: 0.033080287 | E35: 0.035116432 | F35: 0.02222701 | G35: 0.019156487 | H35: 0.019005279 | I35: 0.064233196 | J35: 0.058615957 | K35: 0.038003923 | P35: =AVERAGEIF(D35:O35, ">0") -> 0.036179822
B37: （５）品群別人時生產性 | C37: 18℃-飯糰(061,063) | D37: 768.96509 | E37: 774.12086 | F37: 757.59042 | G37: 740.76981 | H37: 765.35782 | I37: 783.42711 | J37: 771.87393 | K37: 782.52868 | P37: =AVERAGEIF(D37:O37, ">0") -> 768.07922
C38: 18℃-壽司手卷(071,072,075,076) | D38: 280.52358 | E38: 304.46478 | F38: 311.70582 | G38: 320.67204 | H38: 308.11597 | I38: 298.23677 | J38: 296.14736 | K38: 295.72183 | P38: =AVERAGEIF(D38:O38, ">0") -> 301.94852
C39: 4℃-飯糰(065) | D39: 258.56167 | E39: 203.24374 | F39: 331.13667 | G39: 331.07659 | H39: 209.58696 | I39: 118.56652 | J39: 117.05023 | K39: 119.39248 | P39: =AVERAGEIF(D39:O39, ">0") -> 211.07686
C40: 4℃-壽司手卷(077) | D40: 486.07171 | E40: 490.19814 | F40: 493.97618 | G40: 416.8019 | H40: 367.70757 | I40: 397.08854 | J40: 437.64998 | K40: 448.42077 | P40: =AVERAGEIF(D40:O40, ">0") -> 442.23935
C41: 主食(091,092,093,094,095) | D41: 82.669482 | E41: 81.452412 | F41: 79.949999 | G41: 82.282454 | H41: 81.903989 | I41: 84.22771 | J41: 84.954232 | K41: 84.887088 | P41: =AVERAGEIF(D41:O41, ">0") -> 82.790921
C42: 便當(083) | D42: 78.306367 | E42: 77.971323 | F42: 77.906797 | G42: 78.189351 | H42: 79.190462 | I42: 79.718377 | J42: 79.472251 | K42: 79.704121 | P42: =AVERAGEIF(D42:O42, ">0") -> 78.807381
C43: 熱食義麵(122,123,124,126) | D43: 76.250133 | E43: 72.949976 | F43: 0 | G43: 0 | H43: 0 | I43: 0 | J43: 0 | K43: 0 | P43: =AVERAGEIF(D43:O43, ">0") -> 74.600054
C44: 季節調理麵(111,112) | D44: 110.8083 | E44: 97.157501 | F44: 84.601424 | G44: 159.74229 | H44: 161.80618 | I44: 157.36335 | J44: 155.73663 | K44: 158.12481 | P44: =AVERAGEIF(D44:O44, ">0") -> 135.66756
C45: 微波小吃(153,154,155) | D45: 76.123665 | E45: 77.592138 | F45: 83.044479 | G45: 83.064527 | H45: 89.419713 | I45: 118.28437 | J45: 117.58781 | K45: 102.59386 | P45: =AVERAGEIF(D45:O45, ">0") -> 93.463819

Sheet 生產管理報表(月)
A1: 大溪廠生產管理報表
A3: 月別 | B3: 8 | C3: 工廠 | D3: 大溪廠
A4: （１）收支狀況 | E4: ※單位：千元 | G4: （２）ＫＰＩ達成進度
A5: 項目 | B5: 當月 | C5: 前月 | D5: 差異 | E5: 累計 | G5: 項目 | H5: KPI | I5: 當月 | J5: 前月 | K5: 累計 | L5: ※補充
A6: 業績金額 | B6: ='（１）收支狀況'!H9/1000 -> 175321.62 | C6: 199388.62 | D6: =B6-C6 -> -24066.996 | E6: ='數值累積總表(月)'!P2 -> 1323001.8 | G6: 人時性(個/月均) | H6: 497.6 | I6: ='（２）ＫＰＩ達成進度'!H9 -> 448.73866 | J6: 434.66889 | K6: ='數值累積總表(月)'!P10 -> 434.4808 | L6: 個／MH
A7: 訂單數量 | B7: ='（１）收支狀況'!K9 -> 5581950 | C7: 6323244 | D7: =B7-C7 -> -741294 | E7: ='數值累積總表(月)'!P3 -> 43263080 | G7: 人時達成率(%/月均) | H7: 0.8 | I7: ='（２）ＫＰＩ達成進度'!K9 -> 0.8967599 | J7: 0.98252463 | K7: ='數值累積總表(月)'!P11 -> 0.91264228 | L7: 達成率
A8: 材料費 | B8: ='（１）收支狀況'!N9/1000 -> 119419.26 | C8: 131878 | D8: =B8-C8 -> -12458.736 | E8: ='數值累積總表(月)'!P4 -> 863080.86 | G8: 半成品-報廢(%) | H8: 0.0025 | I8: ='（２）ＫＰＩ達成進度'!N9 -> 0.002006695 | J8: 0.0020067058 | K8: ='數值累積總表(月)'!P12 -> 0.0021052965 | L8: 報廢率
A9: 材料費率 | B9: ='（１）收支狀況'!Q9 -> 0.68114396 | C9: 0.675 | D9: =B9-C9 -> 0.0061439612 | E9: ='數值累積總表(月)'!P5 -> 0.66493528 | G9: 半成品-超用(%) | H9: 0.004 | I9: ='（２）ＫＰＩ達成進度'!Q9 -> 0.006013111 | J9: 0.0060144112 | K9: ='數值累積總表(月)'!P13 -> 0.0055399626 | L9: 超用率
A10: 勞務成本 | B10: ='（１）收支狀況'!T9/1000 -> 25354.55 | C10: 26966 | D10: =B10-C10 -> -1611.4502 | E10: ='數值累積總表(月)'!P6 -> 195229.55 | G10: 固定產線-導入率(%) | H10: 0.8 | I10: ='（２）ＫＰＩ達成進度'!T9 -> 0.9 | J10: 0.9 | K10: ='數值累積總表(月)'!P14 -> 0.9 | L10: 導入率
A11: 勞務費率 | B11: ='（１）收支狀況'!W9 -> 0.14461736 | C11: 0.138 | D11: =B11-C11 -> 0.0066173585 | E11: ='數值累積總表(月)'!P7 -> 0.15327474 | G11: 教育訓練-實施率(%) | H11: 1 | I11: ='（２）ＫＰＩ達成進度'!W9 -> 0.63957816 | J11: 0.55521092 | K11: ='數值累積總表(月)'!P15 -> 0.63957816 | L11: 實施率
A13: （３）業績構成比 | E13: ※單位：千元 | G13: （４）訂單數量構成比 | K13: ※單位：個
B14: 當月 | C14: 比例 | D14: 前月 | E14: 差異 | H14: 當月 | I14: 比例 | J14: 前月 | K14: 差異
A15: 18℃-飯糰(061,063) | B15: =SUM('（３）業績構成比'!M11:M41)/1000 -> 50976.092 | C15: =IFERROR(B15/$B$6,"") -> 0.29075759 | D15: 0.29977347 | E15: =IFERROR(C15-D15,"") -> -0.0090158771 | G15: 18℃-飯糰(061,063) | H15: =SUM('（４）訂單數量構成比'!M11:M41) -> 2711656 | I15: =IFERROR(H15/$B$7,"") -> 0.48579009 | J15: 0.47778245 | K15: =IFERROR(I15-J15,"") -> 0.0080076429
A16: 18℃-壽司手卷(071,072,075,076) | B16: =SUM('（３）業績構成比'!S11:S41)/1000 -> 7799.8241 | C16: =IFERROR(B16/$B$6,"") -> 0.044488661 | D16: 0.035290065 | E16: =IFERROR(C16-D16,"") -> 0.0091985952 | G16: 18℃-壽司手卷(071,072,075,076) | H16: =SUM('（４）訂單數量構成比'!S11:S41) -> 269201 | I16: =IFERROR(H16/$B$7,"") -> 0.048227053 | J16: 0.043692921 | K16: =IFERROR(I16-J16,"") -> 0.0045341324
A17: 4℃-飯糰(065) | B17: =SUM('（３）業績構成比'!U11:U41)/1000 -> 2000.0479 | C17: =IFERROR(B17/$B$6,"") -> 0.01140788 | D17: 0.010903809 | E17: =IFERROR(C17-D17,"") -> 0.0005040711 | G17: 4℃-飯糰(065) | H17: =SUM('（４）訂單數量構成比'!U11:U41) -> 66735 | I17: =IFERROR(H17/$B$7,"") -> 0.011955499 | J17: 0.025356763 | K17: =IFERROR(I17-J17,"") -> -0.013401264
A18: 4℃-壽司手卷(077) | B18: =SUM('（３）業績構成比'!W11:W41)/1000 -> 8494.2273 | C18: =IFERROR(B18/$B$6,"") -> 0.0484494 | D18: 0.049548361 | E18: =IFERROR(C18-D18,"") -> -0.0010989614 | G18: 4℃-壽司手卷(077) | H18: =SUM('（４）訂單數量構成比'!W11:W41) -> 348979 | I18: =IFERROR(H18/$B$7,"") -> 0.062519191 | J18: 0.048683239 | K18: =IFERROR(I18-J18,"") -> 0.013835952
A19: 主食(091,092,093,094,095) | B19: =SUM('（３）業績構成比'!AC11:AC41)/1000 -> 26281.869 | C19: =IFERROR(B19/$B$6,"") -> 0.14990661 | D19: 0.1343246 | E19: =IFERROR(C19-D19,"") -> 0.015582006 | G19: 主食(091,092,093,094,095) | H19: =SUM('（４）訂單數量構成比'!AC11:AC41) -> 489096 | I19: =IFERROR(H19/$B$7,"") -> 0.087620993 | J19: 0.092940902 | K19: =IFERROR(I19-J19,"") -> -0.0053199092
A20: 便當(083) | B20: =SUM('（３）業績構成比'!AE11:AE41)/1000 -> 44370.365 | C20: =IFERROR(B20/$B$6,"") -> 0.25307983 | D20: 0.22905816 | E20: =IFERROR(C20-D20,"") -> 0.024021661 | G20: 便當(083) | H20: =SUM('（４）訂單數量構成比'!AE11:AE41) -> 716143 | I20: =IFERROR(H20/$B$7,"") -> 0.1282962 | J20: 0.1131492 | K20: =IFERROR(I20-J20,"") -> 0.015147005
A21: 熱食義麵(122,123,124,126) | B21: =SUM('（３）業績構成比'!AG11:AG41)/1000 -> 0 | C21: =IFERROR(B21/$B$6,"") -> 0 | D21: 0 | E21: =IFERROR(C21-D21,"") -> 0 | G21: 熱食義麵(122,123,124,126) | H21: =SUM('（４）訂單數量構成比'!AG11:AG41) -> 0 | I21: =IFERROR(H21/$B$7,"") -> 0 | J21: 0 | K21: =IFERROR(I21-J21,"") -> 0
A22: 季節調理麵(111,112) | B22: =SUM('（３）業績構成比'!AI11:AI41)/1000 -> 29151.312 | C22: =IFERROR(B22/$B$6,"") -> 0.16627334 | D22: 0.17184921 | E22: =IFERROR(C22-D22,"") -> -0.0055758706 | G22: 季節調理麵(111,112) | H22: =SUM('（４）訂單數量構成比'!AI11:AI41) -> 768004 | I22: =IFERROR(H22/$B$7,"") -> 0.13758704 | J22: 0.13977857 | K22: =IFERROR(I22-J22,"") -> -0.0021915254
A23: 微波小吃(153,154,155) | B23: =SUM('（３）業績構成比'!AK11:AK41)/1000 -> 6247.8834 | C23: =IFERROR(B23/$B$6,"") -> 0.035636696 | D23: 0.069252321 | E23: =IFERROR(C23-D23,"") -> -0.033615625 | G23: 微波小吃(153,154,155) | H23: =SUM('（４）訂單數量構成比'!AK11:AK41) -> 212136 | I23: =IFERROR(H23/$B$7,"") -> 0.038003923 | J23: 0.058615957 | K23: =IFERROR(I23-J23,"") -> -0.020612034
C24: =SUM(C15:C23) -> 1 | D24: =SUM(D15:D23) -> 1 | I24: =SUM(I15:I23) -> 1 | J24: =SUM(J15:J23) -> 1
A26: （５）品群別人時生產性
A27: 品群 | B27: 當月 | C27: 前月 | D27: 差異 | E27: 累計
A28: 18℃-飯A15:A23糰(061,063) | B28: ='（５-1）品群別人時生產性(18℃-飯糰)'!C1 -> 800.69876 | C28: 771.87393 | D28: =B28-C28 -> 28.824825 | E28: ='數值累積總表(月)'!P37 -> 768.07922
A29: 18℃-壽司手卷(071,072,075,076) | B29: ='（５-2）品群別人時生產性(18℃-壽司手卷)'!C1 -> 295.69211 | C29: 296.14736 | D29: =B29-C29 -> -0.45524585 | E29: ='數值累積總表(月)'!P38 -> 301.94852
A30: 4℃-飯糰(065) | B30: ='（５-3）品群別人時生產性(4℃-飯糰)'!C1 -> 119.39248 | C30: 117.05023 | D30: =B30-C30 -> 2.3422534 | E30: ='數值累積總表(月)'!P39 -> 211.07686
A31: 4℃-壽司手卷(077) | B31: ='（５-4）品群別人時生產性(4℃-壽司手卷)'!C1 -> 471.17142 | C31: 437.64998 | D31: =B31-C31 -> 33.52144 | E31: ='數值累積總表(月)'!P40 -> 442.23935
A32: 主食(091,092,093,094,095) | B32: ='（５-5）品群別人時生產性(微波主食) '!C1 -> 84.966442 | C32: 84.954232 | D32: =B32-C32 -> 0.012209616 | E32: ='數值累積總表(月)'!P41 -> 82.790921
A33: 便當(083) | B33: ='（５-6）品群別人時生產性(便當)'!C1 -> 80.052277 | C33: 79.472251 | D33: =B33-C33 -> 0.58002637 | E33: ='數值累積總表(月)'!P42 -> 78.807381
A34: 熱食義麵(122,123,124,126) | B34: ='（５-7）品群別人時生產性(熱食義麵) '!C1 -> 0 | C34: 0 | D34: =B34-C34 -> 0 | E34: ='數值累積總表(月)'!P43 -> 74.600054
A35: 季節調理麵(111,112) | B35: ='（５-8）品群別人時生產性(季節調理麵) '!C1 -> 160.09016 | C35: 155.73663 | D35: =B35-C35 -> 4.3535316 | E35: ='數值累積總表(月)'!P44 -> 135.66756
A36: 微波小吃(153,154,155) | B36: ='（５-9）品群別人時生產性(微波小吃)'!C1 -> 89.112332 | C36: 117.58781 | D36: =B36-C36 -> -28.475475 | E36: ='數值累積總表(月)'!P45 -> 93.463819

Sheet 生產管理報表(週) 
A1: 大溪廠生產管理報表
A3: 月別 | B3: 9 | C3: 週別 | D3: W1 | E3: 工廠 | F3: 大溪廠
A4: （１）收支狀況 | E4: ※單位：千元 | G4: （２）ＫＰＩ達成進度
A5: 項目 | B5: 當週 | C5: 前週 | D5: 差異 | E5: 累計 | G5: 項目 | H5: KPI | I5: 當週 | J5: 前週 | K5: 累計 | L5: ※補充
A6: 業績金額 | B6: ='（１）收支狀況'!G40/1000 -> 36405.587 | C6: 36749.312 | D6: =B6-C6 -> -343.72513 | E6: ='（１）收支狀況'!H40:H40/1000 -> 36405.587 | G6: 人時性(個/月均) | H6: 500.4 | I6: ='（２）ＫＰＩ達成進度'!G40 -> 440.66773 | J6: 451.70211 | K6: ='（２）ＫＰＩ達成進度'!H40 -> 440.66773 | L6: 個／MH
A7: 訂單數量 | B7: ='（１）收支狀況'!J40 -> 1128982 | C7: 1138303 | D7: =B7-C7 -> -9321 | E7: ='（１）收支狀況'!K40:K40 -> 1128982 | G7: 人時達成率(%/月均) | H7: 0.8 | I7: ='（２）ＫＰＩ達成進度'!J40 -> 0.88063096 | J7: 0.90268208 | K7: ='（２）ＫＰＩ達成進度'!K40 -> 0.88063096 | L7: 達成率
A8: 材料費 | B8: ='（１）收支狀況'!M40/1000 -> 24718.254 | C8: 24963.664 | D8: =B8-C8 -> -245.40926 | E8: ='（１）收支狀況'!N40:N40/1000 -> 24718.254 | G8: 半成品-報廢(%) | H8: 0.0025 | I8: ='（２）ＫＰＩ達成進度'!M40 -> 0.0020065696 | J8: 0.0020090438 | K8: ='（２）ＫＰＩ達成進度'!N40 -> 0.0020065696 | L8: 報廢率
A9: 材料費率 | B9: ='（１）收支狀況'!P40 -> 0.67896871 | C9: 0.67929608 | D9: =B9-C9 -> -0.00032737069 | E9: ='（１）收支狀況'!Q40 -> 0.67896871 | G9: 半成品-超用(%) | H9: 0.0025 | I9: ='（２）ＫＰＩ達成進度'!P40 -> 0.0060128427 | J9: 0.0060132433 | K9: ='（２）ＫＰＩ達成進度'!Q40 -> 0.0060128427 | L9: 超用率
A10: 勞務成本 | B10: ='（１）收支狀況'!S40/1000 -> 5251.2684 | C10: 5571.3564 | D10: =B10-C10 -> -320.08807 | E10: ='（１）收支狀況'!T40/1000 -> 5251.2684 | G10: 固定產線-導入率(%) | H10: 0.8 | I10: ='（２）ＫＰＩ達成進度'!S40 -> 0.9 | J10: 0.9 | K10: ='（２）ＫＰＩ達成進度'!T40 -> 0.9 | L10: 導入率
A11: 勞務費率 | B11: ='（１）收支狀況'!V40 -> 0.14424348 | C11: 0.15160437 | D11: =B11-C11 -> -0.0073608988 | E11: ='（１）收支狀況'!W40 -> 0.14424348 | G11: 教育訓練-實施率(%) | H11: 1 | I11: =36/52*100% -> 0.69230769 | J11: 0.67307692 | K11: ='（２）ＫＰＩ達成進度'!W40 -> 0.69230769 | L11: 實施率
A13: （３）業績構成比 | E13: ※單位：千元 | G13: （４）訂單數量構成比 | K13: ※單位：個
B14: 當週 | C14: 比例 | D14: 前週 | E14: 差異 | H14: 當週 | I14: 比例 | J14: 前週 | K14: 差異
A15: 18℃-飯糰(061,063) | B15: =SUM('（３）業績構成比'!M42:M48)/1000 -> 11298.812 | C15: =IFERROR(B15/$B$6,"") -> 0.3103593 | D15: 0.26335696 | E15: =IFERROR(C15-D15,"") -> 0.047002335 | G15: 18℃-飯糰(061,063) | H15: =SUM('（４）訂單數量構成比'!M42:M48) -> 564774 | I15: =IFERROR(H15/$B$7,"") -> 0.50025067 | J15: 0.45047496 | K15: =IFERROR(I15-J15,"") -> 0.049775707
A16: 18℃-壽司手卷(071,072,075,076) | B16: =SUM('（３）業績構成比'!S42:S48)/1000 -> 1188.3288 | C16: =IFERROR(B16/$B$6,"") -> 0.032641385 | D16: 0.036756348 | E16: =IFERROR(C16-D16,"") -> -0.0041149629 | G16: 18℃-壽司手卷(071,072,075,076) | H16: =SUM('（４）訂單數量構成比'!S42:S48) -> 41126 | I16: =IFERROR(H16/$B$7,"") -> 0.036427507 | J16: 0.041041796 | K16: =IFERROR(I16-J16,"") -> -0.0046142892
A17: 4℃-飯糰(065) | B17: =SUM('（３）業績構成比'!U42:U48)/1000 -> 407.95164 | C17: =IFERROR(B17/$B$6,"") -> 0.011205743 | D17: 0.012022477 | E17: =IFERROR(C17-D17,"") -> -0.00081673378 | G17: 4℃-飯糰(065) | H17: =SUM('（４）訂單數量構成比'!U42:U48) -> 13612 | I17: =IFERROR(H17/$B$7,"") -> 0.01205688 | J17: 0.012950858 | K17: =IFERROR(I17-J17,"") -> -0.00089397799
A18: 4℃-壽司手卷(077) | B18: =SUM('（３）業績構成比'!W42:W48)/1000 -> 2174.5728 | C18: =IFERROR(B18/$B$6,"") -> 0.059731843 | D18: 0.083245969 | E18: =IFERROR(C18-D18,"") -> -0.023514127 | G18: 4℃-壽司手卷(077) | H18: =SUM('（４）訂單數量構成比'!W42:W48) -> 83280 | I18: =IFERROR(H18/$B$7,"") -> 0.073765569 | J18: 0.10169788 | K18: =IFERROR(I18-J18,"") -> -0.027932309
A19: 主食(091,092,093,094,095) | B19: =SUM('（３）業績構成比'!AC42:AC48)/1000 -> 5841.8992 | C19: =IFERROR(B19/$B$6,"") -> 0.16046711 | D19: 0.16015975 | E19: =IFERROR(C19-D19,"") -> 0.00030735125 | G19: 主食(091,092,093,094,095) | H19: =SUM('（４）訂單數量構成比'!AC42:AC48) -> 108360 | I19: =IFERROR(H19/$B$7,"") -> 0.095980272 | J19: 0.095904166 | K19: =IFERROR(I19-J19,"") -> 7.6106379e-05
A20: 便當(083) | B20: =SUM('（３）業績構成比'!AE42:AE48)/1000 -> 9837.4476 | C20: =IFERROR(B20/$B$6,"") -> 0.27021808 | D20: 0.26933716 | E20: =IFERROR(C20-D20,"") -> 0.00088091427 | G20: 便當(083) | H20: =SUM('（４）訂單數量構成比'!AE42:AE48) -> 159850 | I20: =IFERROR(H20/$B$7,"") -> 0.14158773 | J20: 0.14062073 | K20: =IFERROR(I20-J20,"") -> 0.00096700021
A21: 熱食義麵(122,123,124,126) | B21: =SUM('（３）業績構成比'!AG42:AG48)/1000 -> 0 | C21: =IFERROR(B21/$B$6,"") -> 0 | D21: 0 | E21: =IFERROR(C21-D21,"") -> 0 | G21: 熱食義麵(122,123,124,126) | H21: =SUM('（４）訂單數量構成比'!AG42:AG48) -> 0 | I21: =IFERROR(H21/$B$7,"") -> 0 | J21: 0 | K21: =IFERROR(I21-J21,"") -> 0
A22: 季節調理麵(111,112) | B22: =SUM('（３）業績構成比'!AI42:AI48)/1000 -> 4788.3251 | C22: =IFERROR(B22/$B$6,"") -> 0.1315272 | D22: 0.15020728 | E22: =IFERROR(C22-D22,"") -> -0.018680079 | G22: 季節調理麵(111,112) | H22: =SUM('（４）訂單數量構成比'!AI42:AI48) -> 125415 | I22: =IFERROR(H22/$B$7,"") -> 0.1110868 | J22: 0.12758729 | K22: =IFERROR(I22-J22,"") -> -0.016500492
A23: 微波小吃(153,154,155) | B23: =SUM('（３）業績構成比'!AK42:AK48)/1000 -> 868.24932 | C23: =IFERROR(B23/$B$6,"") -> 0.023849343 | D23: 0.024914041 | E23: =IFERROR(C23-D23,"") -> -0.0010646986 | G23: 微波小吃(153,154,155) | H23: =SUM('（４）訂單數量構成比'!AK42:AK48) -> 32565 | I23: =IFERROR(H23/$B$7,"") -> 0.02884457 | J23: 0.029722315 | K23: =IFERROR(I23-J23,"") -> -0.000877745
C24: =SUM(C15:C23) -> 1 | D24: =SUM(D15:D23) -> 1 | I24: =SUM(I15:I23) -> 1 | J24: =SUM(J15:J23) -> 1
A26: （５）品群別人時生產性
A27: 品群 | B27: 當週 | C27: 前週 | D27: 差異 | E27: 累計
A28: 18℃-飯糰(061,063) | B28: ='（５-1）品群別人時生產性(18℃-飯糰)'!L7 -> 800.69876 | C28: 784.91185 | D28: =B28-C28 -> 15.786902 | E28: ='（５-1）品群別人時生產性(18℃-飯糰)'!C1 -> 800.69876
A29: 18℃-壽司手卷(071,072,075,076) | B29: ='（５-2）品群別人時生產性(18℃-壽司手卷)'!L7 -> 295.69211 | C29: 295.74145 | D29: =B29-C29 -> -0.049338123 | E29: ='（５-2）品群別人時生產性(18℃-壽司手卷)'!C1 -> 295.69211
A30: 4℃-飯糰(065) | B30: ='（５-3）品群別人時生產性(4℃-飯糰)'!L7 -> 119.39248 | C30: 119.39248 | D30: =B30-C30 -> 0 | E30: ='（５-3）品群別人時生產性(4℃-飯糰)'!C1 -> 119.39248
A31: 4℃-壽司手卷(077) | B31: ='（５-4）品群別人時生產性(4℃-壽司手卷)'!L7 -> 471.17142 | C31: 452.58861 | D31: =B31-C31 -> 18.582808 | E31: ='（５-4）品群別人時生產性(4℃-壽司手卷)'!C1 -> 471.17142
A32: 主食(091,092,093,094,095) | B32: ='（５-5）品群別人時生產性(微波主食) '!L7 -> 84.966442 | C32: 84.953503 | D32: =B32-C32 -> 0.012939351 | E32: ='（５-5）品群別人時生產性(微波主食) '!C1 -> 84.966442
A33: 便當(083) | B33: ='（５-6）品群別人時生產性(便當)'!L7 -> 80.052277 | C33: 80.058152 | D33: =B33-C33 -> -0.0058750525 | E33: ='（５-6）品群別人時生產性(便當)'!C1 -> 80.052277
A34: 熱食義麵(122,123,124,126) | B34: ='（５-7）品群別人時生產性(熱食義麵) '!L7 -> 0 | C34: 0 | D34: =B34-C34 -> 0 | E34: ='（５-7）品群別人時生產性(熱食義麵) '!C1 -> 0
A35: 季節調理麵(111,112) | B35: ='（５-8）品群別人時生產性(季節調理麵) '!L7 -> 160.09016 | C35: 162.29408 | D35: =B35-C35 -> -2.203919 | E35: ='（５-8）品群別人時生產性(季節調理麵) '!C1 -> 160.09016
A36: 微波小吃(153,154,155) | B36: ='（５-9）品群別人時生產性(微波小吃)'!L7 -> 89.112332 | C36: 89.167635 | D36: =B36-C36 -> -0.055303644 | E36: ='（５-9）品群別人時生產性(微波小吃)'!C1 -> 89.112332

Sheet （１）收支狀況
B2: （１）收支狀況
B3: 資料繳交日 | C3: 月份 | D3: 日期 | F3: 營業額(元) | I3: 訂單數量(個) | L3: 材料費(元) | O3: 材料費率（材料費／營業額） | R3: 勞務成本（全廠人事成本） | U3: 勞務費率（勞務成本／營業額）
F4: 日 | G4: 週累積 | H4: 月累積 | I4: 日 | J4: 週累積 | K4: 月累積 | L4: 日 | M4: 週累積 | N4: 月累積 | O4: 日 | P4: 週累積 | Q4: 月累積 | R4: 日 | S4: 週累積 | T4: 月累積 | U4: 日 | V4: 週累積 | W4: 月累積
B5: =D6+7 -> 46239 | D5: 46231 | E5: 二 | F5: 6626056.9 | G5: =SUM(F5:F11) -> 42486866 | I5: 213264 | J5: =SUM(I5:I11) -> 1361947 | L5: 4366639.8 | M5: =SUM(L5:L11) -> 28602574 | O5: =L5/F5 -> 0.65901031 | P5: =M5/G5 -> 0.67320978 | R5: 925337.43 | S5: =SUM(R5:R11) -> 6007602.4 | U5: =R5/F5 -> 0.1396513 | V5: =S5/G5 -> 0.14139905
D6: =D5+1 -> 46232 | E6: 三 | F6: 6255627.2 | I6: 201459 | L6: 4227643.2 | O6: =L6/F6 -> 0.67581443 | R6: 889269.56 | U6: =R6/F6 -> 0.14215514
D7: =D6+1 -> 46233 | E7: 四 | F7: 5785963.2 | I7: 187092 | L7: 3888763.8 | O7: =L7/F7 -> 0.67210309 | R7: 833792.64 | U7: =R7/F7 -> 0.14410611
D8: =D7+1 -> 46234 | E8: 五 | F8: 4936115 | I8: 159659 | L8: 3353708.5 | O8: =L8/F8 -> 0.67942268 | R8: 775080.81 | U8: =R8/F8 -> 0.15702244
C9: 八 | D9: =D8+1 -> 46235 | E9: 六 | F9: 5278918.6 | H9: =SUM(F9:F39) -> 1.7532162e+08 | I9: 170810 | K9: =SUM(I9:I39) -> 5581950 | L9: 3538725.8 | N9: =SUM(L9:L39) -> 1.1941926e+08 | O9: =L9/F9 -> 0.67035052 | Q9: =N9/H9 -> 0.68114396 | R9: 791868.99 | T9: =SUM(R9:R39) -> 25354550 | U9: =R9/F9 -> 0.15000591 | W9: =T9/H9 -> 0.14461736
D10: =D9+1 -> 46236 | E10: 日 | F10: 6878371.5 | I10: 216220 | L10: 4644248 | O10: =L10/F10 -> 0.67519588 | R10: 910527.83 | U10: =R10/F10 -> 0.13237549
D11: =D10+1 -> 46237 | E11: 一 | F11: 6725813.8 | I11: 213443 | L11: 4582844.7 | O11: =L11/F11 -> 0.68138144 | R11: 881725.11 | U11: =R11/F11 -> 0.13109568
B12: =B5+7 -> 46246 | D12: =D11+1 -> 46238 | E12: 二 | F12: 6631265.1 | G12: =SUM(F12:F18) -> 41863931 | I12: 211425 | J12: =SUM(I12:I18) -> 1345846 | L12: 4510217.4 | M12: =SUM(L12:L18) -> 28482743 | O12: =L12/F12 -> 0.68014433 | P12: =M12/G12 -> 0.68036475 | R12: 904901.96 | S12: =SUM(R12:R18) -> 5978077.1 | U12: =R12/F12 -> 0.13645993 | V12: =S12/G12 -> 0.1427978
D13: =D12+1 -> 46239 | E13: 三 | F13: 6359056 | I13: 203649 | L13: 4293608.4 | O13: =L13/F13 -> 0.67519588 | R13: 873214.77 | U13: =R13/F13 -> 0.1373183
D14: =D13+1 -> 46240 | E14: 四 | F14: 5817645.9 | I14: 188918 | L14: 3989225.8 | O14: =L14/F14 -> 0.68571134 | R14: 838149.94 | U14: =R14/F14 -> 0.14407029
D15: =D14+1 -> 46241 | E15: 五 | F15: 4858510.1 | I15: 157640 | L15: 3320015.3 | O15: =L15/F15 -> 0.68334021 | R15: 766305.87 | U15: =R15/F15 -> 0.15772446
D16: =D15+1 -> 46242 | E16: 六 | F16: 5207710 | I16: 168530 | L16: 3540920.6 | O16: =L16/F16 -> 0.67993814 | R16: 804139.22 | U16: =R16/F16 -> 0.15441321
D17: =D16+1 -> 46243 | E17: 日 | F17: 6655646.1 | I17: 211756 | L17: 4561793.5 | O17: =L17/F17 -> 0.68540206 | R17: 912097.3 | U17: =R17/F17 -> 0.13704114
D18: =D17+1 -> 46244 | E18: 一 | F18: 6334097.6 | I18: 203928 | L18: 4266961.6 | O18: =L18/F18 -> 0.67364948 | R18: 879268.07 | U18: =R18/F18 -> 0.13881505
B19: =B12+7 -> 46253 | D19: =D18+1 -> 46245 | E19: 二 | F19: 5779689.7 | G19: =SUM(F19:F25) -> 38288005 | I19: 187621 | J19: =SUM(I19:I25) -> 1244793 | L19: 3925660.6 | M19: =SUM(L19:L25) -> 26120854 | O19: =L19/F19 -> 0.67921649 | P19: =M19/G19 -> 0.68222029 | R19: 808693.21 | S19: =SUM(R19:R25) -> 5469240.5 | U19: =R19/F19 -> 0.13991983 | V19: =S19/G19 -> 0.14284475
D20: =D19+1 -> 46246 | E20: 三 | F20: 5663016 | I20: 184147 | L20: 3904795.5 | O20: =L20/F20 -> 0.68952577 | R20: 808683.84 | U20: =R20/F20 -> 0.14280091
D21: =D20+1 -> 46247 | E21: 四 | F21: 5284211.3 | I21: 172846 | L21: 3602197.8 | O21: =L21/F21 -> 0.68169072 | R21: 759116.8 | U21: =R21/F21 -> 0.14365754
D22: =D21+1 -> 46248 | E22: 五 | F22: 4470999 | I22: 146977 | L22: 3078259.8 | O22: =L22/F22 -> 0.68849485 | R22: 708139.37 | U22: =R22/F22 -> 0.15838504
D23: =D22+1 -> 46249 | E23: 六 | F23: 4735598.2 | I23: 155408 | L23: 3231630.8 | O23: =L23/F23 -> 0.68241237 | R23: 734523.98 | U23: =R23/F23 -> 0.1551069
D24: =D23+1 -> 46250 | E24: 日 | F24: 6269913.1 | I24: 200927 | L24: 4219845.4 | O24: =L24/F24 -> 0.67303093 | R24: 884957.24 | U24: =R24/F24 -> 0.14114346
D25: =D24+1 -> 46251 | E25: 一 | F25: 6084577.5 | I25: 196867 | L25: 4158463.7 | O25: =L25/F25 -> 0.6834433 | R25: 765126.02 | U25: =R25/F25 -> 0.12574842
B26: =B19+7 -> 46260 | D26: =D25+1 -> 46252 | E26: 二 | F26: 6583839.5 | G26: =SUM(F26:F32) -> 39537270 | I26: 201857 | J26: =SUM(I26:I32) -> 1252535 | L26: 4492214.8 | M26: =SUM(L26:L32) -> 27086185 | O26: =L26/F26 -> 0.68230928 | P26: =M26/G26 -> 0.68507981 | R26: 901149.49 | S26: =SUM(R26:R32) -> 5751753.8 | U26: =R26/F26 -> 0.13687294 | V26: =S26/G26 -> 0.14547676
D27: =D26+1 -> 46253 | E27: 三 | F27: 5965361.7 | I27: 188974 | L27: 4067146.7 | O27: =L27/F27 -> 0.68179381 | R27: 844162.56 | U27: =R27/F27 -> 0.14151071
D28: =D27+1 -> 46254 | E28: 四 | F28: 5515098.4 | I28: 175085 | L28: 3809056.8 | O28: =L28/F28 -> 0.69065979 | R28: 808002.69 | U28: =R28/F28 -> 0.14650739
D29: =D28+1 -> 46255 | E29: 五 | F29: 4265125.8 | I29: 140181 | L29: 2935637.7 | O29: =L29/F29 -> 0.68828866 | R29: 727337.02 | U29: =R29/F29 -> 0.1705312
D30: =D29+1 -> 46256 | E30: 六 | F30: 4672768.8 | I30: 150801 | L30: 3213805.1 | O30: =L30/F30 -> 0.6877732 | R30: 740066.26 | U30: =R30/F30 -> 0.15837853
D31: =D30+1 -> 46257 | E31: 日 | F31: 6356809.7 | I31: 197801 | L31: 4345829.7 | O31: =L31/F31 -> 0.68364948 | R31: 886504.03 | U31: =R31/F31 -> 0.13945738
D32: =D31+1 -> 46258 | E32: 一 | F32: 6178265.8 | I32: 197836 | L32: 4222494.4 | O32: =L32/F32 -> 0.6834433 | R32: 844531.76 | U32: =R32/F32 -> 0.13669398
B33: =B26+7 -> 46267 | D33: =D32+1 -> 46259 | E33: 二 | F33: 6384123.5 | G33: =SUM(F33:F39) -> 36749312 | I33: 208377 | J33: =SUM(I33:I39) -> 1138303 | L33: 4287498.4 | M33: =SUM(L33:L39) -> 24963664 | O33: =L33/F33 -> 0.67158763 | P33: =M33/G33 -> 0.67929608 | R33: 934133.47 | S33: =SUM(R33:R39) -> 5571356.4 | U33: =R33/F33 -> 0.14632133 | V33: =S33/G33 -> 0.15160437
D34: =D33+1 -> 46260 | E34: 三 | F34: 5681937.1 | I34: 184347 | L34: 3807132.1 | O34: =L34/F34 -> 0.67004124 | R34: 841535.97 | U34: =R34/F34 -> 0.14810723
D35: =D34+1 -> 46261 | E35: 四 | F35: 4735272.9 | I35: 144091 | L35: 3255817.4 | O35: =L35/F35 -> 0.68756701 | R35: 752033.99 | U35: =R35/F35 -> 0.15881534
D36: =D35+1 -> 46262 | E36: 五 | F36: 3911723.8 | I36: 119527 | L36: 2700460.5 | O36: =L36/F36 -> 0.69035052 | R36: 681681.27 | U36: =R36/F36 -> 0.17426621
D37: =D36+1 -> 46263 | E37: 六 | F37: 4263630.5 | I37: 130180 | L37: 2908675.1 | O37: =L37/F37 -> 0.68220619 | R37: 698343.09 | U37: =R37/F37 -> 0.16379071
D38: =D37+1 -> 46264 | E38: 日 | F38: 5874431.7 | I38: 174500 | L38: 3986377.2 | O38: =L38/F38 -> 0.67859794 | R38: 821515.78 | U38: =R38/F38 -> 0.139846
D39: =D38+1 -> 46265 | E39: 一 | F39: 5898192.5 | I39: 177281 | L39: 4017702.8 | O39: =L39/F39 -> 0.68117526 | R39: 842112.86 | U39: =R39/F39 -> 0.14277473
B40: =B33+7 -> 46274 | C40: 九 | D40: =D39+1 -> 46266 | E40: 二 | F40: 5905912.7 | G40: =SUM(F40:F46) -> 36405587 | H40: =SUM(F40:F69) -> 36405587 | I40: 184538 | J40: =SUM(I40:I46) -> 1128982 | K40: =SUM(I40:I69) -> 1128982 | L40: 3997389.6 | M40: =SUM(L40:L46) -> 24718254 | N40: =SUM(L40:L69) -> 24718254 | O40: =L40/F40 -> 0.67684536 | P40: =M40/G40 -> 0.67896871 | Q40: =N40/H40 -> 0.67896871 | R40: 806832 | S40: =SUM(R40:R46) -> 5251268.4 | T40: =SUM(R40:R69) -> 5251268.4 | U40: =R40/F40 -> 0.13661428 | V40: =S40/G40 -> 0.14424348 | W40: =T40/H40 -> 0.14424348
D41: =D40+1 -> 46267 | E41: 三 | F41: 5349912.9 | I41: 166898 | L41: 3724201.2 | O41: =L41/F41 -> 0.69612371 | R41: 764317.86 | U41: =R41/F41 -> 0.14286548
D42: =D41+1 -> 46268 | E42: 四 | F42: 4890176.1 | I42: 152603 | L42: 3231751 | O42: =L42/F42 -> 0.66086598 | R42: 727557.14 | U42: =R42/F42 -> 0.14877933
D43: =D42+1 -> 46269 | E43: 五 | F43: 3858381.1 | I43: 123500 | L43: 2660055.5 | O43: =L43/F43 -> 0.68942268 | R43: 682690.09 | U43: =R43/F43 -> 0.17693692
D44: =D43+1 -> 46270 | E44: 六 | F44: 4194791.4 | I44: 131637 | L44: 2845711.9 | O44: =L44/F44 -> 0.67839175 | R44: 698947.94 | U44: =R44/F44 -> 0.16662281
D45: =D44+1 -> 46271 | E45: 日 | F45: 6259357.6 | I45: 188421 | L45: 4219194.2 | O45: =L45/F45 -> 0.67406186 | R45: 861641.53 | U45: =R45/F45 -> 0.13765654
D46: =D45+1 -> 46272 | E46: 一 | F46: 5947055.1 | I46: 181385 | L46: 4039951 | O46: =L46/F46 -> 0.67931959 | R46: 709281.8 | U46: =R46/F46 -> 0.11926606
B47: =B40+7 -> 46281 | D47: =D46+1 -> 46273 | E47: 二 | G47: =SUM(F47:F53) -> 0 | J47: =SUM(I47:I53) -> 0 | M47: =SUM(L47:L53) -> 0 | O47: =L47/F47 -> #DIV/0! | P47: =M47/G47 -> #DIV/0! | S47: =SUM(R47:R53) -> 0 | U47: =R47/F47 -> #DIV/0! | V47: =S47/G47 -> #DIV/0!
D48: =D47+1 -> 46274 | E48: 三 | O48: =L48/F48 -> #DIV/0! | U48: =R48/F48 -> #DIV/0!
D49: =D48+1 -> 46275 | E49: 四 | O49: =L49/F49 -> #DIV/0! | U49: =R49/F49 -> #DIV/0!
D50: =D49+1 -> 46276 | E50: 五 | O50: =L50/F50 -> #DIV/0! | U50: =R50/F50 -> #DIV/0!
D51: =D50+1 -> 46277 | E51: 六 | O51: =L51/F51 -> #DIV/0! | U51: =R51/F51 -> #DIV/0!
D52: =D51+1 -> 46278 | E52: 日 | O52: =L52/F52 -> #DIV/0! | U52: =R52/F52 -> #DIV/0!
D53: =D52+1 -> 46279 | E53: 一 | O53: =L53/F53 -> #DIV/0! | U53: =R53/F53 -> #DIV/0!
B54: =B47+7 -> 46288 | D54: =D53+1 -> 46280 | E54: 二 | G54: =SUM(F54:F60) -> 0 | J54: =SUM(I54:I60) -> 0 | M54: =SUM(L54:L60) -> 0 | O54: =L54/F54 -> #DIV/0! | P54: =M54/G54 -> #DIV/0! | S54: =SUM(R54:R60) -> 0 | U54: =R54/F54 -> #DIV/0! | V54: =S54/G54 -> #DIV/0!
D55: =D54+1 -> 46281 | E55: 三 | O55: =L55/F55 -> #DIV/0! | U55: =R55/F55 -> #DIV/0!
D56: =D55+1 -> 46282 | E56: 四 | O56: =L56/F56 -> #DIV/0! | U56: =R56/F56 -> #DIV/0!
D57: =D56+1 -> 46283 | E57: 五 | O57: =L57/F57 -> #DIV/0! | U57: =R57/F57 -> #DIV/0!
D58: =D57+1 -> 46284 | E58: 六 | O58: =L58/F58 -> #DIV/0! | U58: =R58/F58 -> #DIV/0!
D59: =D58+1 -> 46285 | E59: 日 | O59: =L59/F59 -> #DIV/0! | U59: =R59/F59 -> #DIV/0!
D60: =D59+1 -> 46286 | E60: 一 | O60: =L60/F60 -> #DIV/0! | U60: =R60/F60 -> #DIV/0!
B61: =B54+7 -> 46295 | D61: =D60+1 -> 46287 | E61: 二 | G61: =SUM(F61:F67) -> 0 | J61: =SUM(I61:I67) -> 0 | M61: =SUM(L61:L67) -> 0 | O61: =L61/F61 -> #DIV/0! | P61: =M61/G61 -> #DIV/0! | S61: =SUM(R61:R67) -> 0 | U61: =R61/F61 -> #DIV/0! | V61: =S61/G61 -> #DIV/0!
D62: =D61+1 -> 46288 | E62: 三 | O62: =L62/F62 -> #DIV/0! | U62: =R62/F62 -> #DIV/0!
D63: =D62+1 -> 46289 | E63: 四 | O63: =L63/F63 -> #DIV/0! | U63: =R63/F63 -> #DIV/0!
D64: =D63+1 -> 46290 | E64: 五 | O64: =L64/F64 -> #DIV/0! | U64: =R64/F64 -> #DIV/0!
D65: =D64+1 -> 46291 | E65: 六 | O65: =L65/F65 -> #DIV/0! | U65: =R65/F65 -> #DIV/0!
D66: =D65+1 -> 46292 | E66: 日 | O66: =L66/F66 -> #DIV/0! | U66: =R66/F66 -> #DIV/0!
D67: =D66+1 -> 46293 | E67: 一 | O67: =L67/F67 -> #DIV/0! | U67: =R67/F67 -> #DIV/0!
B68: =B61+7 -> 46302 | D68: =D67+1 -> 46294 | E68: 二 | G68: =SUM(F68:F74) -> 0 | J68: =SUM(I68:I74) -> 0 | M68: =SUM(L68:L74) -> 0 | O68: =L68/F68 -> #DIV/0! | P68: =M68/G68 -> #DIV/0! | S68: =SUM(R68:R74) -> 0 | U68: =R68/F68 -> #DIV/0! | V68: =S68/G68 -> #DIV/0!
D69: =D68+1 -> 46295 | E69: 三 | O69: =L69/F69 -> #DIV/0! | U69: =R69/F69 -> #DIV/0!
D70: =D69+1 -> 46296 | E70: 四 | O70: =L70/F70 -> #DIV/0! | U70: =R70/F70 -> #DIV/0!
D71: =D70+1 -> 46297 | E71: 五 | O71: =L71/F71 -> #DIV/0! | U71: =R71/F71 -> #DIV/0!
D72: =D71+1 -> 46298 | E72: 六 | O72: =L72/F72 -> #DIV/0! | U72: =R72/F72 -> #DIV/0!
D73: =D72+1 -> 46299 | E73: 日 | O73: =L73/F73 -> #DIV/0! | U73: =R73/F73 -> #DIV/0!
D74: =D73+1 -> 46300 | E74: 一 | O74: =L74/F74 -> #DIV/0! | U74: =R74/F74 -> #DIV/0!

Sheet （２）ＫＰＩ達成進度
B1: 人時生產性基準值 | C1: 500.4
B2: （２）ＫＰＩ達成進度
B3: 資料繳交日 | C3: 月份 | D3: 日期 | F3: 人時生產性(個/人) | I3: 人時生產性達成率(%) | L3: 半成品報廢(%) | O3: 半成品超用(%) | R3: 固定產線-導入率(固定產線數/總產線數) | U3: 教育訓練-實施率(進度/計畫)
F4: 日 | G4: 週平均 | H4: 月平均 | I4: 日 | J4: 週平均 | K4: 月平均 | L4: 日 | M4: 週平均 | N4: 月平均 | O4: 日 | P4: 週平均 | Q4: 月平均 | R4: 日 | S4: 週平均 | T4: 月平均 | U4: 日 | V4: 週平均 | W4: 月平均
B5: 46239 | D5: 46231 | E5: 二 | F5: 435.56218 | G5: =AVERAGE(F5:F11) -> 441.50045 | I5: =F5/$C$1 -> 0.87042801 | J5: =AVERAGE(I5:I11) -> 0.88229506 | L5: 0.0020037797 | M5: =AVERAGE(L5:L11) -> 0.002002191 | O5: 0.0060038061 | P5: =AVERAGE(O5:O11) -> 0.0060080319 | R5: 0.9 | S5: =AVERAGE(R5:R11) -> 0.9 | U5: =31/52*100% -> 0.59615385 | V5: =AVERAGE(U5:U11) -> 0.59615385
D6: =D5+1 -> 46232 | E6: 三 | F6: 438.34046 | I6: =F6/$C$1 -> 0.87598014 | L6: 0.0020019479 | O6: 0.0060017525 | R6: 0.9 | U6: =31/52*100% -> 0.59615385
D7: =D6+1 -> 46233 | E7: 四 | F7: 441.47627 | I7: =F7/$C$1 -> 0.88224675 | L7: 0.001998529 | O7: 0.0059985558 | R7: 0.9 | U7: =31/52*100% -> 0.59615385
D8: =D7+1 -> 46234 | E8: 五 | F8: 442.85545 | I8: =F8/$C$1 -> 0.88500291 | L8: 0.0019964656 | O8: 0.0059963011 | R8: 0.9 | U8: =31/52*100% -> 0.59615385
C9: 八 | D9: =D8+1 -> 46235 | E9: 六 | F9: 443.79998 | H9: =AVERAGEIF(F9:F39,"<>0") -> 448.73866 | I9: =F9/$C$1 -> 0.88689045 | K9: =AVERAGEIF(I9:I39,"<>0") -> 0.8967599 | L9: 0.0020022607 | N9: =AVERAGEIF(L9:L39,"<>0") -> 0.002006695 | O9: 0.0060024305 | Q9: =AVERAGEIF(O9:O39,"<>0") -> 0.006013111 | R9: 0.9 | T9: =AVERAGEIF(R9:R39,"<>0") -> 0.9 | U9: =31/52*100% -> 0.59615385 | W9: =AVERAGEIF(U9:U39,"<>0") -> 0.63957816
D10: =D9+1 -> 46236 | E10: 日 | F10: 443.89283 | I10: =F10/$C$1 -> 0.88707601 | L10: 0.0020060667 | O10: 0.0060398551 | R10: 0.9 | U10: =31/52*100% -> 0.59615385
D11: =D10+1 -> 46237 | E11: 一 | F11: 444.57594 | I11: =F11/$C$1 -> 0.88844113 | L11: 0.0020062877 | O11: 0.0060135224 | R11: 0.9 | U11: =31/52*100% -> 0.59615385
B12: =B5+7 -> 46246 | D12: =D11+1 -> 46238 | E12: 二 | F12: 444.87453 | G12: =AVERAGE(F12:F18) -> 444.98753 | I12: =F12/$C$1 -> 0.88903784 | J12: =AVERAGE(I12:I18) -> 0.88926364 | L12: 0.002003565 | M12: =AVERAGE(L12:L18) -> 0.0020032276 | O12: 0.0060082803 | P12: =AVERAGE(O12:O18) -> 0.0060088059 | R12: 0.9 | S12: =AVERAGE(R12:R18) -> 0.9 | U12: =32/52*100% -> 0.61538462 | V12: =AVERAGE(U12:U18) -> 0.61538462
D13: =D12+1 -> 46239 | E13: 三 | F13: 444.99873 | I13: =F13/$C$1 -> 0.88928604 | L13: 0.0020020242 | O13: 0.0060023977 | R13: 0.9 | U13: =32/52*100% -> 0.61538462
D14: =D13+1 -> 46240 | E14: 四 | F14: 444.39754 | I14: =F14/$C$1 -> 0.88808462 | L14: 0.0019980107 | O14: 0.0060038798 | R14: 0.9 | U14: =32/52*100% -> 0.61538462
D15: =D14+1 -> 46241 | E15: 五 | F15: 444.01185 | I15: =F15/$C$1 -> 0.88731386 | L15: 0.0019963329 | O15: 0.0059962864 | R15: 0.9 | U15: =32/52*100% -> 0.61538462
D16: =D15+1 -> 46242 | E16: 六 | F16: 444.63999 | I16: =F16/$C$1 -> 0.88856913 | L16: 0.0020022747 | O16: 0.0060082594 | R16: 0.9 | U16: =32/52*100% -> 0.61538462
D17: =D16+1 -> 46243 | E17: 日 | F17: 445.08293 | I17: =F17/$C$1 -> 0.88945429 | L17: 0.0020120046 | O17: 0.0060243767 | R17: 0.9 | U17: =32/52*100% -> 0.61538462
D18: =D17+1 -> 46244 | E18: 一 | F18: 446.9071 | I18: =F18/$C$1 -> 0.89309972 | L18: 0.0020083813 | O18: 0.006018161 | R18: 0.9 | U18: =32/52*100% -> 0.61538462
B19: =B12+7 -> 46253 | D19: =D18+1 -> 46245 | E19: 二 | F19: 447.04912 | G19: =AVERAGE(F19:F25) -> 447.03098 | I19: =F19/$C$1 -> 0.89338352 | J19: =AVERAGE(I19:I25) -> 0.89334728 | L19: 0.0020055281 | M19: =AVERAGE(L19:L25) -> 0.0020059773 | O19: 0.0060164485 | P19: =AVERAGE(O19:O25) -> 0.0060108531 | R19: 0.9 | S19: =AVERAGE(R19:R25) -> 0.9 | U19: =33/52*100% -> 0.63461538 | V19: =AVERAGE(U19:U25) -> 0.63461538
D20: =D19+1 -> 46246 | E20: 三 | F20: 447.17079 | I20: =F20/$C$1 -> 0.89362668 | L20: 0.0020042621 | O20: 0.0060102545 | R20: 0.9 | U20: =33/52*100% -> 0.63461538
D21: =D20+1 -> 46247 | E21: 四 | F21: 446.55731 | I21: =F21/$C$1 -> 0.89240071 | L21: 0.002003608 | O21: 0.0060057968 | R21: 0.9 | U21: =33/52*100% -> 0.63461538
D22: =D21+1 -> 46248 | E22: 五 | F22: 448.30135 | I22: =F22/$C$1 -> 0.89588599 | L22: 0.0020019534 | O22: 0.0060037292 | R22: 0.9 | U22: =33/52*100% -> 0.63461538
D23: =D22+1 -> 46249 | E23: 六 | F23: 446.41709 | I23: =F23/$C$1 -> 0.89212048 | L23: 0.0020038676 | O23: 0.0060078388 | R23: 0.9 | U23: =33/52*100% -> 0.63461538
D24: =D23+1 -> 46250 | E24: 日 | F24: 446.80395 | I24: =F24/$C$1 -> 0.89289358 | L24: 0.0020144079 | O24: 0.0060199032 | R24: 0.9 | U24: =33/52*100% -> 0.63461538
D25: =D24+1 -> 46251 | E25: 一 | F25: 446.91724 | I25: =F25/$C$1 -> 0.89311999 | L25: 0.0020082142 | O25: 0.0060120004 | R25: 0.9 | U25: =33/52*100% -> 0.63461538
B26: =B19+7 -> 46260 | D26: =D25+1 -> 46252 | E26: 二 | F26: 449.78267 | G26: =AVERAGE(F26:F32) -> 453.22646 | I26: =F26/$C$1 -> 0.89884627 | J26: =AVERAGE(I26:I32) -> 0.90572834 | L26: 0.0020120115 | M26: =AVERAGE(L26:L32) -> 0.0020093127 | O26: 0.0060242774 | P26: =AVERAGE(O26:O32) -> 0.0060171883 | R26: 0.9 | S26: =AVERAGE(R26:R32) -> 0.9 | U26: =34/52*100% -> 0.65384615 | V26: =AVERAGE(U26:U32) -> 0.65384615
D27: =D26+1 -> 46253 | E27: 三 | F27: 450.85113 | I27: =F27/$C$1 -> 0.90098148 | L27: 0.0020060207 | O27: 0.0060115049 | R27: 0.9 | U27: =34/52*100% -> 0.65384615
D28: =D27+1 -> 46254 | E28: 四 | F28: 451.28891 | I28: =F28/$C$1 -> 0.90185633 | L28: 0.0020078396 | O28: 0.0060216163 | R28: 0.9 | U28: =34/52*100% -> 0.65384615
D29: =D28+1 -> 46255 | E29: 五 | F29: 453.28715 | I29: =F29/$C$1 -> 0.90584962 | L29: 0.0020053933 | O29: 0.0060117639 | R29: 0.9 | U29: =34/52*100% -> 0.65384615
D30: =D29+1 -> 46256 | E30: 六 | F30: 452.55058 | I30: =F30/$C$1 -> 0.90437766 | L30: 0.0020098782 | O30: 0.0060097968 | R30: 0.9 | U30: =34/52*100% -> 0.65384615
D31: =D30+1 -> 46257 | E31: 日 | F31: 454.36933 | I31: =F31/$C$1 -> 0.90801224 | L31: 0.0020143219 | O31: 0.0060237164 | R31: 0.9 | U31: =34/52*100% -> 0.65384615
D32: =D31+1 -> 46258 | E32: 一 | F32: 460.45547 | I32: =F32/$C$1 -> 0.92017481 | L32: 0.0020097236 | O32: 0.0060176424 | R32: 0.9 | U32: =34/52*100% -> 0.65384615
B33: =B26+7 -> 46267 | D33: =D32+1 -> 46259 | E33: 二 | F33: 450.42791 | G33: =AVERAGE(F33:F39) -> 451.70211 | I33: =F33/$C$1 -> 0.90013572 | J33: =AVERAGE(I33:I39) -> 0.90268208 | L33: 0.0020037385 | M33: =AVERAGE(L33:L39) -> 0.0020090438 | O33: 0.0060135774 | P33: =AVERAGE(O33:O39) -> 0.0060132433 | R33: 0.9 | S33: =AVERAGE(R33:R39) -> 0.9 | U33: =35/52*100% -> 0.67307692 | V33: =AVERAGE(U33:U39) -> 0.67307692
D34: =D33+1 -> 46260 | E34: 三 | F34: 450.16072 | I34: =F34/$C$1 -> 0.89960175 | L34: 0.0020181625 | O34: 0.0060178749 | R34: 0.9 | U34: =35/52*100% -> 0.67307692
D35: =D34+1 -> 46261 | E35: 四 | F35: 449.82108 | I35: =F35/$C$1 -> 0.89892301 | L35: 0.0020116665 | O35: 0.0060119582 | R35: 0.9 | U35: =35/52*100% -> 0.67307692
D36: =D35+1 -> 46262 | E36: 五 | F36: 453.0865 | I36: =F36/$C$1 -> 0.90544865 | L36: 0.0020003443 | O36: 0.0060095149 | R36: 0.9 | U36: =35/52*100% -> 0.67307692
D37: =D36+1 -> 46263 | E37: 六 | F37: 455.90036 | I37: =F37/$C$1 -> 0.91107186 | L37: 0.0020036692 | O37: 0.0060054864 | R37: 0.9 | U37: =35/52*100% -> 0.67307692
D38: =D37+1 -> 46264 | E38: 日 | F38: 454.23385 | I38: =F38/$C$1 -> 0.9077415 | L38: 0.0020137153 | O38: 0.0060144913 | R38: 0.9 | U38: =35/52*100% -> 0.67307692
D39: =D38+1 -> 46265 | E39: 一 | F39: 448.28439 | I39: =F39/$C$1 -> 0.89585209 | L39: 0.00201201 | O39: 0.0060197998 | R39: 0.9 | U39: =35/52*100% -> 0.67307692
B40: =B33+7 -> 46274 | D40: =D39+1 -> 46266 | E40: 二 | F40: 447.38329 | G40: =AVERAGE(F40:F46) -> 440.66773 | H40: =AVERAGEIF(F40:F69,"<>0") -> 440.66773 | I40: =F40/$C$1 -> 0.89405134 | J40: =AVERAGE(I40:I46) -> 0.88063096 | K40: =AVERAGEIF(I40:I69,"<>0") -> 0.88063096 | L40: 0.0020178576 | M40: =AVERAGE(L40:L46) -> 0.0020065696 | N40: =AVERAGEIF(L40:L69,"<>0") -> 0.0020065696 | O40: 0.0060304168 | P40: =AVERAGE(O40:O46) -> 0.0060128427 | Q40: =AVERAGEIF(O40:O69,"<>0") -> 0.0060128427 | R40: 0.9 | S40: =AVERAGE(R40:R46) -> 0.9 | T40: =AVERAGEIF(R40:R69,"<>0") -> 0.9 | U40: =36/52*100% -> 0.69230769 | V40: =AVERAGE(U40:U46) -> 0.69230769 | W40: =AVERAGEIF(U40:U69,"<>0") -> 0.69230769
D41: =D40+1 -> 46267 | E41: 三 | F41: 438.70881 | I41: =F41/$C$1 -> 0.87671625 | L41: 0.0020104421 | O41: 0.0060196722 | R41: 0.9 | U41: =36/52*100% -> 0.69230769
D42: =D41+1 -> 46268 | E42: 四 | F42: 438.59099 | I42: =F42/$C$1 -> 0.87648079 | L42: 0.0020038595 | O42: 0.0060056477 | R42: 0.9 | U42: =36/52*100% -> 0.69230769
D43: =D42+1 -> 46269 | E43: 五 | F43: 438.32383 | I43: =F43/$C$1 -> 0.8759469 | L43: 0.0020020476 | O43: 0.0060002399 | R43: 0.9 | U43: =36/52*100% -> 0.69230769
D44: =D43+1 -> 46270 | E44: 六 | F44: 439.81499 | I44: =F44/$C$1 -> 0.87892684 | L44: 0.002001737 | O44: 0.0059995148 | R44: 0.9 | U44: =36/52*100% -> 0.69230769
D45: =D44+1 -> 46271 | E45: 日 | F45: 440.87975 | I45: =F45/$C$1 -> 0.88105465 | L45: 0.0020061413 | O45: 0.0060203512 | R45: 0.9 | U45: =36/52*100% -> 0.69230769
D46: =D45+1 -> 46272 | E46: 一 | F46: 440.97248 | I46: =F46/$C$1 -> 0.88123996 | L46: 0.002003902 | O46: 0.0060140566 | R46: 0.9 | U46: =36/52*100% -> 0.69230769
B47: =B40+7 -> 46281 | D47: =D46+1 -> 46273 | E47: 二 | G47: =AVERAGE(F47:F53) -> #DIV/0! | I47: =F47/$C$1 -> 0 | J47: =AVERAGE(I47:I53) -> 0 | M47: =AVERAGE(L47:L53) -> #DIV/0! | P47: =AVERAGE(O47:O53) -> #DIV/0! | S47: =AVERAGE(R47:R53) -> #DIV/0! | V47: =AVERAGE(U47:U53) -> #DIV/0!
D48: =D47+1 -> 46274 | E48: 三 | I48: =F48/$C$1 -> 0
D49: =D48+1 -> 46275 | E49: 四 | I49: =F49/$C$1 -> 0
D50: =D49+1 -> 46276 | E50: 五 | I50: =F50/$C$1 -> 0
D51: =D50+1 -> 46277 | E51: 六 | I51: =F51/$C$1 -> 0
D52: =D51+1 -> 46278 | E52: 日 | I52: =F52/$C$1 -> 0
D53: =D52+1 -> 46279 | E53: 一 | I53: =F53/$C$1 -> 0
B54: =B47+7 -> 46288 | D54: =D53+1 -> 46280 | E54: 二 | G54: =AVERAGE(F54:F60) -> #DIV/0! | I54: =F54/$C$1 -> 0 | J54: =AVERAGE(I54:I60) -> 0 | M54: =AVERAGE(L54:L60) -> #DIV/0! | P54: =AVERAGE(O54:O60) -> #DIV/0! | S54: =AVERAGE(R54:R60) -> #DIV/0! | V54: =AVERAGE(U54:U60) -> #DIV/0!
D55: =D54+1 -> 46281 | E55: 三 | I55: =F55/$C$1 -> 0
D56: =D55+1 -> 46282 | E56: 四 | I56: =F56/$C$1 -> 0
D57: =D56+1 -> 46283 | E57: 五 | I57: =F57/$C$1 -> 0
D58: =D57+1 -> 46284 | E58: 六 | I58: =F58/$C$1 -> 0
D59: =D58+1 -> 46285 | E59: 日 | I59: =F59/$C$1 -> 0
D60: =D59+1 -> 46286 | E60: 一 | I60: =F60/$C$1 -> 0
B61: =B54+7 -> 46295 | D61: =D60+1 -> 46287 | E61: 二 | G61: =AVERAGE(F61:F67) -> #DIV/0! | I61: =F61/$C$1 -> 0 | J61: =AVERAGE(I61:I67) -> 0 | M61: =AVERAGE(L61:L67) -> #DIV/0! | P61: =AVERAGE(O61:O67) -> #DIV/0! | S61: =AVERAGE(R61:R67) -> #DIV/0! | V61: =AVERAGE(U61:U67) -> #DIV/0!
D62: =D61+1 -> 46288 | E62: 三 | I62: =F62/$C$1 -> 0
D63: =D62+1 -> 46289 | E63: 四 | I63: =F63/$C$1 -> 0
D64: =D63+1 -> 46290 | E64: 五 | I64: =F64/$C$1 -> 0
D65: =D64+1 -> 46291 | E65: 六 | I65: =F65/$C$1 -> 0
D66: =D65+1 -> 46292 | E66: 日 | I66: =F66/$C$1 -> 0
D67: =D66+1 -> 46293 | E67: 一 | I67: =F67/$C$1 -> 0
B68: =B61+7 -> 46302 | D68: =D67+1 -> 46294 | E68: 二 | G68: =AVERAGE(F68:F74) -> #DIV/0! | I68: =F68/$C$1 -> 0 | J68: =AVERAGE(I68:I74) -> 0 | M68: =AVERAGE(L68:L74) -> #DIV/0! | P68: =AVERAGE(O68:O74) -> #DIV/0! | S68: =AVERAGE(R68:R74) -> #DIV/0! | V68: =AVERAGE(U68:U74) -> #DIV/0!
D69: =D68+1 -> 46295 | E69: 三 | I69: =F69/$C$1 -> 0
D70: =D69+1 -> 46296 | E70: 四 | I70: =F70/$C$1 -> 0
D71: =D70+1 -> 46297 | E71: 五 | I71: =F71/$C$1 -> 0
D72: =D71+1 -> 46298 | E72: 六 | I72: =F72/$C$1 -> 0
D73: =D72+1 -> 46299 | E73: 日 | I73: =F73/$C$1 -> 0
D74: =D73+1 -> 46300 | E74: 一 | I74: =F74/$C$1 -> 0

Sheet （３）業績構成比
B2: （3）業績構成比
B3: 資料繳交日 | C3: 月份 | D3: 日期 | F3: 營業額 | I3: 品類業績
I4: 18℃-飯糰 | O4: 18℃-壽司手卷 | U4: 4℃-飯糰 | W4: 4℃-壽司手卷 | Y4: 主食 | AE4: 便當 | AG4: 熱食義麵 | AI4: 季節調理麵 | AK4: 微波小吃
F5: 日 | G5: 週累積 | H5: 月累積 | I5: 一配 | K5: 二配 | M5: 合計 | O5: 一配 | Q5: 二配 | S5: 合計 | U5: 一配 | W5: 一配 | Y5: 一配 | AA5: 二配 | AC5: 合計 | AE5: 一配 | AG5: 一配 | AI5: 一配 | AK5: 一配
I6: 業績(元) | J6: 比例(%) | K6: 業績(元) | L6: 比例(%) | M6: 業績(元) | N6: 比例(%) | O6: 業績(元) | P6: 比例(%) | Q6: 業績(元) | R6: 比例(%) | S6: 業績(元) | T6: 比例(%) | U6: 業績(元) | V6: 比例(%) | W6: 業績(元) | X6: 比例(%) | Y6: 業績(元) | Z6: 比例(%) | AA6: 業績(元) | AB6: 比例(%) | AC6: 業績(元) | AD6: 比例(%) | AE6: 業績(元) | AF6: 比例(%) | AG6: 業績(元) | AH6: 比例(%) | AI6: 業績(元) | AJ6: 比例(%) | AK6: 業績(元) | AL6: 比例(%)
B7: 46239 | D7: 46231 | E7: 二 | F7: =SUM(M7,S7,U7,W7,AC7,AE7,AG7,AI7,AK7) -> 6626056.9 | G7: =SUM(F7:F13) -> 42486866 | I7: 916210.92 | J7: =I7/$F7 -> 0.13827393 | K7: 1056654.7 | L7: =K7/$F7 -> 0.15946962 | M7: =I7+K7 -> 1972865.7 | N7: =M7/$F7 -> 0.29774354 | O7: 332859.43 | P7: =O7/$F7 -> 0.050234919 | Q7: 0 | R7: =Q7/$F7 -> 0 | S7: =O7+Q7 -> 332859.43 | T7: =S7/$F7 -> 0.050234919 | U7: 72647.28 | V7: =U7/$F7 -> 0.010963878 | W7: 405052.75 | X7: =W7/$F7 -> 0.061130286 | Y7: 391742.31 | Z7: =Y7/$F7 -> 0.059121483 | AA7: 564780.37 | AB7: =AA7/$F7 -> 0.08523627 | AC7: =Y7+AA7 -> 956522.68 | AD7: =AC7/$F7 -> 0.14435775 | AE7: 1542665.4 | AF7: =AE7/F7 -> 0.23281801 | AG7: 0 | AH7: =AG7/$F7 -> 0 | AI7: 974769.31 | AJ7: =AI7/$F7 -> 0.14711152 | AK7: 368674.37 | AL7: =AK7/$F7 -> 0.055640085
D8: 46232 | E8: 三 | F8: =SUM(M8,S8,U8,W8,AC8,AE8,AG8,AI8,AK8) -> 6255627.2 | I8: 892990.06 | J8: =I8/$F8 -> 0.14274988 | K8: 1002618.1 | L8: =K8/$F8 -> 0.16027459 | M8: =I8+K8 -> 1895608.1 | N8: =M8/F8 -> 0.30302447 | O8: 335009.01 | P8: =O8/$F8 -> 0.053553225 | Q8: 0 | R8: =Q8/$F8 -> 0 | S8: =O8+Q8 -> 335009.01 | T8: =S8/F8 -> 0.053553225 | U8: 65034.9 | V8: =U8/F8 -> 0.010396224 | W8: 310798.37 | X8: =W8/$F8 -> 0.049683007 | Y8: 360085.06 | Z8: =Y8/$F8 -> 0.057561784 | AA8: 557071.84 | AB8: =AA8/$F8 -> 0.089051317 | AC8: =Y8+AA8 -> 917156.9 | AD8: =AC8/$F8 -> 0.1466131 | AE8: 1411466.7 | AF8: =AE8/F8 -> 0.22563152 | AG8: 0 | AH8: =AG8/$F8 -> 0 | AI8: 957447.55 | AJ8: =AI8/$F8 -> 0.15305381 | AK8: 363105.69 | AL8: =AK8/$F8 -> 0.05804465
D9: 46233 | E9: 四 | F9: =SUM(M9,S9,U9,W9,AC9,AE9,AG9,AI9,AK9) -> 5785963.2 | I9: 838667.45 | J9: =I9/$F9 -> 0.14494863 | K9: 888976 | L9: =K9/$F9 -> 0.15364356 | M9: =I9+K9 -> 1727643.4 | N9: =M9/$F9 -> 0.29859219 | O9: 317196.07 | P9: =O9/$F9 -> 0.054821653 | Q9: 0 | R9: =Q9/$F9 -> 0 | S9: =O9+Q9 -> 317196.07 | T9: =S9/$F9 -> 0.054821653 | U9: 65454.48 | V9: =U9/$F9 -> 0.011312633 | W9: 297300.07 | X9: =W9/$F9 -> 0.051382987 | Y9: 336180.01 | Z9: =Y9/$F9 -> 0.058102687 | AA9: 426289.7 | AB9: =AA9/$F9 -> 0.073676531 | AC9: =Y9+AA9 -> 762469.71 | AD9: =AC9/$F9 -> 0.13177922 | AE9: 1297948 | AF9: =AE9/F9 -> 0.22432704 | AG9: 0 | AH9: =AG9/$F9 -> 0 | AI9: 974797.79 | AJ9: =AI9/$F9 -> 0.16847632 | AK9: 343153.66 | AL9: =AK9/$F9 -> 0.059307957
D10: 46234 | E10: 五 | F10: =SUM(M10,S10,U10,W10,AC10,AE10,AG10,AI10,AK10) -> 4936115 | I10: 642135.93 | J10: =I10/$F10 -> 0.13008934 | K10: 816869.93 | L10: =K10/$F10 -> 0.16548843 | M10: =I10+K10 -> 1459005.9 | N10: =M10/F10 -> 0.29557777 | O10: 253053.06 | P10: =O10/$F10 -> 0.051265633 | Q10: 0 | R10: =Q10/$F10 -> 0 | S10: =O10+Q10 -> 253053.06 | T10: =S10/F10 -> 0.051265633 | U10: 48281.67 | V10: =U10/F10 -> 0.0097813098 | W10: 216372.37 | X10: =W10/$F10 -> 0.043834548 | Y10: 296368.4 | Z10: =Y10/$F10 -> 0.060040821 | AA10: 405960.26 | AB10: =AA10/$F10 -> 0.082242869 | AC10: =Y10+AA10 -> 702328.66 | AD10: =AC10/$F10 -> 0.14228369 | AE10: 966163.92 | AF10: =AE10/F10 -> 0.19573367 | AG10: 0 | AH10: =AG10/$F10 -> 0 | AI10: 1001971.8 | AJ10: =AI10/$F10 -> 0.20298795 | AK10: 288937.63 | AL10: =AK10/$F10 -> 0.058535433
C11: 八 | D11: 46235 | E11: 六 | F11: =SUM(M11,S11,U11,W11,AC11,AE11,AG11,AI11,AK11) -> 5278918.6 | H11: =SUM(F11:F41) -> 1.7532162e+08 | I11: 603913.17 | J11: =I11/$F11 -> 0.11440093 | K11: 950774.94 | L11: =K11/$F11 -> 0.1801079 | M11: =I11+K11 -> 1554688.1 | N11: =M11/$F11 -> 0.29450883 | O11: 244351.8 | P11: =O11/$F11 -> 0.046288231 | Q11: 0 | R11: =Q11/$F11 -> 0 | S11: =O11+Q11 -> 244351.8 | T11: =S11/$F11 -> 0.046288231 | U11: 49630.32 | V11: =U11/$F11 -> 0.0094016074 | W11: 239798.25 | X11: =W11/$F11 -> 0.045425639 | Y11: 320707.3 | Z11: =Y11/$F11 -> 0.060752462 | AA11: 528342.76 | AB11: =AA11/$F11 -> 0.10008542 | AC11: =Y11+AA11 -> 849050.06 | AD11: =AC11/$F11 -> 0.16083788 | AE11: 1036536.9 | AF11: =AE11/F11 -> 0.19635402 | AG11: 0 | AH11: =AG11/$F11 -> 0 | AI11: 1014723.2 | AJ11: =AI11/$F11 -> 0.19222179 | AK11: 290139.98 | AL11: =AK11/$F11 -> 0.054962011
D12: 46236 | E12: 日 | F12: =SUM(M12,S12,U12,W12,AC12,AE12,AG12,AI12,AK12) -> 6878371.5 | I12: 877498.45 | J12: =I12/$F12 -> 0.12757358 | K12: 1090163.9 | L12: =K12/$F12 -> 0.15849157 | M12: =I12+K12 -> 1967662.3 | N12: =M12/F12 -> 0.28606515 | O12: 327772.14 | P12: =O12/$F12 -> 0.047652579 | Q12: 0 | R12: =Q12/$F12 -> 0 | S12: =O12+Q12 -> 327772.14 | T12: =S12/F12 -> 0.047652579 | U12: 81368.55 | V12: =U12/F12 -> 0.011829624 | W12: 267861.06 | X12: =W12/$F12 -> 0.038942512 | Y12: 391389.14 | Z12: =Y12/$F12 -> 0.056901425 | AA12: 621079.83 | AB12: =AA12/$F12 -> 0.090294604 | AC12: =Y12+AA12 -> 1012469 | AD12: =AC12/$F12 -> 0.14719603 | AE12: 1726381.6 | AF12: =AE12/F12 -> 0.25098696 | AG12: 0 | AH12: =AG12/$F12 -> 0 | AI12: 1134622.1 | AJ12: =AI12/$F12 -> 0.16495505 | AK12: 360234.73 | AL12: =AK12/$F12 -> 0.052372096
D13: 46237 | E13: 一 | F13: =SUM(M13,S13,U13,W13,AC13,AE13,AG13,AI13,AK13) -> 6725813.8 | I13: 864009.96 | J13: =I13/$F13 -> 0.12846177 | K13: 1075351.2 | L13: =K13/$F13 -> 0.15988418 | M13: =I13+K13 -> 1939361.2 | N13: =M13/$F13 -> 0.28834595 | O13: 315262.73 | P13: =O13/$F13 -> 0.046873544 | Q13: 0 | R13: =Q13/$F13 -> 0 | S13: =O13+Q13 -> 315262.73 | T13: =S13/$F13 -> 0.046873544 | U13: 70998.93 | V13: =U13/$F13 -> 0.010556184 | W13: 303013.85 | X13: =W13/$F13 -> 0.04505237 | Y13: 401346.24 | Z13: =Y13/$F13 -> 0.059672517 | AA13: 561753.03 | AB13: =AA13/$F13 -> 0.083521942 | AC13: =Y13+AA13 -> 963099.27 | AD13: =AC13/$F13 -> 0.14319446 | AE13: 1604276.8 | AF13: =AE13/F13 -> 0.2385253 | AG13: 0 | AH13: =AG13/$F13 -> 0 | AI13: 1129650.8 | AJ13: =AI13/$F13 -> 0.16795749 | AK13: 400150.24 | AL13: =AK13/$F13 -> 0.059494695
B14: =B7+7 -> 46246 | D14: 46238 | E14: 二 | F14: =SUM(M14,S14,U14,W14,AC14,AE14,AG14,AI14,AK14) -> 6631265.1 | G14: =SUM(F14:F20) -> 41863931 | I14: 857079.17 | J14: =I14/$F14 -> 0.12924821 | K14: 1068334.8 | L14: =K14/$F14 -> 0.16110573 | M14: =I14+K14 -> 1925414 | N14: =M14/$F14 -> 0.29035394 | O14: 313871.57 | P14: =O14/$F14 -> 0.04733208 | Q14: 0 | R14: =Q14/$F14 -> 0 | S14: =O14+Q14 -> 313871.57 | T14: =S14/$F14 -> 0.04733208 | U14: 74355.57 | V14: =U14/$F14 -> 0.011212879 | W14: 257387.76 | X14: =W14/$F14 -> 0.038814277 | Y14: 362160.97 | Z14: =Y14/$F14 -> 0.054614159 | AA14: 560720.56 | AB14: =AA14/$F14 -> 0.084557102 | AC14: =Y14+AA14 -> 922881.53 | AD14: =AC14/$F14 -> 0.13917126 | AE14: 1541947.7 | AF14: =AE14/F14 -> 0.23252693 | AG14: 0 | AH14: =AG14/$F14 -> 0 | AI14: 1242921.7 | AJ14: =AI14/$F14 -> 0.18743357 | AK14: 352485.25 | AL14: =AK14/$F14 -> 0.053155053
D15: 46239 | E15: 三 | F15: =SUM(M15,S15,U15,W15,AC15,AE15,AG15,AI15,AK15) -> 6359056 | I15: 842955.62 | J15: =I15/$F15 -> 0.13255987 | K15: 1022362.3 | L15: =K15/$F15 -> 0.16077266 | M15: =I15+K15 -> 1865317.9 | N15: =M15/F15 -> 0.29333252 | O15: 312054.82 | P15: =O15/$F15 -> 0.049072507 | Q15: 0 | R15: =Q15/$F15 -> 0 | S15: =O15+Q15 -> 312054.82 | T15: =S15/F15 -> 0.049072507 | U15: 63146.79 | V15: =U15/F15 -> 0.0099302145 | W15: 255786.58 | X15: =W15/$F15 -> 0.040223986 | Y15: 329826.56 | Z15: =Y15/$F15 -> 0.051867221 | AA15: 546079.94 | AB15: =AA15/$F15 -> 0.085874372 | AC15: =Y15+AA15 -> 875906.5 | AD15: =AC15/$F15 -> 0.13774159 | AE15: 1436100.7 | AF15: =AE15/F15 -> 0.22583551 | AG15: 0 | AH15: =AG15/$F15 -> 0 | AI15: 1204932.3 | AJ15: =AI15/$F15 -> 0.18948289 | AK15: 345810.39 | AL15: =AK15/$F15 -> 0.054380775
D16: 46240 | E16: 四 | F16: =SUM(M16,S16,U16,W16,AC16,AE16,AG16,AI16,AK16) -> 5817645.9 | I16: 805504.79 | J16: =I16/$F16 -> 0.13845889 | K16: 921519.6 | L16: =K16/$F16 -> 0.15840077 | M16: =I16+K16 -> 1727024.4 | N16: =M16/$F16 -> 0.29685966 | O16: 294598.61 | P16: =O16/$F16 -> 0.0506388 | Q16: 0 | R16: =Q16/$F16 -> 0 | S16: =O16+Q16 -> 294598.61 | T16: =S16/$F16 -> 0.0506388 | U16: 64974.96 | V16: =U16/$F16 -> 0.0111686 | W16: 249989.26 | X16: =W16/$F16 -> 0.042970862 | Y16: 309485.95 | Z16: =Y16/$F16 -> 0.053197798 | AA16: 415950.19 | AB16: =AA16/$F16 -> 0.071498025 | AC16: =Y16+AA16 -> 725436.14 | AD16: =AC16/$F16 -> 0.12469582 | AE16: 1249878.7 | AF16: =AE16/F16 -> 0.21484269 | AG16: 0 | AH16: =AG16/$F16 -> 0 | AI16: 1166851 | AJ16: =AI16/$F16 -> 0.20057098 | AK16: 338892.9 | AL16: =AK16/$F16 -> 0.058252583
D17: 46241 | E17: 五 | F17: =SUM(M17,S17,U17,W17,AC17,AE17,AG17,AI17,AK17) -> 4858510.1 | I17: 608534.95 | J17: =I17/$F17 -> 0.12525135 | K17: 819416.28 | L17: =K17/$F17 -> 0.16865588 | M17: =I17+K17 -> 1427951.2 | N17: =M17/F17 -> 0.29390723 | O17: 225136.19 | P17: =O17/$F17 -> 0.046338525 | Q17: 0 | R17: =Q17/$F17 -> 0 | S17: =O17+Q17 -> 225136.19 | T17: =S17/F17 -> 0.046338525 | U17: 44205.75 | V17: =U17/F17 -> 0.0090986227 | W17: 183306.33 | X17: =W17/$F17 -> 0.037728918 | Y17: 272663.26 | Z17: =Y17/$F17 -> 0.056120756 | AA17: 413793.2 | AB17: =AA17/$F17 -> 0.085168744 | AC17: =Y17+AA17 -> 686456.46 | AD17: =AC17/$F17 -> 0.1412895 | AE17: 937494.25 | AF17: =AE17/F17 -> 0.19295921 | AG17: 0 | AH17: =AG17/$F17 -> 0 | AI17: 1071266.3 | AJ17: =AI17/$F17 -> 0.22049275 | AK17: 282693.61 | AL17: =AK17/$F17 -> 0.058185247
D18: 46242 | E18: 六 | F18: =SUM(M18,S18,U18,W18,AC18,AE18,AG18,AI18,AK18) -> 5207710 | I18: 574346.99 | J18: =I18/$F18 -> 0.11028782 | K18: 958866.58 | L18: =K18/$F18 -> 0.18412442 | M18: =I18+K18 -> 1533213.6 | N18: =M18/$F18 -> 0.29441224 | O18: 213936.77 | P18: =O18/$F18 -> 0.041080777 | Q18: 0 | R18: =Q18/$F18 -> 0 | S18: =O18+Q18 -> 213936.77 | T18: =S18/$F18 -> 0.041080777 | U18: 47652.3 | V18: =U18/$F18 -> 0.0091503368 | W18: 193061.76 | X18: =W18/$F18 -> 0.037072295 | Y18: 290648.93 | Z18: =Y18/$F18 -> 0.055811275 | AA18: 526138.22 | AB18: =AA18/$F18 -> 0.10103063 | AC18: =Y18+AA18 -> 816787.15 | AD18: =AC18/$F18 -> 0.15684191 | AE18: 1057265.1 | AF18: =AE18/F18 -> 0.20301919 | AG18: 0 | AH18: =AG18/$F18 -> 0 | AI18: 1064846.3 | AJ18: =AI18/$F18 -> 0.20447496 | AK18: 280947.03 | AL18: =AK18/$F18 -> 0.053948287
D19: 46243 | E19: 日 | F19: =SUM(M19,S19,U19,W19,AC19,AE19,AG19,AI19,AK19) -> 6655646.1 | I19: 834309.99 | J19: =I19/$F19 -> 0.12535372 | K19: 1100928.4 | L19: =K19/$F19 -> 0.16541271 | M19: =I19+K19 -> 1935238.4 | N19: =M19/F19 -> 0.29076643 | O19: 299433.43 | P19: =O19/$F19 -> 0.044989386 | Q19: 0 | R19: =Q19/$F19 -> 0 | S19: =O19+Q19 -> 299433.43 | T19: =S19/F19 -> 0.044989386 | U19: 81218.7 | V19: =U19/F19 -> 0.012202978 | W19: 253716.25 | X19: =W19/$F19 -> 0.038120454 | Y19: 364346.75 | Z19: =Y19/$F19 -> 0.054742507 | AA19: 614255.54 | AB19: =AA19/$F19 -> 0.092290896 | AC19: =Y19+AA19 -> 978602.29 | AD19: =AC19/$F19 -> 0.1470334 | AE19: 1623092.2 | AF19: =AE19/F19 -> 0.24386697 | AG19: 0 | AH19: =AG19/$F19 -> 0 | AI19: 1235753.1 | AJ19: =AI19/$F19 -> 0.1856699 | AK19: 248591.62 | AL19: =AK19/$F19 -> 0.037350487
D20: 46244 | E20: 一 | F20: =SUM(M20,S20,U20,W20,AC20,AE20,AG20,AI20,AK20) -> 6334097.6 | I20: 801920.09 | J20: =I20/$F20 -> 0.12660368 | K20: 1078602.7 | L20: =K20/$F20 -> 0.17028514 | M20: =I20+K20 -> 1880522.8 | N20: =M20/$F20 -> 0.29688882 | O20: 312805.92 | P20: =O20/$F20 -> 0.049384449 | Q20: 0 | R20: =Q20/$F20 -> 0 | S20: =O20+Q20 -> 312805.92 | T20: =S20/$F20 -> 0.049384449 | U20: 71418.51 | V20: =U20/$F20 -> 0.011275246 | W20: 281829.55 | X20: =W20/$F20 -> 0.044494033 | Y20: 375996.35 | Z20: =Y20/$F20 -> 0.059360682 | AA20: 573928.04 | AB20: =AA20/$F20 -> 0.090609283 | AC20: =Y20+AA20 -> 949924.39 | AD20: =AC20/$F20 -> 0.14996996 | AE20: 1559266.4 | AF20: =AE20/F20 -> 0.24617025 | AG20: 0 | AH20: =AG20/$F20 -> 0 | AI20: 989183.96 | AJ20: =AI20/$F20 -> 0.1561681 | AK20: 289146.08 | AL20: =AK20/$F20 -> 0.045649136
B21: =B14+7 -> 46253 | D21: 46245 | E21: 二 | F21: =SUM(M21,S21,U21,W21,AC21,AE21,AG21,AI21,AK21) -> 5779689.7 | G21: =SUM(F21:F27) -> 38288005 | I21: 769716.01 | J21: =I21/$F21 -> 0.13317601 | K21: 1030354.5 | L21: =K21/$F21 -> 0.17827159 | M21: =I21+K21 -> 1800070.5 | N21: =M21/$F21 -> 0.3114476 | O21: 278005.31 | P21: =O21/$F21 -> 0.048100386 | Q21: 0 | R21: =Q21/$F21 -> 0 | S21: =O21+Q21 -> 278005.31 | T21: =S21/$F21 -> 0.048100386 | U21: 76273.65 | V21: =U21/$F21 -> 0.013196842 | W21: 238085.11 | X21: =W21/$F21 -> 0.041193407 | Y21: 343228.02 | Z21: =Y21/$F21 -> 0.059385198 | AA21: 564492.78 | AB21: =AA21/$F21 -> 0.097668353 | AC21: =Y21+AA21 -> 907720.8 | AD21: =AC21/$F21 -> 0.15705355 | AE21: 1468121.9 | AF21: =AE21/F21 -> 0.25401396 | AG21: 0 | AH21: =AG21/$F21 -> 0 | AI21: 804901.52 | AJ21: =AI21/$F21 -> 0.13926379 | AK21: 206511.02 | AL21: =AK21/$F21 -> 0.035730468
D22: 46246 | E22: 三 | F22: =SUM(M22,S22,U22,W22,AC22,AE22,AG22,AI22,AK22) -> 5663016 | I22: 758266.73 | J22: =I22/$F22 -> 0.13389804 | K22: 987157.76 | L22: =K22/$F22 -> 0.17431661 | M22: =I22+K22 -> 1745424.5 | N22: =M22/F22 -> 0.30821465 | O22: 281150.71 | P22: =O22/$F22 -> 0.049646815 | Q22: 0 | R22: =Q22/$F22 -> 0 | S22: =O22+Q22 -> 281150.71 | T22: =S22/F22 -> 0.049646815 | U22: 65694.24 | V22: =U22/F22 -> 0.011600575 | W22: 243905.42 | X22: =W22/$F22 -> 0.04306988 | Y22: 314787.56 | Z22: =Y22/$F22 -> 0.055586557 | AA22: 555141.96 | AB22: =AA22/$F22 -> 0.098029382 | AC22: =Y22+AA22 -> 869929.52 | AD22: =AC22/$F22 -> 0.15361594 | AE22: 1371919.9 | AF22: =AE22/F22 -> 0.24225958 | AG22: 0 | AH22: =AG22/$F22 -> 0 | AI22: 888246.86 | AJ22: =AI22/$F22 -> 0.15685049 | AK22: 196744.89 | AL22: =AK22/$F22 -> 0.034742068
D23: 46247 | E23: 四 | F23: =SUM(M23,S23,U23,W23,AC23,AE23,AG23,AI23,AK23) -> 5284211.3 | I23: 730872.77 | J23: =I23/$F23 -> 0.13831256 | K23: 888383.44 | L23: =K23/$F23 -> 0.16812035 | M23: =I23+K23 -> 1619256.2 | N23: =M23/$F23 -> 0.30643291 | O23: 271371.64 | P23: =O23/$F23 -> 0.051355184 | Q23: 0 | R23: =Q23/$F23 -> 0 | S23: =O23+Q23 -> 271371.64 | T23: =S23/$F23 -> 0.051355184 | U23: 67102.83 | V23: =U23/$F23 -> 0.012698741 | W23: 234136.44 | X23: =W23/$F23 -> 0.044308683 | Y23: 298896.26 | Z23: =Y23/$F23 -> 0.056564025 | AA23: 411941.73 | AB23: =AA23/$F23 -> 0.077957089 | AC23: =Y23+AA23 -> 710837.99 | AD23: =AC23/$F23 -> 0.13452111 | AE23: 1285534.4 | AF23: =AE23/F23 -> 0.24327839 | AG23: 0 | AH23: =AG23/$F23 -> 0 | AI23: 897256.88 | AJ23: =AI23/$F23 -> 0.16979959 | AK23: 198714.84 | AL23: =AK23/$F23 -> 0.037605393
D24: 46248 | E24: 五 | F24: =SUM(M24,S24,U24,W24,AC24,AE24,AG24,AI24,AK24) -> 4470999 | I24: 552586.48 | J24: =I24/$F24 -> 0.12359351 | K24: 812891.68 | L24: =K24/$F24 -> 0.18181433 | M24: =I24+K24 -> 1365478.2 | N24: =M24/F24 -> 0.30540784 | O24: 214671.62 | P24: =O24/$F24 -> 0.04801424 | Q24: 0 | R24: =Q24/$F24 -> 0 | S24: =O24+Q24 -> 214671.62 | T24: =S24/F24 -> 0.04801424 | U24: 49300.65 | V24: =U24/F24 -> 0.011026764 | W24: 183154.84 | X24: =W24/$F24 -> 0.040965082 | Y24: 255370.1 | Z24: =Y24/$F24 -> 0.057117011 | AA24: 401533.3 | AB24: =AA24/$F24 -> 0.089808407 | AC24: =Y24+AA24 -> 656903.4 | AD24: =AC24/$F24 -> 0.14692542 | AE24: 972783.65 | AF24: =AE24/F24 -> 0.21757635 | AG24: 0 | AH24: =AG24/$F24 -> 0 | AI24: 866402.56 | AJ24: =AI24/$F24 -> 0.19378277 | AK24: 162304.13 | AL24: =AK24/$F24 -> 0.036301536
D25: 46249 | E25: 六 | F25: =SUM(M25,S25,U25,W25,AC25,AE25,AG25,AI25,AK25) -> 4735598.2 | I25: 523224.64 | J25: =I25/$F25 -> 0.11048755 | K25: 952595.77 | L25: =K25/$F25 -> 0.20115637 | M25: =I25+K25 -> 1475820.4 | N25: =M25/$F25 -> 0.31164392 | O25: 203943.4 | P25: =O25/$F25 -> 0.043066027 | Q25: 0 | R25: =Q25/$F25 -> 0 | S25: =O25+Q25 -> 203943.4 | T25: =S25/$F25 -> 0.043066027 | U25: 52087.86 | V25: =U25/$F25 -> 0.010999214 | W25: 161920.18 | X25: =W25/$F25 -> 0.034192128 | Y25: 275461.35 | Z25: =Y25/$F25 -> 0.058168226 | AA25: 537538.14 | AB25: =AA25/$F25 -> 0.11351008 | AC25: =Y25+AA25 -> 812999.49 | AD25: =AC25/$F25 -> 0.17167831 | AE25: 1025283.1 | AF25: =AE25/F25 -> 0.2165055 | AG25: 0 | AH25: =AG25/$F25 -> 0 | AI25: 846485.74 | AJ25: =AI25/$F25 -> 0.17874948 | AK25: 157058.1 | AL25: =AK25/$F25 -> 0.033165419
D26: 46250 | E26: 日 | F26: =SUM(M26,S26,U26,W26,AC26,AE26,AG26,AI26,AK26) -> 6269913.1 | I26: 793652.13 | J26: =I26/$F26 -> 0.12658104 | K26: 1093741.4 | L26: =K26/$F26 -> 0.17444284 | M26: =I26+K26 -> 1887393.6 | N26: =M26/F26 -> 0.30102388 | O26: 288498.48 | P26: =O26/$F26 -> 0.046013155 | Q26: 0 | R26: =Q26/$F26 -> 0 | S26: =O26+Q26 -> 288498.48 | T26: =S26/F26 -> 0.046013155 | U26: 84335.58 | V26: =U26/F26 -> 0.013450837 | W26: 220963.28 | X26: =W26/$F26 -> 0.035241841 | Y26: 350031.54 | Z26: =Y26/$F26 -> 0.055827176 | AA26: 627063.07 | AB26: =AA26/$F26 -> 0.10001145 | AC26: =Y26+AA26 -> 977094.61 | AD26: =AC26/$F26 -> 0.15583862 | AE26: 1640135.9 | AF26: =AE26/F26 -> 0.2615883 | AG26: 0 | AH26: =AG26/$F26 -> 0 | AI26: 1026305.5 | AJ26: =AI26/$F26 -> 0.16368736 | AK26: 145186.16 | AL26: =AK26/$F26 -> 0.023156008
D27: 46251 | E27: 一 | F27: =SUM(M27,S27,U27,W27,AC27,AE27,AG27,AI27,AK27) -> 6084577.5 | I27: 784514.72 | J27: =I27/$F27 -> 0.12893495 | K27: 1082041 | L27: =K27/$F27 -> 0.17783338 | M27: =I27+K27 -> 1866555.7 | N27: =M27/$F27 -> 0.30676833 | O27: 281762.01 | P27: =O27/$F27 -> 0.046307572 | Q27: 0 | R27: =Q27/$F27 -> 0 | S27: =O27+Q27 -> 281762.01 | T27: =S27/$F27 -> 0.046307572 | U27: 73456.47 | V27: =U27/$F27 -> 0.012072567 | W27: 250384.3 | X27: =W27/$F27 -> 0.041150647 | Y27: 371928.8 | Z27: =Y27/$F27 -> 0.061126479 | AA27: 576313.35 | AB27: =AA27/$F27 -> 0.094717069 | AC27: =Y27+AA27 -> 948242.15 | AD27: =AC27/$F27 -> 0.15584355 | AE27: 1551809.5 | AF27: =AE27/F27 -> 0.2550398 | AG27: 0 | AH27: =AG27/$F27 -> 0 | AI27: 951265.58 | AJ27: =AI27/$F27 -> 0.15634045 | AK27: 161101.86 | AL27: =AK27/$F27 -> 0.026477082
B28: =B21+7 -> 46260 | D28: 46252 | E28: 二 | F28: =SUM(M28,S28,U28,W28,AC28,AE28,AG28,AI28,AK28) -> 6583839.5 | G28: =SUM(F28:F34) -> 39537270 | I28: 782871.45 | J28: =I28/$F28 -> 0.11890804 | K28: 1078113.7 | L28: =K28/$F28 -> 0.16375152 | M28: =I28+K28 -> 1860985.2 | N28: =M28/$F28 -> 0.28265956 | O28: 280506.93 | P28: =O28/$F28 -> 0.042605372 | Q28: 0 | R28: =Q28/$F28 -> 0 | S28: =O28+Q28 -> 280506.93 | T28: =S28/$F28 -> 0.042605372 | U28: 77112.81 | V28: =U28/$F28 -> 0.011712438 | W28: 213416.36 | X28: =W28/$F28 -> 0.032415183 | Y28: 316364.54 | Z28: =Y28/$F28 -> 0.048051679 | AA28: 560524.93 | AB28: =AA28/$F28 -> 0.085136481 | AC28: =Y28+AA28 -> 876889.47 | AD28: =AC28/$F28 -> 0.13318816 | AE28: 2195493.5 | AF28: =AE28/F28 -> 0.33346705 | AG28: 0 | AH28: =AG28/$F28 -> 0 | AI28: 944361.97 | AJ28: =AI28/$F28 -> 0.14343636 | AK28: 135073.28 | AL28: =AK28/$F28 -> 0.020515883
D29: 46253 | E29: 三 | F29: =SUM(M29,S29,U29,W29,AC29,AE29,AG29,AI29,AK29) -> 5965361.7 | I29: 765410.53 | J29: =I29/$F29 -> 0.12830916 | K29: 1019616.9 | L29: =K29/$F29 -> 0.1709229 | M29: =I29+K29 -> 1785027.4 | N29: =M29/F29 -> 0.29923205 | O29: 279389.89 | P29: =O29/$F29 -> 0.046835365 | Q29: 0 | R29: =Q29/$F29 -> 0 | S29: =O29+Q29 -> 279389.89 | T29: =S29/F29 -> 0.046835365 | U29: 65604.33 | V29: =U29/F29 -> 0.010997544 | W29: 218864.16 | X29: =W29/$F29 -> 0.036689168 | Y29: 288132.69 | Z29: =Y29/$F29 -> 0.048300959 | AA29: 538565.61 | AB29: =AA29/$F29 -> 0.090282138 | AC29: =Y29+AA29 -> 826698.3 | AD29: =AC29/$F29 -> 0.1385831 | AE29: 1741295.8 | AF29: =AE29/F29 -> 0.29190112 | AG29: 0 | AH29: =AG29/$F29 -> 0 | AI29: 913466.66 | AJ29: =AI29/$F29 -> 0.15312846 | AK29: 135015.18 | AL29: =AK29/$F29 -> 0.022633193
D30: 46254 | E30: 四 | F30: =SUM(M30,S30,U30,W30,AC30,AE30,AG30,AI30,AK30) -> 5515098.4 | I30: 735594.52 | J30: =I30/$F30 -> 0.13337831 | K30: 902228.4 | L30: =K30/$F30 -> 0.16359244 | M30: =I30+K30 -> 1637822.9 | N30: =M30/$F30 -> 0.29697075 | O30: 267973.56 | P30: =O30/$F30 -> 0.04858908 | Q30: 0 | R30: =Q30/$F30 -> 0 | S30: =O30+Q30 -> 267973.56 | T30: =S30/$F30 -> 0.04858908 | U30: 67912.02 | V30: =U30/$F30 -> 0.012313836 | W30: 215496.56 | X30: =W30/$F30 -> 0.039073928 | Y30: 280436.89 | Z30: =Y30/$F30 -> 0.050848936 | AA30: 418454.3 | AB30: =AA30/$F30 -> 0.075874312 | AC30: =Y30+AA30 -> 698891.19 | AD30: =AC30/$F30 -> 0.12672325 | AE30: 1631479.8 | AF30: =AE30/F30 -> 0.2958206 | AG30: 0 | AH30: =AG30/$F30 -> 0 | AI30: 861399.18 | AJ30: =AI30/$F30 -> 0.15618927 | AK30: 134123.26 | AL30: =AK30/$F30 -> 0.024319287
D31: 46255 | E31: 五 | F31: =SUM(M31,S31,U31,W31,AC31,AE31,AG31,AI31,AK31) -> 4265125.8 | I31: 549940.7 | J31: =I31/$F31 -> 0.12893892 | K31: 808605.97 | L31: =K31/$F31 -> 0.18958549 | M31: =I31+K31 -> 1358546.7 | N31: =M31/F31 -> 0.31852441 | O31: 207281.09 | P31: =O31/$F31 -> 0.048599057 | Q31: 0 | R31: =Q31/$F31 -> 0 | S31: =O31+Q31 -> 207281.09 | T31: =S31/F31 -> 0.048599057 | U31: 41388.57 | V31: =U31/F31 -> 0.0097039506 | W31: 161157 | X31: =W31/$F31 -> 0.037784818 | Y31: 223588.4 | Z31: =Y31/$F31 -> 0.052422463 | AA31: 409792.47 | AB31: =AA31/$F31 -> 0.096079808 | AC31: =Y31+AA31 -> 633380.87 | AD31: =AC31/$F31 -> 0.14850227 | AE31: 1016350.8 | AF31: =AE31/F31 -> 0.23829328 | AG31: 0 | AH31: =AG31/$F31 -> 0 | AI31: 735764.16 | AJ31: =AI31/$F31 -> 0.17250702 | AK31: 111256.62 | AL31: =AK31/$F31 -> 0.026085191
D32: 46256 | E32: 六 | F32: =SUM(M32,S32,U32,W32,AC32,AE32,AG32,AI32,AK32) -> 4672768.8 | I32: 519200.72 | J32: =I32/$F32 -> 0.11111201 | K32: 922716.42 | L32: =K32/$F32 -> 0.19746674 | M32: =I32+K32 -> 1441917.1 | N32: =M32/$F32 -> 0.30857875 | O32: 192243.65 | P32: =O32/$F32 -> 0.041141272 | Q32: 0 | R32: =Q32/$F32 -> 0 | S32: =O32+Q32 -> 192243.65 | T32: =S32/$F32 -> 0.041141272 | U32: 49450.5 | V32: =U32/$F32 -> 0.010582698 | W32: 159615.64 | X32: =W32/$F32 -> 0.034158686 | Y32: 252289.82 | Z32: =Y32/$F32 -> 0.053991505 | AA32: 539320.58 | AB32: =AA32/$F32 -> 0.11541778 | AC32: =Y32+AA32 -> 791610.4 | AD32: =AC32/$F32 -> 0.16940928 | AE32: 1199863.2 | AF32: =AE32/F32 -> 0.25677777 | AG32: 0 | AH32: =AG32/$F32 -> 0 | AI32: 726920.03 | AJ32: =AI32/$F32 -> 0.15556516 | AK32: 111148.26 | AL32: =AK32/$F32 -> 0.023786381
D33: 46257 | E33: 日 | F33: =SUM(M33,S33,U33,W33,AC33,AE33,AG33,AI33,AK33) -> 6356809.7 | I33: 776450.46 | J33: =I33/$F33 -> 0.12214468 | K33: 1036042.6 | L33: =K33/$F33 -> 0.16298153 | M33: =I33+K33 -> 1812493 | N33: =M33/F33 -> 0.2851262 | O33: 274550.11 | P33: =O33/$F33 -> 0.043189921 | Q33: 0 | R33: =Q33/$F33 -> 0 | S33: =O33+Q33 -> 274550.11 | T33: =S33/F33 -> 0.043189921 | U33: 67912.02 | V33: =U33/F33 -> 0.01068335 | W33: 213834.51 | X33: =W33/$F33 -> 0.033638652 | Y33: 328398.43 | Z33: =Y33/$F33 -> 0.051660887 | AA33: 640538.58 | AB33: =AA33/$F33 -> 0.10076416 | AC33: =Y33+AA33 -> 968937.01 | AD33: =AC33/$F33 -> 0.15242505 | AE33: 1957909.8 | AF33: =AE33/F33 -> 0.30800196 | AG33: 0 | AH33: =AG33/$F33 -> 0 | AI33: 924390.39 | AJ33: =AI33/$F33 -> 0.14541734 | AK33: 136782.82 | AL33: =AK33/$F33 -> 0.021517526
D34: 46258 | E34: 一 | F34: =SUM(M34,S34,U34,W34,AC34,AE34,AG34,AI34,AK34) -> 6178265.8 | I34: 747335.19 | J34: =I34/$F34 -> 0.12096197 | K34: 1137384.6 | L34: =K34/$F34 -> 0.18409448 | M34: =I34+K34 -> 1884719.8 | N34: =M34/$F34 -> 0.30505644 | O34: 268481.23 | P34: =O34/$F34 -> 0.043455759 | Q34: 0 | R34: =Q34/$F34 -> 0 | S34: =O34+Q34 -> 268481.23 | T34: =S34/$F34 -> 0.043455759 | U34: 71628.3 | V34: =U34/$F34 -> 0.011593593 | W34: 234310.81 | X34: =W34/$F34 -> 0.037925013 | Y34: 359260.78 | Z34: =Y34/$F34 -> 0.058149129 | AA34: 576099.65 | AB34: =AA34/$F34 -> 0.093246174 | AC34: =Y34+AA34 -> 935360.43 | AD34: =AC34/$F34 -> 0.1513953 | AE34: 1642188.4 | AF34: =AE34/F34 -> 0.26580087 | AG34: 0 | AH34: =AG34/$F34 -> 0 | AI34: 989379.61 | AJ34: =AI34/$F34 -> 0.16013872 | AK34: 152197.26 | AL34: =AK34/$F34 -> 0.024634301
B35: =B28+7 -> 46267 | D35: 46259 | E35: 二 | F35: =SUM(M35,S35,U35,W35,AC35,AE35,AG35,AI35,AK35) -> 6384123.5 | G35: =SUM(F35:F41) -> 36749312 | I35: 844808.66 | J35: =I35/$F35 -> 0.13232962 | K35: 1081544.1 | L35: =K35/$F35 -> 0.16941152 | M35: =I35+K35 -> 1926352.7 | N35: =M35/$F35 -> 0.30174114 | O35: 265106.03 | P35: =O35/$F35 -> 0.04152583 | Q35: 0 | R35: =Q35/$F35 -> 0 | S35: =O35+Q35 -> 265106.03 | T35: =S35/$F35 -> 0.04152583 | U35: 72107.82 | V35: =U35/$F35 -> 0.011294866 | W35: 681524.04 | X35: =W35/$F35 -> 0.10675295 | Y35: 314464.18 | Z35: =Y35/$F35 -> 0.04925722 | AA35: 577712.3 | AB35: =AA35/$F35 -> 0.09049203 | AC35: =Y35+AA35 -> 892176.48 | AD35: =AC35/$F35 -> 0.13974925 | AE35: 1528116.2 | AF35: =AE35/F35 -> 0.23936194 | AG35: 0 | AH35: =AG35/$F35 -> 0 | AI35: 877749.24 | AJ35: =AI35/$F35 -> 0.13748939 | AK35: 140991 | AL35: =AK35/$F35 -> 0.022084629
D36: 46260 | E36: 三 | F36: =SUM(M36,S36,U36,W36,AC36,AE36,AG36,AI36,AK36) -> 5681937.1 | I36: 761561.62 | J36: =I36/$F36 -> 0.13403204 | K36: 997664.85 | L36: =K36/$F36 -> 0.17558534 | M36: =I36+K36 -> 1759226.5 | N36: =M36/F36 -> 0.30961738 | O36: 256375 | P36: =O36/$F36 -> 0.045121056 | Q36: 0 | R36: =Q36/$F36 -> 0 | S36: =O36+Q36 -> 256375 | T36: =S36/F36 -> 0.045121056 | U36: 66023.91 | V36: =U36/F36 -> 0.011619965 | W36: 466566.22 | X36: =W36/$F36 -> 0.082113937 | Y36: 294301.31 | Z36: =Y36/$F36 -> 0.051795947 | AA36: 559759.08 | AB36: =AA36/$F36 -> 0.098515537 | AC36: =Y36+AA36 -> 854060.39 | AD36: =AC36/$F36 -> 0.15031148 | AE36: 1478396.5 | AF36: =AE36/F36 -> 0.26019233 | AG36: 0 | AH36: =AG36/$F36 -> 0 | AI36: 660096.28 | AJ36: =AI36/$F36 -> 0.11617451 | AK36: 141192.34 | AL36: =AK36/$F36 -> 0.024849332
D37: 46261 | E37: 四 | F37: =SUM(M37,S37,U37,W37,AC37,AE37,AG37,AI37,AK37) -> 4735272.9 | I37: 513495.99 | J37: =I37/$F37 -> 0.10844063 | K37: 626133.05 | L37: =K37/$F37 -> 0.13222745 | M37: =I37+K37 -> 1139629 | N37: =M37/$F37 -> 0.24066808 | O37: 179289 | P37: =O37/$F37 -> 0.037862443 | Q37: 0 | R37: =Q37/$F37 -> 0 | S37: =O37+Q37 -> 179289 | T37: =S37/$F37 -> 0.037862443 | U37: 65814.12 | V37: =U37/$F37 -> 0.013898696 | W37: 412713.43 | X37: =W37/$F37 -> 0.087157264 | Y37: 332660.69 | Z37: =Y37/$F37 -> 0.070251641 | AA37: 429954.3 | AB37: =AA37/$F37 -> 0.090798209 | AC37: =Y37+AA37 -> 762614.99 | AD37: =AC37/$F37 -> 0.16104985 | AE37: 1329458 | AF37: =AE37/F37 -> 0.28075636 | AG37: 0 | AH37: =AG37/$F37 -> 0 | AI37: 705939.91 | AJ37: =AI37/$F37 -> 0.14908115 | AK37: 139814.42 | AL37: =AK37/$F37 -> 0.029526159
D38: 46262 | E38: 五 | F38: =SUM(M38,S38,U38,W38,AC38,AE38,AG38,AI38,AK38) -> 3911723.8 | I38: 391060.31 | J38: =I38/$F38 -> 0.09997135 | K38: 567850.7 | L38: =K38/$F38 -> 0.14516636 | M38: =I38+K38 -> 958911.01 | N38: =M38/F38 -> 0.24513771 | O38: 135920.25 | P38: =O38/$F38 -> 0.034746893 | Q38: 0 | R38: =Q38/$F38 -> 0 | S38: =O38+Q38 -> 135920.25 | T38: =S38/F38 -> 0.034746893 | U38: 45434.52 | V38: =U38/F38 -> 0.011614961 | W38: 278845.5 | X38: =W38/$F38 -> 0.071284557 | Y38: 230273.7 | Z38: =Y38/$F38 -> 0.058867576 | AA38: 411891.81 | AB38: =AA38/$F38 -> 0.10529675 | AC38: =Y38+AA38 -> 642165.51 | AD38: =AC38/$F38 -> 0.16416433 | AE38: 1036322.5 | AF38: =AE38/F38 -> 0.26492732 | AG38: 0 | AH38: =AG38/$F38 -> 0 | AI38: 700833.26 | AJ38: =AI38/$F38 -> 0.17916226 | AK38: 113291.24 | AL38: =AK38/$F38 -> 0.028961973
D39: 46263 | E39: 六 | F39: =SUM(M39,S39,U39,W39,AC39,AE39,AG39,AI39,AK39) -> 4263630.5 | I39: 383080 | J39: =I39/$F39 -> 0.089848311 | K39: 655542.65 | L39: =K39/$F39 -> 0.15375222 | M39: =I39+K39 -> 1038622.7 | N39: =M39/$F39 -> 0.24360053 | O39: 132370.34 | P39: =O39/$F39 -> 0.031046391 | Q39: 0 | R39: =Q39/$F39 -> 0 | S39: =O39+Q39 -> 132370.34 | T39: =S39/$F39 -> 0.031046391 | U39: 46992.96 | V39: =U39/$F39 -> 0.011021818 | W39: 304440.24 | X39: =W39/$F39 -> 0.071403992 | Y39: 254274.45 | Z39: =Y39/$F39 -> 0.059638013 | AA39: 527752.73 | AB39: =AA39/$F39 -> 0.12378013 | AC39: =Y39+AA39 -> 782027.18 | AD39: =AC39/$F39 -> 0.18341814 | AE39: 1095434.4 | AF39: =AE39/F39 -> 0.25692527 | AG39: 0 | AH39: =AG39/$F39 -> 0 | AI39: 755198.11 | AJ39: =AI39/$F39 -> 0.1771256 | AK39: 108544.62 | AL39: =AK39/$F39 -> 0.025458261
D40: 46264 | E40: 日 | F40: =SUM(M40,S40,U40,W40,AC40,AE40,AG40,AI40,AK40) -> 5874431.7 | I40: 588885.4 | J40: =I40/$F40 -> 0.10024551 | K40: 736038.75 | L40: =K40/$F40 -> 0.12529531 | M40: =I40+K40 -> 1324924.1 | N40: =M40/F40 -> 0.22554082 | O40: 192057.2 | P40: =O40/$F40 -> 0.03269375 | Q40: 0 | R40: =Q40/$F40 -> 0 | S40: =O40+Q40 -> 192057.2 | T40: =S40/F40 -> 0.03269375 | U40: 77652.27 | V40: =U40/F40 -> 0.013218686 | W40: 489386.11 | X40: =W40/$F40 -> 0.083307822 | Y40: 369697.79 | Z40: =Y40/$F40 -> 0.062933371 | AA40: 618760.45 | AB40: =AA40/$F40 -> 0.10533112 | AC40: =Y40+AA40 -> 988458.24 | AD40: =AC40/$F40 -> 0.16826449 | AE40: 1730148 | AF40: =AE40/F40 -> 0.29452177 | AG40: 0 | AH40: =AG40/$F40 -> 0 | AI40: 941499.84 | AJ40: =AI40/$F40 -> 0.1602708 | AK40: 130305.86 | AL40: =AK40/$F40 -> 0.022181867
D41: 46265 | E41: 一 | F41: =SUM(M41,S41,U41,W41,AC41,AE41,AG41,AI41,AK41) -> 5898192.5 | I41: 575773.89 | J41: =I41/$F41 -> 0.097618701 | K41: 954747.31 | L41: =K41/$F41 -> 0.16187117 | M41: =I41+K41 -> 1530521.2 | N41: =M41/$F41 -> 0.25948987 | O41: 189652.69 | P41: =O41/$F41 -> 0.032154375 | Q41: 0 | R41: =Q41/$F41 -> 0 | S41: =O41+Q41 -> 189652.69 | T41: =S41/$F41 -> 0.032154375 | U41: 67792.14 | V41: =U41/$F41 -> 0.011493714 | W41: 425756.55 | X41: =W41/$F41 -> 0.072184241 | Y41: 362942.91 | Z41: =Y41/$F41 -> 0.061534599 | AA41: 601315.09 | AB41: =AA41/$F41 -> 0.10194904 | AC41: =Y41+AA41 -> 964258 | AD41: =AC41/$F41 -> 0.16348364 | AE41: 1700079.8 | AF41: =AE41/F41 -> 0.28823743 | AG41: 0 | AH41: =AG41/$F41 -> 0 | AI41: 878697.66 | AJ41: =AI41/$F41 -> 0.14897745 | AK41: 141434.4 | AL41: =AK41/$F41 -> 0.023979278
B42: =B35+7 -> 46274 | C42: 九 | D42: 46266 | E42: 二 | F42: =SUM(M42,S42,U42,W42,AC42,AE42,AG42,AI42,AK42) -> 5905912.7 | G42: =SUM(F42:F48) -> 36405587 | H42: =SUM(F42:F71) -> 36405587 | I42: 965665.33 | J42: =I42/$F42 -> 0.16350823 | K42: 996527.24 | L42: =K42/$F42 -> 0.16873383 | M42: =I42+K42 -> 1962192.6 | N42: =M42/$F42 -> 0.33224206 | O42: 186091.66 | P42: =O42/$F42 -> 0.031509382 | Q42: 0 | R42: =Q42/$F42 -> 0 | S42: =O42+Q42 -> 186091.66 | T42: =S42/$F42 -> 0.031509382 | U42: 73486.44 | V42: =U42/$F42 -> 0.012442859 | W42: 330329.82 | X42: =W42/$F42 -> 0.055932053 | Y42: 347793.25 | Z42: =Y42/$F42 -> 0.058888993 | AA42: 591844.44 | AB42: =AA42/$F42 -> 0.10021219 | AC42: =Y42+AA42 -> 939637.69 | AD42: =AC42/$F42 -> 0.15910118 | AE42: 1564716.6 | AF42: =AE42/F42 -> 0.26494069 | AG42: 0 | AH42: =AG42/$F42 -> 0 | AI42: 727670.25 | AJ42: =AI42/$F42 -> 0.12321047 | AK42: 121787.68 | AL42: =AK42/$F42 -> 0.020621314
D43: 46267 | E43: 三 | F43: =SUM(M43,S43,U43,W43,AC43,AE43,AG43,AI43,AK43) -> 5349912.9 | I43: 785268.91 | J43: =I43/$F43 -> 0.14678163 | K43: 913527.78 | L43: =K43/$F43 -> 0.17075564 | M43: =I43+K43 -> 1698796.7 | N43: =M43/F43 -> 0.31753726 | O43: 183347.54 | P43: =O43/$F43 -> 0.034271126 | Q43: 0 | R43: =Q43/$F43 -> 0 | S43: =O43+Q43 -> 183347.54 | T43: =S43/F43 -> 0.034271126 | U43: 61888.05 | V43: =U43/F43 -> 0.011568048 | W43: 307617.76 | X43: =W43/$F43 -> 0.057499583 | Y43: 313309.67 | Z43: =Y43/$F43 -> 0.058563509 | AA43: 537598.79 | AB43: =AA43/$F43 -> 0.10048739 | AC43: =Y43+AA43 -> 850908.46 | AD43: =AC43/$F43 -> 0.1590509 | AE43: 1429210.8 | AF43: =AE43/F43 -> 0.26714655 | AG43: 0 | AH43: =AG43/$F43 -> 0 | AI43: 686065.89 | AJ43: =AI43/$F43 -> 0.1282387 | AK43: 132077.68 | AL43: =AK43/$F43 -> 0.024687819
D44: 46268 | E44: 四 | F44: =SUM(M44,S44,U44,W44,AC44,AE44,AG44,AI44,AK44) -> 4890176.1 | I44: 714607.31 | J44: =I44/$F44 -> 0.1461312 | K44: 798948.47 | L44: =K44/$F44 -> 0.16337826 | M44: =I44+K44 -> 1513555.8 | N44: =M44/$F44 -> 0.30950946 | O44: 177854.49 | P44: =O44/$F44 -> 0.036369752 | Q44: 0 | R44: =Q44/$F44 -> 0 | S44: =O44+Q44 -> 177854.49 | T44: =S44/$F44 -> 0.036369752 | U44: 48131.82 | V44: =U44/$F44 -> 0.0098425535 | W44: 328586.73 | X44: =W44/$F44 -> 0.067193231 | Y44: 311720.44 | Z44: =Y44/$F44 -> 0.063744216 | AA44: 414068.89 | AB44: =AA44/$F44 -> 0.084673616 | AC44: =Y44+AA44 -> 725789.33 | AD44: =AC44/$F44 -> 0.14841783 | AE44: 1330554.1 | AF44: =AE44/F44 -> 0.27208716 | AG44: 0 | AH44: =AG44/$F44 -> 0 | AI44: 644164.69 | AJ44: =AI44/$F44 -> 0.13172628 | AK44: 121539.14 | AL44: =AK44/$F44 -> 0.024853735
D45: 46269 | E45: 五 | F45: =SUM(M45,S45,U45,W45,AC45,AE45,AG45,AI45,AK45) -> 3858381.1 | I45: 564097.31 | J45: =I45/$F45 -> 0.14620052 | K45: 696752.39 | L45: =K45/$F45 -> 0.18058154 | M45: =I45+K45 -> 1260849.7 | N45: =M45/F45 -> 0.32678205 | O45: 130835.86 | P45: =O45/$F45 -> 0.033909522 | Q45: 0 | R45: =Q45/$F45 -> 0 | S45: =O45+Q45 -> 130835.86 | T45: =S45/F45 -> 0.033909522 | U45: 42677.28 | V45: =U45/F45 -> 0.011060929 | W45: 274594.18 | X45: =W45/$F45 -> 0.071168236 | Y45: 168532.13 | Z45: =Y45/$F45 -> 0.043679492 | AA45: 401378.01 | AB45: =AA45/$F45 -> 0.10402757 | AC45: =Y45+AA45 -> 569910.14 | AD45: =AC45/$F45 -> 0.14770706 | AE45: 902139.72 | AF45: =AE45/F45 -> 0.23381301 | AG45: 0 | AH45: =AG45/$F45 -> 0 | AI45: 572419.54 | AJ45: =AI45/$F45 -> 0.14835744 | AK45: 104954.72 | AL45: =AK45/$F45 -> 0.02720175
D46: 46270 | E46: 六 | F46: =SUM(M46,S46,U46,W46,AC46,AE46,AG46,AI46,AK46) -> 4194791.4 | I46: 516206.97 | J46: =I46/$F46 -> 0.12305903 | K46: 779670.35 | L46: =K46/$F46 -> 0.1858663 | M46: =I46+K46 -> 1295877.3 | N46: =M46/$F46 -> 0.30892533 | O46: 126410.44 | P46: =O46/$F46 -> 0.030135095 | Q46: 0 | R46: =Q46/$F46 -> 0 | S46: =O46+Q46 -> 126410.44 | T46: =S46/$F46 -> 0.030135095 | U46: 46873.08 | V46: =U46/$F46 -> 0.011174115 | W46: 250750.03 | X46: =W46/$F46 -> 0.059776519 | Y46: 228529.22 | Z46: =Y46/$F46 -> 0.054479281 | AA46: 540594.67 | AB46: =AA46/$F46 -> 0.12887284 | AC46: =Y46+AA46 -> 769123.89 | AD46: =AC46/$F46 -> 0.18335212 | AE46: 1005224.7 | AF46: =AE46/F46 -> 0.2396364 | AG46: 0 | AH46: =AG46/$F46 -> 0 | AI46: 589891.57 | AJ46: =AI46/$F46 -> 0.14062477 | AK46: 110640.4 | AL46: =AK46/$F46 -> 0.026375662
D47: 46271 | E47: 日 | F47: =SUM(M47,S47,U47,W47,AC47,AE47,AG47,AI47,AK47) -> 6259357.6 | I47: 857430.23 | J47: =I47/$F47 -> 0.13698374 | K47: 960137.9 | L47: =K47/$F47 -> 0.1533924 | M47: =I47+K47 -> 1817568.1 | N47: =M47/F47 -> 0.29037615 | O47: 190377.86 | P47: =O47/$F47 -> 0.03041492 | Q47: 0 | R47: =Q47/$F47 -> 0 | S47: =O47+Q47 -> 190377.86 | T47: =S47/F47 -> 0.03041492 | U47: 65604.33 | V47: =U47/F47 -> 0.010481001 | W47: 345771.09 | X47: =W47/$F47 -> 0.055240668 | Y47: 319403.98 | Z47: =Y47/$F47 -> 0.051028237 | AA47: 685268.95 | AB47: =AA47/$F47 -> 0.10947912 | AC47: =Y47+AA47 -> 1004672.9 | AD47: =AC47/$F47 -> 0.16050736 | AE47: 1916719.5 | AF47: =AE47/F47 -> 0.30621665 | AG47: 0 | AH47: =AG47/$F47 -> 0 | AI47: 787967.96 | AJ47: =AI47/$F47 -> 0.1258864 | AK47: 130675.78 | AL47: =AK47/$F47 -> 0.020876868
D48: 46272 | E48: 一 | F48: =SUM(M48,S48,U48,W48,AC48,AE48,AG48,AI48,AK48) -> 5947055.1 | I48: 813537.1 | J48: =I48/$F48 -> 0.13679663 | K48: 936435.15 | L48: =K48/$F48 -> 0.15746199 | M48: =I48+K48 -> 1749972.2 | N48: =M48/$F48 -> 0.29425863 | O48: 193410.94 | P48: =O48/$F48 -> 0.032522137 | Q48: 0 | R48: =Q48/$F48 -> 0 | S48: =O48+Q48 -> 193410.94 | T48: =S48/$F48 -> 0.032522137 | U48: 69290.64 | V48: =U48/$F48 -> 0.011651252 | W48: 336923.17 | X48: =W48/$F48 -> 0.056653783 | Y48: 338496.34 | Z48: =Y48/$F48 -> 0.056918313 | AA48: 643360.38 | AB48: =AA48/$F48 -> 0.10818134 | AC48: =Y48+AA48 -> 981856.72 | AD48: =AC48/$F48 -> 0.16509965 | AE48: 1688882.3 | AF48: =AE48/F48 -> 0.28398632 | AG48: 0 | AH48: =AG48/$F48 -> 0 | AI48: 780145.16 | AJ48: =AI48/$F48 -> 0.13118176 | AK48: 146573.92 | AL48: =AK48/$F48 -> 0.024646471

Sheet （４）訂單數量構成比
B2: （4）訂單數量構成比
B3: 資料繳交日 | C3: 月份 | D3: 日期 | F3: 訂單量 | I3: 品類訂單量
I4: 18℃-飯糰 | O4: 18℃-壽司手卷 | U4: 4℃-飯糰 | W4: 4℃-壽司手卷 | Y4: 主食 | AE4: 便當 | AG4: 熱食義麵 | AI4: 季節調理麵 | AK4: 微波小吃
F5: 日 | G5: 週累積 | H5: 月累積 | I5: 一配 | K5: 二配 | M5: 合計 | O5: 一配 | Q5: 二配 | S5: 合計 | U5: 一配 | W5: 一配 | Y5: 一配 | AA5: 二配 | AC5: 合計 | AE5: 一配 | AG5: 一配 | AI5: 一配 | AK5: 一配
I6: 訂單數 | J6: 比例(%) | K6: 訂單數 | L6: 比例(%) | M6: 訂單數 | N6: 比例(%) | O6: 訂單數 | P6: 比例(%) | Q6: 訂單數 | R6: 比例(%) | S6: 訂單數 | T6: 比例(%) | U6: 訂單數 | V6: 比例(%) | W6: 訂單數 | X6: 比例(%) | Y6: 訂單數 | Z6: 比例(%) | AA6: 訂單數 | AB6: 比例(%) | AC6: 訂單數 | AD6: 比例(%) | AE6: 訂單數 | AF6: 比例(%) | AG6: 訂單數 | AH6: 比例(%) | AI6: 訂單數 | AJ6: 比例(%) | AK6: 訂單數 | AL6: 比例(%)
B7: 46239 | D7: 46230 | E7: 二 | F7: =SUM(M7,S7,U7,W7,AC7,AE7,AG7,AI7,AK7) -> 213264 | G7: =SUM(F7:F13) -> 1361947 | I7: 45488 | J7: =I7/$F7 -> 0.21329432 | K7: 57537 | L7: =K7/$F7 -> 0.26979237 | M7: =I7+K7 -> 103025 | N7: =M7/$F7 -> 0.48308669 | O7: 11432 | P7: =O7/$F7 -> 0.053604922 | Q7: 0 | R7: =Q7/$F7 -> 0 | S7: =O7+Q7 -> 11432 | T7: =S7/$F7 -> 0.053604922 | U7: 2424 | V7: =U7/$F7 -> 0.011366194 | W7: 17095 | X7: =W7/$F7 -> 0.080158864 | Y7: 7471 | Z7: =Y7/$F7 -> 0.035031698 | AA7: 10322 | AB7: =AA7/$F7 -> 0.048400105 | AC7: =Y7+AA7 -> 17793 | AD7: =AC7/$F7 -> 0.083431803 | AE7: 24810 | AF7: =AE7/$F7 -> 0.11633468 | AG7: 0 | AH7: =AG7/$F7 -> 0 | AI7: 25278 | AJ7: =AI7/$F7 -> 0.11852915 | AK7: 11407 | AL7: =AK7/$F7 -> 0.053487696
D8: =D7+1 -> 46231 | E8: 三 | F8: =SUM(M8,S8,U8,W8,AC8,AE8,AG8,AI8,AK8) -> 201459 | I8: 44279 | J8: =I8/$F8 -> 0.21979162 | K8: 54467 | L8: =K8/$F8 -> 0.2703627 | M8: =I8+K8 -> 98746 | N8: =M8/$F8 -> 0.49015432 | O8: 11501 | P8: =O8/$F8 -> 0.057088539 | Q8: 0 | R8: =Q8/$F8 -> 0 | S8: =O8+Q8 -> 11501 | T8: =S8/$F8 -> 0.057088539 | U8: 2170 | V8: =U8/$F8 -> 0.010771422 | W8: 13175 | X8: =W8/$F8 -> 0.065397922 | Y8: 6883 | Z8: =Y8/$F8 -> 0.034165761 | AA8: 10192 | AB8: =AA8/$F8 -> 0.050590939 | AC8: =Y8+AA8 -> 17075 | AD8: =AC8/$F8 -> 0.0847567 | AE8: 22675 | AF8: =AE8/$F8 -> 0.11255392 | AG8: 0 | AH8: =AG8/$F8 -> 0 | AI8: 24753 | AJ8: =AI8/$F8 -> 0.12286867 | AK8: 11364 | AL8: =AK8/$F8 -> 0.0564085
D9: =D8+1 -> 46232 | E9: 四 | F9: =SUM(M9,S9,U9,W9,AC9,AE9,AG9,AI9,AK9) -> 187092 | I9: 41849 | J9: =I9/$F9 -> 0.2236814 | K9: 48419 | L9: =K9/$F9 -> 0.25879781 | M9: =I9+K9 -> 90268 | N9: =M9/$F9 -> 0.48247921 | O9: 10895 | P9: =O9/$F9 -> 0.058233383 | Q9: 0 | R9: =Q9/$F9 -> 0 | S9: =O9+Q9 -> 10895 | T9: =S9/$F9 -> 0.058233383 | U9: 2184 | V9: =U9/$F9 -> 0.011673401 | W9: 12625 | X9: =W9/$F9 -> 0.06748017 | Y9: 6417 | Z9: =Y9/$F9 -> 0.034298634 | AA9: 7813 | AB9: =AA9/$F9 -> 0.041760204 | AC9: =Y9+AA9 -> 14230 | AD9: =AC9/$F9 -> 0.076058837 | AE9: 20863 | AF9: =AE9/$F9 -> 0.11151198 | AG9: 0 | AH9: =AG9/$F9 -> 0 | AI9: 25158 | AJ9: =AI9/$F9 -> 0.1344686 | AK9: 10869 | AL9: =AK9/$F9 -> 0.058094413
D10: =D9+1 -> 46233 | E10: 五 | F10: =SUM(M10,S10,U10,W10,AC10,AE10,AG10,AI10,AK10) -> 159659 | I10: 31930 | J10: =I10/$F10 -> 0.19998873 | K10: 44449 | L10: =K10/$F10 -> 0.27839959 | M10: =I10+K10 -> 76379 | N10: =M10/$F10 -> 0.47838832 | O10: 8693 | P10: =O10/$F10 -> 0.054447291 | Q10: 0 | R10: =Q10/$F10 -> 0 | S10: =O10+Q10 -> 8693 | T10: =S10/$F10 -> 0.054447291 | U10: 1611 | V10: =U10/$F10 -> 0.010090255 | W10: 9171 | X10: =W10/$F10 -> 0.057441171 | Y10: 5633 | Z10: =Y10/$F10 -> 0.035281444 | AA10: 7457 | AB10: =AA10/$F10 -> 0.046705792 | AC10: =Y10+AA10 -> 13090 | AD10: =AC10/$F10 -> 0.081987235 | AE10: 15571 | AF10: =AE10/$F10 -> 0.097526604 | AG10: 0 | AH10: =AG10/$F10 -> 0 | AI10: 25690 | AJ10: =AI10/$F10 -> 0.16090543 | AK10: 9454 | AL10: =AK10/$F10 -> 0.059213699
C11: 八 | D11: =D10+1 -> 46234 | E11: 六 | F11: =SUM(M11,S11,U11,W11,AC11,AE11,AG11,AI11,AK11) -> 170810 | H11: =SUM(F11:F41) -> 5581950 | I11: 30379 | J11: =I11/$F11 -> 0.17785258 | K11: 51912 | L11: =K11/$F11 -> 0.30391663 | M11: =I11+K11 -> 82291 | N11: =M11/$F11 -> 0.48176922 | O11: 8393 | P11: =O11/$F11 -> 0.049136467 | Q11: 0 | R11: =Q11/$F11 -> 0 | S11: =O11+Q11 -> 8393 | T11: =S11/$F11 -> 0.049136467 | U11: 1656 | V11: =U11/$F11 -> 0.0096949827 | W11: 10193 | X11: =W11/$F11 -> 0.059674492 | Y11: 6072 | Z11: =Y11/$F11 -> 0.03554827 | AA11: 9679 | AB11: =AA11/$F11 -> 0.056665301 | AC11: =Y11+AA11 -> 15751 | AD11: =AC11/$F11 -> 0.092213571 | AE11: 16749 | AF11: =AE11/$F11 -> 0.09805632 | AG11: 0 | AH11: =AG11/$F11 -> 0 | AI11: 26285 | AJ11: =AI11/$F11 -> 0.15388443 | AK11: 9492 | AL11: =AK11/$F11 -> 0.055570517
D12: =D11+1 -> 46235 | E12: 日 | F12: =SUM(M12,S12,U12,W12,AC12,AE12,AG12,AI12,AK12) -> 216220 | I12: 44211 | J12: =I12/$F12 -> 0.2044723 | K12: 59625 | L12: =K12/$F12 -> 0.2757608 | M12: =I12+K12 -> 103836 | N12: =M12/$F12 -> 0.4802331 | O12: 11257 | P12: =O12/$F12 -> 0.052062714 | Q12: 0 | R12: =Q12/$F12 -> 0 | S12: =O12+Q12 -> 11257 | T12: =S12/$F12 -> 0.052062714 | U12: 2715 | V12: =U12/$F12 -> 0.012556655 | W12: 11384 | X12: =W12/$F12 -> 0.052650079 | Y12: 7444 | Z12: =Y12/$F12 -> 0.034427898 | AA12: 11380 | AB12: =AA12/$F12 -> 0.052631579 | AC12: =Y12+AA12 -> 18824 | AD12: =AC12/$F12 -> 0.087059476 | AE12: 27748 | AF12: =AE12/$F12 -> 0.12833225 | AG12: 0 | AH12: =AG12/$F12 -> 0 | AI12: 29293 | AJ12: =AI12/$F12 -> 0.13547775 | AK12: 11163 | AL12: =AK12/$F12 -> 0.051627972
D13: =D12+1 -> 46236 | E13: 一 | F13: =SUM(M13,S13,U13,W13,AC13,AE13,AG13,AI13,AK13) -> 213443 | I13: 43672 | J13: =I13/$F13 -> 0.20460732 | K13: 58843 | L13: =K13/$F13 -> 0.27568484 | M13: =I13+K13 -> 102515 | N13: =M13/$F13 -> 0.48029216 | O13: 10839 | P13: =O13/$F13 -> 0.050781708 | Q13: 0 | R13: =Q13/$F13 -> 0 | S13: =O13+Q13 -> 10839 | T13: =S13/$F13 -> 0.050781708 | U13: 2369 | V13: =U13/$F13 -> 0.011098982 | W13: 12791 | X13: =W13/$F13 -> 0.059927006 | Y13: 7631 | Z13: =Y13/$F13 -> 0.035751934 | AA13: 10280 | AB13: =AA13/$F13 -> 0.048162741 | AC13: =Y13+AA13 -> 17911 | AD13: =AC13/$F13 -> 0.083914675 | AE13: 25707 | AF13: =AE13/$F13 -> 0.12043965 | AG13: 0 | AH13: =AG13/$F13 -> 0 | AI13: 29105 | AJ13: =AI13/$F13 -> 0.13635959 | AK13: 12206 | AL13: =AK13/$F13 -> 0.057186228
B14: =B7+7 -> 46246 | D14: =D13+1 -> 46237 | E14: 二 | F14: =SUM(M14,S14,U14,W14,AC14,AE14,AG14,AI14,AK14) -> 211425 | G14: =SUM(F14:F20) -> 1345846 | I14: 43309 | J14: =I14/$F14 -> 0.20484333 | K14: 58265 | L14: =K14/$F14 -> 0.27558236 | M14: =I14+K14 -> 101574 | N14: =M14/$F14 -> 0.48042568 | O14: 10803 | P14: =O14/$F14 -> 0.051096133 | Q14: 0 | R14: =Q14/$F14 -> 0 | S14: =O14+Q14 -> 10803 | T14: =S14/$F14 -> 0.051096133 | U14: 2481 | V14: =U14/$F14 -> 0.011734658 | W14: 10926 | X14: =W14/$F14 -> 0.0516779 | Y14: 6864 | Z14: =Y14/$F14 -> 0.032465413 | AA14: 10278 | AB14: =AA14/$F14 -> 0.048612983 | AC14: =Y14+AA14 -> 17142 | AD14: =AC14/$F14 -> 0.081078397 | AE14: 24827 | AF14: =AE14/$F14 -> 0.11742698 | AG14: 0 | AH14: =AG14/$F14 -> 0 | AI14: 32596 | AJ14: =AI14/$F14 -> 0.15417287 | AK14: 11076 | AL14: =AK14/$F14 -> 0.052387371
D15: =D14+1 -> 46238 | E15: 三 | F15: =SUM(M15,S15,U15,W15,AC15,AE15,AG15,AI15,AK15) -> 203649 | I15: 42566 | J15: =I15/$F15 -> 0.20901649 | K15: 55591 | L15: =K15/$F15 -> 0.27297458 | M15: =I15+K15 -> 98157 | N15: =M15/$F15 -> 0.48199107 | O15: 10739 | P15: =O15/$F15 -> 0.052732888 | Q15: 0 | R15: =Q15/$F15 -> 0 | S15: =O15+Q15 -> 10739 | T15: =S15/$F15 -> 0.052732888 | U15: 2107 | V15: =U15/$F15 -> 0.010346233 | W15: 10904 | X15: =W15/$F15 -> 0.053543106 | Y15: 6264 | Z15: =Y15/$F15 -> 0.030758806 | AA15: 10014 | AB15: =AA15/$F15 -> 0.049172842 | AC15: =Y15+AA15 -> 16278 | AD15: =AC15/$F15 -> 0.079931647 | AE15: 23106 | AF15: =AE15/$F15 -> 0.11345992 | AG15: 0 | AH15: =AG15/$F15 -> 0 | AI15: 31313 | AJ15: =AI15/$F15 -> 0.15375966 | AK15: 11045 | AL15: =AK15/$F15 -> 0.054235474
D16: =D15+1 -> 46239 | E16: 四 | F16: =SUM(M16,S16,U16,W16,AC16,AE16,AG16,AI16,AK16) -> 188918 | I16: 40837 | J16: =I16/$F16 -> 0.21616257 | K16: 50083 | L16: =K16/$F16 -> 0.26510444 | M16: =I16+K16 -> 90920 | N16: =M16/$F16 -> 0.481267 | O16: 10151 | P16: =O16/$F16 -> 0.053732307 | Q16: 0 | R16: =Q16/$F16 -> 0 | S16: =O16+Q16 -> 10151 | T16: =S16/$F16 -> 0.053732307 | U16: 2168 | V16: =U16/$F16 -> 0.011475878 | W16: 10626 | X16: =W16/$F16 -> 0.056246626 | Y16: 5871 | Z16: =Y16/$F16 -> 0.031076975 | AA16: 7631 | AB16: =AA16/$F16 -> 0.040393186 | AC16: =Y16+AA16 -> 13502 | AD16: =AC16/$F16 -> 0.071470162 | AE16: 20278 | AF16: =AE16/$F16 -> 0.10733758 | AG16: 0 | AH16: =AG16/$F16 -> 0 | AI16: 30366 | AJ16: =AI16/$F16 -> 0.1607364 | AK16: 10907 | AL16: =AK16/$F16 -> 0.057734043
D17: =D16+1 -> 46240 | E17: 五 | F17: =SUM(M17,S17,U17,W17,AC17,AE17,AG17,AI17,AK17) -> 157640 | I17: 30769 | J17: =I17/$F17 -> 0.19518523 | K17: 44602 | L17: =K17/$F17 -> 0.2829358 | M17: =I17+K17 -> 75371 | N17: =M17/$F17 -> 0.47812104 | O17: 7769 | P17: =O17/$F17 -> 0.049283177 | Q17: 0 | R17: =Q17/$F17 -> 0 | S17: =O17+Q17 -> 7769 | T17: =S17/$F17 -> 0.049283177 | U17: 1475 | V17: =U17/$F17 -> 0.0093567622 | W17: 7835 | X17: =W17/$F17 -> 0.049701852 | Y17: 5138 | Z17: =Y17/$F17 -> 0.03259325 | AA17: 7598 | AB17: =AA17/$F17 -> 0.048198427 | AC17: =Y17+AA17 -> 12736 | AD17: =AC17/$F17 -> 0.080791677 | AE17: 15213 | AF17: =AE17/$F17 -> 0.096504694 | AG17: 0 | AH17: =AG17/$F17 -> 0 | AI17: 27885 | AJ17: =AI17/$F17 -> 0.17689038 | AK17: 9356 | AL17: =AK17/$F17 -> 0.059350419
D18: =D17+1 -> 46241 | E18: 六 | F18: =SUM(M18,S18,U18,W18,AC18,AE18,AG18,AI18,AK18) -> 168530 | I18: 29367 | J18: =I18/$F18 -> 0.17425384 | K18: 52357 | L18: =K18/$F18 -> 0.31066872 | M18: =I18+K18 -> 81724 | N18: =M18/$F18 -> 0.48492257 | O18: 7386 | P18: =O18/$F18 -> 0.043826025 | Q18: 0 | R18: =Q18/$F18 -> 0 | S18: =O18+Q18 -> 7386 | T18: =S18/$F18 -> 0.043826025 | U18: 1590 | V18: =U18/$F18 -> 0.009434522 | W18: 8272 | X18: =W18/$F18 -> 0.049083249 | Y18: 5571 | Z18: =Y18/$F18 -> 0.033056429 | AA18: 9663 | AB18: =AA18/$F18 -> 0.057336973 | AC18: =Y18+AA18 -> 15234 | AD18: =AC18/$F18 -> 0.090393402 | AE18: 17261 | AF18: =AE18/$F18 -> 0.10242093 | AG18: 0 | AH18: =AG18/$F18 -> 0 | AI18: 27784 | AJ18: =AI18/$F18 -> 0.16486086 | AK18: 9279 | AL18: =AK18/$F18 -> 0.055058447
D19: =D18+1 -> 46242 | E19: 日 | F19: =SUM(M19,S19,U19,W19,AC19,AE19,AG19,AI19,AK19) -> 211756 | I19: 42732 | J19: =I19/$F19 -> 0.2017983 | K19: 60127 | L19: =K19/$F19 -> 0.28394473 | M19: =I19+K19 -> 102859 | N19: =M19/$F19 -> 0.48574302 | O19: 10326 | P19: =O19/$F19 -> 0.048763671 | Q19: 0 | R19: =Q19/$F19 -> 0 | S19: =O19+Q19 -> 10326 | T19: =S19/$F19 -> 0.048763671 | U19: 2710 | V19: =U19/$F19 -> 0.012797748 | W19: 10879 | X19: =W19/$F19 -> 0.051375168 | Y19: 7035 | Z19: =Y19/$F19 -> 0.033222199 | AA19: 11267 | AB19: =AA19/$F19 -> 0.053207465 | AC19: =Y19+AA19 -> 18302 | AD19: =AC19/$F19 -> 0.086429664 | AE19: 26403 | AF19: =AE19/$F19 -> 0.12468596 | AG19: 0 | AH19: =AG19/$F19 -> 0 | AI19: 32210 | AJ19: =AI19/$F19 -> 0.15210903 | AK19: 8067 | AL19: =AK19/$F19 -> 0.038095733
D20: =D19+1 -> 46243 | E20: 一 | F20: =SUM(M20,S20,U20,W20,AC20,AE20,AG20,AI20,AK20) -> 203928 | I20: 41198 | J20: =I20/$F20 -> 0.20202228 | K20: 58990 | L20: =K20/$F20 -> 0.28926876 | M20: =I20+K20 -> 100188 | N20: =M20/$F20 -> 0.49129104 | O20: 10764 | P20: =O20/$F20 -> 0.052783335 | Q20: 0 | R20: =Q20/$F20 -> 0 | S20: =O20+Q20 -> 10764 | T20: =S20/$F20 -> 0.052783335 | U20: 2383 | V20: =U20/$F20 -> 0.011685497 | W20: 12017 | X20: =W20/$F20 -> 0.058927661 | Y20: 7275 | Z20: =Y20/$F20 -> 0.035674356 | AA20: 10527 | AB20: =AA20/$F20 -> 0.05162116 | AC20: =Y20+AA20 -> 17802 | AD20: =AC20/$F20 -> 0.087295516 | AE20: 25325 | AF20: =AE20/$F20 -> 0.12418599 | AG20: 0 | AH20: =AG20/$F20 -> 0 | AI20: 26296 | AJ20: =AI20/$F20 -> 0.12894747 | AK20: 9153 | AL20: =AK20/$F20 -> 0.044883488
B21: =B14+7 -> 46253 | D21: =D20+1 -> 46244 | E21: 二 | F21: =SUM(M21,S21,U21,W21,AC21,AE21,AG21,AI21,AK21) -> 187621 | G21: =SUM(F21:F27) -> 1244793 | I21: 39636 | J21: =I21/$F21 -> 0.21125567 | K21: 56401 | L21: =K21/$F21 -> 0.30061134 | M21: =I21+K21 -> 96037 | N21: =M21/$F21 -> 0.51186701 | O21: 9595 | P21: =O21/$F21 -> 0.051140331 | Q21: 0 | R21: =Q21/$F21 -> 0 | S21: =O21+Q21 -> 9595 | T21: =S21/$F21 -> 0.051140331 | U21: 2545 | V21: =U21/$F21 -> 0.01356458 | W21: 10221 | X21: =W21/$F21 -> 0.054476844 | Y21: 6599 | Z21: =Y21/$F21 -> 0.035171969 | AA21: 10346 | AB21: =AA21/$F21 -> 0.055143081 | AC21: =Y21+AA21 -> 16945 | AD21: =AC21/$F21 -> 0.09031505 | AE21: 23942 | AF21: =AE21/$F21 -> 0.12760832 | AG21: 0 | AH21: =AG21/$F21 -> 0 | AI21: 21462 | AJ21: =AI21/$F21 -> 0.11439018 | AK21: 6874 | AL21: =AK21/$F21 -> 0.03663769
D22: =D21+1 -> 46245 | E22: 三 | F22: =SUM(M22,S22,U22,W22,AC22,AE22,AG22,AI22,AK22) -> 184147 | I22: 39019 | J22: =I22/$F22 -> 0.2118905 | K22: 53877 | L22: =K22/$F22 -> 0.29257604 | M22: =I22+K22 -> 92896 | N22: =M22/$F22 -> 0.50446654 | O22: 9704 | P22: =O22/$F22 -> 0.05269703 | Q22: 0 | R22: =Q22/$F22 -> 0 | S22: =O22+Q22 -> 9704 | T22: =S22/$F22 -> 0.05269703 | U22: 2192 | V22: =U22/$F22 -> 0.011903534 | W22: 10414 | X22: =W22/$F22 -> 0.056552645 | Y22: 6047 | Z22: =Y22/$F22 -> 0.032837896 | AA22: 10179 | AB22: =AA22/$F22 -> 0.055276491 | AC22: =Y22+AA22 -> 16226 | AD22: =AC22/$F22 -> 0.088114387 | AE22: 22338 | AF22: =AE22/$F22 -> 0.12130526 | AG22: 0 | AH22: =AG22/$F22 -> 0 | AI22: 23675 | AJ22: =AI22/$F22 -> 0.12856577 | AK22: 6702 | AL22: =AK22/$F22 -> 0.036394837
D23: =D22+1 -> 46246 | E23: 四 | F23: =SUM(M23,S23,U23,W23,AC23,AE23,AG23,AI23,AK23) -> 172846 | I23: 37661 | J23: =I23/$F23 -> 0.2178876 | K23: 48557 | L23: =K23/$F23 -> 0.28092637 | M23: =I23+K23 -> 86218 | N23: =M23/$F23 -> 0.49881397 | O23: 9368 | P23: =O23/$F23 -> 0.054198535 | Q23: 0 | R23: =Q23/$F23 -> 0 | S23: =O23+Q23 -> 9368 | T23: =S23/$F23 -> 0.054198535 | U23: 2239 | V23: =U23/$F23 -> 0.012953728 | W23: 10042 | X23: =W23/$F23 -> 0.05809796 | Y23: 5757 | Z23: =Y23/$F23 -> 0.033307106 | AA23: 7575 | AB23: =AA23/$F23 -> 0.043825139 | AC23: =Y23+AA23 -> 13332 | AD23: =AC23/$F23 -> 0.077132245 | AE23: 20979 | AF23: =AE23/$F23 -> 0.12137394 | AG23: 0 | AH23: =AG23/$F23 -> 0 | AI23: 23915 | AJ23: =AI23/$F23 -> 0.13836016 | AK23: 6753 | AL23: =AK23/$F23 -> 0.039069461
D24: =D23+1 -> 46247 | E24: 五 | F24: =SUM(M24,S24,U24,W24,AC24,AE24,AG24,AI24,AK24) -> 146977 | I24: 28515 | J24: =I24/$F24 -> 0.19400995 | K24: 44407 | L24: =K24/$F24 -> 0.30213571 | M24: =I24+K24 -> 72922 | N24: =M24/$F24 -> 0.49614566 | O24: 7420 | P24: =O24/$F24 -> 0.050484089 | Q24: 0 | R24: =Q24/$F24 -> 0 | S24: =O24+Q24 -> 7420 | T24: =S24/$F24 -> 0.050484089 | U24: 1645 | V24: =U24/$F24 -> 0.011192227 | W24: 7822 | X24: =W24/$F24 -> 0.053219211 | Y24: 4885 | Z24: =Y24/$F24 -> 0.033236493 | AA24: 7387 | AB24: =AA24/$F24 -> 0.050259564 | AC24: =Y24+AA24 -> 12272 | AD24: =AC24/$F24 -> 0.083496057 | AE24: 15866 | AF24: =AE24/$F24 -> 0.10794886 | AG24: 0 | AH24: =AG24/$F24 -> 0 | AI24: 23167 | AJ24: =AI24/$F24 -> 0.1576233 | AK24: 5863 | AL24: =AK24/$F24 -> 0.039890595
D25: =D24+1 -> 46248 | E25: 六 | F25: =SUM(M25,S25,U25,W25,AC25,AE25,AG25,AI25,AK25) -> 155408 | I25: 27250 | J25: =I25/$F25 -> 0.1753449 | K25: 52210 | L25: =K25/$F25 -> 0.33595439 | M25: =I25+K25 -> 79460 | N25: =M25/$F25 -> 0.51129929 | O25: 7054 | P25: =O25/$F25 -> 0.045390199 | Q25: 0 | R25: =Q25/$F25 -> 0 | S25: =O25+Q25 -> 7054 | T25: =S25/$F25 -> 0.045390199 | U25: 1738 | V25: =U25/$F25 -> 0.011183465 | W25: 7056 | X25: =W25/$F25 -> 0.045403068 | Y25: 5245 | Z25: =Y25/$F25 -> 0.033749871 | AA25: 9880 | AB25: =AA25/$F25 -> 0.063574591 | AC25: =Y25+AA25 -> 15125 | AD25: =AC25/$F25 -> 0.097324462 | AE25: 16765 | AF25: =AE25/$F25 -> 0.10787733 | AG25: 0 | AH25: =AG25/$F25 -> 0 | AI25: 22612 | AJ25: =AI25/$F25 -> 0.14550088 | AK25: 5598 | AL25: =AK25/$F25 -> 0.036021312
D26: =D25+1 -> 46249 | E26: 日 | F26: =SUM(M26,S26,U26,W26,AC26,AE26,AG26,AI26,AK26) -> 200927 | I26: 41131 | J26: =I26/$F26 -> 0.20470619 | K26: 59949 | L26: =K26/$F26 -> 0.29836209 | M26: =I26+K26 -> 101080 | N26: =M26/$F26 -> 0.50306828 | O26: 9965 | P26: =O26/$F26 -> 0.049595127 | Q26: 0 | R26: =Q26/$F26 -> 0 | S26: =O26+Q26 -> 9965 | T26: =S26/$F26 -> 0.049595127 | U26: 2814 | V26: =U26/$F26 -> 0.014005086 | W26: 9600 | X26: =W26/$F26 -> 0.047778546 | Y26: 6693 | Z26: =Y26/$F26 -> 0.033310605 | AA26: 11505 | AB26: =AA26/$F26 -> 0.057259602 | AC26: =Y26+AA26 -> 18198 | AD26: =AC26/$F26 -> 0.090570207 | AE26: 26774 | AF26: =AE26/$F26 -> 0.13325238 | AG26: 0 | AH26: =AG26/$F26 -> 0 | AI26: 27356 | AJ26: =AI26/$F26 -> 0.13614895 | AK26: 5140 | AL26: =AK26/$F26 -> 0.02558143
D27: =D26+1 -> 46250 | E27: 一 | F27: =SUM(M27,S27,U27,W27,AC27,AE27,AG27,AI27,AK27) -> 196867 | I27: 40733 | J27: =I27/$F27 -> 0.20690619 | K27: 59338 | L27: =K27/$F27 -> 0.30141161 | M27: =I27+K27 -> 100071 | N27: =M27/$F27 -> 0.5083178 | O27: 9735 | P27: =O27/$F27 -> 0.049449628 | Q27: 0 | R27: =Q27/$F27 -> 0 | S27: =O27+Q27 -> 9735 | T27: =S27/$F27 -> 0.049449628 | U27: 2451 | V27: =U27/$F27 -> 0.01245003 | W27: 10812 | X27: =W27/$F27 -> 0.054920327 | Y27: 7140 | Z27: =Y27/$F27 -> 0.03626814 | AA27: 10569 | AB27: =AA27/$F27 -> 0.053685991 | AC27: =Y27+AA27 -> 17709 | AD27: =AC27/$F27 -> 0.089954131 | AE27: 25236 | AF27: =AE27/$F27 -> 0.12818807 | AG27: 0 | AH27: =AG27/$F27 -> 0 | AI27: 25324 | AJ27: =AI27/$F27 -> 0.12863507 | AK27: 5529 | AL27: =AK27/$F27 -> 0.028084951
B28: =B21+7 -> 46260 | D28: =D27+1 -> 46251 | E28: 二 | F28: =SUM(M28,S28,U28,W28,AC28,AE28,AG28,AI28,AK28) -> 201857 | G28: =SUM(F28:F34) -> 1252535 | I28: 40589 | J28: =I28/$F28 -> 0.20107799 | K28: 58859 | L28: =K28/$F28 -> 0.29158761 | M28: =I28+K28 -> 99448 | N28: =M28/$F28 -> 0.4926656 | O28: 9695 | P28: =O28/$F28 -> 0.04802905 | Q28: 0 | R28: =Q28/$F28 -> 0 | S28: =O28+Q28 -> 9695 | T28: =S28/$F28 -> 0.04802905 | U28: 2573 | V28: =U28/$F28 -> 0.012746647 | W28: 9314 | X28: =W28/$F28 -> 0.046141575 | Y28: 6033 | Z28: =Y28/$F28 -> 0.029887495 | AA28: 10280 | AB28: =AA28/$F28 -> 0.050927141 | AC28: =Y28+AA28 -> 16313 | AD28: =AC28/$F28 -> 0.080814636 | AE28: 34409 | AF28: =AE28/$F28 -> 0.17046226 | AG28: 0 | AH28: =AG28/$F28 -> 0 | AI28: 25169 | AJ28: =AI28/$F28 -> 0.12468728 | AK28: 4936 | AL28: =AK28/$F28 -> 0.024452954
D29: =D28+1 -> 46252 | E29: 三 | F29: =SUM(M29,S29,U29,W29,AC29,AE29,AG29,AI29,AK29) -> 188974 | I29: 39602 | J29: =I29/$F29 -> 0.20956322 | K29: 55530 | L29: =K29/$F29 -> 0.29384995 | M29: =I29+K29 -> 95132 | N29: =M29/$F29 -> 0.50341317 | O29: 9651 | P29: =O29/$F29 -> 0.051070518 | Q29: 0 | R29: =Q29/$F29 -> 0 | S29: =O29+Q29 -> 9651 | T29: =S29/$F29 -> 0.051070518 | U29: 2189 | V29: =U29/$F29 -> 0.011583604 | W29: 9446 | X29: =W29/$F29 -> 0.049985712 | Y29: 5508 | Z29: =Y29/$F29 -> 0.029146867 | AA29: 9874 | AB29: =AA29/$F29 -> 0.052250574 | AC29: =Y29+AA29 -> 15382 | AD29: =AC29/$F29 -> 0.081397441 | AE29: 27741 | AF29: =AE29/$F29 -> 0.14679797 | AG29: 0 | AH29: =AG29/$F29 -> 0 | AI29: 24363 | AJ29: =AI29/$F29 -> 0.1289225 | AK29: 5070 | AL29: =AK29/$F29 -> 0.026829088
D30: =D29+1 -> 46253 | E30: 四 | F30: =SUM(M30,S30,U30,W30,AC30,AE30,AG30,AI30,AK30) -> 175085 | I30: 38087 | J30: =I30/$F30 -> 0.21753434 | K30: 49134 | L30: =K30/$F30 -> 0.28062941 | M30: =I30+K30 -> 87221 | N30: =M30/$F30 -> 0.49816375 | O30: 9255 | P30: =O30/$F30 -> 0.052860039 | Q30: 0 | R30: =Q30/$F30 -> 0 | S30: =O30+Q30 -> 9255 | T30: =S30/$F30 -> 0.052860039 | U30: 2266 | V30: =U30/$F30 -> 0.012942285 | W30: 9330 | X30: =W30/$F30 -> 0.053288403 | Y30: 5363 | Z30: =Y30/$F30 -> 0.030630836 | AA30: 7696 | AB30: =AA30/$F30 -> 0.043955793 | AC30: =Y30+AA30 -> 13059 | AD30: =AC30/$F30 -> 0.074586629 | AE30: 26039 | AF30: =AE30/$F30 -> 0.14872205 | AG30: 0 | AH30: =AG30/$F30 -> 0 | AI30: 22966 | AJ30: =AI30/$F30 -> 0.13117057 | AK30: 4949 | AL30: =AK30/$F30 -> 0.028266271
D31: =D30+1 -> 46254 | E31: 五 | F31: =SUM(M31,S31,U31,W31,AC31,AE31,AG31,AI31,AK31) -> 140181 | I31: 28545 | J31: =I31/$F31 -> 0.20362959 | K31: 44096 | L31: =K31/$F31 -> 0.31456474 | M31: =I31+K31 -> 72641 | N31: =M31/$F31 -> 0.51819433 | O31: 7178 | P31: =O31/$F31 -> 0.051205228 | Q31: 0 | R31: =Q31/$F31 -> 0 | S31: =O31+Q31 -> 7178 | T31: =S31/$F31 -> 0.051205228 | U31: 1381 | V31: =U31/$F31 -> 0.0098515491 | W31: 6918 | X31: =W31/$F31 -> 0.049350483 | Y31: 4240 | Z31: =Y31/$F31 -> 0.03024661 | AA31: 7536 | AB31: =AA31/$F31 -> 0.053759069 | AC31: =Y31+AA31 -> 11776 | AD31: =AC31/$F31 -> 0.084005678 | AE31: 16258 | AF31: =AE31/$F31 -> 0.11597863 | AG31: 0 | AH31: =AG31/$F31 -> 0 | AI31: 19643 | AJ31: =AI31/$F31 -> 0.14012598 | AK31: 4386 | AL31: =AK31/$F31 -> 0.03128812
D32: =D31+1 -> 46255 | E32: 六 | F32: =SUM(M32,S32,U32,W32,AC32,AE32,AG32,AI32,AK32) -> 150801 | I32: 27187 | J32: =I32/$F32 -> 0.18028395 | K32: 50671 | L32: =K32/$F32 -> 0.33601236 | M32: =I32+K32 -> 77858 | N32: =M32/$F32 -> 0.51629631 | O32: 6654 | P32: =O32/$F32 -> 0.044124376 | Q32: 0 | R32: =Q32/$F32 -> 0 | S32: =O32+Q32 -> 6654 | T32: =S32/$F32 -> 0.044124376 | U32: 1650 | V32: =U32/$F32 -> 0.010941572 | W32: 6934 | X32: =W32/$F32 -> 0.045981127 | Y32: 4764 | Z32: =Y32/$F32 -> 0.031591302 | AA32: 9902 | AB32: =AA32/$F32 -> 0.065662695 | AC32: =Y32+AA32 -> 14666 | AD32: =AC32/$F32 -> 0.097253997 | AE32: 19219 | AF32: =AE32/$F32 -> 0.1274461 | AG32: 0 | AH32: =AG32/$F32 -> 0 | AI32: 19425 | AJ32: =AI32/$F32 -> 0.12881214 | AK32: 4395 | AL32: =AK32/$F32 -> 0.029144369
D33: =D32+1 -> 46256 | E33: 日 | F33: =SUM(M33,S33,U33,W33,AC33,AE33,AG33,AI33,AK33) -> 197801 | I33: 40594 | J33: =I33/$F33 -> 0.20522646 | K33: 57151 | L33: =K33/$F33 -> 0.28893181 | M33: =I33+K33 -> 97745 | N33: =M33/$F33 -> 0.49415827 | O33: 9494 | P33: =O33/$F33 -> 0.047997735 | Q33: 0 | R33: =Q33/$F33 -> 0 | S33: =O33+Q33 -> 9494 | T33: =S33/$F33 -> 0.047997735 | U33: 2266 | V33: =U33/$F33 -> 0.011455958 | W33: 9327 | X33: =W33/$F33 -> 0.047153452 | Y33: 6236 | Z33: =Y33/$F33 -> 0.031526635 | AA33: 11757 | AB33: =AA33/$F33 -> 0.059438527 | AC33: =Y33+AA33 -> 17993 | AD33: =AC33/$F33 -> 0.090965162 | AE33: 31333 | AF33: =AE33/$F33 -> 0.15840668 | AG33: 0 | AH33: =AG33/$F33 -> 0 | AI33: 24646 | AJ33: =AI33/$F33 -> 0.12459998 | AK33: 4997 | AL33: =AK33/$F33 -> 0.025262764
D34: =D33+1 -> 46257 | E34: 一 | F34: =SUM(M34,S34,U34,W34,AC34,AE34,AG34,AI34,AK34) -> 197836 | I34: 39125 | J34: =I34/$F34 -> 0.19776482 | K34: 61590 | L34: =K34/$F34 -> 0.31131847 | M34: =I34+K34 -> 100715 | N34: =M34/$F34 -> 0.50908328 | O34: 9288 | P34: =O34/$F34 -> 0.046947977 | Q34: 0 | R34: =Q34/$F34 -> 0 | S34: =O34+Q34 -> 9288 | T34: =S34/$F34 -> 0.046947977 | U34: 2390 | V34: =U34/$F34 -> 0.012080713 | W34: 10153 | X34: =W34/$F34 -> 0.051320285 | Y34: 6871 | Z34: =Y34/$F34 -> 0.034730787 | AA34: 10579 | AB34: =AA34/$F34 -> 0.053473584 | AC34: =Y34+AA34 -> 17450 | AD34: =AC34/$F34 -> 0.088204371 | AE34: 26558 | AF34: =AE34/$F34 -> 0.1342425 | AG34: 0 | AH34: =AG34/$F34 -> 0 | AI34: 25915 | AJ34: =AI34/$F34 -> 0.13099234 | AK34: 5367 | AL34: =AK34/$F34 -> 0.027128531
B35: =B28+7 -> 46267 | D35: =D34+1 -> 46258 | E35: 二 | F35: =SUM(M35,S35,U35,W35,AC35,AE35,AG35,AI35,AK35) -> 208377 | G35: =SUM(F35:F41) -> 1138303 | I35: 43403 | J35: =I35/$F35 -> 0.20829074 | K35: 58790 | L35: =K35/$F35 -> 0.28213286 | M35: =I35+K35 -> 102193 | N35: =M35/$F35 -> 0.49042361 | O35: 9171 | P35: =O35/$F35 -> 0.044011575 | Q35: 0 | R35: =Q35/$F35 -> 0 | S35: =O35+Q35 -> 9171 | T35: =S35/$F35 -> 0.044011575 | U35: 2406 | V35: =U35/$F35 -> 0.01154638 | W35: 24984 | X35: =W35/$F35 -> 0.11989807 | Y35: 5966 | Z35: =Y35/$F35 -> 0.028630799 | AA35: 10608 | AB35: =AA35/$F35 -> 0.05090773 | AC35: =Y35+AA35 -> 16574 | AD35: =AC35/$F35 -> 0.079538529 | AE35: 24802 | AF35: =AE35/$F35 -> 0.11902465 | AG35: 0 | AH35: =AG35/$F35 -> 0 | AI35: 23096 | AJ35: =AI35/$F35 -> 0.11083757 | AK35: 5151 | AL35: =AK35/$F35 -> 0.024719619
D36: =D35+1 -> 46259 | E36: 三 | F36: =SUM(M36,S36,U36,W36,AC36,AE36,AG36,AI36,AK36) -> 184347 | I36: 39355 | J36: =I36/$F36 -> 0.21348327 | K36: 53973 | L36: =K36/$F36 -> 0.29277938 | M36: =I36+K36 -> 93328 | N36: =M36/$F36 -> 0.50626265 | O36: 8871 | P36: =O36/$F36 -> 0.048121206 | Q36: 0 | R36: =Q36/$F36 -> 0 | S36: =O36+Q36 -> 8871 | T36: =S36/$F36 -> 0.048121206 | U36: 2203 | V36: =U36/$F36 -> 0.011950289 | W36: 17556 | X36: =W36/$F36 -> 0.095233446 | Y36: 5577 | Z36: =Y36/$F36 -> 0.03025273 | AA36: 10293 | AB36: =AA36/$F36 -> 0.05583492 | AC36: =Y36+AA36 -> 15870 | AD36: =AC36/$F36 -> 0.08608765 | AE36: 23941 | AF36: =AE36/$F36 -> 0.12986921 | AG36: 0 | AH36: =AG36/$F36 -> 0 | AI36: 17362 | AJ36: =AI36/$F36 -> 0.094181082 | AK36: 5216 | AL36: =AK36/$F36 -> 0.028294466
D37: =D36+1 -> 46260 | E37: 四 | F37: =SUM(M37,S37,U37,W37,AC37,AE37,AG37,AI37,AK37) -> 144091 | I37: 26589 | J37: =I37/$F37 -> 0.18452922 | K37: 33980 | L37: =K37/$F37 -> 0.2358232 | M37: =I37+K37 -> 60569 | N37: =M37/$F37 -> 0.42035242 | O37: 6196 | P37: =O37/$F37 -> 0.043000604 | Q37: 0 | R37: =Q37/$F37 -> 0 | S37: =O37+Q37 -> 6196 | T37: =S37/$F37 -> 0.043000604 | U37: 2196 | V37: =U37/$F37 -> 0.015240369 | W37: 15793 | X37: =W37/$F37 -> 0.10960435 | Y37: 6233 | Z37: =Y37/$F37 -> 0.043257386 | AA37: 7910 | AB37: =AA37/$F37 -> 0.054895864 | AC37: =Y37+AA37 -> 14143 | AD37: =AC37/$F37 -> 0.09815325 | AE37: 21531 | AF37: =AE37/$F37 -> 0.1494264 | AG37: 0 | AH37: =AG37/$F37 -> 0 | AI37: 18496 | AJ37: =AI37/$F37 -> 0.12836333 | AK37: 5167 | AL37: =AK37/$F37 -> 0.035859283
D38: =D37+1 -> 46261 | E38: 五 | F38: =SUM(M38,S38,U38,W38,AC38,AE38,AG38,AI38,AK38) -> 119527 | I38: 20170 | J38: =I38/$F38 -> 0.16874848 | K38: 30829 | L38: =K38/$F38 -> 0.25792499 | M38: =I38+K38 -> 50999 | N38: =M38/$F38 -> 0.42667347 | O38: 4705 | P38: =O38/$F38 -> 0.039363491 | Q38: 0 | R38: =Q38/$F38 -> 0 | S38: =O38+Q38 -> 4705 | T38: =S38/$F38 -> 0.039363491 | U38: 1516 | V38: =U38/$F38 -> 0.012683327 | W38: 10924 | X38: =W38/$F38 -> 0.091393576 | Y38: 4310 | Z38: =Y38/$F38 -> 0.036058798 | AA38: 7581 | AB38: =AA38/$F38 -> 0.063425 | AC38: =Y38+AA38 -> 11891 | AD38: =AC38/$F38 -> 0.099483799 | AE38: 16610 | AF38: =AE38/$F38 -> 0.13896442 | AG38: 0 | AH38: =AG38/$F38 -> 0 | AI38: 18462 | AJ38: =AI38/$F38 -> 0.15445883 | AK38: 4420 | AL38: =AK38/$F38 -> 0.036979093
D39: =D38+1 -> 46262 | E39: 六 | F39: =SUM(M39,S39,U39,W39,AC39,AE39,AG39,AI39,AK39) -> 130180 | I39: 19908 | J39: =I39/$F39 -> 0.15292672 | K39: 35814 | L39: =K39/$F39 -> 0.27511138 | M39: =I39+K39 -> 55722 | N39: =M39/$F39 -> 0.4280381 | O39: 4580 | P39: =O39/$F39 -> 0.035182056 | Q39: 0 | R39: =Q39/$F39 -> 0 | S39: =O39+Q39 -> 4580 | T39: =S39/$F39 -> 0.035182056 | U39: 1568 | V39: =U39/$F39 -> 0.012044861 | W39: 11982 | X39: =W39/$F39 -> 0.092041788 | Y39: 4750 | Z39: =Y39/$F39 -> 0.03648794 | AA39: 9721 | AB39: =AA39/$F39 -> 0.074673529 | AC39: =Y39+AA39 -> 14471 | AD39: =AC39/$F39 -> 0.11116147 | AE39: 17709 | AF39: =AE39/$F39 -> 0.13603472 | AG39: 0 | AH39: =AG39/$F39 -> 0 | AI39: 19948 | AJ39: =AI39/$F39 -> 0.15323398 | AK39: 4200 | AL39: =AK39/$F39 -> 0.03226302
D40: =D39+1 -> 46263 | E40: 日 | F40: =SUM(M40,S40,U40,W40,AC40,AE40,AG40,AI40,AK40) -> 174500 | I40: 30578 | J40: =I40/$F40 -> 0.17523209 | K40: 40407 | L40: =K40/$F40 -> 0.23155874 | M40: =I40+K40 -> 70985 | N40: =M40/$F40 -> 0.40679083 | O40: 6640 | P40: =O40/$F40 -> 0.038051576 | Q40: 0 | R40: =Q40/$F40 -> 0 | S40: =O40+Q40 -> 6640 | T40: =S40/$F40 -> 0.038051576 | U40: 2591 | V40: =U40/$F40 -> 0.014848138 | W40: 18437 | X40: =W40/$F40 -> 0.10565616 | Y40: 6918 | Z40: =Y40/$F40 -> 0.039644699 | AA40: 11370 | AB40: =AA40/$F40 -> 0.065157593 | AC40: =Y40+AA40 -> 18288 | AD40: =AC40/$F40 -> 0.10480229 | AE40: 28012 | AF40: =AE40/$F40 -> 0.16052722 | AG40: 0 | AH40: =AG40/$F40 -> 0 | AI40: 24824 | AJ40: =AI40/$F40 -> 0.14225788 | AK40: 4723 | AL40: =AK40/$F40 -> 0.027065903
D41: =D40+1 -> 46264 | E41: 一 | F41: =SUM(M41,S41,U41,W41,AC41,AE41,AG41,AI41,AK41) -> 177281 | I41: 29852 | J41: =I41/$F41 -> 0.16838804 | K41: 49129 | L41: =K41/$F41 -> 0.27712502 | M41: =I41+K41 -> 78981 | N41: =M41/$F41 -> 0.44551306 | O41: 6555 | P41: =O41/$F41 -> 0.036975198 | Q41: 0 | R41: =Q41/$F41 -> 0 | S41: =O41+Q41 -> 6555 | T41: =S41/$F41 -> 0.036975198 | U41: 2262 | V41: =U41/$F41 -> 0.012759405 | W41: 16087 | X41: =W41/$F41 -> 0.090742945 | Y41: 6847 | Z41: =Y41/$F41 -> 0.0386223 | AA41: 11084 | AB41: =AA41/$F41 -> 0.062522211 | AC41: =Y41+AA41 -> 17931 | AD41: =AC41/$F41 -> 0.10114451 | AE41: 27464 | AF41: =AE41/$F41 -> 0.1549179 | AG41: 0 | AH41: =AG41/$F41 -> 0 | AI41: 23045 | AJ41: =AI41/$F41 -> 0.12999137 | AK41: 4956 | AL41: =AK41/$F41 -> 0.027955618
B42: =B35+7 -> 46274 | C42: 九 | D42: =D41+1 -> 46265 | E42: 二 | F42: =SUM(M42,S42,U42,W42,AC42,AE42,AG42,AI42,AK42) -> 184538 | G42: =SUM(F42:F48) -> 1128982 | H42: =SUM(F42:F71) -> 1128982 | I42: 45617 | J42: =I42/$F42 -> 0.2471957 | K42: 50776 | L42: =K42/$F42 -> 0.275152 | M42: =I42+K42 -> 96393 | N42: =M42/$F42 -> 0.5223477 | O42: 6438 | P42: =O42/$F42 -> 0.034887124 | Q42: 0 | R42: =Q42/$F42 -> 0 | S42: =O42+Q42 -> 6438 | T42: =S42/$F42 -> 0.034887124 | U42: 2452 | V42: =U42/$F42 -> 0.013287236 | W42: 12764 | X42: =W42/$F42 -> 0.069167326 | Y42: 6500 | Z42: =Y42/$F42 -> 0.035223098 | AA42: 10919 | AB42: =AA42/$F42 -> 0.059169385 | AC42: =Y42+AA42 -> 17419 | AD42: =AC42/$F42 -> 0.094392483 | AE42: 25526 | AF42: =AE42/$F42 -> 0.13832381 | AG42: 0 | AH42: =AG42/$F42 -> 0 | AI42: 19083 | AJ42: =AI42/$F42 -> 0.1034096 | AK42: 4463 | AL42: =AK42/$F42 -> 0.024184721
D43: =D42+1 -> 46266 | E43: 三 | F43: =SUM(M43,S43,U43,W43,AC43,AE43,AG43,AI43,AK43) -> 166898 | I43: 37979 | J43: =I43/$F43 -> 0.22755815 | K43: 46638 | L43: =K43/$F43 -> 0.27944014 | M43: =I43+K43 -> 84617 | N43: =M43/$F43 -> 0.50699829 | O43: 6347 | P43: =O43/$F43 -> 0.038029215 | Q43: 0 | R43: =Q43/$F43 -> 0 | S43: =O43+Q43 -> 6347 | T43: =S43/$F43 -> 0.038029215 | U43: 2065 | V43: =U43/$F43 -> 0.012372827 | W43: 11956 | X43: =W43/$F43 -> 0.071636568 | Y43: 5874 | Z43: =Y43/$F43 -> 0.035195149 | AA43: 9914 | AB43: =AA43/$F43 -> 0.059401551 | AC43: =Y43+AA43 -> 15788 | AD43: =AC43/$F43 -> 0.0945967 | AE43: 23199 | AF43: =AE43/$F43 -> 0.13900107 | AG43: 0 | AH43: =AG43/$F43 -> 0 | AI43: 17989 | AJ43: =AI43/$F43 -> 0.1077844 | AK43: 4937 | AL43: =AK43/$F43 -> 0.029580942
D44: =D43+1 -> 46267 | E44: 四 | F44: =SUM(M44,S44,U44,W44,AC44,AE44,AG44,AI44,AK44) -> 152603 | I44: 34780 | J44: =I44/$F44 -> 0.22791164 | K44: 40831 | L44: =K44/$F44 -> 0.26756355 | M44: =I44+K44 -> 75611 | N44: =M44/$F44 -> 0.49547519 | O44: 6155 | P44: =O44/$F44 -> 0.040333414 | Q44: 0 | R44: =Q44/$F44 -> 0 | S44: =O44+Q44 -> 6155 | T44: =S44/$F44 -> 0.040333414 | U44: 1606 | V44: =U44/$F44 -> 0.01052404 | W44: 12687 | X44: =W44/$F44 -> 0.083137291 | Y44: 5823 | Z44: =Y44/$F44 -> 0.038157834 | AA44: 7654 | AB44: =AA44/$F44 -> 0.050156288 | AC44: =Y44+AA44 -> 13477 | AD44: =AC44/$F44 -> 0.088314122 | AE44: 21599 | AF44: =AE44/$F44 -> 0.14153719 | AG44: 0 | AH44: =AG44/$F44 -> 0 | AI44: 16871 | AJ44: =AI44/$F44 -> 0.11055484 | AK44: 4597 | AL44: =AK44/$F44 -> 0.030123916
D45: =D44+1 -> 46268 | E45: 五 | F45: =SUM(M45,S45,U45,W45,AC45,AE45,AG45,AI45,AK45) -> 123500 | I45: 27214 | J45: =I45/$F45 -> 0.22035628 | K45: 35918 | L45: =K45/$F45 -> 0.29083401 | M45: =I45+K45 -> 63132 | N45: =M45/$F45 -> 0.51119028 | O45: 4535 | P45: =O45/$F45 -> 0.036720648 | Q45: 0 | R45: =Q45/$F45 -> 0 | S45: =O45+Q45 -> 4535 | T45: =S45/$F45 -> 0.036720648 | U45: 1424 | V45: =U45/$F45 -> 0.011530364 | W45: 10068 | X45: =W45/$F45 -> 0.081522267 | Y45: 3221 | Z45: =Y45/$F45 -> 0.026080972 | AA45: 7427 | AB45: =AA45/$F45 -> 0.060137652 | AC45: =Y45+AA45 -> 10648 | AD45: =AC45/$F45 -> 0.086218623 | AE45: 14536 | AF45: =AE45/$F45 -> 0.1177004 | AG45: 0 | AH45: =AG45/$F45 -> 0 | AI45: 14962 | AJ45: =AI45/$F45 -> 0.1211498 | AK45: 4195 | AL45: =AK45/$F45 -> 0.033967611
D46: =D45+1 -> 46269 | E46: 六 | F46: =SUM(M46,S46,U46,W46,AC46,AE46,AG46,AI46,AK46) -> 131637 | I46: 25168 | J46: =I46/$F46 -> 0.19119245 | K46: 40624 | L46: =K46/$F46 -> 0.30860624 | M46: =I46+K46 -> 65792 | N46: =M46/$F46 -> 0.49979869 | O46: 4379 | P46: =O46/$F46 -> 0.033265723 | Q46: 0 | R46: =Q46/$F46 -> 0 | S46: =O46+Q46 -> 4379 | T46: =S46/$F46 -> 0.033265723 | U46: 1564 | V46: =U46/$F46 -> 0.011881158 | W46: 9443 | X46: =W46/$F46 -> 0.07173515 | Y46: 4294 | Z46: =Y46/$F46 -> 0.032620008 | AA46: 9932 | AB46: =AA46/$F46 -> 0.075449911 | AC46: =Y46+AA46 -> 14226 | AD46: =AC46/$F46 -> 0.10806992 | AE46: 16299 | AF46: =AE46/$F46 -> 0.12381777 | AG46: 0 | AH46: =AG46/$F46 -> 0 | AI46: 15510 | AJ46: =AI46/$F46 -> 0.11782402 | AK46: 4424 | AL46: =AK46/$F46 -> 0.033607572
D47: =D46+1 -> 46270 | E47: 日 | F47: =SUM(M47,S47,U47,W47,AC47,AE47,AG47,AI47,AK47) -> 188421 | I47: 41643 | J47: =I47/$F47 -> 0.2210104 | K47: 49549 | L47: =K47/$F47 -> 0.26296963 | M47: =I47+K47 -> 91192 | N47: =M47/$F47 -> 0.48398002 | O47: 6591 | P47: =O47/$F47 -> 0.034980177 | Q47: 0 | R47: =Q47/$F47 -> 0 | S47: =O47+Q47 -> 6591 | T47: =S47/$F47 -> 0.034980177 | U47: 2189 | V47: =U47/$F47 -> 0.011617601 | W47: 13167 | X47: =W47/$F47 -> 0.069880746 | Y47: 6006 | Z47: =Y47/$F47 -> 0.031875428 | AA47: 12601 | AB47: =AA47/$F47 -> 0.066876834 | AC47: =Y47+AA47 -> 18607 | AD47: =AC47/$F47 -> 0.098752262 | AE47: 31280 | AF47: =AE47/$F47 -> 0.16601122 | AG47: 0 | AH47: =AG47/$F47 -> 0 | AI47: 20650 | AJ47: =AI47/$F47 -> 0.109595 | AK47: 4745 | AL47: =AK47/$F47 -> 0.025182968
D48: =D47+1 -> 46271 | E48: 一 | F48: =SUM(M48,S48,U48,W48,AC48,AE48,AG48,AI48,AK48) -> 181385 | I48: 39618 | J48: =I48/$F48 -> 0.21841938 | K48: 48419 | L48: =K48/$F48 -> 0.26694049 | M48: =I48+K48 -> 88037 | N48: =M48/$F48 -> 0.48535987 | O48: 6681 | P48: =O48/$F48 -> 0.036833255 | Q48: 0 | R48: =Q48/$F48 -> 0 | S48: =O48+Q48 -> 6681 | T48: =S48/$F48 -> 0.036833255 | U48: 2312 | V48: =U48/$F48 -> 0.012746368 | W48: 13195 | X48: =W48/$F48 -> 0.072745817 | Y48: 6373 | Z48: =Y48/$F48 -> 0.03513521 | AA48: 11822 | AB48: =AA48/$F48 -> 0.065176282 | AC48: =Y48+AA48 -> 18195 | AD48: =AC48/$F48 -> 0.10031149 | AE48: 27411 | AF48: =AE48/$F48 -> 0.15112054 | AG48: 0 | AH48: =AG48/$F48 -> 0 | AI48: 20350 | AJ48: =AI48/$F48 -> 0.1121923 | AK48: 5204 | AL48: =AK48/$F48 -> 0.028690355

Sheet （５-1）品群別人時生產性(18℃-飯糰)
B1: 9月平均人時性 | C1: =AVERAGE(L7) -> 800.69876
B2: 產線配置圖－每週更新(0901-0907) | N2: 資料繳交 | O2: 日期 | P2: 46266 | U2: 46267 | Z2: 46268 | AE2: 46269 | AJ2: 46270 | AO2: 46271 | AT2: 46272
P3: 46196 | U3: 46197 | Z3: 46198 | AE3: 46199 | AJ3: 46200 | AO3: 46201 | AT3: 46202
B4: 品群 | C4: 商品名稱 | E4: 計畫 | H4: 平均人時性 | I4: 實績 (週平均) | L4: 平均人時性 | M4: 排名 | O4: 日報 | P4: 實際 | T4: 平均人時性 | U4: 實際 | Y4: 平均人時性 | Z4: 實際 | AD4: 平均人時性 | AE4: 實際 | AI4: 平均人時性 | AJ4: 實際 | AN4: 平均人時性 | AO4: 實際 | AS4: 平均人時性 | AT4: 實際 | AX4: 平均人時性
E5: 產線配置圖 | I5: 產線配置圖 | P5: 生產實績 | U5: 生產實績 | Z5: 生產實績 | AE5: 生產實績 | AJ5: 生產實績 | AO5: 生產實績 | AT5: 生產實績
E6: 人數 | F6: 產能／時 | G6: 人時性 | I6: 人數 | J6: 產能／時 | K6: 人時性 | P6: 人數 | Q6: 產能／時 | R6: 人時性 | S6: 排名 | U6: 人數 | V6: 產能／時 | W6: 人時性 | X6: 排名 | Z6: 人數 | AA6: 產能／時 | AB6: 人時性 | AC6: 排名 | AE6: 人數 | AF6: 產能／時 | AG6: 人時性 | AH6: 排名 | AJ6: 人數 | AK6: 產能／時 | AL6: 人時性 | AM6: 排名 | AO6: 人數 | AP6: 產能／時 | AQ6: 人時性 | AR6: 排名 | AT6: 人數 | AU6: 產能／時 | AV6: 人時性 | AW6: 排名
B7: 18℃-飯糰 | C7: 1 | D7: 一配鹽蔥燒肉飯糰 | E7: 4 | F7: 3300 | G7: =IFERROR(F7/E7,"") -> 825 | H7: =AVERAGE(G7:G43) -> 884.86111 | I7: =AVERAGE(P7,U7,Z7,AE7,AJ7,AO7,AT7) -> 4 | J7: =AVERAGE(Q7,V7,AA7,AF7,AK7,AP7,AU7) -> 3039.8454 | K7: =AVERAGE(R7,W7,AB7,AG7,AL7,AQ7,AV7) -> 759.96136 | L7: =IFERROR(AVERAGE(K7:K43),"-") -> 800.69876 | M7: =RANK(K7, K$7:$K$43) -> 22 | P7: 4 | Q7: 3036.9448 | R7: =IFERROR(Q7/P7,"") -> 759.23621 | S7: =RANK(R7, R$7:R$43) -> 18 | T7: =AVERAGE(R7:R43) -> 795.89668 | U7: 4 | V7: 3037.6048 | W7: =IFERROR(V7/U7,"") -> 759.40121 | X7: =RANK(W7, W$7:W$43) -> 22 | Y7: =AVERAGE(W7:W43) -> 801.84658 | Z7: 4 | AA7: 3039.1365 | AB7: =IFERROR(AA7/Z7,"") -> 759.78414 | AC7: =RANK(AB7, AB$7:AB$43) -> 21 | AD7: =AVERAGE(AB7:AB43) -> 803.80602 | AE7: 4 | AF7: 3040.1265 | AG7: =IFERROR(AF7/AE7,"") -> 760.03164 | AH7: =RANK(AG7, AG$7:AG$43) -> 21 | AI7: =AVERAGE(AG7:AG43) -> 806.02294 | AJ7: 4 | AK7: 3040.4565 | AL7: =IFERROR(AK7/AJ7,"") -> 760.11414 | AM7: =RANK(AL7, AL$7:AL$43) -> 22 | AN7: =AVERAGE(AL7:AL43) -> 807.50437 | AO7: 4 | AP7: 3040.4565 | AQ7: =IFERROR(AP7/AO7,"") -> 760.11414 | AR7: =RANK(AQ7, AQ$7:AQ$43) -> 22 | AS7: =AVERAGE(AQ7:AQ43) -> 807.62766 | AT7: 4 | AU7: 3044.1923 | AV7: =IFERROR(AU7/AT7,"") -> 761.04807 | AW7: =RANK(AV7, AV$7:AV$43) -> 22 | AX7: =AVERAGE(AV7:AV43) -> 807.8714
C8: 2 | D8: 一配鮪魚飯糰 | E8: 3 | F8: 3600 | G8: =IFERROR(F8/E8,"") -> 1200 | I8: =AVERAGE(P8,U8,Z8,AE8,AJ8,AO8,AT8) -> 3 | J8: =AVERAGE(Q8,V8,AA8,AF8,AK8,AP8,AU8) -> 3243.862 | K8: =AVERAGE(R8,W8,AB8,AG8,AL8,AQ8,AV8) -> 1081.2873 | M8: =RANK(K8, K$7:$K$43) -> 3 | P8: 3 | Q8: 3239.5452 | R8: =IFERROR(Q8/P8,"") -> 1079.8484 | S8: =RANK(R8, R$7:R$43) -> 8 | U8: 3 | V8: 3240.6252 | W8: =IFERROR(V8/U8,"") -> 1080.2084 | X8: =RANK(W8, W$7:W$43) -> 7 | Z8: 3 | AA8: 3240.9852 | AB8: =IFERROR(AA8/Z8,"") -> 1080.3284 | AC8: =RANK(AB8, AB$7:AB$43) -> 7 | AE8: 3 | AF8: 3245.4796 | AG8: =IFERROR(AF8/AE8,"") -> 1081.8265 | AH8: =RANK(AG8, AG$7:AG$43) -> 2 | AJ8: 3 | AK8: 3246.1996 | AL8: =IFERROR(AK8/AJ8,"") -> 1082.0665 | AM8: =RANK(AL8, AL$7:AL$43) -> 2 | AO8: 3 | AP8: 3246.5596 | AQ8: =IFERROR(AP8/AO8,"") -> 1082.1865 | AR8: =RANK(AQ8, AQ$7:AQ$43) -> 3 | AT8: 3 | AU8: 3247.6396 | AV8: =IFERROR(AU8/AT8,"") -> 1082.5465 | AW8: =RANK(AV8, AV$7:AV$43) -> 1
C9: 3 | D9: 一配雞肉飯飯糰 | E9: 5 | F9: 3600 | G9: =IFERROR(F9/E9,"") -> 720 | I9: =AVERAGE(P9,U9,Z9,AE9,AJ9,AO9,AT9) -> 5 | J9: =AVERAGE(Q9,V9,AA9,AF9,AK9,AP9,AU9) -> 3245.3332 | K9: =AVERAGE(R9,W9,AB9,AG9,AL9,AQ9,AV9) -> 649.06664 | M9: =RANK(K9, K$7:$K$43) -> 29 | P9: 5 | Q9: 3243.5332 | R9: =IFERROR(Q9/P9,"") -> 648.70664 | S9: =RANK(R9, R$7:R$43) -> 29 | U9: 5 | V9: 3243.8932 | W9: =IFERROR(V9/U9,"") -> 648.77864 | X9: =RANK(W9, W$7:W$43) -> 27 | Z9: 5 | AA9: 3244.6132 | AB9: =IFERROR(AA9/Z9,"") -> 648.92264 | AC9: =RANK(AB9, AB$7:AB$43) -> 27 | AE9: 5 | AF9: 3245.6932 | AG9: =IFERROR(AF9/AE9,"") -> 649.13864 | AH9: =RANK(AG9, AG$7:AG$43) -> 27 | AJ9: 5 | AK9: 3246.0532 | AL9: =IFERROR(AK9/AJ9,"") -> 649.21064 | AM9: =RANK(AL9, AL$7:AL$43) -> 29 | AO9: 5 | AP9: 3246.4132 | AQ9: =IFERROR(AP9/AO9,"") -> 649.28264 | AR9: =RANK(AQ9, AQ$7:AQ$43) -> 28 | AT9: 5 | AU9: 3247.1332 | AV9: =IFERROR(AU9/AT9,"") -> 649.42664 | AW9: =RANK(AV9, AV$7:AV$43) -> 29
C10: 4 | D10: 一配明太子龍蝦風味沙拉飯糰 | E10: 3 | F10: 3600 | G10: =IFERROR(F10/E10,"") -> 1200 | I10: =AVERAGE(P10,U10,Z10,AE10,AJ10,AO10,AT10) -> 3 | J10: =AVERAGE(Q10,V10,AA10,AF10,AK10,AP10,AU10) -> 3243.1956 | K10: =AVERAGE(R10,W10,AB10,AG10,AL10,AQ10,AV10) -> 1081.0652 | M10: =RANK(K10, K$7:$K$43) -> 5 | P10: 3 | Q10: 3242.4756 | R10: =IFERROR(Q10/P10,"") -> 1080.8252 | S10: =RANK(R10, R$7:R$43) -> 2 | U10: 3 | V10: 3242.4756 | W10: =IFERROR(V10/U10,"") -> 1080.8252 | X10: =RANK(W10, W$7:W$43) -> 4 | Z10: 3 | AA10: 3242.4756 | AB10: =IFERROR(AA10/Z10,"") -> 1080.8252 | AC10: =RANK(AB10, AB$7:AB$43) -> 4 | AE10: 3 | AF10: 3243.1956 | AG10: =IFERROR(AF10/AE10,"") -> 1081.0652 | AH10: =RANK(AG10, AG$7:AG$43) -> 4 | AJ10: 3 | AK10: 3243.5556 | AL10: =IFERROR(AK10/AJ10,"") -> 1081.1852 | AM10: =RANK(AL10, AL$7:AL$43) -> 5 | AO10: 3 | AP10: 3243.9156 | AQ10: =IFERROR(AP10/AO10,"") -> 1081.3052 | AR10: =RANK(AQ10, AQ$7:AQ$43) -> 5 | AT10: 3 | AU10: 3244.2756 | AV10: =IFERROR(AU10/AT10,"") -> 1081.4252 | AW10: =RANK(AV10, AV$7:AV$43) -> 6
C11: 5 | D11: 一配贅沢鮭魚肚飯糰 | E11: 4 | F11: 3600 | G11: =IFERROR(F11/E11,"") -> 900 | I11: =AVERAGE(P11,U11,Z11,AE11,AJ11,AO11,AT11) -> 4 | J11: =AVERAGE(Q11,V11,AA11,AF11,AK11,AP11,AU11) -> 3243.5435 | K11: =AVERAGE(R11,W11,AB11,AG11,AL11,AQ11,AV11) -> 810.88587 | M11: =RANK(K11, K$7:$K$43) -> 15 | P11: 4 | Q11: 3241.1778 | R11: =IFERROR(Q11/P11,"") -> 810.29445 | S11: =RANK(R11, R$7:R$43) -> 15 | U11: 4 | V11: 3241.8978 | W11: =IFERROR(V11/U11,"") -> 810.47445 | X11: =RANK(W11, W$7:W$43) -> 15 | Z11: 4 | AA11: 3242.9778 | AB11: =IFERROR(AA11/Z11,"") -> 810.74445 | AC11: =RANK(AB11, AB$7:AB$43) -> 15 | AE11: 4 | AF11: 3244.0578 | AG11: =IFERROR(AF11/AE11,"") -> 811.01445 | AH11: =RANK(AG11, AG$7:AG$43) -> 15 | AJ11: 4 | AK11: 3244.4178 | AL11: =IFERROR(AK11/AJ11,"") -> 811.10445 | AM11: =RANK(AL11, AL$7:AL$43) -> 18 | AO11: 4 | AP11: 3245.1378 | AQ11: =IFERROR(AP11/AO11,"") -> 811.28445 | AR11: =RANK(AQ11, AQ$7:AQ$43) -> 18 | AT11: 4 | AU11: 3245.1378 | AV11: =IFERROR(AU11/AT11,"") -> 811.28445 | AW11: =RANK(AV11, AV$7:AV$43) -> 18
C12: 6 | D12: 一配蔬食鮪魚飯糰 | E12: 3 | F12: 3600 | G12: =IFERROR(F12/E12,"") -> 1200 | I12: =AVERAGE(P12,U12,Z12,AE12,AJ12,AO12,AT12) -> 3 | J12: =AVERAGE(Q12,V12,AA12,AF12,AK12,AP12,AU12) -> 3243.0661 | K12: =AVERAGE(R12,W12,AB12,AG12,AL12,AQ12,AV12) -> 1081.022 | M12: =RANK(K12, K$7:$K$43) -> 6 | P12: 3 | Q12: 3242.2432 | R12: =IFERROR(Q12/P12,"") -> 1080.7477 | S12: =RANK(R12, R$7:R$43) -> 3 | U12: 3 | V12: 3242.6032 | W12: =IFERROR(V12/U12,"") -> 1080.8677 | X12: =RANK(W12, W$7:W$43) -> 3 | Z12: 3 | AA12: 3242.6032 | AB12: =IFERROR(AA12/Z12,"") -> 1080.8677 | AC12: =RANK(AB12, AB$7:AB$43) -> 3 | AE12: 3 | AF12: 3242.6032 | AG12: =IFERROR(AF12/AE12,"") -> 1080.8677 | AH12: =RANK(AG12, AG$7:AG$43) -> 5 | AJ12: 3 | AK12: 3242.9632 | AL12: =IFERROR(AK12/AJ12,"") -> 1080.9877 | AM12: =RANK(AL12, AL$7:AL$43) -> 7 | AO12: 3 | AP12: 3243.6832 | AQ12: =IFERROR(AP12/AO12,"") -> 1081.2277 | AR12: =RANK(AQ12, AQ$7:AQ$43) -> 6 | AT12: 3 | AU12: 3244.7632 | AV12: =IFERROR(AU12/AT12,"") -> 1081.5877 | AW12: =RANK(AV12, AV$7:AV$43) -> 5
C13: 7 | D13: 一配熟成紅鮭飯糰 | E13: 5 | F13: 3600 | G13: =IFERROR(F13/E13,"") -> 720 | I13: =AVERAGE(P13,U13,Z13,AE13,AJ13,AO13,AT13) -> 5 | J13: =AVERAGE(Q13,V13,AA13,AF13,AK13,AP13,AU13) -> 3246.9102 | K13: =AVERAGE(R13,W13,AB13,AG13,AL13,AQ13,AV13) -> 649.38204 | M13: =RANK(K13, K$7:$K$43) -> 27 | P13: 5 | Q13: 3245.4702 | R13: =IFERROR(Q13/P13,"") -> 649.09404 | S13: =RANK(R13, R$7:R$43) -> 27 | U13: 5 | V13: 3245.8302 | W13: =IFERROR(V13/U13,"") -> 649.16604 | X13: =RANK(W13, W$7:W$43) -> 26 | Z13: 5 | AA13: 3246.5502 | AB13: =IFERROR(AA13/Z13,"") -> 649.31004 | AC13: =RANK(AB13, AB$7:AB$43) -> 26 | AE13: 5 | AF13: 3246.5502 | AG13: =IFERROR(AF13/AE13,"") -> 649.31004 | AH13: =RANK(AG13, AG$7:AG$43) -> 26 | AJ13: 5 | AK13: 3247.2702 | AL13: =IFERROR(AK13/AJ13,"") -> 649.45404 | AM13: =RANK(AL13, AL$7:AL$43) -> 27 | AO13: 5 | AP13: 3247.9902 | AQ13: =IFERROR(AP13/AO13,"") -> 649.59804 | AR13: =RANK(AQ13, AQ$7:AQ$43) -> 27 | AT13: 5 | AU13: 3248.7102 | AV13: =IFERROR(AU13/AT13,"") -> 649.74204 | AW13: =RANK(AV13, AV$7:AV$43) -> 27
C14: 8 | D14: 一配北海道秋鮭親子飯糰 | E14: 5 | F14: 3600 | G14: =IFERROR(F14/E14,"") -> 720 | I14: =AVERAGE(P14,U14,Z14,AE14,AJ14,AO14,AT14) -> 5 | J14: =AVERAGE(Q14,V14,AA14,AF14,AK14,AP14,AU14) -> 3248.0427 | K14: =AVERAGE(R14,W14,AB14,AG14,AL14,AQ14,AV14) -> 649.60855 | M14: =RANK(K14, K$7:$K$43) -> 26 | P14: 5 | Q14: 3245.9856 | R14: =IFERROR(Q14/P14,"") -> 649.19712 | S14: =RANK(R14, R$7:R$43) -> 26 | U14: 5 | V14: 3246.3456 | W14: =IFERROR(V14/U14,"") -> 649.26912 | X14: =RANK(W14, W$7:W$43) -> 25 | Z14: 5 | AA14: 3247.4256 | AB14: =IFERROR(AA14/Z14,"") -> 649.48512 | AC14: =RANK(AB14, AB$7:AB$43) -> 25 | AE14: 5 | AF14: 3248.1456 | AG14: =IFERROR(AF14/AE14,"") -> 649.62912 | AH14: =RANK(AG14, AG$7:AG$43) -> 25 | AJ14: 5 | AK14: 3249.2256 | AL14: =IFERROR(AK14/AJ14,"") -> 649.84512 | AM14: =RANK(AL14, AL$7:AL$43) -> 25 | AO14: 5 | AP14: 3249.2256 | AQ14: =IFERROR(AP14/AO14,"") -> 649.84512 | AR14: =RANK(AQ14, AQ$7:AQ$43) -> 25 | AT14: 5 | AU14: 3249.9456 | AV14: =IFERROR(AU14/AT14,"") -> 649.98912 | AW14: =RANK(AV14, AV$7:AV$43) -> 25
C15: 9 | D15: 一配經典肉鬆飯糰 | E15: 3 | F15: 3000 | G15: =IFERROR(F15/E15,"") -> 1000 | I15: =AVERAGE(P15,U15,Z15,AE15,AJ15,AO15,AT15) -> 3 | J15: =AVERAGE(Q15,V15,AA15,AF15,AK15,AP15,AU15) -> 2764.9366 | K15: =AVERAGE(R15,W15,AB15,AG15,AL15,AQ15,AV15) -> 921.64554 | M15: =RANK(K15, K$7:$K$43) -> 12 | P15: 3 | Q15: 2763.2903 | R15: =IFERROR(Q15/P15,"") -> 921.09677 | S15: =RANK(R15, R$7:R$43) -> 11 | U15: 3 | V15: 2763.5903 | W15: =IFERROR(V15/U15,"") -> 921.19677 | X15: =RANK(W15, W$7:W$43) -> 11 | Z15: 3 | AA15: 2764.1903 | AB15: =IFERROR(AA15/Z15,"") -> 921.39677 | AC15: =RANK(AB15, AB$7:AB$43) -> 11 | AE15: 3 | AF15: 2764.7903 | AG15: =IFERROR(AF15/AE15,"") -> 921.59677 | AH15: =RANK(AG15, AG$7:AG$43) -> 12 | AJ15: 3 | AK15: 2765.3903 | AL15: =IFERROR(AK15/AJ15,"") -> 921.79677 | AM15: =RANK(AL15, AL$7:AL$43) -> 12 | AO15: 3 | AP15: 2765.9903 | AQ15: =IFERROR(AP15/AO15,"") -> 921.99677 | AR15: =RANK(AQ15, AQ$7:AQ$43) -> 12 | AT15: 3 | AU15: 2767.3145 | AV15: =IFERROR(AU15/AT15,"") -> 922.43816 | AW15: =RANK(AV15, AV$7:AV$43) -> 11
C16: 10 | D16: 一配兩粒飯糰(鮪魚.焦糖鮭魚) | E16: 12 | F16: 3600 | G16: =IFERROR(F16/E16,"") -> 300 | I16: =AVERAGE(P16,U16,Z16,AE16,AJ16,AO16,AT16) -> 12 | J16: =AVERAGE(Q16,V16,AA16,AF16,AK16,AP16,AU16) -> 3121.9815 | K16: =AVERAGE(R16,W16,AB16,AG16,AL16,AQ16,AV16) -> 260.16512 | M16: =RANK(K16, K$7:$K$43) -> 35 | P16: 12 | Q16: 3122.9603 | R16: =IFERROR(Q16/P16,"") -> 260.24669 | S16: =RANK(R16, R$7:R$43) -> 35 | U16: 12 | V16: 3122.6003 | W16: =IFERROR(V16/U16,"") -> 260.21669 | X16: =RANK(W16, W$7:W$43) -> 34 | Z16: 12 | AA16: 3121.5203 | AB16: =IFERROR(AA16/Z16,"") -> 260.12669 | AC16: =RANK(AB16, AB$7:AB$43) -> 34 | AE16: 12 | AF16: 3122.2403 | AG16: =IFERROR(AF16/AE16,"") -> 260.18669 | AH16: =RANK(AG16, AG$7:AG$43) -> 34 | AJ16: 12 | AK16: 3121.2764 | AL16: =IFERROR(AK16/AJ16,"") -> 260.10637 | AM16: =RANK(AL16, AL$7:AL$43) -> 34 | AO16: 12 | AP16: 3121.9964 | AQ16: =IFERROR(AP16/AO16,"") -> 260.16637 | AR16: =RANK(AQ16, AQ$7:AQ$43) -> 34 | AT16: 12 | AU16: 3121.2764 | AV16: =IFERROR(AU16/AT16,"") -> 260.10637 | AW16: =RANK(AV16, AV$7:AV$43) -> 34
C17: 11 | D17: 一配鮭魚奶油醬油飯糰 | E17: 3 | F17: 3300 | G17: =IFERROR(F17/E17,"") -> 1100 | I17: =AVERAGE(P17,U17,Z17,AE17,AJ17,AO17,AT17) -> 3 | J17: =AVERAGE(Q17,V17,AA17,AF17,AK17,AP17,AU17) -> 3039.2604 | K17: =AVERAGE(R17,W17,AB17,AG17,AL17,AQ17,AV17) -> 1013.0868 | M17: =RANK(K17, K$7:$K$43) -> 10 | P17: 3 | Q17: 3037.6652 | R17: =IFERROR(Q17/P17,"") -> 1012.5551 | S17: =RANK(R17, R$7:R$43) -> 10 | U17: 3 | V17: 3037.6652 | W17: =IFERROR(V17/U17,"") -> 1012.5551 | X17: =RANK(W17, W$7:W$43) -> 10 | Z17: 3 | AA17: 3037.9952 | AB17: =IFERROR(AA17/Z17,"") -> 1012.6651 | AC17: =RANK(AB17, AB$7:AB$43) -> 10 | AE17: 3 | AF17: 3038.6552 | AG17: =IFERROR(AF17/AE17,"") -> 1012.8851 | AH17: =RANK(AG17, AG$7:AG$43) -> 10 | AJ17: 3 | AK17: 3039.3152 | AL17: =IFERROR(AK17/AJ17,"") -> 1013.1051 | AM17: =RANK(AL17, AL$7:AL$43) -> 10 | AO17: 3 | AP17: 3039.6452 | AQ17: =IFERROR(AP17/AO17,"") -> 1013.2151 | AR17: =RANK(AQ17, AQ$7:AQ$43) -> 10 | AT17: 3 | AU17: 3043.8818 | AV17: =IFERROR(AU17/AT17,"") -> 1014.6273 | AW17: =RANK(AV17, AV$7:AV$43) -> 10
C18: 12 | D18: 一配椒鹽檸檬鯖魚飯糰 | E18: 3 | F18: 3600 | G18: =IFERROR(F18/E18,"") -> 1200 | I18: =AVERAGE(P18,U18,Z18,AE18,AJ18,AO18,AT18) -> 3 | J18: =AVERAGE(Q18,V18,AA18,AF18,AK18,AP18,AU18) -> 3244.3447 | K18: =AVERAGE(R18,W18,AB18,AG18,AL18,AQ18,AV18) -> 1081.4482 | M18: =RANK(K18, K$7:$K$43) -> 2 | P18: 3 | Q18: 3242.2361 | R18: =IFERROR(Q18/P18,"") -> 1080.7454 | S18: =RANK(R18, R$7:R$43) -> 4 | U18: 3 | V18: 3243.3161 | W18: =IFERROR(V18/U18,"") -> 1081.1054 | X18: =RANK(W18, W$7:W$43) -> 2 | Z18: 3 | AA18: 3244.0361 | AB18: =IFERROR(AA18/Z18,"") -> 1081.3454 | AC18: =RANK(AB18, AB$7:AB$43) -> 2 | AE18: 3 | AF18: 3244.7561 | AG18: =IFERROR(AF18/AE18,"") -> 1081.5854 | AH18: =RANK(AG18, AG$7:AG$43) -> 3 | AJ18: 3 | AK18: 3245.1161 | AL18: =IFERROR(AK18/AJ18,"") -> 1081.7054 | AM18: =RANK(AL18, AL$7:AL$43) -> 4 | AO18: 3 | AP18: 3245.4761 | AQ18: =IFERROR(AP18/AO18,"") -> 1081.8254 | AR18: =RANK(AQ18, AQ$7:AQ$43) -> 4 | AT18: 3 | AU18: 3245.4761 | AV18: =IFERROR(AU18/AT18,"") -> 1081.8254 | AW18: =RANK(AV18, AV$7:AV$43) -> 4
C19: 13 | D19: 一配黑胡椒洋蔥豬飯糰 | E19: 3 | F19: 3300 | G19: =IFERROR(F19/E19,"") -> 1100 | I19: =AVERAGE(P19,U19,Z19,AE19,AJ19,AO19,AT19) -> 3 | J19: =AVERAGE(Q19,V19,AA19,AF19,AK19,AP19,AU19) -> 3044.0251 | K19: =AVERAGE(R19,W19,AB19,AG19,AL19,AQ19,AV19) -> 1014.675 | M19: =RANK(K19, K$7:$K$43) -> 9 | P19: 3 | Q19: 3041.4001 | R19: =IFERROR(Q19/P19,"") -> 1013.8 | S19: =RANK(R19, R$7:R$43) -> 9 | U19: 3 | V19: 3042.0601 | W19: =IFERROR(V19/U19,"") -> 1014.02 | X19: =RANK(W19, W$7:W$43) -> 9 | Z19: 3 | AA19: 3042.7201 | AB19: =IFERROR(AA19/Z19,"") -> 1014.24 | AC19: =RANK(AB19, AB$7:AB$43) -> 9 | AE19: 3 | AF19: 3044.6738 | AG19: =IFERROR(AF19/AE19,"") -> 1014.8913 | AH19: =RANK(AG19, AG$7:AG$43) -> 9 | AJ19: 3 | AK19: 3045.3338 | AL19: =IFERROR(AK19/AJ19,"") -> 1015.1113 | AM19: =RANK(AL19, AL$7:AL$43) -> 9 | AO19: 3 | AP19: 3045.6638 | AQ19: =IFERROR(AP19/AO19,"") -> 1015.2213 | AR19: =RANK(AQ19, AQ$7:AQ$43) -> 9 | AT19: 3 | AU19: 3046.3238 | AV19: =IFERROR(AU19/AT19,"") -> 1015.4413 | AW19: =RANK(AV19, AV$7:AV$43) -> 9
... C36: 30 | D36: 二配大飯糰泡菜鮪魚 | E36: 4 | F36: 3000 | G36: =IFERROR(F36/E36,"") -> 750 | I36: =AVERAGE(P36,U36,Z36,AE36,AJ36,AO36,AT36) -> 4 | J36: =AVERAGE(Q36,V36,AA36,AF36,AK36,AP36,AU36) -> 2766.8502 | K36: =AVERAGE(R36,W36,AB36,AG36,AL36,AQ36,AV36) -> 691.71255 | M36: =RANK(K36, K$7:$K$43) -> 23 | P36: 4 | Q36: 2765.3074 | R36: =IFERROR(Q36/P36,"") -> 691.32684 | S36: =RANK(R36, R$7:R$43) -> 23 | U36: 4 | V36: 2765.6074 | W36: =IFERROR(V36/U36,"") -> 691.40184 | X36: =RANK(W36, W$7:W$43) -> 23 | Z36: 4 | AA36: 2766.2074 | AB36: =IFERROR(AA36/Z36,"") -> 691.55184 | AC36: =RANK(AB36, AB$7:AB$43) -> 23 | AE36: 4 | AF36: 2766.8074 | AG36: =IFERROR(AF36/AE36,"") -> 691.70184 | AH36: =RANK(AG36, AG$7:AG$43) -> 23 | AJ36: 4 | AK36: 2767.7074 | AL36: =IFERROR(AK36/AJ36,"") -> 691.92684 | AM36: =RANK(AL36, AL$7:AL$43) -> 23 | AO36: 4 | AP36: 2768.0074 | AQ36: =IFERROR(AP36/AO36,"") -> 692.00184 | AR36: =RANK(AQ36, AQ$7:AQ$43) -> 23 | AT36: 4 | AU36: 2768.3074 | AV36: =IFERROR(AU36/AT36,"") -> 692.07684 | AW36: =RANK(AV36, AV$7:AV$43) -> 23
C37: 31 | D37: 二配柚香雞胸五穀飯糰 | E37: 5 | F37: 3600 | G37: =IFERROR(F37/E37,"") -> 720 | I37: =AVERAGE(P37,U37,Z37,AE37,AJ37,AO37,AT37) -> 5 | J37: =AVERAGE(Q37,V37,AA37,AF37,AK37,AP37,AU37) -> 3258.3684 | K37: =AVERAGE(R37,W37,AB37,AG37,AL37,AQ37,AV37) -> 651.67368 | M37: =RANK(K37, K$7:$K$43) -> 25 | P37: 5 | Q37: 3258.3684 | R37: =IFERROR(Q37/P37,"") -> 651.67368 | S37: =RANK(R37, R$7:R$43) -> 25
C38: 32 | D38: 二配經典肉鬆飯糰 | E38: 3 | F38: 3000 | G38: =IFERROR(F38/E38,"") -> 1000 | I38: =AVERAGE(P38,U38,Z38,AE38,AJ38,AO38,AT38) -> 3 | J38: =AVERAGE(Q38,V38,AA38,AF38,AK38,AP38,AU38) -> 2762.9721 | K38: =AVERAGE(R38,W38,AB38,AG38,AL38,AQ38,AV38) -> 920.9907 | M38: =RANK(K38, K$7:$K$43) -> 13 | P38: 3 | Q38: 2761.0774 | R38: =IFERROR(Q38/P38,"") -> 920.35915 | S38: =RANK(R38, R$7:R$43) -> 13 | U38: 3 | V38: 2761.6774 | W38: =IFERROR(V38/U38,"") -> 920.55915 | X38: =RANK(W38, W$7:W$43) -> 13 | Z38: 3 | AA38: 2761.9774 | AB38: =IFERROR(AA38/Z38,"") -> 920.65915 | AC38: =RANK(AB38, AB$7:AB$43) -> 13 | AE38: 3 | AF38: 2762.8774 | AG38: =IFERROR(AF38/AE38,"") -> 920.95915 | AH38: =RANK(AG38, AG$7:AG$43) -> 13 | AJ38: 3 | AK38: 2762.8774 | AL38: =IFERROR(AK38/AJ38,"") -> 920.95915 | AM38: =RANK(AL38, AL$7:AL$43) -> 13 | AO38: 3 | AP38: 2763.4774 | AQ38: =IFERROR(AP38/AO38,"") -> 921.15915 | AR38: =RANK(AQ38, AQ$7:AQ$43) -> 13 | AT38: 3 | AU38: 2766.8401 | AV38: =IFERROR(AU38/AT38,"") -> 922.28002 | AW38: =RANK(AV38, AV$7:AV$43) -> 13
C39: 33 | D39: 二配兩粒飯糰(鮪魚.焦糖鮭魚) | E39: 12 | F39: 3600 | G39: =IFERROR(F39/E39,"") -> 300 | I39: =AVERAGE(P39,U39,Z39,AE39,AJ39,AO39,AT39) -> 12 | J39: =AVERAGE(Q39,V39,AA39,AF39,AK39,AP39,AU39) -> 3120.5552 | K39: =AVERAGE(R39,W39,AB39,AG39,AL39,AQ39,AV39) -> 260.04627 | M39: =RANK(K39, K$7:$K$43) -> 36 | P39: 12 | Q39: 3120.3279 | R39: =IFERROR(Q39/P39,"") -> 260.02733 | S39: =RANK(R39, R$7:R$43) -> 36 | U39: 12 | V39: 3120.7916 | W39: =IFERROR(V39/U39,"") -> 260.06597 | X39: =RANK(W39, W$7:W$43) -> 35 | Z39: 12 | AA39: 3119.7116 | AB39: =IFERROR(AA39/Z39,"") -> 259.97597 | AC39: =RANK(AB39, AB$7:AB$43) -> 35 | AE39: 12 | AF39: 3119.7116 | AG39: =IFERROR(AF39/AE39,"") -> 259.97597 | AH39: =RANK(AG39, AG$7:AG$43) -> 35 | AJ39: 12 | AK39: 3121.1516 | AL39: =IFERROR(AK39/AJ39,"") -> 260.09597 | AM39: =RANK(AL39, AL$7:AL$43) -> 35 | AO39: 12 | AP39: 3121.8716 | AQ39: =IFERROR(AP39/AO39,"") -> 260.15597 | AR39: =RANK(AQ39, AQ$7:AQ$43) -> 35 | AT39: 12 | AU39: 3120.3203 | AV39: =IFERROR(AU39/AT39,"") -> 260.02669 | AW39: =RANK(AV39, AV$7:AV$43) -> 35
C40: 34 | D40: 二配醬燒炙烤牛飯糰 | E40: 5 | F40: 3300 | G40: =IFERROR(F40/E40,"") -> 660 | I40: =AVERAGE(P40,U40,Z40,AE40,AJ40,AO40,AT40) -> 5 | J40: =AVERAGE(Q40,V40,AA40,AF40,AK40,AP40,AU40) -> 3041.206 | K40: =AVERAGE(R40,W40,AB40,AG40,AL40,AQ40,AV40) -> 608.2412 | M40: =RANK(K40, K$7:$K$43) -> 33 | P40: 5 | Q40: 3039.3632 | R40: =IFERROR(Q40/P40,"") -> 607.87265 | S40: =RANK(R40, R$7:R$43) -> 33 | U40: 5 | V40: 3040.0232 | W40: =IFERROR(V40/U40,"") -> 608.00465 | X40: =RANK(W40, W$7:W$43) -> 32 | Z40: 5 | AA40: 3040.6832 | AB40: =IFERROR(AA40/Z40,"") -> 608.13665 | AC40: =RANK(AB40, AB$7:AB$43) -> 32 | AE40: 5 | AF40: 3041.6732 | AG40: =IFERROR(AF40/AE40,"") -> 608.33465 | AH40: =RANK(AG40, AG$7:AG$43) -> 32 | AJ40: 5 | AK40: 3041.6732 | AL40: =IFERROR(AK40/AJ40,"") -> 608.33465 | AM40: =RANK(AL40, AL$7:AL$43) -> 33 | AO40: 5 | AP40: 3042.3332 | AQ40: =IFERROR(AP40/AO40,"") -> 608.46665 | AR40: =RANK(AQ40, AQ$7:AQ$43) -> 33 | AT40: 5 | AU40: 3042.6925 | AV40: =IFERROR(AU40/AT40,"") -> 608.53851 | AW40: =RANK(AV40, AV$7:AV$43) -> 33
C41: 35 | D41: 二配卵黃牛挽肉飯糰 | E41: 4 | F41: 3600 | G41: =IFERROR(F41/E41,"") -> 900 | I41: =AVERAGE(P41,U41,Z41,AE41,AJ41,AO41,AT41) -> 4 | J41: =AVERAGE(Q41,V41,AA41,AF41,AK41,AP41,AU41) -> 3173.1162 | K41: =AVERAGE(R41,W41,AB41,AG41,AL41,AQ41,AV41) -> 793.27906 | M41: =RANK(K41, K$7:$K$43) -> 17 | P41: 4 | Q41: 3022.9815 | R41: =IFERROR(Q41/P41,"") -> 755.74537 | S41: =RANK(R41, R$7:R$43) -> 20 | U41: 4 | V41: 3084.8921 | W41: =IFERROR(V41/U41,"") -> 771.22302 | X41: =RANK(W41, W$7:W$43) -> 17 | Z41: 4 | AA41: 3146.9296 | AB41: =IFERROR(AA41/Z41,"") -> 786.73239 | AC41: =RANK(AB41, AB$7:AB$43) -> 17 | AE41: 4 | AF41: 3215.9962 | AG41: =IFERROR(AF41/AE41,"") -> 803.99906 | AH41: =RANK(AG41, AG$7:AG$43) -> 17 | AJ41: 4 | AK41: 3246.5248 | AL41: =IFERROR(AK41/AJ41,"") -> 811.63119 | AM41: =RANK(AL41, AL$7:AL$43) -> 17 | AO41: 4 | AP41: 3247.2448 | AQ41: =IFERROR(AP41/AO41,"") -> 811.81119 | AR41: =RANK(AQ41, AQ$7:AQ$43) -> 16 | AT41: 4 | AU41: 3247.2448 | AV41: =IFERROR(AU41/AT41,"") -> 811.81119 | AW41: =RANK(AV41, AV$7:AV$43) -> 17
C42: 36 | D42: 二配生鱈魚子鮭魚飯糰 | E42: 4 | F42: 3600 | G42: =IFERROR(F42/E42,"") -> 900 | I42: =AVERAGE(P42,U42,Z42,AE42,AJ42,AO42,AT42) -> 4 | J42: =AVERAGE(Q42,V42,AA42,AF42,AK42,AP42,AU42) -> 3176.0524 | K42: =AVERAGE(R42,W42,AB42,AG42,AL42,AQ42,AV42) -> 794.0131 | M42: =RANK(K42, K$7:$K$43) -> 16 | P42: 4 | Q42: 3027.6505 | R42: =IFERROR(Q42/P42,"") -> 756.91262 | S42: =RANK(R42, R$7:R$43) -> 19 | U42: 4 | V42: 3087.5948 | W42: =IFERROR(V42/U42,"") -> 771.89871 | X42: =RANK(W42, W$7:W$43) -> 16 | Z42: 4 | AA42: 3149.3726 | AB42: =IFERROR(AA42/Z42,"") -> 787.34314 | AC42: =RANK(AB42, AB$7:AB$43) -> 16 | AE42: 4 | AF42: 3217.7074 | AG42: =IFERROR(AF42/AE42,"") -> 804.42684 | AH42: =RANK(AG42, AG$7:AG$43) -> 16 | AJ42: 4 | AK42: 3249.6539 | AL42: =IFERROR(AK42/AJ42,"") -> 812.41347 | AM42: =RANK(AL42, AL$7:AL$43) -> 15 | AO42: 4 | AP42: 3250.0139 | AQ42: =IFERROR(AP42/AO42,"") -> 812.50347 | AR42: =RANK(AQ42, AQ$7:AQ$43) -> 15 | AT42: 4 | AU42: 3250.3739 | AV42: =IFERROR(AU42/AT42,"") -> 812.59347 | AW42: =RANK(AV42, AV$7:AV$43) -> 15
C43: 37

Sheet （５-2）品群別人時生產性(18℃-壽司手卷)
B1: 9月平均人時性 | C1: =AVERAGE(L7) -> 295.69211
B2: 產線配置圖－每週更新(0901-0907) | N2: 資料繳交 | O2: 日期 | P2: 46266 | U2: 46267 | Z2: 46268 | AE2: 46269 | AJ2: 46270 | AO2: 46271 | AT2: 46272
P3: 46196 | U3: 46197 | Z3: 46198 | AE3: 46199 | AJ3: 46200 | AO3: 46201 | AT3: 46202
B4: 品群 | C4: 商品名稱 | E4: 計畫 | H4: 平均人時性 | I4: 實績 (週平均) | L4: 平均人時性 | M4: 排名 | O4: 日報 | P4: 實際 | T4: 平均人時性 | U4: 實際 | Y4: 平均人時性 | Z4: 實際 | AD4: 平均人時性 | AE4: 實際 | AI4: 平均人時性 | AJ4: 實際 | AN4: 平均人時性 | AO4: 實際 | AS4: 平均人時性 | AT4: 實際 | AX4: 平均人時性
E5: 產線配置圖 | I5: 產線配置圖 | P5: 生產實績 | U5: 生產實績 | Z5: 生產實績 | AE5: 生產實績 | AJ5: 生產實績 | AO5: 生產實績 | AT5: 生產實績
E6: 人數 | F6: 產能／時 | G6: 人時性 | I6: 人數 | J6: 產能／時 | K6: 人時性 | P6: 人數 | Q6: 產能／時 | R6: 人時性 | S6: 排名 | U6: 人數 | V6: 產能／時 | W6: 人時性 | X6: 排名 | Z6: 人數 | AA6: 產能／時 | AB6: 人時性 | AC6: 排名 | AE6: 人數 | AF6: 產能／時 | AG6: 人時性 | AH6: 排名 | AJ6: 人數 | AK6: 產能／時 | AL6: 人時性 | AM6: 排名 | AO6: 人數 | AP6: 產能／時 | AQ6: 人時性 | AR6: 排名 | AT6: 人數 | AU6: 產能／時 | AV6: 人時性 | AW6: 排名
B7: 18℃-壽司手卷 | C7: 1 | D7: 一配長野稻荷壽司 | E7: 10 | F7: 3600 | G7: =IFERROR(F7/E7,"") -> 360 | H7: =AVERAGE(G7:G21) -> 335.45455 | I7: =AVERAGE(P7,U7,Z7,AE7,AJ7,AO7,AT7) -> 10 | J7: =AVERAGE(Q7,V7,AA7,AF7,AK7,AP7,AU7) -> 3217.8153 | K7: =AVERAGE(R7,W7,AB7,AG7,AL7,AQ7,AV7) -> 321.78153 | L7: =IFERROR(AVERAGE(K7:K21),"-") -> 295.69211 | M7: =RANK(K7, K$7:$K$21) -> 1 | P7: 10 | Q7: 3217.6096 | R7: =IFERROR(Q7/P7,"") -> 321.76096 | S7: =RANK(R7, R$7:R$21) -> 1 | T7: =AVERAGE(R7:R21) -> 295.64554 | U7: 10 | V7: 3218.3296 | W7: =IFERROR(V7/U7,"") -> 321.83296 | X7: =RANK(W7, W$7:W$21) -> 1 | Y7: =AVERAGE(W7:W21) -> 295.68809 | Z7: 10 | AA7: 3217.2496 | AB7: =IFERROR(AA7/Z7,"") -> 321.72496 | AC7: =RANK(AB7, AB$7:AB$21) -> 1 | AD7: =AVERAGE(AB7:AB21) -> 295.68563 | AE7: 10 | AF7: 3217.9696 | AG7: =IFERROR(AF7/AE7,"") -> 321.79696 | AH7: =RANK(AG7, AG$7:AG$21) -> 1 | AI7: =AVERAGE(AG7:AG21) -> 295.6709 | AJ7: 10 | AK7: 3218.3296 | AL7: =IFERROR(AK7/AJ7,"") -> 321.83296 | AM7: =RANK(AL7, AL$7:AL$21) -> 1 | AN7: =AVERAGE(AL7:AL21) -> 295.67026 | AO7: 10 | AP7: 3218.3296 | AQ7: =IFERROR(AP7/AO7,"") -> 321.83296 | AR7: =RANK(AQ7, AQ$7:AQ$21) -> 1 | AS7: =AVERAGE(AQ7:AQ21) -> 295.72336 | AT7: 10 | AU7: 3216.8896 | AV7: =IFERROR(AU7/AT7,"") -> 321.68896 | AW7: =RANK(AV7, AV$7:AV$21) -> 1 | AX7: =AVERAGE(AV7:AV21) -> 295.761
C8: 2 | D8: 一配經典人氣雙手卷 | E8: 11 | F8: 3600 | G8: =IFERROR(F8/E8,"") -> 327.27273 | I8: =AVERAGE(P8,U8,Z8,AE8,AJ8,AO8,AT8) -> 11 | J8: =AVERAGE(Q8,V8,AA8,AF8,AK8,AP8,AU8) -> 3157.4405 | K8: =AVERAGE(R8,W8,AB8,AG8,AL8,AQ8,AV8) -> 287.04005 | M8: =RANK(K8, K$7:$K$21) -> 3 | P8: 11 | Q8: 3156.4909 | R8: =IFERROR(Q8/P8,"") -> 286.95372 | S8: =RANK(R8, R$7:R$21) -> 3 | U8: 11 | V8: 3156.8509 | W8: =IFERROR(V8/U8,"") -> 286.98645 | X8: =RANK(W8, W$7:W$21) -> 2 | Z8: 11 | AA8: 3157.2109 | AB8: =IFERROR(AA8/Z8,"") -> 287.01918 | AC8: =RANK(AB8, AB$7:AB$21) -> 3 | AE8: 11 | AF8: 3158.6509 | AG8: =IFERROR(AF8/AE8,"") -> 287.15009 | AH8: =RANK(AG8, AG$7:AG$21) -> 2 | AJ8: 11 | AK8: 3157.8667 | AL8: =IFERROR(AK8/AJ8,"") -> 287.07879 | AM8: =RANK(AL8, AL$7:AL$21) -> 3 | AO8: 11 | AP8: 3156.7867 | AQ8: =IFERROR(AP8/AO8,"") -> 286.98061 | AR8: =RANK(AQ8, AQ$7:AQ$21) -> 3 | AT8: 11 | AU8: 3158.2267 | AV8: =IFERROR(AU8/AT8,"") -> 287.11152 | AW8: =RANK(AV8, AV$7:AV$21) -> 3
C9: 3 | D9: 一配鮭鮪海饌雙手卷 | E9: 11 | F9: 3600 | G9: =IFERROR(F9/E9,"") -> 327.27273 | I9: =AVERAGE(P9,U9,Z9,AE9,AJ9,AO9,AT9) -> 11 | J9: =AVERAGE(Q9,V9,AA9,AF9,AK9,AP9,AU9) -> 3157.7078 | K9: =AVERAGE(R9,W9,AB9,AG9,AL9,AQ9,AV9) -> 287.06435 | M9: =RANK(K9, K$7:$K$21) -> 2 | P9: 11 | Q9: 3156.5062 | R9: =IFERROR(Q9/P9,"") -> 286.95511 | S9: =RANK(R9, R$7:R$21) -> 2 | U9: 11 | V9: 3156.5062 | W9: =IFERROR(V9/U9,"") -> 286.95511 | X9: =RANK(W9, W$7:W$21) -> 4 | Z9: 11 | AA9: 3158.3062 | AB9: =IFERROR(AA9/Z9,"") -> 287.11874 | AC9: =RANK(AB9, AB$7:AB$21) -> 2 | AE9: 11 | AF9: 3157.2262 | AG9: =IFERROR(AF9/AE9,"") -> 287.02056 | AH9: =RANK(AG9, AG$7:AG$21) -> 3 | AJ9: 11 | AK9: 3157.9462 | AL9: =IFERROR(AK9/AJ9,"") -> 287.08602 | AM9: =RANK(AL9, AL$7:AL$21) -> 2 | AO9: 11 | AP9: 3158.372 | AQ9: =IFERROR(AP9/AO9,"") -> 287.12473 | AR9: =RANK(AQ9, AQ$7:AQ$21) -> 2 | AT9: 11 | AU9: 3159.092 | AV9: =IFERROR(AU9/AT9,"") -> 287.19018 | AW9: =RANK(AV9, AV$7:AV$21) -> 2
C10: 4 | D10: 一配青木瓜雞絲泰泰雙手卷 | E10: 11 | F10: 3600 | G10: =IFERROR(F10/E10,"") -> 327.27273 | I10: =AVERAGE(P10,U10,Z10,AE10,AJ10,AO10,AT10) -> 11 | J10: =AVERAGE(Q10,V10,AA10,AF10,AK10,AP10,AU10) -> 3155.7078 | K10: =AVERAGE(R10,W10,AB10,AG10,AL10,AQ10,AV10) -> 286.88252 | M10: =RANK(K10, K$7:$K$21) -> 4 | P10: 11 | Q10: 3156.0362 | R10: =IFERROR(Q10/P10,"") -> 286.91238 | S10: =RANK(R10, R$7:R$21) -> 4 | U10: 11 | V10: 3156.7562 | W10: =IFERROR(V10/U10,"") -> 286.97783 | X10: =RANK(W10, W$7:W$21) -> 3 | Z10: 11 | AA10: 3155.6762 | AB10: =IFERROR(AA10/Z10,"") -> 286.87965 | AC10: =RANK(AB10, AB$7:AB$21) -> 4 | AE10: 11 | AF10: 3153.8762 | AG10: =IFERROR(AF10/AE10,"") -> 286.71601 | AH10: =RANK(AG10, AG$7:AG$21) -> 4 | AJ10: 11 | AK10: 3153.5162 | AL10: =IFERROR(AK10/AJ10,"") -> 286.68329 | AM10: =RANK(AL10, AL$7:AL$21) -> 4 | AO10: 11 | AP10: 3156.5068 | AQ10: =IFERROR(AP10/AO10,"") -> 286.95516 | AR10: =RANK(AQ10, AQ$7:AQ$21) -> 4 | AT10: 11 | AU10: 3157.5868 | AV10: =IFERROR(AU10/AT10,"") -> 287.05334 | AW10: =RANK(AV10, AV$7:AV$21) -> 4
C11: 5
C12: 6
C13: 7
C14: 8
C15: 9
C16: 10
C17: 11
C18: 12
C19: 13
C20: 14
C21: 15

Sheet （５-3）品群別人時生產性(4℃-飯糰)
B1: 9月平均人時性 | C1: =AVERAGE(L7) -> 119.39248
B2: 產線配置圖－每週更新(0901-0907) | N2: 資料繳交 | O2: 日期 | P2: 46266 | U2: 46267 | Z2: 46268 | AE2: 46269 | AJ2: 46270 | AO2: 46271 | AT2: 46272
P3: 46196 | U3: 46197 | Z3: 46198 | AE3: 46199 | AJ3: 46200 | AO3: 46201 | AT3: 46202
B4: 品群 | C4: 商品名稱 | E4: 計畫 | H4: 平均人時性 | I4: 實績 (週平均) | L4: 平均人時性 | M4: 排名 | O4: 日報 | P4: 實際 | T4: 平均人時性 | U4: 實際 | Y4: 平均人時性 | Z4: 實際 | AD4: 平均人時性 | AE4: 實際 | AI4: 平均人時性 | AJ4: 實際 | AN4: 平均人時性 | AO4: 實際 | AS4: 平均人時性 | AT4: 實際 | AX4: 平均人時性
E5: 產線配置圖 | I5: 產線配置圖 | P5: 生產實績 | U5: 生產實績 | Z5: 生產實績 | AE5: 生產實績 | AJ5: 生產實績 | AO5: 生產實績 | AT5: 生產實績
E6: 人數 | F6: 產能／時 | G6: 人時性 | I6: 人數 | J6: 產能／時 | K6: 人時性 | P6: 人數 | Q6: 產能／時 | R6: 人時性 | S6: 排名 | U6: 人數 | V6: 產能／時 | W6: 人時性 | X6: 排名 | Z6: 人數 | AA6: 產能／時 | AB6: 人時性 | AC6: 排名 | AE6: 人數 | AF6: 產能／時 | AG6: 人時性 | AH6: 排名 | AJ6: 人數 | AK6: 產能／時 | AL6: 人時性 | AM6: 排名 | AO6: 人數 | AP6: 產能／時 | AQ6: 人時性 | AR6: 排名 | AT6: 人數 | AU6: 產能／時 | AV6: 人時性 | AW6: 排名
B7: 4℃-飯糰 | C7: 1 | D7: 麻油雞飯糰 | E7: 21 | F7: 2790 | G7: =IFERROR(F7/E7,"") -> 132.85714 | H7: =AVERAGE(G7:G21) -> 132.85714 | I7: =AVERAGE(P7,U7,Z7,AE7,AJ7,AO7,AT7) -> 22 | J7: =AVERAGE(Q7,V7,AA7,AF7,AK7,AP7,AU7) -> 2626.6346 | K7: =AVERAGE(R7,W7,AB7,AG7,AL7,AQ7,AV7) -> 119.39248 | L7: =IFERROR(AVERAGE(K7:K21),"-") -> 119.39248 | M7: =RANK(K7, K$7:$K$21) -> 1 | P7: 22 | Q7: 2626.6346 | R7: =IFERROR(Q7/P7,"") -> 119.39248 | S7: =RANK(R7, R$7:R$21) -> 1 | T7: =AVERAGE(R7:R21) -> 119.39248 | U7: 22 | V7: 2626.6346 | W7: =IFERROR(V7/U7,"") -> 119.39248 | X7: =RANK(W7, W$7:W$21) -> 1 | Y7: =AVERAGE(W7:W21) -> 119.39248 | Z7: 22 | AA7: 2626.6346 | AB7: =IFERROR(AA7/Z7,"") -> 119.39248 | AC7: =RANK(AB7, AB$7:AB$21) -> 1 | AD7: =AVERAGE(AB7:AB21) -> 119.39248 | AE7: 22 | AF7: 2626.6346 | AG7: =IFERROR(AF7/AE7,"") -> 119.39248 | AH7: =RANK(AG7, AG$7:AG$21) -> 1 | AI7: =AVERAGE(AG7:AG21) -> 119.39248 | AJ7: 22 | AK7: 2626.6346 | AL7: =IFERROR(AK7/AJ7,"") -> 119.39248 | AM7: =RANK(AL7, AL$7:AL$21) -> 1 | AN7: =AVERAGE(AL7:AL21) -> 119.39248 | AO7: 22 | AP7: 2626.6346 | AQ7: =IFERROR(AP7/AO7,"") -> 119.39248 | AR7: =RANK(AQ7, AQ$7:AQ$21) -> 1 | AS7: =AVERAGE(AQ7:AQ21) -> 119.39248 | AT7: 22 | AU7: 2626.6346 | AV7: =IFERROR(AU7/AT7,"") -> 119.39248 | AW7: =RANK(AV7, AV$7:AV$21) -> 1 | AX7: =AVERAGE(AV7:AV21) -> 119.39248
C8: 2
C9: 3
C10: 4
C11: 5
C12: 6
C13: 7
C14: 8
C15: 9
C16: 10
C17: 11
C18: 12
C19: 13
... C21: 15

Sheet （５-4）品群別人時生產性(4℃-壽司手卷)
B1: 9月平均人時性 | C1: =AVERAGE(L7) -> 471.17142
B2: 產線配置圖－每週更新(0901-0907) | N2: 資料繳交 | O2: 日期 | P2: 46266 | U2: 46267 | Z2: 46268 | AE2: 46269 | AJ2: 46270 | AO2: 46271 | AT2: 46272
P3: 46196 | U3: 46197 | Z3: 46198 | AE3: 46199 | AJ3: 46200 | AO3: 46201 | AT3: 46202
B4: 品群 | C4: 商品名稱 | E4: 計畫 | H4: 平均人時性 | I4: 實績 (週平均) | L4: 平均人時性 | M4: 排名 | O4: 日報 | P4: 實際 | T4: 平均人時性 | U4: 實際 | Y4: 平均人時性 | Z4: 實際 | AD4: 平均人時性 | AE4: 實際 | AI4: 平均人時性 | AJ4: 實際 | AN4: 平均人時性 | AO4: 實際 | AS4: 平均人時性 | AT4: 實際 | AX4: 平均人時性
E5: 產線配置圖 | I5: 產線配置圖 | P5: 生產實績 | U5: 生產實績 | Z5: 生產實績 | AE5: 生產實績 | AJ5: 生產實績 | AO5: 生產實績 | AT5: 生產實績
E6: 人數 | F6: 產能／時 | G6: 人時性 | I6: 人數 | J6: 產能／時 | K6: 人時性 | P6: 人數 | Q6: 產能／時 | R6: 人時性 | S6: 排名 | U6: 人數 | V6: 產能／時 | W6: 人時性 | X6: 排名 | Z6: 人數 | AA6: 產能／時 | AB6: 人時性 | AC6: 排名 | AE6: 人數 | AF6: 產能／時 | AG6: 人時性 | AH6: 排名 | AJ6: 人數 | AK6: 產能／時 | AL6: 人時性 | AM6: 排名 | AO6: 人數 | AP6: 產能／時 | AQ6: 人時性 | AR6: 排名 | AT6: 人數 | AU6: 產能／時 | AV6: 人時性 | AW6: 排名
B7: 4℃-壽司手卷 | C7: 1 | D7: 鮪魚昆布細卷 | E7: 6 | F7: 4200 | G7: =IFERROR(F7/E7,"") -> 700 | H7: =AVERAGE(G7:G21) -> 521.07619 | I7: =AVERAGE(P7,U7,Z7,AE7,AJ7,AO7,AT7) -> 6 | J7: =AVERAGE(Q7,V7,AA7,AF7,AK7,AP7,AU7) -> 3793.5354 | K7: =AVERAGE(R7,W7,AB7,AG7,AL7,AQ7,AV7) -> 632.2559 | L7: =IFERROR(AVERAGE(K7:K21),"-") -> 471.17142 | M7: =RANK(K7, K$7:$K$21) -> 1 | P7: 6 | Q7: 3793.0634 | R7: =IFERROR(Q7/P7,"") -> 632.17723 | S7: =RANK(R7, R$7:R$21) -> 1 | T7: =AVERAGE(R7:R21) -> 471.15394 | U7: 6 | V7: 3793.0634 | W7: =IFERROR(V7/U7,"") -> 632.17723 | X7: =RANK(W7, W$7:W$21) -> 1 | Y7: =AVERAGE(W7:W21) -> 450.88034 | Z7: 6 | AA7: 3793.9034 | AB7: =IFERROR(AA7/Z7,"") -> 632.31723 | AC7: =RANK(AB7, AB$7:AB$21) -> 1 | AD7: =AVERAGE(AB7:AB21) -> 450.93126 | AE7: 6 | AF7: 3794.7434 | AG7: =IFERROR(AF7/AE7,"") -> 632.45723 | AH7: =RANK(AG7, AG$7:AG$21) -> 1 | AI7: =AVERAGE(AG7:AG21) -> 450.9533 | AJ7: 6 | AK7: 3794.3234 | AL7: =IFERROR(AK7/AJ7,"") -> 632.38723 | AM7: =RANK(AL7, AL$7:AL$21) -> 1 | AN7: =AVERAGE(AL7:AL21) -> 450.89823 | AO7: 6 | AP7: 3793.6655 | AQ7: =IFERROR(AP7/AO7,"") -> 632.27758 | AR7: =RANK(AQ7, AQ$7:AQ$21) -> 1 | AS7: =AVERAGE(AQ7:AQ21) -> 450.88037 | AT7: 6 | AU7: 3791.9855 | AV7: =IFERROR(AU7/AT7,"") -> 631.99758 | AW7: =RANK(AV7, AV$7:AV$21) -> 2 | AX7: =AVERAGE(AV7:AV21) -> 450.826
C8: 2 | D8: 肉鬆火腿細卷 | E8: 6 | F8: 4200 | G8: =IFERROR(F8/E8,"") -> 700 | I8: =AVERAGE(P8,U8,Z8,AE8,AJ8,AO8,AT8) -> 6 | J8: =AVERAGE(Q8,V8,AA8,AF8,AK8,AP8,AU8) -> 3792.2417 | K8: =AVERAGE(R8,W8,AB8,AG8,AL8,AQ8,AV8) -> 632.04028 | M8: =RANK(K8, K$7:$K$21) -> 2 | P8: 6 | Q8: 3792.4217 | R8: =IFERROR(Q8/P8,"") -> 632.07028 | S8: =RANK(R8, R$7:R$21) -> 2 | U8: 6 | V8: 3792.0017 | W8: =IFERROR(V8/U8,"") -> 632.00028 | X8: =RANK(W8, W$7:W$21) -> 2 | Z8: 6 | AA8: 3792.4217 | AB8: =IFERROR(AA8/Z8,"") -> 632.07028 | AC8: =RANK(AB8, AB$7:AB$21) -> 2 | AE8: 6 | AF8: 3792.8417 | AG8: =IFERROR(AF8/AE8,"") -> 632.14028 | AH8: =RANK(AG8, AG$7:AG$21) -> 2 | AJ8: 6 | AK8: 3792.0017 | AL8: =IFERROR(AK8/AJ8,"") -> 632.00028 | AM8: =RANK(AL8, AL$7:AL$21) -> 2 | AO8: 6 | AP8: 3791.5817 | AQ8: =IFERROR(AP8/AO8,"") -> 631.93028 | AR8: =RANK(AQ8, AQ$7:AQ$21) -> 2 | AT8: 6 | AU8: 3792.4217 | AV8: =IFERROR(AU8/AT8,"") -> 632.07028 | AW8: =RANK(AV8, AV$7:AV$21) -> 1
C9: 3 | D9: 海陸雙拼壽司 | E9: 20 | F9: 2100 | G9: =IFERROR(F9/E9,"") -> 105 | I9: =AVERAGE(P9,U9,Z9,AE9,AJ9,AO9,AT9) -> 20 | J9: =AVERAGE(Q9,V9,AA9,AF9,AK9,AP9,AU9) -> 1896.5483 | K9: =AVERAGE(R9,W9,AB9,AG9,AL9,AQ9,AV9) -> 94.827417 | M9: =RANK(K9, K$7:$K$21) -> 7 | P9: 20 | Q9: 1896.0083 | R9: =IFERROR(Q9/P9,"") -> 94.800417 | S9: =RANK(R9, R$7:R$21) -> 7 | U9: 20 | V9: 1896.8483 | W9: =IFERROR(V9/U9,"") -> 94.842417 | X9: =RANK(W9, W$7:W$21) -> 6 | Z9: 20 | AA9: 1897.6883 | AB9: =IFERROR(AA9/Z9,"") -> 94.884417 | AC9: =RANK(AB9, AB$7:AB$21) -> 6 | AE9: 20 | AF9: 1896.8483 | AG9: =IFERROR(AF9/AE9,"") -> 94.842417 | AH9: =RANK(AG9, AG$7:AG$21) -> 6 | AJ9: 20 | AK9: 1897.0583 | AL9: =IFERROR(AK9/AJ9,"") -> 94.852917 | AM9: =RANK(AL9, AL$7:AL$21) -> 6 | AO9: 20 | AP9: 1896.0083 | AQ9: =IFERROR(AP9/AO9,"") -> 94.800417 | AR9: =RANK(AQ9, AQ$7:AQ$21) -> 6 | AT9: 20 | AU9: 1895.3783 | AV9: =IFERROR(AU9/AT9,"") -> 94.768917 | AW9: =RANK(AV9, AV$7:AV$21) -> 6
C10: 4 | D10: 厚香料優格咖哩烤雞飯卷 | E10: 5 | F10: 3273 | G10: =IFERROR(F10/E10,"") -> 654.6 | I10: =AVERAGE(P10,U10,Z10,AE10,AJ10,AO10,AT10) -> 5 | J10: =AVERAGE(Q10,V10,AA10,AF10,AK10,AP10,AU10) -> 2964.2543 | K10: =AVERAGE(R10,W10,AB10,AG10,AL10,AQ10,AV10) -> 592.85086 | M10: =RANK(K10, K$7:$K$21) -> 4 | P10: 5 | Q10: 2964.2543 | R10: =IFERROR(Q10/P10,"") -> 592.85086 | S10: =RANK(R10, R$7:R$21) -> 3
C11: 5 | D11: 醬油生鮭脆卷 | E11: 6 | F11: 2500 | G11: =IFERROR(F11/E11,"") -> 416.66667 | I11: =AVERAGE(P11,U11,Z11,AE11,AJ11,AO11,AT11) -> 6 | J11: =AVERAGE(Q11,V11,AA11,AF11,AK11,AP11,AU11) -> 2259.7799 | K11: =AVERAGE(R11,W11,AB11,AG11,AL11,AQ11,AV11) -> 376.62999 | M11: =RANK(K11, K$7:$K$21) -> 6 | P11: 6 | Q11: 2260.1014 | R11: =IFERROR(Q11/P11,"") -> 376.68356 | S11: =RANK(R11, R$7:R$21) -> 6 | U11: 6 | V11: 2260.6014 | W11: =IFERROR(V11/U11,"") -> 376.7669 | X11: =RANK(W11, W$7:W$21) -> 4 | Z11: 6 | AA11: 2259.8514 | AB11: =IFERROR(AA11/Z11,"") -> 376.6419 | AC11: =RANK(AB11, AB$7:AB$21) -> 5 | AE11: 6 | AF11: 2258.8514 | AG11: =IFERROR(AF11/AE11,"") -> 376.47523 | AH11: =RANK(AG11, AG$7:AG$21) -> 5 | AJ11: 6 | AK11: 2259.6014 | AL11: =IFERROR(AK11/AJ11,"") -> 376.60023 | AM11: =RANK(AL11, AL$7:AL$21) -> 4 | AO11: 6 | AP11: 2260.1014 | AQ11: =IFERROR(AP11/AO11,"") -> 376.68356 | AR11: =RANK(AQ11, AQ$7:AQ$21) -> 4 | AT11: 6 | AU11: 2259.3514 | AV11: =IFERROR(AU11/AT11,"") -> 376.55856 | AW11: =RANK(AV11, AV$7:AV$21) -> 5
C12: 6 | D12: 蔥花生鮪魚脆卷 | E12: 6 | F12: 2500 | G12: =IFERROR(F12/E12,"") -> 416.66667 | I12: =AVERAGE(P12,U12,Z12,AE12,AJ12,AO12,AT12) -> 6 | J12: =AVERAGE(Q12,V12,AA12,AF12,AK12,AP12,AU12) -> 2259.9072 | K12: =AVERAGE(R12,W12,AB12,AG12,AL12,AQ12,AV12) -> 376.6512 | M12: =RANK(K12, K$7:$K$21) -> 5 | P12: 6 | Q12: 2260.3715 | R12: =IFERROR(Q12/P12,"") -> 376.72858 | S12: =RANK(R12, R$7:R$21) -> 5 | U12: 6 | V12: 2260.3715 | W12: =IFERROR(V12/U12,"") -> 376.72858 | X12: =RANK(W12, W$7:W$21) -> 5 | Z12: 6 | AA12: 2259.8715 | AB12: =IFERROR(AA12/Z12,"") -> 376.64525 | AC12: =RANK(AB12, AB$7:AB$21) -> 4 | AE12: 6 | AF12: 2259.8715 | AG12: =IFERROR(AF12/AE12,"") -> 376.64525 | AH12: =RANK(AG12, AG$7:AG$21) -> 4 | AJ12: 6 | AK12: 2259.1215 | AL12: =IFERROR(AK12/AJ12,"") -> 376.52025 | AM12: =RANK(AL12, AL$7:AL$21) -> 5 | AO12: 6 | AP12: 2259.3715 | AQ12: =IFERROR(AP12/AO12,"") -> 376.56191 | AR12: =RANK(AQ12, AQ$7:AQ$21) -> 5 | AT12: 6 | AU12: 2260.3715 | AV12: =IFERROR(AU12/AT12,"") -> 376.72858 | AW12: =RANK(AV12, AV$7:AV$21) -> 4
C13: 7 | D13: 香濃明太子嫩雞飯卷 | E13: 5 | F13: 3273 | G13: =IFERROR(F13/E13,"") -> 654.6 | I13: =AVERAGE(P13,U13,Z13,AE13,AJ13,AO13,AT13) -> 5 | J13: =AVERAGE(Q13,V13,AA13,AF13,AK13,AP13,AU13) -> 2964.7215 | K13: =AVERAGE(R13,W13,AB13,AG13,AL13,AQ13,AV13) -> 592.9443 | M13: =RANK(K13, K$7:$K$21) -> 3 | P13: 5 | Q13: 2963.8331 | R13: =IFERROR(Q13/P13,"") -> 592.76663 | S13: =RANK(R13, R$7:R$21) -> 4 | U13: 5 | V13: 2963.8331 | W13: =IFERROR(V13/U13,"") -> 592.76663 | X13: =RANK(W13, W$7:W$21) -> 3 | Z13: 5 | AA13: 2965.1423 | AB13: =IFERROR(AA13/Z13,"") -> 593.02847 | AC13: =RANK(AB13, AB$7:AB$21) -> 3 | AE13: 5 | AF13: 2965.7969 | AG13: =IFERROR(AF13/AE13,"") -> 593.15939 | AH13: =RANK(AG13, AG$7:AG$21) -> 3 | AJ13: 5 | AK13: 2965.1423 | AL13: =IFERROR(AK13/AJ13,"") -> 593.02847 | AM13: =RANK(AL13, AL$7:AL$21) -> 3 | AO13: 5 | AP13: 2965.1423 | AQ13: =IFERROR(AP13/AO13,"") -> 593.02847 | AR13: =RANK(AQ13, AQ$7:AQ$21) -> 3 | AT13: 5 | AU13: 2964.1604 | AV13: =IFERROR(AU13/AT13,"") -> 592.83209 | AW13: =RANK(AV13, AV$7:AV$21) -> 3
C14: 8
C15: 9
C16: 10
C17: 11
C18: 12
C19: 13
C20: 14
C21: 15

Sheet （５-5）品群別人時生產性(微波主食) 
B1: 9月平均人時性 | C1: =AVERAGE(L7) -> 84.966442
B2: 產線配置圖－每週更新(0901-0907) | N2: 資料繳交 | O2: 日期 | P2: 46266 | U2: 46267 | Z2: 46268 | AE2: 46269 | AJ2: 46270 | AO2: 46271 | AT2: 46272
P3: 46196 | U3: 46197 | Z3: 46198 | AE3: 46199 | AJ3: 46200 | AO3: 46201 | AT3: 46202
B4: 品群 | C4: 商品名稱 | E4: 計畫 | H4: 平均人時性 | I4: 實績 (週平均) | L4: 平均人時性 | M4: 排名 | O4: 日報 | P4: 實際 | T4: 平均人時性 | U4: 實際 | Y4: 平均人時性 | Z4: 實際 | AD4: 平均人時性 | AE4: 實際 | AI4: 平均人時性 | AJ4: 實際 | AN4: 平均人時性 | AO4: 實際 | AS4: 平均人時性 | AT4: 實際 | AX4: 平均人時性
E5: 產線配置圖 | I5: 產線配置圖 | P5: 生產實績 | U5: 生產實績 | Z5: 生產實績 | AE5: 生產實績 | AJ5: 生產實績 | AO5: 生產實績 | AT5: 生產實績
E6: 人數 | F6: 產能／時 | G6: 人時性 | I6: 人數 | J6: 產能／時 | K6: 人時性 | P6: 人數 | Q6: 產能／時 | R6: 人時性 | S6: 排名 | U6: 人數 | V6: 產能／時 | W6: 人時性 | X6: 排名 | Z6: 人數 | AA6: 產能／時 | AB6: 人時性 | AC6: 排名 | AE6: 人數 | AF6: 產能／時 | AG6: 人時性 | AH6: 排名 | AJ6: 人數 | AK6: 產能／時 | AL6: 人時性 | AM6: 排名 | AO6: 人數 | AP6: 產能／時 | AQ6: 人時性 | AR6: 排名 | AT6: 人數 | AU6: 產能／時 | AV6: 人時性 | AW6: 排名
B7: 微波主食 | C7: 1 | D7: 糖燻野郎三十天熟成牛飯 | E7: 24 | F7: 2000 | G7: =IFERROR(F7/E7,"") -> 83.333333 | H7: =AVERAGE(G7:G21) -> 92.033299 | I7: =AVERAGE(P7,U7,Z7,AE7,AJ7,AO7,AT7) -> 24 | J7: =AVERAGE(Q7,V7,AA7,AF7,AK7,AP7,AU7) -> 1806.3548 | K7: =AVERAGE(R7,W7,AB7,AG7,AL7,AQ7,AV7) -> 75.264784 | L7: =IFERROR(AVERAGE(K7:K21),"-") -> 84.966442 | M7: =RANK(K7, K$7:$K$21) -> 8 | P7: 24 | Q7: 1806.7548 | R7: =IFERROR(Q7/P7,"") -> 75.281451 | S7: =RANK(R7, R$7:R$21) -> 8 | T7: =AVERAGE(R7:R21) -> 84.958089 | U7: 24 | V7: 1806.5548 | W7: =IFERROR(V7/U7,"") -> 75.273118 | X7: =RANK(W7, W$7:W$21) -> 8 | Y7: =AVERAGE(W7:W21) -> 84.971688 | Z7: 24 | AA7: 1806.1548 | AB7: =IFERROR(AA7/Z7,"") -> 75.256451 | AC7: =RANK(AB7, AB$7:AB$21) -> 8 | AD7: =AVERAGE(AB7:AB21) -> 84.976362 | AE7: 24 | AF7: 1805.9548 | AG7: =IFERROR(AF7/AE7,"") -> 75.248118 | AH7: =RANK(AG7, AG$7:AG$21) -> 8 | AI7: =AVERAGE(AG7:AG21) -> 84.96874 | AJ7: 24 | AK7: 1806.7548 | AL7: =IFERROR(AK7/AJ7,"") -> 75.281451 | AM7: =RANK(AL7, AL$7:AL$21) -> 8 | AN7: =AVERAGE(AL7:AL21) -> 84.969836 | AO7: 24 | AP7: 1806.5548 | AQ7: =IFERROR(AP7/AO7,"") -> 75.273118 | AR7: =RANK(AQ7, AQ$7:AQ$21) -> 8 | AS7: =AVERAGE(AQ7:AQ21) -> 84.962091 | AT7: 24 | AU7: 1805.7548 | AV7: =IFERROR(AU7/AT7,"") -> 75.239784 | AW7: =RANK(AV7, AV$7:AV$21) -> 8 | AX7: =AVERAGE(AV7:AV21) -> 84.958289
C8: 2 | D8: 日式鮭魚茶泡烤飯 | E8: 21 | F8: 1800 | G8: =IFERROR(F8/E8,"") -> 85.714286 | I8: =AVERAGE(P8,U8,Z8,AE8,AJ8,AO8,AT8) -> 21 | J8: =AVERAGE(Q8,V8,AA8,AF8,AK8,AP8,AU8) -> 1627.1764 | K8: =AVERAGE(R8,W8,AB8,AG8,AL8,AQ8,AV8) -> 77.484588 | M8: =RANK(K8, K$7:$K$21) -> 7 | P8: 21 | Q8: 1626.4049 | R8: =IFERROR(Q8/P8,"") -> 77.447854 | S8: =RANK(R8, R$7:R$21) -> 7 | U8: 21 | V8: 1627.1249 | W8: =IFERROR(V8/U8,"") -> 77.482139 | X8: =RANK(W8, W$7:W$21) -> 7 | Z8: 21 | AA8: 1627.1249 | AB8: =IFERROR(AA8/Z8,"") -> 77.482139 | AC8: =RANK(AB8, AB$7:AB$21) -> 7 | AE8: 21 | AF8: 1626.4049 | AG8: =IFERROR(AF8/AE8,"") -> 77.447854 | AH8: =RANK(AG8, AG$7:AG$21) -> 7 | AJ8: 21 | AK8: 1627.3049 | AL8: =IFERROR(AK8/AJ8,"") -> 77.490711 | AM8: =RANK(AL8, AL$7:AL$21) -> 7 | AO8: 21 | AP8: 1627.8449 | AQ8: =IFERROR(AP8/AO8,"") -> 77.516425 | AR8: =RANK(AQ8, AQ$7:AQ$21) -> 7 | AT8: 21 | AU8: 1628.0249 | AV8: =IFERROR(AU8/AT8,"") -> 77.524996 | AW8: =RANK(AV8, AV$7:AV$21) -> 7
C9: 3 | D9: 二配里肌豬排可可咖哩歐姆蛋飯 | E9: 23 | F9: 2000 | G9: =IFERROR(F9/E9,"") -> 86.956522 | I9: =AVERAGE(P9,U9,Z9,AE9,AJ9,AO9,AT9) -> 23 | J9: =AVERAGE(Q9,V9,AA9,AF9,AK9,AP9,AU9) -> 1804.7381 | K9: =AVERAGE(R9,W9,AB9,AG9,AL9,AQ9,AV9) -> 78.466876 | M9: =RANK(K9, K$7:$K$21) -> 5 | P9: 23 | Q9: 1803.9667 | R9: =IFERROR(Q9/P9,"") -> 78.433336 | S9: =RANK(R9, R$7:R$21) -> 6 | U9: 23 | V9: 1804.9667 | W9: =IFERROR(V9/U9,"") -> 78.476814 | X9: =RANK(W9, W$7:W$21) -> 5 | Z9: 23 | AA9: 1805.1667 | AB9: =IFERROR(AA9/Z9,"") -> 78.48551 | AC9: =RANK(AB9, AB$7:AB$21) -> 5 | AE9: 23 | AF9: 1804.7667 | AG9: =IFERROR(AF9/AE9,"") -> 78.468118 | AH9: =RANK(AG9, AG$7:AG$21) -> 5 | AJ9: 23 | AK9: 1805.1667 | AL9: =IFERROR(AK9/AJ9,"") -> 78.48551 | AM9: =RANK(AL9, AL$7:AL$21) -> 5 | AO9: 23 | AP9: 1804.7667 | AQ9: =IFERROR(AP9/AO9,"") -> 78.468118 | AR9: =RANK(AQ9, AQ$7:AQ$21) -> 4 | AT9: 23 | AU9: 1804.3667 | AV9: =IFERROR(AU9/AT9,"") -> 78.450727 | AW9: =RANK(AV9, AV$7:AV$21) -> 4
C10: 4 | D10: 二配黃金雞排蘑菇白醬歐姆蛋飯 | E10: 23 | F10: 2000 | G10: =IFERROR(F10/E10,"") -> 86.956522 | I10: =AVERAGE(P10,U10,Z10,AE10,AJ10,AO10,AT10) -> 23 | J10: =AVERAGE(Q10,V10,AA10,AF10,AK10,AP10,AU10) -> 1804.19 | K10: =AVERAGE(R10,W10,AB10,AG10,AL10,AQ10,AV10) -> 78.443043 | M10: =RANK(K10, K$7:$K$21) -> 6 | P10: 23 | Q10: 1804.4186 | R10: =IFERROR(Q10/P10,"") -> 78.452981 | S10: =RANK(R10, R$7:R$21) -> 5 | U10: 23 | V10: 1805.2186 | W10: =IFERROR(V10/U10,"") -> 78.487764 | X10: =RANK(W10, W$7:W$21) -> 4 | Z10: 23 | AA10: 1804.4186 | AB10: =IFERROR(AA10/Z10,"") -> 78.452981 | AC10: =RANK(AB10, AB$7:AB$21) -> 6 | AE10: 23 | AF10: 1804.2186 | AG10: =IFERROR(AF10/AE10,"") -> 78.444285 | AH10: =RANK(AG10, AG$7:AG$21) -> 6 | AJ10: 23 | AK10: 1804.0186 | AL10: =IFERROR(AK10/AJ10,"") -> 78.43559 | AM10: =RANK(AL10, AL$7:AL$21) -> 6 | AO10: 23 | AP10: 1803.4186 | AQ10: =IFERROR(AP10/AO10,"") -> 78.409503 | AR10: =RANK(AQ10, AQ$7:AQ$21) -> 6 | AT10: 23 | AU10: 1803.6186 | AV10: =IFERROR(AU10/AT10,"") -> 78.418198 | AW10: =RANK(AV10, AV$7:AV$21) -> 6
C11: 5 | D11: 二配哞哞培根奶香海陸焗飯 | E11: 23 | F11: 2000 | G11: =IFERROR(F11/E11,"") -> 86.956522 | I11: =AVERAGE(P11,U11,Z11,AE11,AJ11,AO11,AT11) -> 23 | J11: =AVERAGE(Q11,V11,AA11,AF11,AK11,AP11,AU11) -> 1805.0158 | K11: =AVERAGE(R11,W11,AB11,AG11,AL11,AQ11,AV11) -> 78.478949 | M11: =RANK(K11, K$7:$K$21) -> 4 | P11: 23 | Q11: 1804.9015 | R11: =IFERROR(Q11/P11,"") -> 78.47398 | S11: =RANK(R11, R$7:R$21) -> 4 | U11: 23 | V11: 1804.9015 | W11: =IFERROR(V11/U11,"") -> 78.47398 | X11: =RANK(W11, W$7:W$21) -> 6 | Z11: 23 | AA11: 1805.5015 | AB11: =IFERROR(AA11/Z11,"") -> 78.500067 | AC11: =RANK(AB11, AB$7:AB$21) -> 4 | AE11: 23 | AF11: 1805.9015 | AG11: =IFERROR(AF11/AE11,"") -> 78.517458 | AH11: =RANK(AG11, AG$7:AG$21) -> 4 | AJ11: 23 | AK11: 1805.3015 | AL11: =IFERROR(AK11/AJ11,"") -> 78.491371 | AM11: =RANK(AL11, AL$7:AL$21) -> 4 | AO11: 23 | AP11: 1804.5015 | AQ11: =IFERROR(AP11/AO11,"") -> 78.456589 | AR11: =RANK(AQ11, AQ$7:AQ$21) -> 5 | AT11: 23 | AU11: 1804.1015 | AV11: =IFERROR(AU11/AT11,"") -> 78.439197 | AW11: =RANK(AV11, AV$7:AV$21) -> 5
C12: 6 | D12: 二配濃起司燻腸紅醬焗烤飯 | E12: 20 | F12: 2000 | G12: =IFERROR(F12/E12,"") -> 100 | I12: =AVERAGE(P12,U12,Z12,AE12,AJ12,AO12,AT12) -> 19 | J12: =AVERAGE(Q12,V12,AA12,AF12,AK12,AP12,AU12) -> 1806.0286 | K12: =AVERAGE(R12,W12,AB12,AG12,AL12,AQ12,AV12) -> 95.054135 | M12: =RANK(K12, K$7:$K$21) -> 2 | P12: 19 | Q12: 1805.6 | R12: =IFERROR(Q12/P12,"") -> 95.031579 | S12: =RANK(R12, R$7:R$21) -> 2 | U12: 19 | V12: 1806 | W12: =IFERROR(V12/U12,"") -> 95.052632 | X12: =RANK(W12, W$7:W$21) -> 2 | Z12: 19 | AA12: 1806.2 | AB12: =IFERROR(AA12/Z12,"") -> 95.063158 | AC12: =RANK(AB12, AB$7:AB$21) -> 2 | AE12: 19 | AF12: 1807 | AG12: =IFERROR(AF12/AE12,"") -> 95.105263 | AH12: =RANK(AG12, AG$7:AG$21) -> 2 | AJ12: 19 | AK12: 1805.2 | AL12: =IFERROR(AK12/AJ12,"") -> 95.010526 | AM12: =RANK(AL12, AL$7:AL$21) -> 2 | AO12: 19 | AP12: 1806.8 | AQ12: =IFERROR(AP12/AO12,"") -> 95.094737 | AR12: =RANK(AQ12, AQ$7:AQ$21) -> 2 | AT12: 19 | AU12: 1805.4 | AV12: =IFERROR(AU12/AT12,"") -> 95.021053 | AW12: =RANK(AV12, AV$7:AV$21) -> 2
C13: 7 | D13: 二配香烤魚排青醬燉飯 | E13: 18 | F13: 2000 | G13: =IFERROR(F13/E13,"") -> 111.11111 | I13: =AVERAGE(P13,U13,Z13,AE13,AJ13,AO13,AT13) -> 17 | J13: =AVERAGE(Q13,V13,AA13,AF13,AK13,AP13,AU13) -> 1806.1143 | K13: =AVERAGE(R13,W13,AB13,AG13,AL13,AQ13,AV13) -> 106.24202 | M13: =RANK(K13, K$7:$K$21) -> 1 | P13: 17 | Q13: 1805.8 | R13: =IFERROR(Q13/P13,"") -> 106.22353 | S13: =RANK(R13, R$7:R$21) -> 1 | U13: 17 | V13: 1806.2 | W13: =IFERROR(V13/U13,"") -> 106.24706 | X13: =RANK(W13, W$7:W$21) -> 1 | Z13: 17 | AA13: 1806.6 | AB13: =IFERROR(AA13/Z13,"") -> 106.27059 | AC13: =RANK(AB13, AB$7:AB$21) -> 1 | AE13: 17 | AF13: 1806.4 | AG13: =IFERROR(AF13/AE13,"") -> 106.25882 | AH13: =RANK(AG13, AG$7:AG$21) -> 1 | AJ13: 17 | AK13: 1805.8 | AL13: =IFERROR(AK13/AJ13,"") -> 106.22353 | AM13: =RANK(AL13, AL$7:AL$21) -> 1 | AO13: 17 | AP13: 1805.2 | AQ13: =IFERROR(AP13/AO13,"") -> 106.18824 | AR13: =RANK(AQ13, AQ$7:AQ$21) -> 1 | AT13: 17 | AU13: 1806.8 | AV13: =IFERROR(AU13/AT13,"") -> 106.28235 | AW13: =RANK(AV13, AV$7:AV$21) -> 1
C14: 8 | D14: 二配西班牙風味海鮮燉飯 | E14: 21 | F14: 2000 | G14: =IFERROR(F14/E14,"") -> 95.238095 | I14: =AVERAGE(P14,U14,Z14,AE14,AJ14,AO14,AT14) -> 20 | J14: =AVERAGE(Q14,V14,AA14,AF14,AK14,AP14,AU14) -> 1805.9429 | K14: =AVERAGE(R14,W14,AB14,AG14,AL14,AQ14,AV14) -> 90.297143 | M14: =RANK(K14, K$7:$K$21) -> 3 | P14: 20 | Q14: 1806.4 | R14: =IFERROR(Q14/P14,"") -> 90.32 | S14: =RANK(R14, R$7:R$21) -> 3 | U14: 20 | V14: 1805.6 | W14: =IFERROR(V14/U14,"") -> 90.28 | X14: =RANK(W14, W$7:W$21) -> 3 | Z14: 20 | AA14: 1806 | AB14: =IFERROR(AA14/Z14,"") -> 90.3 | AC14: =RANK(AB14, AB$7:AB$21) -> 3 | AE14: 20 | AF14: 1805.2 | AG14: =IFERROR(AF14/AE14,"") -> 90.26 | AH14: =RANK(AG14, AG$7:AG$21) -> 3 | AJ14: 20 | AK14: 1806.8 | AL14: =IFERROR(AK14/AJ14,"") -> 90.34 | AM14: =RANK(AL14, AL$7:AL$21) -> 3 | AO14: 20 | AP14: 1805.8 | AQ14: =IFERROR(AP14/AO14,"") -> 90.29 | AR14: =RANK(AQ14, AQ$7:AQ$21) -> 3 | AT14: 20 | AU14: 1805.8 | AV14: =IFERROR(AU14/AT14,"") -> 90.29 | AW14: =RANK(AV14, AV$7:AV$21) -> 3
C15: 9
C16: 10
C17: 11
C18: 12
C19: 13
C20: 14
C21: 15

Sheet （５-6）品群別人時生產性(便當)
B1: 9月平均人時性 | C1: =AVERAGE(L7) -> 80.052277
B2: 產線配置圖－每週更新(0901-0907) | N2: 資料繳交 | O2: 日期 | P2: 46266 | U2: 46267 | Z2: 46268 | AE2: 46269 | AJ2: 46270 | AO2: 46271 | AT2: 46272
P3: 46196 | U3: 46197 | Z3: 46198 | AE3: 46199 | AJ3: 46200 | AO3: 46201 | AT3: 46202
B4: 品群 | C4: 商品名稱 | E4: 計畫 | H4: 平均人時性 | I4: 實績 (週平均) | L4: 平均人時性 | M4: 排名 | O4: 日報 | P4: 實際 | T4: 平均人時性 | U4: 實際 | Y4: 平均人時性 | Z4: 實際 | AD4: 平均人時性 | AE4: 實際 | AI4: 平均人時性 | AJ4: 實際 | AN4: 平均人時性 | AO4: 實際 | AS4: 平均人時性 | AT4: 實際 | AX4: 平均人時性
E5: 產線配置圖 | I5: 產線配置圖 | P5: 生產實績 | U5: 生產實績 | Z5: 生產實績 | AE5: 生產實績 | AJ5: 生產實績 | AO5: 生產實績 | AT5: 生產實績
E6: 人數 | F6: 產能／時 | G6: 人時性 | I6: 人數 | J6: 產能／時 | K6: 人時性 | P6: 人數 | Q6: 產能／時 | R6: 人時性 | S6: 排名 | U6: 人數 | V6: 產能／時 | W6: 人時性 | X6: 排名 | Z6: 人數 | AA6: 產能／時 | AB6: 人時性 | AC6: 排名 | AE6: 人數 | AF6: 產能／時 | AG6: 人時性 | AH6: 排名 | AJ6: 人數 | AK6: 產能／時 | AL6: 人時性 | AM6: 排名 | AO6: 人數 | AP6: 產能／時 | AQ6: 人時性 | AR6: 排名 | AT6: 人數 | AU6: 產能／時 | AV6: 人時性 | AW6: 排名
B7: 便當 | C7: 1 | D7: 健身G肉餐盒 | E7: 24 | F7: 2000 | G7: =IFERROR(F7/E7,"") -> 83.333333 | H7: =AVERAGE(G7:G21) -> 88.683941 | I7: =AVERAGE(P7,U7,Z7,AE7,AJ7,AO7,AT7) -> 24 | J7: =AVERAGE(Q7,V7,AA7,AF7,AK7,AP7,AU7) -> 1803.0703 | K7: =AVERAGE(R7,W7,AB7,AG7,AL7,AQ7,AV7) -> 75.127931 | L7: =IFERROR(AVERAGE(K7:K21),"-") -> 80.052277 | M7: =RANK(K7, K$7:$K$21) -> 8 | P7: 24 | Q7: 1804.1104 | R7: =IFERROR(Q7/P7,"") -> 75.171265 | S7: =RANK(R7, R$7:R$21) -> 8 | T7: =AVERAGE(R7:R21) -> 80.05611 | U7: 24 | V7: 1803.9104 | W7: =IFERROR(V7/U7,"") -> 75.162932 | X7: =RANK(W7, W$7:W$21) -> 8 | Y7: =AVERAGE(W7:W21) -> 80.057824 | Z7: 24 | AA7: 1803.1104 | AB7: =IFERROR(AA7/Z7,"") -> 75.129599 | AC7: =RANK(AB7, AB$7:AB$21) -> 8 | AD7: =AVERAGE(AB7:AB21) -> 80.062399 | AE7: 24 | AF7: 1802.3104 | AG7: =IFERROR(AF7/AE7,"") -> 75.096265 | AH7: =RANK(AG7, AG$7:AG$21) -> 8 | AI7: =AVERAGE(AG7:AG21) -> 80.046877 | AJ7: 24 | AK7: 1802.5104 | AL7: =IFERROR(AK7/AJ7,"") -> 75.104599 | AM7: =RANK(AL7, AL$7:AL$21) -> 8 | AN7: =AVERAGE(AL7:AL21) -> 80.049965 | AO7: 24 | AP7: 1802.5104 | AQ7: =IFERROR(AP7/AO7,"") -> 75.104599 | AR7: =RANK(AQ7, AQ$7:AQ$21) -> 9 | AS7: =AVERAGE(AQ7:AQ21) -> 80.054547 | AT7: 24 | AU7: 1803.0302 | AV7: =IFERROR(AU7/AT7,"") -> 75.126258 | AW7: =RANK(AV7, AV$7:AV$21) -> 8 | AX7: =AVERAGE(AV7:AV21) -> 80.038217
C8: 2 | D8: 烤蛋白餐盒 | E8: 23 | F8: 2000 | G8: =IFERROR(F8/E8,"") -> 86.956522 | I8: =AVERAGE(P8,U8,Z8,AE8,AJ8,AO8,AT8) -> 23 | J8: =AVERAGE(Q8,V8,AA8,AF8,AK8,AP8,AU8) -> 1805.2922 | K8: =AVERAGE(R8,W8,AB8,AG8,AL8,AQ8,AV8) -> 78.490967 | M8: =RANK(K8, K$7:$K$21) -> 5 | P8: 23 | Q8: 1804.9494 | R8: =IFERROR(Q8/P8,"") -> 78.47606 | S8: =RANK(R8, R$7:R$21) -> 5 | U8: 23 | V8: 1805.5494 | W8: =IFERROR(V8/U8,"") -> 78.502147 | X8: =RANK(W8, W$7:W$21) -> 5 | Z8: 23 | AA8: 1805.3494 | AB8: =IFERROR(AA8/Z8,"") -> 78.493451 | AC8: =RANK(AB8, AB$7:AB$21) -> 5 | AE8: 23 | AF8: 1805.9494 | AG8: =IFERROR(AF8/AE8,"") -> 78.519538 | AH8: =RANK(AG8, AG$7:AG$21) -> 5 | AJ8: 23 | AK8: 1805.1494 | AL8: =IFERROR(AK8/AJ8,"") -> 78.484756 | AM8: =RANK(AL8, AL$7:AL$21) -> 5 | AO8: 23 | AP8: 1804.9494 | AQ8: =IFERROR(AP8/AO8,"") -> 78.47606 | AR8: =RANK(AQ8, AQ$7:AQ$21) -> 5 | AT8: 23 | AU8: 1805.1494 | AV8: =IFERROR(AU8/AT8,"") -> 78.484756 | AW8: =RANK(AV8, AV$7:AV$21) -> 5
C9: 3 | D9: 海陸雙拼肉肉餐盒 | E9: 23 | F9: 2000 | G9: =IFERROR(F9/E9,"") -> 86.956522 | I9: =AVERAGE(P9,U9,Z9,AE9,AJ9,AO9,AT9) -> 23 | J9: =AVERAGE(Q9,V9,AA9,AF9,AK9,AP9,AU9) -> 1808.1877 | K9: =AVERAGE(R9,W9,AB9,AG9,AL9,AQ9,AV9) -> 78.616858 | M9: =RANK(K9, K$7:$K$21) -> 4 | P9: 23 | Q9: 1808.0145 | R9: =IFERROR(Q9/P9,"") -> 78.609324 | S9: =RANK(R9, R$7:R$21) -> 4 | U9: 23 | V9: 1807.8145 | W9: =IFERROR(V9/U9,"") -> 78.600628 | X9: =RANK(W9, W$7:W$21) -> 4 | Z9: 23 | AA9: 1808.4145 | AB9: =IFERROR(AA9/Z9,"") -> 78.626715 | AC9: =RANK(AB9, AB$7:AB$21) -> 4 | AE9: 23 | AF9: 1807.8145 | AG9: =IFERROR(AF9/AE9,"") -> 78.600628 | AH9: =RANK(AG9, AG$7:AG$21) -> 4 | AJ9: 23 | AK9: 1808.8145 | AL9: =IFERROR(AK9/AJ9,"") -> 78.644107 | AM9: =RANK(AL9, AL$7:AL$21) -> 4 | AO9: 23 | AP9: 1809.6145 | AQ9: =IFERROR(AP9/AO9,"") -> 78.678889 | AR9: =RANK(AQ9, AQ$7:AQ$21) -> 4 | AT9: 23 | AU9: 1806.8274 | AV9: =IFERROR(AU9/AT9,"") -> 78.557713 | AW9: =RANK(AV9, AV$7:AV$21) -> 4
C10: 4 | D10: 蔬活腿排補力餐盒 | E10: 22 | F10: 2000 | G10: =IFERROR(F10/E10,"") -> 90.909091 | I10: =AVERAGE(P10,U10,Z10,AE10,AJ10,AO10,AT10) -> 22 | J10: =AVERAGE(Q10,V10,AA10,AF10,AK10,AP10,AU10) -> 1805.39 | K10: =AVERAGE(R10,W10,AB10,AG10,AL10,AQ10,AV10) -> 82.063183 | M10: =RANK(K10, K$7:$K$21) -> 3 | P10: 22 | Q10: 1804.4186 | R10: =IFERROR(Q10/P10,"") -> 82.019027 | S10: =RANK(R10, R$7:R$21) -> 3 | U10: 22 | V10: 1805.2186 | W10: =IFERROR(V10/U10,"") -> 82.055391 | X10: =RANK(W10, W$7:W$21) -> 3 | Z10: 22 | AA10: 1806.2186 | AB10: =IFERROR(AA10/Z10,"") -> 82.100845 | AC10: =RANK(AB10, AB$7:AB$21) -> 3 | AE10: 22 | AF10: 1805.4186 | AG10: =IFERROR(AF10/AE10,"") -> 82.064481 | AH10: =RANK(AG10, AG$7:AG$21) -> 3 | AJ10: 22 | AK10: 1805.6186 | AL10: =IFERROR(AK10/AJ10,"") -> 82.073572 | AM10: =RANK(AL10, AL$7:AL$21) -> 3 | AO10: 22 | AP10: 1805.2186 | AQ10: =IFERROR(AP10/AO10,"") -> 82.055391 | AR10: =RANK(AQ10, AQ$7:AQ$21) -> 3 | AT10: 22 | AU10: 1805.6186 | AV10: =IFERROR(AU10/AT10,"") -> 82.073572 | AW10: =RANK(AV10, AV$7:AV$21) -> 3
C11: 5 | D11: 香腸腿排雙拼便當 | E11: 20 | F11: 2000 | G11: =IFERROR(F11/E11,"") -> 100 | I11: =AVERAGE(P11,U11,Z11,AE11,AJ11,AO11,AT11) -> 20 | J11: =AVERAGE(Q11,V11,AA11,AF11,AK11,AP11,AU11) -> 1805.1015 | K11: =AVERAGE(R11,W11,AB11,AG11,AL11,AQ11,AV11) -> 90.255077 | M11: =RANK(K11, K$7:$K$21) -> 1 | P11: 20 | Q11: 1805.6444 | R11: =IFERROR(Q11/P11,"") -> 90.282219 | S11: =RANK(R11, R$7:R$21) -> 1 | U11: 20 | V11: 1805.4444 | W11: =IFERROR(V11/U11,"") -> 90.272219 | X11: =RANK(W11, W$7:W$21) -> 1 | Z11: 20 | AA11: 1805.4444 | AB11: =IFERROR(AA11/Z11,"") -> 90.272219 | AC11: =RANK(AB11, AB$7:AB$21) -> 1 | AE11: 20 | AF11: 1804.8444 | AG11: =IFERROR(AF11/AE11,"") -> 90.242219 | AH11: =RANK(AG11, AG$7:AG$21) -> 1 | AJ11: 20 | AK11: 1804.4444 | AL11: =IFERROR(AK11/AJ11,"") -> 90.222219 | AM11: =RANK(AL11, AL$7:AL$21) -> 1 | AO11: 20 | AP11: 1805.2444 | AQ11: =IFERROR(AP11/AO11,"") -> 90.262219 | AR11: =RANK(AQ11, AQ$7:AQ$21) -> 1 | AT11: 20 | AU11: 1804.6444 | AV11: =IFERROR(AU11/AT11,"") -> 90.232219 | AW11: =RANK(AV11, AV$7:AV$21) -> 1
C12: 6 | D12: 懷舊滷雙拼便當 | E12: 20 | F12: 2000 | G12: =IFERROR(F12/E12,"") -> 100 | I12: =AVERAGE(P12,U12,Z12,AE12,AJ12,AO12,AT12) -> 20 | J12: =AVERAGE(Q12,V12,AA12,AF12,AK12,AP12,AU12) -> 1804.2494 | K12: =AVERAGE(R12,W12,AB12,AG12,AL12,AQ12,AV12) -> 90.21247 | M12: =RANK(K12, K$7:$K$21) -> 2 | P12: 20 | Q12: 1805.0208 | R12: =IFERROR(Q12/P12,"") -> 90.251041 | S12: =RANK(R12, R$7:R$21) -> 2 | U12: 20 | V12: 1804.6208 | W12: =IFERROR(V12/U12,"") -> 90.231041 | X12: =RANK(W12, W$7:W$21) -> 2 | Z12: 20 | AA12: 1805.0208 | AB12: =IFERROR(AA12/Z12,"") -> 90.251041 | AC12: =RANK(AB12, AB$7:AB$21) -> 2 | AE12: 20 | AF12: 1804.2208 | AG12: =IFERROR(AF12/AE12,"") -> 90.211041 | AH12: =RANK(AG12, AG$7:AG$21) -> 2 | AJ12: 20 | AK12: 1803.8208 | AL12: =IFERROR(AK12/AJ12,"") -> 90.191041 | AM12: =RANK(AL12, AL$7:AL$21) -> 2 | AO12: 20 | AP12: 1803.0208 | AQ12: =IFERROR(AP12/AO12,"") -> 90.151041 | AR12: =RANK(AQ12, AQ$7:AQ$21) -> 2 | AT12: 20 | AU12: 1804.0208 | AV12: =IFERROR(AU12/AT12,"") -> 90.201041 | AW12: =RANK(AV12, AV$7:AV$21) -> 2
C13: 7 | D13: 地中海布格麥烤魚餐盒 | E13: 24 | F13: 2000 | G13: =IFERROR(F13/E13,"") -> 83.333333 | I13: =AVERAGE(P13,U13,Z13,AE13,AJ13,AO13,AT13) -> 24 | J13: =AVERAGE(Q13,V13,AA13,AF13,AK13,AP13,AU13) -> 1808.7003 | K13: =AVERAGE(R13,W13,AB13,AG13,AL13,AQ13,AV13) -> 75.362512 | M13: =RANK(K13, K$7:$K$21) -> 6 | P13: 24 | Q13: 1809.1666 | R13: =IFERROR(Q13/P13,"") -> 75.381941 | S13: =RANK(R13, R$7:R$21) -> 6 | U13: 24 | V13: 1808.3666 | W13: =IFERROR(V13/U13,"") -> 75.348607 | X13: =RANK(W13, W$7:W$21) -> 6 | Z13: 24 | AA13: 1808.7666 | AB13: =IFERROR(AA13/Z13,"") -> 75.365274 | AC13: =RANK(AB13, AB$7:AB$21) -> 6 | AE13: 24 | AF13: 1808.7666 | AG13: =IFERROR(AF13/AE13,"") -> 75.365274 | AH13: =RANK(AG13, AG$7:AG$21) -> 6 | AJ13: 24 | AK13: 1809.1666 | AL13: =IFERROR(AK13/AJ13,"") -> 75.381941 | AM13: =RANK(AL13, AL$7:AL$21) -> 6 | AO13: 24 | AP13: 1809.5666 | AQ13: =IFERROR(AP13/AO13,"") -> 75.398607 | AR13: =RANK(AQ13, AQ$7:AQ$21) -> 6 | AT13: 24 | AU13: 1807.1026 | AV13: =IFERROR(AU13/AT13,"") -> 75.295941 | AW13: =RANK(AV13, AV$7:AV$21) -> 6
C14: 8 | D14: 香烤鱈魚輕蔬餐盒 | E14: 24 | F14: 2000 | G14: =IFERROR(F14/E14,"") -> 83.333333 | I14: =AVERAGE(P14,U14,Z14,AE14,AJ14,AO14,AT14) -> 24 | J14: =AVERAGE(Q14,V14,AA14,AF14,AK14,AP14,AU14) -> 1802.1598 | K14: =AVERAGE(R14,W14,AB14,AG14,AL14,AQ14,AV14) -> 75.089991 | M14: =RANK(K14, K$7:$K$21) -> 9 | P14: 24 | Q14: 1801.1884 | R14: =IFERROR(Q14/P14,"") -> 75.049515 | S14: =RANK(R14, R$7:R$21) -> 9 | U14: 24 | V14: 1801.9884 | W14: =IFERROR(V14/U14,"") -> 75.082848 | X14: =RANK(W14, W$7:W$21) -> 9 | Z14: 24 | AA14: 1801.7884 | AB14: =IFERROR(AA14/Z14,"") -> 75.074515 | AC14: =RANK(AB14, AB$7:AB$21) -> 9 | AE14: 24 | AF14: 1801.7884 | AG14: =IFERROR(AF14/AE14,"") -> 75.074515 | AH14: =RANK(AG14, AG$7:AG$21) -> 9 | AJ14: 24 | AK14: 1802.3884 | AL14: =IFERROR(AK14/AJ14,"") -> 75.099515 | AM14: =RANK(AL14, AL$7:AL$21) -> 9 | AO14: 24 | AP14: 1802.9884 | AQ14: =IFERROR(AP14/AO14,"") -> 75.124515 | AR14: =RANK(AQ14, AQ$7:AQ$21) -> 8 | AT14: 24 | AU14: 1802.9884 | AV14: =IFERROR(AU14/AT14,"") -> 75.124515 | AW14: =RANK(AV14, AV$7:AV$21) -> 9
C15: 9 | D15: 益活雞胸補力餐盒 | E15: 24 | F15: 2000 | G15: =IFERROR(F15/E15,"") -> 83.333333 | I15: =AVERAGE(P15,U15,Z15,AE15,AJ15,AO15,AT15) -> 24 | J15: =AVERAGE(Q15,V15,AA15,AF15,AK15,AP15,AU15) -> 1806.0361 | K15: =AVERAGE(R15,W15,AB15,AG15,AL15,AQ15,AV15) -> 75.251505 | M15: =RANK(K15, K$7:$K$21) -> 7 | P15: 24 | Q15: 1806.3504 | R15: =IFERROR(Q15/P15,"") -> 75.2646 | S15: =RANK(R15, R$7:R$21) -> 7 | U15: 24 | V15: 1806.3504 | W15: =IFERROR(V15/U15,"") -> 75.2646 | X15: =RANK(W15, W$7:W$21) -> 7 | Z15: 24 | AA15: 1805.9504 | AB15: =IFERROR(AA15/Z15,"") -> 75.247933 | AC15: =RANK(AB15, AB$7:AB$21) -> 7 | AE15: 24 | AF15: 1805.9504 | AG15: =IFERROR(AF15/AE15,"") -> 75.247933 | AH15: =RANK(AG15, AG$7:AG$21) -> 7 | AJ15: 24 | AK15: 1805.9504 | AL15: =IFERROR(AK15/AJ15,"") -> 75.247933 | AM15: =RANK(AL15, AL$7:AL$21) -> 7 | AO15: 24 | AP15: 1805.7504 | AQ15: =IFERROR(AP15/AO15,"") -> 75.2396 | AR15: =RANK(AQ15, AQ$7:AQ$21) -> 7 | AT15: 24 | AU15: 1805.9504 | AV15: =IFERROR(AU15/AT15,"") -> 75.247933 | AW15: =RANK(AV15, AV$7:AV$21) -> 7
C16: 10
C17: 11
C18: 12
C19: 13
C20: 14
C21: 15

Sheet （５-7）品群別人時生產性(熱食義麵) 
B1: 9月平均人時性
B2: 產線配置圖－每週更新(0901-0907) | N2: 資料繳交 | O2: 日期 | P2: ='[1]（２）ＫＰＩ達成進度'!D5 -> 46266 | U2: =P2+1 -> 46267 | Z2: =U2+1 -> 46268 | AE2: =Z2+1 -> 46269 | AJ2: =AE2+1 -> 46270 | AO2: =AJ2+1 -> 46271 | AT2: =AO2+1 -> 46272
P3: 46196 | U3: 46197 | Z3: 46198 | AE3: 46199 | AJ3: 46200 | AO3: 46201 | AT3: 46202
B4: 品群 | C4: 商品名稱 | E4: 計畫 | H4: 平均人時性 | I4: 實績 (週平均) | L4: 平均人時性 | M4: 排名 | O4: 日報 | P4: 實際 | T4: 平均人時性 | U4: 實際 | Y4: 平均人時性 | Z4: 實際 | AD4: 平均人時性 | AE4: 實際 | AI4: 平均人時性 | AJ4: 實際 | AN4: 平均人時性 | AO4: 實際 | AS4: 平均人時性 | AT4: 實際 | AX4: 平均人時性
E5: 產線配置圖 | I5: 產線配置圖 | P5: 生產實績 | U5: 生產實績 | Z5: 生產實績 | AE5: 生產實績 | AJ5: 生產實績 | AO5: 生產實績 | AT5: 生產實績
E6: 人數 | F6: 產能／時 | G6: 人時性 | I6: 人數 | J6: 產能／時 | K6: 人時性 | P6: 人數 | Q6: 產能／時 | R6: 人時性 | S6: 排名 | U6: 人數 | V6: 產能／時 | W6: 人時性 | X6: 排名 | Z6: 人數 | AA6: 產能／時 | AB6: 人時性 | AC6: 排名 | AE6: 人數 | AF6: 產能／時 | AG6: 人時性 | AH6: 排名 | AJ6: 人數 | AK6: 產能／時 | AL6: 人時性 | AM6: 排名 | AO6: 人數 | AP6: 產能／時 | AQ6: 人時性 | AR6: 排名 | AT6: 人數 | AU6: 產能／時 | AV6: 人時性 | AW6: 排名
B7: 熱食義麵 | C7: 1
C8: 2
C9: 3
C10: 4
C11: 5
C12: 6
C13: 7
C14: 8
C15: 9
C16: 10
C17: 11
C18: 12
C19: 13
... C21: 15

Sheet （５-8）品群別人時生產性(季節調理麵) 
B1: 9月平均人時性 | C1: =AVERAGE(L7) -> 160.09016
B2: 產線配置圖－每週更新(0901-0907) | N2: 資料繳交 | O2: 日期 | P2: 46266 | U2: 46267 | Z2: 46268 | AE2: 46269 | AJ2: 46270 | AO2: 46271 | AT2: 46272
P3: 46196 | U3: 46197 | Z3: 46198 | AE3: 46199 | AJ3: 46200 | AO3: 46201 | AT3: 46202
B4: 品群 | C4: 商品名稱 | E4: 計畫 | H4: 平均人時性 | I4: 實績 (週平均) | L4: 平均人時性 | M4: 排名 | O4: 日報 | P4: 實際 | T4: 平均人時性 | U4: 實際 | Y4: 平均人時性 | Z4: 實際 | AD4: 平均人時性 | AE4: 實際 | AI4: 平均人時性 | AJ4: 實際 | AN4: 平均人時性 | AO4: 實際 | AS4: 平均人時性 | AT4: 實際 | AX4: 平均人時性
E5: 產線配置圖 | I5: 產線配置圖 | P5: 生產實績 | U5: 生產實績 | Z5: 生產實績 | AE5: 生產實績 | AJ5: 生產實績 | AO5: 生產實績 | AT5: 生產實績
E6: 人數 | F6: 產能／時 | G6: 人時性 | I6: 人數 | J6: 產能／時 | K6: 人時性 | P6: 人數 | Q6: 產能／時 | R6: 人時性 | S6: 排名 | U6: 人數 | V6: 產能／時 | W6: 人時性 | X6: 排名 | Z6: 人數 | AA6: 產能／時 | AB6: 人時性 | AC6: 排名 | AE6: 人數 | AF6: 產能／時 | AG6: 人時性 | AH6: 排名 | AJ6: 人數 | AK6: 產能／時 | AL6: 人時性 | AM6: 排名 | AO6: 人數 | AP6: 產能／時 | AQ6: 人時性 | AR6: 排名 | AT6: 人數 | AU6: 產能／時 | AV6: 人時性 | AW6: 排名
B7: 季節調理麵 | C7: 1 | D7: 大滿足香辣涼麵 | E7: 19 | F7: 3600 | G7: =IFERROR(F7/E7,"") -> 189.47368 | H7: =AVERAGE(G7:G21) -> 177.63135 | I7: =AVERAGE(P7,U7,Z7,AE7,AJ7,AO7,AT7) -> 19 | J7: =AVERAGE(Q7,V7,AA7,AF7,AK7,AP7,AU7) -> 3264.6343 | K7: =AVERAGE(R7,W7,AB7,AG7,AL7,AQ7,AV7) -> 171.82286 | L7: =IFERROR(AVERAGE(K7:K21),"-") -> 160.09016 | M7: =RANK(K7, K$7:$K$21) -> 2 | P7: 19 | Q7: 3266.28 | R7: =IFERROR(Q7/P7,"") -> 171.90947 | S7: =RANK(R7, R$7:R$21) -> 2 | T7: =AVERAGE(R7:R21) -> 160.11618 | U7: 19 | V7: 3265.2 | W7: =IFERROR(V7/U7,"") -> 171.85263 | X7: =RANK(W7, W$7:W$21) -> 2 | Y7: =AVERAGE(W7:W21) -> 160.08656 | Z7: 19 | AA7: 3264.12 | AB7: =IFERROR(AA7/Z7,"") -> 171.79579 | AC7: =RANK(AB7, AB$7:AB$21) -> 3 | AD7: =AVERAGE(AB7:AB21) -> 160.07982 | AE7: 19 | AF7: 3263.76 | AG7: =IFERROR(AF7/AE7,"") -> 171.77684 | AH7: =RANK(AG7, AG$7:AG$21) -> 2 | AI7: =AVERAGE(AG7:AG21) -> 160.08614 | AJ7: 19 | AK7: 3263.4 | AL7: =IFERROR(AK7/AJ7,"") -> 171.75789 | AM7: =RANK(AL7, AL$7:AL$21) -> 2 | AN7: =AVERAGE(AL7:AL21) -> 160.07353 | AO7: 19 | AP7: 3265.2 | AQ7: =IFERROR(AP7/AO7,"") -> 171.85263 | AR7: =RANK(AQ7, AQ$7:AQ$21) -> 2 | AS7: =AVERAGE(AQ7:AQ21) -> 160.11505 | AT7: 19 | AU7: 3264.48 | AV7: =IFERROR(AU7/AT7,"") -> 171.81474 | AW7: =RANK(AV7, AV$7:AV$21) -> 2 | AX7: =AVERAGE(AV7:AV21) -> 160.07381
C8: 2 | D8: 大滿足麻醬涼麵 | E8: 20 | F8: 3600 | G8: =IFERROR(F8/E8,"") -> 180 | I8: =AVERAGE(P8,U8,Z8,AE8,AJ8,AO8,AT8) -> 20 | J8: =AVERAGE(Q8,V8,AA8,AF8,AK8,AP8,AU8) -> 3271.0413 | K8: =AVERAGE(R8,W8,AB8,AG8,AL8,AQ8,AV8) -> 163.55206 | M8: =RANK(K8, K$7:$K$21) -> 4 | P8: 20 | Q8: 3270.96 | R8: =IFERROR(Q8/P8,"") -> 163.548 | S8: =RANK(R8, R$7:R$21) -> 4 | U8: 20 | V8: 3270.96 | W8: =IFERROR(V8/U8,"") -> 163.548 | X8: =RANK(W8, W$7:W$21) -> 4 | Z8: 20 | AA8: 3270.6 | AB8: =IFERROR(AA8/Z8,"") -> 163.53 | AC8: =RANK(AB8, AB$7:AB$21) -> 4 | AE8: 20 | AF8: 3271.32 | AG8: =IFERROR(AF8/AE8,"") -> 163.566 | AH8: =RANK(AG8, AG$7:AG$21) -> 4 | AJ8: 20 | AK8: 3271.32 | AL8: =IFERROR(AK8/AJ8,"") -> 163.566 | AM8: =RANK(AL8, AL$7:AL$21) -> 4 | AO8: 20 | AP8: 3272.76 | AQ8: =IFERROR(AP8/AO8,"") -> 163.638 | AR8: =RANK(AQ8, AQ$7:AQ$21) -> 4 | AT8: 20 | AU8: 3269.3689 | AV8: =IFERROR(AU8/AT8,"") -> 163.46845 | AW8: =RANK(AV8, AV$7:AV$21) -> 4
C9: 3 | D9: 日式胡麻雞絲冷麵 | E9: 23 | F9: 3600 | G9: =IFERROR(F9/E9,"") -> 156.52174 | I9: =AVERAGE(P9,U9,Z9,AE9,AJ9,AO9,AT9) -> 23 | J9: =AVERAGE(Q9,V9,AA9,AF9,AK9,AP9,AU9) -> 3261.8268 | K9: =AVERAGE(R9,W9,AB9,AG9,AL9,AQ9,AV9) -> 141.81856 | M9: =RANK(K9, K$7:$K$21) -> 7 | P9: 23 | Q9: 3261.8508 | R9: =IFERROR(Q9/P9,"") -> 141.8196 | S9: =RANK(R9, R$7:R$21) -> 7 | U9: 23 | V9: 3262.2108 | W9: =IFERROR(V9/U9,"") -> 141.83525 | X9: =RANK(W9, W$7:W$21) -> 7 | Z9: 23 | AA9: 3261.8508 | AB9: =IFERROR(AA9/Z9,"") -> 141.8196 | AC9: =RANK(AB9, AB$7:AB$21) -> 7 | AE9: 23 | AF9: 3262.9308 | AG9: =IFERROR(AF9/AE9,"") -> 141.86656 | AH9: =RANK(AG9, AG$7:AG$21) -> 7 | AJ9: 23 | AK9: 3261.8508 | AL9: =IFERROR(AK9/AJ9,"") -> 141.8196 | AM9: =RANK(AL9, AL$7:AL$21) -> 7 | AO9: 23 | AP9: 3260.4108 | AQ9: =IFERROR(AP9/AO9,"") -> 141.75699 | AR9: =RANK(AQ9, AQ$7:AQ$21) -> 7 | AT9: 23 | AU9: 3261.6826 | AV9: =IFERROR(AU9/AT9,"") -> 141.81229 | AW9: =RANK(AV9, AV$7:AV$21) -> 7
C10: 4 | D10: 和風涓絲冷麵 | E10: 18 | F10: 3600 | G10: =IFERROR(F10/E10,"") -> 200 | I10: =AVERAGE(P10,U10,Z10,AE10,AJ10,AO10,AT10) -> 18 | J10: =AVERAGE(Q10,V10,AA10,AF10,AK10,AP10,AU10) -> 3193.0265 | K10: =AVERAGE(R10,W10,AB10,AG10,AL10,AQ10,AV10) -> 177.39036 | M10: =RANK(K10, K$7:$K$21) -> 1 | P10: 18 | Q10: 3192.8429 | R10: =IFERROR(Q10/P10,"") -> 177.38016 | S10: =RANK(R10, R$7:R$21) -> 1 | U10: 18 | V10: 3191.7629 | W10: =IFERROR(V10/U10,"") -> 177.32016 | X10: =RANK(W10, W$7:W$21) -> 1 | Z10: 18 | AA10: 3191.4029 | AB10: =IFERROR(AA10/Z10,"") -> 177.30016 | AC10: =RANK(AB10, AB$7:AB$21) -> 1 | AE10: 18 | AF10: 3193.2174 | AG10: =IFERROR(AF10/AE10,"") -> 177.40097 | AH10: =RANK(AG10, AG$7:AG$21) -> 1 | AJ10: 18 | AK10: 3193.5774 | AL10: =IFERROR(AK10/AJ10,"") -> 177.42097 | AM10: =RANK(AL10, AL$7:AL$21) -> 1 | AO10: 18 | AP10: 3194.6574 | AQ10: =IFERROR(AP10/AO10,"") -> 177.48097 | AR10: =RANK(AQ10, AQ$7:AQ$21) -> 1 | AT10: 18 | AU10: 3193.7249 | AV10: =IFERROR(AU10/AT10,"") -> 177.42916 | AW10: =RANK(AV10, AV$7:AV$21) -> 1
C11: 5 | D11: 招牌雞絲胡麻涼麵 | E11: 23 | F11: 3600 | G11: =IFERROR(F11/E11,"") -> 156.52174 | I11: =AVERAGE(P11,U11,Z11,AE11,AJ11,AO11,AT11) -> 23 | J11: =AVERAGE(Q11,V11,AA11,AF11,AK11,AP11,AU11) -> 3271.5048 | K11: =AVERAGE(R11,W11,AB11,AG11,AL11,AQ11,AV11) -> 142.23934 | M11: =RANK(K11, K$7:$K$21) -> 6 | P11: 23 | Q11: 3272.037 | R11: =IFERROR(Q11/P11,"") -> 142.26248 | S11: =RANK(R11, R$7:R$21) -> 6 | U11: 23 | V11: 3272.397 | W11: =IFERROR(V11/U11,"") -> 142.27813 | X11: =RANK(W11, W$7:W$21) -> 6 | Z11: 23 | AA11: 3273.117 | AB11: =IFERROR(AA11/Z11,"") -> 142.30943 | AC11: =RANK(AB11, AB$7:AB$21) -> 6 | AE11: 23 | AF11: 3271.317 | AG11: =IFERROR(AF11/AE11,"") -> 142.23117 | AH11: =RANK(AG11, AG$7:AG$21) -> 6 | AJ11: 23 | AK11: 3272.397 | AL11: =IFERROR(AK11/AJ11,"") -> 142.27813 | AM11: =RANK(AL11, AL$7:AL$21) -> 6 | AO11: 23 | AP11: 3271.677 | AQ11: =IFERROR(AP11/AO11,"") -> 142.24683 | AR11: =RANK(AQ11, AQ$7:AQ$21) -> 6 | AT11: 23 | AU11: 3267.5912 | AV11: =IFERROR(AU11/AT11,"") -> 142.06918 | AW11: =RANK(AV11, AV$7:AV$21) -> 6
C12: 6 | D12: 日式蕎麥沾麵 | E12: 19 | F12: 3600 | G12: =IFERROR(F12/E12,"") -> 189.47368 | I12: =AVERAGE(P12,U12,Z12,AE12,AJ12,AO12,AT12) -> 19 | J12: =AVERAGE(Q12,V12,AA12,AF12,AK12,AP12,AU12) -> 3263.7953 | K12: =AVERAGE(R12,W12,AB12,AG12,AL12,AQ12,AV12) -> 171.7787 | M12: =RANK(K12, K$7:$K$21) -> 3 | P12: 19 | Q12: 3265.3382 | R12: =IFERROR(Q12/P12,"") -> 171.8599 | S12: =RANK(R12, R$7:R$21) -> 3 | U12: 19 | V12: 3263.5382 | W12: =IFERROR(V12/U12,"") -> 171.76517 | X12: =RANK(W12, W$7:W$21) -> 3 | Z12: 19 | AA12: 3264.2582 | AB12: =IFERROR(AA12/Z12,"") -> 171.80306 | AC12: =RANK(AB12, AB$7:AB$21) -> 2 | AE12: 19 | AF12: 3263.5382 | AG12: =IFERROR(AF12/AE12,"") -> 171.76517 | AH12: =RANK(AG12, AG$7:AG$21) -> 3 | AJ12: 19 | AK12: 3262.8182 | AL12: =IFERROR(AK12/AJ12,"") -> 171.72727 | AM12: =RANK(AL12, AL$7:AL$21) -> 3 | AO12: 19 | AP12: 3262.8182 | AQ12: =IFERROR(AP12/AO12,"") -> 171.72727 | AR12: =RANK(AQ12, AQ$7:AQ$21) -> 3 | AT12: 19 | AU12: 3264.2582 | AV12: =IFERROR(AU12/AT12,"") -> 171.80306 | AW12: =RANK(AV12, AV$7:AV$21) -> 3
C13: 7 | D13: 韓式泡菜冷麵 | E13: 21 | F13: 3600 | G13: =IFERROR(F13/E13,"") -> 171.42857 | I13: =AVERAGE(P13,U13,Z13,AE13,AJ13,AO13,AT13) -> 21 | J13: =AVERAGE(Q13,V13,AA13,AF13,AK13,AP13,AU13) -> 3192.6136 | K13: =AVERAGE(R13,W13,AB13,AG13,AL13,AQ13,AV13) -> 152.02922 | M13: =RANK(K13, K$7:$K$21) -> 5 | P13: 21 | Q13: 3192.706 | R13: =IFERROR(Q13/P13,"") -> 152.03362 | S13: =RANK(R13, R$7:R$21) -> 5 | U13: 21 | V13: 3192.138 | W13: =IFERROR(V13/U13,"") -> 152.00657 | X13: =RANK(W13, W$7:W$21) -> 5 | Z13: 21 | AA13: 3192.0149 | AB13: =IFERROR(AA13/Z13,"") -> 152.00071 | AC13: =RANK(AB13, AB$7:AB$21) -> 5 | AE13: 21 | AF13: 3191.9223 | AG13: =IFERROR(AF13/AE13,"") -> 151.9963 | AH13: =RANK(AG13, AG$7:AG$21) -> 5 | AJ13: 21 | AK13: 3190.8423 | AL13: =IFERROR(AK13/AJ13,"") -> 151.94487 | AM13: =RANK(AL13, AL$7:AL$21) -> 5 | AO13: 21 | AP13: 3194.156 | AQ13: =IFERROR(AP13/AO13,"") -> 152.10267 | AR13: =RANK(AQ13, AQ$7:AQ$21) -> 5 | AT13: 21 | AU13: 3194.516 | AV13: =IFERROR(AU13/AT13,"") -> 152.11981 | AW13: =RANK(AV13, AV$7:AV$21) -> 5
C14: 8
C15: 9
C16: 10
C17: 11
C18: 12
C19: 13
C20: 14
C21: 15

Sheet （５-9）品群別人時生產性(微波小吃)
B1: 9月平均人時性 | C1: =AVERAGE(L7) -> 89.112332
B2: 產線配置圖－每週更新(0901-0907) | N2: 資料繳交 | O2: 日期 | P2: 46266 | U2: 46267 | Z2: 46268 | AE2: 46269 | AJ2: 46270 | AO2: 46271 | AT2: 46272
P3: 46196 | U3: 46197 | Z3: 46198 | AE3: 46199 | AJ3: 46200 | AO3: 46201 | AT3: 46202
B4: 品群 | C4: 商品名稱 | E4: 計畫 | H4: 平均人時性 | I4: 實績 (週平均) | L4: 平均人時性 | M4: 排名 | O4: 日報 | P4: 實際 | T4: 平均人時性 | U4: 實際 | Y4: 平均人時性 | Z4: 實際 | AD4: 平均人時性 | AE4: 實際 | AI4: 平均人時性 | AJ4: 實際 | AN4: 平均人時性 | AO4: 實際 | AS4: 平均人時性 | AT4: 實際 | AX4: 平均人時性
E5: 產線配置圖 | I5: 產線配置圖 | P5: 生產實績 | U5: 生產實績 | Z5: 生產實績 | AE5: 生產實績 | AJ5: 生產實績 | AO5: 生產實績 | AT5: 生產實績
E6: 人數 | F6: 產能／時 | G6: 人時性 | I6: 人數 | J6: 產能／時 | K6: 人時性 | P6: 人數 | Q6: 產能／時 | R6: 人時性 | S6: 排名 | U6: 人數 | V6: 產能／時 | W6: 人時性 | X6: 排名 | Z6: 人數 | AA6: 產能／時 | AB6: 人時性 | AC6: 排名 | AE6: 人數 | AF6: 產能／時 | AG6: 人時性 | AH6: 排名 | AJ6: 人數 | AK6: 產能／時 | AL6: 人時性 | AM6: 排名 | AO6: 人數 | AP6: 產能／時 | AQ6: 人時性 | AR6: 排名 | AT6: 人數 | AU6: 產能／時 | AV6: 人時性 | AW6: 排名
B7: 微波小吃 | C7: 1 | D7: 越式牛肉寬粉 | E7: 19 | F7: 2000 | G7: =IFERROR(F7/E7,"") -> 105.26316 | H7: =AVERAGE(G7:G21) -> 98.785425 | I7: =AVERAGE(P7,U7,Z7,AE7,AJ7,AO7,AT7) -> 19 | J7: =AVERAGE(Q7,V7,AA7,AF7,AK7,AP7,AU7) -> 1802.1423 | K7: =AVERAGE(R7,W7,AB7,AG7,AL7,AQ7,AV7) -> 94.849597 | L7: =IFERROR(AVERAGE(K7:K21),"-") -> 89.112332 | M7: =RANK(K7, K$7:$K$21) -> 1 | P7: 19 | Q7: 1802.3709 | R7: =IFERROR(Q7/P7,"") -> 94.861627 | S7: =RANK(R7, R$7:R$21) -> 1 | T7: =AVERAGE(R7:R21) -> 89.120325 | U7: 19 | V7: 1802.3709 | W7: =IFERROR(V7/U7,"") -> 94.861627 | X7: =RANK(W7, W$7:W$21) -> 1 | Y7: =AVERAGE(W7:W21) -> 89.12494 | Z7: 19 | AA7: 1801.9709 | AB7: =IFERROR(AA7/Z7,"") -> 94.840574 | AC7: =RANK(AB7, AB$7:AB$21) -> 1 | AD7: =AVERAGE(AB7:AB21) -> 89.105183 | AE7: 19 | AF7: 1802.3709 | AG7: =IFERROR(AF7/AE7,"") -> 94.861627 | AH7: =RANK(AG7, AG$7:AG$21) -> 1 | AI7: =AVERAGE(AG7:AG21) -> 89.101863 | AJ7: 19 | AK7: 1801.9709 | AL7: =IFERROR(AK7/AJ7,"") -> 94.840574 | AM7: =RANK(AL7, AL$7:AL$21) -> 1 | AN7: =AVERAGE(AL7:AL21) -> 89.105183 | AO7: 19 | AP7: 1801.7709 | AQ7: =IFERROR(AP7/AO7,"") -> 94.830048 | AR7: =RANK(AQ7, AQ$7:AQ$21) -> 1 | AS7: =AVERAGE(AQ7:AQ21) -> 89.09992 | AT7: 19 | AU7: 1802.1709 | AV7: =IFERROR(AU7/AT7,"") -> 94.851101 | AW7: =RANK(AV7, AV$7:AV$21) -> 1 | AX7: =AVERAGE(AV7:AV21) -> 89.128908
C8: 2 | D8: 日式茶碗蒸 | E8: 13 | F8: 1200 | G8: =IFERROR(F8/E8,"") -> 92.307692 | I8: =AVERAGE(P8,U8,Z8,AE8,AJ8,AO8,AT8) -> 13 | J8: =AVERAGE(Q8,V8,AA8,AF8,AK8,AP8,AU8) -> 1083.8759 | K8: =AVERAGE(R8,W8,AB8,AG8,AL8,AQ8,AV8) -> 83.375066 | M8: =RANK(K8, K$7:$K$21) -> 2 | P8: 13 | Q8: 1083.9273 | R8: =IFERROR(Q8/P8,"") -> 83.379022 | S8: =RANK(R8, R$7:R$21) -> 2 | U8: 13 | V8: 1084.0473 | W8: =IFERROR(V8/U8,"") -> 83.388253 | X8: =RANK(W8, W$7:W$21) -> 2 | Z8: 13 | AA8: 1083.8073 | AB8: =IFERROR(AA8/Z8,"") -> 83.369791 | AC8: =RANK(AB8, AB$7:AB$21) -> 2 | AE8: 13 | AF8: 1083.4473 | AG8: =IFERROR(AF8/AE8,"") -> 83.342099 | AH8: =RANK(AG8, AG$7:AG$21) -> 2 | AJ8: 13 | AK8: 1083.8073 | AL8: =IFERROR(AK8/AJ8,"") -> 83.369791 | AM8: =RANK(AL8, AL$7:AL$21) -> 2 | AO8: 13 | AP8: 1083.8073 | AQ8: =IFERROR(AP8/AO8,"") -> 83.369791 | AR8: =RANK(AQ8, AQ$7:AQ$21) -> 2 | AT8: 13 | AU8: 1084.2873 | AV8: =IFERROR(AU8/AT8,"") -> 83.406714 | AW8: =RANK(AV8, AV$7:AV$21) -> 2
C9: 3
C10: 4
C11: 5
C12: 6
C13: 7
C14: 8
C15: 9
C16: 10
C17: 11
C18: 12
C19: 13
C20: 14
C21: 15

Sheet 生產管理報表 6-1
A1: 生產管理報表
A3: （６）人時生產性前幾名品項(0825-0831)
A5: 品群 | B5: 1 | C5: 2 | D5: 3 | E5: 4 | F5: 5 | G5: 6 | H5: 7 | I5: 8 | J5: 9
B6: 18℃-飯糰 | C6: 18℃-壽司手卷 | D6: 4℃-飯糰 | E6: 4℃-壽司手卷 | F6: 微波主食 | G6: 便當 | H6: 熱食義麵 | I6: 季節調理麵 | J6: 微波小吃
A7: 品群 | C7: 排名 | D7: 商品名 | G7: 人數 | H7: 產能 | I7: 人時生產性 | J7: 前週比 | K7: 主要原因&對策
A8: 1 | B8: 18℃-飯糰 | C8: 1 | D8: 二配明太子龍蝦風味沙拉飯糰 | G8: 3 | H8: 3240.3577 | I8: 1080.1192 | J8: 2.4171429 | K8: 人數配置相同與人時生產性維持穩定
C9: 2 | D9: 一配蔬食鮪魚飯糰 | G9: 3 | H9: 3238.9114 | I9: 1079.6371 | K9: 人數配置相同與人時生產性維持穩定
C10: 3 | D10: 一配明太子龍蝦風味沙拉飯糰 | G10: 3 | H10: 3238.7213 | I10: 1079.5738 | K10: 人數配置相同與人時生產性維持穩定
C11: 4 | D11: 一配鮪魚飯糰 | G11: 3 | H11: 3238.5681 | I11: 1079.5227 | J11: 0.70285714 | K11: 人數配置相同與人時生產性維持穩定
C12: 5 | D12: 二配鮪魚飯糰 | G12: 3 | H12: 3237.9647 | I12: 1079.3216 | J12: 1.3690822 | K12: 人數配置相同與人時生產性維持穩定
C13: ▼1 | D13: 一配兩粒飯糰(鮪魚.焦糖鮭魚) | G13: 12 | H13: 3120.0818 | I13: 260.00682 | J13: -0.088724767 | K13: 人數配置相同與人時生產性維持穩定
C14: ▼2 | D14: 二配兩粒飯糰(鮪魚.焦糖鮭魚) | G14: 12 | H14: 3121.4276 | I14: 260.11897 | J14: 0.02412074 | K14: 人數配置相同與人時生產性維持穩定
C15: ▼3 | D15: 二配大飯糰乾燒風味鮮蝦 | G15: 5 | H15: 2759.6368 | I15: 551.92737 | J15: 1.1052403 | K15: 人數配置相同與人時生產性維持穩定
C16: ▼4 | D16: 一配醬燒炙烤牛飯糰 | G16: 5 | H16: 2918.0113 | I16: 583.60226 | K16: 人數配置相同與人時生產性維持穩定
C17: ▼5 | D17: 二配醬燒炙烤牛飯糰 | G17: 5 | H17: 2944.0648 | I17: 588.81297 | J17: 43.254347 | K17: 新品一週,達成率提高
A18: 品群 | C18: 排名 | D18: 商品名 | G18: 人數 | H18: 產能 | I18: 人時生產性 | J18: 前週比 | K18: 主要原因&對策
A19: 2 | B19: 18℃-壽司手卷 | C19: 1 | D19: 一配長野稻荷壽司 | G19: 10 | H19: 3216.7867 | I19: 321.67867 | J19: -0.21085714 | K19: 人數配置相同與人時生產性維持穩定
C20: 2 | D20: 一配經典人氣雙手卷 | G20: 11 | H20: 3158.5393 | I20: 287.13993 | J20: 0.02204049 | K20: 人數配置相同與人時生產性維持穩定
C21: 3 | D21: 一配青木瓜雞絲泰泰雙手卷 | G21: 11 | H21: 3157.8384 | I21: 287.07621 | J21: 0.11773142 | K21: 人數配置相同與人時生產性維持穩定
C22: 4 | D22: 一配鮭鮪海饌雙手卷 | G22: 11 | H22: 3157.7808 | I22: 287.07099 | J22: 0.076897199 | K22: 人數配置相同與人時生產性維持穩定
C23: 5
C24: ▼1
C25: ▼2
C26: ▼3
C27: ▼4
C28: ▼5
A29: （６）人時生產性前幾名品項(0901-0907)
A31: 品群 | B31: 1 | C31: 2 | D31: 3 | E31: 4 | F31: 5 | G31: 6 | H31: 7 | I31: 8 | J31: 9
B32: 18℃-飯糰 | C32: 18℃-壽司手卷 | D32: 4℃-飯糰 | E32: 4℃-壽司手卷 | F32: 微波主食 | G32: 便當 | H32: 熱食義麵 | I32: 季節調理麵 | J32: 微波小吃
A33: 品群 | C33: 排名 | D33: 商品名 | G33: 人數 | H33: 產能 | I33: 人時生產性 | J33: 前週比 | K33: 主要原因&對策
A34: 1 | B34: 18℃-飯糰 | C34: 1 | D34: 二配明太子龍蝦風味沙拉飯糰 | G34: 3 | H34: 3245.9634 | I34: 1081.9878 | J34: =I34-I8 -> 1.8685714
C35: 2 | D35: 一配椒鹽檸檬鯖魚飯糰 | G35: 3 | H35: 3244.3447 | I35: 1081.4482
C36: 3 | D36: 一配鮪魚飯糰 | G36: 3 | H36: 3243.862 | I36: 1081.2873 | J36: =I36-I11 -> 1.7646488
C37: 4 | D37: 二配鮪魚飯糰 | G37: 3 | H37: 3243.8403 | I37: 1081.2801 | J37: =I37-I12 -> 1.9585139
C38: 5 | D38: 一配明太子龍蝦風味沙拉飯糰 | G38: 3 | H38: 3243.1956 | I38: 1081.0652 | J38: =I38-I10 -> 1.4914286
C39: ▼1 | D39: 二配兩粒飯糰(鮪魚.焦糖鮭魚) | G39: 12 | H39: 3120.5552 | I39: 260.04627 | J39: =I39-I14 -> -0.072699398
C40: ▼2 | D40: 一配兩粒飯糰(鮪魚.焦糖鮭魚) | G40: 12 | H40: 3121.9815 | I40: 260.16512 | J40: =I40-I13 -> 0.15830432
C41: ▼3 | D41: 一配醬燒炙烤牛飯糰 | G41: 5 | H41: 3041.1424 | I41: 608.22847 | J41: =I41-I16 -> 24.626211
C42: ▼4 | D42: 二配醬燒炙烤牛飯糰 | G42: 5 | H42: 3041.206 | I42: 608.2412 | J42: =I42-I17 -> 19.428231
C43: ▼5 | D43: 一配鹽蔥生鮭飯糰 | G43: 5 | H43: 3241.1008 | I43: 648.22016
A44: 品群 | C44: 排名 | D44: 商品名 | G44: 人數 | H44: 產能 | I44: 人時生產性 | J44: 前週比 | K44: 主要原因&對策
A45: 2 | B45: 18℃-壽司手卷 | C45: 1 | D45: 一配長野稻荷壽司 | G45: 10 | H45: 3217.8153 | I45: 321.78153 | J45: =I45-I19 -> 0.10285714
C46: 2 | D46: 一配鮭鮪海饌雙手卷 | G46: 11 | H46: 3157.7078 | I46: 287.06435 | J46: =I46-I22 -> -0.0066367378
C47: 3 | D47: 一配經典人氣雙手卷 | G47: 11 | H47: 3157.4405 | I47: 287.04005 | J47: =I47-I20 -> -0.0998828
C48: 4 | D48: 一配青木瓜雞絲泰泰雙手卷 | G48: 11 | H48: 3155.7078 | I48: 286.88252 | J48: =I48-I21 -> -0.1936901
C49: 5
C50: ▼1
C51: ▼2
C52: ▼3
C53: ▼4
C54: ▼5
A55: （６）人時生產性前幾名品項(0908-0914)
A57: 品群 | B57: 1 | C57: 2 | D57: 3 | E57: 4 | F57: 5 | G57: 6 | H57: 7 | I57: 8 | J57: 9
B58: 18℃-飯糰 | C58: 18℃-壽司手卷 | D58: 4℃-飯糰 | E58: 4℃-壽司手卷 | F58: 微波主食 | G58: 便當 | H58: 熱食義麵 | I58: 季節調理麵 | J58: 微波小吃
A59: 品群 | C59: 排名 | D59: 商品名 | G59: 人數 | H59: 產能 | I59: 人時生產性 | J59: 前週比 | K59: 主要原因&對策
A60: 1 | B60: 18℃-飯糰 | C60: 1 | J60: =I60-I34 -> -1081.9878
C61: 2 | J61: =I61-I35 -> -1081.4482
C62: 3 | J62: =I62-I36 -> -1081.2873
C63: 4 | J63: =I63-I37 -> -1081.2801
C64: 5
C65: ▼1 | J65: =I65-I39 -> -260.04627
C66: ▼2 | J66: =I66-I41 -> -608.22847
C67: ▼3 | J67: =I67-I40 -> -260.16512
C68: ▼4 | J68: =I68-I42 -> -608.2412
C69: ▼5
A70: 品群 | C70: 排名 | D70: 商品名 | G70: 人數 | H70: 產能 | I70: 人時生產性 | J70: 前週比 | K70: 主要原因&對策
A71: 2 | B71: 18℃-壽司手卷 | C71: 1 | J71: =I71-I45 -> -321.78153
C72: 2 | J72: =I72-I46 -> -287.06435
C73: 3 | J73: =I73-I47 -> -287.04005
C74: 4
C75: 5
C76: ▼1
C77: ▼2
C78: ▼3
C79: ▼4
C80: ▼5

Sheet 生產管理報表 6-2
A1: 生產管理報表
A3: （６）人時生產性前幾名品項(0825-0831)
A5: 品群 | B5: 1 | C5: 2 | D5: 3 | E5: 4 | F5: 5 | G5: 6 | H5: 7 | I5: 8 | J5: 9
B6: 18℃-飯糰 | C6: 18℃-壽司手卷 | D6: 4℃-飯糰 | E6: 4℃-壽司手卷 | F6: 微波主食 | G6: 便當 | H6: 熱食義麵 | I6: 季節調理麵 | J6: 微波小吃
A7: 品群 | C7: 排名 | D7: 商品名 | G7: 人數 | H7: 產能 | I7: 人時生產性 | J7: 前週比 | K7: 主要原因&對策
A8: 3 | B8: 4℃-飯糰 | C8: 1 | D8: 麻油雞飯糰 | G8: 22 | H8: 2626.6346 | I8: 119.39248 | J8: 0 | K8: 人數配置相同與人時生產性維持穩定
C9: 2
C10: 3
C11: 4
C12: 5
C13: ▼1
C14: ▼2
C15: ▼3
C16: ▼4
C17: ▼5
A18: 品群 | C18: 排名 | D18: 商品名 | G18: 人數 | H18: 產能 | I18: 人時生產性 | J18: 前週比 | K18: 主要原因&對策
A19: 4 | B19: 4℃-壽司手卷 | C19: 1 | D19: 鮪魚昆布細卷 | G19: 6 | H19: 3792.931 | I19: 632.15516 | J19: 12.565893 | K19: 人數配置相同與人時生產性維持穩定
C20: 2 | D20: 肉鬆火腿細卷 | G20: 6 | H20: 3791.6417 | I20: 631.94028 | J20: 12.497958 | K20: 人數配置相同與人時生產性維持穩定
C21: 3 | D21: 厚香料優格咖哩烤雞飯卷 | G21: 5 | H21: 2965.4232 | I21: 593.08465 | J21: -0.47692286 | K21: 人數配置相同與人時生產性維持穩定
C22: 4 | D22: 香濃明太子嫩雞飯卷 | G22: 6 | H22: 2860.4652 | I22: 476.7442 | K22: 新品,達成率提升中
C23: 5 | D23: 醬油生鮭脆卷 | G23: 6 | H23: 2259.1487 | I23: 376.52479 | J23: 0.30035446 | K23: 人數配置相同與人時生產性維持穩定
C24: ▼1 | D24: 海陸雙拼壽司 | G24: 20 | H24: 1896.5783 | I24: 94.828917 | J24: 0.03 | K24: 人數配置相同與人時生產性維持穩定
C25: ▼2 | D25: 蔥花生鮪魚脆卷 | G25: 6 | H25: 2177.0538 | I25: 362.8423 | K25: 新品,達成率提升中
C26: ▼3
C27: ▼4
C28: ▼5
A29: （６）人時生產性前幾名品項(0901-0907)
A31: 品群 | B31: 1 | C31: 2 | D31: 3 | E31: 4 | F31: 5 | G31: 6 | H31: 7 | I31: 8 | J31: 9
B32: 18℃-飯糰 | C32: 18℃-壽司手卷 | D32: 4℃-飯糰 | E32: 4℃-壽司手卷 | F32: 微波主食 | G32: 便當 | H32: 熱食義麵 | I32: 季節調理麵 | J32: 微波小吃
A33: 品群 | C33: 排名 | D33: 商品名 | G33: 人數 | H33: 產能 | I33: 人時生產性 | J33: 前週比 | K33: 主要原因&對策
A34: 3 | B34: 4℃-飯糰 | C34: 1 | D34: 麻油雞飯糰 | G34: 22 | H34: 2626.6346 | I34: 119.39248 | J34: =I34-I8 -> 0
C35: 2
C36: 3
C37: 4
C38: 5
C39: ▼1
C40: ▼2
C41: ▼3
C42: ▼4
C43: ▼5
A44: 品群 | C44: 排名 | D44: 商品名 | G44: 人數 | H44: 產能 | I44: 人時生產性 | J44: 前週比 | K44: 主要原因&對策
A45: 4 | B45: 4℃-壽司手卷 | C45: 1 | D45: 鮪魚昆布細卷 | G45: 6 | H45: 3793.5354 | I45: 632.2559 | J45: =I45-I19 -> 0.10073839
C46: 2 | D46: 肉鬆火腿細卷 | G46: 6 | H46: 3792.2417 | I46: 632.04028 | J46: =I46-I20 -> 0.1
C47: 3 | D47: 香濃明太子嫩雞飯卷 | G47: 5 | H47: 2964.7215 | I47: 592.9443 | J47: =I47-I22 -> 116.20011
C48: 4 | D48: 厚香料優格咖哩烤雞飯卷 | G48: 5 | H48: 2964.2543 | I48: 592.85086 | J48: =I48-I21 -> -0.23378571
C49: 5 | D49: 蔥花生鮪魚脆卷 | G49: 6 | H49: 2259.9072 | I49: 376.6512 | J49: =I49-I25 -> 13.808895
C50: ▼1 | D50: 海陸雙拼壽司 | G50: 20 | H50: 1896.5483 | I50: 94.827417 | J50: =I50-I24 -> -0.0015
C51: ▼2 | D51: 醬油生鮭脆卷 | G51: 6 | H51: 2259.7799 | I51: 376.62999 | J51: =I51-I25 -> 13.787687
C52: ▼3
C53: ▼4
C54: ▼5
A55: （６）人時生產性前幾名品項(0908-0914)
A57: 品群 | B57: 1 | C57: 2 | D57: 3 | E57: 4 | F57: 5 | G57: 6 | H57: 7 | I57: 8 | J57: 9
B58: 18℃-飯糰 | C58: 18℃-壽司手卷 | D58: 4℃-飯糰 | E58: 4℃-壽司手卷 | F58: 微波主食 | G58: 便當 | H58: 熱食義麵 | I58: 季節調理麵 | J58: 微波小吃
A59: 品群 | C59: 排名 | D59: 商品名 | G59: 人數 | H59: 產能 | I59: 人時生產性 | J59: 前週比 | K59: 主要原因&對策
A60: 3 | B60: 4℃-飯糰 | C60: 1 | J60: =I60-I34 -> -119.39248
C61: 2
C62: 3
C63: 4
C64: 5
C65: ▼1
C66: ▼2
C67: ▼3
C68: ▼4
C69: ▼5
A70: 品群 | C70: 排名 | D70: 商品名 | G70: 人數 | H70: 產能 | I70: 人時生產性 | J70: 前週比 | K70: 主要原因&對策
A71: 4 | B71: 4℃-壽司手卷 | C71: 1 | J71: =I71-I45 -> -632.2559
C72: 2 | J72: =I72-I46 -> -632.04028
C73: 3 | J73: =I73-I47 -> -592.9443
C74: 4 | J74: =I74-I48 -> -592.85086
C75: 5 | J75: =I75-I49 -> -376.6512
C76: ▼1
C77: ▼2
C78: ▼3
C79: ▼4
C80: ▼5

Sheet 生產管理報表 6-3
A1: 生產管理報表
A3: （６）人時生產性前幾名品項(0825-0831)
A5: 品群 | B5: 1 | C5: 2 | D5: 3 | E5: 4 | F5: 5 | G5: 6 | H5: 7 | I5: 8 | J5: 9
B6: 18℃-飯糰 | C6: 18℃-壽司手卷 | D6: 4℃-飯糰 | E6: 4℃-壽司手卷 | F6: 微波主食 | G6: 便當 | H6: 熱食義麵 | I6: 季節調理麵 | J6: 微波小吃
A7: 品群 | C7: 排名 | D7: 商品名 | G7: 人數 | H7: 產能 | I7: 人時生產性 | J7: 前週比 | K7: 主要原因&對策
A8: 5 | B8: 微波主食 | C8: 1 | D8: 二配香烤魚排青醬燉飯 | G8: 17 | H8: 1805.9143 | I8: 106.23025 | J8: 0.18069598 | K8: 人數配置相同與人時生產性維持穩定
C9: 2 | D9: 二配濃起司燻腸紅醬焗烤飯 | G9: 19 | H9: 1805.7429 | I9: 95.039098 | J9: 0.15545577 | K9: 人數配置相同與人時生產性維持穩定
C10: 3 | D10: 二配西班牙風味海鮮燉飯 | G10: 20 | H10: 1805.5714 | I10: 90.278571 | J10: 0.11422124 | K10: 人數配置相同與人時生產性維持穩定
C11: 4 | D11: 二配哞哞培根奶香海陸焗飯 | G11: 23 | H11: 1805.273 | I11: 78.490129 | J11: -0.12422181 | K11: 人數配置相同與人時生產性維持穩定
C12: 5 | D12: 二配黃金雞排蘑菇白醬歐姆蛋飯 | G12: 23 | H12: 1805.1614 | I12: 78.485279 | J12: -0.076038389 | K12: 人數配置相同與人時生產性維持穩定
C13: ▼1 | D13: 糖燻野郎三十天熟成牛飯 | G13: 24 | H13: 1805.9263 | I13: 75.246927 | J13: 0.0023809524 | K13: 人數配置相同與人時生產性維持穩定
C14: ▼2 | D14: 日式鮭魚茶泡烤飯 | G14: 21 | H14: 1626.1478 | I14: 77.435609 | J14: 0.030612245 | K14: 人數配置相同與人時生產性維持穩定
C15: ▼3 | D15: 二配里肌豬排可可咖哩歐姆蛋飯 | G15: 23 | H15: 1803.7096 | I15: 78.422156 | J15: 0.07171085 | K15: 人數配置相同與人時生產性維持穩定
C16: ▼4
C17: ▼5
A18: 品群 | C18: 排名 | D18: 商品名 | G18: 人數 | H18: 產能 | I18: 人時生產性 | J18: 前週比 | K18: 主要原因&對策
A19: 6 | B19: 便當 | C19: 1 | D19: 香腸腿排雙拼便當 | G19: 20 | H19: 1805.7587 | I19: 90.287934 | J19: 0.099890711 | K19: 人數配置相同與人時生產性維持穩定
C20: 2 | D20: 懷舊滷雙拼便當 | G20: 20 | H20: 1805.5351 | I20: 90.276756 | J20: 0.15546104 | K20: 人數配置相同與人時生產性維持穩定
C21: 3 | D21: 蔬活腿排補力餐盒 | G21: 22 | H21: 1804.6757 | I21: 82.030715 | J21: 0.10012431 | K21: 人數配置相同與人時生產性維持穩定
C22: 4 | D22: 海陸雙拼肉肉餐盒 | G22: 23 | H22: 1807.0716 | I22: 78.56833 | J22: 0.14869013 | K22: 人數配置相同與人時生產性維持穩定
C23: 5 | D23: 烤蛋白餐盒 | G23: 23 | H23: 1803.4065 | I23: 78.408979 | J23: 0.079200024 | K23: 人數配置相同與人時生產性維持穩定
C24: ▼1 | D24: 香烤鱈魚輕蔬餐盒 | G24: 24 | H24: 1803.3312 | I24: 75.1388 | J24: 2.6461601 | K24: 人數配置相同與人時生產性維持穩定
C25: ▼2 | D25: 健身G肉餐盒 | G25: 24 | H25: 1804.2247 | I25: 75.176027 | J25: -0.0083333333 | K25: 人數配置相同與人時生產性維持穩定
C26: ▼3 | D26: 益活雞胸補力餐盒 | G26: 24 | H26: 1807.0361 | I26: 75.293171 | J26: 2.7392506 | K26: 人數配置相同與人時生產性維持穩定
C27: ▼4 | D27: 地中海布格麥烤魚餐盒 | G27: 24 | H27: 1808.2237 | I27: 75.342655 | J27: 0.086904762 | K27: 人數配置相同與人時生產性維持穩定
C28: ▼5
A29: （６）人時生產性前幾名品項(0901-0907)
A31: 品群 | B31: 1 | C31: 2 | D31: 3 | E31: 4 | F31: 5 | G31: 6 | H31: 7 | I31: 8 | J31: 9
B32: 18℃-飯糰 | C32: 18℃-壽司手卷 | D32: 4℃-飯糰 | E32: 4℃-壽司手卷 | F32: 微波主食 | G32: 便當 | H32: 熱食義麵 | I32: 季節調理麵 | J32: 微波小吃
A33: 品群 | C33: 排名 | D33: 商品名 | G33: 人數 | H33: 產能 | I33: 人時生產性 | J33: 前週比 | K33: 主要原因&對策
A34: 5 | B34: 微波主食 | C34: 1 | D34: 二配香烤魚排青醬燉飯 | G34: 17 | H34: 1806.1143 | I34: 106.24202 | J34: =I34-I8 -> 0.011764706
C35: 2 | D35: 二配濃起司燻腸紅醬焗烤飯 | G35: 19 | H35: 1806.0286 | I35: 95.054135 | J35: =I35-I9 -> 0.015037594
C36: 3 | D36: 二配西班牙風味海鮮燉飯 | G36: 20 | H36: 1805.9429 | I36: 90.297143 | J36: =I36-I10 -> 0.018571429
C37: 4 | D37: 二配哞哞培根奶香海陸焗飯 | G37: 23 | H37: 1805.0158 | I37: 78.478949 | J37: =I37-I11 -> -0.011180124
C38: 5 | D38: 二配里肌豬排可可咖哩歐姆蛋飯 | G38: 23 | H38: 1804.7381 | I38: 78.466876 | J38: =I38-I15 -> 0.044720497
C39: ▼1 | D39: 糖燻野郎三十天熟成牛飯 | G39: 24 | H39: 1806.3548 | I39: 75.264784 | J39: =I39-I13 -> 0.017857143
C40: ▼2 | D40: 日式鮭魚茶泡烤飯 | G40: 21 | H40: 1627.1764 | I40: 77.484588 | J40: =I40-I14 -> 0.048979592
C41: ▼3 | D41: 二配黃金雞排蘑菇白醬歐姆蛋飯 | G41: 23 | H41: 1804.19 | I41: 78.443043 | J41: =I41-I12 -> -0.042236025
C42: ▼4
C43: ▼5
A44: 品群 | C44: 排名 | D44: 商品名 | G44: 人數 | H44: 產能 | I44: 人時生產性 | J44: 前週比 | K44: 主要原因&對策
A45: 6 | B45: 便當 | C45: 1 | D45: 香腸腿排雙拼便當 | G45: 20 | H45: 1805.1015 | I45: 90.255077 | J45: =I45-I19 -> -0.032857143
C46: 2 | D46: 懷舊滷雙拼便當 | G46: 20 | H46: 1804.2494 | I46: 90.21247 | J46: =I46-I20 -> -0.064285714
C47: 3 | D47: 蔬活腿排補力餐盒 | G47: 22 | H47: 1805.39 | I47: 82.063183 | J47: =I47-I21 -> 0.032467532
C48: 4 | D48: 海陸雙拼肉肉餐盒 | G48: 23 | H48: 1808.1877 | I48: 78.616858 | J48: =I48-I22 -> 0.048527542
C49: 5 | D49: 烤蛋白餐盒 | G49: 23 | H49: 1805.2922 | I49: 78.490967 | J49: =I49-I23 -> 0.081987578
C50: ▼1 | D50: 香烤鱈魚輕蔬餐盒 | G50: 24 | H50: 1802.1598 | I50: 75.089991 | J50: =I50-I24 -> -0.048809524
C51: ▼2 | D51: 健身G肉餐盒 | G51: 24 | H51: 1803.0703 | I51: 75.127931 | J51: =I51-I25 -> -0.048096319
C52: ▼3 | D52: 益活雞胸補力餐盒 | G52: 24 | H52: 1806.0361 | I52: 75.251505 | J52: =I52-I26 -> -0.041666667
C53: ▼4 | D53: 地中海布格麥烤魚餐盒 | G53: 24 | H53: 1808.7003 | I53: 75.362512 | J53: =I53-I27 -> 0.019857242
C54: ▼5
A55: （６）人時生產性前幾名品項(0908-0914)
A57: 品群 | B57: 1 | C57: 2 | D57: 3 | E57: 4 | F57: 5 | G57: 6 | H57: 7 | I57: 8 | J57: 9
B58: 18℃-飯糰 | C58: 18℃-壽司手卷 | D58: 4℃-飯糰 | E58: 4℃-壽司手卷 | F58: 微波主食 | G58: 便當 | H58: 熱食義麵 | I58: 季節調理麵 | J58: 微波小吃
A59: 品群 | C59: 排名 | D59: 商品名 | G59: 人數 | H59: 產能 | I59: 人時生產性 | J59: 前週比 | K59: 主要原因&對策
A60: 5 | B60: 微波主食 | C60: 1 | J60: =I60-I35 -> -95.054135
C61: 2
C62: 3 | J62: =I62-I36 -> -90.297143
C63: 4 | J63: =I63-I37 -> -78.478949
C64: 5 | J64: =I64-I38 -> -78.466876
C65: ▼1 | J65: =I65-I39 -> -75.264784
C66: ▼2 | J66: =I66-I40 -> -77.484588
C67: ▼3 | J67: =I67-I41 -> -78.443043
C68: ▼4 | J68: =I68-I42 -> 0
C69: ▼5
A70: 品群 | C70: 排名 | D70: 商品名 | G70: 人數 | H70: 產能 | I70: 人時生產性 | J70: 前週比 | K70: 主要原因&對策
A71: 6 | B71: 便當 | C71: 1 | J71: =I71-I45 -> -90.255077
C72: 2 | J72: =I72-I46 -> -90.21247
C73: 3 | J73: =I73-I47 -> -82.063183
C74: 4 | J74: =I74-I48 -> -78.616858
C75: 5 | J75: =I75-I49 -> -78.490967
C76: ▼1 | J76: =I76-I50 -> -75.089991
C77: ▼2
C78: ▼3 | J78: =I78-I51 -> -75.127931
C79: ▼4 | J79: =I79-I52 -> -75.251505
C80: ▼5 | J80: =I80-I53 -> -75.362512

Sheet 生產管理報表 6-4
A1: 生產管理報表
A3: （６）人時生產性前幾名品項(0825-0831)
A5: 品群 | B5: 1 | C5: 2 | D5: 3 | E5: 4 | F5: 5 | G5: 6 | H5: 7 | I5: 8 | J5: 9
B6: 18℃-飯糰 | C6: 18℃-壽司手卷 | D6: 4℃-飯糰 | E6: 4℃-壽司手卷 | F6: 主食 | G6: 便當 | H6: 熱食義麵 | I6: 季節調理麵 | J6: 微波小吃
A7: 品群 | C7: 排名 | D7: 商品名 | G7: 人數 | H7: 產能 | I7: 人時生產性 | J7: 前週比 | K7: 主要原因&對策
A8: 7 | B8: 熱食義麵 | C8: 1
C9: 2
C10: 3
C11: 4
C12: 5
C13: ▼1
C14: ▼2
C15: ▼3
C16: ▼4
C17: ▼5
A18: 品群 | C18: 排名 | D18: 商品名 | G18: 人數 | H18: 產能 | I18: 人時生產性 | J18: 前週比 | K18: 主要原因&對策
A19: 8 | B19: 季節調理麵 | C19: 1 | D19: 和風涓絲冷麵 | G19: 18 | H19: 3194.2829 | I19: 177.46016 | J19: 0.10092429 | K19: 人數配置相同與人時生產性維持穩定
C20: 2 | D20: 嘉義崇文白醋涼麵 | G20: 18 | H20: 3193.189 | I20: 177.39939 | J20: 0.035891823 | K20: 人數配置相同與人時生產性維持穩定
C21: 3 | D21: 大滿足香辣涼麵 | G21: 19 | H21: 3267.6686 | I21: 171.98256 | J21: 6.0823873 | K21: 切換膜料,不用人工貼促銷標
C22: 4 | D22: 日式蕎麥沾麵 | G22: 19 | H22: 3265.3896 | I22: 171.86261 | J22: -0.035733784 | K22: 人數配置相同與人時生產性維持穩定
C23: 5 | D23: 大滿足麻醬涼麵 | G23: 20 | H23: 3270.24 | I23: 163.512 | J23: 5.6111584 | K23: 切換膜料,不用人工貼促銷標
C24: ▼1 | D24: 日式胡麻雞絲冷麵 | G24: 23 | H24: 3263.4451 | I24: 141.88892 | J24: -0.044142617 | K24: 人數配置相同與人時生產性維持穩定
C25: ▼2 | D25: 招牌雞絲胡麻涼麵 | G25: 23 | H25: 3270.0827 | I25: 142.17751 | J25: 0.12298137 | K25: 人數配置相同與人時生產性維持穩定
C26: ▼3 | D26: 韓式泡菜冷麵 | G26: 21 | H26: 3193.4587 | I26: 152.06946 | J26: 0.043636878 | K26: 人數配置相同與人時生產性維持穩定
C27: ▼4
C28: ▼5
A29: （６）人時生產性前幾名品項(0901-0907)
A31: 品群 | B31: 1 | C31: 2 | D31: 3 | E31: 4 | F31: 5 | G31: 6 | H31: 7 | I31: 8 | J31: 9
B32: 18℃-飯糰 | C32: 18℃-壽司手卷 | D32: 4℃-飯糰 | E32: 4℃-壽司手卷 | F32: 主食 | G32: 便當 | H32: 熱食義麵 | I32: 季節調理麵 | J32: 微波小吃
A33: 品群 | C33: 排名 | D33: 商品名 | G33: 人數 | H33: 產能 | I33: 人時生產性 | J33: 前週比 | K33: 主要原因&對策
A34: 7 | B34: 熱食義麵 | C34: 1
C35: 2
C36: 3
C37: 4
C38: 5
C39: ▼1
C40: ▼2
C41: ▼3
C42: ▼4
C43: ▼5
A44: 品群 | C44: 排名 | D44: 商品名 | G44: 人數 | H44: 產能 | I44: 人時生產性 | J44: 前週比 | K44: 主要原因&對策
A45: 8 | B45: 季節調理麵 | C45: 1 | D45: 和風涓絲冷麵 | G45: 18 | H45: 3193.0265 | I45: 177.39036 | J45: =I45-I19 -> -0.06979874
C46: 2 | D46: 大滿足香辣涼麵 | G46: 19 | H46: 3264.6343 | I46: 171.82286 | J46: =I46-I21 -> -0.15969925
